seed,cenario,sample,y_true,y_pred,prob_0,prob_1
7,MobileNet_Original + MobileNet_RecPlot,0,0,0,0.7052079439163208,0.2947920560836792
7,MobileNet_Original + MobileNet_RecPlot,1,0,0,0.6375300884246826,0.36246997117996216
7,MobileNet_Original + MobileNet_RecPlot,2,0,0,0.9469742774963379,0.05302570015192032
7,MobileNet_Original + MobileNet_RecPlot,3,0,0,0.9316847324371338,0.06831526756286621
7,MobileNet_Original + MobileNet_RecPlot,4,0,0,0.9423816204071045,0.057618398219347
7,MobileNet_Original + MobileNet_RecPlot,5,0,0,0.8943275809288025,0.1056724414229393
7,MobileNet_Original + MobileNet_RecPlot,6,0,0,0.9227817058563232,0.07721826434135437
7,MobileNet_Original + MobileNet_RecPlot,7,0,0,0.9660705924034119,0.033929407596588135
7,MobileNet_Original + MobileNet_RecPlot,8,0,0,0.9957590699195862,0.004240954760462046
7,MobileNet_Original + MobileNet_RecPlot,9,0,0,0.9336034655570984,0.066396564245224
7,MobileNet_Original + MobileNet_RecPlot,10,0,0,0.614601731300354,0.385398268699646
7,MobileNet_Original + MobileNet_RecPlot,11,0,0,0.9564526677131653,0.04354732483625412
7,MobileNet_Original + MobileNet_RecPlot,12,0,0,0.8806114196777344,0.11938855051994324
7,MobileNet_Original + MobileNet_RecPlot,13,0,0,0.9095969200134277,0.09040309488773346
7,MobileNet_Original + MobileNet_RecPlot,14,0,0,0.9038947820663452,0.09610521793365479
7,MobileNet_Original + MobileNet_RecPlot,15,0,0,0.9331833124160767,0.06681667268276215
7,MobileNet_Original + MobileNet_RecPlot,16,0,0,0.7272258996963501,0.2727741301059723
7,MobileNet_Original + MobileNet_RecPlot,17,0,0,0.8946693539619446,0.1053306832909584
7,MobileNet_Original + MobileNet_RecPlot,18,0,0,0.8462368845939636,0.15376311540603638
7,MobileNet_Original + MobileNet_RecPlot,19,0,0,0.860317587852478,0.13968245685100555
7,MobileNet_Original + MobileNet_RecPlot,20,0,0,0.9008851051330566,0.09911493211984634
7,MobileNet_Original + MobileNet_RecPlot,21,0,0,0.9034994840621948,0.09650051593780518
7,MobileNet_Original + MobileNet_RecPlot,22,1,1,0.05336109548807144,0.9466388821601868
7,MobileNet_Original + MobileNet_RecPlot,23,1,1,0.008368193171918392,0.991631805896759
7,MobileNet_Original + MobileNet_RecPlot,24,1,1,0.014793576672673225,0.9852064251899719
7,MobileNet_Original + MobileNet_RecPlot,25,1,1,0.22951893508434296,0.7704809904098511
7,MobileNet_Original + MobileNet_RecPlot,26,1,1,0.337703138589859,0.6622968912124634
7,MobileNet_Original + MobileNet_RecPlot,27,1,1,0.08558759093284607,0.9144123792648315
7,MobileNet_Original + MobileNet_RecPlot,28,1,1,0.23238466680049896,0.7676153779029846
7,MobileNet_Original + MobileNet_RecPlot,29,1,1,0.07871101796627045,0.9212889671325684
7,MobileNet_Original + MobileNet_RecPlot,30,1,1,0.03564814478158951,0.9643518924713135
7,MobileNet_Original + MobileNet_RecPlot,31,1,1,0.08245231211185455,0.9175477027893066
7,MobileNet_Original + EffNet_Original,0,0,0,0.9547766447067261,0.04522334039211273
7,MobileNet_Original + EffNet_Original,1,0,0,0.6683781147003174,0.3316219449043274
7,MobileNet_Original + EffNet_Original,2,0,0,0.937739908695221,0.06226010620594025
7,MobileNet_Original + EffNet_Original,3,0,0,0.9820234775543213,0.017976535484194756
7,MobileNet_Original + EffNet_Original,4,0,0,0.854560136795044,0.14543986320495605
7,MobileNet_Original + EffNet_Original,5,0,0,0.9114638566970825,0.08853612095117569
7,MobileNet_Original + EffNet_Original,6,0,0,0.9260441064834595,0.07395588606595993
7,MobileNet_Original + EffNet_Original,7,0,0,0.577176570892334,0.422823429107666
7,MobileNet_Original + EffNet_Original,8,0,0,0.9886998534202576,0.011300117708742619
7,MobileNet_Original + EffNet_Original,9,0,0,0.8250744342803955,0.1749255657196045
7,MobileNet_Original + EffNet_Original,10,0,0,0.7819229960441589,0.21807703375816345
7,MobileNet_Original + EffNet_Original,11,0,0,0.6491227746009827,0.3508772552013397
7,MobileNet_Original + EffNet_Original,12,0,0,0.9142810106277466,0.08571895956993103
7,MobileNet_Original + EffNet_Original,13,0,0,0.8339502215385437,0.1660498082637787
7,MobileNet_Original + EffNet_Original,14,0,0,0.6417096853256226,0.35829034447669983
7,MobileNet_Original + EffNet_Original,15,0,0,0.8201747536659241,0.17982527613639832
7,MobileNet_Original + EffNet_Original,16,0,0,0.9518197774887085,0.048180170357227325
7,MobileNet_Original + EffNet_Original,17,0,0,0.7661342620849609,0.23386570811271667
7,MobileNet_Original + EffNet_Original,18,0,0,0.7242124676704407,0.2757875323295593
7,MobileNet_Original + EffNet_Original,19,0,0,0.8886555433273315,0.11134446412324905
7,MobileNet_Original + EffNet_Original,20,0,0,0.5887899994850159,0.41121000051498413
7,MobileNet_Original + EffNet_Original,21,0,0,0.6789954900741577,0.3210045397281647
7,MobileNet_Original + EffNet_Original,22,1,1,0.010641840286552906,0.9893581867218018
7,MobileNet_Original + EffNet_Original,23,1,1,0.0031503804493695498,0.9968495965003967
7,MobileNet_Original + EffNet_Original,24,1,1,0.0008021470857784152,0.9991978406906128
7,MobileNet_Original + EffNet_Original,25,1,1,0.0028912550769746304,0.9971087574958801
7,MobileNet_Original + EffNet_Original,26,1,1,0.00028631064924411476,0.9997137188911438
7,MobileNet_Original + EffNet_Original,27,1,1,0.05228916555643082,0.9477108716964722
7,MobileNet_Original + EffNet_Original,28,1,1,0.2714872360229492,0.7285128235816956
7,MobileNet_Original + EffNet_Original,29,1,1,0.15038923919200897,0.8496108055114746
7,MobileNet_Original + EffNet_Original,30,1,1,0.015147330239415169,0.98485267162323
7,MobileNet_Original + EffNet_Original,31,1,1,0.020438771694898605,0.9795612096786499
7,MobileNet_Original + EffNet_RecPlot,0,0,0,0.8130111694335938,0.18698884546756744
7,MobileNet_Original + EffNet_RecPlot,1,0,1,0.4495277404785156,0.5504722595214844
7,MobileNet_Original + EffNet_RecPlot,2,0,0,0.9438396096229553,0.05616037920117378
7,MobileNet_Original + EffNet_RecPlot,3,0,0,0.988533616065979,0.011466355994343758
7,MobileNet_Original + EffNet_RecPlot,4,0,0,0.973347544670105,0.026652440428733826
7,MobileNet_Original + EffNet_RecPlot,5,0,0,0.9441832304000854,0.05581676587462425
7,MobileNet_Original + EffNet_RecPlot,6,0,0,0.9790229201316833,0.020977064967155457
7,MobileNet_Original + EffNet_RecPlot,7,0,0,0.9703580141067505,0.02964201010763645
7,MobileNet_Original + EffNet_RecPlot,8,0,0,0.9937417507171631,0.0062582301907241344
7,MobileNet_Original + EffNet_RecPlot,9,0,0,0.8926111459732056,0.10738883167505264
7,MobileNet_Original + EffNet_RecPlot,10,0,0,0.8658079504966736,0.13419204950332642
7,MobileNet_Original + EffNet_RecPlot,11,0,0,0.9597170948982239,0.04028288275003433
7,MobileNet_Original + EffNet_RecPlot,12,0,0,0.7919371128082275,0.20806287229061127
7,MobileNet_Original + EffNet_RecPlot,13,0,0,0.9760452508926392,0.023954764008522034
7,MobileNet_Original + EffNet_RecPlot,14,0,0,0.9656656384468079,0.034334369003772736
7,MobileNet_Original + EffNet_RecPlot,15,0,0,0.9743000268936157,0.02570001408457756
7,MobileNet_Original + EffNet_RecPlot,16,0,0,0.9375908970832825,0.062409162521362305
7,MobileNet_Original + EffNet_RecPlot,17,0,0,0.8715775609016418,0.12842245399951935
7,MobileNet_Original + EffNet_RecPlot,18,0,0,0.8833063244819641,0.1166936457157135
7,MobileNet_Original + EffNet_RecPlot,19,0,0,0.9723349213600159,0.02766510471701622
7,MobileNet_Original + EffNet_RecPlot,20,0,0,0.8971991539001465,0.10280082374811172
7,MobileNet_Original + EffNet_RecPlot,21,0,0,0.639666736125946,0.36033329367637634
7,MobileNet_Original + EffNet_RecPlot,22,1,1,0.06588767468929291,0.9341123104095459
7,MobileNet_Original + EffNet_RecPlot,23,1,1,0.003241943195462227,0.9967580437660217
7,MobileNet_Original + EffNet_RecPlot,24,1,1,0.0013419820461422205,0.9986580014228821
7,MobileNet_Original + EffNet_RecPlot,25,1,1,0.0016905412776395679,0.9983094930648804
7,MobileNet_Original + EffNet_RecPlot,26,1,1,0.47929155826568604,0.520708441734314
7,MobileNet_Original + EffNet_RecPlot,27,1,1,0.047997817397117615,0.952002227306366
7,MobileNet_Original + EffNet_RecPlot,28,1,1,0.21472203731536865,0.7852779626846313
7,MobileNet_Original + EffNet_RecPlot,29,1,1,0.1071077436208725,0.8928922414779663
7,MobileNet_Original + EffNet_RecPlot,30,1,1,0.01344614289700985,0.9865538477897644
7,MobileNet_Original + EffNet_RecPlot,31,1,1,0.008167976513504982,0.9918320178985596
7,MobileNet_RecPlot + EffNet_Original,0,0,0,0.7108614444732666,0.2891386151313782
7,MobileNet_RecPlot + EffNet_Original,1,0,0,0.6736494898796082,0.32635053992271423
7,MobileNet_RecPlot + EffNet_Original,2,0,0,0.9856216907501221,0.014378287829458714
7,MobileNet_RecPlot + EffNet_Original,3,0,0,0.9307260513305664,0.0692739263176918
7,MobileNet_RecPlot + EffNet_Original,4,0,0,0.8490297794342041,0.15097028017044067
7,MobileNet_RecPlot + EffNet_Original,5,0,0,0.8222203254699707,0.1777796447277069
7,MobileNet_RecPlot + EffNet_Original,6,0,0,0.8883979320526123,0.11160209029912949
7,MobileNet_RecPlot + EffNet_Original,7,0,0,0.6017671823501587,0.3982328176498413
7,MobileNet_RecPlot + EffNet_Original,8,0,0,0.9847288131713867,0.015271158888936043
7,MobileNet_RecPlot + EffNet_Original,9,0,0,0.8054991960525513,0.19450081884860992
7,MobileNet_RecPlot + EffNet_Original,10,0,0,0.5368409156799316,0.46315914392471313
7,MobileNet_RecPlot + EffNet_Original,11,0,0,0.6840993762016296,0.315900593996048
7,MobileNet_RecPlot + EffNet_Original,12,0,0,0.8402815461158752,0.15971845388412476
7,MobileNet_RecPlot + EffNet_Original,13,0,0,0.7907147407531738,0.20928525924682617
7,MobileNet_RecPlot + EffNet_Original,14,0,0,0.5775021910667419,0.42249783873558044
7,MobileNet_RecPlot + EffNet_Original,15,0,0,0.8034275770187378,0.1965724378824234
7,MobileNet_RecPlot + EffNet_Original,16,0,0,0.6932600736618042,0.3067398965358734
7,MobileNet_RecPlot + EffNet_Original,17,0,0,0.8234552145004272,0.17654477059841156
7,MobileNet_RecPlot + EffNet_Original,18,0,0,0.7333364486694336,0.2666635811328888
7,MobileNet_RecPlot + EffNet_Original,19,0,0,0.7958410978317261,0.2041589319705963
7,MobileNet_RecPlot + EffNet_Original,20,0,0,0.6822221279144287,0.3177778422832489
7,MobileNet_RecPlot + EffNet_Original,21,0,0,0.7030617594718933,0.2969382107257843
7,MobileNet_RecPlot + EffNet_Original,22,1,1,0.043738093227148056,0.956261932849884
7,MobileNet_RecPlot + EffNet_Original,23,1,1,0.005684315226972103,0.9943156838417053
7,MobileNet_RecPlot + EffNet_Original,24,1,1,0.01429403480142355,0.9857059121131897
7,MobileNet_RecPlot + EffNet_Original,25,1,1,0.23124530911445618,0.7687547206878662
7,MobileNet_RecPlot + EffNet_Original,26,1,1,0.33753737807273865,0.662462592124939
7,MobileNet_RecPlot + EffNet_Original,27,1,1,0.042466264218091965,0.9575337171554565
7,MobileNet_RecPlot + EffNet_Original,28,1,1,0.10043495893478394,0.8995651006698608
7,MobileNet_RecPlot + EffNet_Original,29,1,1,0.1428995430469513,0.8571004867553711
7,MobileNet_RecPlot + EffNet_Original,30,1,1,0.026026526466012,0.9739734530448914
7,MobileNet_RecPlot + EffNet_Original,31,1,1,0.09590424597263336,0.9040957689285278
7,MobileNet_RecPlot + EffNet_RecPlot,0,0,0,0.5690959095954895,0.4309040904045105
7,MobileNet_RecPlot + EffNet_RecPlot,1,0,1,0.4547991454601288,0.5452008247375488
7,MobileNet_RecPlot + EffNet_RecPlot,2,0,0,0.9917214512825012,0.008278564549982548
7,MobileNet_RecPlot + EffNet_RecPlot,3,0,0,0.9372362494468689,0.0627637580037117
7,MobileNet_RecPlot + EffNet_RecPlot,4,0,0,0.9678171277046204,0.03218286111950874
7,MobileNet_RecPlot + EffNet_RecPlot,5,0,0,0.8549396991729736,0.14506030082702637
7,MobileNet_RecPlot + EffNet_RecPlot,6,0,0,0.9413767457008362,0.05862327292561531
7,MobileNet_RecPlot + EffNet_RecPlot,7,0,0,0.9949486255645752,0.005051375366747379
7,MobileNet_RecPlot + EffNet_RecPlot,8,0,0,0.9897707104682922,0.010229270905256271
7,MobileNet_RecPlot + EffNet_RecPlot,9,0,0,0.8730359077453613,0.12696407735347748
7,MobileNet_RecPlot + EffNet_RecPlot,10,0,0,0.6207258701324463,0.3792741298675537
7,MobileNet_RecPlot + EffNet_RecPlot,11,0,0,0.9946937561035156,0.005306254141032696
7,MobileNet_RecPlot + EffNet_RecPlot,12,0,0,0.7179376482963562,0.2820623815059662
7,MobileNet_RecPlot + EffNet_RecPlot,13,0,0,0.9328097701072693,0.06719022989273071
7,MobileNet_RecPlot + EffNet_RecPlot,14,0,0,0.9014581441879272,0.09854187071323395
7,MobileNet_RecPlot + EffNet_RecPlot,15,0,0,0.9575528502464294,0.04244716465473175
7,MobileNet_RecPlot + EffNet_RecPlot,16,0,0,0.6790311336517334,0.320968896150589
7,MobileNet_RecPlot + EffNet_RecPlot,17,0,0,0.9288985133171082,0.07110152393579483
7,MobileNet_RecPlot + EffNet_RecPlot,18,0,0,0.892430305480957,0.10756967961788177
7,MobileNet_RecPlot + EffNet_RecPlot,19,0,0,0.8795204758644104,0.12047957628965378
7,MobileNet_RecPlot + EffNet_RecPlot,20,0,0,0.9906313419342041,0.009368669241666794
7,MobileNet_RecPlot + EffNet_RecPlot,21,0,0,0.6637330055236816,0.33626696467399597
7,MobileNet_RecPlot + EffNet_RecPlot,22,1,1,0.09898392111063004,0.9010160565376282
7,MobileNet_RecPlot + EffNet_RecPlot,23,1,1,0.005775878671556711,0.9942241311073303
7,MobileNet_RecPlot + EffNet_RecPlot,24,1,1,0.01483386941254139,0.985166072845459
7,MobileNet_RecPlot + EffNet_RecPlot,25,1,1,0.23004458844661713,0.7699553966522217
7,MobileNet_RecPlot + EffNet_RecPlot,26,1,0,0.8165426254272461,0.1834573745727539
7,MobileNet_RecPlot + EffNet_RecPlot,27,1,1,0.03817491605877876,0.9618251323699951
7,MobileNet_RecPlot + EffNet_RecPlot,28,1,1,0.04366976395249367,0.9563301801681519
7,MobileNet_RecPlot + EffNet_RecPlot,29,1,1,0.09961804747581482,0.9003819227218628
7,MobileNet_RecPlot + EffNet_RecPlot,30,1,1,0.02432534098625183,0.9756746292114258
7,MobileNet_RecPlot + EffNet_RecPlot,31,1,1,0.08363344520330429,0.9163665771484375
7,EffNet_Original + EffNet_RecPlot,0,0,0,0.8186646699905396,0.18133538961410522
7,EffNet_Original + EffNet_RecPlot,1,0,1,0.48564717173576355,0.5143528580665588
7,EffNet_Original + EffNet_RecPlot,2,0,0,0.9824870228767395,0.017512965947389603
7,EffNet_Original + EffNet_RecPlot,3,0,0,0.9875749945640564,0.012425018474459648
7,EffNet_Original + EffNet_RecPlot,4,0,0,0.8799957036972046,0.1200043186545372
7,EffNet_Original + EffNet_RecPlot,5,0,0,0.8720760345458984,0.12792398035526276
7,EffNet_Original + EffNet_RecPlot,6,0,0,0.9446390867233276,0.05536089092493057
7,EffNet_Original + EffNet_RecPlot,7,0,0,0.6060546040534973,0.3939453959465027
7,EffNet_Original + EffNet_RecPlot,8,0,0,0.9827115535736084,0.017288435250520706
7,EffNet_Original + EffNet_RecPlot,9,0,0,0.7645069360733032,0.23549309372901917
7,EffNet_Original + EffNet_RecPlot,10,0,0,0.7880470752716064,0.21195292472839355
7,EffNet_Original + EffNet_RecPlot,11,0,0,0.6873638033866882,0.3126361668109894
7,EffNet_Original + EffNet_RecPlot,12,0,0,0.7516072392463684,0.24839279055595398
7,EffNet_Original + EffNet_RecPlot,13,0,0,0.8571630716323853,0.14283692836761475
7,EffNet_Original + EffNet_RecPlot,14,0,0,0.6392730474472046,0.3607269823551178
7,EffNet_Original + EffNet_RecPlot,15,0,0,0.8445442914962769,0.15545576810836792
7,EffNet_Original + EffNet_RecPlot,16,0,0,0.9036250114440918,0.09637492150068283
7,EffNet_Original + EffNet_RecPlot,17,0,0,0.8003634214401245,0.1996365487575531
7,EffNet_Original + EffNet_RecPlot,18,0,0,0.7704058885574341,0.22959411144256592
7,EffNet_Original + EffNet_RecPlot,19,0,0,0.9078584313392639,0.09214158356189728
7,EffNet_Original + EffNet_RecPlot,20,0,0,0.6785362958908081,0.3214637339115143
7,EffNet_Original + EffNet_RecPlot,21,0,1,0.43922898173332214,0.5607709884643555
7,EffNet_Original + EffNet_RecPlot,22,1,1,0.056264668703079224,0.9437353610992432
7,EffNet_Original + EffNet_RecPlot,23,1,1,0.0005580661818385124,0.9994419813156128
7,EffNet_Original + EffNet_RecPlot,24,1,1,0.0008424423867836595,0.9991576075553894
7,EffNet_Original + EffNet_RecPlot,25,1,1,0.003416877007111907,0.996583104133606
7,EffNet_Original + EffNet_RecPlot,26,1,1,0.47912582755088806,0.5208741426467896
7,EffNet_Original + EffNet_RecPlot,27,1,1,0.00487648556008935,0.9951235055923462
7,EffNet_Original + EffNet_RecPlot,28,1,1,0.08277231454849243,0.9172276258468628
7,EffNet_Original + EffNet_RecPlot,29,1,1,0.17129626870155334,0.828703761100769
7,EffNet_Original + EffNet_RecPlot,30,1,1,0.0038245266769081354,0.9961754679679871
7,EffNet_Original + EffNet_RecPlot,31,1,1,0.02161990851163864,0.9783800840377808
7,MobileNet_Original + MobileNet_Original,0,0,0,0.949123203754425,0.05087679252028465
7,MobileNet_Original + MobileNet_Original,1,0,0,0.6322586536407471,0.3677413761615753
7,MobileNet_Original + MobileNet_Original,2,0,0,0.8990924954414368,0.10090751945972443
7,MobileNet_Original + MobileNet_Original,3,0,0,0.9829820990562439,0.017017871141433716
7,MobileNet_Original + MobileNet_Original,4,0,0,0.9479120373725891,0.05208797752857208
7,MobileNet_Original + MobileNet_Original,5,0,0,0.9835711121559143,0.016428910195827484
7,MobileNet_Original + MobileNet_Original,6,0,0,0.9604279398918152,0.039572056382894516
7,MobileNet_Original + MobileNet_Original,7,0,0,0.9414799809455872,0.05852004140615463
7,MobileNet_Original + MobileNet_Original,8,0,0,0.999730110168457,0.00026991270715370774
7,MobileNet_Original + MobileNet_Original,9,0,0,0.9531787037849426,0.04682131111621857
7,MobileNet_Original + MobileNet_Original,10,0,0,0.8596838712692261,0.1403161585330963
7,MobileNet_Original + MobileNet_Original,11,0,0,0.9214760661125183,0.07852395623922348
7,MobileNet_Original + MobileNet_Original,12,0,0,0.9546109437942505,0.04538906738162041
7,MobileNet_Original + MobileNet_Original,13,0,0,0.9528324007987976,0.04716762155294418
7,MobileNet_Original + MobileNet_Original,14,0,0,0.9681022763252258,0.031897712498903275
7,MobileNet_Original + MobileNet_Original,15,0,0,0.9499304890632629,0.050069522112607956
7,MobileNet_Original + MobileNet_Original,16,0,0,0.9857855439186096,0.014214398339390755
7,MobileNet_Original + MobileNet_Original,17,0,0,0.8373484015464783,0.16265161335468292
7,MobileNet_Original + MobileNet_Original,18,0,0,0.8371129035949707,0.1628870666027069
7,MobileNet_Original + MobileNet_Original,19,0,0,0.9531320333480835,0.0468679815530777
7,MobileNet_Original + MobileNet_Original,20,0,0,0.807452917098999,0.19254708290100098
7,MobileNet_Original + MobileNet_Original,21,0,0,0.8794330954551697,0.12056683748960495
7,MobileNet_Original + MobileNet_Original,22,1,1,0.020264845341444016,0.9797351360321045
7,MobileNet_Original + MobileNet_Original,23,1,1,0.005834257695823908,0.9941657185554504
7,MobileNet_Original + MobileNet_Original,24,1,1,0.001301686861552298,0.9986982941627502
7,MobileNet_Original + MobileNet_Original,25,1,1,0.0011649193475022912,0.998835027217865
7,MobileNet_Original + MobileNet_Original,26,1,1,0.0004520514630712569,0.9995479583740234
7,MobileNet_Original + MobileNet_Original,27,1,1,0.09541049599647522,0.9045895338058472
7,MobileNet_Original + MobileNet_Original,28,1,1,0.40343692898750305,0.5965631008148193
7,MobileNet_Original + MobileNet_Original,29,1,1,0.08620070666074753,0.9137992858886719
7,MobileNet_Original + MobileNet_Original,30,1,1,0.024768946692347527,0.9752310514450073
7,MobileNet_Original + MobileNet_Original,31,1,1,0.006986839696764946,0.9930132031440735
7,MobileNet_RecPlot + MobileNet_RecPlot,0,0,1,0.46129271388053894,0.5387073159217834
7,MobileNet_RecPlot + MobileNet_RecPlot,1,0,0,0.6428014636039734,0.3571985363960266
7,MobileNet_RecPlot + MobileNet_RecPlot,2,0,0,0.9948561191558838,0.005143885035067797
7,MobileNet_RecPlot + MobileNet_RecPlot,3,0,0,0.8803873658180237,0.1196126639842987
7,MobileNet_RecPlot + MobileNet_RecPlot,4,0,0,0.9368512034416199,0.06314881891012192
7,MobileNet_RecPlot + MobileNet_RecPlot,5,0,0,0.8050840497016907,0.1949159801006317
7,MobileNet_RecPlot + MobileNet_RecPlot,6,0,0,0.8851355314254761,0.11486446857452393
7,MobileNet_RecPlot + MobileNet_RecPlot,7,0,0,0.9906612038612366,0.009338770993053913
7,MobileNet_RecPlot + MobileNet_RecPlot,8,0,0,0.9917880296707153,0.008211996406316757
7,MobileNet_RecPlot + MobileNet_RecPlot,9,0,0,0.9140281677246094,0.08597180992364883
7,MobileNet_RecPlot + MobileNet_RecPlot,10,0,1,0.3695196509361267,0.6304803490638733
7,MobileNet_RecPlot + MobileNet_RecPlot,11,0,0,0.991429328918457,0.008570692501962185
7,MobileNet_RecPlot + MobileNet_RecPlot,12,0,0,0.806611955165863,0.19338804483413696
7,MobileNet_RecPlot + MobileNet_RecPlot,13,0,0,0.8663614392280579,0.13363856077194214
7,MobileNet_RecPlot + MobileNet_RecPlot,14,0,0,0.8396872878074646,0.1603127270936966
7,MobileNet_RecPlot + MobileNet_RecPlot,15,0,0,0.9164361953735352,0.08356382697820663
7,MobileNet_RecPlot + MobileNet_RecPlot,16,0,1,0.468666136264801,0.531333863735199
7,MobileNet_RecPlot + MobileNet_RecPlot,17,0,0,0.9519903063774109,0.04800974950194359
7,MobileNet_RecPlot + MobileNet_RecPlot,18,0,0,0.8553608655929565,0.14463914930820465
7,MobileNet_RecPlot + MobileNet_RecPlot,19,0,0,0.767503023147583,0.23249690234661102
7,MobileNet_RecPlot + MobileNet_RecPlot,20,0,0,0.9943172335624695,0.005682774819433689
7,MobileNet_RecPlot + MobileNet_RecPlot,21,0,0,0.9275658130645752,0.07243417948484421
7,MobileNet_RecPlot + MobileNet_RecPlot,22,1,1,0.08645734190940857,0.913542628288269
7,MobileNet_RecPlot + MobileNet_RecPlot,23,1,1,0.01090212818235159,0.9890978932380676
7,MobileNet_RecPlot + MobileNet_RecPlot,24,1,1,0.02828546240925789,0.9717144966125488
7,MobileNet_RecPlot + MobileNet_RecPlot,25,1,1,0.45787301659584045,0.5421270132064819
7,MobileNet_RecPlot + MobileNet_RecPlot,26,1,0,0.6749541759490967,0.32504579424858093
7,MobileNet_RecPlot + MobileNet_RecPlot,27,1,1,0.07576469331979752,0.9242352843284607
7,MobileNet_RecPlot + MobileNet_RecPlot,28,1,1,0.061332400888204575,0.9386676549911499
7,MobileNet_RecPlot + MobileNet_RecPlot,29,1,1,0.07122132927179337,0.9287786483764648
7,MobileNet_RecPlot + MobileNet_RecPlot,30,1,1,0.04652734100818634,0.9534726738929749
7,MobileNet_RecPlot + MobileNet_RecPlot,31,1,1,0.157917782664299,0.8420822620391846
7,EffNet_Original + EffNet_Original,0,0,0,0.9604301452636719,0.03956988826394081
7,EffNet_Original + EffNet_Original,1,0,0,0.7044975161552429,0.29550254344940186
7,EffNet_Original + EffNet_Original,2,0,0,0.9763873219490051,0.023612691089510918
7,EffNet_Original + EffNet_Original,3,0,0,0.9810647964477539,0.018935196101665497
7,EffNet_Original + EffNet_Original,4,0,0,0.7612082958221436,0.23879173398017883
7,EffNet_Original + EffNet_Original,5,0,0,0.8393567204475403,0.1606433391571045
7,EffNet_Original + EffNet_Original,6,0,0,0.8916602730751038,0.10833971202373505
7,EffNet_Original + EffNet_Original,7,0,1,0.2128731906414032,0.7871268391609192
7,EffNet_Original + EffNet_Original,8,0,0,0.9776696562767029,0.022330323234200478
7,EffNet_Original + EffNet_Original,9,0,0,0.6969702243804932,0.3030298352241516
7,EffNet_Original + EffNet_Original,10,0,0,0.7041621208190918,0.2958379089832306
7,EffNet_Original + EffNet_Original,11,0,1,0.37676945328712463,0.623230516910553
7,EffNet_Original + EffNet_Original,12,0,0,0.8739511370658875,0.12604886293411255
7,EffNet_Original + EffNet_Original,13,0,0,0.7150680422782898,0.2849319875240326
7,EffNet_Original + EffNet_Original,14,0,1,0.3153170943260193,0.6846829652786255
7,EffNet_Original + EffNet_Original,15,0,0,0.6904190182685852,0.30958104133605957
7,EffNet_Original + EffNet_Original,16,0,0,0.9178540706634521,0.08214595168828964
7,EffNet_Original + EffNet_Original,17,0,0,0.6949201822280884,0.30507978796958923
7,EffNet_Original + EffNet_Original,18,0,0,0.6113120317459106,0.38868799805641174
7,EffNet_Original + EffNet_Original,19,0,0,0.8241790533065796,0.1758209466934204
7,EffNet_Original + EffNet_Original,20,0,1,0.3701270818710327,0.6298729181289673
7,EffNet_Original + EffNet_Original,21,0,1,0.4785577356815338,0.5214422345161438
7,EffNet_Original + EffNet_Original,22,1,1,0.0010188353480771184,0.9989811778068542
7,EffNet_Original + EffNet_Original,23,1,1,0.00046650355216115713,0.9995335340499878
7,EffNet_Original + EffNet_Original,24,1,1,0.0003026073973160237,0.9996974468231201
7,EffNet_Original + EffNet_Original,25,1,1,0.004617591388523579,0.9953824281692505
7,EffNet_Original + EffNet_Original,26,1,1,0.00012056982814101502,0.9998794198036194
7,EffNet_Original + EffNet_Original,27,1,1,0.009167833253741264,0.9908321499824524
7,EffNet_Original + EffNet_Original,28,1,1,0.139537513256073,0.8604625463485718
7,EffNet_Original + EffNet_Original,29,1,1,0.21457776427268982,0.7854222655296326
7,EffNet_Original + EffNet_Original,30,1,1,0.005525713320821524,0.9944742918014526
7,EffNet_Original + EffNet_Original,31,1,1,0.033890705555677414,0.9661092758178711
7,EffNet_RecPlot + EffNet_RecPlot,0,0,0,0.6768991351127625,0.32310089468955994
7,EffNet_RecPlot + EffNet_RecPlot,1,0,1,0.2667968273162842,0.7332031726837158
7,EffNet_RecPlot + EffNet_RecPlot,2,0,0,0.9885867834091187,0.011413243599236012
7,EffNet_RecPlot + EffNet_RecPlot,3,0,0,0.9940851330757141,0.005914841778576374
7,EffNet_RecPlot + EffNet_RecPlot,4,0,0,0.9987831115722656,0.0012169049587100744
7,EffNet_RecPlot + EffNet_RecPlot,5,0,0,0.9047954082489014,0.09520462155342102
7,EffNet_RecPlot + EffNet_RecPlot,6,0,0,0.9976179003715515,0.00238207308575511
7,EffNet_RecPlot + EffNet_RecPlot,7,0,0,0.9992360472679138,0.0007639799732714891
7,EffNet_RecPlot + EffNet_RecPlot,8,0,0,0.9877534508705139,0.012246547266840935
7,EffNet_RecPlot + EffNet_RecPlot,9,0,0,0.8320437073707581,0.16795635223388672
7,EffNet_RecPlot + EffNet_RecPlot,10,0,0,0.8719320297241211,0.12806794047355652
7,EffNet_RecPlot + EffNet_RecPlot,11,0,0,0.9979581832885742,0.002041816245764494
7,EffNet_RecPlot + EffNet_RecPlot,12,0,0,0.6292632818222046,0.370736688375473
7,EffNet_RecPlot + EffNet_RecPlot,13,0,0,0.9992581009864807,0.0007419062894769013
7,EffNet_RecPlot + EffNet_RecPlot,14,0,0,0.9632290005683899,0.0367710217833519
7,EffNet_RecPlot + EffNet_RecPlot,15,0,0,0.9986695051193237,0.0013305041939020157
7,EffNet_RecPlot + EffNet_RecPlot,16,0,0,0.8893961310386658,0.11060392111539841
7,EffNet_RecPlot + EffNet_RecPlot,17,0,0,0.9058067202568054,0.09419330209493637
7,EffNet_RecPlot + EffNet_RecPlot,18,0,0,0.9294998049736023,0.07050022482872009
7,EffNet_RecPlot + EffNet_RecPlot,19,0,0,0.9915378093719482,0.008462226949632168
7,EffNet_RecPlot + EffNet_RecPlot,20,0,0,0.9869454503059387,0.013054562732577324
7,EffNet_RecPlot + EffNet_RecPlot,21,0,1,0.3999002277851105,0.6000997424125671
7,EffNet_RecPlot + EffNet_RecPlot,22,1,1,0.1115105003118515,0.8884894847869873
7,EffNet_RecPlot + EffNet_RecPlot,23,1,1,0.0006496288697235286,0.999350368976593
7,EffNet_RecPlot + EffNet_RecPlot,24,1,1,0.0013822773471474648,0.9986177682876587
7,EffNet_RecPlot + EffNet_RecPlot,25,1,1,0.0022161630913615227,0.9977838397026062
7,EffNet_RecPlot + EffNet_RecPlot,26,1,0,0.9581310749053955,0.04186896234750748
7,EffNet_RecPlot + EffNet_RecPlot,27,1,1,0.0005851377500221133,0.9994149208068848
7,EffNet_RecPlot + EffNet_RecPlot,28,1,1,0.026007134467363358,0.9739928841590881
7,EffNet_RecPlot + EffNet_RecPlot,29,1,1,0.12801477313041687,0.8719852566719055
7,EffNet_RecPlot + EffNet_RecPlot,30,1,1,0.0021233398001641035,0.9978766441345215
7,EffNet_RecPlot + EffNet_RecPlot,31,1,1,0.009349113330245018,0.9906508922576904
7,MobileNet_Original + MobileNet_RecPlot,32,1,1,0.21148450672626495,0.7885155081748962
7,MobileNet_Original + MobileNet_RecPlot,33,1,1,0.1973724216222763,0.8026275634765625
7,MobileNet_Original + MobileNet_RecPlot,34,1,1,0.045550547540187836,0.954449474811554
7,MobileNet_Original + MobileNet_RecPlot,35,1,1,0.236231729388237,0.7637683153152466
7,MobileNet_Original + MobileNet_RecPlot,36,1,1,0.11726394295692444,0.882736086845398
7,MobileNet_Original + MobileNet_RecPlot,37,1,1,0.010163597762584686,0.9898364543914795
7,MobileNet_Original + MobileNet_RecPlot,38,1,1,0.044377923011779785,0.9556220769882202
7,MobileNet_Original + MobileNet_RecPlot,39,1,1,0.010600444860756397,0.9893995523452759
7,MobileNet_Original + MobileNet_RecPlot,40,1,1,0.024970412254333496,0.9750295877456665
7,MobileNet_Original + MobileNet_RecPlot,41,1,1,0.006698204670101404,0.9933018088340759
7,MobileNet_Original + MobileNet_RecPlot,42,1,1,0.008625805377960205,0.991374135017395
7,MobileNet_Original + MobileNet_RecPlot,43,1,1,0.46001872420310974,0.5399813055992126
7,MobileNet_Original + MobileNet_RecPlot,44,1,1,0.006856275722384453,0.9931436777114868
7,MobileNet_Original + MobileNet_RecPlot,45,1,1,0.012815906666219234,0.9871841073036194
7,MobileNet_Original + EffNet_Original,32,1,1,0.006907253060489893,0.9930927753448486
7,MobileNet_Original + EffNet_Original,33,1,1,0.12246012687683105,0.877539873123169
7,MobileNet_Original + EffNet_Original,34,1,1,0.0013877447927370667,0.9986122846603394
7,MobileNet_Original + EffNet_Original,35,1,1,0.00311087048612535,0.9968891143798828
7,MobileNet_Original + EffNet_Original,36,1,1,0.012956753373146057,0.9870432615280151
7,MobileNet_Original + EffNet_Original,37,1,1,0.008025317452847958,0.9919747114181519
7,MobileNet_Original + EffNet_Original,38,1,1,0.03909271955490112,0.9609072804450989
7,MobileNet_Original + EffNet_Original,39,1,1,0.0017500383546575904,0.9982499480247498
7,MobileNet_Original + EffNet_Original,40,1,1,0.006544009782373905,0.9934560060501099
7,MobileNet_Original + EffNet_Original,41,1,1,0.004135438706725836,0.9958645701408386
7,MobileNet_Original + EffNet_Original,42,1,1,0.003308068960905075,0.9966919422149658
7,MobileNet_Original + EffNet_Original,43,1,1,0.020243287086486816,0.9797567129135132
7,MobileNet_Original + EffNet_Original,44,1,1,0.0015635403105989099,0.998436450958252
7,MobileNet_Original + EffNet_Original,45,1,1,0.0051294974982738495,0.9948704838752747
7,MobileNet_Original + EffNet_RecPlot,32,1,1,0.4802458584308624,0.51975417137146
7,MobileNet_Original + EffNet_RecPlot,33,1,1,0.12223245203495026,0.8777675628662109
7,MobileNet_Original + EffNet_RecPlot,34,1,1,0.49870288372039795,0.501297116279602
7,MobileNet_Original + EffNet_RecPlot,35,1,1,0.34837183356285095,0.6516281366348267
7,MobileNet_Original + EffNet_RecPlot,36,1,1,0.4426557719707489,0.5573441982269287
7,MobileNet_Original + EffNet_RecPlot,37,1,1,0.008591460064053535,0.9914085865020752
7,MobileNet_Original + EffNet_RecPlot,38,1,1,0.03462645411491394,0.9653735160827637
7,MobileNet_Original + EffNet_RecPlot,39,1,1,0.0029653669334948063,0.9970346689224243
7,MobileNet_Original + EffNet_RecPlot,40,1,1,0.0036025741137564182,0.9963973760604858
7,MobileNet_Original + EffNet_RecPlot,41,1,1,0.003137030638754368,0.9968630075454712
7,MobileNet_Original + EffNet_RecPlot,42,1,1,0.026392702013254166,0.9736073017120361
7,MobileNet_Original + EffNet_RecPlot,43,1,1,0.0072594815865159035,0.9927405118942261
7,MobileNet_Original + EffNet_RecPlot,44,1,1,0.002407955238595605,0.9975920915603638
7,MobileNet_Original + EffNet_RecPlot,45,1,1,0.0025692209601402283,0.9974308013916016
7,MobileNet_RecPlot + EffNet_Original,32,1,1,0.2053826004266739,0.7946174144744873
7,MobileNet_RecPlot + EffNet_Original,33,1,1,0.07959668338298798,0.9204033613204956
7,MobileNet_RecPlot + EffNet_Original,34,1,1,0.04677186533808708,0.9532281160354614
7,MobileNet_RecPlot + EffNet_Original,35,1,1,0.2369931936264038,0.7630068063735962
7,MobileNet_RecPlot + EffNet_Original,36,1,1,0.10547211021184921,0.8945279121398926
7,MobileNet_RecPlot + EffNet_Original,37,1,1,0.005486158188432455,0.9945138692855835
7,MobileNet_RecPlot + EffNet_Original,38,1,1,0.016410989686846733,0.9835890531539917
7,MobileNet_RecPlot + EffNet_Original,39,1,1,0.010561413131654263,0.9894385933876038
7,MobileNet_RecPlot + EffNet_Original,40,1,1,0.0275119598954916,0.9724880456924438
7,MobileNet_RecPlot + EffNet_Original,41,1,1,0.006902324501425028,0.9930976629257202
7,MobileNet_RecPlot + EffNet_Original,42,1,1,0.010163169354200363,0.9898368716239929
7,MobileNet_RecPlot + EffNet_Original,43,1,1,0.47153788805007935,0.5284621119499207
7,MobileNet_RecPlot + EffNet_Original,44,1,1,0.00786623079329729,0.9921337962150574
7,MobileNet_RecPlot + EffNet_Original,45,1,1,0.01662059873342514,0.9833794236183167
7,MobileNet_RecPlot + EffNet_RecPlot,32,1,0,0.6787211894989014,0.32127878069877625
7,MobileNet_RecPlot + EffNet_RecPlot,33,1,1,0.07936900854110718,0.9206309914588928
7,MobileNet_RecPlot + EffNet_RecPlot,34,1,0,0.5440869927406311,0.4559130072593689
7,MobileNet_RecPlot + EffNet_RecPlot,35,1,0,0.58225417137146,0.4177458882331848
7,MobileNet_RecPlot + EffNet_RecPlot,36,1,0,0.5351711511611938,0.46482884883880615
7,MobileNet_RecPlot + EffNet_RecPlot,37,1,1,0.00605230126529932,0.9939477443695068
7,MobileNet_RecPlot + EffNet_RecPlot,38,1,1,0.011944727040827274,0.9880552887916565
7,MobileNet_RecPlot + EffNet_RecPlot,39,1,1,0.011776741594076157,0.9882232546806335
7,MobileNet_RecPlot + EffNet_RecPlot,40,1,1,0.0245705246925354,0.9754295349121094
7,MobileNet_RecPlot + EffNet_RecPlot,41,1,1,0.005903916899114847,0.9940961003303528
7,MobileNet_RecPlot + EffNet_RecPlot,42,1,1,0.033247802406549454,0.9667522311210632
7,MobileNet_RecPlot + EffNet_RecPlot,43,1,1,0.45855408906936646,0.5414459109306335
7,MobileNet_RecPlot + EffNet_RecPlot,44,1,1,0.008710644207894802,0.9912893772125244
7,MobileNet_RecPlot + EffNet_RecPlot,45,1,1,0.014060321263968945,0.9859396815299988
7,EffNet_Original + EffNet_RecPlot,32,1,1,0.47414395213127136,0.525856077671051
7,EffNet_Original + EffNet_RecPlot,33,1,1,0.004456707742065191,0.9955432415008545
7,EffNet_Original + EffNet_RecPlot,34,1,1,0.4999242126941681,0.5000758171081543
7,EffNet_Original + EffNet_RecPlot,35,1,1,0.34913328289985657,0.650866687297821
7,EffNet_Original + EffNet_RecPlot,36,1,1,0.4308639466762543,0.5691360831260681
7,EffNet_Original + EffNet_RecPlot,37,1,1,0.003914021421223879,0.9960860013961792
7,EffNet_Original + EffNet_RecPlot,38,1,1,0.006659521721303463,0.9933404922485352
7,EffNet_Original + EffNet_RecPlot,39,1,1,0.0029263345059007406,0.9970736503601074
7,EffNet_Original + EffNet_RecPlot,40,1,1,0.006144121289253235,0.9938558340072632
7,EffNet_Original + EffNet_RecPlot,41,1,1,0.003341150702908635,0.9966588616371155
7,EffNet_Original + EffNet_RecPlot,42,1,1,0.027930065989494324,0.9720699787139893
7,EffNet_Original + EffNet_RecPlot,43,1,1,0.018778666853904724,0.9812213778495789
7,EffNet_Original + EffNet_RecPlot,44,1,1,0.0034179084468632936,0.9965820908546448
7,EffNet_Original + EffNet_RecPlot,45,1,1,0.00637391209602356,0.9936261177062988
7,MobileNet_Original + MobileNet_Original,32,1,1,0.01300915889441967,0.9869908690452576
7,MobileNet_Original + MobileNet_Original,33,1,1,0.24023586511611938,0.7597641348838806
7,MobileNet_Original + MobileNet_Original,34,1,1,0.00016642714035697281,0.9998335838317871
7,MobileNet_Original + MobileNet_Original,35,1,1,0.0023494174238294363,0.9976505637168884
7,MobileNet_Original + MobileNet_Original,36,1,1,0.024748584255576134,0.9752514362335205
7,MobileNet_Original + MobileNet_Original,37,1,1,0.012702756561338902,0.9872972965240479
7,MobileNet_Original + MobileNet_Original,38,1,1,0.06705965101718903,0.9329403638839722
7,MobileNet_Original + MobileNet_Original,39,1,1,0.0017890705494210124,0.9982109069824219
7,MobileNet_Original + MobileNet_Original,40,1,1,0.004002461675554514,0.9959975481033325
7,MobileNet_Original + MobileNet_Original,41,1,1,0.003931318409740925,0.9960687160491943
7,MobileNet_Original + MobileNet_Original,42,1,1,0.0017707051010802388,0.9982293248176575
7,MobileNet_Original + MobileNet_Original,43,1,1,0.008724100887775421,0.9912759065628052
7,MobileNet_Original + MobileNet_Original,44,1,1,0.0005535875097848475,0.999446451663971
7,MobileNet_Original + MobileNet_Original,45,1,1,0.0013248065952211618,0.9986751675605774
7,MobileNet_RecPlot + MobileNet_RecPlot,32,1,1,0.4099598526954651,0.5900401473045349
7,MobileNet_RecPlot + MobileNet_RecPlot,33,1,1,0.15450897812843323,0.8454909920692444
7,MobileNet_RecPlot + MobileNet_RecPlot,34,1,1,0.09093467146158218,0.9090653657913208
7,MobileNet_RecPlot + MobileNet_RecPlot,35,1,1,0.4701140522956848,0.52988600730896
7,MobileNet_RecPlot + MobileNet_RecPlot,36,1,1,0.209779292345047,0.7902206778526306
7,MobileNet_RecPlot + MobileNet_RecPlot,37,1,1,0.007624438032507896,0.9923755526542664
7,MobileNet_RecPlot + MobileNet_RecPlot,38,1,1,0.021696195006370544,0.978303849697113
7,MobileNet_RecPlot + MobileNet_RecPlot,39,1,1,0.01941182091832161,0.9805881977081299
7,MobileNet_RecPlot + MobileNet_RecPlot,40,1,1,0.045938361436128616,0.9540616273880005
7,MobileNet_RecPlot + MobileNet_RecPlot,41,1,1,0.009465090930461884,0.9905349016189575
7,MobileNet_RecPlot + MobileNet_RecPlot,42,1,1,0.015480906702578068,0.9845191240310669
7,MobileNet_RecPlot + MobileNet_RecPlot,43,1,0,0.9113133549690247,0.08868664503097534
7,MobileNet_RecPlot + MobileNet_RecPlot,44,1,1,0.013158965855836868,0.986841082572937
7,MobileNet_RecPlot + MobileNet_RecPlot,45,1,1,0.02430700697004795,0.9756929874420166
7,EffNet_Original + EffNet_Original,32,1,1,0.0008053469937294722,0.9991946816444397
7,EffNet_Original + EffNet_Original,33,1,1,0.004684383515268564,0.995315670967102
7,EffNet_Original + EffNet_Original,34,1,1,0.002609062474220991,0.9973909258842468
7,EffNet_Original + EffNet_Original,35,1,1,0.0038723235484212637,0.9961276650428772
7,EffNet_Original + EffNet_Original,36,1,1,0.0011649237712845206,0.998835027217865
7,EffNet_Original + EffNet_Original,37,1,1,0.00334787811152637,0.9966520667076111
7,EffNet_Original + EffNet_Original,38,1,1,0.011125784367322922,0.9888741970062256
7,EffNet_Original + EffNet_Original,39,1,1,0.0017110060434788465,0.9982889890670776
7,EffNet_Original + EffNet_Original,40,1,1,0.009085557423532009,0.9909144639968872
7,EffNet_Original + EffNet_Original,41,1,1,0.0043395585380494595,0.9956604242324829
7,EffNet_Original + EffNet_Original,42,1,1,0.004845432937145233,0.995154619216919
7,EffNet_Original + EffNet_Original,43,1,1,0.03176247328519821,0.968237578868866
7,EffNet_Original + EffNet_Original,44,1,1,0.0025734934024512768,0.9974265098571777
7,EffNet_Original + EffNet_Original,45,1,1,0.00893418863415718,0.9910658001899719
7,EffNet_RecPlot + EffNet_RecPlot,32,1,0,0.9474825859069824,0.05251742899417877
7,EffNet_RecPlot + EffNet_RecPlot,33,1,1,0.004229032900184393,0.9957709908485413
7,EffNet_RecPlot + EffNet_RecPlot,34,1,0,0.997239351272583,0.0027606768999248743
7,EffNet_RecPlot + EffNet_RecPlot,35,1,0,0.6943942308425903,0.3056057393550873
7,EffNet_RecPlot + EffNet_RecPlot,36,1,0,0.8605629801750183,0.1394369900226593
7,EffNet_RecPlot + EffNet_RecPlot,37,1,1,0.004480164032429457,0.9955198764801025
7,EffNet_RecPlot + EffNet_RecPlot,38,1,1,0.0021932588424533606,0.9978067278862
7,EffNet_RecPlot + EffNet_RecPlot,39,1,1,0.004141663201153278,0.995858371257782
7,EffNet_RecPlot + EffNet_RecPlot,40,1,1,0.00320268701761961,0.9967972636222839
7,EffNet_RecPlot + EffNet_RecPlot,41,1,1,0.002342742634937167,0.997657299041748
7,EffNet_RecPlot + EffNet_RecPlot,42,1,1,0.051014699041843414,0.9489853382110596
7,EffNet_RecPlot + EffNet_RecPlot,43,1,1,0.005794862285256386,0.9942051768302917
7,EffNet_RecPlot + EffNet_RecPlot,44,1,1,0.004262323025614023,0.9957376718521118
7,EffNet_RecPlot + EffNet_RecPlot,45,1,1,0.003813635092228651,0.996186375617981
12,MobileNet_Original + MobileNet_RecPlot,0,0,0,0.6949121356010437,0.3050878643989563
12,MobileNet_Original + MobileNet_RecPlot,1,0,0,0.7141889929771423,0.28581100702285767
12,MobileNet_Original + MobileNet_RecPlot,2,0,0,0.9512728452682495,0.048727139830589294
12,MobileNet_Original + MobileNet_RecPlot,3,0,0,0.9605147242546082,0.039485279470682144
12,MobileNet_Original + MobileNet_RecPlot,4,0,0,0.9231647253036499,0.0768352523446083
12,MobileNet_Original + MobileNet_RecPlot,5,0,0,0.9622035026550293,0.037796519696712494
12,MobileNet_Original + MobileNet_RecPlot,6,0,0,0.8173097968101501,0.18269017338752747
12,MobileNet_Original + MobileNet_RecPlot,7,0,0,0.8431349992752075,0.15686500072479248
12,MobileNet_Original + MobileNet_RecPlot,8,0,0,0.9958786964416504,0.004121280275285244
12,MobileNet_Original + MobileNet_RecPlot,9,0,0,0.7804771065711975,0.2195228636264801
12,MobileNet_Original + MobileNet_RecPlot,10,0,0,0.6276212334632874,0.37237876653671265
12,MobileNet_Original + MobileNet_RecPlot,11,0,0,0.7320041060447693,0.2679959237575531
12,MobileNet_Original + MobileNet_RecPlot,12,0,0,0.8660571575164795,0.1339428722858429
12,MobileNet_Original + MobileNet_RecPlot,13,0,0,0.8044509291648865,0.1955491006374359
12,MobileNet_Original + MobileNet_RecPlot,14,0,0,0.9704203009605408,0.029579732567071915
12,MobileNet_Original + MobileNet_RecPlot,15,0,0,0.929192066192627,0.07080795615911484
12,MobileNet_Original + MobileNet_RecPlot,16,0,0,0.9141738414764404,0.08582615107297897
12,MobileNet_Original + MobileNet_RecPlot,17,0,0,0.6532215476036072,0.34677842259407043
12,MobileNet_Original + MobileNet_RecPlot,18,0,0,0.6969649791717529,0.30303502082824707
12,MobileNet_Original + MobileNet_RecPlot,19,0,0,0.9532260894775391,0.04677388072013855
12,MobileNet_Original + MobileNet_RecPlot,20,0,0,0.7393396496772766,0.2606603503227234
12,MobileNet_Original + MobileNet_RecPlot,21,0,0,0.928038477897644,0.07196158170700073
12,MobileNet_Original + MobileNet_RecPlot,22,1,1,0.043735072016716,0.9562649130821228
12,MobileNet_Original + MobileNet_RecPlot,23,1,1,0.025294600054621696,0.9747054576873779
12,MobileNet_Original + MobileNet_RecPlot,24,1,1,0.06165940314531326,0.9383406043052673
12,MobileNet_Original + MobileNet_RecPlot,25,1,1,0.057491056621074677,0.9425089359283447
12,MobileNet_Original + MobileNet_RecPlot,26,1,1,0.23601076006889343,0.763989269733429
12,MobileNet_Original + MobileNet_RecPlot,27,1,1,0.18156787753105164,0.818432092666626
12,MobileNet_Original + MobileNet_RecPlot,28,1,1,0.289875328540802,0.710124671459198
12,MobileNet_Original + MobileNet_RecPlot,29,1,1,0.14006203413009644,0.8599380254745483
12,MobileNet_Original + MobileNet_RecPlot,30,1,1,0.12975233793258667,0.8702476620674133
12,MobileNet_Original + MobileNet_RecPlot,31,1,1,0.04198349639773369,0.9580165147781372
12,MobileNet_Original + EffNet_Original,0,0,0,0.9232501983642578,0.07674981653690338
12,MobileNet_Original + EffNet_Original,1,0,1,0.4810170531272888,0.5189829468727112
12,MobileNet_Original + EffNet_Original,2,0,0,0.8497464060783386,0.15025362372398376
12,MobileNet_Original + EffNet_Original,3,0,0,0.9641509056091309,0.035849135369062424
12,MobileNet_Original + EffNet_Original,4,0,0,0.8610844612121582,0.1389155387878418
12,MobileNet_Original + EffNet_Original,5,0,0,0.8137357831001282,0.1862642616033554
12,MobileNet_Original + EffNet_Original,6,0,0,0.8874916434288025,0.1125083640217781
12,MobileNet_Original + EffNet_Original,7,0,0,0.6084982752799988,0.3915017247200012
12,MobileNet_Original + EffNet_Original,8,0,0,0.9860831499099731,0.013916823081672192
12,MobileNet_Original + EffNet_Original,9,0,0,0.7639234662055969,0.23607651889324188
12,MobileNet_Original + EffNet_Original,10,0,0,0.5395886898040771,0.46041131019592285
12,MobileNet_Original + EffNet_Original,11,0,1,0.3551698327064514,0.6448301672935486
12,MobileNet_Original + EffNet_Original,12,0,0,0.9160473346710205,0.08395272493362427
12,MobileNet_Original + EffNet_Original,13,0,0,0.7520427703857422,0.2479572594165802
12,MobileNet_Original + EffNet_Original,14,0,0,0.5458458065986633,0.45415422320365906
12,MobileNet_Original + EffNet_Original,15,0,0,0.7226347923278809,0.27736520767211914
12,MobileNet_Original + EffNet_Original,16,0,0,0.7727696895599365,0.2272302806377411
12,MobileNet_Original + EffNet_Original,17,0,1,0.44159603118896484,0.5584039688110352
12,MobileNet_Original + EffNet_Original,18,0,0,0.5109732747077942,0.4890267550945282
12,MobileNet_Original + EffNet_Original,19,0,0,0.6422398090362549,0.35776016116142273
12,MobileNet_Original + EffNet_Original,20,0,1,0.27173373103141785,0.7282662391662598
12,MobileNet_Original + EffNet_Original,21,0,1,0.46264010667800903,0.537359893321991
12,MobileNet_Original + EffNet_Original,22,1,1,0.008332043886184692,0.9916679859161377
12,MobileNet_Original + EffNet_Original,23,1,1,0.004389175679534674,0.9956108331680298
12,MobileNet_Original + EffNet_Original,24,1,1,0.0009387201280333102,0.9990612864494324
12,MobileNet_Original + EffNet_Original,25,1,1,0.001105746952816844,0.998894214630127
12,MobileNet_Original + EffNet_Original,26,1,1,0.0010972809977829456,0.9989027380943298
12,MobileNet_Original + EffNet_Original,27,1,1,0.15352876484394073,0.8464712500572205
12,MobileNet_Original + EffNet_Original,28,1,1,0.2739659547805786,0.7260340452194214
12,MobileNet_Original + EffNet_Original,29,1,1,0.03800065442919731,0.9619993567466736
12,MobileNet_Original + EffNet_Original,30,1,1,0.09591630846261978,0.9040837287902832
12,MobileNet_Original + EffNet_Original,31,1,1,0.004932171665132046,0.995067834854126
12,MobileNet_Original + EffNet_RecPlot,0,0,0,0.7243534326553345,0.2756465673446655
12,MobileNet_Original + EffNet_RecPlot,1,0,0,0.5467110872268677,0.4532889723777771
12,MobileNet_Original + EffNet_RecPlot,2,0,0,0.9348900318145752,0.0651099681854248
12,MobileNet_Original + EffNet_RecPlot,3,0,0,0.872687041759491,0.12731297314167023
12,MobileNet_Original + EffNet_RecPlot,4,0,0,0.9243156909942627,0.0756843090057373
12,MobileNet_Original + EffNet_RecPlot,5,0,0,0.9096435904502869,0.09035642445087433
12,MobileNet_Original + EffNet_RecPlot,6,0,0,0.8842699527740479,0.11573002487421036
12,MobileNet_Original + EffNet_RecPlot,7,0,0,0.8451508283615112,0.15484915673732758
12,MobileNet_Original + EffNet_RecPlot,8,0,0,0.9459541440010071,0.054045870900154114
12,MobileNet_Original + EffNet_RecPlot,9,0,0,0.7456415295600891,0.2543584704399109
12,MobileNet_Original + EffNet_RecPlot,10,0,0,0.6264997124671936,0.373500257730484
12,MobileNet_Original + EffNet_RecPlot,11,0,0,0.7390739321708679,0.26092609763145447
12,MobileNet_Original + EffNet_RecPlot,12,0,0,0.6314648389816284,0.36853519082069397
12,MobileNet_Original + EffNet_RecPlot,13,0,0,0.8457696437835693,0.15423032641410828
12,MobileNet_Original + EffNet_RecPlot,14,0,0,0.9356342554092407,0.06436577439308167
12,MobileNet_Original + EffNet_RecPlot,15,0,0,0.8909197449684143,0.1090802401304245
12,MobileNet_Original + EffNet_RecPlot,16,0,0,0.6368288397789001,0.36317119002342224
12,MobileNet_Original + EffNet_RecPlot,17,0,0,0.70379638671875,0.2962036430835724
12,MobileNet_Original + EffNet_RecPlot,18,0,1,0.4469812512397766,0.5530188083648682
12,MobileNet_Original + EffNet_RecPlot,19,0,0,0.8882802128791809,0.1117197796702385
12,MobileNet_Original + EffNet_RecPlot,20,0,0,0.741484522819519,0.25851550698280334
12,MobileNet_Original + EffNet_RecPlot,21,0,0,0.8789293766021729,0.12107063829898834
12,MobileNet_Original + EffNet_RecPlot,22,1,1,0.10642371326684952,0.8935762643814087
12,MobileNet_Original + EffNet_RecPlot,23,1,1,0.009294142946600914,0.9907058477401733
12,MobileNet_Original + EffNet_RecPlot,24,1,1,0.016496097669005394,0.9835039377212524
12,MobileNet_Original + EffNet_RecPlot,25,1,1,0.13139641284942627,0.8686035871505737
12,MobileNet_Original + EffNet_RecPlot,26,1,1,0.43966275453567505,0.560337245464325
12,MobileNet_Original + EffNet_RecPlot,27,1,1,0.17294827103614807,0.8270517587661743
12,MobileNet_Original + EffNet_RecPlot,28,1,1,0.31997692584991455,0.6800230741500854
12,MobileNet_Original + EffNet_RecPlot,29,1,1,0.09361634403467178,0.9063836336135864
12,MobileNet_Original + EffNet_RecPlot,30,1,1,0.15165305137634277,0.8483469486236572
12,MobileNet_Original + EffNet_RecPlot,31,1,1,0.10173031687736511,0.8982696533203125
12,MobileNet_RecPlot + EffNet_Original,0,0,0,0.6977640390396118,0.3022359609603882
12,MobileNet_RecPlot + EffNet_Original,1,0,0,0.5379946827888489,0.4620053172111511
12,MobileNet_RecPlot + EffNet_Original,2,0,0,0.8855419754981995,0.11445800215005875
12,MobileNet_RecPlot + EffNet_Original,3,0,0,0.9897713661193848,0.010228653438389301
12,MobileNet_RecPlot + EffNet_Original,4,0,0,0.909233570098877,0.09076642245054245
12,MobileNet_RecPlot + EffNet_Original,5,0,0,0.8385300636291504,0.161469966173172
12,MobileNet_RecPlot + EffNet_Original,6,0,0,0.916912853717804,0.08308714628219604
12,MobileNet_RecPlot + EffNet_Original,7,0,0,0.752488374710083,0.247511625289917
12,MobileNet_RecPlot + EffNet_Original,8,0,0,0.9837111234664917,0.016288885846734047
12,MobileNet_RecPlot + EffNet_Original,9,0,0,0.9569100737571716,0.04308994486927986
12,MobileNet_RecPlot + EffNet_Original,10,0,0,0.6848206520080566,0.31517934799194336
12,MobileNet_RecPlot + EffNet_Original,11,0,0,0.6035305261611938,0.39646950364112854
12,MobileNet_RecPlot + EffNet_Original,12,0,0,0.8236125111579895,0.1763874888420105
12,MobileNet_RecPlot + EffNet_Original,13,0,0,0.7758014798164368,0.22419854998588562
12,MobileNet_RecPlot + EffNet_Original,14,0,0,0.5387390851974487,0.46126091480255127
12,MobileNet_RecPlot + EffNet_Original,15,0,0,0.7739895582199097,0.22601044178009033
12,MobileNet_RecPlot + EffNet_Original,16,0,0,0.8182942271232605,0.1817057877779007
12,MobileNet_RecPlot + EffNet_Original,17,0,0,0.6774954795837402,0.32250452041625977
12,MobileNet_RecPlot + EffNet_Original,18,0,0,0.5704159736633301,0.4295840859413147
12,MobileNet_RecPlot + EffNet_Original,19,0,0,0.6540604829788208,0.3459395170211792
12,MobileNet_RecPlot + EffNet_Original,20,0,0,0.5204176902770996,0.4795823395252228
12,MobileNet_RecPlot + EffNet_Original,21,0,0,0.5266258716583252,0.4733741879463196
12,MobileNet_RecPlot + EffNet_Original,22,1,1,0.03727428987622261,0.9627256989479065
12,MobileNet_RecPlot + EffNet_Original,23,1,1,0.021214306354522705,0.9787857532501221
12,MobileNet_RecPlot + EffNet_Original,24,1,1,0.06112593412399292,0.9388741254806519
12,MobileNet_RecPlot + EffNet_Original,25,1,1,0.05746138095855713,0.9425386190414429
12,MobileNet_RecPlot + EffNet_Original,26,1,1,0.23575590550899506,0.7642440795898438
12,MobileNet_RecPlot + EffNet_Original,27,1,1,0.028521712869405746,0.971478283405304
12,MobileNet_RecPlot + EffNet_Original,28,1,1,0.032507359981536865,0.9674926400184631
12,MobileNet_RecPlot + EffNet_Original,29,1,1,0.10379408299922943,0.8962059020996094
12,MobileNet_RecPlot + EffNet_Original,30,1,1,0.035362839698791504,0.9646371603012085
12,MobileNet_RecPlot + EffNet_Original,31,1,1,0.042801182717084885,0.9571988582611084
12,MobileNet_RecPlot + EffNet_RecPlot,0,0,1,0.4988672733306885,0.5011327266693115
12,MobileNet_RecPlot + EffNet_RecPlot,1,0,0,0.6036887168884277,0.39631131291389465
12,MobileNet_RecPlot + EffNet_RecPlot,2,0,0,0.9706856608390808,0.029314346611499786
12,MobileNet_RecPlot + EffNet_RecPlot,3,0,0,0.8983075022697449,0.10169249773025513
12,MobileNet_RecPlot + EffNet_RecPlot,4,0,0,0.9724647998809814,0.02753518894314766
12,MobileNet_RecPlot + EffNet_RecPlot,5,0,0,0.9344378709793091,0.06556212902069092
12,MobileNet_RecPlot + EffNet_RecPlot,6,0,0,0.9136911630630493,0.0863088071346283
12,MobileNet_RecPlot + EffNet_RecPlot,7,0,0,0.9891409873962402,0.01085906382650137
12,MobileNet_RecPlot + EffNet_RecPlot,8,0,0,0.9435820579528809,0.056417930871248245
12,MobileNet_RecPlot + EffNet_RecPlot,9,0,0,0.9386281371116638,0.061371881514787674
12,MobileNet_RecPlot + EffNet_RecPlot,10,0,0,0.7717317342758179,0.22826829552650452
12,MobileNet_RecPlot + EffNet_RecPlot,11,0,0,0.9874346256256104,0.012565402314066887
12,MobileNet_RecPlot + EffNet_RecPlot,12,0,0,0.5390300154685974,0.4609699845314026
12,MobileNet_RecPlot + EffNet_RecPlot,13,0,0,0.8695284128189087,0.1304716318845749
12,MobileNet_RecPlot + EffNet_RecPlot,14,0,0,0.9285274744033813,0.07147246599197388
12,MobileNet_RecPlot + EffNet_RecPlot,15,0,0,0.9422745108604431,0.05772549286484718
12,MobileNet_RecPlot + EffNet_RecPlot,16,0,0,0.6823533177375793,0.31764668226242065
12,MobileNet_RecPlot + EffNet_RecPlot,17,0,0,0.9396957755088806,0.06030423194169998
12,MobileNet_RecPlot + EffNet_RecPlot,18,0,0,0.5064239501953125,0.4935761094093323
12,MobileNet_RecPlot + EffNet_RecPlot,19,0,0,0.9001008868217468,0.09989912807941437
12,MobileNet_RecPlot + EffNet_RecPlot,20,0,0,0.9901684522628784,0.009831572882831097
12,MobileNet_RecPlot + EffNet_RecPlot,21,0,0,0.9429150819778442,0.05708491802215576
12,MobileNet_RecPlot + EffNet_RecPlot,22,1,1,0.13536596298217773,0.8646340370178223
12,MobileNet_RecPlot + EffNet_RecPlot,23,1,1,0.026119273155927658,0.9738807678222656
12,MobileNet_RecPlot + EffNet_RecPlot,24,1,1,0.07668331265449524,0.9233167171478271
12,MobileNet_RecPlot + EffNet_RecPlot,25,1,1,0.18775206804275513,0.8122479319572449
12,MobileNet_RecPlot + EffNet_RecPlot,26,1,0,0.6743214130401611,0.32567861676216125
12,MobileNet_RecPlot + EffNet_RecPlot,27,1,1,0.047941211611032486,0.9520587921142578
12,MobileNet_RecPlot + EffNet_RecPlot,28,1,1,0.078518345952034,0.9214816689491272
12,MobileNet_RecPlot + EffNet_RecPlot,29,1,1,0.159409761428833,0.840590238571167
12,MobileNet_RecPlot + EffNet_RecPlot,30,1,1,0.0910995826125145,0.9089004397392273
12,MobileNet_RecPlot + EffNet_RecPlot,31,1,1,0.13959932327270508,0.8604006767272949
12,EffNet_Original + EffNet_RecPlot,0,0,0,0.7272053360939026,0.2727946639060974
12,EffNet_Original + EffNet_RecPlot,1,0,1,0.3705167770385742,0.6294832229614258
12,EffNet_Original + EffNet_RecPlot,2,0,0,0.8691591620445251,0.13084082305431366
12,EffNet_Original + EffNet_RecPlot,3,0,0,0.9019436836242676,0.09805634617805481
12,EffNet_Original + EffNet_RecPlot,4,0,0,0.9103845357894897,0.08961547911167145
12,EffNet_Original + EffNet_RecPlot,5,0,0,0.7859700918197632,0.21402987837791443
12,EffNet_Original + EffNet_RecPlot,6,0,0,0.9838730096817017,0.01612699218094349
12,EffNet_Original + EffNet_RecPlot,7,0,0,0.7545042037963867,0.2454957813024521
12,EffNet_Original + EffNet_RecPlot,8,0,0,0.9337865114212036,0.06621347367763519
12,EffNet_Original + EffNet_RecPlot,9,0,0,0.9220744371414185,0.07792553305625916
12,EffNet_Original + EffNet_RecPlot,10,0,0,0.6836991906166077,0.3163008391857147
12,EffNet_Original + EffNet_RecPlot,11,0,0,0.6106003522872925,0.3893996477127075
12,EffNet_Original + EffNet_RecPlot,12,0,0,0.5890201926231384,0.41097983717918396
12,EffNet_Original + EffNet_RecPlot,13,0,0,0.8171201944351196,0.18287977576255798
12,EffNet_Original + EffNet_RecPlot,14,0,0,0.5039530992507935,0.4960469603538513
12,EffNet_Original + EffNet_RecPlot,15,0,0,0.7357172966003418,0.2642827332019806
12,EffNet_Original + EffNet_RecPlot,16,0,0,0.5409492254257202,0.4590508043766022
12,EffNet_Original + EffNet_RecPlot,17,0,0,0.7280702590942383,0.2719297409057617
12,EffNet_Original + EffNet_RecPlot,18,0,1,0.320432186126709,0.679567813873291
12,EffNet_Original + EffNet_RecPlot,19,0,0,0.5891146063804626,0.41088542342185974
12,EffNet_Original + EffNet_RecPlot,20,0,0,0.522562563419342,0.47743749618530273
12,EffNet_Original + EffNet_RecPlot,21,0,1,0.4775167405605316,0.522483229637146
12,EffNet_Original + EffNet_RecPlot,22,1,1,0.09996292740106583,0.9000370502471924
12,EffNet_Original + EffNet_RecPlot,23,1,1,0.005213847383856773,0.9947861433029175
12,EffNet_Original + EffNet_RecPlot,24,1,1,0.0159626305103302,0.9840373992919922
12,EffNet_Original + EffNet_RecPlot,25,1,1,0.13136674463748932,0.8686332702636719
12,EffNet_Original + EffNet_RecPlot,26,1,1,0.43940791487693787,0.5605920553207397
12,EffNet_Original + EffNet_RecPlot,27,1,1,0.019902095198631287,0.9800978899002075
12,EffNet_Original + EffNet_RecPlot,28,1,1,0.0626089796423912,0.9373910427093506
12,EffNet_Original + EffNet_RecPlot,29,1,1,0.05734838917851448,0.942651629447937
12,EffNet_Original + EffNet_RecPlot,30,1,1,0.05726354196667671,0.9427364468574524
12,EffNet_Original + EffNet_RecPlot,31,1,1,0.10254799574613571,0.8974519968032837
12,MobileNet_Original + MobileNet_Original,0,0,0,0.9203983545303345,0.0796017050743103
12,MobileNet_Original + MobileNet_Original,1,0,0,0.6572113633155823,0.3427886664867401
12,MobileNet_Original + MobileNet_Original,2,0,0,0.9154772758483887,0.08452276140451431
12,MobileNet_Original + MobileNet_Original,3,0,0,0.9348942637443542,0.06510575860738754
12,MobileNet_Original + MobileNet_Original,4,0,0,0.8750156760215759,0.12498436868190765
12,MobileNet_Original + MobileNet_Original,5,0,0,0.9374092221260071,0.06259080767631531
12,MobileNet_Original + MobileNet_Original,6,0,0,0.7878885865211487,0.21211139857769012
12,MobileNet_Original + MobileNet_Original,7,0,0,0.6991448998451233,0.3008551001548767
12,MobileNet_Original + MobileNet_Original,8,0,0,0.9982507824897766,0.0017492173938080668
12,MobileNet_Original + MobileNet_Original,9,0,0,0.5874905586242676,0.4125094413757324
12,MobileNet_Original + MobileNet_Original,10,0,1,0.4823892414569855,0.5176107287406921
12,MobileNet_Original + MobileNet_Original,11,0,1,0.48364341259002686,0.5163565874099731
12,MobileNet_Original + MobileNet_Original,12,0,0,0.9584919214248657,0.04150810092687607
12,MobileNet_Original + MobileNet_Original,13,0,0,0.7806922197341919,0.2193077951669693
12,MobileNet_Original + MobileNet_Original,14,0,0,0.9775270223617554,0.022473033517599106
12,MobileNet_Original + MobileNet_Original,15,0,0,0.8778373003005981,0.12216270714998245
12,MobileNet_Original + MobileNet_Original,16,0,0,0.8686493635177612,0.13135066628456116
12,MobileNet_Original + MobileNet_Original,17,0,1,0.4173221290111542,0.5826778411865234
12,MobileNet_Original + MobileNet_Original,18,0,0,0.6375223398208618,0.36247771978378296
12,MobileNet_Original + MobileNet_Original,19,0,0,0.9414054751396179,0.058594539761543274
12,MobileNet_Original + MobileNet_Original,20,0,1,0.49065569043159485,0.5093442797660828
12,MobileNet_Original + MobileNet_Original,21,0,0,0.8640527129173279,0.1359473019838333
12,MobileNet_Original + MobileNet_Original,22,1,1,0.01479282882064581,0.985207200050354
12,MobileNet_Original + MobileNet_Original,23,1,1,0.008469470776617527,0.9915305376052856
12,MobileNet_Original + MobileNet_Original,24,1,1,0.0014721875777468085,0.9985278248786926
12,MobileNet_Original + MobileNet_Original,25,1,1,0.001135420287027955,0.9988645315170288
12,MobileNet_Original + MobileNet_Original,26,1,1,0.0013521210057660937,0.9986478686332703
12,MobileNet_Original + MobileNet_Original,27,1,1,0.3065749406814575,0.6934250593185425
12,MobileNet_Original + MobileNet_Original,28,1,0,0.5313339233398438,0.46866607666015625
12,MobileNet_Original + MobileNet_Original,29,1,1,0.07426860928535461,0.9257314205169678
12,MobileNet_Original + MobileNet_Original,30,1,1,0.19030581414699554,0.8096941709518433
12,MobileNet_Original + MobileNet_Original,31,1,1,0.004114487208425999,0.9958855509757996
12,MobileNet_RecPlot + MobileNet_RecPlot,0,0,1,0.4694259464740753,0.5305740237236023
12,MobileNet_RecPlot + MobileNet_RecPlot,1,0,0,0.7711666226387024,0.2288333624601364
12,MobileNet_RecPlot + MobileNet_RecPlot,2,0,0,0.9870684742927551,0.012931521981954575
12,MobileNet_RecPlot + MobileNet_RecPlot,3,0,0,0.9861351847648621,0.013864795677363873
12,MobileNet_RecPlot + MobileNet_RecPlot,4,0,0,0.9713138937950134,0.02868613414466381
12,MobileNet_RecPlot + MobileNet_RecPlot,5,0,0,0.9869977235794067,0.013002227991819382
12,MobileNet_RecPlot + MobileNet_RecPlot,6,0,0,0.8467310070991516,0.153268963098526
12,MobileNet_RecPlot + MobileNet_RecPlot,7,0,0,0.9871250987052917,0.0128749068826437
12,MobileNet_RecPlot + MobileNet_RecPlot,8,0,0,0.993506669998169,0.006493343506008387
12,MobileNet_RecPlot + MobileNet_RecPlot,9,0,0,0.9734637141227722,0.02653628960251808
12,MobileNet_RecPlot + MobileNet_RecPlot,10,0,0,0.7728531956672668,0.22714681923389435
12,MobileNet_RecPlot + MobileNet_RecPlot,11,0,0,0.9803647994995117,0.019635235890746117
12,MobileNet_RecPlot + MobileNet_RecPlot,12,0,0,0.7736223340034485,0.22637763619422913
12,MobileNet_RecPlot + MobileNet_RecPlot,13,0,0,0.828209638595581,0.17179040610790253
12,MobileNet_RecPlot + MobileNet_RecPlot,14,0,0,0.9633135795593262,0.036686431616544724
12,MobileNet_RecPlot + MobileNet_RecPlot,15,0,0,0.980546772480011,0.019453207030892372
12,MobileNet_RecPlot + MobileNet_RecPlot,16,0,0,0.9596983194351196,0.04030165076255798
12,MobileNet_RecPlot + MobileNet_RecPlot,17,0,0,0.8891209959983826,0.11087902635335922
12,MobileNet_RecPlot + MobileNet_RecPlot,18,0,0,0.7564076781272888,0.24359235167503357
12,MobileNet_RecPlot + MobileNet_RecPlot,19,0,0,0.965046763420105,0.034953225404024124
12,MobileNet_RecPlot + MobileNet_RecPlot,20,0,0,0.9880235195159912,0.011976434849202633
12,MobileNet_RecPlot + MobileNet_RecPlot,21,0,0,0.9920241832733154,0.007975864224135876
12,MobileNet_RecPlot + MobileNet_RecPlot,22,1,1,0.07267732173204422,0.9273226857185364
12,MobileNet_RecPlot + MobileNet_RecPlot,23,1,1,0.04211973026394844,0.9578803181648254
12,MobileNet_RecPlot + MobileNet_RecPlot,24,1,1,0.12184661626815796,0.8781534433364868
12,MobileNet_RecPlot + MobileNet_RecPlot,25,1,1,0.11384668946266174,0.8861532807350159
12,MobileNet_RecPlot + MobileNet_RecPlot,26,1,1,0.47066935896873474,0.5293306112289429
12,MobileNet_RecPlot + MobileNet_RecPlot,27,1,1,0.056560833007097244,0.9434391856193542
12,MobileNet_RecPlot + MobileNet_RecPlot,28,1,1,0.04841671884059906,0.9515832662582397
12,MobileNet_RecPlot + MobileNet_RecPlot,29,1,1,0.20585545897483826,0.7941445708274841
12,MobileNet_RecPlot + MobileNet_RecPlot,30,1,1,0.06919887661933899,0.9308011531829834
12,MobileNet_RecPlot + MobileNet_RecPlot,31,1,1,0.07985250651836395,0.9201474785804749
12,EffNet_Original + EffNet_Original,0,0,0,0.9261021018028259,0.07389792799949646
12,EffNet_Original + EffNet_Original,1,0,1,0.30482274293899536,0.6951772570610046
12,EffNet_Original + EffNet_Original,2,0,0,0.7840155363082886,0.21598447859287262
12,EffNet_Original + EffNet_Original,3,0,0,0.9934074878692627,0.006592509802430868
12,EffNet_Original + EffNet_Original,4,0,0,0.8471533060073853,0.15284670889377594
12,EffNet_Original + EffNet_Original,5,0,0,0.6900623440742493,0.3099377155303955
12,EffNet_Original + EffNet_Original,6,0,0,0.9870947003364563,0.01290532760322094
12,EffNet_Original + EffNet_Original,7,0,0,0.5178516507148743,0.48214834928512573
12,EffNet_Original + EffNet_Original,8,0,0,0.9739155769348145,0.026084430515766144
12,EffNet_Original + EffNet_Original,9,0,0,0.940356433391571,0.05964359641075134
12,EffNet_Original + EffNet_Original,10,0,0,0.5967881083488464,0.4032118618488312
12,EffNet_Original + EffNet_Original,11,0,1,0.22669625282287598,0.773303747177124
12,EffNet_Original + EffNet_Original,12,0,0,0.8736026883125305,0.12639735639095306
12,EffNet_Original + EffNet_Original,13,0,0,0.7233933210372925,0.2766067087650299
12,EffNet_Original + EffNet_Original,14,0,1,0.11416462808847427,0.8858354091644287
12,EffNet_Original + EffNet_Original,15,0,0,0.5674323439598083,0.43256768584251404
12,EffNet_Original + EffNet_Original,16,0,0,0.6768900752067566,0.323109894990921
12,EffNet_Original + EffNet_Original,17,0,1,0.4658699631690979,0.5341300368309021
12,EffNet_Original + EffNet_Original,18,0,1,0.38442420959472656,0.6155757904052734
12,EffNet_Original + EffNet_Original,19,0,1,0.3430742025375366,0.6569257974624634
12,EffNet_Original + EffNet_Original,20,0,1,0.05281176045536995,0.9471882581710815
12,EffNet_Original + EffNet_Original,21,0,1,0.061227500438690186,0.9387724995613098
12,EffNet_Original + EffNet_Original,22,1,1,0.0018712583696469665,0.9981287121772766
12,EffNet_Original + EffNet_Original,23,1,1,0.00030888093169778585,0.9996911287307739
12,EffNet_Original + EffNet_Original,24,1,1,0.0004052526201121509,0.9995947480201721
12,EffNet_Original + EffNet_Original,25,1,1,0.0010760737350210547,0.9989239573478699
12,EffNet_Original + EffNet_Original,26,1,1,0.0008424408151768148,0.9991575479507446
12,EffNet_Original + EffNet_Original,27,1,1,0.0004825969226658344,0.9995174407958984
12,EffNet_Original + EffNet_Original,28,1,1,0.01659800298511982,0.9834020137786865
12,EffNet_Original + EffNet_Original,29,1,1,0.0017327029490843415,0.9982672929763794
12,EffNet_Original + EffNet_Original,30,1,1,0.0015268009155988693,0.9984732270240784
12,EffNet_Original + EffNet_Original,31,1,1,0.00574985658749938,0.9942501783370972
12,EffNet_RecPlot + EffNet_RecPlot,0,0,0,0.5283085703849792,0.47169139981269836
12,EffNet_RecPlot + EffNet_RecPlot,1,0,1,0.4362107813358307,0.5637892484664917
12,EffNet_RecPlot + EffNet_RecPlot,2,0,0,0.9543028473854065,0.045697171241045
12,EffNet_RecPlot + EffNet_RecPlot,3,0,0,0.8104798197746277,0.18952018022537231
12,EffNet_RecPlot + EffNet_RecPlot,4,0,0,0.9736157655715942,0.026384245604276657
12,EffNet_RecPlot + EffNet_RecPlot,5,0,0,0.8818779587745667,0.11812203377485275
12,EffNet_RecPlot + EffNet_RecPlot,6,0,0,0.980651319026947,0.01934865675866604
12,EffNet_RecPlot + EffNet_RecPlot,7,0,0,0.991156816482544,0.00884322077035904
12,EffNet_RecPlot + EffNet_RecPlot,8,0,0,0.8936575055122375,0.10634252429008484
12,EffNet_RecPlot + EffNet_RecPlot,9,0,0,0.9037925004959106,0.09620746970176697
12,EffNet_RecPlot + EffNet_RecPlot,10,0,0,0.7706102132797241,0.22938978672027588
12,EffNet_RecPlot + EffNet_RecPlot,11,0,0,0.994504451751709,0.005495570134371519
12,EffNet_RecPlot + EffNet_RecPlot,12,0,1,0.3044377267360687,0.6955623030662537
12,EffNet_RecPlot + EffNet_RecPlot,13,0,0,0.9108471274375916,0.08915285021066666
12,EffNet_RecPlot + EffNet_RecPlot,14,0,0,0.8937414288520813,0.10625850409269333
12,EffNet_RecPlot + EffNet_RecPlot,15,0,0,0.9040022492408752,0.09599778056144714
12,EffNet_RecPlot + EffNet_RecPlot,16,0,1,0.4050082862377167,0.5949916839599609
12,EffNet_RecPlot + EffNet_RecPlot,17,0,0,0.9902704954147339,0.009729444980621338
12,EffNet_RecPlot + EffNet_RecPlot,18,0,1,0.2564401626586914,0.7435598373413086
12,EffNet_RecPlot + EffNet_RecPlot,19,0,0,0.8351549506187439,0.16484501957893372
12,EffNet_RecPlot + EffNet_RecPlot,20,0,0,0.9923133254051208,0.0076867095194756985
12,EffNet_RecPlot + EffNet_RecPlot,21,0,0,0.8938060402870178,0.10619398206472397
12,EffNet_RecPlot + EffNet_RecPlot,22,1,1,0.19805459678173065,0.8019453883171082
12,EffNet_RecPlot + EffNet_RecPlot,23,1,1,0.010118814185261726,0.9898812174797058
12,EffNet_RecPlot + EffNet_RecPlot,24,1,1,0.03152000904083252,0.9684800505638123
12,EffNet_RecPlot + EffNet_RecPlot,25,1,1,0.2616574466228485,0.7383425831794739
12,EffNet_RecPlot + EffNet_RecPlot,26,1,0,0.8779734373092651,0.12202659249305725
12,EffNet_RecPlot + EffNet_RecPlot,27,1,1,0.039321593940258026,0.9606783986091614
12,EffNet_RecPlot + EffNet_RecPlot,28,1,1,0.10861995816230774,0.8913800120353699
12,EffNet_RecPlot + EffNet_RecPlot,29,1,1,0.11296407878398895,0.8870359063148499
12,EffNet_RecPlot + EffNet_RecPlot,30,1,1,0.11300028860569,0.8869997262954712
12,EffNet_RecPlot + EffNet_RecPlot,31,1,1,0.1993461549282074,0.800653874874115
12,MobileNet_Original + MobileNet_RecPlot,32,1,1,0.3138591945171356,0.686140775680542
12,MobileNet_Original + MobileNet_RecPlot,33,1,1,0.23338109254837036,0.7666189670562744
12,MobileNet_Original + MobileNet_RecPlot,34,1,1,0.24101264774799347,0.7589873671531677
12,MobileNet_Original + MobileNet_RecPlot,35,1,1,0.1226099357008934,0.8773900866508484
12,MobileNet_Original + MobileNet_RecPlot,36,1,1,0.15094149112701416,0.8490585088729858
12,MobileNet_Original + MobileNet_RecPlot,37,1,1,0.058718107640743256,0.9412819147109985
12,MobileNet_Original + MobileNet_RecPlot,38,1,1,0.09923988580703735,0.9007601737976074
12,MobileNet_Original + MobileNet_RecPlot,39,1,1,0.027834733948111534,0.9721652865409851
12,MobileNet_Original + MobileNet_RecPlot,40,1,1,0.04861442744731903,0.9513855576515198
12,MobileNet_Original + MobileNet_RecPlot,41,1,1,0.014521065168082714,0.985478937625885
12,MobileNet_Original + MobileNet_RecPlot,42,1,1,0.03354790061712265,0.9664521217346191
12,MobileNet_Original + MobileNet_RecPlot,43,1,1,0.42104050517082214,0.5789594650268555
12,MobileNet_Original + MobileNet_RecPlot,44,1,1,0.03943362459540367,0.9605664014816284
12,MobileNet_Original + MobileNet_RecPlot,45,1,1,0.019326459616422653,0.9806735515594482
12,MobileNet_Original + EffNet_Original,32,1,1,0.014901167713105679,0.9850988388061523
12,MobileNet_Original + EffNet_Original,33,1,1,0.07531514763832092,0.9246848821640015
12,MobileNet_Original + EffNet_Original,34,1,1,0.0017030606977641582,0.9982969760894775
12,MobileNet_Original + EffNet_Original,35,1,1,0.0019357288256287575,0.9980642795562744
12,MobileNet_Original + EffNet_Original,36,1,1,0.019242847338318825,0.9807571768760681
12,MobileNet_Original + EffNet_Original,37,1,1,0.01869005523622036,0.9813099503517151
12,MobileNet_Original + EffNet_Original,38,1,1,0.04032279551029205,0.9596771597862244
12,MobileNet_Original + EffNet_Original,39,1,1,0.0025656071957200766,0.9974343776702881
12,MobileNet_Original + EffNet_Original,40,1,1,0.005865194834768772,0.994134783744812
12,MobileNet_Original + EffNet_Original,41,1,1,0.0014945566654205322,0.9985054731369019
12,MobileNet_Original + EffNet_Original,42,1,1,0.0017878850921988487,0.9982120990753174
12,MobileNet_Original + EffNet_Original,43,1,1,0.019611891359090805,0.9803881049156189
12,MobileNet_Original + EffNet_Original,44,1,1,0.0024607826489955187,0.997539222240448
12,MobileNet_Original + EffNet_Original,45,1,1,0.004175109323114157,0.9958248734474182
12,MobileNet_Original + EffNet_RecPlot,32,1,1,0.16905419528484344,0.8309457898139954
12,MobileNet_Original + EffNet_RecPlot,33,1,1,0.10856638848781586,0.891433596611023
12,MobileNet_Original + EffNet_RecPlot,34,1,1,0.15505166351795197,0.8449483513832092
12,MobileNet_Original + EffNet_RecPlot,35,1,1,0.22964122891426086,0.7703588008880615
12,MobileNet_Original + EffNet_RecPlot,36,1,1,0.1960606873035431,0.8039393424987793
12,MobileNet_Original + EffNet_RecPlot,37,1,1,0.03205936774611473,0.9679406881332397
12,MobileNet_Original + EffNet_RecPlot,38,1,1,0.051542729139328,0.9484573006629944
12,MobileNet_Original + EffNet_RecPlot,39,1,1,0.018046719953417778,0.9819532632827759
12,MobileNet_Original + EffNet_RecPlot,40,1,1,0.025836395099759102,0.9741636514663696
12,MobileNet_Original + EffNet_RecPlot,41,1,1,0.01930524967610836,0.9806947708129883
12,MobileNet_Original + EffNet_RecPlot,42,1,1,0.05657186359167099,0.9434281587600708
12,MobileNet_Original + EffNet_RecPlot,43,1,1,0.12770713865756989,0.8722928762435913
12,MobileNet_Original + EffNet_RecPlot,44,1,1,0.011900386773049831,0.9880996346473694
12,MobileNet_Original + EffNet_RecPlot,45,1,1,0.01882333494722843,0.9811766743659973
12,MobileNet_RecPlot + EffNet_Original,32,1,1,0.29947254061698914,0.7005274295806885
12,MobileNet_RecPlot + EffNet_Original,33,1,1,0.16284175217151642,0.8371582627296448
12,MobileNet_RecPlot + EffNet_Original,34,1,1,0.24133113026618958,0.7586688995361328
12,MobileNet_RecPlot + EffNet_Original,35,1,1,0.12357581406831741,0.8764241933822632
12,MobileNet_RecPlot + EffNet_Original,36,1,1,0.1345033347606659,0.8654966354370117
12,MobileNet_RecPlot + EffNet_Original,37,1,1,0.0439620278775692,0.9560379981994629
12,MobileNet_RecPlot + EffNet_Original,38,1,1,0.06288021802902222,0.937119722366333
12,MobileNet_RecPlot + EffNet_Original,39,1,1,0.02665487490594387,0.9733451008796692
12,MobileNet_RecPlot + EffNet_Original,40,1,1,0.04934272915124893,0.9506572484970093
12,MobileNet_RecPlot + EffNet_Original,41,1,1,0.01373322308063507,0.9862667918205261
12,MobileNet_RecPlot + EffNet_Original,42,1,1,0.03418077528476715,0.965819239616394
12,MobileNet_RecPlot + EffNet_Original,43,1,1,0.40872684121131897,0.5912731289863586
12,MobileNet_RecPlot + EffNet_Original,44,1,1,0.03815314918756485,0.9618468284606934
12,MobileNet_RecPlot + EffNet_Original,45,1,1,0.0195796899497509,0.9804202914237976
12,MobileNet_RecPlot + EffNet_RecPlot,32,1,1,0.45362555980682373,0.5463744401931763
12,MobileNet_RecPlot + EffNet_RecPlot,33,1,1,0.19609299302101135,0.803907036781311
12,MobileNet_RecPlot + EffNet_RecPlot,34,1,1,0.3946797251701355,0.6053202748298645
12,MobileNet_RecPlot + EffNet_RecPlot,35,1,1,0.3512813150882721,0.6487187147140503
12,MobileNet_RecPlot + EffNet_RecPlot,36,1,1,0.3113211691379547,0.6886788606643677
12,MobileNet_RecPlot + EffNet_RecPlot,37,1,1,0.05733133852481842,0.9426686763763428
12,MobileNet_RecPlot + EffNet_RecPlot,38,1,1,0.07410015165805817,0.925899863243103
12,MobileNet_RecPlot + EffNet_RecPlot,39,1,1,0.04213598743081093,0.957863986492157
12,MobileNet_RecPlot + EffNet_RecPlot,40,1,1,0.06931392848491669,0.9306861162185669
12,MobileNet_RecPlot + EffNet_RecPlot,41,1,1,0.03154391422867775,0.9684560894966125
12,MobileNet_RecPlot + EffNet_RecPlot,42,1,1,0.08896475285291672,0.9110352993011475
12,MobileNet_RecPlot + EffNet_RecPlot,43,1,0,0.516822099685669,0.48317790031433105
12,MobileNet_RecPlot + EffNet_RecPlot,44,1,1,0.04759275168180466,0.9524072408676147
12,MobileNet_RecPlot + EffNet_RecPlot,45,1,1,0.03422791510820389,0.9657720923423767
12,EffNet_Original + EffNet_RecPlot,32,1,1,0.15466752648353577,0.8453325033187866
12,EffNet_Original + EffNet_RecPlot,33,1,1,0.038027048110961914,0.9619729518890381
12,EffNet_Original + EffNet_RecPlot,34,1,1,0.15537014603614807,0.8446298837661743
12,EffNet_Original + EffNet_RecPlot,35,1,1,0.23060709238052368,0.7693928480148315
12,EffNet_Original + EffNet_RecPlot,36,1,1,0.17962253093719482,0.8203774690628052
12,EffNet_Original + EffNet_RecPlot,37,1,1,0.017303286120295525,0.9826967716217041
12,EffNet_Original + EffNet_RecPlot,38,1,1,0.015183063223958015,0.9848169684410095
12,EffNet_Original + EffNet_RecPlot,39,1,1,0.016866862773895264,0.9831331372261047
12,EffNet_Original + EffNet_RecPlot,40,1,1,0.026564694941043854,0.9734353423118591
12,EffNet_Original + EffNet_RecPlot,41,1,1,0.018517406657338142,0.9814825654029846
12,EffNet_Original + EffNet_RecPlot,42,1,1,0.05720473825931549,0.9427952766418457
12,EffNet_Original + EffNet_RecPlot,43,1,1,0.1153934970498085,0.8846065402030945
12,EffNet_Original + EffNet_RecPlot,44,1,1,0.01061990950256586,0.9893800616264343
12,EffNet_Original + EffNet_RecPlot,45,1,1,0.01907656341791153,0.9809234142303467
12,MobileNet_Original + MobileNet_Original,32,1,1,0.029287835583090782,0.9707121849060059
12,MobileNet_Original + MobileNet_Original,33,1,1,0.14585447311401367,0.8541454672813416
12,MobileNet_Original + MobileNet_Original,34,1,1,0.0013845586217939854,0.9986154437065125
12,MobileNet_Original + MobileNet_Original,35,1,1,0.0009698397479951382,0.9990301728248596
12,MobileNet_Original + MobileNet_Original,36,1,1,0.035680994391441345,0.9643189907073975
12,MobileNet_Original + MobileNet_Original,37,1,1,0.033446136862039566,0.9665538668632507
12,MobileNet_Original + MobileNet_Original,38,1,1,0.07668245583772659,0.9233174920082092
12,MobileNet_Original + MobileNet_Original,39,1,1,0.0037454653065651655,0.996254563331604
12,MobileNet_Original + MobileNet_Original,40,1,1,0.005136895924806595,0.9948630928993225
12,MobileNet_Original + MobileNet_Original,41,1,1,0.002282399218529463,0.9977176189422607
12,MobileNet_Original + MobileNet_Original,42,1,1,0.0011550093768164515,0.9988449811935425
12,MobileNet_Original + MobileNet_Original,43,1,1,0.03192553296685219,0.9680744409561157
12,MobileNet_Original + MobileNet_Original,44,1,1,0.003741259453818202,0.9962587356567383
12,MobileNet_Original + MobileNet_Original,45,1,1,0.003921879455447197,0.9960781335830688
12,MobileNet_RecPlot + MobileNet_RecPlot,32,1,0,0.5984305739402771,0.4015693962574005
12,MobileNet_RecPlot + MobileNet_RecPlot,33,1,1,0.32090768218040466,0.6790923476219177
12,MobileNet_RecPlot + MobileNet_RecPlot,34,1,1,0.480640709400177,0.519359290599823
12,MobileNet_RecPlot + MobileNet_RecPlot,35,1,1,0.24425001442432404,0.7557500004768372
12,MobileNet_RecPlot + MobileNet_RecPlot,36,1,1,0.2662019729614258,0.7337980270385742
12,MobileNet_RecPlot + MobileNet_RecPlot,37,1,1,0.08399008214473724,0.9160099029541016
12,MobileNet_RecPlot + MobileNet_RecPlot,38,1,1,0.12179731577634811,0.8782026767730713
12,MobileNet_RecPlot + MobileNet_RecPlot,39,1,1,0.051924001425504684,0.9480760097503662
12,MobileNet_RecPlot + MobileNet_RecPlot,40,1,1,0.09209196269512177,0.907908022403717
12,MobileNet_RecPlot + MobileNet_RecPlot,41,1,1,0.026759730651974678,0.9732402563095093
12,MobileNet_RecPlot + MobileNet_RecPlot,42,1,1,0.06594078987836838,0.934059202671051
12,MobileNet_RecPlot + MobileNet_RecPlot,43,1,0,0.81015545129776,0.1898445188999176
12,MobileNet_RecPlot + MobileNet_RecPlot,44,1,1,0.07512599229812622,0.9248740077018738
12,MobileNet_RecPlot + MobileNet_RecPlot,45,1,1,0.03473104164004326,0.9652689695358276
12,EffNet_Original + EffNet_Original,32,1,1,0.0005145015311427414,0.9994854927062988
12,EffNet_Original + EffNet_Original,33,1,1,0.0047758109867572784,0.9952241778373718
12,EffNet_Original + EffNet_Original,34,1,1,0.0020215625409036875,0.9979783892631531
12,EffNet_Original + EffNet_Original,35,1,1,0.002901617670431733,0.9970983266830444
12,EffNet_Original + EffNet_Original,36,1,1,0.002804697724059224,0.997195303440094
12,EffNet_Original + EffNet_Original,37,1,1,0.003933974076062441,0.9960660338401794
12,EffNet_Original + EffNet_Original,38,1,1,0.003963131923228502,0.9960368275642395
12,EffNet_Original + EffNet_Original,39,1,1,0.0013857490848749876,0.9986142516136169
12,EffNet_Original + EffNet_Original,40,1,1,0.006593494210392237,0.9934065341949463
12,EffNet_Original + EffNet_Original,41,1,1,0.0007067139958962798,0.9992932677268982
12,EffNet_Original + EffNet_Original,42,1,1,0.002420760691165924,0.9975792765617371
12,EffNet_Original + EffNet_Original,43,1,1,0.007298247888684273,0.9927017688751221
12,EffNet_Original + EffNet_Original,44,1,1,0.0011803057277575135,0.9988197088241577
12,EffNet_Original + EffNet_Original,45,1,1,0.004428338725119829,0.9955716729164124
12,EffNet_RecPlot + EffNet_RecPlot,32,1,1,0.30882054567337036,0.6911794543266296
12,EffNet_RecPlot + EffNet_RecPlot,33,1,1,0.07127829641103745,0.9287217259407043
12,EffNet_RecPlot + EffNet_RecPlot,34,1,1,0.308718740940094,0.691281259059906
12,EffNet_RecPlot + EffNet_RecPlot,35,1,1,0.45831263065338135,0.5416874289512634
12,EffNet_RecPlot + EffNet_RecPlot,36,1,1,0.35644036531448364,0.6435596346855164
12,EffNet_RecPlot + EffNet_RecPlot,37,1,1,0.030672596767544746,0.969327449798584
12,EffNet_RecPlot + EffNet_RecPlot,38,1,1,0.026402994990348816,0.97359699010849
12,EffNet_RecPlot + EffNet_RecPlot,39,1,1,0.03234797716140747,0.9676520228385925
12,EffNet_RecPlot + EffNet_RecPlot,40,1,1,0.04653589427471161,0.953464150428772
12,EffNet_RecPlot + EffNet_RecPlot,41,1,1,0.03632809966802597,0.9636719226837158
12,EffNet_RecPlot + EffNet_RecPlot,42,1,1,0.11198871582746506,0.8880113363265991
12,EffNet_RecPlot + EffNet_RecPlot,43,1,1,0.22348874807357788,0.7765113115310669
12,EffNet_RecPlot + EffNet_RecPlot,44,1,1,0.020059512928128242,0.9799404740333557
12,EffNet_RecPlot + EffNet_RecPlot,45,1,1,0.03372478857636452,0.9662752151489258
42,MobileNet_Original + MobileNet_RecPlot,0,0,0,0.6767132878303528,0.3232867419719696
42,MobileNet_Original + MobileNet_RecPlot,1,0,0,0.6714179515838623,0.3285820782184601
42,MobileNet_Original + MobileNet_RecPlot,2,0,0,0.9796391725540161,0.02036082185804844
42,MobileNet_Original + MobileNet_RecPlot,3,0,0,0.868209958076477,0.13179005682468414
42,MobileNet_Original + MobileNet_RecPlot,4,0,0,0.7628315687179565,0.23716843128204346
42,MobileNet_Original + MobileNet_RecPlot,5,0,0,0.9739484786987305,0.02605155110359192
42,MobileNet_Original + MobileNet_RecPlot,6,0,0,0.8721449375152588,0.1278550922870636
42,MobileNet_Original + MobileNet_RecPlot,7,0,0,0.9130669236183167,0.08693306893110275
42,MobileNet_Original + MobileNet_RecPlot,8,0,0,0.950948178768158,0.049051813781261444
42,MobileNet_Original + MobileNet_RecPlot,9,0,0,0.6738944053649902,0.32610559463500977
42,MobileNet_Original + MobileNet_RecPlot,10,0,0,0.6603200435638428,0.3396799564361572
42,MobileNet_Original + MobileNet_RecPlot,11,0,0,0.8434684872627258,0.15653152763843536
42,MobileNet_Original + MobileNet_RecPlot,12,0,0,0.8076832890510559,0.19231675565242767
42,MobileNet_Original + MobileNet_RecPlot,13,0,0,0.8520093560218811,0.14799067378044128
42,MobileNet_Original + MobileNet_RecPlot,14,0,0,0.9372184872627258,0.06278153508901596
42,MobileNet_Original + MobileNet_RecPlot,15,0,0,0.8354669809341431,0.16453298926353455
42,MobileNet_Original + MobileNet_RecPlot,16,0,0,0.7541438341140747,0.2458561658859253
42,MobileNet_Original + MobileNet_RecPlot,17,0,0,0.6951801180839539,0.30481991171836853
42,MobileNet_Original + MobileNet_RecPlot,18,0,0,0.7701672911643982,0.2298327088356018
42,MobileNet_Original + MobileNet_RecPlot,19,0,0,0.9222739934921265,0.07772598415613174
42,MobileNet_Original + MobileNet_RecPlot,20,0,0,0.87400221824646,0.12599775195121765
42,MobileNet_Original + MobileNet_RecPlot,21,0,0,0.8807103633880615,0.11928964406251907
42,MobileNet_Original + MobileNet_RecPlot,22,1,1,0.10947351157665253,0.890526533126831
42,MobileNet_Original + MobileNet_RecPlot,23,1,1,0.02615205943584442,0.9738479256629944
42,MobileNet_Original + MobileNet_RecPlot,24,1,1,0.05931250751018524,0.9406875371932983
42,MobileNet_Original + MobileNet_RecPlot,25,1,1,0.1119329184293747,0.8880671262741089
42,MobileNet_Original + MobileNet_RecPlot,26,1,1,0.34666070342063904,0.6533393263816833
42,MobileNet_Original + MobileNet_RecPlot,27,1,1,0.050507694482803345,0.9494922757148743
42,MobileNet_Original + MobileNet_RecPlot,28,1,1,0.2999485731124878,0.7000514268875122
42,MobileNet_Original + MobileNet_RecPlot,29,1,1,0.09183286875486374,0.9081671237945557
42,MobileNet_Original + MobileNet_RecPlot,30,1,1,0.04874163493514061,0.9512583613395691
42,MobileNet_Original + MobileNet_RecPlot,31,1,1,0.28096944093704224,0.7190306186676025
42,MobileNet_Original + EffNet_Original,0,0,0,0.9529271125793457,0.04707290232181549
42,MobileNet_Original + EffNet_Original,1,0,1,0.40040063858032227,0.5995993614196777
42,MobileNet_Original + EffNet_Original,2,0,0,0.9087319374084473,0.09126810729503632
42,MobileNet_Original + EffNet_Original,3,0,0,0.9044595956802368,0.09554033726453781
42,MobileNet_Original + EffNet_Original,4,0,0,0.6702593564987183,0.3297406733036041
42,MobileNet_Original + EffNet_Original,5,0,0,0.9545152187347412,0.04548482596874237
42,MobileNet_Original + EffNet_Original,6,0,0,0.9307639598846436,0.06923604756593704
42,MobileNet_Original + EffNet_Original,7,0,0,0.7987796068191528,0.20122039318084717
42,MobileNet_Original + EffNet_Original,8,0,0,0.9681440591812134,0.03185596317052841
42,MobileNet_Original + EffNet_Original,9,0,0,0.6942343711853027,0.30576565861701965
42,MobileNet_Original + EffNet_Original,10,0,0,0.5142941474914551,0.4857058525085449
42,MobileNet_Original + EffNet_Original,11,0,0,0.5455631017684937,0.45443689823150635
42,MobileNet_Original + EffNet_Original,12,0,0,0.8557690382003784,0.14423102140426636
42,MobileNet_Original + EffNet_Original,13,0,0,0.6118686199188232,0.38813138008117676
42,MobileNet_Original + EffNet_Original,14,0,0,0.7292863130569458,0.2707136869430542
42,MobileNet_Original + EffNet_Original,15,0,0,0.749915361404419,0.25008463859558105
42,MobileNet_Original + EffNet_Original,16,0,0,0.8476141691207886,0.1523858606815338
42,MobileNet_Original + EffNet_Original,17,0,1,0.4956167936325073,0.5043832063674927
42,MobileNet_Original + EffNet_Original,18,0,0,0.800239086151123,0.19976088404655457
42,MobileNet_Original + EffNet_Original,19,0,0,0.8402116894721985,0.1597883403301239
42,MobileNet_Original + EffNet_Original,20,0,1,0.4804469347000122,0.5195530652999878
42,MobileNet_Original + EffNet_Original,21,0,0,0.6793221831321716,0.32067781686782837
42,MobileNet_Original + EffNet_Original,22,1,1,0.02234346605837345,0.9776565432548523
42,MobileNet_Original + EffNet_Original,23,1,1,0.003608069382607937,0.9963919520378113
42,MobileNet_Original + EffNet_Original,24,1,1,0.0021785220596939325,0.9978215098381042
42,MobileNet_Original + EffNet_Original,25,1,1,0.0019483757205307484,0.998051643371582
42,MobileNet_Original + EffNet_Original,26,1,1,0.0005845658015459776,0.9994154572486877
42,MobileNet_Original + EffNet_Original,27,1,1,0.024845853447914124,0.9751541614532471
42,MobileNet_Original + EffNet_Original,28,1,0,0.5058901309967041,0.4941098392009735
42,MobileNet_Original + EffNet_Original,29,1,1,0.025033574551343918,0.9749664068222046
42,MobileNet_Original + EffNet_Original,30,1,1,0.011696737259626389,0.9883032441139221
42,MobileNet_Original + EffNet_Original,31,1,1,0.008366159163415432,0.9916338920593262
42,MobileNet_Original + EffNet_RecPlot,0,0,1,0.48768386244773865,0.512316107749939
42,MobileNet_Original + EffNet_RecPlot,1,0,0,0.5334464311599731,0.46655356884002686
42,MobileNet_Original + EffNet_RecPlot,2,0,0,0.9531833529472351,0.04681667312979698
42,MobileNet_Original + EffNet_RecPlot,3,0,0,0.833272397518158,0.16672763228416443
42,MobileNet_Original + EffNet_RecPlot,4,0,0,0.8975690007209778,0.10243101418018341
42,MobileNet_Original + EffNet_RecPlot,5,0,0,0.8924624919891357,0.10753753036260605
42,MobileNet_Original + EffNet_RecPlot,6,0,0,0.947235107421875,0.05276491492986679
42,MobileNet_Original + EffNet_RecPlot,7,0,0,0.9214025139808655,0.07859747111797333
42,MobileNet_Original + EffNet_RecPlot,8,0,0,0.988964319229126,0.011035698466002941
42,MobileNet_Original + EffNet_RecPlot,9,0,0,0.7455289959907532,0.2544710040092468
42,MobileNet_Original + EffNet_RecPlot,10,0,0,0.5911431312561035,0.4088568687438965
42,MobileNet_Original + EffNet_RecPlot,11,0,0,0.847570538520813,0.1524294763803482
42,MobileNet_Original + EffNet_RecPlot,12,0,0,0.8289842009544373,0.17101578414440155
42,MobileNet_Original + EffNet_RecPlot,13,0,0,0.8870553970336914,0.1129445731639862
42,MobileNet_Original + EffNet_RecPlot,14,0,0,0.96757972240448,0.03242027759552002
42,MobileNet_Original + EffNet_RecPlot,15,0,0,0.8744601011276245,0.1255398690700531
42,MobileNet_Original + EffNet_RecPlot,16,0,0,0.8120017051696777,0.18799826502799988
42,MobileNet_Original + EffNet_RecPlot,17,0,0,0.7258512377738953,0.2741487920284271
42,MobileNet_Original + EffNet_RecPlot,18,0,0,0.7626038789749146,0.23739613592624664
42,MobileNet_Original + EffNet_RecPlot,19,0,0,0.9588124752044678,0.041187528520822525
42,MobileNet_Original + EffNet_RecPlot,20,0,0,0.8785610198974609,0.12143895030021667
42,MobileNet_Original + EffNet_RecPlot,21,0,0,0.9161767959594727,0.08382320404052734
42,MobileNet_Original + EffNet_RecPlot,22,1,1,0.19109851121902466,0.8089014887809753
42,MobileNet_Original + EffNet_RecPlot,23,1,1,0.004735006485134363,0.995265007019043
42,MobileNet_Original + EffNet_RecPlot,24,1,1,0.005653858184814453,0.9943461418151855
42,MobileNet_Original + EffNet_RecPlot,25,1,1,0.027363315224647522,0.9726366996765137
42,MobileNet_Original + EffNet_RecPlot,26,1,1,0.3385425806045532,0.6614574193954468
42,MobileNet_Original + EffNet_RecPlot,27,1,1,0.03556355834007263,0.964436411857605
42,MobileNet_Original + EffNet_RecPlot,28,1,1,0.394143283367157,0.605856716632843
42,MobileNet_Original + EffNet_RecPlot,29,1,1,0.12898139655590057,0.8710185885429382
42,MobileNet_Original + EffNet_RecPlot,30,1,1,0.03728868439793587,0.9627113342285156
42,MobileNet_Original + EffNet_RecPlot,31,1,1,0.03756183758378029,0.96243816614151
42,MobileNet_RecPlot + EffNet_Original,0,0,0,0.6928520798683167,0.30714792013168335
42,MobileNet_RecPlot + EffNet_Original,1,0,0,0.566339910030365,0.4336601197719574
42,MobileNet_RecPlot + EffNet_Original,2,0,0,0.9236100316047668,0.07638999819755554
42,MobileNet_RecPlot + EffNet_Original,3,0,0,0.96163010597229,0.03836992010474205
42,MobileNet_RecPlot + EffNet_Original,4,0,0,0.5127122402191162,0.4872877597808838
42,MobileNet_RecPlot + EffNet_Original,5,0,0,0.9500770568847656,0.04992299526929855
42,MobileNet_RecPlot + EffNet_Original,6,0,0,0.8946719169616699,0.10532809048891068
42,MobileNet_RecPlot + EffNet_Original,7,0,0,0.8664218783378601,0.13357815146446228
42,MobileNet_RecPlot + EffNet_Original,8,0,0,0.9239093661308289,0.07609064877033234
42,MobileNet_RecPlot + EffNet_Original,9,0,0,0.8287276029586792,0.1712723672389984
42,MobileNet_RecPlot + EffNet_Original,10,0,0,0.6431424021720886,0.3568575978279114
42,MobileNet_RecPlot + EffNet_Original,11,0,0,0.6805393695831299,0.3194606304168701
42,MobileNet_RecPlot + EffNet_Original,12,0,0,0.7365990877151489,0.2634009122848511
42,MobileNet_RecPlot + EffNet_Original,13,0,0,0.6327449679374695,0.3672550320625305
42,MobileNet_RecPlot + EffNet_Original,14,0,0,0.6763918399810791,0.3236081302165985
42,MobileNet_RecPlot + EffNet_Original,15,0,0,0.7915274500846863,0.20847256481647491
42,MobileNet_RecPlot + EffNet_Original,16,0,0,0.7161990404129028,0.2838009297847748
42,MobileNet_RecPlot + EffNet_Original,17,0,0,0.7236593961715698,0.2763406038284302
42,MobileNet_RecPlot + EffNet_Original,18,0,0,0.7344691157341003,0.26553091406822205
42,MobileNet_RecPlot + EffNet_Original,19,0,0,0.8182251453399658,0.1817748248577118
42,MobileNet_RecPlot + EffNet_Original,20,0,0,0.5764862298965454,0.4235137701034546
42,MobileNet_RecPlot + EffNet_Original,21,0,0,0.6604328155517578,0.3395671844482422
42,MobileNet_RecPlot + EffNet_Original,22,1,1,0.08885045349597931,0.9111495614051819
42,MobileNet_RecPlot + EffNet_Original,23,1,1,0.023064136505126953,0.976935863494873
42,MobileNet_RecPlot + EffNet_Original,24,1,1,0.05728779733181,0.9427121877670288
42,MobileNet_RecPlot + EffNet_Original,25,1,1,0.11049000173807144,0.8895100355148315
42,MobileNet_RecPlot + EffNet_Original,26,1,1,0.3463844656944275,0.6536155939102173
42,MobileNet_RecPlot + EffNet_Original,27,1,1,0.029292186722159386,0.9707078337669373
42,MobileNet_RecPlot + EffNet_Original,28,1,1,0.2667619585990906,0.7332381010055542
42,MobileNet_RecPlot + EffNet_Original,29,1,1,0.0919768214225769,0.9080231189727783
42,MobileNet_RecPlot + EffNet_Original,30,1,1,0.04011267423629761,0.9598873257637024
42,MobileNet_RecPlot + EffNet_Original,31,1,1,0.282480925321579,0.7175191044807434
42,MobileNet_RecPlot + EffNet_RecPlot,0,0,1,0.22760885953903198,0.772391140460968
42,MobileNet_RecPlot + EffNet_RecPlot,1,0,0,0.6993857026100159,0.3006143271923065
42,MobileNet_RecPlot + EffNet_RecPlot,2,0,0,0.9680614471435547,0.03193855285644531
42,MobileNet_RecPlot + EffNet_RecPlot,3,0,0,0.8904427886009216,0.10955719649791718
42,MobileNet_RecPlot + EffNet_RecPlot,4,0,0,0.7400219440460205,0.25997811555862427
42,MobileNet_RecPlot + EffNet_RecPlot,5,0,0,0.8880243301391602,0.11197569221258163
42,MobileNet_RecPlot + EffNet_RecPlot,6,0,0,0.9111430644989014,0.08885695785284042
42,MobileNet_RecPlot + EffNet_RecPlot,7,0,0,0.9890447854995728,0.010955202393233776
42,MobileNet_RecPlot + EffNet_RecPlot,8,0,0,0.9447296261787415,0.05527039244771004
42,MobileNet_RecPlot + EffNet_RecPlot,9,0,0,0.8800222873687744,0.1199776902794838
42,MobileNet_RecPlot + EffNet_RecPlot,10,0,0,0.7199914455413818,0.28000861406326294
42,MobileNet_RecPlot + EffNet_RecPlot,11,0,0,0.9825468063354492,0.01745319366455078
42,MobileNet_RecPlot + EffNet_RecPlot,12,0,0,0.7098143100738525,0.29018568992614746
42,MobileNet_RecPlot + EffNet_RecPlot,13,0,0,0.9079318046569824,0.09206821024417877
42,MobileNet_RecPlot + EffNet_RecPlot,14,0,0,0.9146852493286133,0.08531473577022552
42,MobileNet_RecPlot + EffNet_RecPlot,15,0,0,0.9160722494125366,0.08392778038978577
42,MobileNet_RecPlot + EffNet_RecPlot,16,0,0,0.6805866956710815,0.31941336393356323
42,MobileNet_RecPlot + EffNet_RecPlot,17,0,0,0.9538938403129578,0.04610617831349373
42,MobileNet_RecPlot + EffNet_RecPlot,18,0,0,0.6968338489532471,0.30316615104675293
42,MobileNet_RecPlot + EffNet_RecPlot,19,0,0,0.9368259906768799,0.06317403167486191
42,MobileNet_RecPlot + EffNet_RecPlot,20,0,0,0.9746003150939941,0.025399673730134964
42,MobileNet_RecPlot + EffNet_RecPlot,21,0,0,0.8972874283790588,0.10271258652210236
42,MobileNet_RecPlot + EffNet_RecPlot,22,1,1,0.25760549306869507,0.7423945665359497
42,MobileNet_RecPlot + EffNet_RecPlot,23,1,1,0.024191075935959816,0.9758089184761047
42,MobileNet_RecPlot + EffNet_RecPlot,24,1,1,0.06076313555240631,0.9392368793487549
42,MobileNet_RecPlot + EffNet_RecPlot,25,1,1,0.1359049379825592,0.8640950918197632
42,MobileNet_RecPlot + EffNet_RecPlot,26,1,0,0.6843425035476685,0.3156575560569763
42,MobileNet_RecPlot + EffNet_RecPlot,27,1,1,0.040009889751672745,0.9599900841712952
42,MobileNet_RecPlot + EffNet_RecPlot,28,1,1,0.15501509606838226,0.8449849486351013
42,MobileNet_RecPlot + EffNet_RecPlot,29,1,1,0.19592463970184326,0.8040753602981567
42,MobileNet_RecPlot + EffNet_RecPlot,30,1,1,0.06570462137460709,0.9342953562736511
42,MobileNet_RecPlot + EffNet_RecPlot,31,1,1,0.31167662143707275,0.6883233785629272
42,EffNet_Original + EffNet_RecPlot,0,0,0,0.5038227438926697,0.4961772859096527
42,EffNet_Original + EffNet_RecPlot,1,0,1,0.42836838960647583,0.5716316103935242
42,EffNet_Original + EffNet_RecPlot,2,0,0,0.8971542119979858,0.10284584015607834
42,EffNet_Original + EffNet_RecPlot,3,0,0,0.926692545413971,0.07330748438835144
42,EffNet_Original + EffNet_RecPlot,4,0,0,0.6474497318267822,0.35255032777786255
42,EffNet_Original + EffNet_RecPlot,5,0,0,0.8685910701751709,0.13140897452831268
42,EffNet_Original + EffNet_RecPlot,6,0,0,0.9697620868682861,0.030237924307584763
42,EffNet_Original + EffNet_RecPlot,7,0,0,0.8747574687004089,0.12524254620075226
42,EffNet_Original + EffNet_RecPlot,8,0,0,0.9619254469871521,0.03807453438639641
42,EffNet_Original + EffNet_RecPlot,9,0,0,0.9003622531890869,0.09963776171207428
42,EffNet_Original + EffNet_RecPlot,10,0,0,0.5739655494689941,0.42603451013565063
42,EffNet_Original + EffNet_RecPlot,11,0,0,0.684641420841217,0.31535860896110535
42,EffNet_Original + EffNet_RecPlot,12,0,0,0.757900059223175,0.24209997057914734
42,EffNet_Original + EffNet_RecPlot,13,0,0,0.6677910685539246,0.33220893144607544
42,EffNet_Original + EffNet_RecPlot,14,0,0,0.706753134727478,0.29324689507484436
42,EffNet_Original + EffNet_RecPlot,15,0,0,0.8305205702781677,0.16947944462299347
42,EffNet_Original + EffNet_RecPlot,16,0,0,0.7740569710731506,0.22594304382801056
42,EffNet_Original + EffNet_RecPlot,17,0,0,0.7543305158615112,0.24566948413848877
42,EffNet_Original + EffNet_RecPlot,18,0,0,0.7269057035446167,0.2730943262577057
42,EffNet_Original + EffNet_RecPlot,19,0,0,0.8547636270523071,0.14523635804653168
42,EffNet_Original + EffNet_RecPlot,20,0,0,0.5810450315475464,0.4189549684524536
42,EffNet_Original + EffNet_RecPlot,21,0,0,0.695899248123169,0.30410075187683105
42,EffNet_Original + EffNet_RecPlot,22,1,1,0.17047545313835144,0.8295245170593262
42,EffNet_Original + EffNet_RecPlot,23,1,1,0.0016470857663080096,0.9983528852462769
42,EffNet_Original + EffNet_RecPlot,24,1,1,0.003629146609455347,0.9963709115982056
42,EffNet_Original + EffNet_RecPlot,25,1,1,0.02592039853334427,0.9740796089172363
42,EffNet_Original + EffNet_RecPlot,26,1,1,0.3382663428783417,0.6617336869239807
42,EffNet_Original + EffNet_RecPlot,27,1,1,0.014348046854138374,0.985651969909668
42,EffNet_Original + EffNet_RecPlot,28,1,1,0.36095666885375977,0.6390433311462402
42,EffNet_Original + EffNet_RecPlot,29,1,1,0.12912535667419434,0.8708746433258057
42,EffNet_Original + EffNet_RecPlot,30,1,1,0.028659729287028313,0.9713402986526489
42,EffNet_Original + EffNet_RecPlot,31,1,1,0.03907332196831703,0.9609266519546509
42,MobileNet_Original + MobileNet_Original,0,0,0,0.9367882609367371,0.06321170926094055
42,MobileNet_Original + MobileNet_Original,1,0,0,0.5054786801338196,0.4945213198661804
42,MobileNet_Original + MobileNet_Original,2,0,0,0.9647610783576965,0.03523894399404526
42,MobileNet_Original + MobileNet_Original,3,0,0,0.8110395669937134,0.1889604926109314
42,MobileNet_Original + MobileNet_Original,4,0,0,0.9203786253929138,0.07962135225534439
42,MobileNet_Original + MobileNet_Original,5,0,0,0.978386640548706,0.021613385528326035
42,MobileNet_Original + MobileNet_Original,6,0,0,0.9082369804382324,0.09176304191350937
42,MobileNet_Original + MobileNet_Original,7,0,0,0.8454246520996094,0.15457533299922943
42,MobileNet_Original + MobileNet_Original,8,0,0,0.9951828718185425,0.004817123990505934
42,MobileNet_Original + MobileNet_Original,9,0,0,0.539401113986969,0.460598886013031
42,MobileNet_Original + MobileNet_Original,10,0,0,0.5314717888832092,0.46852821111679077
42,MobileNet_Original + MobileNet_Original,11,0,0,0.7084922194480896,0.2915078103542328
42,MobileNet_Original + MobileNet_Original,12,0,0,0.9268531799316406,0.07314684242010117
42,MobileNet_Original + MobileNet_Original,13,0,0,0.8311329483985901,0.16886702179908752
42,MobileNet_Original + MobileNet_Original,14,0,0,0.9901129007339478,0.009887069463729858
42,MobileNet_Original + MobileNet_Original,15,0,0,0.7938549518585205,0.20614507794380188
42,MobileNet_Original + MobileNet_Original,16,0,0,0.8855589032173157,0.11444108188152313
42,MobileNet_Original + MobileNet_Original,17,0,1,0.46713748574256897,0.5328624844551086
42,MobileNet_Original + MobileNet_Original,18,0,0,0.8359373211860657,0.16406269371509552
42,MobileNet_Original + MobileNet_Original,19,0,0,0.9442605376243591,0.05573948472738266
42,MobileNet_Original + MobileNet_Original,20,0,0,0.7779629826545715,0.22203704714775085
42,MobileNet_Original + MobileNet_Original,21,0,0,0.8995997309684753,0.10040026903152466
42,MobileNet_Original + MobileNet_Original,22,1,1,0.04296652227640152,0.9570334553718567
42,MobileNet_Original + MobileNet_Original,23,1,1,0.006695989985018969,0.9933040142059326
42,MobileNet_Original + MobileNet_Original,24,1,1,0.004203233867883682,0.995796799659729
42,MobileNet_Original + MobileNet_Original,25,1,1,0.0033912931103259325,0.9966087341308594
42,MobileNet_Original + MobileNet_Original,26,1,1,0.0008607825729995966,0.9991391897201538
42,MobileNet_Original + MobileNet_Original,27,1,1,0.04606136679649353,0.9539386630058289
42,MobileNet_Original + MobileNet_Original,28,1,0,0.5390768051147461,0.4609232246875763
42,MobileNet_Original + MobileNet_Original,29,1,1,0.024889618158340454,0.9751104116439819
42,MobileNet_Original + MobileNet_Original,30,1,1,0.020325694233179092,0.9796742796897888
42,MobileNet_Original + MobileNet_Original,31,1,1,0.00685467291623354,0.9931453466415405
42,MobileNet_RecPlot + MobileNet_RecPlot,0,0,1,0.41663822531700134,0.583361804485321
42,MobileNet_RecPlot + MobileNet_RecPlot,1,0,0,0.8373571634292603,0.16264283657073975
42,MobileNet_RecPlot + MobileNet_RecPlot,2,0,0,0.9945173263549805,0.005482700653374195
42,MobileNet_RecPlot + MobileNet_RecPlot,3,0,0,0.9253803491592407,0.07461962848901749
42,MobileNet_RecPlot + MobileNet_RecPlot,4,0,0,0.6052844524383545,0.3947155177593231
42,MobileNet_RecPlot + MobileNet_RecPlot,5,0,0,0.9695102572441101,0.030489716678857803
42,MobileNet_RecPlot + MobileNet_RecPlot,6,0,0,0.8360528945922852,0.16394713521003723
42,MobileNet_RecPlot + MobileNet_RecPlot,7,0,0,0.9807091951370239,0.019290803000330925
42,MobileNet_RecPlot + MobileNet_RecPlot,8,0,0,0.9067135453224182,0.09328650683164597
42,MobileNet_RecPlot + MobileNet_RecPlot,9,0,0,0.8083876967430115,0.19161230325698853
42,MobileNet_RecPlot + MobileNet_RecPlot,10,0,0,0.7891682982444763,0.21083170175552368
42,MobileNet_RecPlot + MobileNet_RecPlot,11,0,0,0.9784447550773621,0.021555254235863686
42,MobileNet_RecPlot + MobileNet_RecPlot,12,0,0,0.6885133981704712,0.3114866614341736
42,MobileNet_RecPlot + MobileNet_RecPlot,13,0,0,0.8728857040405273,0.12711429595947266
42,MobileNet_RecPlot + MobileNet_RecPlot,14,0,0,0.8843240141868591,0.11567598581314087
42,MobileNet_RecPlot + MobileNet_RecPlot,15,0,0,0.8770791292190552,0.12292090058326721
42,MobileNet_RecPlot + MobileNet_RecPlot,16,0,0,0.6227287650108337,0.37727123498916626
42,MobileNet_RecPlot + MobileNet_RecPlot,17,0,0,0.9232227206230164,0.07677729427814484
42,MobileNet_RecPlot + MobileNet_RecPlot,18,0,0,0.7043972611427307,0.2956027090549469
42,MobileNet_RecPlot + MobileNet_RecPlot,19,0,0,0.9002875089645386,0.09971249103546143
42,MobileNet_RecPlot + MobileNet_RecPlot,20,0,0,0.9700415730476379,0.02995847538113594
42,MobileNet_RecPlot + MobileNet_RecPlot,21,0,0,0.8618209958076477,0.1381790190935135
42,MobileNet_RecPlot + MobileNet_RecPlot,22,1,1,0.17598049342632294,0.8240195512771606
42,MobileNet_RecPlot + MobileNet_RecPlot,23,1,1,0.04560812935233116,0.9543918967247009
42,MobileNet_RecPlot + MobileNet_RecPlot,24,1,1,0.1144217848777771,0.8855782151222229
42,MobileNet_RecPlot + MobileNet_RecPlot,25,1,1,0.22047454118728638,0.7795254588127136
42,MobileNet_RecPlot + MobileNet_RecPlot,26,1,0,0.6924605965614319,0.3075394332408905
42,MobileNet_RecPlot + MobileNet_RecPlot,27,1,1,0.054954029619693756,0.9450459480285645
42,MobileNet_RecPlot + MobileNet_RecPlot,28,1,1,0.06082040071487427,0.9391796588897705
42,MobileNet_RecPlot + MobileNet_RecPlot,29,1,1,0.15877611935138702,0.8412238955497742
42,MobileNet_RecPlot + MobileNet_RecPlot,30,1,1,0.07715757191181183,0.9228424429893494
42,MobileNet_RecPlot + MobileNet_RecPlot,31,1,0,0.555084228515625,0.4449158310890198
42,EffNet_Original + EffNet_Original,0,0,0,0.9690659642219543,0.03093409165740013
42,EffNet_Original + EffNet_Original,1,0,1,0.29532262682914734,0.704677402973175
42,EffNet_Original + EffNet_Original,2,0,0,0.8527027368545532,0.14729727804660797
42,EffNet_Original + EffNet_Original,3,0,0,0.9978797435760498,0.0021202079951763153
42,EffNet_Original + EffNet_Original,4,0,1,0.42014002799987793,0.5798599720001221
42,EffNet_Original + EffNet_Original,5,0,0,0.9306436777114868,0.06935626268386841
42,EffNet_Original + EffNet_Original,6,0,0,0.9532909989356995,0.046709056943655014
42,EffNet_Original + EffNet_Original,7,0,0,0.7521345019340515,0.2478654682636261
42,EffNet_Original + EffNet_Original,8,0,0,0.9411051869392395,0.058894794434309006
42,EffNet_Original + EffNet_Original,9,0,0,0.8490676283836365,0.1509324312210083
42,EffNet_Original + EffNet_Original,10,0,1,0.4971165060997009,0.5028834939002991
42,EffNet_Original + EffNet_Original,11,0,1,0.3826339542865753,0.6173660755157471
42,EffNet_Original + EffNet_Original,12,0,0,0.7846848368644714,0.21531519293785095
42,EffNet_Original + EffNet_Original,13,0,1,0.392604261636734,0.6073957681655884
42,EffNet_Original + EffNet_Original,14,0,1,0.46845969557762146,0.5315402746200562
42,EffNet_Original + EffNet_Original,15,0,0,0.7059758305549622,0.2940242290496826
42,EffNet_Original + EffNet_Original,16,0,0,0.8096693754196167,0.1903306245803833
42,EffNet_Original + EffNet_Original,17,0,0,0.5240961313247681,0.4759038984775543
42,EffNet_Original + EffNet_Original,18,0,0,0.7645409107208252,0.2354590743780136
42,EffNet_Original + EffNet_Original,19,0,0,0.7361628413200378,0.26383715867996216
42,EffNet_Original + EffNet_Original,20,0,1,0.18293094635009766,0.8170690536499023
42,EffNet_Original + EffNet_Original,21,0,1,0.4590446650981903,0.5409553647041321
42,EffNet_Original + EffNet_Original,22,1,1,0.0017204061150550842,0.9982795715332031
42,EffNet_Original + EffNet_Original,23,1,1,0.0005201487219892442,0.9994798302650452
42,EffNet_Original + EffNet_Original,24,1,1,0.00015381022240035236,0.9998462200164795
42,EffNet_Original + EffNet_Original,25,1,1,0.0005054582725279033,0.9994945526123047
42,EffNet_Original + EffNet_Original,26,1,1,0.0003083489718846977,0.9996916055679321
42,EffNet_Original + EffNet_Original,27,1,1,0.0036303438246250153,0.9963696002960205
42,EffNet_Original + EffNet_Original,28,1,1,0.4727035164833069,0.5272964835166931
42,EffNet_Original + EffNet_Original,29,1,1,0.02517753280699253,0.9748225212097168
42,EffNet_Original + EffNet_Original,30,1,1,0.003067778656259179,0.9969322085380554
42,EffNet_Original + EffNet_Original,31,1,1,0.009877645410597324,0.990122377872467
42,EffNet_RecPlot + EffNet_RecPlot,0,0,1,0.03857949376106262,0.9614205360412598
42,EffNet_RecPlot + EffNet_RecPlot,1,0,0,0.5614141821861267,0.4385857880115509
42,EffNet_RecPlot + EffNet_RecPlot,2,0,0,0.9416056275367737,0.058394402265548706
42,EffNet_RecPlot + EffNet_RecPlot,3,0,0,0.8555052280426025,0.14449475705623627
42,EffNet_RecPlot + EffNet_RecPlot,4,0,0,0.8747593760490417,0.12524068355560303
42,EffNet_RecPlot + EffNet_RecPlot,5,0,0,0.8065383434295654,0.19346167147159576
42,EffNet_RecPlot + EffNet_RecPlot,6,0,0,0.9862332344055176,0.013766791671514511
42,EffNet_RecPlot + EffNet_RecPlot,7,0,0,0.9973803758621216,0.0026196015533059835
42,EffNet_RecPlot + EffNet_RecPlot,8,0,0,0.9827457070350647,0.01725427247583866
42,EffNet_RecPlot + EffNet_RecPlot,9,0,0,0.9516568779945374,0.04834309220314026
42,EffNet_RecPlot + EffNet_RecPlot,10,0,0,0.6508145332336426,0.3491854965686798
42,EffNet_RecPlot + EffNet_RecPlot,11,0,0,0.9866488575935364,0.013351134955883026
42,EffNet_RecPlot + EffNet_RecPlot,12,0,0,0.7311152815818787,0.2688847482204437
42,EffNet_RecPlot + EffNet_RecPlot,13,0,0,0.9429779052734375,0.05702212452888489
42,EffNet_RecPlot + EffNet_RecPlot,14,0,0,0.9450465440750122,0.05495348572731018
42,EffNet_RecPlot + EffNet_RecPlot,15,0,0,0.9550653696060181,0.044934652745723724
42,EffNet_RecPlot + EffNet_RecPlot,16,0,0,0.7384445667266846,0.2615554630756378
42,EffNet_RecPlot + EffNet_RecPlot,17,0,0,0.9845649600028992,0.01543506234884262
42,EffNet_RecPlot + EffNet_RecPlot,18,0,0,0.6892704367637634,0.31072959303855896
42,EffNet_RecPlot + EffNet_RecPlot,19,0,0,0.9733644127845764,0.026635566726326942
42,EffNet_RecPlot + EffNet_RecPlot,20,0,0,0.9791591167449951,0.020840870216488838
42,EffNet_RecPlot + EffNet_RecPlot,21,0,0,0.93275386095047,0.06724614650011063
42,EffNet_RecPlot + EffNet_RecPlot,22,1,1,0.3392305076122284,0.660769522190094
42,EffNet_RecPlot + EffNet_RecPlot,23,1,1,0.0027740229852497578,0.9972259998321533
42,EffNet_RecPlot + EffNet_RecPlot,24,1,1,0.007104482967406511,0.9928955435752869
42,EffNet_RecPlot + EffNet_RecPlot,25,1,1,0.05133533850312233,0.948664665222168
42,EffNet_RecPlot + EffNet_RecPlot,26,1,0,0.6762243509292603,0.32377567887306213
42,EffNet_RecPlot + EffNet_RecPlot,27,1,1,0.025065749883651733,0.9749342203140259
42,EffNet_RecPlot + EffNet_RecPlot,28,1,1,0.24920979142189026,0.7507902383804321
42,EffNet_RecPlot + EffNet_RecPlot,29,1,1,0.2330731749534607,0.7669268250465393
42,EffNet_RecPlot + EffNet_RecPlot,30,1,1,0.05425167456269264,0.9457483291625977
42,EffNet_RecPlot + EffNet_RecPlot,31,1,1,0.06826899945735931,0.9317309856414795
42,MobileNet_Original + MobileNet_RecPlot,32,1,1,0.26438307762145996,0.73561692237854
42,MobileNet_Original + MobileNet_RecPlot,33,1,1,0.19143936038017273,0.8085606694221497
42,MobileNet_Original + MobileNet_RecPlot,34,1,1,0.14792822301387787,0.8520717620849609
42,MobileNet_Original + MobileNet_RecPlot,35,1,1,0.11390426009893417,0.8860957622528076
42,MobileNet_Original + MobileNet_RecPlot,36,1,1,0.3192955553531647,0.6807044744491577
42,MobileNet_Original + MobileNet_RecPlot,37,1,1,0.029929352924227715,0.9700706601142883
42,MobileNet_Original + MobileNet_RecPlot,38,1,1,0.07318053394556046,0.9268194437026978
42,MobileNet_Original + MobileNet_RecPlot,39,1,1,0.00966990552842617,0.9903301000595093
42,MobileNet_Original + MobileNet_RecPlot,40,1,1,0.10242840647697449,0.8975715637207031
42,MobileNet_Original + MobileNet_RecPlot,41,1,1,0.06399156898260117,0.9360084533691406
42,MobileNet_Original + MobileNet_RecPlot,42,1,1,0.03111386112868786,0.968886137008667
42,MobileNet_Original + MobileNet_RecPlot,43,1,1,0.34101349115371704,0.6589865684509277
42,MobileNet_Original + MobileNet_RecPlot,44,1,1,0.022495225071907043,0.9775047898292542
42,MobileNet_Original + MobileNet_RecPlot,45,1,1,0.02400801330804825,0.97599196434021
42,MobileNet_Original + EffNet_Original,32,1,1,0.009026741608977318,0.9909732341766357
42,MobileNet_Original + EffNet_Original,33,1,1,0.1020285114645958,0.897971510887146
42,MobileNet_Original + EffNet_Original,34,1,1,0.0008668351219967008,0.9991331696510315
42,MobileNet_Original + EffNet_Original,35,1,1,0.004740568343549967,0.9952594041824341
42,MobileNet_Original + EffNet_Original,36,1,1,0.014650844037532806,0.985349178314209
42,MobileNet_Original + EffNet_Original,37,1,1,0.015342483296990395,0.9846575260162354
42,MobileNet_Original + EffNet_Original,38,1,1,0.0568029060959816,0.9431970715522766
42,MobileNet_Original + EffNet_Original,39,1,1,0.001837071729823947,0.9981629252433777
42,MobileNet_Original + EffNet_Original,40,1,1,0.0027227054815739393,0.9972773194313049
42,MobileNet_Original + EffNet_Original,41,1,1,0.0030710052233189344,0.9969289898872375
42,MobileNet_Original + EffNet_Original,42,1,1,0.0028494386933743954,0.9971505403518677
42,MobileNet_Original + EffNet_Original,43,1,1,0.02273854985833168,0.9772614240646362
42,MobileNet_Original + EffNet_Original,44,1,1,0.0020797131583094597,0.9979202747344971
42,MobileNet_Original + EffNet_Original,45,1,1,0.009593496099114418,0.9904065132141113
42,MobileNet_Original + EffNet_RecPlot,32,1,1,0.3734692633152008,0.6265307664871216
42,MobileNet_Original + EffNet_RecPlot,33,1,1,0.13205349445343018,0.8679465055465698
42,MobileNet_Original + EffNet_RecPlot,34,1,1,0.3591035306453705,0.6408964991569519
42,MobileNet_Original + EffNet_RecPlot,35,1,1,0.0618293359875679,0.9381706714630127
42,MobileNet_Original + EffNet_RecPlot,36,1,1,0.1574680060148239,0.8425320386886597
42,MobileNet_Original + EffNet_RecPlot,37,1,1,0.04065782576799393,0.9593421816825867
42,MobileNet_Original + EffNet_RecPlot,38,1,1,0.0787539929151535,0.9212460517883301
42,MobileNet_Original + EffNet_RecPlot,39,1,1,0.044028133153915405,0.955971896648407
42,MobileNet_Original + EffNet_RecPlot,40,1,1,0.019040547311306,0.9809594750404358
42,MobileNet_Original + EffNet_RecPlot,41,1,1,0.005749957635998726,0.9942500591278076
42,MobileNet_Original + EffNet_RecPlot,42,1,1,0.016223518177866936,0.9837765097618103
42,MobileNet_Original + EffNet_RecPlot,43,1,1,0.15241627395153046,0.8475837111473083
42,MobileNet_Original + EffNet_RecPlot,44,1,1,0.02436663582921028,0.9756333827972412
42,MobileNet_Original + EffNet_RecPlot,45,1,1,0.01592210866510868,0.9840779304504395
42,MobileNet_RecPlot + EffNet_Original,32,1,1,0.25613996386528015,0.7438600063323975
42,MobileNet_RecPlot + EffNet_Original,33,1,1,0.09165287762880325,0.9083471298217773
42,MobileNet_RecPlot + EffNet_Original,34,1,1,0.14828337728977203,0.8517166376113892
42,MobileNet_RecPlot + EffNet_Original,35,1,1,0.11048829555511475,0.8895117044448853
42,MobileNet_RecPlot + EffNet_Original,36,1,1,0.3055780529975891,0.6944219470024109
42,MobileNet_RecPlot + EffNet_Original,37,1,1,0.016912635415792465,0.983087420463562
42,MobileNet_RecPlot + EffNet_Original,38,1,1,0.021233025938272476,0.9787669777870178
42,MobileNet_RecPlot + EffNet_Original,39,1,1,0.008395847864449024,0.9916041493415833
42,MobileNet_RecPlot + EffNet_Original,40,1,1,0.10324259102344513,0.8967574238777161
42,MobileNet_RecPlot + EffNet_Original,41,1,1,0.06122857332229614,0.9387714266777039
42,MobileNet_RecPlot + EffNet_Original,42,1,1,0.03107917308807373,0.9689208269119263
42,MobileNet_RecPlot + EffNet_Original,43,1,1,0.34250667691230774,0.6574932932853699
42,MobileNet_RecPlot + EffNet_Original,44,1,1,0.022531753405928612,0.9774682521820068
42,MobileNet_RecPlot + EffNet_Original,45,1,1,0.026268605142831802,0.9737313985824585
42,MobileNet_RecPlot + EffNet_RecPlot,32,1,0,0.6205824613571167,0.3794175386428833
42,MobileNet_RecPlot + EffNet_RecPlot,33,1,1,0.12167786806821823,0.8783221244812012
42,MobileNet_RecPlot + EffNet_RecPlot,34,1,0,0.5065200328826904,0.49347996711730957
42,MobileNet_RecPlot + EffNet_RecPlot,35,1,1,0.16757705807685852,0.8324229717254639
42,MobileNet_RecPlot + EffNet_RecPlot,36,1,1,0.4483951926231384,0.5516048073768616
42,MobileNet_RecPlot + EffNet_RecPlot,37,1,1,0.04222797974944115,0.9577720165252686
42,MobileNet_RecPlot + EffNet_RecPlot,38,1,1,0.043184105306863785,0.9568158388137817
42,MobileNet_RecPlot + EffNet_RecPlot,39,1,1,0.05058690905570984,0.9494130611419678
42,MobileNet_RecPlot + EffNet_RecPlot,40,1,1,0.11956042796373367,0.8804395794868469
42,MobileNet_RecPlot + EffNet_RecPlot,41,1,1,0.06390752643346786,0.9360924959182739
42,MobileNet_RecPlot + EffNet_RecPlot,42,1,1,0.044453248381614685,0.9555467367172241
42,MobileNet_RecPlot + EffNet_RecPlot,43,1,1,0.472184419631958,0.527815580368042
42,MobileNet_RecPlot + EffNet_RecPlot,44,1,1,0.04481867700815201,0.955181360244751
42,MobileNet_RecPlot + EffNet_RecPlot,45,1,1,0.032597221434116364,0.9674028158187866
42,EffNet_Original + EffNet_RecPlot,32,1,1,0.365226149559021,0.634773850440979
42,EffNet_Original + EffNet_RecPlot,33,1,1,0.03226703032851219,0.9677329659461975
42,EffNet_Original + EffNet_RecPlot,34,1,1,0.35945865511894226,0.6405413746833801
42,EffNet_Original + EffNet_RecPlot,35,1,1,0.058413371443748474,0.9415866136550903
42,EffNet_Original + EffNet_RecPlot,36,1,1,0.14375048875808716,0.8562495112419128
42,EffNet_Original + EffNet_RecPlot,37,1,1,0.027641110122203827,0.9723589420318604
42,EffNet_Original + EffNet_RecPlot,38,1,1,0.026806481182575226,0.9731935262680054
42,EffNet_Original + EffNet_RecPlot,39,1,1,0.042754076421260834,0.957245945930481
42,EffNet_Original + EffNet_RecPlot,40,1,1,0.019854722544550896,0.980145275592804
42,EffNet_Original + EffNet_RecPlot,41,1,1,0.002986959181725979,0.9970130324363708
42,EffNet_Original + EffNet_RecPlot,42,1,1,0.01618882827460766,0.9838111996650696
42,EffNet_Original + EffNet_RecPlot,43,1,1,0.15390950441360474,0.8460904955863953
42,EffNet_Original + EffNet_RecPlot,44,1,1,0.024403166025877,0.9755968451499939
42,EffNet_Original + EffNet_RecPlot,45,1,1,0.018182700499892235,0.9818172454833984
42,MobileNet_Original + MobileNet_Original,32,1,1,0.017269834876060486,0.9827301502227783
42,MobileNet_Original + MobileNet_Original,33,1,1,0.20181497931480408,0.7981850504875183
42,MobileNet_Original + MobileNet_Original,34,1,1,0.0005116829997859895,0.9994882941246033
42,MobileNet_Original + MobileNet_Original,35,1,1,0.00815653521567583,0.9918434619903564
42,MobileNet_Original + MobileNet_Original,36,1,1,0.02836836688220501,0.971631646156311
42,MobileNet_Original + MobileNet_Original,37,1,1,0.028359200805425644,0.9716408252716064
42,MobileNet_Original + MobileNet_Original,38,1,1,0.10875041782855988,0.8912495970726013
42,MobileNet_Original + MobileNet_Original,39,1,1,0.0031111298594623804,0.9968888163566589
42,MobileNet_Original + MobileNet_Original,40,1,1,0.001908531179651618,0.998091459274292
42,MobileNet_Original + MobileNet_Original,41,1,1,0.005834003444761038,0.9941660165786743
42,MobileNet_Original + MobileNet_Original,42,1,1,0.002884126268327236,0.9971158504486084
42,MobileNet_Original + MobileNet_Original,43,1,1,0.021245339885354042,0.9787546992301941
42,MobileNet_Original + MobileNet_Original,44,1,1,0.0020431838929653168,0.9979568123817444
42,MobileNet_Original + MobileNet_Original,45,1,1,0.007332903333008289,0.9926671385765076
42,MobileNet_RecPlot + MobileNet_RecPlot,32,1,0,0.5114963054656982,0.48850372433662415
42,MobileNet_RecPlot + MobileNet_RecPlot,33,1,1,0.1810637265443802,0.818936288356781
42,MobileNet_RecPlot + MobileNet_RecPlot,34,1,1,0.2953447699546814,0.7046552300453186
42,MobileNet_RecPlot + MobileNet_RecPlot,35,1,1,0.2196519821882248,0.7803480625152588
42,MobileNet_RecPlot + MobileNet_RecPlot,36,1,0,0.6102227568626404,0.389777272939682
42,MobileNet_RecPlot + MobileNet_RecPlot,37,1,1,0.031499505043029785,0.9685004949569702
42,MobileNet_RecPlot + MobileNet_RecPlot,38,1,1,0.037610653787851334,0.962389349937439
42,MobileNet_RecPlot + MobileNet_RecPlot,39,1,1,0.016228681430220604,0.9837713241577148
42,MobileNet_RecPlot + MobileNet_RecPlot,40,1,1,0.20294830203056335,0.797051727771759
42,MobileNet_RecPlot + MobileNet_RecPlot,41,1,1,0.12214913964271545,0.8778508901596069
42,MobileNet_RecPlot + MobileNet_RecPlot,42,1,1,0.059343598783016205,0.9406564235687256
42,MobileNet_RecPlot + MobileNet_RecPlot,43,1,0,0.6607816219329834,0.3392183780670166
42,MobileNet_RecPlot + MobileNet_RecPlot,44,1,1,0.04294726252555847,0.9570527076721191
42,MobileNet_RecPlot + MobileNet_RecPlot,45,1,1,0.04068312421441078,0.9593168497085571
42,EffNet_Original + EffNet_Original,32,1,1,0.0007836486329324543,0.9992163777351379
42,EffNet_Original + EffNet_Original,33,1,1,0.0022420380264520645,0.9977579712867737
42,EffNet_Original + EffNet_Original,34,1,1,0.001221987185999751,0.9987780451774597
42,EffNet_Original + EffNet_Original,35,1,1,0.0013246022863313556,0.9986754059791565
42,EffNet_Original + EffNet_Original,36,1,1,0.0009333213674835861,0.9990666508674622
42,EffNet_Original + EffNet_Original,37,1,1,0.00232576671987772,0.997674286365509
42,EffNet_Original + EffNet_Original,38,1,1,0.004855394829064608,0.9951446056365967
42,EffNet_Original + EffNet_Original,39,1,1,0.0005630130763165653,0.9994369745254517
42,EffNet_Original + EffNet_Original,40,1,1,0.0035368793178349733,0.9964631199836731
42,EffNet_Original + EffNet_Original,41,1,1,0.0003080069727730006,0.9996920228004456
42,EffNet_Original + EffNet_Original,42,1,1,0.0028147511184215546,0.9971852898597717
42,EffNet_Original + EffNet_Original,43,1,1,0.024231761693954468,0.9757682681083679
42,EffNet_Original + EffNet_Original,44,1,1,0.00211624288931489,0.9978837370872498
42,EffNet_Original + EffNet_Original,45,1,1,0.011854087933897972,0.9881459474563599
42,EffNet_RecPlot + EffNet_RecPlot,32,1,0,0.7296686768531799,0.27033138275146484
42,EffNet_RecPlot + EffNet_RecPlot,33,1,1,0.06229202076792717,0.9377079606056213
42,EffNet_RecPlot + EffNet_RecPlot,34,1,0,0.7176952958106995,0.28230470418930054
42,EffNet_RecPlot + EffNet_RecPlot,35,1,1,0.11550214141607285,0.884497880935669
42,EffNet_RecPlot + EffNet_RecPlot,36,1,1,0.28656765818595886,0.7134323716163635
42,EffNet_RecPlot + EffNet_RecPlot,37,1,1,0.05295645445585251,0.9470435976982117
42,EffNet_RecPlot + EffNet_RecPlot,38,1,1,0.048757560551166534,0.9512423872947693
42,EffNet_RecPlot + EffNet_RecPlot,39,1,1,0.08494513481855392,0.9150548577308655
42,EffNet_RecPlot + EffNet_RecPlot,40,1,1,0.03617256507277489,0.9638274312019348
42,EffNet_RecPlot + EffNet_RecPlot,41,1,1,0.005665911361575127,0.9943341016769409
42,EffNet_RecPlot + EffNet_RecPlot,42,1,1,0.029562905430793762,0.9704371094703674
42,EffNet_RecPlot + EffNet_RecPlot,43,1,1,0.283587247133255,0.7164127826690674
42,EffNet_RecPlot + EffNet_RecPlot,44,1,1,0.046690087765455246,0.953309953212738
42,EffNet_RecPlot + EffNet_RecPlot,45,1,1,0.024511314928531647,0.9754887223243713
65,MobileNet_Original + MobileNet_RecPlot,0,0,0,0.7326311469078064,0.2673688530921936
65,MobileNet_Original + MobileNet_RecPlot,1,0,0,0.8616926670074463,0.13830731809139252
65,MobileNet_Original + MobileNet_RecPlot,2,0,0,0.9169241189956665,0.0830758735537529
65,MobileNet_Original + MobileNet_RecPlot,3,0,0,0.9710718393325806,0.02892814204096794
65,MobileNet_Original + MobileNet_RecPlot,4,0,0,0.8896092176437378,0.1103907898068428
65,MobileNet_Original + MobileNet_RecPlot,5,0,0,0.9580918550491333,0.04190817475318909
65,MobileNet_Original + MobileNet_RecPlot,6,0,0,0.8754743933677673,0.12452562153339386
65,MobileNet_Original + MobileNet_RecPlot,7,0,0,0.9702142477035522,0.029785780236124992
65,MobileNet_Original + MobileNet_RecPlot,8,0,0,0.9691396951675415,0.03086029179394245
65,MobileNet_Original + MobileNet_RecPlot,9,0,0,0.8197203874588013,0.1802796572446823
65,MobileNet_Original + MobileNet_RecPlot,10,0,0,0.627768337726593,0.37223169207572937
65,MobileNet_Original + MobileNet_RecPlot,11,0,0,0.9634659290313721,0.03653410077095032
65,MobileNet_Original + MobileNet_RecPlot,12,0,0,0.7989360094070435,0.20106397569179535
65,MobileNet_Original + MobileNet_RecPlot,13,0,0,0.802162766456604,0.1978372037410736
65,MobileNet_Original + MobileNet_RecPlot,14,0,0,0.9677310585975647,0.03226892650127411
65,MobileNet_Original + MobileNet_RecPlot,15,0,0,0.9277276992797852,0.07227234542369843
65,MobileNet_Original + MobileNet_RecPlot,16,0,0,0.6491751074790955,0.35082492232322693
65,MobileNet_Original + MobileNet_RecPlot,17,0,0,0.7425362467765808,0.2574637532234192
65,MobileNet_Original + MobileNet_RecPlot,18,0,0,0.7682119607925415,0.2317880541086197
65,MobileNet_Original + MobileNet_RecPlot,19,0,0,0.9096121191978455,0.09038786590099335
65,MobileNet_Original + MobileNet_RecPlot,20,0,0,0.8804044723510742,0.11959554255008698
65,MobileNet_Original + MobileNet_RecPlot,21,0,0,0.8321753144264221,0.16782470047473907
65,MobileNet_Original + MobileNet_RecPlot,22,1,1,0.13914625346660614,0.8608537912368774
65,MobileNet_Original + MobileNet_RecPlot,23,1,1,0.014201974496245384,0.9857980012893677
65,MobileNet_Original + MobileNet_RecPlot,24,1,1,0.02104209177196026,0.9789579510688782
65,MobileNet_Original + MobileNet_RecPlot,25,1,1,0.11794397979974747,0.8820559978485107
65,MobileNet_Original + MobileNet_RecPlot,26,1,1,0.33801960945129395,0.661980390548706
65,MobileNet_Original + MobileNet_RecPlot,27,1,1,0.19714775681495667,0.8028522729873657
65,MobileNet_Original + MobileNet_RecPlot,28,1,1,0.19884274899959564,0.8011572360992432
65,MobileNet_Original + MobileNet_RecPlot,29,1,1,0.12512946128845215,0.8748705387115479
65,MobileNet_Original + MobileNet_RecPlot,30,1,1,0.07329633086919785,0.926703691482544
65,MobileNet_Original + MobileNet_RecPlot,31,1,1,0.1959056407213211,0.8040943741798401
65,MobileNet_Original + EffNet_Original,0,0,0,0.9680964946746826,0.03190353512763977
65,MobileNet_Original + EffNet_Original,1,0,0,0.8261626958847046,0.17383728921413422
65,MobileNet_Original + EffNet_Original,2,0,0,0.9139441251754761,0.08605588227510452
65,MobileNet_Original + EffNet_Original,3,0,0,0.9886425733566284,0.011357386596500874
65,MobileNet_Original + EffNet_Original,4,0,0,0.795968770980835,0.20403119921684265
65,MobileNet_Original + EffNet_Original,5,0,0,0.9847387075424194,0.01526131946593523
65,MobileNet_Original + EffNet_Original,6,0,0,0.9667550325393677,0.03324497491121292
65,MobileNet_Original + EffNet_Original,7,0,0,0.8765310645103455,0.12346895784139633
65,MobileNet_Original + EffNet_Original,8,0,0,0.9890965223312378,0.010903480462729931
65,MobileNet_Original + EffNet_Original,9,0,0,0.8720400333404541,0.12796001136302948
65,MobileNet_Original + EffNet_Original,10,0,0,0.5224294066429138,0.4775705933570862
65,MobileNet_Original + EffNet_Original,11,0,0,0.7204635143280029,0.2795364558696747
65,MobileNet_Original + EffNet_Original,12,0,0,0.8898626565933228,0.11013732850551605
65,MobileNet_Original + EffNet_Original,13,0,0,0.8878099918365479,0.11219000816345215
65,MobileNet_Original + EffNet_Original,14,0,0,0.8101455569267273,0.1898544281721115
65,MobileNet_Original + EffNet_Original,15,0,0,0.8182884454727173,0.18171153962612152
65,MobileNet_Original + EffNet_Original,16,0,0,0.9308017492294312,0.06919828057289124
65,MobileNet_Original + EffNet_Original,17,0,0,0.6371801495552063,0.3628198504447937
65,MobileNet_Original + EffNet_Original,18,0,0,0.8397305011749268,0.16026951372623444
65,MobileNet_Original + EffNet_Original,19,0,0,0.9127215147018433,0.08727845549583435
65,MobileNet_Original + EffNet_Original,20,0,0,0.7407387495040894,0.25926125049591064
65,MobileNet_Original + EffNet_Original,21,0,0,0.6350178718566895,0.36498215794563293
65,MobileNet_Original + EffNet_Original,22,1,1,0.011057424359023571,0.988942563533783
65,MobileNet_Original + EffNet_Original,23,1,1,0.005019570235162973,0.9949804544448853
65,MobileNet_Original + EffNet_Original,24,1,1,0.00060411321464926,0.9993959069252014
65,MobileNet_Original + EffNet_Original,25,1,1,0.003065672004595399,0.9969343543052673
65,MobileNet_Original + EffNet_Original,26,1,1,0.0001511891750851646,0.9998488426208496
65,MobileNet_Original + EffNet_Original,27,1,1,0.1602831929922104,0.8397167921066284
65,MobileNet_Original + EffNet_Original,28,1,1,0.4031200408935547,0.5968799591064453
65,MobileNet_Original + EffNet_Original,29,1,1,0.1014881581068039,0.8985118865966797
65,MobileNet_Original + EffNet_Original,30,1,1,0.03037915751338005,0.9696208238601685
65,MobileNet_Original + EffNet_Original,31,1,1,0.01598713919520378,0.9840128421783447
65,MobileNet_Original + EffNet_RecPlot,0,0,0,0.698240339756012,0.3017596900463104
65,MobileNet_Original + EffNet_RecPlot,1,0,0,0.6001580953598022,0.39984193444252014
65,MobileNet_Original + EffNet_RecPlot,2,0,0,0.9228305220603943,0.07716946303844452
65,MobileNet_Original + EffNet_RecPlot,3,0,0,0.9838764667510986,0.016123536974191666
65,MobileNet_Original + EffNet_RecPlot,4,0,0,0.604095995426178,0.39590397477149963
65,MobileNet_Original + EffNet_RecPlot,5,0,0,0.9758681058883667,0.02413189969956875
65,MobileNet_Original + EffNet_RecPlot,6,0,0,0.9623569250106812,0.03764309734106064
65,MobileNet_Original + EffNet_RecPlot,7,0,0,0.9752752780914307,0.024724744260311127
65,MobileNet_Original + EffNet_RecPlot,8,0,0,0.9253097176551819,0.07469026744365692
65,MobileNet_Original + EffNet_RecPlot,9,0,0,0.6877729892730713,0.3122270405292511
65,MobileNet_Original + EffNet_RecPlot,10,0,0,0.7304664850234985,0.2695334851741791
65,MobileNet_Original + EffNet_RecPlot,11,0,0,0.9707778096199036,0.029222184792160988
65,MobileNet_Original + EffNet_RecPlot,12,0,0,0.5645566582679749,0.43544337153434753
65,MobileNet_Original + EffNet_RecPlot,13,0,0,0.9330951571464539,0.06690485030412674
65,MobileNet_Original + EffNet_RecPlot,14,0,0,0.9477393627166748,0.052260622382164
65,MobileNet_Original + EffNet_RecPlot,15,0,0,0.9280300736427307,0.07196994125843048
65,MobileNet_Original + EffNet_RecPlot,16,0,0,0.5508531928062439,0.4491468071937561
65,MobileNet_Original + EffNet_RecPlot,17,0,0,0.7182297110557556,0.281770259141922
65,MobileNet_Original + EffNet_RecPlot,18,0,0,0.8140950202941895,0.18590497970581055
65,MobileNet_Original + EffNet_RecPlot,19,0,0,0.9472934603691101,0.05270655080676079
65,MobileNet_Original + EffNet_RecPlot,20,0,0,0.8650000691413879,0.13499991595745087
65,MobileNet_Original + EffNet_RecPlot,21,0,0,0.5160726308822632,0.4839273691177368
65,MobileNet_Original + EffNet_RecPlot,22,1,1,0.20036910474300385,0.799630880355835
65,MobileNet_Original + EffNet_RecPlot,23,1,1,0.006149129942059517,0.9938508868217468
65,MobileNet_Original + EffNet_RecPlot,24,1,1,0.002380858175456524,0.9976191520690918
65,MobileNet_Original + EffNet_RecPlot,25,1,1,0.036412958055734634,0.9635870456695557
65,MobileNet_Original + EffNet_RecPlot,26,1,1,0.14028359949588776,0.8597164154052734
65,MobileNet_Original + EffNet_RecPlot,27,1,1,0.16158157587051392,0.8384184837341309
65,MobileNet_Original + EffNet_RecPlot,28,1,1,0.19437287747859955,0.8056271076202393
65,MobileNet_Original + EffNet_RecPlot,29,1,1,0.07982957363128662,0.9201704263687134
65,MobileNet_Original + EffNet_RecPlot,30,1,1,0.030227087438106537,0.9697729349136353
65,MobileNet_Original + EffNet_RecPlot,31,1,1,0.07079089432954788,0.9292091131210327
65,MobileNet_RecPlot + EffNet_Original,0,0,0,0.7560231685638428,0.24397681653499603
65,MobileNet_RecPlot + EffNet_Original,1,0,0,0.848317563533783,0.15168246626853943
65,MobileNet_RecPlot + EffNet_Original,2,0,0,0.9724258184432983,0.027574196457862854
65,MobileNet_RecPlot + EffNet_Original,3,0,0,0.9775048494338989,0.022495176643133163
65,MobileNet_RecPlot + EffNet_Original,4,0,0,0.7411491870880127,0.2588507831096649
65,MobileNet_RecPlot + EffNet_Original,5,0,0,0.9560937285423279,0.04390630125999451
65,MobileNet_RecPlot + EffNet_Original,6,0,0,0.8932593464851379,0.10674068331718445
65,MobileNet_RecPlot + EffNet_Original,7,0,0,0.8925541043281555,0.1074458658695221
65,MobileNet_RecPlot + EffNet_Original,8,0,0,0.9593087434768677,0.04069126397371292
65,MobileNet_RecPlot + EffNet_Original,9,0,0,0.8969463109970093,0.10305368155241013
65,MobileNet_RecPlot + EffNet_Original,10,0,0,0.6376303434371948,0.3623696565628052
65,MobileNet_RecPlot + EffNet_Original,11,0,0,0.7363706827163696,0.26362931728363037
65,MobileNet_RecPlot + EffNet_Original,12,0,0,0.7324284315109253,0.2675715386867523
65,MobileNet_RecPlot + EffNet_Original,13,0,0,0.8130674958229065,0.18693247437477112
65,MobileNet_RecPlot + EffNet_Original,14,0,0,0.7971087098121643,0.2028912603855133
65,MobileNet_RecPlot + EffNet_Original,15,0,0,0.8464950323104858,0.15350493788719177
65,MobileNet_RecPlot + EffNet_Original,16,0,0,0.6346505284309387,0.36534950137138367
65,MobileNet_RecPlot + EffNet_Original,17,0,0,0.8169516921043396,0.1830482929944992
65,MobileNet_RecPlot + EffNet_Original,18,0,0,0.7192104458808899,0.2807895541191101
65,MobileNet_RecPlot + EffNet_Original,19,0,0,0.9176468253135681,0.08235317468643188
65,MobileNet_RecPlot + EffNet_Original,20,0,0,0.8229550719261169,0.17704491317272186
65,MobileNet_RecPlot + EffNet_Original,21,0,0,0.6133650541305542,0.3866350054740906
65,MobileNet_RecPlot + EffNet_Original,22,1,1,0.12883606553077698,0.8711639642715454
65,MobileNet_RecPlot + EffNet_Original,23,1,1,0.009314177557826042,0.9906858205795288
65,MobileNet_RecPlot + EffNet_Original,24,1,1,0.020599761977791786,0.9794002771377563
65,MobileNet_RecPlot + EffNet_Original,25,1,1,0.11648880690336227,0.8835111856460571
65,MobileNet_RecPlot + EffNet_Original,26,1,1,0.3379513919353485,0.6620486378669739
65,MobileNet_RecPlot + EffNet_Original,27,1,1,0.04120467230677605,0.9587953090667725
65,MobileNet_RecPlot + EffNet_Original,28,1,1,0.2635639011859894,0.736436128616333
65,MobileNet_RecPlot + EffNet_Original,29,1,1,0.1531635820865631,0.8468364477157593
65,MobileNet_RecPlot + EffNet_Original,30,1,1,0.04662897437810898,0.9533710479736328
65,MobileNet_RecPlot + EffNet_Original,31,1,1,0.201898992061615,0.798101007938385
65,MobileNet_RecPlot + EffNet_RecPlot,0,0,1,0.4861670136451721,0.5138329863548279
65,MobileNet_RecPlot + EffNet_RecPlot,1,0,0,0.6223129034042358,0.37768709659576416
65,MobileNet_RecPlot + EffNet_RecPlot,2,0,0,0.9813122153282166,0.018687766045331955
65,MobileNet_RecPlot + EffNet_RecPlot,3,0,0,0.9727386832237244,0.02726132795214653
65,MobileNet_RecPlot + EffNet_RecPlot,4,0,0,0.5492764711380005,0.4507235586643219
65,MobileNet_RecPlot + EffNet_RecPlot,5,0,0,0.9472231268882751,0.05277687683701515
65,MobileNet_RecPlot + EffNet_RecPlot,6,0,0,0.8888611793518066,0.11113879084587097
65,MobileNet_RecPlot + EffNet_RecPlot,7,0,0,0.9912983179092407,0.008701658807694912
65,MobileNet_RecPlot + EffNet_RecPlot,8,0,0,0.8955219388008118,0.10447804629802704
65,MobileNet_RecPlot + EffNet_RecPlot,9,0,0,0.7126792669296265,0.28732070326805115
65,MobileNet_RecPlot + EffNet_RecPlot,10,0,0,0.8456674814224243,0.15433257818222046
65,MobileNet_RecPlot + EffNet_RecPlot,11,0,0,0.9866849780082703,0.013315045274794102
65,MobileNet_RecPlot + EffNet_RecPlot,12,0,1,0.4071224629878998,0.5928775668144226
65,MobileNet_RecPlot + EffNet_RecPlot,13,0,0,0.8583526611328125,0.1416473239660263
65,MobileNet_RecPlot + EffNet_RecPlot,14,0,0,0.9347025156021118,0.06529746949672699
65,MobileNet_RecPlot + EffNet_RecPlot,15,0,0,0.9562366604804993,0.04376334697008133
65,MobileNet_RecPlot + EffNet_RecPlot,16,0,1,0.25470197200775146,0.7452980279922485
65,MobileNet_RecPlot + EffNet_RecPlot,17,0,0,0.8980012536048889,0.10199873149394989
65,MobileNet_RecPlot + EffNet_RecPlot,18,0,0,0.6935749650001526,0.3064250349998474
65,MobileNet_RecPlot + EffNet_RecPlot,19,0,0,0.9522187113761902,0.04778125882148743
65,MobileNet_RecPlot + EffNet_RecPlot,20,0,0,0.9472164511680603,0.05278357118368149
65,MobileNet_RecPlot + EffNet_RecPlot,21,0,1,0.49441978335380554,0.5055801868438721
65,MobileNet_RecPlot + EffNet_RecPlot,22,1,1,0.318147748708725,0.6818522214889526
65,MobileNet_RecPlot + EffNet_RecPlot,23,1,1,0.010443736799061298,0.9895562529563904
65,MobileNet_RecPlot + EffNet_RecPlot,24,1,1,0.02237650752067566,0.9776235222816467
65,MobileNet_RecPlot + EffNet_RecPlot,25,1,1,0.14983609318733215,0.8501638770103455
65,MobileNet_RecPlot + EffNet_RecPlot,26,1,1,0.4780837893486023,0.5219162702560425
65,MobileNet_RecPlot + EffNet_RecPlot,27,1,1,0.04250306636095047,0.9574969410896301
65,MobileNet_RecPlot + EffNet_RecPlot,28,1,1,0.05481672286987305,0.945183277130127
65,MobileNet_RecPlot + EffNet_RecPlot,29,1,1,0.13150499761104584,0.8684950470924377
65,MobileNet_RecPlot + EffNet_RecPlot,30,1,1,0.046476900577545166,0.9535230398178101
65,MobileNet_RecPlot + EffNet_RecPlot,31,1,1,0.2567027509212494,0.743297278881073
65,EffNet_Original + EffNet_RecPlot,0,0,0,0.7216323614120483,0.27836766839027405
65,EffNet_Original + EffNet_RecPlot,1,0,0,0.5867829322814941,0.41321706771850586
65,EffNet_Original + EffNet_RecPlot,2,0,0,0.9783322215080261,0.021667776629328728
65,EffNet_Original + EffNet_RecPlot,3,0,0,0.990309476852417,0.009690572507679462
65,EffNet_Original + EffNet_RecPlot,4,0,1,0.45563599467277527,0.5443639755249023
65,EffNet_Original + EffNet_RecPlot,5,0,0,0.973870038986206,0.02613002061843872
65,EffNet_Original + EffNet_RecPlot,6,0,0,0.9801418781280518,0.01985814794898033
65,EffNet_Original + EffNet_RecPlot,7,0,0,0.8976151943206787,0.10238482803106308
65,EffNet_Original + EffNet_RecPlot,8,0,0,0.9154787659645081,0.08452123403549194
65,EffNet_Original + EffNet_RecPlot,9,0,0,0.7649989128112793,0.2350010722875595
65,EffNet_Original + EffNet_RecPlot,10,0,0,0.7403285503387451,0.25967147946357727
65,EffNet_Original + EffNet_RecPlot,11,0,0,0.7436825633049011,0.2563174068927765
65,EffNet_Original + EffNet_RecPlot,12,0,1,0.4980491101741791,0.5019508600234985
65,EffNet_Original + EffNet_RecPlot,13,0,0,0.9439998865127563,0.05600012466311455
65,EffNet_Original + EffNet_RecPlot,14,0,0,0.7771170139312744,0.2228829562664032
65,EffNet_Original + EffNet_RecPlot,15,0,0,0.8467974662780762,0.15320253372192383
65,EffNet_Original + EffNet_RecPlot,16,0,0,0.5363286137580872,0.46367141604423523
65,EffNet_Original + EffNet_RecPlot,17,0,0,0.7926451563835144,0.2073548138141632
65,EffNet_Original + EffNet_RecPlot,18,0,0,0.7650935053825378,0.23490649461746216
65,EffNet_Original + EffNet_RecPlot,19,0,0,0.9553281664848328,0.044671859592199326
65,EffNet_Original + EffNet_RecPlot,20,0,0,0.8075507283210754,0.19244928658008575
65,EffNet_Original + EffNet_RecPlot,21,0,1,0.2972623407840729,0.7027376890182495
65,EffNet_Original + EffNet_RecPlot,22,1,1,0.19005891680717468,0.8099410533905029
65,EffNet_Original + EffNet_RecPlot,23,1,1,0.001261331606656313,0.9987386465072632
65,EffNet_Original + EffNet_RecPlot,24,1,1,0.0019385283812880516,0.99806147813797
65,EffNet_Original + EffNet_RecPlot,25,1,1,0.03495778888463974,0.965042233467102
65,EffNet_Original + EffNet_RecPlot,26,1,1,0.14021535217761993,0.8597846627235413
65,EffNet_Original + EffNet_RecPlot,27,1,1,0.005638496950268745,0.9943615198135376
65,EffNet_Original + EffNet_RecPlot,28,1,1,0.2590940296649933,0.7409060001373291
65,EffNet_Original + EffNet_RecPlot,29,1,1,0.10786369442939758,0.8921363353729248
65,EffNet_Original + EffNet_RecPlot,30,1,1,0.0035597295500338078,0.9964402914047241
65,EffNet_Original + EffNet_RecPlot,31,1,1,0.07678423076868057,0.9232157468795776
65,MobileNet_Original + MobileNet_Original,0,0,0,0.9447044730186462,0.05529557168483734
65,MobileNet_Original + MobileNet_Original,1,0,0,0.8395378589630127,0.1604621559381485
65,MobileNet_Original + MobileNet_Original,2,0,0,0.8584424257278442,0.14155757427215576
65,MobileNet_Original + MobileNet_Original,3,0,0,0.9822096824645996,0.017790352925658226
65,MobileNet_Original + MobileNet_Original,4,0,0,0.9444288015365601,0.05557119846343994
65,MobileNet_Original + MobileNet_Original,5,0,0,0.9867368340492249,0.013263199478387833
65,MobileNet_Original + MobileNet_Original,6,0,0,0.9489700794219971,0.05102992802858353
65,MobileNet_Original + MobileNet_Original,7,0,0,0.9541911482810974,0.04580886662006378
65,MobileNet_Original + MobileNet_Original,8,0,0,0.9989274740219116,0.001072509097866714
65,MobileNet_Original + MobileNet_Original,9,0,0,0.7948140501976013,0.20518599450588226
65,MobileNet_Original + MobileNet_Original,10,0,0,0.512567400932312,0.487432599067688
65,MobileNet_Original + MobileNet_Original,11,0,0,0.9475587606430054,0.05244124308228493
65,MobileNet_Original + MobileNet_Original,12,0,0,0.9563702344894409,0.043629780411720276
65,MobileNet_Original + MobileNet_Original,13,0,0,0.8769052624702454,0.12309473752975464
65,MobileNet_Original + MobileNet_Original,14,0,0,0.9807679057121277,0.01923208124935627
65,MobileNet_Original + MobileNet_Original,15,0,0,0.8995211124420166,0.10047893971204758
65,MobileNet_Original + MobileNet_Original,16,0,0,0.9453263282775879,0.054673682898283005
65,MobileNet_Original + MobileNet_Original,17,0,0,0.5627647042274475,0.4372352957725525
65,MobileNet_Original + MobileNet_Original,18,0,0,0.8887320160865784,0.11126800626516342
65,MobileNet_Original + MobileNet_Original,19,0,0,0.9046868681907654,0.09531315416097641
65,MobileNet_Original + MobileNet_Original,20,0,0,0.7981880903244019,0.20181189477443695
65,MobileNet_Original + MobileNet_Original,21,0,0,0.8538281321525574,0.14617185294628143
65,MobileNet_Original + MobileNet_Original,22,1,1,0.02136761136353016,0.978632390499115
65,MobileNet_Original + MobileNet_Original,23,1,1,0.009907368570566177,0.9900926351547241
65,MobileNet_Original + MobileNet_Original,24,1,1,0.0010464431252330542,0.9989535808563232
65,MobileNet_Original + MobileNet_Original,25,1,1,0.004520844202488661,0.995479166507721
65,MobileNet_Original + MobileNet_Original,26,1,1,0.00021943346655461937,0.9997805953025818
65,MobileNet_Original + MobileNet_Original,27,1,1,0.3162262737751007,0.6837737560272217
65,MobileNet_Original + MobileNet_Original,28,1,1,0.33839890360832214,0.6616010665893555
65,MobileNet_Original + MobileNet_Original,29,1,1,0.07345403730869293,0.9265459775924683
65,MobileNet_Original + MobileNet_Original,30,1,1,0.05704651400446892,0.9429535269737244
65,MobileNet_Original + MobileNet_Original,31,1,1,0.00999380275607109,0.990006148815155
65,MobileNet_RecPlot + MobileNet_RecPlot,0,0,0,0.5205578207969666,0.47944214940071106
65,MobileNet_RecPlot + MobileNet_RecPlot,1,0,0,0.8838475346565247,0.11615248024463654
65,MobileNet_RecPlot + MobileNet_RecPlot,2,0,0,0.9754058122634888,0.02459418587386608
65,MobileNet_RecPlot + MobileNet_RecPlot,3,0,0,0.9599340558052063,0.040065933018922806
65,MobileNet_RecPlot + MobileNet_RecPlot,4,0,0,0.8347896337509155,0.16521038115024567
65,MobileNet_RecPlot + MobileNet_RecPlot,5,0,0,0.929446816444397,0.07055315375328064
65,MobileNet_RecPlot + MobileNet_RecPlot,6,0,0,0.8019787073135376,0.1980213224887848
65,MobileNet_RecPlot + MobileNet_RecPlot,7,0,0,0.9862372875213623,0.013762692920863628
65,MobileNet_RecPlot + MobileNet_RecPlot,8,0,0,0.9393519163131714,0.060648076236248016
65,MobileNet_RecPlot + MobileNet_RecPlot,9,0,0,0.8446266651153564,0.15537331998348236
65,MobileNet_RecPlot + MobileNet_RecPlot,10,0,0,0.742969274520874,0.25703078508377075
65,MobileNet_RecPlot + MobileNet_RecPlot,11,0,0,0.979373037815094,0.020626962184906006
65,MobileNet_RecPlot + MobileNet_RecPlot,12,0,0,0.641501784324646,0.3584981858730316
65,MobileNet_RecPlot + MobileNet_RecPlot,13,0,0,0.7274203300476074,0.2725796699523926
65,MobileNet_RecPlot + MobileNet_RecPlot,14,0,0,0.9546942114830017,0.0453057698905468
65,MobileNet_RecPlot + MobileNet_RecPlot,15,0,0,0.9559342861175537,0.044065751135349274
65,MobileNet_RecPlot + MobileNet_RecPlot,16,0,1,0.35302385687828064,0.646976113319397
65,MobileNet_RecPlot + MobileNet_RecPlot,17,0,0,0.9223077893257141,0.07769221812486649
65,MobileNet_RecPlot + MobileNet_RecPlot,18,0,0,0.6476919054985046,0.35230809450149536
65,MobileNet_RecPlot + MobileNet_RecPlot,19,0,0,0.9145374298095703,0.08546257764101028
65,MobileNet_RecPlot + MobileNet_RecPlot,20,0,0,0.9626207947731018,0.037379197776317596
65,MobileNet_RecPlot + MobileNet_RecPlot,21,0,0,0.8105224967002869,0.18947754800319672
65,MobileNet_RecPlot + MobileNet_RecPlot,22,1,1,0.25692489743232727,0.7430751323699951
65,MobileNet_RecPlot + MobileNet_RecPlot,23,1,1,0.01849658414721489,0.981503427028656
65,MobileNet_RecPlot + MobileNet_RecPlot,24,1,1,0.04103773832321167,0.9589622020721436
65,MobileNet_RecPlot + MobileNet_RecPlot,25,1,1,0.2313671112060547,0.7686328887939453
65,MobileNet_RecPlot + MobileNet_RecPlot,26,1,0,0.6758198142051697,0.3241802155971527
65,MobileNet_RecPlot + MobileNet_RecPlot,27,1,1,0.07806923985481262,0.921930730342865
65,MobileNet_RecPlot + MobileNet_RecPlot,28,1,1,0.05928659066557884,0.9407134652137756
65,MobileNet_RecPlot + MobileNet_RecPlot,29,1,1,0.17680487036705017,0.8231951594352722
65,MobileNet_RecPlot + MobileNet_RecPlot,30,1,1,0.08954614400863647,0.9104537963867188
65,MobileNet_RecPlot + MobileNet_RecPlot,31,1,1,0.381817489862442,0.6181824803352356
65,EffNet_Original + EffNet_Original,0,0,0,0.991488516330719,0.00851149670779705
65,EffNet_Original + EffNet_Original,1,0,0,0.8127875924110413,0.18721243739128113
65,EffNet_Original + EffNet_Original,2,0,0,0.9694458246231079,0.030554207041859627
65,EffNet_Original + EffNet_Original,3,0,0,0.995075523853302,0.004924421664327383
65,EffNet_Original + EffNet_Original,4,0,0,0.6475088000297546,0.35249122977256775
65,EffNet_Original + EffNet_Original,5,0,0,0.982740581035614,0.017259439453482628
65,EffNet_Original + EffNet_Original,6,0,0,0.9845399856567383,0.015460026450455189
65,EffNet_Original + EffNet_Original,7,0,0,0.7988709807395935,0.20112904906272888
65,EffNet_Original + EffNet_Original,8,0,0,0.979265570640564,0.020734451711177826
65,EffNet_Original + EffNet_Original,9,0,0,0.9492659568786621,0.05073403939604759
65,EffNet_Original + EffNet_Original,10,0,0,0.5322914123535156,0.467708557844162
65,EffNet_Original + EffNet_Original,11,0,1,0.4933682978153229,0.5066317319869995
65,EffNet_Original + EffNet_Original,12,0,0,0.8233551383018494,0.17664487659931183
65,EffNet_Original + EffNet_Original,13,0,0,0.8987147212028503,0.10128529369831085
65,EffNet_Original + EffNet_Original,14,0,0,0.6395232081413269,0.3604767620563507
65,EffNet_Original + EffNet_Original,15,0,0,0.7370558381080627,0.26294413208961487
65,EffNet_Original + EffNet_Original,16,0,0,0.9162771701812744,0.08372288942337036
65,EffNet_Original + EffNet_Original,17,0,0,0.7115955948829651,0.2884043753147125
65,EffNet_Original + EffNet_Original,18,0,0,0.7907289862632751,0.20927102863788605
65,EffNet_Original + EffNet_Original,19,0,0,0.9207562804222107,0.07924377173185349
65,EffNet_Original + EffNet_Original,20,0,0,0.6832893490791321,0.31671062111854553
65,EffNet_Original + EffNet_Original,21,0,1,0.41620761156082153,0.5837924480438232
65,EffNet_Original + EffNet_Original,22,1,1,0.0007472371216863394,0.9992527365684509
65,EffNet_Original + EffNet_Original,23,1,1,0.00013177168148104101,0.9998682141304016
65,EffNet_Original + EffNet_Original,24,1,1,0.00016178336227312684,0.9998382329940796
65,EffNet_Original + EffNet_Original,25,1,1,0.0016105000395327806,0.998389482498169
65,EffNet_Original + EffNet_Original,26,1,1,8.294489089166746e-05,0.9999170303344727
65,EffNet_Original + EffNet_Original,27,1,1,0.004340102430433035,0.9956598877906799
65,EffNet_Original + EffNet_Original,28,1,1,0.4678412079811096,0.5321588516235352
65,EffNet_Original + EffNet_Original,29,1,1,0.12952226400375366,0.8704776763916016
65,EffNet_Original + EffNet_Original,30,1,1,0.003711799392476678,0.9962881803512573
65,EffNet_Original + EffNet_Original,31,1,1,0.02198047563433647,0.9780195355415344
65,EffNet_RecPlot + EffNet_RecPlot,0,0,1,0.4517761766910553,0.5482237935066223
65,EffNet_RecPlot + EffNet_RecPlot,1,0,1,0.3607783019542694,0.639221727848053
65,EffNet_RecPlot + EffNet_RecPlot,2,0,0,0.9872186779975891,0.012781347148120403
65,EffNet_RecPlot + EffNet_RecPlot,3,0,0,0.9855432510375977,0.014456722885370255
65,EffNet_RecPlot + EffNet_RecPlot,4,0,1,0.2637632489204407,0.7362367510795593
65,EffNet_RecPlot + EffNet_RecPlot,5,0,0,0.9649994373321533,0.035000599920749664
65,EffNet_RecPlot + EffNet_RecPlot,6,0,0,0.9757437109947205,0.02425626665353775
65,EffNet_RecPlot + EffNet_RecPlot,7,0,0,0.9963594079017639,0.0036406246945261955
65,EffNet_RecPlot + EffNet_RecPlot,8,0,0,0.8516919612884521,0.14830800890922546
65,EffNet_RecPlot + EffNet_RecPlot,9,0,0,0.5807318687438965,0.41926810145378113
65,EffNet_RecPlot + EffNet_RecPlot,10,0,0,0.9483656287193298,0.05163438618183136
65,EffNet_RecPlot + EffNet_RecPlot,11,0,0,0.9939968585968018,0.006003126502037048
65,EffNet_RecPlot + EffNet_RecPlot,12,0,1,0.17274309694766998,0.8272569179534912
65,EffNet_RecPlot + EffNet_RecPlot,13,0,0,0.9892850518226624,0.010714965872466564
65,EffNet_RecPlot + EffNet_RecPlot,14,0,0,0.9147108197212219,0.08528916537761688
65,EffNet_RecPlot + EffNet_RecPlot,15,0,0,0.9565390348434448,0.043460946530103683
65,EffNet_RecPlot + EffNet_RecPlot,16,0,1,0.15638010203838348,0.8436199426651001
65,EffNet_RecPlot + EffNet_RecPlot,17,0,0,0.8736947774887085,0.1263052523136139
65,EffNet_RecPlot + EffNet_RecPlot,18,0,0,0.7394580245018005,0.2605419456958771
65,EffNet_RecPlot + EffNet_RecPlot,19,0,0,0.9899000525474548,0.01009995024651289
65,EffNet_RecPlot + EffNet_RecPlot,20,0,0,0.931812047958374,0.06818793714046478
65,EffNet_RecPlot + EffNet_RecPlot,21,0,1,0.1783170998096466,0.8216829299926758
65,EffNet_RecPlot + EffNet_RecPlot,22,1,1,0.3793705999851227,0.6206293702125549
65,EffNet_RecPlot + EffNet_RecPlot,23,1,1,0.0023908915463835,0.9976091384887695
65,EffNet_RecPlot + EffNet_RecPlot,24,1,1,0.0037152734585106373,0.9962847232818604
65,EffNet_RecPlot + EffNet_RecPlot,25,1,1,0.06830507516860962,0.9316949248313904
65,EffNet_RecPlot + EffNet_RecPlot,26,1,1,0.2803477644920349,0.7196522951126099
65,EffNet_RecPlot + EffNet_RecPlot,27,1,1,0.006936891004443169,0.9930631518363953
65,EffNet_RecPlot + EffNet_RecPlot,28,1,1,0.05034685134887695,0.949653148651123
65,EffNet_RecPlot + EffNet_RecPlot,29,1,1,0.08620511740446091,0.9137949347496033
65,EffNet_RecPlot + EffNet_RecPlot,30,1,1,0.003407659474760294,0.9965923428535461
65,EffNet_RecPlot + EffNet_RecPlot,31,1,1,0.13158798217773438,0.8684120178222656
65,MobileNet_Original + MobileNet_RecPlot,32,1,1,0.27190113067626953,0.7280988693237305
65,MobileNet_Original + MobileNet_RecPlot,33,1,1,0.2499934285879135,0.7500065565109253
65,MobileNet_Original + MobileNet_RecPlot,34,1,1,0.08116452395915985,0.918835461139679
65,MobileNet_Original + MobileNet_RecPlot,35,1,1,0.20007215440273285,0.799927830696106
65,MobileNet_Original + MobileNet_RecPlot,36,1,1,0.2436261773109436,0.7563738226890564
65,MobileNet_Original + MobileNet_RecPlot,37,1,1,0.04362977668642998,0.9563702344894409
65,MobileNet_Original + MobileNet_RecPlot,38,1,1,0.06763476878404617,0.9323652386665344
65,MobileNet_Original + MobileNet_RecPlot,39,1,1,0.0135659109801054,0.9864341020584106
65,MobileNet_Original + MobileNet_RecPlot,40,1,1,0.039571311324834824,0.9604287147521973
65,MobileNet_Original + MobileNet_RecPlot,41,1,1,0.0277041457593441,0.972295880317688
65,MobileNet_Original + MobileNet_RecPlot,42,1,1,0.01982346549630165,0.980176568031311
65,MobileNet_Original + MobileNet_RecPlot,43,1,1,0.19955360889434814,0.8004463911056519
65,MobileNet_Original + MobileNet_RecPlot,44,1,1,0.022307518869638443,0.9776924848556519
65,MobileNet_Original + MobileNet_RecPlot,45,1,1,0.00859906803816557,0.991400957107544
65,MobileNet_Original + EffNet_Original,32,1,1,0.010007496923208237,0.9899924993515015
65,MobileNet_Original + EffNet_Original,33,1,1,0.0952061340212822,0.9047938585281372
65,MobileNet_Original + EffNet_Original,34,1,1,0.0006030055810697377,0.9993969798088074
65,MobileNet_Original + EffNet_Original,35,1,1,0.0027802742552012205,0.9972197413444519
65,MobileNet_Original + EffNet_Original,36,1,1,0.027538137510418892,0.9724618792533875
65,MobileNet_Original + EffNet_Original,37,1,1,0.019867269322276115,0.9801327586174011
65,MobileNet_Original + EffNet_Original,38,1,1,0.053757864981889725,0.9462421536445618
65,MobileNet_Original + EffNet_Original,39,1,1,0.0028683491982519627,0.9971316456794739
65,MobileNet_Original + EffNet_Original,40,1,1,0.0035069547593593597,0.9964930415153503
65,MobileNet_Original + EffNet_Original,41,1,1,0.007303227204829454,0.9926967620849609
65,MobileNet_Original + EffNet_Original,42,1,1,0.009821569547057152,0.9901784658432007
65,MobileNet_Original + EffNet_Original,43,1,1,0.029154950752854347,0.970845103263855
65,MobileNet_Original + EffNet_Original,44,1,1,0.0028596236370503902,0.9971403479576111
65,MobileNet_Original + EffNet_Original,45,1,1,0.009009182453155518,0.9909908175468445
65,MobileNet_Original + EffNet_RecPlot,32,1,1,0.4830766022205353,0.5169234275817871
65,MobileNet_Original + EffNet_RecPlot,33,1,1,0.4481281638145447,0.5518718957901001
65,MobileNet_Original + EffNet_RecPlot,34,1,1,0.4075359106063843,0.5924640893936157
65,MobileNet_Original + EffNet_RecPlot,35,1,1,0.06986837834119797,0.9301316738128662
65,MobileNet_Original + EffNet_RecPlot,36,1,1,0.400036484003067,0.5999634861946106
65,MobileNet_Original + EffNet_RecPlot,37,1,1,0.019754478707909584,0.9802455306053162
65,MobileNet_Original + EffNet_RecPlot,38,1,1,0.056020863354206085,0.9439791440963745
65,MobileNet_Original + EffNet_RecPlot,39,1,1,0.005289827007800341,0.9947101473808289
65,MobileNet_Original + EffNet_RecPlot,40,1,1,0.0026185468304902315,0.9973814487457275
65,MobileNet_Original + EffNet_RecPlot,41,1,1,0.007048675324767828,0.9929513335227966
65,MobileNet_Original + EffNet_RecPlot,42,1,1,0.06482979655265808,0.9351702332496643
65,MobileNet_Original + EffNet_RecPlot,43,1,1,0.014795158058404922,0.985204815864563
65,MobileNet_Original + EffNet_RecPlot,44,1,1,0.00440558884292841,0.9955943822860718
65,MobileNet_Original + EffNet_RecPlot,45,1,1,0.011323044076561928,0.9886769652366638
65,MobileNet_RecPlot + EffNet_Original,32,1,1,0.2637981176376343,0.7362018823623657
65,MobileNet_RecPlot + EffNet_Original,33,1,1,0.15549692511558533,0.8445030450820923
65,MobileNet_RecPlot + EffNet_Original,34,1,1,0.08138443529605865,0.9186155796051025
65,MobileNet_RecPlot + EffNet_Original,35,1,1,0.19760754704475403,0.8023924231529236
65,MobileNet_RecPlot + EffNet_Original,36,1,1,0.21642886102199554,0.7835711240768433
65,MobileNet_RecPlot + EffNet_Original,37,1,1,0.028701014816761017,0.9712989926338196
65,MobileNet_RecPlot + EffNet_Original,38,1,1,0.01489249151200056,0.9851074814796448
65,MobileNet_RecPlot + EffNet_Original,39,1,1,0.01122721191495657,0.9887727499008179
65,MobileNet_RecPlot + EffNet_Original,40,1,1,0.040931716561317444,0.9590682983398438
65,MobileNet_RecPlot + EffNet_Original,41,1,1,0.023009615018963814,0.9769904017448425
65,MobileNet_RecPlot + EffNet_Original,42,1,1,0.024983000010252,0.9750170111656189
65,MobileNet_RecPlot + EffNet_Original,43,1,1,0.20511028170585632,0.7948896884918213
65,MobileNet_RecPlot + EffNet_Original,44,1,1,0.02107318863272667,0.9789268374443054
65,MobileNet_RecPlot + EffNet_Original,45,1,1,0.007544847205281258,0.9924551248550415
65,MobileNet_RecPlot + EffNet_RecPlot,32,1,0,0.7368671894073486,0.26313281059265137
65,MobileNet_RecPlot + EffNet_RecPlot,33,1,0,0.5084189772605896,0.4915810227394104
65,MobileNet_RecPlot + EffNet_RecPlot,34,1,1,0.4883173406124115,0.5116826891899109
65,MobileNet_RecPlot + EffNet_RecPlot,35,1,1,0.2646956443786621,0.7353043556213379
65,MobileNet_RecPlot + EffNet_RecPlot,36,1,0,0.5889272093772888,0.4110727906227112
65,MobileNet_RecPlot + EffNet_RecPlot,37,1,1,0.028588226065039635,0.9714118242263794
65,MobileNet_RecPlot + EffNet_RecPlot,38,1,1,0.017155492678284645,0.9828445315361023
65,MobileNet_RecPlot + EffNet_RecPlot,39,1,1,0.013648688793182373,0.9863512516021729
65,MobileNet_RecPlot + EffNet_RecPlot,40,1,1,0.04004330933094025,0.959956705570221
65,MobileNet_RecPlot + EffNet_RecPlot,41,1,1,0.022755060344934464,0.9772449731826782
65,MobileNet_RecPlot + EffNet_RecPlot,42,1,1,0.07999122142791748,0.9200087785720825
65,MobileNet_RecPlot + EffNet_RecPlot,43,1,1,0.19075049459934235,0.8092495203018188
65,MobileNet_RecPlot + EffNet_RecPlot,44,1,1,0.022619152441620827,0.9773808717727661
65,MobileNet_RecPlot + EffNet_RecPlot,45,1,1,0.009858708828687668,0.9901412725448608
65,EffNet_Original + EffNet_RecPlot,32,1,1,0.4749735891819,0.5250263810157776
65,EffNet_Original + EffNet_RecPlot,33,1,1,0.3536316752433777,0.6463683247566223
65,EffNet_Original + EffNet_RecPlot,34,1,1,0.4077558219432831,0.5922441482543945
65,EffNet_Original + EffNet_RecPlot,35,1,1,0.06740377098321915,0.9325962066650391
65,EffNet_Original + EffNet_RecPlot,36,1,1,0.37283918261528015,0.6271607875823975
65,EffNet_Original + EffNet_RecPlot,37,1,1,0.004825717769563198,0.9951742887496948
65,EffNet_Original + EffNet_RecPlot,38,1,1,0.003278590738773346,0.9967213869094849
65,EffNet_Original + EffNet_RecPlot,39,1,1,0.0029511284083127975,0.9970489144325256
65,EffNet_Original + EffNet_RecPlot,40,1,1,0.003978951834142208,0.996021032333374
65,EffNet_Original + EffNet_RecPlot,41,1,1,0.0023541415575891733,0.9976458549499512
65,EffNet_Original + EffNet_RecPlot,42,1,1,0.06998932361602783,0.9300106763839722
65,EffNet_Original + EffNet_RecPlot,43,1,1,0.02035183645784855,0.9796481728553772
65,EffNet_Original + EffNet_RecPlot,44,1,1,0.0031712576746940613,0.9968287944793701
65,EffNet_Original + EffNet_RecPlot,45,1,1,0.01026882417500019,0.9897311925888062
65,MobileNet_Original + MobileNet_Original,32,1,1,0.018110504373908043,0.9818894863128662
65,MobileNet_Original + MobileNet_Original,33,1,1,0.18970263004302979,0.810297429561615
65,MobileNet_Original + MobileNet_Original,34,1,1,0.0003830979985650629,0.9996169209480286
65,MobileNet_Original + MobileNet_Original,35,1,1,0.005244876258075237,0.9947551488876343
65,MobileNet_Original + MobileNet_Original,36,1,1,0.0547354519367218,0.9452645778656006
65,MobileNet_Original + MobileNet_Original,37,1,1,0.03479602932929993,0.9652040004730225
65,MobileNet_Original + MobileNet_Original,38,1,1,0.10650013387203217,0.8934998512268066
65,MobileNet_Original + MobileNet_Original,39,1,1,0.005207048263400793,0.9947929382324219
65,MobileNet_Original + MobileNet_Original,40,1,1,0.002146549755707383,0.9978534579277039
65,MobileNet_Original + MobileNet_Original,41,1,1,0.011997761204838753,0.9880022406578064
65,MobileNet_Original + MobileNet_Original,42,1,1,0.004662035033106804,0.995337963104248
65,MobileNet_Original + MobileNet_Original,43,1,1,0.02359827235341072,0.9764017462730408
65,MobileNet_Original + MobileNet_Original,44,1,1,0.0040939548052847385,0.9959060549736023
65,MobileNet_Original + MobileNet_Original,45,1,1,0.010063402354717255,0.9899365901947021
65,MobileNet_RecPlot + MobileNet_RecPlot,32,1,0,0.5256917476654053,0.4743083119392395
65,MobileNet_RecPlot + MobileNet_RecPlot,33,1,1,0.31028422713279724,0.6897157430648804
65,MobileNet_RecPlot + MobileNet_RecPlot,34,1,1,0.16194595396518707,0.8380540609359741
65,MobileNet_RecPlot + MobileNet_RecPlot,35,1,1,0.3948994576931,0.6051005721092224
65,MobileNet_RecPlot + MobileNet_RecPlot,36,1,1,0.4325169026851654,0.567483127117157
65,MobileNet_RecPlot + MobileNet_RecPlot,37,1,1,0.05246352404356003,0.9475365281105042
65,MobileNet_RecPlot + MobileNet_RecPlot,38,1,1,0.028769394382834435,0.9712306261062622
65,MobileNet_RecPlot + MobileNet_RecPlot,39,1,1,0.02192477509379387,0.9780752658843994
65,MobileNet_RecPlot + MobileNet_RecPlot,40,1,1,0.07699607312679291,0.9230039715766907
65,MobileNet_RecPlot + MobileNet_RecPlot,41,1,1,0.0434105321764946,0.9565895199775696
65,MobileNet_RecPlot + MobileNet_RecPlot,42,1,1,0.03498489409685135,0.9650151133537292
65,MobileNet_RecPlot + MobileNet_RecPlot,43,1,1,0.3755089342594147,0.6244910359382629
65,MobileNet_RecPlot + MobileNet_RecPlot,44,1,1,0.040521081537008286,0.9594789147377014
65,MobileNet_RecPlot + MobileNet_RecPlot,45,1,1,0.007134731858968735,0.992865264415741
65,EffNet_Original + EffNet_Original,32,1,1,0.001904489821754396,0.9980955123901367
65,EffNet_Original + EffNet_Original,33,1,1,0.000709635904058814,0.9992903470993042
65,EffNet_Original + EffNet_Original,34,1,1,0.0008229131926782429,0.999177098274231
65,EffNet_Original + EffNet_Original,35,1,1,0.00031567245605401695,0.9996843338012695
65,EffNet_Original + EffNet_Original,36,1,1,0.00034082159982062876,0.9996591806411743
65,EffNet_Original + EffNet_Original,37,1,1,0.004938507918268442,0.9950615167617798
65,EffNet_Original + EffNet_Original,38,1,1,0.0010155902709811926,0.9989843964576721
65,EffNet_Original + EffNet_Original,39,1,1,0.0005296505987644196,0.9994702935218811
65,EffNet_Original + EffNet_Original,40,1,1,0.00486735999584198,0.9951326251029968
65,EffNet_Original + EffNet_Original,41,1,1,0.0026086929719895124,0.9973912835121155
65,EffNet_Original + EffNet_Original,42,1,1,0.0149811040610075,0.9850189089775085
65,EffNet_Original + EffNet_Original,43,1,1,0.034711629152297974,0.9652884006500244
65,EffNet_Original + EffNet_Original,44,1,1,0.0016252927016466856,0.9983747005462646
65,EffNet_Original + EffNet_Original,45,1,1,0.00795496255159378,0.9920450448989868
65,EffNet_RecPlot + EffNet_RecPlot,32,1,0,0.9480426907539368,0.05195732042193413
65,EffNet_RecPlot + EffNet_RecPlot,33,1,0,0.7065536975860596,0.2934463322162628
65,EffNet_RecPlot + EffNet_RecPlot,34,1,0,0.8146887421607971,0.18531128764152527
65,EffNet_RecPlot + EffNet_RecPlot,35,1,1,0.13449187576770782,0.8655081391334534
65,EffNet_RecPlot + EffNet_RecPlot,36,1,0,0.7453375458717346,0.2546624541282654
65,EffNet_RecPlot + EffNet_RecPlot,37,1,1,0.004712928552180529,0.9952870607376099
65,EffNet_RecPlot + EffNet_RecPlot,38,1,1,0.005541590973734856,0.9944584369659424
65,EffNet_RecPlot + EffNet_RecPlot,39,1,1,0.0053726062178611755,0.9946274161338806
65,EffNet_RecPlot + EffNet_RecPlot,40,1,1,0.00309054390527308,0.9969094395637512
65,EffNet_RecPlot + EffNet_RecPlot,41,1,1,0.002099590143188834,0.9979004263877869
65,EffNet_RecPlot + EffNet_RecPlot,42,1,1,0.12499754875898361,0.8750024437904358
65,EffNet_RecPlot + EffNet_RecPlot,43,1,1,0.0059920428320765495,0.99400794506073
65,EffNet_RecPlot + EffNet_RecPlot,44,1,1,0.004717222880572081,0.9952828288078308
65,EffNet_RecPlot + EffNet_RecPlot,45,1,1,0.012582686729729176,0.9874173402786255
87,MobileNet_Original + MobileNet_RecPlot,0,0,0,0.7038492560386658,0.2961507737636566
87,MobileNet_Original + MobileNet_RecPlot,1,0,0,0.6190330386161804,0.38096699118614197
87,MobileNet_Original + MobileNet_RecPlot,2,0,0,0.9645923376083374,0.035407714545726776
87,MobileNet_Original + MobileNet_RecPlot,3,0,0,0.9476639032363892,0.05233614146709442
87,MobileNet_Original + MobileNet_RecPlot,4,0,0,0.6462777853012085,0.3537222146987915
87,MobileNet_Original + MobileNet_RecPlot,5,0,0,0.9382107853889465,0.06178919970989227
87,MobileNet_Original + MobileNet_RecPlot,6,0,0,0.7980130314826965,0.20198696851730347
87,MobileNet_Original + MobileNet_RecPlot,7,0,0,0.9377963542938232,0.06220368668437004
87,MobileNet_Original + MobileNet_RecPlot,8,0,0,0.7446223497390747,0.2553776800632477
87,MobileNet_Original + MobileNet_RecPlot,9,0,0,0.5251138806343079,0.4748861789703369
87,MobileNet_Original + MobileNet_RecPlot,10,0,0,0.7191988825798035,0.28080111742019653
87,MobileNet_Original + MobileNet_RecPlot,11,0,0,0.9659706354141235,0.034029386937618256
87,MobileNet_Original + MobileNet_RecPlot,12,0,0,0.8189180493354797,0.18108201026916504
87,MobileNet_Original + MobileNet_RecPlot,13,0,0,0.7473801374435425,0.2526198923587799
87,MobileNet_Original + MobileNet_RecPlot,14,0,0,0.9003945589065552,0.09960542619228363
87,MobileNet_Original + MobileNet_RecPlot,15,0,0,0.8937628269195557,0.10623721778392792
87,MobileNet_Original + MobileNet_RecPlot,16,0,0,0.62169349193573,0.37830650806427
87,MobileNet_Original + MobileNet_RecPlot,17,0,0,0.6596937775611877,0.34030622243881226
87,MobileNet_Original + MobileNet_RecPlot,18,0,0,0.7132483720779419,0.2867516279220581
87,MobileNet_Original + MobileNet_RecPlot,19,0,0,0.8776865005493164,0.12231352180242538
87,MobileNet_Original + MobileNet_RecPlot,20,0,0,0.8447731733322144,0.15522682666778564
87,MobileNet_Original + MobileNet_RecPlot,21,0,0,0.8291993141174316,0.17080073058605194
87,MobileNet_Original + MobileNet_RecPlot,22,1,1,0.15616750717163086,0.8438324928283691
87,MobileNet_Original + MobileNet_RecPlot,23,1,1,0.05005449801683426,0.9499455094337463
87,MobileNet_Original + MobileNet_RecPlot,24,1,1,0.04772571846842766,0.9522742629051208
87,MobileNet_Original + MobileNet_RecPlot,25,1,1,0.15411078929901123,0.8458892107009888
87,MobileNet_Original + MobileNet_RecPlot,26,1,1,0.13431458175182343,0.8656854629516602
87,MobileNet_Original + MobileNet_RecPlot,27,1,1,0.06522960215806961,0.934770405292511
87,MobileNet_Original + MobileNet_RecPlot,28,1,1,0.19297119975090027,0.8070287704467773
87,MobileNet_Original + MobileNet_RecPlot,29,1,1,0.12388303130865097,0.8761169910430908
87,MobileNet_Original + MobileNet_RecPlot,30,1,1,0.05230117589235306,0.9476988315582275
87,MobileNet_Original + MobileNet_RecPlot,31,1,1,0.1687745898962021,0.8312253952026367
87,MobileNet_Original + EffNet_Original,0,0,0,0.9639546275138855,0.036045387387275696
87,MobileNet_Original + EffNet_Original,1,0,0,0.6014297008514404,0.39857029914855957
87,MobileNet_Original + EffNet_Original,2,0,0,0.9487046003341675,0.051295388489961624
87,MobileNet_Original + EffNet_Original,3,0,0,0.9794250726699829,0.02057489939033985
87,MobileNet_Original + EffNet_Original,4,0,0,0.9505060911178589,0.04949390888214111
87,MobileNet_Original + EffNet_Original,5,0,0,0.9628217220306396,0.03717826306819916
87,MobileNet_Original + EffNet_Original,6,0,0,0.8919668197631836,0.10803317278623581
87,MobileNet_Original + EffNet_Original,7,0,0,0.878409743309021,0.12159022688865662
87,MobileNet_Original + EffNet_Original,8,0,0,0.9936246871948242,0.006375340279191732
87,MobileNet_Original + EffNet_Original,9,0,0,0.8011655807495117,0.19883441925048828
87,MobileNet_Original + EffNet_Original,10,0,0,0.7974995374679565,0.20250049233436584
87,MobileNet_Original + EffNet_Original,11,0,0,0.7863451838493347,0.2136548012495041
87,MobileNet_Original + EffNet_Original,12,0,0,0.9395755529403687,0.06042449176311493
87,MobileNet_Original + EffNet_Original,13,0,0,0.8996905088424683,0.10030955076217651
87,MobileNet_Original + EffNet_Original,14,0,0,0.9524271488189697,0.04757285118103027
87,MobileNet_Original + EffNet_Original,15,0,0,0.8675143122673035,0.13248570263385773
87,MobileNet_Original + EffNet_Original,16,0,0,0.921074390411377,0.07892566174268723
87,MobileNet_Original + EffNet_Original,17,0,0,0.7491890788078308,0.2508109509944916
87,MobileNet_Original + EffNet_Original,18,0,0,0.868799090385437,0.131200909614563
87,MobileNet_Original + EffNet_Original,19,0,0,0.9425925612449646,0.05740742385387421
87,MobileNet_Original + EffNet_Original,20,0,0,0.6178964376449585,0.3821036219596863
87,MobileNet_Original + EffNet_Original,21,0,0,0.7911167740821838,0.20888325572013855
87,MobileNet_Original + EffNet_Original,22,1,1,0.03264588117599487,0.9673541188240051
87,MobileNet_Original + EffNet_Original,23,1,1,0.005542512517422438,0.994457483291626
87,MobileNet_Original + EffNet_Original,24,1,1,0.0029376340098679066,0.9970623850822449
87,MobileNet_Original + EffNet_Original,25,1,1,0.0063541647978127,0.9936458468437195
87,MobileNet_Original + EffNet_Original,26,1,1,0.00021643671789206564,0.9997835755348206
87,MobileNet_Original + EffNet_Original,27,1,1,0.01786162331700325,0.9821383953094482
87,MobileNet_Original + EffNet_Original,28,1,1,0.45099636912345886,0.5490036010742188
87,MobileNet_Original + EffNet_Original,29,1,1,0.040537409484386444,0.9594626426696777
87,MobileNet_Original + EffNet_Original,30,1,1,0.016208205372095108,0.9837918281555176
87,MobileNet_Original + EffNet_Original,31,1,1,0.011592335999011993,0.9884076714515686
87,MobileNet_Original + EffNet_RecPlot,0,0,0,0.691433310508728,0.30856671929359436
87,MobileNet_Original + EffNet_RecPlot,1,0,0,0.5470404624938965,0.4529595375061035
87,MobileNet_Original + EffNet_RecPlot,2,0,0,0.9455028176307678,0.05449722707271576
87,MobileNet_Original + EffNet_RecPlot,3,0,0,0.98090660572052,0.019093411043286324
87,MobileNet_Original + EffNet_RecPlot,4,0,0,0.9647086262702942,0.03529135137796402
87,MobileNet_Original + EffNet_RecPlot,5,0,0,0.9876052737236023,0.012394721619784832
87,MobileNet_Original + EffNet_RecPlot,6,0,0,0.8908905982971191,0.10910938680171967
87,MobileNet_Original + EffNet_RecPlot,7,0,0,0.9548860788345337,0.04511389508843422
87,MobileNet_Original + EffNet_RecPlot,8,0,0,0.9947047829627991,0.005295229144394398
87,MobileNet_Original + EffNet_RecPlot,9,0,0,0.8115990161895752,0.1884009689092636
87,MobileNet_Original + EffNet_RecPlot,10,0,0,0.8404668569564819,0.15953315794467926
87,MobileNet_Original + EffNet_RecPlot,11,0,0,0.9508385062217712,0.049161527305841446
87,MobileNet_Original + EffNet_RecPlot,12,0,0,0.6085023283958435,0.3914976418018341
87,MobileNet_Original + EffNet_RecPlot,13,0,0,0.9084802269935608,0.09151982516050339
87,MobileNet_Original + EffNet_RecPlot,14,0,0,0.99190753698349,0.008092454634606838
87,MobileNet_Original + EffNet_RecPlot,15,0,0,0.9262387752532959,0.0737612172961235
87,MobileNet_Original + EffNet_RecPlot,16,0,0,0.8026554584503174,0.19734454154968262
87,MobileNet_Original + EffNet_RecPlot,17,0,0,0.8121045827865601,0.18789544701576233
87,MobileNet_Original + EffNet_RecPlot,18,0,0,0.8821481466293335,0.11785189807415009
87,MobileNet_Original + EffNet_RecPlot,19,0,0,0.9759482145309448,0.024051789194345474
87,MobileNet_Original + EffNet_RecPlot,20,0,0,0.8422749638557434,0.15772506594657898
87,MobileNet_Original + EffNet_RecPlot,21,0,0,0.6051369309425354,0.3948630690574646
87,MobileNet_Original + EffNet_RecPlot,22,1,1,0.29204580187797546,0.7079542279243469
87,MobileNet_Original + EffNet_RecPlot,23,1,1,0.005902679171413183,0.9940972924232483
87,MobileNet_Original + EffNet_RecPlot,24,1,1,0.005281936377286911,0.994718074798584
87,MobileNet_Original + EffNet_RecPlot,25,1,1,0.005943809635937214,0.994056224822998
87,MobileNet_Original + EffNet_RecPlot,26,1,1,0.46470990777015686,0.5352900624275208
87,MobileNet_Original + EffNet_RecPlot,27,1,1,0.03245773911476135,0.967542290687561
87,MobileNet_Original + EffNet_RecPlot,28,1,1,0.17517443001270294,0.8248255848884583
87,MobileNet_Original + EffNet_RecPlot,29,1,1,0.10646768659353256,0.8935323357582092
87,MobileNet_Original + EffNet_RecPlot,30,1,1,0.02203885279595852,0.9779611825942993
87,MobileNet_Original + EffNet_RecPlot,31,1,1,0.013198439963161945,0.9868015646934509
87,MobileNet_RecPlot + EffNet_Original,0,0,0,0.7136979699134827,0.28630203008651733
87,MobileNet_RecPlot + EffNet_Original,1,0,0,0.5181032419204712,0.4818967580795288
87,MobileNet_RecPlot + EffNet_Original,2,0,0,0.9667589068412781,0.033241067081689835
87,MobileNet_RecPlot + EffNet_Original,3,0,0,0.9643861651420593,0.035613834857940674
87,MobileNet_RecPlot + EffNet_Original,4,0,0,0.6591795682907104,0.3408204913139343
87,MobileNet_RecPlot + EffNet_Original,5,0,0,0.9221323132514954,0.07786770910024643
87,MobileNet_RecPlot + EffNet_Original,6,0,0,0.879058837890625,0.12094113230705261
87,MobileNet_RecPlot + EffNet_Original,7,0,0,0.9043128490447998,0.09568719565868378
87,MobileNet_RecPlot + EffNet_Original,8,0,0,0.7395120859146118,0.2604879140853882
87,MobileNet_RecPlot + EffNet_Original,9,0,0,0.6827240586280823,0.3172759413719177
87,MobileNet_RecPlot + EffNet_Original,10,0,0,0.7110283970832825,0.2889716327190399
87,MobileNet_RecPlot + EffNet_Original,11,0,0,0.7925214767456055,0.2074785679578781
87,MobileNet_RecPlot + EffNet_Original,12,0,0,0.8526591062545776,0.14734093844890594
87,MobileNet_RecPlot + EffNet_Original,13,0,0,0.8192874193191528,0.18071256577968597
87,MobileNet_RecPlot + EffNet_Original,14,0,0,0.8621357679367065,0.13786421716213226
87,MobileNet_RecPlot + EffNet_Original,15,0,0,0.9083253741264343,0.09167464822530746
87,MobileNet_RecPlot + EffNet_Original,16,0,0,0.6688809990882874,0.3311190605163574
87,MobileNet_RecPlot + EffNet_Original,17,0,0,0.7821716070175171,0.21782837808132172
87,MobileNet_RecPlot + EffNet_Original,18,0,0,0.742426335811615,0.2575736939907074
87,MobileNet_RecPlot + EffNet_Original,19,0,0,0.8678376078605652,0.132162407040596
87,MobileNet_RecPlot + EffNet_Original,20,0,0,0.758491039276123,0.24150893092155457
87,MobileNet_RecPlot + EffNet_Original,21,0,0,0.7580064535140991,0.24199354648590088
87,MobileNet_RecPlot + EffNet_Original,22,1,1,0.1239975094795227,0.8760024905204773
87,MobileNet_RecPlot + EffNet_Original,23,1,1,0.04458038881421089,0.955419659614563
87,MobileNet_RecPlot + EffNet_Original,24,1,1,0.04482833668589592,0.9551716446876526
87,MobileNet_RecPlot + EffNet_Original,25,1,1,0.1491348147392273,0.8508651852607727
87,MobileNet_RecPlot + EffNet_Original,26,1,1,0.13441860675811768,0.8655813932418823
87,MobileNet_RecPlot + EffNet_Original,27,1,1,0.048279423266649246,0.9517205953598022
87,MobileNet_RecPlot + EffNet_Original,28,1,1,0.3803064525127411,0.6196935772895813
87,MobileNet_RecPlot + EffNet_Original,29,1,1,0.12768104672431946,0.8723189830780029
87,MobileNet_RecPlot + EffNet_Original,30,1,1,0.038727056235075,0.9612729549407959
87,MobileNet_RecPlot + EffNet_Original,31,1,1,0.15866224467754364,0.8413378000259399
87,MobileNet_RecPlot + EffNet_RecPlot,0,0,1,0.4411766529083252,0.5588233470916748
87,MobileNet_RecPlot + EffNet_RecPlot,1,0,1,0.46371400356292725,0.5362859964370728
87,MobileNet_RecPlot + EffNet_RecPlot,2,0,0,0.9635571241378784,0.03644290566444397
87,MobileNet_RecPlot + EffNet_RecPlot,3,0,0,0.9658676385879517,0.034132346510887146
87,MobileNet_RecPlot + EffNet_RecPlot,4,0,0,0.673382043838501,0.32661792635917664
87,MobileNet_RecPlot + EffNet_RecPlot,5,0,0,0.946915864944458,0.05308416485786438
87,MobileNet_RecPlot + EffNet_RecPlot,6,0,0,0.8779826760292053,0.12201735377311707
87,MobileNet_RecPlot + EffNet_RecPlot,7,0,0,0.9807891845703125,0.01921086758375168
87,MobileNet_RecPlot + EffNet_RecPlot,8,0,0,0.7405922412872314,0.25940781831741333
87,MobileNet_RecPlot + EffNet_RecPlot,9,0,0,0.6931574940681458,0.30684250593185425
87,MobileNet_RecPlot + EffNet_RecPlot,10,0,0,0.7539957165718079,0.24600426852703094
87,MobileNet_RecPlot + EffNet_RecPlot,11,0,0,0.9570146799087524,0.04298528656363487
87,MobileNet_RecPlot + EffNet_RecPlot,12,0,0,0.5215858817100525,0.4784140884876251
87,MobileNet_RecPlot + EffNet_RecPlot,13,0,0,0.8280771970748901,0.17192284762859344
87,MobileNet_RecPlot + EffNet_RecPlot,14,0,0,0.9016161561012268,0.0983838215470314
87,MobileNet_RecPlot + EffNet_RecPlot,15,0,0,0.9670498371124268,0.03295017406344414
87,MobileNet_RecPlot + EffNet_RecPlot,16,0,0,0.5504620671272278,0.4495379328727722
87,MobileNet_RecPlot + EffNet_RecPlot,17,0,0,0.8450871109962463,0.15491287410259247
87,MobileNet_RecPlot + EffNet_RecPlot,18,0,0,0.7557753324508667,0.2442246675491333
87,MobileNet_RecPlot + EffNet_RecPlot,19,0,0,0.9011932611465454,0.09880677610635757
87,MobileNet_RecPlot + EffNet_RecPlot,20,0,0,0.9828696250915527,0.017130373045802116
87,MobileNet_RecPlot + EffNet_RecPlot,21,0,0,0.5720266103744507,0.42797335982322693
87,MobileNet_RecPlot + EffNet_RecPlot,22,1,1,0.3833974301815033,0.6166025996208191
87,MobileNet_RecPlot + EffNet_RecPlot,23,1,1,0.044940557330846786,0.9550594687461853
87,MobileNet_RecPlot + EffNet_RecPlot,24,1,1,0.04717263579368591,0.9528273344039917
87,MobileNet_RecPlot + EffNet_RecPlot,25,1,1,0.14872446656227112,0.8512755632400513
87,MobileNet_RecPlot + EffNet_RecPlot,26,1,0,0.5989120602607727,0.4010879099369049
87,MobileNet_RecPlot + EffNet_RecPlot,27,1,1,0.06287553906440735,0.9371244311332703
87,MobileNet_RecPlot + EffNet_RecPlot,28,1,1,0.10448446869850159,0.895515501499176
87,MobileNet_RecPlot + EffNet_RecPlot,29,1,1,0.19361132383346558,0.8063887357711792
87,MobileNet_RecPlot + EffNet_RecPlot,30,1,1,0.04455770552158356,0.9554423093795776
87,MobileNet_RecPlot + EffNet_RecPlot,31,1,1,0.1602683663368225,0.8397316336631775
87,EffNet_Original + EffNet_RecPlot,0,0,0,0.7012820243835449,0.2987179756164551
87,EffNet_Original + EffNet_RecPlot,1,0,1,0.44611066579818726,0.5538893342018127
87,EffNet_Original + EffNet_RecPlot,2,0,0,0.9476694464683533,0.052330583333969116
87,EffNet_Original + EffNet_RecPlot,3,0,0,0.997628927230835,0.002371105831116438
87,EffNet_Original + EffNet_RecPlot,4,0,0,0.9776104092597961,0.022389624267816544
87,EffNet_Original + EffNet_RecPlot,5,0,0,0.9715267419815063,0.028473228216171265
87,EffNet_Original + EffNet_RecPlot,6,0,0,0.9719364643096924,0.02806355431675911
87,EffNet_Original + EffNet_RecPlot,7,0,0,0.9214025735855103,0.07859740406274796
87,EffNet_Original + EffNet_RecPlot,8,0,0,0.9895945191383362,0.010405484586954117
87,EffNet_Original + EffNet_RecPlot,9,0,0,0.9692092537879944,0.03079075925052166
87,EffNet_Original + EffNet_RecPlot,10,0,0,0.8322963714599609,0.16770362854003906
87,EffNet_Original + EffNet_RecPlot,11,0,0,0.7773892879486084,0.2226107120513916
87,EffNet_Original + EffNet_RecPlot,12,0,0,0.6422433853149414,0.357756644487381
87,EffNet_Original + EffNet_RecPlot,13,0,0,0.9803874492645264,0.019612496718764305
87,EffNet_Original + EffNet_RecPlot,14,0,0,0.9536487460136414,0.04635123908519745
87,EffNet_Original + EffNet_RecPlot,15,0,0,0.9408013224601746,0.05919865146279335
87,EffNet_Original + EffNet_RecPlot,16,0,0,0.84984290599823,0.15015707910060883
87,EffNet_Original + EffNet_RecPlot,17,0,0,0.9345824122428894,0.06541760265827179
87,EffNet_Original + EffNet_RecPlot,18,0,0,0.9113260507583618,0.08867393434047699
87,EffNet_Original + EffNet_RecPlot,19,0,0,0.9660993218421936,0.033900678157806396
87,EffNet_Original + EffNet_RecPlot,20,0,0,0.7559928894042969,0.2440071702003479
87,EffNet_Original + EffNet_RecPlot,21,0,0,0.5339441299438477,0.46605587005615234
87,EffNet_Original + EffNet_RecPlot,22,1,1,0.2598757743835449,0.7401242256164551
87,EffNet_Original + EffNet_RecPlot,23,1,1,0.0004285706381779164,0.9995714426040649
87,EffNet_Original + EffNet_RecPlot,24,1,1,0.0023845492396503687,0.9976154565811157
87,EffNet_Original + EffNet_RecPlot,25,1,1,0.0009678334463387728,0.9990321397781372
87,EffNet_Original + EffNet_RecPlot,26,1,1,0.4648139178752899,0.5351860523223877
87,EffNet_Original + EffNet_RecPlot,27,1,1,0.015507561154663563,0.9844924211502075
87,EffNet_Original + EffNet_RecPlot,28,1,1,0.36250966787338257,0.6374903321266174
87,EffNet_Original + EffNet_RecPlot,29,1,1,0.11026568710803986,0.8897342681884766
87,EffNet_Original + EffNet_RecPlot,30,1,1,0.008464732207357883,0.9915353059768677
87,EffNet_Original + EffNet_RecPlot,31,1,1,0.003086098236963153,0.9969139099121094
87,MobileNet_Original + MobileNet_Original,0,0,0,0.9541059136390686,0.045894134789705276
87,MobileNet_Original + MobileNet_Original,1,0,0,0.7023594975471497,0.29764050245285034
87,MobileNet_Original + MobileNet_Original,2,0,0,0.9465379118919373,0.05346202850341797
87,MobileNet_Original + MobileNet_Original,3,0,0,0.9627028107643127,0.03729720413684845
87,MobileNet_Original + MobileNet_Original,4,0,0,0.9376043677330017,0.062395643442869186
87,MobileNet_Original + MobileNet_Original,5,0,0,0.9789002537727356,0.0210997574031353
87,MobileNet_Original + MobileNet_Original,6,0,0,0.8109210133552551,0.18907900154590607
87,MobileNet_Original + MobileNet_Original,7,0,0,0.9118933081626892,0.08810672163963318
87,MobileNet_Original + MobileNet_Original,8,0,0,0.9987348914146423,0.0012650844873860478
87,MobileNet_Original + MobileNet_Original,9,0,0,0.6435554027557373,0.3564446270465851
87,MobileNet_Original + MobileNet_Original,10,0,0,0.8056700229644775,0.19433000683784485
87,MobileNet_Original + MobileNet_Original,11,0,0,0.9597944021224976,0.04020562022924423
87,MobileNet_Original + MobileNet_Original,12,0,0,0.9058344960212708,0.09416555613279343
87,MobileNet_Original + MobileNet_Original,13,0,0,0.8277831673622131,0.17221687734127045
87,MobileNet_Original + MobileNet_Original,14,0,0,0.9906859397888184,0.009314064867794514
87,MobileNet_Original + MobileNet_Original,15,0,0,0.85295170545578,0.14704826474189758
87,MobileNet_Original + MobileNet_Original,16,0,0,0.8738868832588196,0.12611311674118042
87,MobileNet_Original + MobileNet_Original,17,0,0,0.6267111897468567,0.3732887804508209
87,MobileNet_Original + MobileNet_Original,18,0,0,0.8396211862564087,0.1603788584470749
87,MobileNet_Original + MobileNet_Original,19,0,0,0.9524414539337158,0.047558534890413284
87,MobileNet_Original + MobileNet_Original,20,0,0,0.704178512096405,0.29582151770591736
87,MobileNet_Original + MobileNet_Original,21,0,0,0.8623095750808716,0.1376904398202896
87,MobileNet_Original + MobileNet_Original,22,1,1,0.06481589376926422,0.935184121131897
87,MobileNet_Original + MobileNet_Original,23,1,1,0.011016621254384518,0.9889833927154541
87,MobileNet_Original + MobileNet_Original,24,1,1,0.005835020914673805,0.9941650032997131
87,MobileNet_Original + MobileNet_Original,25,1,1,0.011330140754580498,0.9886698722839355
87,MobileNet_Original + MobileNet_Original,26,1,1,0.00011241114407312125,0.9998875856399536
87,MobileNet_Original + MobileNet_Original,27,1,1,0.034811802208423615,0.965188205242157
87,MobileNet_Original + MobileNet_Original,28,1,1,0.26366114616394043,0.7363388538360596
87,MobileNet_Original + MobileNet_Original,29,1,1,0.03673939406871796,0.9632605910301208
87,MobileNet_Original + MobileNet_Original,30,1,1,0.02978232502937317,0.9702177047729492
87,MobileNet_Original + MobileNet_Original,31,1,1,0.02170467935502529,0.9782953262329102
87,MobileNet_RecPlot + MobileNet_RecPlot,0,0,1,0.45359259843826294,0.5464074015617371
87,MobileNet_RecPlot + MobileNet_RecPlot,1,0,0,0.5357065200805664,0.4642934501171112
87,MobileNet_RecPlot + MobileNet_RecPlot,2,0,0,0.9826465845108032,0.017353393137454987
87,MobileNet_RecPlot + MobileNet_RecPlot,3,0,0,0.9326249361038208,0.0673750787973404
87,MobileNet_RecPlot + MobileNet_RecPlot,4,0,1,0.3549512028694153,0.6450487971305847
87,MobileNet_RecPlot + MobileNet_RecPlot,5,0,0,0.8975213766098022,0.10247864574193954
87,MobileNet_RecPlot + MobileNet_RecPlot,6,0,0,0.7851050496101379,0.21489492058753967
87,MobileNet_RecPlot + MobileNet_RecPlot,7,0,0,0.9636994004249573,0.0363006591796875
87,MobileNet_RecPlot + MobileNet_RecPlot,8,0,1,0.4905097484588623,0.5094902515411377
87,MobileNet_RecPlot + MobileNet_RecPlot,9,0,1,0.40667232871055603,0.5933277010917664
87,MobileNet_RecPlot + MobileNet_RecPlot,10,0,0,0.6327277421951294,0.3672722280025482
87,MobileNet_RecPlot + MobileNet_RecPlot,11,0,0,0.9721468091011047,0.027853146195411682
87,MobileNet_RecPlot + MobileNet_RecPlot,12,0,0,0.7320016026496887,0.26799845695495605
87,MobileNet_RecPlot + MobileNet_RecPlot,13,0,0,0.666977047920227,0.33302292227745056
87,MobileNet_RecPlot + MobileNet_RecPlot,14,0,0,0.810103178024292,0.18989679217338562
87,MobileNet_RecPlot + MobileNet_RecPlot,15,0,0,0.9345738887786865,0.06542617082595825
87,MobileNet_RecPlot + MobileNet_RecPlot,16,0,1,0.36950013041496277,0.6304998993873596
87,MobileNet_RecPlot + MobileNet_RecPlot,17,0,0,0.6926763653755188,0.3073236644268036
87,MobileNet_RecPlot + MobileNet_RecPlot,18,0,0,0.5868755578994751,0.4131244122982025
87,MobileNet_RecPlot + MobileNet_RecPlot,19,0,0,0.802931547164917,0.19706851243972778
87,MobileNet_RecPlot + MobileNet_RecPlot,20,0,0,0.9853678345680237,0.014632140286266804
87,MobileNet_RecPlot + MobileNet_RecPlot,21,0,0,0.7960889935493469,0.20391102135181427
87,MobileNet_RecPlot + MobileNet_RecPlot,22,1,1,0.24751915037631989,0.7524808645248413
87,MobileNet_RecPlot + MobileNet_RecPlot,23,1,1,0.08909237384796143,0.9109076857566833
87,MobileNet_RecPlot + MobileNet_RecPlot,24,1,1,0.08961642533540726,0.9103835821151733
87,MobileNet_RecPlot + MobileNet_RecPlot,25,1,1,0.296891450881958,0.703108549118042
87,MobileNet_RecPlot + MobileNet_RecPlot,26,1,1,0.26851674914360046,0.7314832806587219
87,MobileNet_RecPlot + MobileNet_RecPlot,27,1,1,0.0956474021077156,0.904352605342865
87,MobileNet_RecPlot + MobileNet_RecPlot,28,1,1,0.1222812607884407,0.8777187466621399
87,MobileNet_RecPlot + MobileNet_RecPlot,29,1,1,0.21102666854858398,0.7889733910560608
87,MobileNet_RecPlot + MobileNet_RecPlot,30,1,1,0.07482002675533295,0.9251800179481506
87,MobileNet_RecPlot + MobileNet_RecPlot,31,1,1,0.31584450602531433,0.6841554641723633
87,EffNet_Original + EffNet_Original,0,0,0,0.9738033413887024,0.026196636259555817
87,EffNet_Original + EffNet_Original,1,0,0,0.5004999041557312,0.4995000958442688
87,EffNet_Original + EffNet_Original,2,0,0,0.9508712291717529,0.04912874102592468
87,EffNet_Original + EffNet_Original,3,0,0,0.9961473941802979,0.0038525937125086784
87,EffNet_Original + EffNet_Original,4,0,0,0.9634078741073608,0.03659218177199364
87,EffNet_Original + EffNet_Original,5,0,0,0.9467432498931885,0.053256772458553314
87,EffNet_Original + EffNet_Original,6,0,0,0.9730126857757568,0.026987342163920403
87,EffNet_Original + EffNet_Original,7,0,0,0.8449262976646423,0.15507373213768005
87,EffNet_Original + EffNet_Original,8,0,0,0.9885144233703613,0.011485596187412739
87,EffNet_Original + EffNet_Original,9,0,0,0.9587757587432861,0.04122421145439148
87,EffNet_Original + EffNet_Original,10,0,0,0.7893290519714355,0.21067097783088684
87,EffNet_Original + EffNet_Original,11,0,0,0.6128960251808167,0.38710400462150574
87,EffNet_Original + EffNet_Original,12,0,0,0.9733166098594666,0.026683425530791283
87,EffNet_Original + EffNet_Original,13,0,0,0.9715977907180786,0.02840222232043743
87,EffNet_Original + EffNet_Original,14,0,0,0.9141683578491211,0.08583163470029831
87,EffNet_Original + EffNet_Original,15,0,0,0.8820768594741821,0.11792312562465668
87,EffNet_Original + EffNet_Original,16,0,0,0.9682618379592896,0.03173820301890373
87,EffNet_Original + EffNet_Original,17,0,0,0.8716669082641602,0.12833310663700104
87,EffNet_Original + EffNet_Original,18,0,0,0.8979770541191101,0.10202294588088989
87,EffNet_Original + EffNet_Original,19,0,0,0.9327436685562134,0.06725630909204483
87,EffNet_Original + EffNet_Original,20,0,0,0.5316143035888672,0.4683857262134552
87,EffNet_Original + EffNet_Original,21,0,0,0.7199239730834961,0.2800760567188263
87,EffNet_Original + EffNet_Original,22,1,1,0.0004758685827255249,0.9995241165161133
87,EffNet_Original + EffNet_Original,23,1,1,6.840460264356807e-05,0.9999315738677979
87,EffNet_Original + EffNet_Original,24,1,1,4.024681402370334e-05,0.9999597668647766
87,EffNet_Original + EffNet_Original,25,1,1,0.001378188724629581,0.9986218214035034
87,EffNet_Original + EffNet_Original,26,1,1,0.00032046230626292527,0.9996795654296875
87,EffNet_Original + EffNet_Original,27,1,1,0.0009114444837905467,0.9990885257720947
87,EffNet_Original + EffNet_Original,28,1,0,0.6383316516876221,0.3616683781147003
87,EffNet_Original + EffNet_Original,29,1,1,0.04433542490005493,0.9556645154953003
87,EffNet_Original + EffNet_Original,30,1,1,0.002634084317833185,0.9973658919334412
87,EffNet_Original + EffNet_Original,31,1,1,0.00147999485488981,0.9985199570655823
87,EffNet_RecPlot + EffNet_RecPlot,0,0,1,0.42876070737838745,0.5712392926216125
87,EffNet_RecPlot + EffNet_RecPlot,1,0,1,0.3917214572429657,0.6082785725593567
87,EffNet_RecPlot + EffNet_RecPlot,2,0,0,0.9444676041603088,0.05553241819143295
87,EffNet_RecPlot + EffNet_RecPlot,3,0,0,0.9991104006767273,0.0008896179497241974
87,EffNet_RecPlot + EffNet_RecPlot,4,0,0,0.9918129444122314,0.008187065832316875
87,EffNet_RecPlot + EffNet_RecPlot,5,0,0,0.996310293674469,0.0036896858364343643
87,EffNet_RecPlot + EffNet_RecPlot,6,0,0,0.9708602428436279,0.029139766469597816
87,EffNet_RecPlot + EffNet_RecPlot,7,0,0,0.997878909111023,0.002121075987815857
87,EffNet_RecPlot + EffNet_RecPlot,8,0,0,0.9906746745109558,0.00932537391781807
87,EffNet_RecPlot + EffNet_RecPlot,9,0,0,0.9796426892280579,0.020357301458716393
87,EffNet_RecPlot + EffNet_RecPlot,10,0,0,0.8752636909484863,0.12473630905151367
87,EffNet_RecPlot + EffNet_RecPlot,11,0,0,0.9418826103210449,0.05811743438243866
87,EffNet_RecPlot + EffNet_RecPlot,12,0,1,0.31117022037506104,0.6888298392295837
87,EffNet_RecPlot + EffNet_RecPlot,13,0,0,0.9891771674156189,0.010822775773704052
87,EffNet_RecPlot + EffNet_RecPlot,14,0,0,0.9931291341781616,0.0068708439357578754
87,EffNet_RecPlot + EffNet_RecPlot,15,0,0,0.9995258450508118,0.00047417444875463843
87,EffNet_RecPlot + EffNet_RecPlot,16,0,0,0.7314240336418152,0.2685759663581848
87,EffNet_RecPlot + EffNet_RecPlot,17,0,0,0.9974979162216187,0.0025020919274538755
87,EffNet_RecPlot + EffNet_RecPlot,18,0,0,0.9246751070022583,0.07532493025064468
87,EffNet_RecPlot + EffNet_RecPlot,19,0,0,0.9994549751281738,0.0005450417520478368
87,EffNet_RecPlot + EffNet_RecPlot,20,0,0,0.9803714156150818,0.019628606736660004
87,EffNet_RecPlot + EffNet_RecPlot,21,0,1,0.34796425700187683,0.6520357131958008
87,EffNet_RecPlot + EffNet_RecPlot,22,1,0,0.5192757248878479,0.4807243049144745
87,EffNet_RecPlot + EffNet_RecPlot,23,1,1,0.0007887366809882224,0.9992112517356873
87,EffNet_RecPlot + EffNet_RecPlot,24,1,1,0.004728851839900017,0.9952711462974548
87,EffNet_RecPlot + EffNet_RecPlot,25,1,1,0.0005574782262556255,0.9994425177574158
87,EffNet_RecPlot + EffNet_RecPlot,26,1,0,0.9293074607849121,0.07069255411624908
87,EffNet_RecPlot + EffNet_RecPlot,27,1,1,0.03010367788374424,0.9698963165283203
87,EffNet_RecPlot + EffNet_RecPlot,28,1,1,0.08668768405914307,0.9133123159408569
87,EffNet_RecPlot + EffNet_RecPlot,29,1,1,0.17619597911834717,0.8238040804862976
87,EffNet_RecPlot + EffNet_RecPlot,30,1,1,0.014295380562543869,0.9857046604156494
87,EffNet_RecPlot + EffNet_RecPlot,31,1,1,0.004692201968282461,0.9953078031539917
87,MobileNet_Original + MobileNet_RecPlot,32,1,1,0.473440557718277,0.5265594720840454
87,MobileNet_Original + MobileNet_RecPlot,33,1,1,0.20420075953006744,0.7957992553710938
87,MobileNet_Original + MobileNet_RecPlot,34,1,1,0.17507001757621765,0.82492995262146
87,MobileNet_Original + MobileNet_RecPlot,35,1,1,0.13973376154899597,0.8602662086486816
87,MobileNet_Original + MobileNet_RecPlot,36,1,1,0.2566090226173401,0.7433910369873047
87,MobileNet_Original + MobileNet_RecPlot,37,1,1,0.04454510658979416,0.95545494556427
87,MobileNet_Original + MobileNet_RecPlot,38,1,1,0.0828457698225975,0.9171542525291443
87,MobileNet_Original + MobileNet_RecPlot,39,1,1,0.029698163270950317,0.9703018069267273
87,MobileNet_Original + MobileNet_RecPlot,40,1,1,0.042884357273578644,0.957115650177002
87,MobileNet_Original + MobileNet_RecPlot,41,1,1,0.032855696976184845,0.9671443104743958
87,MobileNet_Original + MobileNet_RecPlot,42,1,1,0.04281812161207199,0.9571818709373474
87,MobileNet_Original + MobileNet_RecPlot,43,1,1,0.24411803483963013,0.7558819651603699
87,MobileNet_Original + MobileNet_RecPlot,44,1,1,0.03696230426430702,0.9630377292633057
87,MobileNet_Original + MobileNet_RecPlot,45,1,1,0.03637043014168739,0.9636296033859253
87,MobileNet_Original + EffNet_Original,32,1,1,0.007008066400885582,0.9929919242858887
87,MobileNet_Original + EffNet_Original,33,1,1,0.11099603027105331,0.8890039920806885
87,MobileNet_Original + EffNet_Original,34,1,1,0.00036844538408331573,0.9996315836906433
87,MobileNet_Original + EffNet_Original,35,1,1,0.0062185670249164104,0.9937814474105835
87,MobileNet_Original + EffNet_Original,36,1,1,0.026740210130810738,0.9732598066329956
87,MobileNet_Original + EffNet_Original,37,1,1,0.01634003408253193,0.9836599826812744
87,MobileNet_Original + EffNet_Original,38,1,1,0.04350164160132408,0.956498384475708
87,MobileNet_Original + EffNet_Original,39,1,1,0.0019912717398256063,0.9980087280273438
87,MobileNet_Original + EffNet_Original,40,1,1,0.002403885591775179,0.9975961446762085
87,MobileNet_Original + EffNet_Original,41,1,1,0.006831960286945105,0.9931680560112
87,MobileNet_Original + EffNet_Original,42,1,1,0.0020569199696183205,0.997943103313446
87,MobileNet_Original + EffNet_Original,43,1,1,0.00766035495325923,0.9923396706581116
87,MobileNet_Original + EffNet_Original,44,1,1,0.0023251099046319723,0.9976749420166016
87,MobileNet_Original + EffNet_Original,45,1,1,0.006447855848819017,0.9935521483421326
87,MobileNet_Original + EffNet_RecPlot,32,1,0,0.5067174434661865,0.4932825565338135
87,MobileNet_Original + EffNet_RecPlot,33,1,1,0.1114499568939209,0.8885500431060791
87,MobileNet_Original + EffNet_RecPlot,34,1,1,0.4958970844745636,0.5041029453277588
87,MobileNet_Original + EffNet_RecPlot,35,1,1,0.03281305730342865,0.9671869277954102
87,MobileNet_Original + EffNet_RecPlot,36,1,1,0.2699413597583771,0.7300586700439453
87,MobileNet_Original + EffNet_RecPlot,37,1,1,0.019691497087478638,0.9803085327148438
87,MobileNet_Original + EffNet_RecPlot,38,1,1,0.04528908059000969,0.9547109603881836
87,MobileNet_Original + EffNet_RecPlot,39,1,1,0.005848974920809269,0.9941510558128357
87,MobileNet_Original + EffNet_RecPlot,40,1,1,0.0021566697396337986,0.997843325138092
87,MobileNet_Original + EffNet_RecPlot,41,1,1,0.007574714720249176,0.992425262928009
87,MobileNet_Original + EffNet_RecPlot,42,1,1,0.00426573446020484,0.9957342743873596
87,MobileNet_Original + EffNet_RecPlot,43,1,1,0.026102213189005852,0.9738978147506714
87,MobileNet_Original + EffNet_RecPlot,44,1,1,0.0037476581055670977,0.9962523579597473
87,MobileNet_Original + EffNet_RecPlot,45,1,1,0.008767221122980118,0.9912327527999878
87,MobileNet_RecPlot + EffNet_Original,32,1,1,0.46649160981178284,0.5335084199905396
87,MobileNet_RecPlot + EffNet_Original,33,1,1,0.09519431740045547,0.9048056602478027
87,MobileNet_RecPlot + EffNet_Original,34,1,1,0.17492461204528809,0.8250753879547119
87,MobileNet_RecPlot + EffNet_Original,35,1,1,0.1340406984090805,0.8659592866897583
87,MobileNet_RecPlot + EffNet_Original,36,1,1,0.23026609420776367,0.7697339057922363
87,MobileNet_RecPlot + EffNet_Original,37,1,1,0.03133346512913704,0.9686665534973145
87,MobileNet_RecPlot + EffNet_Original,38,1,1,0.04034494236111641,0.9596550464630127
87,MobileNet_RecPlot + EffNet_Original,39,1,1,0.02775486558675766,0.9722451567649841
87,MobileNet_RecPlot + EffNet_Original,40,1,1,0.04236386716365814,0.9576361179351807
87,MobileNet_RecPlot + EffNet_Original,41,1,1,0.026215169578790665,0.973784863948822
87,MobileNet_RecPlot + EffNet_Original,42,1,1,0.04301043227314949,0.9569895267486572
87,MobileNet_RecPlot + EffNet_Original,43,1,1,0.23968833684921265,0.7603116631507874
87,MobileNet_RecPlot + EffNet_Original,44,1,1,0.03609799966216087,0.9639019966125488
87,MobileNet_RecPlot + EffNet_Original,45,1,1,0.03081412799656391,0.9691858887672424
87,MobileNet_RecPlot + EffNet_RecPlot,32,1,0,0.9662010073661804,0.03379903733730316
87,MobileNet_RecPlot + EffNet_RecPlot,33,1,1,0.09564825147390366,0.9043517708778381
87,MobileNet_RecPlot + EffNet_RecPlot,34,1,0,0.6704531908035278,0.3295467793941498
87,MobileNet_RecPlot + EffNet_RecPlot,35,1,1,0.16063518822193146,0.8393648266792297
87,MobileNet_RecPlot + EffNet_RecPlot,36,1,1,0.47346723079681396,0.526532769203186
87,MobileNet_RecPlot + EffNet_RecPlot,37,1,1,0.0346849299967289,0.9653151035308838
87,MobileNet_RecPlot + EffNet_RecPlot,38,1,1,0.04213238134980202,0.9578676223754883
87,MobileNet_RecPlot + EffNet_RecPlot,39,1,1,0.031612567603588104,0.9683874249458313
87,MobileNet_RecPlot + EffNet_RecPlot,40,1,1,0.04211665689945221,0.957883358001709
87,MobileNet_RecPlot + EffNet_RecPlot,41,1,1,0.02695792354643345,0.9730420708656311
87,MobileNet_RecPlot + EffNet_RecPlot,42,1,1,0.04521924629807472,0.9547806978225708
87,MobileNet_RecPlot + EffNet_RecPlot,43,1,1,0.25813019275665283,0.7418698072433472
87,MobileNet_RecPlot + EffNet_RecPlot,44,1,1,0.037520553916692734,0.9624794721603394
87,MobileNet_RecPlot + EffNet_RecPlot,45,1,1,0.03313349187374115,0.9668665528297424
87,EffNet_Original + EffNet_RecPlot,32,1,1,0.49976852536201477,0.5002315044403076
87,EffNet_Original + EffNet_RecPlot,33,1,1,0.0024435105733573437,0.9975565075874329
87,EffNet_Original + EffNet_RecPlot,34,1,1,0.49575164914131165,0.5042483806610107
87,EffNet_Original + EffNet_RecPlot,35,1,1,0.027119992300868034,0.9728800058364868
87,EffNet_Original + EffNet_RecPlot,36,1,1,0.24359843134880066,0.7564015984535217
87,EffNet_Original + EffNet_RecPlot,37,1,1,0.006479854695498943,0.9935201406478882
87,EffNet_Original + EffNet_RecPlot,38,1,1,0.002788262441754341,0.997211754322052
87,EffNet_Original + EffNet_RecPlot,39,1,1,0.0039056753739714622,0.9960943460464478
87,EffNet_Original + EffNet_RecPlot,40,1,1,0.0016361796297132969,0.9983637928962708
87,EffNet_Original + EffNet_RecPlot,41,1,1,0.000934185809455812,0.9990658164024353
87,EffNet_Original + EffNet_RecPlot,42,1,1,0.0044580488465726376,0.9955419898033142
87,EffNet_Original + EffNet_RecPlot,43,1,1,0.02167251706123352,0.9783274531364441
87,EffNet_Original + EffNet_RecPlot,44,1,1,0.002883356064558029,0.9971166253089905
87,EffNet_Original + EffNet_RecPlot,45,1,1,0.003210916882380843,0.9967890977859497
87,MobileNet_Original + MobileNet_Original,32,1,1,0.013957022689282894,0.9860429763793945
87,MobileNet_Original + MobileNet_Original,33,1,1,0.22000247240066528,0.7799975275993347
87,MobileNet_Original + MobileNet_Original,34,1,1,0.0005138636915944517,0.9994861483573914
87,MobileNet_Original + MobileNet_Original,35,1,1,0.011911632493138313,0.9880883693695068
87,MobileNet_Original + MobileNet_Original,36,1,1,0.05308312922716141,0.9469168782234192
87,MobileNet_Original + MobileNet_Original,37,1,1,0.02955167554318905,0.97044837474823
87,MobileNet_Original + MobileNet_Original,38,1,1,0.08600246161222458,0.9139975309371948
87,MobileNet_Original + MobileNet_Original,39,1,1,0.003934571519494057,0.9960654377937317
87,MobileNet_Original + MobileNet_Original,40,1,1,0.002924375468865037,0.9970756769180298
87,MobileNet_Original + MobileNet_Original,41,1,1,0.013472489081323147,0.9865275025367737
87,MobileNet_Original + MobileNet_Original,42,1,1,0.0018646047683432698,0.9981353878974915
87,MobileNet_Original + MobileNet_Original,43,1,1,0.012090050615370274,0.9879099726676941
87,MobileNet_Original + MobileNet_Original,44,1,1,0.003189411712810397,0.9968106150627136
87,MobileNet_Original + MobileNet_Original,45,1,1,0.01200416125357151,0.9879958629608154
87,MobileNet_RecPlot + MobileNet_RecPlot,32,1,0,0.9329240918159485,0.06707592308521271
87,MobileNet_RecPlot + MobileNet_RecPlot,33,1,1,0.1883990466594696,0.811600923538208
87,MobileNet_RecPlot + MobileNet_RecPlot,34,1,1,0.34962618350982666,0.6503738164901733
87,MobileNet_RecPlot + MobileNet_RecPlot,35,1,1,0.2675558924674988,0.732444167137146
87,MobileNet_RecPlot + MobileNet_RecPlot,36,1,1,0.460134893655777,0.5398651361465454
87,MobileNet_RecPlot + MobileNet_RecPlot,37,1,1,0.05953853949904442,0.9404615163803101
87,MobileNet_RecPlot + MobileNet_RecPlot,38,1,1,0.07968906313180923,0.920310914516449
87,MobileNet_RecPlot + MobileNet_RecPlot,39,1,1,0.055461760610342026,0.9445382356643677
87,MobileNet_RecPlot + MobileNet_RecPlot,40,1,1,0.08284434676170349,0.9171556830406189
87,MobileNet_RecPlot + MobileNet_RecPlot,41,1,1,0.05223890766501427,0.9477611184120178
87,MobileNet_RecPlot + MobileNet_RecPlot,42,1,1,0.08377163857221603,0.9162284135818481
87,MobileNet_RecPlot + MobileNet_RecPlot,43,1,1,0.47614601254463196,0.5238540172576904
87,MobileNet_RecPlot + MobileNet_RecPlot,44,1,1,0.07073519378900528,0.9292647838592529
87,MobileNet_RecPlot + MobileNet_RecPlot,45,1,1,0.060736700892448425,0.9392633438110352
87,EffNet_Original + EffNet_Original,32,1,1,5.911049447604455e-05,0.9999408721923828
87,EffNet_Original + EffNet_Original,33,1,1,0.0019895818550139666,0.9980104565620422
87,EffNet_Original + EffNet_Original,34,1,1,0.00022302710567601025,0.9997770190238953
87,EffNet_Original + EffNet_Original,35,1,1,0.0005255017313174903,0.9994745254516602
87,EffNet_Original + EffNet_Original,36,1,1,0.0003972913254983723,0.999602735042572
87,EffNet_Original + EffNet_Original,37,1,1,0.0031283919233828783,0.9968716502189636
87,EffNet_Original + EffNet_Original,38,1,1,0.0010008227545768023,0.9989991784095764
87,EffNet_Original + EffNet_Original,39,1,1,4.797199653694406e-05,0.9999520778656006
87,EffNet_Original + EffNet_Original,40,1,1,0.001883395598269999,0.9981166124343872
87,EffNet_Original + EffNet_Original,41,1,1,0.00019143166719004512,0.9998086094856262
87,EffNet_Original + EffNet_Original,42,1,1,0.0022492348216474056,0.9977508187294006
87,EffNet_Original + EffNet_Original,43,1,1,0.0032306599896401167,0.996769368648529
87,EffNet_Original + EffNet_Original,44,1,1,0.0014608079800382257,0.9985392093658447
87,EffNet_Original + EffNet_Original,45,1,1,0.0008915509679354727,0.9991084337234497
87,EffNet_RecPlot + EffNet_RecPlot,32,1,0,0.9994778037071228,0.0005221543251536787
87,EffNet_RecPlot + EffNet_RecPlot,33,1,1,0.002897439291700721,0.9971025586128235
87,EffNet_RecPlot + EffNet_RecPlot,34,1,0,0.9912802577018738,0.008719722740352154
87,EffNet_RecPlot + EffNet_RecPlot,35,1,1,0.053714483976364136,0.9462854862213135
87,EffNet_RecPlot + EffNet_RecPlot,36,1,1,0.48679956793785095,0.5132004618644714
87,EffNet_RecPlot + EffNet_RecPlot,37,1,1,0.009831317700445652,0.9901686906814575
87,EffNet_RecPlot + EffNet_RecPlot,38,1,1,0.004575701896101236,0.9954243302345276
87,EffNet_RecPlot + EffNet_RecPlot,39,1,1,0.0077633787877857685,0.9922366738319397
87,EffNet_RecPlot + EffNet_RecPlot,40,1,1,0.0013889638939872384,0.9986110329627991
87,EffNet_RecPlot + EffNet_RecPlot,41,1,1,0.0016769400099292397,0.9983230829238892
87,EffNet_RecPlot + EffNet_RecPlot,42,1,1,0.0066668628714978695,0.9933331608772278
87,EffNet_RecPlot + EffNet_RecPlot,43,1,1,0.040114372968673706,0.9598855972290039
87,EffNet_RecPlot + EffNet_RecPlot,44,1,1,0.004305904731154442,0.995694100856781
87,EffNet_RecPlot + EffNet_RecPlot,45,1,1,0.0055302828550338745,0.9944697618484497
93,MobileNet_Original + MobileNet_RecPlot,0,0,0,0.841033935546875,0.1589660346508026
93,MobileNet_Original + MobileNet_RecPlot,1,0,0,0.8205978870391846,0.17940211296081543
93,MobileNet_Original + MobileNet_RecPlot,2,0,0,0.9874921441078186,0.012507844716310501
93,MobileNet_Original + MobileNet_RecPlot,3,0,0,0.9756851196289062,0.02431490272283554
93,MobileNet_Original + MobileNet_RecPlot,4,0,0,0.9666606187820435,0.03333939239382744
93,MobileNet_Original + MobileNet_RecPlot,5,0,0,0.9831439256668091,0.016856130212545395
93,MobileNet_Original + MobileNet_RecPlot,6,0,0,0.9757351875305176,0.02426481992006302
93,MobileNet_Original + MobileNet_RecPlot,7,0,0,0.9562885165214539,0.04371149465441704
93,MobileNet_Original + MobileNet_RecPlot,8,0,0,0.9882448315620422,0.01175518985837698
93,MobileNet_Original + MobileNet_RecPlot,9,0,0,0.9422081708908081,0.0577918142080307
93,MobileNet_Original + MobileNet_RecPlot,10,0,0,0.8219897150993347,0.17801031470298767
93,MobileNet_Original + MobileNet_RecPlot,11,0,0,0.9507331252098083,0.04926687851548195
93,MobileNet_Original + MobileNet_RecPlot,12,0,0,0.9181815981864929,0.08181837946176529
93,MobileNet_Original + MobileNet_RecPlot,13,0,0,0.9135510921478271,0.08644890785217285
93,MobileNet_Original + MobileNet_RecPlot,14,0,0,0.9636465311050415,0.03635343909263611
93,MobileNet_Original + MobileNet_RecPlot,15,0,0,0.9538066983222961,0.04619332775473595
93,MobileNet_Original + MobileNet_RecPlot,16,0,0,0.8893344402313232,0.11066552996635437
93,MobileNet_Original + MobileNet_RecPlot,17,0,0,0.8508648872375488,0.14913508296012878
93,MobileNet_Original + MobileNet_RecPlot,18,0,0,0.9631917476654053,0.036808256059885025
93,MobileNet_Original + MobileNet_RecPlot,19,0,0,0.9361101388931274,0.06388986110687256
93,MobileNet_Original + MobileNet_RecPlot,20,0,0,0.8830643892288208,0.11693564057350159
93,MobileNet_Original + MobileNet_RecPlot,21,0,0,0.9210565090179443,0.07894346117973328
93,MobileNet_Original + MobileNet_RecPlot,22,1,1,0.031324390321969986,0.9686756134033203
93,MobileNet_Original + MobileNet_RecPlot,23,1,1,0.007292818743735552,0.9927071928977966
93,MobileNet_Original + MobileNet_RecPlot,24,1,1,0.03524904325604439,0.9647510051727295
93,MobileNet_Original + MobileNet_RecPlot,25,1,1,0.2225094586610794,0.7774905562400818
93,MobileNet_Original + MobileNet_RecPlot,26,1,1,0.39291438460350037,0.607085645198822
93,MobileNet_Original + MobileNet_RecPlot,27,1,1,0.06646408140659332,0.9335359334945679
93,MobileNet_Original + MobileNet_RecPlot,28,1,1,0.19448381662368774,0.8055161833763123
93,MobileNet_Original + MobileNet_RecPlot,29,1,1,0.13902351260185242,0.86097651720047
93,MobileNet_Original + MobileNet_RecPlot,30,1,1,0.026226863265037537,0.9737731218338013
93,MobileNet_Original + MobileNet_RecPlot,31,1,1,0.031380362808704376,0.9686196446418762
93,MobileNet_Original + EffNet_Original,0,0,0,0.9719429016113281,0.028057105839252472
93,MobileNet_Original + EffNet_Original,1,0,0,0.7613150477409363,0.2386849820613861
93,MobileNet_Original + EffNet_Original,2,0,0,0.9786081910133362,0.02139178290963173
93,MobileNet_Original + EffNet_Original,3,0,0,0.9762540459632874,0.023745959624648094
93,MobileNet_Original + EffNet_Original,4,0,0,0.7793668508529663,0.22063319385051727
93,MobileNet_Original + EffNet_Original,5,0,0,0.9284040927886963,0.0715959444642067
93,MobileNet_Original + EffNet_Original,6,0,0,0.9890018701553345,0.01099814660847187
93,MobileNet_Original + EffNet_Original,7,0,0,0.8877679705619812,0.1122320145368576
93,MobileNet_Original + EffNet_Original,8,0,0,0.9951096177101135,0.004890411626547575
93,MobileNet_Original + EffNet_Original,9,0,0,0.8737881183624268,0.12621191143989563
93,MobileNet_Original + EffNet_Original,10,0,0,0.5331358313560486,0.4668642282485962
93,MobileNet_Original + EffNet_Original,11,0,0,0.5382717251777649,0.4617282748222351
93,MobileNet_Original + EffNet_Original,12,0,0,0.8905268907546997,0.10947312414646149
93,MobileNet_Original + EffNet_Original,13,0,0,0.839882493019104,0.1601174920797348
93,MobileNet_Original + EffNet_Original,14,0,0,0.6100010275840759,0.38999900221824646
93,MobileNet_Original + EffNet_Original,15,0,0,0.8371556997299194,0.16284430027008057
93,MobileNet_Original + EffNet_Original,16,0,0,0.9400018453598022,0.05999815836548805
93,MobileNet_Original + EffNet_Original,17,0,0,0.6323753595352173,0.3676246404647827
93,MobileNet_Original + EffNet_Original,18,0,0,0.8024617433547974,0.19753824174404144
93,MobileNet_Original + EffNet_Original,19,0,0,0.6548362374305725,0.3451637625694275
93,MobileNet_Original + EffNet_Original,20,0,1,0.46315547823905945,0.5368444919586182
93,MobileNet_Original + EffNet_Original,21,0,0,0.5873367786407471,0.41266322135925293
93,MobileNet_Original + EffNet_Original,22,1,1,0.01576649397611618,0.9842334985733032
93,MobileNet_Original + EffNet_Original,23,1,1,0.004773471504449844,0.9952265024185181
93,MobileNet_Original + EffNet_Original,24,1,1,0.0006471647648140788,0.9993528127670288
93,MobileNet_Original + EffNet_Original,25,1,1,0.0008500825497321784,0.9991499185562134
93,MobileNet_Original + EffNet_Original,26,1,1,0.010611796751618385,0.9893882274627686
93,MobileNet_Original + EffNet_Original,27,1,1,0.036526575684547424,0.9634734392166138
93,MobileNet_Original + EffNet_Original,28,1,1,0.4402841031551361,0.5597158670425415
93,MobileNet_Original + EffNet_Original,29,1,1,0.1248876228928566,0.8751123547554016
93,MobileNet_Original + EffNet_Original,30,1,1,0.017609231173992157,0.9823907613754272
93,MobileNet_Original + EffNet_Original,31,1,1,0.007162319030612707,0.99283766746521
93,MobileNet_Original + EffNet_RecPlot,0,0,0,0.6555439233779907,0.3444560468196869
93,MobileNet_Original + EffNet_RecPlot,1,0,0,0.6614483594894409,0.33855170011520386
93,MobileNet_Original + EffNet_RecPlot,2,0,0,0.9868531823158264,0.013146815821528435
93,MobileNet_Original + EffNet_RecPlot,3,0,0,0.9793126583099365,0.020687375217676163
93,MobileNet_Original + EffNet_RecPlot,4,0,0,0.9898723363876343,0.010127714835107327
93,MobileNet_Original + EffNet_RecPlot,5,0,0,0.9790744781494141,0.020925577729940414
93,MobileNet_Original + EffNet_RecPlot,6,0,0,0.8798485398292542,0.12015145272016525
93,MobileNet_Original + EffNet_RecPlot,7,0,0,0.9567104578018188,0.04328954592347145
93,MobileNet_Original + EffNet_RecPlot,8,0,0,0.9986679553985596,0.0013320178259164095
93,MobileNet_Original + EffNet_RecPlot,9,0,0,0.9457908272743225,0.05420918017625809
93,MobileNet_Original + EffNet_RecPlot,10,0,0,0.9232028126716614,0.07679720968008041
93,MobileNet_Original + EffNet_RecPlot,11,0,0,0.9522368311882019,0.04776318371295929
93,MobileNet_Original + EffNet_RecPlot,12,0,0,0.5071723461151123,0.4928276836872101
93,MobileNet_Original + EffNet_RecPlot,13,0,0,0.9571058750152588,0.0428941510617733
93,MobileNet_Original + EffNet_RecPlot,14,0,0,0.9749029278755188,0.025097092613577843
93,MobileNet_Original + EffNet_RecPlot,15,0,0,0.9786938428878784,0.02130616083741188
93,MobileNet_Original + EffNet_RecPlot,16,0,0,0.7713174819946289,0.2286825180053711
93,MobileNet_Original + EffNet_RecPlot,17,0,0,0.8613235354423523,0.1386764943599701
93,MobileNet_Original + EffNet_RecPlot,18,0,0,0.9569502472877502,0.043049756437540054
93,MobileNet_Original + EffNet_RecPlot,19,0,0,0.9847681522369385,0.01523189339786768
93,MobileNet_Original + EffNet_RecPlot,20,0,0,0.8855417966842651,0.11445813626050949
93,MobileNet_Original + EffNet_RecPlot,21,0,0,0.671998143196106,0.32800185680389404
93,MobileNet_Original + EffNet_RecPlot,22,1,1,0.1319868415594101,0.8680131435394287
93,MobileNet_Original + EffNet_RecPlot,23,1,1,0.009222861379384995,0.9907771348953247
93,MobileNet_Original + EffNet_RecPlot,24,1,1,0.006444277707487345,0.9935557246208191
93,MobileNet_Original + EffNet_RecPlot,25,1,1,0.0005414359620772302,0.9994585514068604
93,MobileNet_Original + EffNet_RecPlot,26,1,1,0.49688008427619934,0.503119945526123
93,MobileNet_Original + EffNet_RecPlot,27,1,1,0.03774850815534592,0.9622514843940735
93,MobileNet_Original + EffNet_RecPlot,28,1,1,0.23172473907470703,0.768275260925293
93,MobileNet_Original + EffNet_RecPlot,29,1,1,0.1348160356283188,0.86518394947052
93,MobileNet_Original + EffNet_RecPlot,30,1,1,0.0314110703766346,0.9685889482498169
93,MobileNet_Original + EffNet_RecPlot,31,1,1,0.01035935990512371,0.9896406531333923
93,MobileNet_RecPlot + EffNet_Original,0,0,0,0.8212805986404419,0.1787194311618805
93,MobileNet_RecPlot + EffNet_Original,1,0,0,0.7149097919464111,0.28509020805358887
93,MobileNet_RecPlot + EffNet_Original,2,0,0,0.9898883700370789,0.010111640207469463
93,MobileNet_RecPlot + EffNet_Original,3,0,0,0.9922642111778259,0.007735816296190023
93,MobileNet_RecPlot + EffNet_Original,4,0,0,0.7611820101737976,0.2388179898262024
93,MobileNet_RecPlot + EffNet_Original,5,0,0,0.9396530389785767,0.06034696847200394
93,MobileNet_RecPlot + EffNet_Original,6,0,0,0.982297420501709,0.01770259439945221
93,MobileNet_RecPlot + EffNet_Original,7,0,0,0.9299364686012268,0.07006353884935379
93,MobileNet_RecPlot + EffNet_Original,8,0,0,0.9845798015594482,0.015420198440551758
93,MobileNet_RecPlot + EffNet_Original,9,0,0,0.9151526093482971,0.08484738320112228
93,MobileNet_RecPlot + EffNet_Original,10,0,1,0.49870747327804565,0.5012925863265991
93,MobileNet_RecPlot + EffNet_Original,11,0,0,0.583299994468689,0.4167000353336334
93,MobileNet_RecPlot + EffNet_Original,12,0,0,0.8477773070335388,0.1522226780653
93,MobileNet_RecPlot + EffNet_Original,13,0,0,0.8324728608131409,0.16752715408802032
93,MobileNet_RecPlot + EffNet_Original,14,0,0,0.5779762864112854,0.4220237135887146
93,MobileNet_RecPlot + EffNet_Original,15,0,0,0.8309487104415894,0.16905128955841064
93,MobileNet_RecPlot + EffNet_Original,16,0,0,0.8667519688606262,0.13324806094169617
93,MobileNet_RecPlot + EffNet_Original,17,0,0,0.6875491142272949,0.3124508857727051
93,MobileNet_RecPlot + EffNet_Original,18,0,0,0.8187484741210938,0.18125151097774506
93,MobileNet_RecPlot + EffNet_Original,19,0,0,0.6164044141769409,0.3835955858230591
93,MobileNet_RecPlot + EffNet_Original,20,0,0,0.5742381811141968,0.42576178908348083
93,MobileNet_RecPlot + EffNet_Original,21,0,0,0.6355010867118835,0.36449894309043884
93,MobileNet_RecPlot + EffNet_Original,22,1,1,0.017151907086372375,0.9828481078147888
93,MobileNet_RecPlot + EffNet_Original,23,1,1,0.0028542836662381887,0.9971457123756409
93,MobileNet_RecPlot + EffNet_Original,24,1,1,0.03468819335103035,0.9653118252754211
93,MobileNet_RecPlot + EffNet_Original,25,1,1,0.22296127676963806,0.7770387530326843
93,MobileNet_RecPlot + EffNet_Original,26,1,1,0.4023750126361847,0.5976250171661377
93,MobileNet_RecPlot + EffNet_Original,27,1,1,0.03503645211458206,0.9649635553359985
93,MobileNet_RecPlot + EffNet_Original,28,1,1,0.25654998421669006,0.7434499859809875
93,MobileNet_RecPlot + EffNet_Original,29,1,1,0.0877397209405899,0.9122602939605713
93,MobileNet_RecPlot + EffNet_Original,30,1,1,0.011496149934828281,0.9885038733482361
93,MobileNet_RecPlot + EffNet_Original,31,1,1,0.034527234733104706,0.9654727578163147
93,MobileNet_RecPlot + EffNet_RecPlot,0,0,0,0.5048816204071045,0.4951183795928955
93,MobileNet_RecPlot + EffNet_RecPlot,1,0,0,0.6150431036949158,0.38495689630508423
93,MobileNet_RecPlot + EffNet_RecPlot,2,0,0,0.9981333017349243,0.0018666733521968126
93,MobileNet_RecPlot + EffNet_RecPlot,3,0,0,0.9953227639198303,0.004677231423556805
93,MobileNet_RecPlot + EffNet_RecPlot,4,0,0,0.9716874957084656,0.02831251360476017
93,MobileNet_RecPlot + EffNet_RecPlot,5,0,0,0.9903234243392944,0.00967660266906023
93,MobileNet_RecPlot + EffNet_RecPlot,6,0,0,0.8731440901756287,0.12685590982437134
93,MobileNet_RecPlot + EffNet_RecPlot,7,0,0,0.9988789558410645,0.0011210627853870392
93,MobileNet_RecPlot + EffNet_RecPlot,8,0,0,0.9881381988525391,0.011861804872751236
93,MobileNet_RecPlot + EffNet_RecPlot,9,0,0,0.9871553778648376,0.012844651937484741
93,MobileNet_RecPlot + EffNet_RecPlot,10,0,0,0.8887744545936584,0.11122557520866394
93,MobileNet_RecPlot + EffNet_RecPlot,11,0,0,0.9972650408744812,0.0027349316515028477
93,MobileNet_RecPlot + EffNet_RecPlot,12,0,1,0.4644227921962738,0.5355772376060486
93,MobileNet_RecPlot + EffNet_RecPlot,13,0,0,0.9496961832046509,0.05030381679534912
93,MobileNet_RecPlot + EffNet_RecPlot,14,0,0,0.942878246307373,0.05712179094552994
93,MobileNet_RecPlot + EffNet_RecPlot,15,0,0,0.9724868535995483,0.02751314826309681
93,MobileNet_RecPlot + EffNet_RecPlot,16,0,0,0.6980676054954529,0.3019324243068695
93,MobileNet_RecPlot + EffNet_RecPlot,17,0,0,0.9164972305297852,0.08350272476673126
93,MobileNet_RecPlot + EffNet_RecPlot,18,0,0,0.9732369780540466,0.026763027533888817
93,MobileNet_RecPlot + EffNet_RecPlot,19,0,0,0.9463362693786621,0.05366373062133789
93,MobileNet_RecPlot + EffNet_RecPlot,20,0,0,0.9966245889663696,0.0033754319883883
93,MobileNet_RecPlot + EffNet_RecPlot,21,0,0,0.7201624512672424,0.27983754873275757
93,MobileNet_RecPlot + EffNet_RecPlot,22,1,1,0.1333722621202469,0.8666277527809143
93,MobileNet_RecPlot + EffNet_RecPlot,23,1,1,0.007303673308342695,0.9926963448524475
93,MobileNet_RecPlot + EffNet_RecPlot,24,1,1,0.040485307574272156,0.9595146775245667
93,MobileNet_RecPlot + EffNet_RecPlot,25,1,1,0.2226526290178299,0.7773473858833313
93,MobileNet_RecPlot + EffNet_RecPlot,26,1,0,0.8886432647705078,0.111356720328331
93,MobileNet_RecPlot + EffNet_RecPlot,27,1,1,0.036258384585380554,0.963741660118103
93,MobileNet_RecPlot + EffNet_RecPlot,28,1,1,0.04799061641097069,0.952009379863739
93,MobileNet_RecPlot + EffNet_RecPlot,29,1,1,0.0976681262254715,0.9023318886756897
93,MobileNet_RecPlot + EffNet_RecPlot,30,1,1,0.02529798448085785,0.974702000617981
93,MobileNet_RecPlot + EffNet_RecPlot,31,1,1,0.037724271416664124,0.9622757434844971
93,EffNet_Original + EffNet_RecPlot,0,0,0,0.6357905864715576,0.36420944333076477
93,EffNet_Original + EffNet_RecPlot,1,0,0,0.5557602643966675,0.4442397952079773
93,EffNet_Original + EffNet_RecPlot,2,0,0,0.9892494082450867,0.010750611312687397
93,EffNet_Original + EffNet_RecPlot,3,0,0,0.9958916902542114,0.004108288325369358
93,EffNet_Original + EffNet_RecPlot,4,0,0,0.7843937277793884,0.21560631692409515
93,EffNet_Original + EffNet_RecPlot,5,0,0,0.9355835914611816,0.06441641598939896
93,EffNet_Original + EffNet_RecPlot,6,0,0,0.8864107728004456,0.11358922719955444
93,EffNet_Original + EffNet_RecPlot,7,0,0,0.9303584098815918,0.0696415826678276
93,EffNet_Original + EffNet_RecPlot,8,0,0,0.9950029850006104,0.004997027572244406
93,EffNet_Original + EffNet_RecPlot,9,0,0,0.9187352657318115,0.08126474171876907
93,EffNet_Original + EffNet_RecPlot,10,0,0,0.5999205708503723,0.4000794589519501
93,EffNet_Original + EffNet_RecPlot,11,0,0,0.5848036408424377,0.41519632935523987
93,EffNet_Original + EffNet_RecPlot,12,0,1,0.4367680251598358,0.5632319450378418
93,EffNet_Original + EffNet_RecPlot,13,0,0,0.8760275840759277,0.12397239357233047
93,EffNet_Original + EffNet_RecPlot,14,0,0,0.5892326831817627,0.4107673466205597
93,EffNet_Original + EffNet_RecPlot,15,0,0,0.8558359146118164,0.14416411519050598
93,EffNet_Original + EffNet_RecPlot,16,0,0,0.7487349510192871,0.2512650191783905
93,EffNet_Original + EffNet_RecPlot,17,0,0,0.6980077624320984,0.3019922971725464
93,EffNet_Original + EffNet_RecPlot,18,0,0,0.8125069737434387,0.18749302625656128
93,EffNet_Original + EffNet_RecPlot,19,0,0,0.6650623679161072,0.3349376320838928
93,EffNet_Original + EffNet_RecPlot,20,0,0,0.5767157077789307,0.42328429222106934
93,EffNet_Original + EffNet_RecPlot,21,0,1,0.3864426612854004,0.6135573387145996
93,EffNet_Original + EffNet_RecPlot,22,1,1,0.11781436204910278,0.8821856379508972
93,EffNet_Original + EffNet_RecPlot,23,1,1,0.0047843256033957005,0.995215654373169
93,EffNet_Original + EffNet_RecPlot,24,1,1,0.005883427336812019,0.9941165447235107
93,EffNet_Original + EffNet_RecPlot,25,1,1,0.0009932405082508922,0.9990067481994629
93,EffNet_Original + EffNet_RecPlot,26,1,0,0.506340742111206,0.49365928769111633
93,EffNet_Original + EffNet_RecPlot,27,1,1,0.00632087979465723,0.9936791062355042
93,EffNet_Original + EffNet_RecPlot,28,1,1,0.29379090666770935,0.7062090635299683
93,EffNet_Original + EffNet_RecPlot,29,1,1,0.08353224396705627,0.9164677262306213
93,EffNet_Original + EffNet_RecPlot,30,1,1,0.01668035052716732,0.9833196401596069
93,EffNet_Original + EffNet_RecPlot,31,1,1,0.013506229966878891,0.9864937663078308
93,MobileNet_Original + MobileNet_Original,0,0,0,0.991696298122406,0.00830371119081974
93,MobileNet_Original + MobileNet_Original,1,0,0,0.8670031428337097,0.13299690186977386
93,MobileNet_Original + MobileNet_Original,2,0,0,0.9762120246887207,0.02378798834979534
93,MobileNet_Original + MobileNet_Original,3,0,0,0.9596749544143677,0.040325045585632324
93,MobileNet_Original + MobileNet_Original,4,0,0,0.9848453998565674,0.01515459455549717
93,MobileNet_Original + MobileNet_Original,5,0,0,0.9718949198722839,0.028105104342103004
93,MobileNet_Original + MobileNet_Original,6,0,0,0.9824396371841431,0.01756037399172783
93,MobileNet_Original + MobileNet_Original,7,0,0,0.9141200184822083,0.08587997406721115
93,MobileNet_Original + MobileNet_Original,8,0,0,0.9987745881080627,0.001225401647388935
93,MobileNet_Original + MobileNet_Original,9,0,0,0.9008436799049377,0.09915634989738464
93,MobileNet_Original + MobileNet_Original,10,0,0,0.8564180731773376,0.14358195662498474
93,MobileNet_Original + MobileNet_Original,11,0,0,0.905704915523529,0.09429512917995453
93,MobileNet_Original + MobileNet_Original,12,0,0,0.9609311819076538,0.03906882554292679
93,MobileNet_Original + MobileNet_Original,13,0,0,0.9209607839584351,0.07903924584388733
93,MobileNet_Original + MobileNet_Original,14,0,0,0.995671272277832,0.004328742623329163
93,MobileNet_Original + MobileNet_Original,15,0,0,0.9600136876106262,0.03998633846640587
93,MobileNet_Original + MobileNet_Original,16,0,0,0.962584376335144,0.03741563856601715
93,MobileNet_Original + MobileNet_Original,17,0,0,0.7956911325454712,0.20430883765220642
93,MobileNet_Original + MobileNet_Original,18,0,0,0.9469050168991089,0.05309498310089111
93,MobileNet_Original + MobileNet_Original,19,0,0,0.9745420217514038,0.02545802667737007
93,MobileNet_Original + MobileNet_Original,20,0,0,0.7719816565513611,0.2280183583498001
93,MobileNet_Original + MobileNet_Original,21,0,0,0.8728922605514526,0.12710776925086975
93,MobileNet_Original + MobileNet_Original,22,1,1,0.02993897721171379,0.9700610637664795
93,MobileNet_Original + MobileNet_Original,23,1,1,0.009212006814777851,0.9907880425453186
93,MobileNet_Original + MobileNet_Original,24,1,1,0.0012080144369974732,0.9987919926643372
93,MobileNet_Original + MobileNet_Original,25,1,1,0.0003982780035585165,0.9996017813682556
93,MobileNet_Original + MobileNet_Original,26,1,1,0.001151157426647842,0.9988488554954529
93,MobileNet_Original + MobileNet_Original,27,1,1,0.06795420497655869,0.9320458173751831
93,MobileNet_Original + MobileNet_Original,28,1,1,0.3782179355621338,0.6217820644378662
93,MobileNet_Original + MobileNet_Original,29,1,1,0.1761714071035385,0.8238285779953003
93,MobileNet_Original + MobileNet_Original,30,1,1,0.032339949160814285,0.9676600694656372
93,MobileNet_Original + MobileNet_Original,31,1,1,0.0040154485031962395,0.9959845542907715
93,MobileNet_RecPlot + MobileNet_RecPlot,0,0,0,0.6903716325759888,0.30962836742401123
93,MobileNet_RecPlot + MobileNet_RecPlot,1,0,0,0.7741926908493042,0.2258073091506958
93,MobileNet_RecPlot + MobileNet_RecPlot,2,0,0,0.9987723231315613,0.0012277032947167754
93,MobileNet_RecPlot + MobileNet_RecPlot,3,0,0,0.9916952252388,0.008304758928716183
93,MobileNet_RecPlot + MobileNet_RecPlot,4,0,0,0.9484757781028748,0.051524192094802856
93,MobileNet_RecPlot + MobileNet_RecPlot,5,0,0,0.9943928718566895,0.005607154220342636
93,MobileNet_RecPlot + MobileNet_RecPlot,6,0,0,0.9690307378768921,0.030969269573688507
93,MobileNet_RecPlot + MobileNet_RecPlot,7,0,0,0.9984570145606995,0.0015430108178406954
93,MobileNet_RecPlot + MobileNet_RecPlot,8,0,0,0.977715015411377,0.0222849752753973
93,MobileNet_RecPlot + MobileNet_RecPlot,9,0,0,0.9835727214813232,0.016427291557192802
93,MobileNet_RecPlot + MobileNet_RecPlot,10,0,0,0.7875613570213318,0.2124386876821518
93,MobileNet_RecPlot + MobileNet_RecPlot,11,0,0,0.9957613945007324,0.00423862598836422
93,MobileNet_RecPlot + MobileNet_RecPlot,12,0,0,0.8754320740699768,0.12456794083118439
93,MobileNet_RecPlot + MobileNet_RecPlot,13,0,0,0.906141459941864,0.09385857731103897
93,MobileNet_RecPlot + MobileNet_RecPlot,14,0,0,0.9316218495368958,0.06837813556194305
93,MobileNet_RecPlot + MobileNet_RecPlot,15,0,0,0.9475997090339661,0.052400317043066025
93,MobileNet_RecPlot + MobileNet_RecPlot,16,0,0,0.8160845637321472,0.18391543626785278
93,MobileNet_RecPlot + MobileNet_RecPlot,17,0,0,0.9060387015342712,0.09396132826805115
93,MobileNet_RecPlot + MobileNet_RecPlot,18,0,0,0.9794784784317017,0.020521530881524086
93,MobileNet_RecPlot + MobileNet_RecPlot,19,0,0,0.8976783156394958,0.10232169926166534
93,MobileNet_RecPlot + MobileNet_RecPlot,20,0,0,0.9941470623016357,0.005852917209267616
93,MobileNet_RecPlot + MobileNet_RecPlot,21,0,0,0.9692208766937256,0.030779147520661354
93,MobileNet_RecPlot + MobileNet_RecPlot,22,1,1,0.03270980343222618,0.9672902226448059
93,MobileNet_RecPlot + MobileNet_RecPlot,23,1,1,0.0053736306726932526,0.9946263432502747
93,MobileNet_RecPlot + MobileNet_RecPlot,24,1,1,0.06929007172584534,0.930709958076477
93,MobileNet_RecPlot + MobileNet_RecPlot,25,1,1,0.44462063908576965,0.555379331111908
93,MobileNet_RecPlot + MobileNet_RecPlot,26,1,0,0.7846775650978088,0.21532243490219116
93,MobileNet_RecPlot + MobileNet_RecPlot,27,1,1,0.06497395038604736,0.9350259900093079
93,MobileNet_RecPlot + MobileNet_RecPlot,28,1,1,0.010749705135822296,0.9892503023147583
93,MobileNet_RecPlot + MobileNet_RecPlot,29,1,1,0.10187560319900513,0.8981244564056396
93,MobileNet_RecPlot + MobileNet_RecPlot,30,1,1,0.020113782957196236,0.9798862338066101
93,MobileNet_RecPlot + MobileNet_RecPlot,31,1,1,0.05874527618288994,0.941254734992981
93,EffNet_Original + EffNet_Original,0,0,0,0.9521894454956055,0.047810494899749756
93,EffNet_Original + EffNet_Original,1,0,0,0.6556269526481628,0.34437307715415955
93,EffNet_Original + EffNet_Original,2,0,0,0.9810044169425964,0.018995577469468117
93,EffNet_Original + EffNet_Original,3,0,0,0.992833137512207,0.0071668727323412895
93,EffNet_Original + EffNet_Original,4,0,0,0.5738882422447205,0.42611178755760193
93,EffNet_Original + EffNet_Original,5,0,0,0.8849132061004639,0.11508678644895554
93,EffNet_Original + EffNet_Original,6,0,0,0.9955641031265259,0.004435919225215912
93,EffNet_Original + EffNet_Original,7,0,0,0.8614159226417542,0.13858404755592346
93,EffNet_Original + EffNet_Original,8,0,0,0.9914445281028748,0.00855542067438364
93,EffNet_Original + EffNet_Original,9,0,0,0.8467325568199158,0.15326747298240662
93,EffNet_Original + EffNet_Original,10,0,1,0.20985357463359833,0.7901464700698853
93,EffNet_Original + EffNet_Original,11,0,1,0.17083856463432312,0.8291614055633545
93,EffNet_Original + EffNet_Original,12,0,0,0.8201225996017456,0.17987743020057678
93,EffNet_Original + EffNet_Original,13,0,0,0.7588042616844177,0.24119573831558228
93,EffNet_Original + EffNet_Original,14,0,1,0.22433075308799744,0.775669276714325
93,EffNet_Original + EffNet_Original,15,0,0,0.7142977118492126,0.28570225834846497
93,EffNet_Original + EffNet_Original,16,0,0,0.9174193143844604,0.08258067816495895
93,EffNet_Original + EffNet_Original,17,0,1,0.469059556722641,0.5309404730796814
93,EffNet_Original + EffNet_Original,18,0,0,0.6580184698104858,0.3419815003871918
93,EffNet_Original + EffNet_Original,19,0,1,0.3351304829120636,0.664869487285614
93,EffNet_Original + EffNet_Original,20,0,1,0.1543293297290802,0.8456707000732422
93,EffNet_Original + EffNet_Original,21,0,1,0.3017812967300415,0.6982187032699585
93,EffNet_Original + EffNet_Original,22,1,1,0.001594010042026639,0.9984059929847717
93,EffNet_Original + EffNet_Original,23,1,1,0.0003349360777065158,0.9996650815010071
93,EffNet_Original + EffNet_Original,24,1,1,8.631507080281153e-05,0.9999136924743652
93,EffNet_Original + EffNet_Original,25,1,1,0.0013018870959058404,0.9986981153488159
93,EffNet_Original + EffNet_Original,26,1,1,0.020072434097528458,0.9799275398254395
93,EffNet_Original + EffNet_Original,27,1,1,0.005098950117826462,0.9949010610580444
93,EffNet_Original + EffNet_Original,28,1,0,0.5023503303527832,0.4976496994495392
93,EffNet_Original + EffNet_Original,29,1,1,0.07360383868217468,0.9263961315155029
93,EffNet_Original + EffNet_Original,30,1,1,0.002878517610952258,0.9971215128898621
93,EffNet_Original + EffNet_Original,31,1,1,0.010309189558029175,0.9896907806396484
93,EffNet_RecPlot + EffNet_RecPlot,0,0,1,0.3193916082382202,0.6806083917617798
93,EffNet_RecPlot + EffNet_RecPlot,1,0,1,0.45589354634284973,0.5441064834594727
93,EffNet_RecPlot + EffNet_RecPlot,2,0,0,0.9974943399429321,0.002505643293261528
93,EffNet_RecPlot + EffNet_RecPlot,3,0,0,0.9989503026008606,0.0010497035691514611
93,EffNet_RecPlot + EffNet_RecPlot,4,0,0,0.9948992133140564,0.005100834649056196
93,EffNet_RecPlot + EffNet_RecPlot,5,0,0,0.9862539768218994,0.013746051117777824
93,EffNet_RecPlot + EffNet_RecPlot,6,0,0,0.7772574424743652,0.22274252772331238
93,EffNet_RecPlot + EffNet_RecPlot,7,0,0,0.9993008971214294,0.0006991146947257221
93,EffNet_RecPlot + EffNet_RecPlot,8,0,0,0.9985613822937012,0.001438634004443884
93,EffNet_RecPlot + EffNet_RecPlot,9,0,0,0.9907379746437073,0.00926201231777668
93,EffNet_RecPlot + EffNet_RecPlot,10,0,0,0.9899875521659851,0.010012463666498661
93,EffNet_RecPlot + EffNet_RecPlot,11,0,0,0.9987687468528748,0.0012312375474721193
93,EffNet_RecPlot + EffNet_RecPlot,12,0,1,0.05341349169611931,0.9465864896774292
93,EffNet_RecPlot + EffNet_RecPlot,13,0,0,0.9932509660720825,0.006749054882675409
93,EffNet_RecPlot + EffNet_RecPlot,14,0,0,0.9541345834732056,0.04586544260382652
93,EffNet_RecPlot + EffNet_RecPlot,15,0,0,0.9973740577697754,0.002625984139740467
93,EffNet_RecPlot + EffNet_RecPlot,16,0,0,0.5800505876541138,0.41994938254356384
93,EffNet_RecPlot + EffNet_RecPlot,17,0,0,0.9269558191299438,0.07304412871599197
93,EffNet_RecPlot + EffNet_RecPlot,18,0,0,0.9669954776763916,0.0330045260488987
93,EffNet_RecPlot + EffNet_RecPlot,19,0,0,0.9949942231178284,0.005005760118365288
93,EffNet_RecPlot + EffNet_RecPlot,20,0,0,0.999101996421814,0.0008979465928860009
93,EffNet_RecPlot + EffNet_RecPlot,21,0,1,0.47110405564308167,0.5288959741592407
93,EffNet_RecPlot + EffNet_RecPlot,22,1,1,0.2340347170829773,0.7659652829170227
93,EffNet_RecPlot + EffNet_RecPlot,23,1,1,0.009233715012669563,0.9907662868499756
93,EffNet_RecPlot + EffNet_RecPlot,24,1,1,0.01168054062873125,0.988319456577301
93,EffNet_RecPlot + EffNet_RecPlot,25,1,1,0.0006845939205959439,0.9993153810501099
93,EffNet_RecPlot + EffNet_RecPlot,26,1,0,0.9926090240478516,0.007391005754470825
93,EffNet_RecPlot + EffNet_RecPlot,27,1,1,0.007542809937149286,0.9924572110176086
93,EffNet_RecPlot + EffNet_RecPlot,28,1,1,0.08523152768611908,0.9147684574127197
93,EffNet_RecPlot + EffNet_RecPlot,29,1,1,0.09346065670251846,0.9065393209457397
93,EffNet_RecPlot + EffNet_RecPlot,30,1,1,0.030482186004519463,0.9695178270339966
93,EffNet_RecPlot + EffNet_RecPlot,31,1,1,0.016703270375728607,0.9832967519760132
93,MobileNet_Original + MobileNet_RecPlot,32,1,1,0.18182235956192017,0.8181776404380798
93,MobileNet_Original + MobileNet_RecPlot,33,1,1,0.2542903423309326,0.7457096576690674
93,MobileNet_Original + MobileNet_RecPlot,34,1,1,0.008811619132757187,0.9911884069442749
93,MobileNet_Original + MobileNet_RecPlot,35,1,1,0.21471740305423737,0.7852826118469238
93,MobileNet_Original + MobileNet_RecPlot,36,1,1,0.31999722123146057,0.6800028085708618
93,MobileNet_Original + MobileNet_RecPlot,37,1,1,0.014430747367441654,0.9855692386627197
93,MobileNet_Original + MobileNet_RecPlot,38,1,1,0.018877873197197914,0.9811221361160278
93,MobileNet_Original + MobileNet_RecPlot,39,1,1,0.005939967464655638,0.9940600395202637
93,MobileNet_Original + MobileNet_RecPlot,40,1,1,0.01680082455277443,0.9831991195678711
93,MobileNet_Original + MobileNet_RecPlot,41,1,1,0.023265810683369637,0.9767341613769531
93,MobileNet_Original + MobileNet_RecPlot,42,1,1,0.005517573095858097,0.9944823980331421
93,MobileNet_Original + MobileNet_RecPlot,43,1,1,0.39677295088768005,0.6032270789146423
93,MobileNet_Original + MobileNet_RecPlot,44,1,1,0.005535717587918043,0.9944642782211304
93,MobileNet_Original + MobileNet_RecPlot,45,1,1,0.010343206115067005,0.9896568059921265
93,MobileNet_Original + EffNet_Original,32,1,1,0.0027754742186516523,0.9972245693206787
93,MobileNet_Original + EffNet_Original,33,1,1,0.15731149911880493,0.8426884412765503
93,MobileNet_Original + EffNet_Original,34,1,1,0.0009747561998665333,0.9990252256393433
93,MobileNet_Original + EffNet_Original,35,1,1,0.006115684751421213,0.9938843250274658
93,MobileNet_Original + EffNet_Original,36,1,1,0.008066359907388687,0.9919336438179016
93,MobileNet_Original + EffNet_Original,37,1,1,0.009369081817567348,0.9906309247016907
93,MobileNet_Original + EffNet_Original,38,1,1,0.013737336732447147,0.9862626791000366
93,MobileNet_Original + EffNet_Original,39,1,1,0.0006581866764463484,0.9993418455123901
93,MobileNet_Original + EffNet_Original,40,1,1,0.0030666112434118986,0.9969334006309509
93,MobileNet_Original + EffNet_Original,41,1,1,0.00286304228939116,0.9971369504928589
93,MobileNet_Original + EffNet_Original,42,1,1,0.00187570636626333,0.9981243014335632
93,MobileNet_Original + EffNet_Original,43,1,1,0.005726845934987068,0.9942731261253357
93,MobileNet_Original + EffNet_Original,44,1,1,0.002552188467234373,0.9974478483200073
93,MobileNet_Original + EffNet_Original,45,1,1,0.002103425096720457,0.9978965520858765
93,MobileNet_Original + EffNet_RecPlot,32,1,1,0.4591919481754303,0.5408080220222473
93,MobileNet_Original + EffNet_RecPlot,33,1,1,0.24949225783348083,0.7505077123641968
93,MobileNet_Original + EffNet_RecPlot,34,1,1,0.4978405237197876,0.5021594762802124
93,MobileNet_Original + EffNet_RecPlot,35,1,1,0.04854980483651161,0.9514502286911011
93,MobileNet_Original + EffNet_RecPlot,36,1,1,0.27776893973350525,0.7222310304641724
93,MobileNet_Original + EffNet_RecPlot,37,1,1,0.01027912087738514,0.98972088098526
93,MobileNet_Original + EffNet_RecPlot,38,1,1,0.01246342621743679,0.987536609172821
93,MobileNet_Original + EffNet_RecPlot,39,1,1,0.0037069895770400763,0.9962930679321289
93,MobileNet_Original + EffNet_RecPlot,40,1,1,0.01640891097486019,0.9835910797119141
93,MobileNet_Original + EffNet_RecPlot,41,1,1,0.003937225788831711,0.9960627555847168
93,MobileNet_Original + EffNet_RecPlot,42,1,1,0.013649903237819672,0.9863500595092773
93,MobileNet_Original + EffNet_RecPlot,43,1,1,0.0045511722564697266,0.9954488277435303
93,MobileNet_Original + EffNet_RecPlot,44,1,1,0.002742876298725605,0.9972571134567261
93,MobileNet_Original + EffNet_RecPlot,45,1,1,0.0036101331934332848,0.9963898658752441
93,MobileNet_RecPlot + EffNet_Original,32,1,1,0.18113955855369568,0.8188604712486267
93,MobileNet_RecPlot + EffNet_Original,33,1,1,0.09990094602108002,0.9000990986824036
93,MobileNet_RecPlot + EffNet_Original,34,1,1,0.009335272014141083,0.9906647801399231
93,MobileNet_RecPlot + EffNet_Original,35,1,1,0.21974912285804749,0.7802509069442749
93,MobileNet_RecPlot + EffNet_Original,36,1,1,0.31242620944976807,0.6875737905502319
93,MobileNet_RecPlot + EffNet_Original,37,1,1,0.008710258640348911,0.9912897348403931
93,MobileNet_RecPlot + EffNet_Original,38,1,1,0.010349906980991364,0.9896501302719116
93,MobileNet_RecPlot + EffNet_Original,39,1,1,0.0063376957550644875,0.9936623573303223
93,MobileNet_RecPlot + EffNet_Original,40,1,1,0.019547075033187866,0.9804529547691345
93,MobileNet_RecPlot + EffNet_Original,41,1,1,0.020953746512532234,0.9790462851524353
93,MobileNet_RecPlot + EffNet_Original,42,1,1,0.005202218424528837,0.9947977662086487
93,MobileNet_RecPlot + EffNet_Original,43,1,1,0.396319717168808,0.6036802530288696
93,MobileNet_RecPlot + EffNet_Original,44,1,1,0.006392008624970913,0.9936079978942871
93,MobileNet_RecPlot + EffNet_Original,45,1,1,0.010764692910015583,0.9892352819442749
93,MobileNet_RecPlot + EffNet_RecPlot,32,1,0,0.6375560164451599,0.3624439835548401
93,MobileNet_RecPlot + EffNet_RecPlot,33,1,1,0.19208168983459473,0.8079183101654053
93,MobileNet_RecPlot + EffNet_RecPlot,34,1,0,0.5062010288238525,0.49379897117614746
93,MobileNet_RecPlot + EffNet_RecPlot,35,1,1,0.2621832489967346,0.7378167510032654
93,MobileNet_RecPlot + EffNet_RecPlot,36,1,0,0.5821288228034973,0.4178712069988251
93,MobileNet_RecPlot + EffNet_RecPlot,37,1,1,0.009620298631489277,0.9903796911239624
93,MobileNet_RecPlot + EffNet_RecPlot,38,1,1,0.009075996465981007,0.9909240007400513
93,MobileNet_RecPlot + EffNet_RecPlot,39,1,1,0.009386497549712658,0.9906134605407715
93,MobileNet_RecPlot + EffNet_RecPlot,40,1,1,0.03288937360048294,0.9671106338500977
93,MobileNet_RecPlot + EffNet_RecPlot,41,1,1,0.02202793024480343,0.9779720902442932
93,MobileNet_RecPlot + EffNet_RecPlot,42,1,1,0.01697641611099243,0.9830235838890076
93,MobileNet_RecPlot + EffNet_RecPlot,43,1,1,0.3951440453529358,0.6048559546470642
93,MobileNet_RecPlot + EffNet_RecPlot,44,1,1,0.006582696922123432,0.9934173226356506
93,MobileNet_RecPlot + EffNet_RecPlot,45,1,1,0.012271401472389698,0.9877285957336426
93,EffNet_Original + EffNet_RecPlot,32,1,1,0.4585091471672058,0.541490912437439
93,EffNet_Original + EffNet_RecPlot,33,1,1,0.09510285407304764,0.904897153377533
93,EffNet_Original + EffNet_RecPlot,34,1,1,0.4983641803264618,0.5016358494758606
93,EffNet_Original + EffNet_RecPlot,35,1,1,0.05358152091503143,0.9464185237884521
93,EffNet_Original + EffNet_RecPlot,36,1,1,0.27019795775413513,0.7298020720481873
93,EffNet_Original + EffNet_RecPlot,37,1,1,0.004558633081614971,0.9954413771629333
93,EffNet_Original + EffNet_RecPlot,38,1,1,0.00393546000123024,0.9960645437240601
93,EffNet_Original + EffNet_RecPlot,39,1,1,0.004104717634618282,0.9958953261375427
93,EffNet_Original + EffNet_RecPlot,40,1,1,0.01915515772998333,0.9808448553085327
93,EffNet_Original + EffNet_RecPlot,41,1,1,0.0016251627821475267,0.998374879360199
93,EffNet_Original + EffNet_RecPlot,42,1,1,0.013334549963474274,0.9866654872894287
93,EffNet_Original + EffNet_RecPlot,43,1,1,0.004097954835742712,0.9959020614624023
93,EffNet_Original + EffNet_RecPlot,44,1,1,0.0035991668701171875,0.9964008331298828
93,EffNet_Original + EffNet_RecPlot,45,1,1,0.00403162045404315,0.9959684014320374
93,MobileNet_Original + MobileNet_Original,32,1,1,0.003458269638940692,0.9965417385101318
93,MobileNet_Original + MobileNet_Original,33,1,1,0.3117009103298187,0.6882991194725037
93,MobileNet_Original + MobileNet_Original,34,1,1,0.0004511035804171115,0.9995489120483398
93,MobileNet_Original + MobileNet_Original,35,1,1,0.0010839712340384722,0.9989160299301147
93,MobileNet_Original + MobileNet_Original,36,1,1,0.015637366101145744,0.9843626618385315
93,MobileNet_Original + MobileNet_Original,37,1,1,0.015089569613337517,0.9849104285240173
93,MobileNet_Original + MobileNet_Original,38,1,1,0.022265302017331123,0.9777347445487976
93,MobileNet_Original + MobileNet_Original,39,1,1,0.0002604584733489901,0.9997395873069763
93,MobileNet_Original + MobileNet_Original,40,1,1,0.0003203654778189957,0.999679684638977
93,MobileNet_Original + MobileNet_Original,41,1,1,0.005175105296075344,0.9948248863220215
93,MobileNet_Original + MobileNet_Original,42,1,1,0.0021910613868385553,0.9978089928627014
93,MobileNet_Original + MobileNet_Original,43,1,1,0.006180064287036657,0.9938199520111084
93,MobileNet_Original + MobileNet_Original,44,1,1,0.0016958977794274688,0.9983041286468506
93,MobileNet_Original + MobileNet_Original,45,1,1,0.0016819383017718792,0.998318076133728
93,MobileNet_RecPlot + MobileNet_RecPlot,32,1,1,0.3601864278316498,0.6398135423660278
93,MobileNet_RecPlot + MobileNet_RecPlot,33,1,1,0.1968797743320465,0.8031202554702759
93,MobileNet_RecPlot + MobileNet_RecPlot,34,1,1,0.017172135412693024,0.98282790184021
93,MobileNet_RecPlot + MobileNet_RecPlot,35,1,1,0.4283508360385895,0.5716491341590881
93,MobileNet_RecPlot + MobileNet_RecPlot,36,1,0,0.6243570446968079,0.37564292550086975
93,MobileNet_RecPlot + MobileNet_RecPlot,37,1,1,0.013771925121545792,0.9862280488014221
93,MobileNet_RecPlot + MobileNet_RecPlot,38,1,1,0.01549044344574213,0.9845095276832581
93,MobileNet_RecPlot + MobileNet_RecPlot,39,1,1,0.011619476601481438,0.9883805513381958
93,MobileNet_RecPlot + MobileNet_RecPlot,40,1,1,0.03328128904104233,0.9667187333106995
93,MobileNet_RecPlot + MobileNet_RecPlot,41,1,1,0.041356515139341354,0.9586434960365295
93,MobileNet_RecPlot + MobileNet_RecPlot,42,1,1,0.008844085969030857,0.9911559224128723
93,MobileNet_RecPlot + MobileNet_RecPlot,43,1,0,0.7873657941818237,0.21263420581817627
93,MobileNet_RecPlot + MobileNet_RecPlot,44,1,1,0.009375537745654583,0.9906244874000549
93,MobileNet_RecPlot + MobileNet_RecPlot,45,1,1,0.019004475325345993,0.9809955358505249
93,EffNet_Original + EffNet_Original,32,1,1,0.0020926787983626127,0.997907280921936
93,EffNet_Original + EffNet_Original,33,1,1,0.0029221142176538706,0.9970779418945312
93,EffNet_Original + EffNet_Original,34,1,1,0.0014984086155891418,0.9985015392303467
93,EffNet_Original + EffNet_Original,35,1,1,0.011147398501634598,0.9888526201248169
93,EffNet_Original + EffNet_Original,36,1,1,0.0004953565075993538,0.9995046854019165
93,EffNet_Original + EffNet_Original,37,1,1,0.0036485930904746056,0.996351420879364
93,EffNet_Original + EffNet_Original,38,1,1,0.005209370981901884,0.9947906732559204
93,EffNet_Original + EffNet_Original,39,1,1,0.0010559149086475372,0.998944103717804
93,EffNet_Original + EffNet_Original,40,1,1,0.005812856834381819,0.9941871166229248
93,EffNet_Original + EffNet_Original,41,1,1,0.0005509791080839932,0.9994490742683411
93,EffNet_Original + EffNet_Original,42,1,1,0.0015603514621034265,0.9984396696090698
93,EffNet_Original + EffNet_Original,43,1,1,0.005273628514260054,0.9947263598442078
93,EffNet_Original + EffNet_Original,44,1,1,0.0034084790386259556,0.9965915679931641
93,EffNet_Original + EffNet_Original,45,1,1,0.002524911891669035,0.9974750876426697
93,EffNet_RecPlot + EffNet_RecPlot,32,1,0,0.9149256348609924,0.08507441729307175
93,EffNet_RecPlot + EffNet_RecPlot,33,1,1,0.18728360533714294,0.8127164244651794
93,EffNet_RecPlot + EffNet_RecPlot,34,1,0,0.995229959487915,0.004770067520439625
93,EffNet_RecPlot + EffNet_RecPlot,35,1,1,0.09601563960313797,0.9039843678474426
93,EffNet_RecPlot + EffNet_RecPlot,36,1,0,0.539900541305542,0.460099458694458
93,EffNet_RecPlot + EffNet_RecPlot,37,1,1,0.0054686726070940495,0.9945313334465027
93,EffNet_RecPlot + EffNet_RecPlot,38,1,1,0.002661549486219883,0.9973384737968445
93,EffNet_RecPlot + EffNet_RecPlot,39,1,1,0.00715351989492774,0.9928464293479919
93,EffNet_RecPlot + EffNet_RecPlot,40,1,1,0.03249745815992355,0.9675025343894958
93,EffNet_RecPlot + EffNet_RecPlot,41,1,1,0.002699346514418721,0.9973006844520569
93,EffNet_RecPlot + EffNet_RecPlot,42,1,1,0.02510874904692173,0.9748913049697876
93,EffNet_RecPlot + EffNet_RecPlot,43,1,1,0.0029222809243947268,0.9970777034759521
93,EffNet_RecPlot + EffNet_RecPlot,44,1,1,0.0037898551672697067,0.9962101578712463
93,EffNet_RecPlot + EffNet_RecPlot,45,1,1,0.005538328550755978,0.9944616556167603
107,MobileNet_Original + MobileNet_RecPlot,0,0,0,0.577934980392456,0.42206504940986633
107,MobileNet_Original + MobileNet_RecPlot,1,0,0,0.853481650352478,0.14651831984519958
107,MobileNet_Original + MobileNet_RecPlot,2,0,0,0.9818083047866821,0.018191654235124588
107,MobileNet_Original + MobileNet_RecPlot,3,0,0,0.970070481300354,0.029929567128419876
107,MobileNet_Original + MobileNet_RecPlot,4,0,0,0.7025667428970337,0.2974332869052887
107,MobileNet_Original + MobileNet_RecPlot,5,0,0,0.9898902177810669,0.010109811089932919
107,MobileNet_Original + MobileNet_RecPlot,6,0,0,0.8061876893043518,0.1938123106956482
107,MobileNet_Original + MobileNet_RecPlot,7,0,0,0.9682871103286743,0.03171291574835777
107,MobileNet_Original + MobileNet_RecPlot,8,0,0,0.9897591471672058,0.01024085097014904
107,MobileNet_Original + MobileNet_RecPlot,9,0,0,0.8182810544967651,0.18171896040439606
107,MobileNet_Original + MobileNet_RecPlot,10,0,0,0.7722720503807068,0.22772793471813202
107,MobileNet_Original + MobileNet_RecPlot,11,0,0,0.8832297325134277,0.11677027493715286
107,MobileNet_Original + MobileNet_RecPlot,12,0,0,0.9817062020301819,0.01829381287097931
107,MobileNet_Original + MobileNet_RecPlot,13,0,0,0.7579977512359619,0.24200224876403809
107,MobileNet_Original + MobileNet_RecPlot,14,0,0,0.961645245552063,0.03835473582148552
107,MobileNet_Original + MobileNet_RecPlot,15,0,0,0.9395700693130493,0.060429926961660385
107,MobileNet_Original + MobileNet_RecPlot,16,0,0,0.5901839733123779,0.40981602668762207
107,MobileNet_Original + MobileNet_RecPlot,17,0,0,0.8563770055770874,0.14362302422523499
107,MobileNet_Original + MobileNet_RecPlot,18,0,0,0.7521371245384216,0.24786289036273956
107,MobileNet_Original + MobileNet_RecPlot,19,0,0,0.980475664138794,0.019524361938238144
107,MobileNet_Original + MobileNet_RecPlot,20,0,0,0.7728408575057983,0.22715915739536285
107,MobileNet_Original + MobileNet_RecPlot,21,0,0,0.8451590538024902,0.15484093129634857
107,MobileNet_Original + MobileNet_RecPlot,22,1,1,0.05410169064998627,0.9458982944488525
107,MobileNet_Original + MobileNet_RecPlot,23,1,1,0.009845613501966,0.9901543855667114
107,MobileNet_Original + MobileNet_RecPlot,24,1,1,0.010349703952670097,0.989650309085846
107,MobileNet_Original + MobileNet_RecPlot,25,1,1,0.009576159529387951,0.9904237985610962
107,MobileNet_Original + MobileNet_RecPlot,26,1,1,0.3617933392524719,0.6382066607475281
107,MobileNet_Original + MobileNet_RecPlot,27,1,1,0.059257782995700836,0.9407421946525574
107,MobileNet_Original + MobileNet_RecPlot,28,1,1,0.2106713056564331,0.7893286943435669
107,MobileNet_Original + MobileNet_RecPlot,29,1,1,0.09912294149398804,0.900877058506012
107,MobileNet_Original + MobileNet_RecPlot,30,1,1,0.02053026109933853,0.9794697761535645
107,MobileNet_Original + MobileNet_RecPlot,31,1,1,0.06011480093002319,0.9398851990699768
107,MobileNet_Original + EffNet_Original,0,0,0,0.9329509735107422,0.06704899668693542
107,MobileNet_Original + EffNet_Original,1,0,1,0.4987725019454956,0.5012274980545044
107,MobileNet_Original + EffNet_Original,2,0,0,0.9365248084068298,0.06347522139549255
107,MobileNet_Original + EffNet_Original,3,0,0,0.966995120048523,0.03300490230321884
107,MobileNet_Original + EffNet_Original,4,0,0,0.877893328666687,0.12210671603679657
107,MobileNet_Original + EffNet_Original,5,0,0,0.9475183486938477,0.05248164013028145
107,MobileNet_Original + EffNet_Original,6,0,0,0.9620884656906128,0.037911515682935715
107,MobileNet_Original + EffNet_Original,7,0,0,0.9446436166763306,0.05535639077425003
107,MobileNet_Original + EffNet_Original,8,0,0,0.9956595301628113,0.004340458661317825
107,MobileNet_Original + EffNet_Original,9,0,0,0.8267177939414978,0.1732822060585022
107,MobileNet_Original + EffNet_Original,10,0,0,0.7354183793067932,0.2645816206932068
107,MobileNet_Original + EffNet_Original,11,0,0,0.543979287147522,0.456020712852478
107,MobileNet_Original + EffNet_Original,12,0,0,0.906371533870697,0.09362848103046417
107,MobileNet_Original + EffNet_Original,13,0,0,0.8121967315673828,0.18780329823493958
107,MobileNet_Original + EffNet_Original,14,0,0,0.7398268580436707,0.26017314195632935
107,MobileNet_Original + EffNet_Original,15,0,0,0.8237946629524231,0.1762053221464157
107,MobileNet_Original + EffNet_Original,16,0,0,0.905240535736084,0.09475945681333542
107,MobileNet_Original + EffNet_Original,17,0,0,0.542874813079834,0.457125186920166
107,MobileNet_Original + EffNet_Original,18,0,0,0.6000380516052246,0.3999619781970978
107,MobileNet_Original + EffNet_Original,19,0,0,0.7298806309700012,0.2701193690299988
107,MobileNet_Original + EffNet_Original,20,0,1,0.31109538674354553,0.6889045834541321
107,MobileNet_Original + EffNet_Original,21,0,1,0.46282121539115906,0.5371788144111633
107,MobileNet_Original + EffNet_Original,22,1,1,0.012876925989985466,0.9871230721473694
107,MobileNet_Original + EffNet_Original,23,1,1,0.00858953408896923,0.991410493850708
107,MobileNet_Original + EffNet_Original,24,1,1,0.001828521490097046,0.9981715083122253
107,MobileNet_Original + EffNet_Original,25,1,1,0.0017365528037771583,0.9982634782791138
107,MobileNet_Original + EffNet_Original,26,1,1,0.0007115821354091167,0.9992884397506714
107,MobileNet_Original + EffNet_Original,27,1,1,0.027072833850979805,0.9729272127151489
107,MobileNet_Original + EffNet_Original,28,1,1,0.2686064839363098,0.7313935160636902
107,MobileNet_Original + EffNet_Original,29,1,1,0.02298032119870186,0.977019727230072
107,MobileNet_Original + EffNet_Original,30,1,1,0.01473302859812975,0.9852669835090637
107,MobileNet_Original + EffNet_Original,31,1,1,0.00908335205167532,0.9909166693687439
107,MobileNet_Original + EffNet_RecPlot,0,0,0,0.5936146974563599,0.40638527274131775
107,MobileNet_Original + EffNet_RecPlot,1,0,0,0.765487790107727,0.23451218008995056
107,MobileNet_Original + EffNet_RecPlot,2,0,0,0.9738906621932983,0.026109322905540466
107,MobileNet_Original + EffNet_RecPlot,3,0,0,0.9639233350753784,0.03607666492462158
107,MobileNet_Original + EffNet_RecPlot,4,0,0,0.941740870475769,0.05825914442539215
107,MobileNet_Original + EffNet_RecPlot,5,0,0,0.9467551112174988,0.05324488505721092
107,MobileNet_Original + EffNet_RecPlot,6,0,0,0.8218218088150024,0.17817816138267517
107,MobileNet_Original + EffNet_RecPlot,7,0,0,0.9679235219955444,0.032076507806777954
107,MobileNet_Original + EffNet_RecPlot,8,0,0,0.9954883456230164,0.004511645529419184
107,MobileNet_Original + EffNet_RecPlot,9,0,0,0.7983297109603882,0.201670303940773
107,MobileNet_Original + EffNet_RecPlot,10,0,0,0.6837819218635559,0.3162180781364441
107,MobileNet_Original + EffNet_RecPlot,11,0,0,0.8817121386528015,0.11828785389661789
107,MobileNet_Original + EffNet_RecPlot,12,0,0,0.758699893951416,0.2413000911474228
107,MobileNet_Original + EffNet_RecPlot,13,0,0,0.9300776720046997,0.0699222981929779
107,MobileNet_Original + EffNet_RecPlot,14,0,0,0.9609590172767639,0.03904098644852638
107,MobileNet_Original + EffNet_RecPlot,15,0,0,0.9656404256820679,0.03435960412025452
107,MobileNet_Original + EffNet_RecPlot,16,0,0,0.9031224846839905,0.09687752276659012
107,MobileNet_Original + EffNet_RecPlot,17,0,0,0.9068851470947266,0.09311485290527344
107,MobileNet_Original + EffNet_RecPlot,18,0,0,0.6184506416320801,0.3815494179725647
107,MobileNet_Original + EffNet_RecPlot,19,0,0,0.9740704894065857,0.0259295254945755
107,MobileNet_Original + EffNet_RecPlot,20,0,0,0.7708970308303833,0.2291029691696167
107,MobileNet_Original + EffNet_RecPlot,21,0,0,0.8843774795532227,0.11562249064445496
107,MobileNet_Original + EffNet_RecPlot,22,1,1,0.4280765652656555,0.5719234347343445
107,MobileNet_Original + EffNet_RecPlot,23,1,1,0.008839777670800686,0.9911602139472961
107,MobileNet_Original + EffNet_RecPlot,24,1,1,0.010443603619933128,0.9895564317703247
107,MobileNet_Original + EffNet_RecPlot,25,1,1,0.056142065674066544,0.9438579678535461
107,MobileNet_Original + EffNet_RecPlot,26,1,1,0.49544262886047363,0.5045574307441711
107,MobileNet_Original + EffNet_RecPlot,27,1,1,0.037150658667087555,0.9628493785858154
107,MobileNet_Original + EffNet_RecPlot,28,1,1,0.30861330032348633,0.6913866996765137
107,MobileNet_Original + EffNet_RecPlot,29,1,1,0.18907751142978668,0.8109225034713745
107,MobileNet_Original + EffNet_RecPlot,30,1,1,0.092592254281044,0.9074077606201172
107,MobileNet_Original + EffNet_RecPlot,31,1,1,0.011340480297803879,0.9886595010757446
107,MobileNet_RecPlot + EffNet_Original,0,0,0,0.5678749680519104,0.4321250319480896
107,MobileNet_RecPlot + EffNet_Original,1,0,0,0.5967496633529663,0.4032503664493561
107,MobileNet_RecPlot + EffNet_Original,2,0,0,0.9536314010620117,0.04636864736676216
107,MobileNet_RecPlot + EffNet_Original,3,0,0,0.9946104288101196,0.005389545578509569
107,MobileNet_RecPlot + EffNet_Original,4,0,0,0.6245282292366028,0.3754717707633972
107,MobileNet_RecPlot + EffNet_Original,5,0,0,0.9477363228797913,0.05226370319724083
107,MobileNet_RecPlot + EffNet_Original,6,0,0,0.8347637057304382,0.16523627936840057
107,MobileNet_RecPlot + EffNet_Original,7,0,0,0.9748318195343018,0.02516821399331093
107,MobileNet_RecPlot + EffNet_Original,8,0,0,0.986190676689148,0.01380935125052929
107,MobileNet_RecPlot + EffNet_Original,9,0,0,0.971879243850708,0.02812073938548565
107,MobileNet_RecPlot + EffNet_Original,10,0,0,0.7993325591087341,0.20066744089126587
107,MobileNet_RecPlot + EffNet_Original,11,0,0,0.6593882441520691,0.3406117558479309
107,MobileNet_RecPlot + EffNet_Original,12,0,0,0.9074143767356873,0.09258563071489334
107,MobileNet_RecPlot + EffNet_Original,13,0,0,0.6034555435180664,0.396544486284256
107,MobileNet_RecPlot + EffNet_Original,14,0,0,0.7686540484428406,0.23134596645832062
107,MobileNet_RecPlot + EffNet_Original,15,0,0,0.8307329416275024,0.16926708817481995
107,MobileNet_RecPlot + EffNet_Original,16,0,0,0.515027642250061,0.48497235774993896
107,MobileNet_RecPlot + EffNet_Original,17,0,0,0.5542820692062378,0.4457179605960846
107,MobileNet_RecPlot + EffNet_Original,18,0,0,0.6627396941184998,0.33726027607917786
107,MobileNet_RecPlot + EffNet_Original,19,0,0,0.7472547888755798,0.25274524092674255
107,MobileNet_RecPlot + EffNet_Original,20,0,0,0.5353273749351501,0.46467262506484985
107,MobileNet_RecPlot + EffNet_Original,21,0,1,0.44705432653427124,0.5529457330703735
107,MobileNet_RecPlot + EffNet_Original,22,1,1,0.04402188956737518,0.9559780955314636
107,MobileNet_RecPlot + EffNet_Original,23,1,1,0.005085740704089403,0.9949142336845398
107,MobileNet_RecPlot + EffNet_Original,24,1,1,0.008784233592450619,0.9912157654762268
107,MobileNet_RecPlot + EffNet_Original,25,1,1,0.009308131411671638,0.9906919002532959
107,MobileNet_RecPlot + EffNet_Original,26,1,1,0.36147812008857727,0.6385219097137451
107,MobileNet_RecPlot + EffNet_Original,27,1,1,0.034619975835084915,0.965380072593689
107,MobileNet_RecPlot + EffNet_Original,28,1,1,0.0707230493426323,0.9292769432067871
107,MobileNet_RecPlot + EffNet_Original,29,1,1,0.07880927622318268,0.9211907386779785
107,MobileNet_RecPlot + EffNet_Original,30,1,1,0.006912485230714083,0.9930875301361084
107,MobileNet_RecPlot + EffNet_Original,31,1,1,0.06480001658201218,0.9351999759674072
107,MobileNet_RecPlot + EffNet_RecPlot,0,0,1,0.22853869199752808,0.7714613080024719
107,MobileNet_RecPlot + EffNet_RecPlot,1,0,0,0.8634649515151978,0.13653506338596344
107,MobileNet_RecPlot + EffNet_RecPlot,2,0,0,0.9909972548484802,0.009002751670777798
107,MobileNet_RecPlot + EffNet_RecPlot,3,0,0,0.9915387034416199,0.008461307734251022
107,MobileNet_RecPlot + EffNet_RecPlot,4,0,0,0.6883758306503296,0.3116241991519928
107,MobileNet_RecPlot + EffNet_RecPlot,5,0,0,0.9469730854034424,0.053026940673589706
107,MobileNet_RecPlot + EffNet_RecPlot,6,0,0,0.6944971084594727,0.30550292134284973
107,MobileNet_RecPlot + EffNet_RecPlot,7,0,0,0.9981116652488708,0.001888332306407392
107,MobileNet_RecPlot + EffNet_RecPlot,8,0,0,0.986019492149353,0.01398053765296936
107,MobileNet_RecPlot + EffNet_RecPlot,9,0,0,0.9434911608695984,0.05650883540511131
107,MobileNet_RecPlot + EffNet_RecPlot,10,0,0,0.7476961016654968,0.2523038983345032
107,MobileNet_RecPlot + EffNet_RecPlot,11,0,0,0.9971210956573486,0.002878875471651554
107,MobileNet_RecPlot + EffNet_RecPlot,12,0,0,0.7597427368164062,0.24025723338127136
107,MobileNet_RecPlot + EffNet_RecPlot,13,0,0,0.7213364839553833,0.2786634862422943
107,MobileNet_RecPlot + EffNet_RecPlot,14,0,0,0.9897861480712891,0.010213823989033699
107,MobileNet_RecPlot + EffNet_RecPlot,15,0,0,0.9725786447525024,0.027421368286013603
107,MobileNet_RecPlot + EffNet_RecPlot,16,0,0,0.5129095911979675,0.48709040880203247
107,MobileNet_RecPlot + EffNet_RecPlot,17,0,0,0.9182924032211304,0.08170762658119202
107,MobileNet_RecPlot + EffNet_RecPlot,18,0,0,0.6811522841453552,0.3188477158546448
107,MobileNet_RecPlot + EffNet_RecPlot,19,0,0,0.9914446473121643,0.0085553964599967
107,MobileNet_RecPlot + EffNet_RecPlot,20,0,0,0.9951289892196655,0.004871021956205368
107,MobileNet_RecPlot + EffNet_RecPlot,21,0,0,0.8686106204986572,0.13138937950134277
107,MobileNet_RecPlot + EffNet_RecPlot,22,1,1,0.4592215418815613,0.5407784581184387
107,MobileNet_RecPlot + EffNet_RecPlot,23,1,1,0.005335985217243433,0.9946640133857727
107,MobileNet_RecPlot + EffNet_RecPlot,24,1,1,0.017399314790964127,0.9826006889343262
107,MobileNet_RecPlot + EffNet_RecPlot,25,1,1,0.06371364742517471,0.9362863302230835
107,MobileNet_RecPlot + EffNet_RecPlot,26,1,0,0.8562091588973999,0.1437908262014389
107,MobileNet_RecPlot + EffNet_RecPlot,27,1,1,0.044697798788547516,0.9553022384643555
107,MobileNet_RecPlot + EffNet_RecPlot,28,1,1,0.11072983592748642,0.8892701864242554
107,MobileNet_RecPlot + EffNet_RecPlot,29,1,1,0.2449064701795578,0.755093514919281
107,MobileNet_RecPlot + EffNet_RecPlot,30,1,1,0.08477170765399933,0.9152282476425171
107,MobileNet_RecPlot + EffNet_RecPlot,31,1,1,0.06705715507268906,0.9329428672790527
107,EffNet_Original + EffNet_RecPlot,0,0,0,0.583554744720459,0.416445255279541
107,EffNet_Original + EffNet_RecPlot,1,0,0,0.5087558031082153,0.49124422669410706
107,EffNet_Original + EffNet_RecPlot,2,0,0,0.9457136988639832,0.05428631603717804
107,EffNet_Original + EffNet_RecPlot,3,0,0,0.9884633421897888,0.011536645703017712
107,EffNet_Original + EffNet_RecPlot,4,0,0,0.8637024164199829,0.13629761338233948
107,EffNet_Original + EffNet_RecPlot,5,0,0,0.9046012163162231,0.09539876878261566
107,EffNet_Original + EffNet_RecPlot,6,0,0,0.8503978848457336,0.14960214495658875
107,EffNet_Original + EffNet_RecPlot,7,0,0,0.9744682312011719,0.02553180605173111
107,EffNet_Original + EffNet_RecPlot,8,0,0,0.9919198751449585,0.008080147206783295
107,EffNet_Original + EffNet_RecPlot,9,0,0,0.951927900314331,0.048072077333927155
107,EffNet_Original + EffNet_RecPlot,10,0,0,0.7108424305915833,0.28915759921073914
107,EffNet_Original + EffNet_RecPlot,11,0,0,0.6578707098960876,0.34212931990623474
107,EffNet_Original + EffNet_RecPlot,12,0,0,0.6844080686569214,0.3155919015407562
107,EffNet_Original + EffNet_RecPlot,13,0,0,0.7755354642868042,0.2244645357131958
107,EffNet_Original + EffNet_RecPlot,14,0,0,0.7679678201675415,0.23203222453594208
107,EffNet_Original + EffNet_RecPlot,15,0,0,0.8568032383918762,0.14319676160812378
107,EffNet_Original + EffNet_RecPlot,16,0,0,0.8279660940170288,0.17203384637832642
107,EffNet_Original + EffNet_RecPlot,17,0,0,0.6047902703285217,0.39520978927612305
107,EffNet_Original + EffNet_RecPlot,18,0,0,0.5290532112121582,0.4709467887878418
107,EffNet_Original + EffNet_RecPlot,19,0,0,0.7408496141433716,0.2591504156589508
107,EffNet_Original + EffNet_RecPlot,20,0,0,0.5333835482597351,0.4666164517402649
107,EffNet_Original + EffNet_RecPlot,21,0,1,0.48627275228500366,0.5137272477149963
107,EffNet_Original + EffNet_RecPlot,22,1,1,0.41799676418304443,0.5820032358169556
107,EffNet_Original + EffNet_RecPlot,23,1,1,0.004079905338585377,0.9959201216697693
107,EffNet_Original + EffNet_RecPlot,24,1,1,0.008878134191036224,0.9911218881607056
107,EffNet_Original + EffNet_RecPlot,25,1,1,0.055874038487672806,0.9441259503364563
107,EffNet_Original + EffNet_RecPlot,26,1,1,0.495127409696579,0.5048726201057434
107,EffNet_Original + EffNet_RecPlot,27,1,1,0.012512853369116783,0.9874871969223022
107,EffNet_Original + EffNet_RecPlot,28,1,1,0.16866503655910492,0.8313350081443787
107,EffNet_Original + EffNet_RecPlot,29,1,1,0.16876384615898132,0.8312361836433411
107,EffNet_Original + EffNet_RecPlot,30,1,1,0.07897447794675827,0.9210255146026611
107,EffNet_Original + EffNet_RecPlot,31,1,1,0.016025695949792862,0.983974277973175
107,MobileNet_Original + MobileNet_Original,0,0,0,0.9430109858512878,0.05698900297284126
107,MobileNet_Original + MobileNet_Original,1,0,0,0.7555045485496521,0.2444954514503479
107,MobileNet_Original + MobileNet_Original,2,0,0,0.9647018313407898,0.03529822826385498
107,MobileNet_Original + MobileNet_Original,3,0,0,0.9424551129341125,0.057544924318790436
107,MobileNet_Original + MobileNet_Original,4,0,0,0.9559317827224731,0.044068239629268646
107,MobileNet_Original + MobileNet_Original,5,0,0,0.9896722435951233,0.01032775267958641
107,MobileNet_Original + MobileNet_Original,6,0,0,0.9335124492645264,0.06648754328489304
107,MobileNet_Original + MobileNet_Original,7,0,0,0.9380989074707031,0.061901092529296875
107,MobileNet_Original + MobileNet_Original,8,0,0,0.9992280602455139,0.0007719576242379844
107,MobileNet_Original + MobileNet_Original,9,0,0,0.6731196045875549,0.32688042521476746
107,MobileNet_Original + MobileNet_Original,10,0,0,0.7083578705787659,0.29164212942123413
107,MobileNet_Original + MobileNet_Original,11,0,0,0.7678207159042358,0.23217925429344177
107,MobileNet_Original + MobileNet_Original,12,0,0,0.9806633591651917,0.01933666504919529
107,MobileNet_Original + MobileNet_Original,13,0,0,0.9667389392852783,0.033261075615882874
107,MobileNet_Original + MobileNet_Original,14,0,0,0.9328181147575378,0.06718190014362335
107,MobileNet_Original + MobileNet_Original,15,0,0,0.9326318502426147,0.06736816465854645
107,MobileNet_Original + MobileNet_Original,16,0,0,0.9803968667984009,0.019603123888373375
107,MobileNet_Original + MobileNet_Original,17,0,0,0.8449697494506836,0.1550302505493164
107,MobileNet_Original + MobileNet_Original,18,0,0,0.6894354224205017,0.3105645775794983
107,MobileNet_Original + MobileNet_Original,19,0,0,0.9631015062332153,0.03689849376678467
107,MobileNet_Original + MobileNet_Original,20,0,0,0.5486088991165161,0.4513911008834839
107,MobileNet_Original + MobileNet_Original,21,0,0,0.8609259724617004,0.13907404243946075
107,MobileNet_Original + MobileNet_Original,22,1,1,0.0229567289352417,0.9770432710647583
107,MobileNet_Original + MobileNet_Original,23,1,1,0.01334940642118454,0.9866505861282349
107,MobileNet_Original + MobileNet_Original,24,1,1,0.003393990220502019,0.9966059923171997
107,MobileNet_Original + MobileNet_Original,25,1,1,0.00200458150357008,0.9979953765869141
107,MobileNet_Original + MobileNet_Original,26,1,1,0.0010268227197229862,0.9989731311798096
107,MobileNet_Original + MobileNet_Original,27,1,1,0.05171063914895058,0.9482893347740173
107,MobileNet_Original + MobileNet_Original,28,1,1,0.4085547626018524,0.59144526720047
107,MobileNet_Original + MobileNet_Original,29,1,1,0.04329398646950722,0.9567060470581055
107,MobileNet_Original + MobileNet_Original,30,1,1,0.02835080400109291,0.971649169921875
107,MobileNet_Original + MobileNet_Original,31,1,1,0.004398137331008911,0.9956018924713135
107,MobileNet_RecPlot + MobileNet_RecPlot,0,0,1,0.21285893023014069,0.7871410846710205
107,MobileNet_RecPlot + MobileNet_RecPlot,1,0,0,0.9514588117599487,0.048541195690631866
107,MobileNet_RecPlot + MobileNet_RecPlot,2,0,0,0.9989149570465088,0.0010850855614989996
107,MobileNet_RecPlot + MobileNet_RecPlot,3,0,0,0.9976857900619507,0.002314208075404167
107,MobileNet_RecPlot + MobileNet_RecPlot,4,0,1,0.44920164346694946,0.5507983565330505
107,MobileNet_RecPlot + MobileNet_RecPlot,5,0,0,0.9901081323623657,0.009891869500279427
107,MobileNet_RecPlot + MobileNet_RecPlot,6,0,0,0.6788629293441772,0.32113707065582275
107,MobileNet_RecPlot + MobileNet_RecPlot,7,0,0,0.9984752535820007,0.0015247398987412453
107,MobileNet_RecPlot + MobileNet_RecPlot,8,0,0,0.9802902340888977,0.019709741696715355
107,MobileNet_RecPlot + MobileNet_RecPlot,9,0,0,0.9634425044059753,0.03655749559402466
107,MobileNet_RecPlot + MobileNet_RecPlot,10,0,0,0.8361862301826477,0.1638137400150299
107,MobileNet_RecPlot + MobileNet_RecPlot,11,0,0,0.9986386895179749,0.0013612948823720217
107,MobileNet_RecPlot + MobileNet_RecPlot,12,0,0,0.9827490448951721,0.01725095883011818
107,MobileNet_RecPlot + MobileNet_RecPlot,13,0,0,0.5492565631866455,0.4507434368133545
107,MobileNet_RecPlot + MobileNet_RecPlot,14,0,0,0.9904724359512329,0.009527578018605709
107,MobileNet_RecPlot + MobileNet_RecPlot,15,0,0,0.9465083479881287,0.05349169671535492
107,MobileNet_RecPlot + MobileNet_RecPlot,16,0,1,0.1999710649251938,0.800028920173645
107,MobileNet_RecPlot + MobileNet_RecPlot,17,0,0,0.8677842020988464,0.13221579790115356
107,MobileNet_RecPlot + MobileNet_RecPlot,18,0,0,0.8148388266563416,0.18516120314598083
107,MobileNet_RecPlot + MobileNet_RecPlot,19,0,0,0.9978498220443726,0.002150234067812562
107,MobileNet_RecPlot + MobileNet_RecPlot,20,0,0,0.9970728158950806,0.002927212044596672
107,MobileNet_RecPlot + MobileNet_RecPlot,21,0,0,0.8293921947479248,0.1706078201532364
107,MobileNet_RecPlot + MobileNet_RecPlot,22,1,1,0.08524665236473083,0.9147533178329468
107,MobileNet_RecPlot + MobileNet_RecPlot,23,1,1,0.006341820582747459,0.993658185005188
107,MobileNet_RecPlot + MobileNet_RecPlot,24,1,1,0.017305415123701096,0.9826945662498474
107,MobileNet_RecPlot + MobileNet_RecPlot,25,1,1,0.017147738486528397,0.9828522801399231
107,MobileNet_RecPlot + MobileNet_RecPlot,26,1,0,0.722559928894043,0.2774401009082794
107,MobileNet_RecPlot + MobileNet_RecPlot,27,1,1,0.0668049231171608,0.9331950545310974
107,MobileNet_RecPlot + MobileNet_RecPlot,28,1,1,0.012787846848368645,0.9872121810913086
107,MobileNet_RecPlot + MobileNet_RecPlot,29,1,1,0.15495190024375916,0.8450480699539185
107,MobileNet_RecPlot + MobileNet_RecPlot,30,1,1,0.012709719128906727,0.9872903227806091
107,MobileNet_RecPlot + MobileNet_RecPlot,31,1,1,0.11583146452903748,0.8841685056686401
107,EffNet_Original + EffNet_Original,0,0,0,0.9228910207748413,0.07710899412631989
107,EffNet_Original + EffNet_Original,1,0,1,0.2420404851436615,0.7579595446586609
107,EffNet_Original + EffNet_Original,2,0,0,0.9083477854728699,0.09165220707654953
107,EffNet_Original + EffNet_Original,3,0,0,0.9915351271629333,0.008464884012937546
107,EffNet_Original + EffNet_Original,4,0,0,0.7998548150062561,0.2001451849937439
107,EffNet_Original + EffNet_Original,5,0,0,0.905364453792572,0.09463553130626678
107,EffNet_Original + EffNet_Original,6,0,0,0.9906644821166992,0.009335489012300968
107,EffNet_Original + EffNet_Original,7,0,0,0.951188325881958,0.048811689019203186
107,EffNet_Original + EffNet_Original,8,0,0,0.9920910596847534,0.007908959873020649
107,EffNet_Original + EffNet_Original,9,0,0,0.9803160429000854,0.01968398503959179
107,EffNet_Original + EffNet_Original,10,0,0,0.7624788880348206,0.23752112686634064
107,EffNet_Original + EffNet_Original,11,0,1,0.3201378285884857,0.6798622012138367
107,EffNet_Original + EffNet_Original,12,0,0,0.8320797085762024,0.1679202914237976
107,EffNet_Original + EffNet_Original,13,0,0,0.6576545238494873,0.34234553575515747
107,EffNet_Original + EffNet_Original,14,0,0,0.5468356609344482,0.45316436886787415
107,EffNet_Original + EffNet_Original,15,0,0,0.7149575352668762,0.28504249453544617
107,EffNet_Original + EffNet_Original,16,0,0,0.8300842642784119,0.1699157953262329
107,EffNet_Original + EffNet_Original,17,0,1,0.24077989161014557,0.7592201232910156
107,EffNet_Original + EffNet_Original,18,0,0,0.5106406211853027,0.48935937881469727
107,EffNet_Original + EffNet_Original,19,0,1,0.4966597855091095,0.5033402442932129
107,EffNet_Original + EffNet_Original,20,0,1,0.07358190417289734,0.926418125629425
107,EffNet_Original + EffNet_Original,21,0,1,0.06471645832061768,0.9352834820747375
107,EffNet_Original + EffNet_Original,22,1,1,0.002797123044729233,0.9972028732299805
107,EffNet_Original + EffNet_Original,23,1,1,0.0038296610582619905,0.9961703419685364
107,EffNet_Original + EffNet_Original,24,1,1,0.00026305243954993784,0.9997369647026062
107,EffNet_Original + EffNet_Original,25,1,1,0.001468523871153593,0.9985314607620239
107,EffNet_Original + EffNet_Original,26,1,1,0.0003963414637837559,0.9996036887168884
107,EffNet_Original + EffNet_Original,27,1,1,0.002435029484331608,0.9975649118423462
107,EffNet_Original + EffNet_Original,28,1,1,0.1286582350730896,0.8713417053222656
107,EffNet_Original + EffNet_Original,29,1,1,0.002666654996573925,0.997333288192749
107,EffNet_Original + EffNet_Original,30,1,1,0.001115251681767404,0.9988847374916077
107,EffNet_Original + EffNet_Original,31,1,1,0.013768565841019154,0.9862314462661743
107,EffNet_RecPlot + EffNet_RecPlot,0,0,1,0.24421845376491547,0.7557815313339233
107,EffNet_RecPlot + EffNet_RecPlot,1,0,0,0.7754710912704468,0.22452892363071442
107,EffNet_RecPlot + EffNet_RecPlot,2,0,0,0.9830795526504517,0.016920417547225952
107,EffNet_RecPlot + EffNet_RecPlot,3,0,0,0.9853916168212891,0.014608406461775303
107,EffNet_RecPlot + EffNet_RecPlot,4,0,0,0.9275499582290649,0.07245004922151566
107,EffNet_RecPlot + EffNet_RecPlot,5,0,0,0.9038379788398743,0.09616201370954514
107,EffNet_RecPlot + EffNet_RecPlot,6,0,0,0.7101312279701233,0.2898687720298767
107,EffNet_RecPlot + EffNet_RecPlot,7,0,0,0.997748076915741,0.0022519247140735388
107,EffNet_RecPlot + EffNet_RecPlot,8,0,0,0.9917486906051636,0.008251333609223366
107,EffNet_RecPlot + EffNet_RecPlot,9,0,0,0.9235398173332214,0.07646017521619797
107,EffNet_RecPlot + EffNet_RecPlot,10,0,0,0.659205973148346,0.34079405665397644
107,EffNet_RecPlot + EffNet_RecPlot,11,0,0,0.9956035614013672,0.00439645629376173
107,EffNet_RecPlot + EffNet_RecPlot,12,0,0,0.5367364883422852,0.46326351165771484
107,EffNet_RecPlot + EffNet_RecPlot,13,0,0,0.8934164643287659,0.10658352077007294
107,EffNet_RecPlot + EffNet_RecPlot,14,0,0,0.98909991979599,0.010900070890784264
107,EffNet_RecPlot + EffNet_RecPlot,15,0,0,0.9986489415168762,0.0013510404387488961
107,EffNet_RecPlot + EffNet_RecPlot,16,0,0,0.8258481025695801,0.1741519272327423
107,EffNet_RecPlot + EffNet_RecPlot,17,0,0,0.9688006043434143,0.031199447810649872
107,EffNet_RecPlot + EffNet_RecPlot,18,0,0,0.5474658012390137,0.4525342285633087
107,EffNet_RecPlot + EffNet_RecPlot,19,0,0,0.985039472579956,0.014960558153688908
107,EffNet_RecPlot + EffNet_RecPlot,20,0,0,0.9931852221488953,0.006814831402152777
107,EffNet_RecPlot + EffNet_RecPlot,21,0,0,0.9078290462493896,0.09217093139886856
107,EffNet_RecPlot + EffNet_RecPlot,22,1,0,0.8331964015960693,0.16680356860160828
107,EffNet_RecPlot + EffNet_RecPlot,23,1,1,0.004330148920416832,0.9956698417663574
107,EffNet_RecPlot + EffNet_RecPlot,24,1,1,0.017493216320872307,0.9825068116188049
107,EffNet_RecPlot + EffNet_RecPlot,25,1,1,0.11027955263853073,0.8897204399108887
107,EffNet_RecPlot + EffNet_RecPlot,26,1,0,0.9898584485054016,0.010141587816178799
107,EffNet_RecPlot + EffNet_RecPlot,27,1,1,0.022590676322579384,0.9774093627929688
107,EffNet_RecPlot + EffNet_RecPlot,28,1,1,0.20867182314395905,0.7913281917572021
107,EffNet_RecPlot + EffNet_RecPlot,29,1,1,0.33486104011535645,0.6651389598846436
107,EffNet_RecPlot + EffNet_RecPlot,30,1,1,0.1568337082862854,0.8431663513183594
107,EffNet_RecPlot + EffNet_RecPlot,31,1,1,0.018282825127243996,0.9817171692848206
107,MobileNet_Original + MobileNet_RecPlot,32,1,1,0.41411396861076355,0.5858860611915588
107,MobileNet_Original + MobileNet_RecPlot,33,1,1,0.19756539165973663,0.8024346232414246
107,MobileNet_Original + MobileNet_RecPlot,34,1,1,0.04241872951388359,0.9575812816619873
107,MobileNet_Original + MobileNet_RecPlot,35,1,1,0.008407104760408401,0.9915928840637207
107,MobileNet_Original + MobileNet_RecPlot,36,1,1,0.06500795483589172,0.9349920153617859
107,MobileNet_Original + MobileNet_RecPlot,37,1,1,0.02593373879790306,0.9740662574768066
107,MobileNet_Original + MobileNet_RecPlot,38,1,1,0.05325363576412201,0.9467463493347168
107,MobileNet_Original + MobileNet_RecPlot,39,1,1,0.0033737546764314175,0.9966262578964233
107,MobileNet_Original + MobileNet_RecPlot,40,1,1,0.0034843888133764267,0.9965156316757202
107,MobileNet_Original + MobileNet_RecPlot,41,1,1,0.00405498594045639,0.9959450364112854
107,MobileNet_Original + MobileNet_RecPlot,42,1,1,0.00321351015008986,0.9967864751815796
107,MobileNet_Original + MobileNet_RecPlot,43,1,1,0.4702191948890686,0.5297808051109314
107,MobileNet_Original + MobileNet_RecPlot,44,1,1,0.011758780106902122,0.9882411956787109
107,MobileNet_Original + MobileNet_RecPlot,45,1,1,0.00796456541866064,0.9920353889465332
107,MobileNet_Original + EffNet_Original,32,1,1,0.005479027517139912,0.9945209622383118
107,MobileNet_Original + EffNet_Original,33,1,1,0.10709749162197113,0.8929024934768677
107,MobileNet_Original + EffNet_Original,34,1,1,0.0022900181356817484,0.9977099895477295
107,MobileNet_Original + EffNet_Original,35,1,1,0.006754027213901281,0.9932459592819214
107,MobileNet_Original + EffNet_Original,36,1,1,0.015560198575258255,0.9844397902488708
107,MobileNet_Original + EffNet_Original,37,1,1,0.01925969496369362,0.9807403087615967
107,MobileNet_Original + EffNet_Original,38,1,1,0.04877797141671181,0.9512220621109009
107,MobileNet_Original + EffNet_Original,39,1,1,0.0011922175763174891,0.9988077878952026
107,MobileNet_Original + EffNet_Original,40,1,1,0.005668853409588337,0.9943311810493469
107,MobileNet_Original + EffNet_Original,41,1,1,0.004741526208817959,0.9952584505081177
107,MobileNet_Original + EffNet_Original,42,1,1,0.003129782387986779,0.996870219707489
107,MobileNet_Original + EffNet_Original,43,1,1,0.04572029784321785,0.9542797207832336
107,MobileNet_Original + EffNet_Original,44,1,1,0.007409607991576195,0.9925904273986816
107,MobileNet_Original + EffNet_Original,45,1,1,0.005608643405139446,0.9943913817405701
107,MobileNet_Original + EffNet_RecPlot,32,1,1,0.48891526460647583,0.5110847353935242
107,MobileNet_Original + EffNet_RecPlot,33,1,1,0.2748764753341675,0.7251235246658325
107,MobileNet_Original + EffNet_RecPlot,34,1,1,0.4834896922111511,0.5165103077888489
107,MobileNet_Original + EffNet_RecPlot,35,1,1,0.14388065040111542,0.8561193943023682
107,MobileNet_Original + EffNet_RecPlot,36,1,1,0.1471181958913803,0.8528817892074585
107,MobileNet_Original + EffNet_RecPlot,37,1,1,0.02391572669148445,0.976084291934967
107,MobileNet_Original + EffNet_RecPlot,38,1,1,0.05229148268699646,0.9477084875106812
107,MobileNet_Original + EffNet_RecPlot,39,1,1,0.01007105689495802,0.9899289608001709
107,MobileNet_Original + EffNet_RecPlot,40,1,1,0.02485794387757778,0.9751420021057129
107,MobileNet_Original + EffNet_RecPlot,41,1,1,0.011074000969529152,0.9889260530471802
107,MobileNet_Original + EffNet_RecPlot,42,1,1,0.04625795781612396,0.9537420272827148
107,MobileNet_Original + EffNet_RecPlot,43,1,1,0.254493772983551,0.745506227016449
107,MobileNet_Original + EffNet_RecPlot,44,1,1,0.010423724539577961,0.9895762801170349
107,MobileNet_Original + EffNet_RecPlot,45,1,1,0.03019828349351883,0.969801664352417
107,MobileNet_RecPlot + EffNet_Original,32,1,1,0.4110458493232727,0.5889541506767273
107,MobileNet_RecPlot + EffNet_Original,33,1,1,0.09402339905500412,0.9059766530990601
107,MobileNet_RecPlot + EffNet_Original,34,1,1,0.04326970502734184,0.956730306148529
107,MobileNet_RecPlot + EffNet_Original,35,1,1,0.010891661047935486,0.9891083240509033
107,MobileNet_RecPlot + EffNet_Original,36,1,1,0.049928657710552216,0.9500713348388672
107,MobileNet_RecPlot + EffNet_Original,37,1,1,0.008856227621436119,0.9911437630653381
107,MobileNet_RecPlot + EffNet_Original,38,1,1,0.008812121115624905,0.9911879301071167
107,MobileNet_RecPlot + EffNet_Original,39,1,1,0.002327155787497759,0.9976728558540344
107,MobileNet_RecPlot + EffNet_Original,40,1,1,0.002739774761721492,0.9972602128982544
107,MobileNet_RecPlot + EffNet_Original,41,1,1,0.0018312429310753942,0.9981687068939209
107,MobileNet_RecPlot + EffNet_Original,42,1,1,0.0044903019443154335,0.995509684085846
107,MobileNet_RecPlot + EffNet_Original,43,1,1,0.4330770671367645,0.5669229626655579
107,MobileNet_RecPlot + EffNet_Original,44,1,1,0.009529739618301392,0.990470290184021
107,MobileNet_RecPlot + EffNet_Original,45,1,1,0.008998570032417774,0.9910014867782593
107,MobileNet_RecPlot + EffNet_RecPlot,32,1,0,0.8944820761680603,0.1055179238319397
107,MobileNet_RecPlot + EffNet_RecPlot,33,1,1,0.26180240511894226,0.7381976246833801
107,MobileNet_RecPlot + EffNet_RecPlot,34,1,0,0.5244693756103516,0.4755306541919708
107,MobileNet_RecPlot + EffNet_RecPlot,35,1,1,0.14801828563213348,0.8519816994667053
107,MobileNet_RecPlot + EffNet_RecPlot,36,1,1,0.18148665130138397,0.8185133337974548
107,MobileNet_RecPlot + EffNet_RecPlot,37,1,1,0.013512258417904377,0.9864877462387085
107,MobileNet_RecPlot + EffNet_RecPlot,38,1,1,0.012325631454586983,0.987674355506897
107,MobileNet_RecPlot + EffNet_RecPlot,39,1,1,0.01120599452406168,0.9887940287590027
107,MobileNet_RecPlot + EffNet_RecPlot,40,1,1,0.02192886918783188,0.9780711531639099
107,MobileNet_RecPlot + EffNet_RecPlot,41,1,1,0.008163717575371265,0.9918363094329834
107,MobileNet_RecPlot + EffNet_RecPlot,42,1,1,0.047618478536605835,0.9523814916610718
107,MobileNet_RecPlot + EffNet_RecPlot,43,1,0,0.6418505311012268,0.3581494987010956
107,MobileNet_RecPlot + EffNet_RecPlot,44,1,1,0.012543856166303158,0.987456202507019
107,MobileNet_RecPlot + EffNet_RecPlot,45,1,1,0.033588211983442307,0.966411828994751
107,EffNet_Original + EffNet_RecPlot,32,1,1,0.4858471751213074,0.5141528844833374
107,EffNet_Original + EffNet_RecPlot,33,1,1,0.17133450508117676,0.8286654949188232
107,EffNet_Original + EffNet_RecPlot,34,1,1,0.48434069752693176,0.5156593322753906
107,EffNet_Original + EffNet_RecPlot,35,1,1,0.1463652104139328,0.8536348342895508
107,EffNet_Original + EffNet_RecPlot,36,1,1,0.1320388913154602,0.8679611086845398
107,EffNet_Original + EffNet_RecPlot,37,1,1,0.006838213186711073,0.9931617975234985
107,EffNet_Original + EffNet_RecPlot,38,1,1,0.00784996710717678,0.992150068283081
107,EffNet_Original + EffNet_RecPlot,39,1,1,0.009024457074701786,0.990975558757782
107,EffNet_Original + EffNet_RecPlot,40,1,1,0.024113334715366364,0.9758867025375366
107,EffNet_Original + EffNet_RecPlot,41,1,1,0.008850257843732834,0.9911497831344604
107,EffNet_Original + EffNet_RecPlot,42,1,1,0.0475347526371479,0.9524652361869812
107,EffNet_Original + EffNet_RecPlot,43,1,1,0.21735161542892456,0.7826483845710754
107,EffNet_Original + EffNet_RecPlot,44,1,1,0.00819468405097723,0.9918053150177002
107,EffNet_Original + EffNet_RecPlot,45,1,1,0.031232289969921112,0.9687677621841431
107,MobileNet_Original + MobileNet_Original,32,1,1,0.00854712724685669,0.9914528727531433
107,MobileNet_Original + MobileNet_Original,33,1,1,0.21063949167728424,0.789360523223877
107,MobileNet_Original + MobileNet_Original,34,1,1,0.001439044950529933,0.9985609650611877
107,MobileNet_Original + MobileNet_Original,35,1,1,0.004269471392035484,0.9957305788993835
107,MobileNet_Original + MobileNet_Original,36,1,1,0.030639497563242912,0.9693605303764343
107,MobileNet_Original + MobileNet_Original,37,1,1,0.03633720427751541,0.9636627435684204
107,MobileNet_Original + MobileNet_Original,38,1,1,0.09321948885917664,0.906780481338501
107,MobileNet_Original + MobileNet_Original,39,1,1,0.002238817047327757,0.9977611899375916
107,MobileNet_Original + MobileNet_Original,40,1,1,0.006413466762751341,0.9935864806175232
107,MobileNet_Original + MobileNet_Original,41,1,1,0.006965269334614277,0.9930347204208374
107,MobileNet_Original + MobileNet_Original,42,1,1,0.0018529905937612057,0.9981470108032227
107,MobileNet_Original + MobileNet_Original,43,1,1,0.08286243677139282,0.9171375632286072
107,MobileNet_Original + MobileNet_Original,44,1,1,0.009638648480176926,0.9903613328933716
107,MobileNet_Original + MobileNet_Original,45,1,1,0.004574639722704887,0.9954254031181335
107,MobileNet_RecPlot + MobileNet_RecPlot,32,1,0,0.8196808099746704,0.18031921982765198
107,MobileNet_RecPlot + MobileNet_RecPlot,33,1,1,0.18449129164218903,0.8155087232589722
107,MobileNet_RecPlot + MobileNet_RecPlot,34,1,1,0.08339840918779373,0.9166015386581421
107,MobileNet_RecPlot + MobileNet_RecPlot,35,1,1,0.012544738128781319,0.9874552488327026
107,MobileNet_RecPlot + MobileNet_RecPlot,36,1,1,0.09937641024589539,0.9006235599517822
107,MobileNet_RecPlot + MobileNet_RecPlot,37,1,1,0.015530271455645561,0.9844697117805481
107,MobileNet_RecPlot + MobileNet_RecPlot,38,1,1,0.013287785463035107,0.9867122173309326
107,MobileNet_RecPlot + MobileNet_RecPlot,39,1,1,0.004508692771196365,0.9954913258552551
107,MobileNet_RecPlot + MobileNet_RecPlot,40,1,1,0.0005553097580559552,0.9994446635246277
107,MobileNet_RecPlot + MobileNet_RecPlot,41,1,1,0.0011447030119597912,0.9988553524017334
107,MobileNet_RecPlot + MobileNet_RecPlot,42,1,1,0.004574029706418514,0.9954259991645813
107,MobileNet_RecPlot + MobileNet_RecPlot,43,1,0,0.8575759530067444,0.1424240916967392
107,MobileNet_RecPlot + MobileNet_RecPlot,44,1,1,0.01387891173362732,0.9861211180686951
107,MobileNet_RecPlot + MobileNet_RecPlot,45,1,1,0.011354492045938969,0.9886455535888672
107,EffNet_Original + EffNet_Original,32,1,1,0.002410928485915065,0.997589111328125
107,EffNet_Original + EffNet_Original,33,1,1,0.0035555115900933743,0.9964445233345032
107,EffNet_Original + EffNet_Original,34,1,1,0.0031409915536642075,0.9968590140342712
107,EffNet_Original + EffNet_Original,35,1,1,0.009238583967089653,0.990761399269104
107,EffNet_Original + EffNet_Original,36,1,1,0.0004809014790225774,0.9995191097259521
107,EffNet_Original + EffNet_Original,37,1,1,0.0021821826230734587,0.9978178143501282
107,EffNet_Original + EffNet_Original,38,1,1,0.004336456768214703,0.995663583278656
107,EffNet_Original + EffNet_Original,39,1,1,0.00014561813441105187,0.9998543858528137
107,EffNet_Original + EffNet_Original,40,1,1,0.004924239590764046,0.9950757622718811
107,EffNet_Original + EffNet_Original,41,1,1,0.0025177833158522844,0.9974822402000427
107,EffNet_Original + EffNet_Original,42,1,1,0.004406574182212353,0.9955934286117554
107,EffNet_Original + EffNet_Original,43,1,1,0.008578159846365452,0.9914218783378601
107,EffNet_Original + EffNet_Original,44,1,1,0.005180567968636751,0.9948194622993469
107,EffNet_Original + EffNet_Original,45,1,1,0.0066426475532352924,0.9933573603630066
107,EffNet_RecPlot + EffNet_RecPlot,32,1,0,0.969283401966095,0.03071664646267891
107,EffNet_RecPlot + EffNet_RecPlot,33,1,1,0.3391135036945343,0.6608865261077881
107,EffNet_RecPlot + EffNet_RecPlot,34,1,0,0.96554034948349,0.034459635615348816
107,EffNet_RecPlot + EffNet_RecPlot,35,1,1,0.2834918200969696,0.716508150100708
107,EffNet_RecPlot + EffNet_RecPlot,36,1,1,0.26359689235687256,0.7364031076431274
107,EffNet_RecPlot + EffNet_RecPlot,37,1,1,0.011494244448840618,0.9885057806968689
107,EffNet_RecPlot + EffNet_RecPlot,38,1,1,0.011363477446138859,0.9886365532875061
107,EffNet_RecPlot + EffNet_RecPlot,39,1,1,0.017903296276926994,0.9820967316627502
107,EffNet_RecPlot + EffNet_RecPlot,40,1,1,0.043302424252033234,0.9566975235939026
107,EffNet_RecPlot + EffNet_RecPlot,41,1,1,0.015182731673121452,0.9848173260688782
107,EffNet_RecPlot + EffNet_RecPlot,42,1,1,0.09066292643547058,0.909337043762207
107,EffNet_RecPlot + EffNet_RecPlot,43,1,1,0.42612507939338684,0.5738748908042908
107,EffNet_RecPlot + EffNet_RecPlot,44,1,1,0.011208800598978996,0.9887912273406982
107,EffNet_RecPlot + EffNet_RecPlot,45,1,1,0.05582193285226822,0.9441781044006348
121,MobileNet_Original + MobileNet_RecPlot,0,0,0,0.5948528051376343,0.40514716506004333
121,MobileNet_Original + MobileNet_RecPlot,1,0,0,0.7559980154037476,0.24400196969509125
121,MobileNet_Original + MobileNet_RecPlot,2,0,0,0.9842127561569214,0.015787215903401375
121,MobileNet_Original + MobileNet_RecPlot,3,0,0,0.9110370874404907,0.08896294981241226
121,MobileNet_Original + MobileNet_RecPlot,4,0,0,0.8363840579986572,0.16361594200134277
121,MobileNet_Original + MobileNet_RecPlot,5,0,0,0.9747873544692993,0.02521262690424919
121,MobileNet_Original + MobileNet_RecPlot,6,0,0,0.9004625678062439,0.0995374470949173
121,MobileNet_Original + MobileNet_RecPlot,7,0,0,0.9459475874900818,0.05405241250991821
121,MobileNet_Original + MobileNet_RecPlot,8,0,0,0.9915868043899536,0.008413190022110939
121,MobileNet_Original + MobileNet_RecPlot,9,0,0,0.7673103213310242,0.23268969357013702
121,MobileNet_Original + MobileNet_RecPlot,10,0,0,0.6891800165176392,0.31081998348236084
121,MobileNet_Original + MobileNet_RecPlot,11,0,0,0.929227352142334,0.07077263295650482
121,MobileNet_Original + MobileNet_RecPlot,12,0,0,0.8577443361282349,0.1422557234764099
121,MobileNet_Original + MobileNet_RecPlot,13,0,0,0.8167160749435425,0.18328391015529633
121,MobileNet_Original + MobileNet_RecPlot,14,0,0,0.9412155151367188,0.05878451094031334
121,MobileNet_Original + MobileNet_RecPlot,15,0,0,0.8808889985084534,0.11911101639270782
121,MobileNet_Original + MobileNet_RecPlot,16,0,0,0.673553466796875,0.3264465034008026
121,MobileNet_Original + MobileNet_RecPlot,17,0,0,0.6942960023880005,0.3057040274143219
121,MobileNet_Original + MobileNet_RecPlot,18,0,0,0.6628105640411377,0.3371894955635071
121,MobileNet_Original + MobileNet_RecPlot,19,0,0,0.9239138960838318,0.0760861188173294
121,MobileNet_Original + MobileNet_RecPlot,20,0,0,0.7219196557998657,0.2780803442001343
121,MobileNet_Original + MobileNet_RecPlot,21,0,0,0.8671705722808838,0.13282939791679382
121,MobileNet_Original + MobileNet_RecPlot,22,1,1,0.046488769352436066,0.9535112380981445
121,MobileNet_Original + MobileNet_RecPlot,23,1,1,0.02859576977789402,0.9714042544364929
121,MobileNet_Original + MobileNet_RecPlot,24,1,1,0.013591114431619644,0.9864088892936707
121,MobileNet_Original + MobileNet_RecPlot,25,1,1,0.027960795909166336,0.9720392227172852
121,MobileNet_Original + MobileNet_RecPlot,26,1,1,0.1161506325006485,0.8838493824005127
121,MobileNet_Original + MobileNet_RecPlot,27,1,1,0.08319917321205139,0.916800856590271
121,MobileNet_Original + MobileNet_RecPlot,28,1,1,0.14215537905693054,0.8578446507453918
121,MobileNet_Original + MobileNet_RecPlot,29,1,1,0.10678394883871078,0.893216073513031
121,MobileNet_Original + MobileNet_RecPlot,30,1,1,0.04386923834681511,0.9561307430267334
121,MobileNet_Original + MobileNet_RecPlot,31,1,1,0.11471132189035416,0.8852887153625488
121,MobileNet_Original + EffNet_Original,0,0,0,0.9315506815910339,0.06844930350780487
121,MobileNet_Original + EffNet_Original,1,0,0,0.7248862981796265,0.2751137316226959
121,MobileNet_Original + EffNet_Original,2,0,0,0.981177806854248,0.01882218010723591
121,MobileNet_Original + EffNet_Original,3,0,0,0.9288227558135986,0.07117723673582077
121,MobileNet_Original + EffNet_Original,4,0,0,0.9177340865135193,0.0822659432888031
121,MobileNet_Original + EffNet_Original,5,0,0,0.9840704202651978,0.015929561108350754
121,MobileNet_Original + EffNet_Original,6,0,0,0.9444119334220886,0.055588092654943466
121,MobileNet_Original + EffNet_Original,7,0,0,0.9509552717208862,0.04904470592737198
121,MobileNet_Original + EffNet_Original,8,0,0,0.9967997670173645,0.0032002537045627832
121,MobileNet_Original + EffNet_Original,9,0,0,0.8430394530296326,0.15696053206920624
121,MobileNet_Original + EffNet_Original,10,0,0,0.7790594100952148,0.22094056010246277
121,MobileNet_Original + EffNet_Original,11,0,0,0.7101562023162842,0.2898438274860382
121,MobileNet_Original + EffNet_Original,12,0,0,0.8898547887802124,0.1101451963186264
121,MobileNet_Original + EffNet_Original,13,0,0,0.8679295778274536,0.13207043707370758
121,MobileNet_Original + EffNet_Original,14,0,0,0.8612240552902222,0.13877588510513306
121,MobileNet_Original + EffNet_Original,15,0,0,0.7854272723197937,0.2145727425813675
121,MobileNet_Original + EffNet_Original,16,0,0,0.8995247483253479,0.1004752591252327
121,MobileNet_Original + EffNet_Original,17,0,0,0.7228686213493347,0.2771313786506653
121,MobileNet_Original + EffNet_Original,18,0,0,0.7311632037162781,0.2688368260860443
121,MobileNet_Original + EffNet_Original,19,0,0,0.9285372495651245,0.07146277278661728
121,MobileNet_Original + EffNet_Original,20,0,1,0.4500995874404907,0.5499004125595093
121,MobileNet_Original + EffNet_Original,21,0,0,0.627117395401001,0.372882604598999
121,MobileNet_Original + EffNet_Original,22,1,1,0.028714744374155998,0.9712852835655212
121,MobileNet_Original + EffNet_Original,23,1,1,0.026140226051211357,0.9738597869873047
121,MobileNet_Original + EffNet_Original,24,1,1,0.0025596448685973883,0.9974403381347656
121,MobileNet_Original + EffNet_Original,25,1,1,0.0023823045194149017,0.9976177215576172
121,MobileNet_Original + EffNet_Original,26,1,1,0.00044859055196866393,0.9995514154434204
121,MobileNet_Original + EffNet_Original,27,1,1,0.05175675451755524,0.948243260383606
121,MobileNet_Original + EffNet_Original,28,1,1,0.3584250211715698,0.6415749788284302
121,MobileNet_Original + EffNet_Original,29,1,1,0.07203970849514008,0.9279602766036987
121,MobileNet_Original + EffNet_Original,30,1,1,0.03451979160308838,0.9654802083969116
121,MobileNet_Original + EffNet_Original,31,1,1,0.014332173392176628,0.9856678247451782
121,MobileNet_Original + EffNet_RecPlot,0,0,0,0.7648272514343262,0.23517273366451263
121,MobileNet_Original + EffNet_RecPlot,1,0,1,0.35965314507484436,0.640346884727478
121,MobileNet_Original + EffNet_RecPlot,2,0,0,0.9266600012779236,0.07334000617265701
121,MobileNet_Original + EffNet_RecPlot,3,0,0,0.5781407356262207,0.4218592643737793
121,MobileNet_Original + EffNet_RecPlot,4,0,0,0.8527613878250122,0.1472385972738266
121,MobileNet_Original + EffNet_RecPlot,5,0,0,0.836570143699646,0.1634298712015152
121,MobileNet_Original + EffNet_RecPlot,6,0,0,0.8746918439865112,0.12530820071697235
121,MobileNet_Original + EffNet_RecPlot,7,0,0,0.9492794871330261,0.05072050541639328
121,MobileNet_Original + EffNet_RecPlot,8,0,0,0.8611141443252563,0.13888585567474365
121,MobileNet_Original + EffNet_RecPlot,9,0,0,0.5761098861694336,0.4238901138305664
121,MobileNet_Original + EffNet_RecPlot,10,0,0,0.6567800045013428,0.3432199954986572
121,MobileNet_Original + EffNet_RecPlot,11,0,0,0.9255684018135071,0.0744316354393959
121,MobileNet_Original + EffNet_RecPlot,12,0,1,0.4998575448989868,0.500142514705658
121,MobileNet_Original + EffNet_RecPlot,13,0,0,0.8524488210678101,0.14755122363567352
121,MobileNet_Original + EffNet_RecPlot,14,0,0,0.5687292218208313,0.4312708079814911
121,MobileNet_Original + EffNet_RecPlot,15,0,0,0.6657842397689819,0.33421576023101807
121,MobileNet_Original + EffNet_RecPlot,16,0,0,0.5284098982810974,0.4715901017189026
121,MobileNet_Original + EffNet_RecPlot,17,0,0,0.7934050559997559,0.20659500360488892
121,MobileNet_Original + EffNet_RecPlot,18,0,0,0.538015604019165,0.46198439598083496
121,MobileNet_Original + EffNet_RecPlot,19,0,0,0.713499903678894,0.28650006651878357
121,MobileNet_Original + EffNet_RecPlot,20,0,0,0.6846892833709717,0.3153107166290283
121,MobileNet_Original + EffNet_RecPlot,21,0,0,0.6974391341209412,0.3025608956813812
121,MobileNet_Original + EffNet_RecPlot,22,1,1,0.42723122239112854,0.5727688074111938
121,MobileNet_Original + EffNet_RecPlot,23,1,1,0.02778076007962227,0.9722192287445068
121,MobileNet_Original + EffNet_RecPlot,24,1,1,0.011985940858721733,0.9880140423774719
121,MobileNet_Original + EffNet_RecPlot,25,1,1,0.040945298969745636,0.959054708480835
121,MobileNet_Original + EffNet_RecPlot,26,1,1,0.21894843876361847,0.7810515761375427
121,MobileNet_Original + EffNet_RecPlot,27,1,1,0.07012926042079926,0.9298707246780396
121,MobileNet_Original + EffNet_RecPlot,28,1,1,0.19446013867855072,0.8055398464202881
121,MobileNet_Original + EffNet_RecPlot,29,1,1,0.18005554378032684,0.819944441318512
121,MobileNet_Original + EffNet_RecPlot,30,1,1,0.054768774658441544,0.9452311992645264
121,MobileNet_Original + EffNet_RecPlot,31,1,1,0.043137528002262115,0.9568624496459961
121,MobileNet_RecPlot + EffNet_Original,0,0,0,0.6589162349700928,0.3410837948322296
121,MobileNet_RecPlot + EffNet_Original,1,0,0,0.7815485596656799,0.21845142543315887
121,MobileNet_RecPlot + EffNet_Original,2,0,0,0.9930973052978516,0.00690271332859993
121,MobileNet_RecPlot + EffNet_Original,3,0,0,0.9808773994445801,0.01912260241806507
121,MobileNet_RecPlot + EffNet_Original,4,0,0,0.851524293422699,0.14847570657730103
121,MobileNet_RecPlot + EffNet_Original,5,0,0,0.986376166343689,0.013623814098536968
121,MobileNet_RecPlot + EffNet_Original,6,0,0,0.950725793838501,0.04927418380975723
121,MobileNet_RecPlot + EffNet_Original,7,0,0,0.9905941486358643,0.009405880235135555
121,MobileNet_RecPlot + EffNet_Original,8,0,0,0.9924276471138,0.007572350557893515
121,MobileNet_RecPlot + EffNet_Original,9,0,0,0.886164665222168,0.11383532732725143
121,MobileNet_RecPlot + EffNet_Original,10,0,0,0.7773817777633667,0.2226182222366333
121,MobileNet_RecPlot + EffNet_Original,11,0,0,0.7667482495307922,0.23325175046920776
121,MobileNet_RecPlot + EffNet_Original,12,0,0,0.8019159436225891,0.19808407127857208
121,MobileNet_RecPlot + EffNet_Original,13,0,0,0.8430690169334412,0.15693098306655884
121,MobileNet_RecPlot + EffNet_Original,14,0,0,0.8364575505256653,0.1635424792766571
121,MobileNet_RecPlot + EffNet_Original,15,0,0,0.7381611466407776,0.2618388831615448
121,MobileNet_RecPlot + EffNet_Original,16,0,0,0.6304372549057007,0.36956271529197693
121,MobileNet_RecPlot + EffNet_Original,17,0,0,0.6546081304550171,0.3453918695449829
121,MobileNet_RecPlot + EffNet_Original,18,0,0,0.6611881256103516,0.33881187438964844
121,MobileNet_RecPlot + EffNet_Original,19,0,0,0.9547971487045288,0.04520287737250328
121,MobileNet_RecPlot + EffNet_Original,20,0,0,0.7205951809883118,0.27940481901168823
121,MobileNet_RecPlot + EffNet_Original,21,0,0,0.590775191783905,0.40922480821609497
121,MobileNet_RecPlot + EffNet_Original,22,1,1,0.019066177308559418,0.9809337854385376
121,MobileNet_RecPlot + EffNet_Original,23,1,1,0.0032130619511008263,0.9967869520187378
121,MobileNet_RecPlot + EffNet_Original,24,1,1,0.011235608719289303,0.9887644052505493
121,MobileNet_RecPlot + EffNet_Original,25,1,1,0.027988165616989136,0.9720118045806885
121,MobileNet_RecPlot + EffNet_Original,26,1,1,0.11591433733701706,0.8840857148170471
121,MobileNet_RecPlot + EffNet_Original,27,1,1,0.05527254939079285,0.9447274804115295
121,MobileNet_RecPlot + EffNet_Original,28,1,1,0.2520703375339508,0.7479296922683716
121,MobileNet_RecPlot + EffNet_Original,29,1,1,0.10794945061206818,0.892050564289093
121,MobileNet_RecPlot + EffNet_Original,30,1,1,0.026866715401411057,0.9731333255767822
121,MobileNet_RecPlot + EffNet_Original,31,1,1,0.10804014652967453,0.8919599056243896
121,MobileNet_RecPlot + EffNet_RecPlot,0,0,1,0.492192804813385,0.507807195186615
121,MobileNet_RecPlot + EffNet_RecPlot,1,0,1,0.4163154065608978,0.5836845636367798
121,MobileNet_RecPlot + EffNet_RecPlot,2,0,0,0.9385794401168823,0.06142053380608559
121,MobileNet_RecPlot + EffNet_RecPlot,3,0,0,0.6301953792572021,0.36980465054512024
121,MobileNet_RecPlot + EffNet_RecPlot,4,0,0,0.7865516543388367,0.21344837546348572
121,MobileNet_RecPlot + EffNet_RecPlot,5,0,0,0.8388758897781372,0.161124125123024
121,MobileNet_RecPlot + EffNet_RecPlot,6,0,0,0.8810057044029236,0.11899429559707642
121,MobileNet_RecPlot + EffNet_RecPlot,7,0,0,0.9889183044433594,0.011081678792834282
121,MobileNet_RecPlot + EffNet_RecPlot,8,0,0,0.8567420244216919,0.14325794577598572
121,MobileNet_RecPlot + EffNet_RecPlot,9,0,0,0.619235098361969,0.380764901638031
121,MobileNet_RecPlot + EffNet_RecPlot,10,0,0,0.6551023125648499,0.34489768743515015
121,MobileNet_RecPlot + EffNet_RecPlot,11,0,0,0.9821604490280151,0.01783956028521061
121,MobileNet_RecPlot + EffNet_RecPlot,12,0,1,0.41191866993904114,0.5880813598632812
121,MobileNet_RecPlot + EffNet_RecPlot,13,0,0,0.8275882005691528,0.17241176962852478
121,MobileNet_RecPlot + EffNet_RecPlot,14,0,0,0.5439625978469849,0.45603740215301514
121,MobileNet_RecPlot + EffNet_RecPlot,15,0,0,0.6185181140899658,0.3814818859100342
121,MobileNet_RecPlot + EffNet_RecPlot,16,0,1,0.2593224048614502,0.7406775951385498
121,MobileNet_RecPlot + EffNet_RecPlot,17,0,0,0.7251445055007935,0.27485552430152893
121,MobileNet_RecPlot + EffNet_RecPlot,18,0,1,0.4680405557155609,0.5319594740867615
121,MobileNet_RecPlot + EffNet_RecPlot,19,0,0,0.7397598028182983,0.2602401673793793
121,MobileNet_RecPlot + EffNet_RecPlot,20,0,0,0.9551848769187927,0.044815145432949066
121,MobileNet_RecPlot + EffNet_RecPlot,21,0,0,0.6610969305038452,0.3389030694961548
121,MobileNet_RecPlot + EffNet_RecPlot,22,1,1,0.4175826609134674,0.582417368888855
121,MobileNet_RecPlot + EffNet_RecPlot,23,1,1,0.004853595979511738,0.9951463937759399
121,MobileNet_RecPlot + EffNet_RecPlot,24,1,1,0.020661907270550728,0.9793381094932556
121,MobileNet_RecPlot + EffNet_RecPlot,25,1,1,0.06655115634202957,0.9334487915039062
121,MobileNet_RecPlot + EffNet_RecPlot,26,1,1,0.33441418409347534,0.6655858755111694
121,MobileNet_RecPlot + EffNet_RecPlot,27,1,1,0.07364505529403687,0.9263549447059631
121,MobileNet_RecPlot + EffNet_RecPlot,28,1,1,0.0881054550409317,0.9118945598602295
121,MobileNet_RecPlot + EffNet_RecPlot,29,1,1,0.21596527099609375,0.7840347290039062
121,MobileNet_RecPlot + EffNet_RecPlot,30,1,1,0.04711569845676422,0.952884316444397
121,MobileNet_RecPlot + EffNet_RecPlot,31,1,1,0.13684549927711487,0.8631545305252075
121,EffNet_Original + EffNet_RecPlot,0,0,0,0.8288906812667847,0.17110934853553772
121,EffNet_Original + EffNet_RecPlot,1,0,1,0.38520368933677673,0.6147962808609009
121,EffNet_Original + EffNet_RecPlot,2,0,0,0.935544490814209,0.06445549428462982
121,EffNet_Original + EffNet_RecPlot,3,0,0,0.6479810476303101,0.35201892256736755
121,EffNet_Original + EffNet_RecPlot,4,0,0,0.867901623249054,0.13209837675094604
121,EffNet_Original + EffNet_RecPlot,5,0,0,0.8481589555740356,0.15184105932712555
121,EffNet_Original + EffNet_RecPlot,6,0,0,0.9249550700187683,0.07504493743181229
121,EffNet_Original + EffNet_RecPlot,7,0,0,0.9939260482788086,0.006073974538594484
121,EffNet_Original + EffNet_RecPlot,8,0,0,0.8619549870491028,0.13804501295089722
121,EffNet_Original + EffNet_RecPlot,9,0,0,0.6949642896652222,0.3050357401371002
121,EffNet_Original + EffNet_RecPlot,10,0,0,0.7449817657470703,0.2550182342529297
121,EffNet_Original + EffNet_RecPlot,11,0,0,0.7630892992019653,0.23691074550151825
121,EffNet_Original + EffNet_RecPlot,12,0,1,0.44402918219566345,0.5559708476066589
121,EffNet_Original + EffNet_RecPlot,13,0,0,0.878801703453064,0.12119829654693604
121,EffNet_Original + EffNet_RecPlot,14,0,1,0.46397119760513306,0.5360288023948669
121,EffNet_Original + EffNet_RecPlot,15,0,0,0.5230563879013062,0.47694361209869385
121,EffNet_Original + EffNet_RecPlot,16,0,1,0.4852936863899231,0.5147063136100769
121,EffNet_Original + EffNet_RecPlot,17,0,0,0.7537171840667725,0.24628286063671112
121,EffNet_Original + EffNet_RecPlot,18,0,0,0.5363931655883789,0.4636068046092987
121,EffNet_Original + EffNet_RecPlot,19,0,0,0.7443831562995911,0.25561684370040894
121,EffNet_Original + EffNet_RecPlot,20,0,0,0.6833648085594177,0.3166351914405823
121,EffNet_Original + EffNet_RecPlot,21,0,1,0.4210437536239624,0.5789562463760376
121,EffNet_Original + EffNet_RecPlot,22,1,1,0.3998086452484131,0.6001913547515869
121,EffNet_Original + EffNet_RecPlot,23,1,1,0.0023980538826435804,0.9976019859313965
121,EffNet_Original + EffNet_RecPlot,24,1,1,0.009630436077713966,0.9903695583343506
121,EffNet_Original + EffNet_RecPlot,25,1,1,0.040972668677568436,0.9590273499488831
121,EffNet_Original + EffNet_RecPlot,26,1,1,0.21871215105056763,0.7812879085540771
121,EffNet_Original + EffNet_RecPlot,27,1,1,0.04220263659954071,0.9577973484992981
121,EffNet_Original + EffNet_RecPlot,28,1,1,0.3043751120567322,0.6956249475479126
121,EffNet_Original + EffNet_RecPlot,29,1,1,0.18122103810310364,0.8187789916992188
121,EffNet_Original + EffNet_RecPlot,30,1,1,0.03776625171303749,0.9622337818145752
121,EffNet_Original + EffNet_RecPlot,31,1,1,0.03646635636687279,0.9635336399078369
121,MobileNet_Original + MobileNet_Original,0,0,0,0.8674873113632202,0.13251270353794098
121,MobileNet_Original + MobileNet_Original,1,0,0,0.6993356943130493,0.3006642758846283
121,MobileNet_Original + MobileNet_Original,2,0,0,0.9722933173179626,0.027706684544682503
121,MobileNet_Original + MobileNet_Original,3,0,0,0.8589823842048645,0.1410175859928131
121,MobileNet_Original + MobileNet_Original,4,0,0,0.9025938510894775,0.09740616381168365
121,MobileNet_Original + MobileNet_Original,5,0,0,0.9724816083908081,0.027518372982740402
121,MobileNet_Original + MobileNet_Original,6,0,0,0.894148588180542,0.10585134476423264
121,MobileNet_Original + MobileNet_Original,7,0,0,0.9063087701797485,0.09369123727083206
121,MobileNet_Original + MobileNet_Original,8,0,0,0.9959589242935181,0.004041093867272139
121,MobileNet_Original + MobileNet_Original,9,0,0,0.7241851091384888,0.2758149206638336
121,MobileNet_Original + MobileNet_Original,10,0,0,0.6908576488494873,0.3091423213481903
121,MobileNet_Original + MobileNet_Original,11,0,0,0.8726353049278259,0.12736470997333527
121,MobileNet_Original + MobileNet_Original,12,0,0,0.9456831812858582,0.05431685224175453
121,MobileNet_Original + MobileNet_Original,13,0,0,0.8415766358375549,0.15842336416244507
121,MobileNet_Original + MobileNet_Original,14,0,0,0.9659820199012756,0.03401793912053108
121,MobileNet_Original + MobileNet_Original,15,0,0,0.9281551241874695,0.07184488326311111
121,MobileNet_Original + MobileNet_Original,16,0,0,0.9426409602165222,0.05735905095934868
121,MobileNet_Original + MobileNet_Original,17,0,0,0.7625564932823181,0.23744350671768188
121,MobileNet_Original + MobileNet_Original,18,0,0,0.7327856421470642,0.26721441745758057
121,MobileNet_Original + MobileNet_Original,19,0,0,0.8976539969444275,0.1023460105061531
121,MobileNet_Original + MobileNet_Original,20,0,1,0.45142412185668945,0.5485759377479553
121,MobileNet_Original + MobileNet_Original,21,0,0,0.9035128355026245,0.09648720920085907
121,MobileNet_Original + MobileNet_Original,22,1,1,0.0561373345553875,0.9438626766204834
121,MobileNet_Original + MobileNet_Original,23,1,1,0.051522936671972275,0.9484770894050598
121,MobileNet_Original + MobileNet_Original,24,1,1,0.004915149416774511,0.995084822177887
121,MobileNet_Original + MobileNet_Original,25,1,1,0.0023549350444227457,0.9976450800895691
121,MobileNet_Original + MobileNet_Original,26,1,1,0.0006848840275779366,0.9993151426315308
121,MobileNet_Original + MobileNet_Original,27,1,1,0.07968337833881378,0.9203166365623474
121,MobileNet_Original + MobileNet_Original,28,1,1,0.24851004779338837,0.7514899373054504
121,MobileNet_Original + MobileNet_Original,29,1,1,0.07087421417236328,0.9291257858276367
121,MobileNet_Original + MobileNet_Original,30,1,1,0.05152231454849243,0.9484776854515076
121,MobileNet_Original + MobileNet_Original,31,1,1,0.021003345027565956,0.9789966344833374
121,MobileNet_RecPlot + MobileNet_RecPlot,0,0,1,0.3222183287143707,0.6777816414833069
121,MobileNet_RecPlot + MobileNet_RecPlot,1,0,0,0.8126603364944458,0.1873396784067154
121,MobileNet_RecPlot + MobileNet_RecPlot,2,0,0,0.9961322546005249,0.0038677500560879707
121,MobileNet_RecPlot + MobileNet_RecPlot,3,0,0,0.9630917310714722,0.036908313632011414
121,MobileNet_RecPlot + MobileNet_RecPlot,4,0,0,0.7701743245124817,0.2298257052898407
121,MobileNet_RecPlot + MobileNet_RecPlot,5,0,0,0.9770931005477905,0.02290687896311283
121,MobileNet_RecPlot + MobileNet_RecPlot,6,0,0,0.9067764282226562,0.09322354197502136
121,MobileNet_RecPlot + MobileNet_RecPlot,7,0,0,0.985586404800415,0.014413584023714066
121,MobileNet_RecPlot + MobileNet_RecPlot,8,0,0,0.9872146844863892,0.012785287573933601
121,MobileNet_RecPlot + MobileNet_RecPlot,9,0,0,0.8104355335235596,0.18956448137760162
121,MobileNet_RecPlot + MobileNet_RecPlot,10,0,0,0.6875023245811462,0.31249767541885376
121,MobileNet_RecPlot + MobileNet_RecPlot,11,0,0,0.9858194589614868,0.014180556870996952
121,MobileNet_RecPlot + MobileNet_RecPlot,12,0,0,0.7698054313659668,0.2301945984363556
121,MobileNet_RecPlot + MobileNet_RecPlot,13,0,0,0.79185551404953,0.20814445614814758
121,MobileNet_RecPlot + MobileNet_RecPlot,14,0,0,0.9164489507675171,0.0835510790348053
121,MobileNet_RecPlot + MobileNet_RecPlot,15,0,0,0.8336228728294373,0.16637715697288513
121,MobileNet_RecPlot + MobileNet_RecPlot,16,0,1,0.40446600317955017,0.5955339670181274
121,MobileNet_RecPlot + MobileNet_RecPlot,17,0,0,0.6260354518890381,0.3739645481109619
121,MobileNet_RecPlot + MobileNet_RecPlot,18,0,0,0.5928354859352112,0.4071645438671112
121,MobileNet_RecPlot + MobileNet_RecPlot,19,0,0,0.9501737952232361,0.04982621595263481
121,MobileNet_RecPlot + MobileNet_RecPlot,20,0,0,0.9924152493476868,0.0075847674161195755
121,MobileNet_RecPlot + MobileNet_RecPlot,21,0,0,0.8308283686637878,0.16917160153388977
121,MobileNet_RecPlot + MobileNet_RecPlot,22,1,1,0.036840200424194336,0.9631597399711609
121,MobileNet_RecPlot + MobileNet_RecPlot,23,1,1,0.005668604280799627,0.994331419467926
121,MobileNet_RecPlot + MobileNet_RecPlot,24,1,1,0.02226707711815834,0.9777328968048096
121,MobileNet_RecPlot + MobileNet_RecPlot,25,1,1,0.05356665700674057,0.9464333653450012
121,MobileNet_RecPlot + MobileNet_RecPlot,26,1,1,0.23161637783050537,0.7683836817741394
121,MobileNet_RecPlot + MobileNet_RecPlot,27,1,1,0.0867149606347084,0.9132850170135498
121,MobileNet_RecPlot + MobileNet_RecPlot,28,1,1,0.03580067679286003,0.9641993045806885
121,MobileNet_RecPlot + MobileNet_RecPlot,29,1,1,0.14269369840621948,0.8573063015937805
121,MobileNet_RecPlot + MobileNet_RecPlot,30,1,1,0.03621616214513779,0.963783860206604
121,MobileNet_RecPlot + MobileNet_RecPlot,31,1,1,0.2084192931652069,0.7915807366371155
121,EffNet_Original + EffNet_Original,0,0,0,0.9956141114234924,0.004385904408991337
121,EffNet_Original + EffNet_Original,1,0,0,0.7504368424415588,0.24956318736076355
121,EffNet_Original + EffNet_Original,2,0,0,0.9900623559951782,0.009937676601111889
121,EffNet_Original + EffNet_Original,3,0,0,0.9986631274223328,0.001336890971288085
121,EffNet_Original + EffNet_Original,4,0,0,0.9328742623329163,0.06712570786476135
121,EffNet_Original + EffNet_Original,5,0,0,0.9956592321395874,0.004340749233961105
121,EffNet_Original + EffNet_Original,6,0,0,0.9946751594543457,0.0053248233161866665
121,EffNet_Original + EffNet_Original,7,0,0,0.9956018328666687,0.004398175049573183
121,EffNet_Original + EffNet_Original,8,0,0,0.9976406097412109,0.002359413541853428
121,EffNet_Original + EffNet_Original,9,0,0,0.9618938565254211,0.03810616955161095
121,EffNet_Original + EffNet_Original,10,0,0,0.8672612309455872,0.13273879885673523
121,EffNet_Original + EffNet_Original,11,0,0,0.5476770401000977,0.45232293009757996
121,EffNet_Original + EffNet_Original,12,0,0,0.8340264558792114,0.16597354412078857
121,EffNet_Original + EffNet_Original,13,0,0,0.8942825198173523,0.1057175025343895
121,EffNet_Original + EffNet_Original,14,0,0,0.7564661502838135,0.24353386461734772
121,EffNet_Original + EffNet_Original,15,0,0,0.6426994204521179,0.3573005795478821
121,EffNet_Original + EffNet_Original,16,0,0,0.8564085364341736,0.14359146356582642
121,EffNet_Original + EffNet_Original,17,0,0,0.6831807494163513,0.3168192207813263
121,EffNet_Original + EffNet_Original,18,0,0,0.7295407652854919,0.27045923471450806
121,EffNet_Original + EffNet_Original,19,0,0,0.9594204425811768,0.04057953879237175
121,EffNet_Original + EffNet_Original,20,0,1,0.4487750828266144,0.5512248873710632
121,EffNet_Original + EffNet_Original,21,0,1,0.3507220149040222,0.6492779850959778
121,EffNet_Original + EffNet_Original,22,1,1,0.0012921534944325686,0.9987078905105591
121,EffNet_Original + EffNet_Original,23,1,1,0.0007575199124403298,0.9992424249649048
121,EffNet_Original + EffNet_Original,24,1,1,0.00020414043683558702,0.9997958540916443
121,EffNet_Original + EffNet_Original,25,1,1,0.002409673761576414,0.9975903034210205
121,EffNet_Original + EffNet_Original,26,1,1,0.00021229709091130644,0.9997877478599548
121,EffNet_Original + EffNet_Original,27,1,1,0.02383013255894184,0.9761698842048645
121,EffNet_Original + EffNet_Original,28,1,1,0.4683399796485901,0.5316600203514099
121,EffNet_Original + EffNet_Original,29,1,1,0.07320520281791687,0.9267948269844055
121,EffNet_Original + EffNet_Original,30,1,1,0.017517268657684326,0.9824826717376709
121,EffNet_Original + EffNet_Original,31,1,1,0.007661001291126013,0.992339015007019
121,EffNet_RecPlot + EffNet_RecPlot,0,0,0,0.6621672511100769,0.3378327786922455
121,EffNet_RecPlot + EffNet_RecPlot,1,0,1,0.019970523193478584,0.9800294637680054
121,EffNet_RecPlot + EffNet_RecPlot,2,0,0,0.8810266852378845,0.11897332221269608
121,EffNet_RecPlot + EffNet_RecPlot,3,0,1,0.29729902744293213,0.7027009725570679
121,EffNet_RecPlot + EffNet_RecPlot,4,0,0,0.8029289841651917,0.19707103073596954
121,EffNet_RecPlot + EffNet_RecPlot,5,0,0,0.7006586194038391,0.2993413805961609
121,EffNet_RecPlot + EffNet_RecPlot,6,0,0,0.8552349805831909,0.14476504921913147
121,EffNet_RecPlot + EffNet_RecPlot,7,0,0,0.9922502040863037,0.007749774027615786
121,EffNet_RecPlot + EffNet_RecPlot,8,0,0,0.7262693643569946,0.273730605840683
121,EffNet_RecPlot + EffNet_RecPlot,9,0,1,0.4280346632003784,0.5719653367996216
121,EffNet_RecPlot + EffNet_RecPlot,10,0,0,0.6227023005485535,0.37729766964912415
121,EffNet_RecPlot + EffNet_RecPlot,11,0,0,0.9785013794898987,0.021498562768101692
121,EffNet_RecPlot + EffNet_RecPlot,12,0,1,0.054031889885663986,0.9459681510925293
121,EffNet_RecPlot + EffNet_RecPlot,13,0,0,0.8633209466934204,0.13667908310890198
121,EffNet_RecPlot + EffNet_RecPlot,14,0,1,0.17147627472877502,0.8285237550735474
121,EffNet_RecPlot + EffNet_RecPlot,15,0,1,0.4034133553504944,0.5965866446495056
121,EffNet_RecPlot + EffNet_RecPlot,16,0,1,0.11417883634567261,0.8858211636543274
121,EffNet_RecPlot + EffNet_RecPlot,17,0,0,0.8242535591125488,0.17574650049209595
121,EffNet_RecPlot + EffNet_RecPlot,18,0,1,0.34324562549591064,0.6567543745040894
121,EffNet_RecPlot + EffNet_RecPlot,19,0,0,0.5293458700180054,0.47065412998199463
121,EffNet_RecPlot + EffNet_RecPlot,20,0,0,0.9179545044898987,0.0820455253124237
121,EffNet_RecPlot + EffNet_RecPlot,21,0,1,0.4913654625415802,0.5086345672607422
121,EffNet_RecPlot + EffNet_RecPlot,22,1,0,0.7983251214027405,0.20167487859725952
121,EffNet_RecPlot + EffNet_RecPlot,23,1,1,0.004038588143885136,0.9959614276885986
121,EffNet_RecPlot + EffNet_RecPlot,24,1,1,0.019056731835007668,0.9809432625770569
121,EffNet_RecPlot + EffNet_RecPlot,25,1,1,0.07953566312789917,0.9204643964767456
121,EffNet_RecPlot + EffNet_RecPlot,26,1,1,0.4372119903564453,0.5627880096435547
121,EffNet_RecPlot + EffNet_RecPlot,27,1,1,0.06057513877749443,0.9394248723983765
121,EffNet_RecPlot + EffNet_RecPlot,28,1,1,0.14041022956371307,0.8595898151397705
121,EffNet_RecPlot + EffNet_RecPlot,29,1,1,0.2892368733882904,0.710763156414032
121,EffNet_RecPlot + EffNet_RecPlot,30,1,1,0.058015234768390656,0.9419847726821899
121,EffNet_RecPlot + EffNet_RecPlot,31,1,1,0.06527171283960342,0.9347283244132996
121,MobileNet_Original + MobileNet_RecPlot,32,1,0,0.5296440720558167,0.47035589814186096
121,MobileNet_Original + MobileNet_RecPlot,33,1,1,0.2530251741409302,0.7469748258590698
121,MobileNet_Original + MobileNet_RecPlot,34,1,1,0.06288610398769379,0.937113881111145
121,MobileNet_Original + MobileNet_RecPlot,35,1,1,0.07433630526065826,0.9256637096405029
121,MobileNet_Original + MobileNet_RecPlot,36,1,1,0.1007426381111145,0.8992573618888855
121,MobileNet_Original + MobileNet_RecPlot,37,1,1,0.0621882788836956,0.9378117322921753
121,MobileNet_Original + MobileNet_RecPlot,38,1,1,0.07984811067581177,0.9201518893241882
121,MobileNet_Original + MobileNet_RecPlot,39,1,1,0.010099012404680252,0.9899010062217712
121,MobileNet_Original + MobileNet_RecPlot,40,1,1,0.04333335906267166,0.9566666483879089
121,MobileNet_Original + MobileNet_RecPlot,41,1,1,0.015074956230819225,0.9849250912666321
121,MobileNet_Original + MobileNet_RecPlot,42,1,1,0.014151545241475105,0.9858484268188477
121,MobileNet_Original + MobileNet_RecPlot,43,1,1,0.35597753524780273,0.6440224647521973
121,MobileNet_Original + MobileNet_RecPlot,44,1,1,0.015837708488106728,0.9841623306274414
121,MobileNet_Original + MobileNet_RecPlot,45,1,1,0.011983327567577362,0.988016664981842
121,MobileNet_Original + EffNet_Original,32,1,1,0.05442843213677406,0.9455715417861938
121,MobileNet_Original + EffNet_Original,33,1,1,0.10818029940128326,0.8918197154998779
121,MobileNet_Original + EffNet_Original,34,1,1,0.0015735384076833725,0.9984264373779297
121,MobileNet_Original + EffNet_Original,35,1,1,0.011470173485577106,0.9885298609733582
121,MobileNet_Original + EffNet_Original,36,1,1,0.009442961774766445,0.990557074546814
121,MobileNet_Original + EffNet_Original,37,1,1,0.055111903697252274,0.9448881149291992
121,MobileNet_Original + EffNet_Original,38,1,1,0.06759730726480484,0.9324027299880981
121,MobileNet_Original + EffNet_Original,39,1,1,0.0026521969120949507,0.9973478317260742
121,MobileNet_Original + EffNet_Original,40,1,1,0.0058985217474401,0.9941015243530273
121,MobileNet_Original + EffNet_Original,41,1,1,0.013880308717489243,0.9861196875572205
121,MobileNet_Original + EffNet_Original,42,1,1,0.0050620632246136665,0.9949378967285156
121,MobileNet_Original + EffNet_Original,43,1,1,0.02171357534825802,0.9782864451408386
121,MobileNet_Original + EffNet_Original,44,1,1,0.003734768833965063,0.9962652325630188
121,MobileNet_Original + EffNet_Original,45,1,1,0.010665029287338257,0.9893349409103394
121,MobileNet_Original + EffNet_RecPlot,32,1,1,0.4741533100605011,0.5258466601371765
121,MobileNet_Original + EffNet_RecPlot,33,1,1,0.1627858728170395,0.8372141122817993
121,MobileNet_Original + EffNet_RecPlot,34,1,1,0.3802959620952606,0.6197040677070618
121,MobileNet_Original + EffNet_RecPlot,35,1,1,0.06297364830970764,0.9370263814926147
121,MobileNet_Original + EffNet_RecPlot,36,1,1,0.05557042360305786,0.9444296360015869
121,MobileNet_Original + EffNet_RecPlot,37,1,1,0.06895852088928223,0.9310414791107178
121,MobileNet_Original + EffNet_RecPlot,38,1,1,0.08586084842681885,0.9141391515731812
121,MobileNet_Original + EffNet_RecPlot,39,1,1,0.03707846626639366,0.9629215598106384
121,MobileNet_Original + EffNet_RecPlot,40,1,1,0.010069922544062138,0.9899300932884216
121,MobileNet_Original + EffNet_RecPlot,41,1,1,0.013911204412579536,0.9860888123512268
121,MobileNet_Original + EffNet_RecPlot,42,1,1,0.050512369722127914,0.9494876861572266
121,MobileNet_Original + EffNet_RecPlot,43,1,1,0.04715188220143318,0.9528481364250183
121,MobileNet_Original + EffNet_RecPlot,44,1,1,0.02060120739042759,0.979398787021637
121,MobileNet_Original + EffNet_RecPlot,45,1,1,0.046527888625860214,0.9534721374511719
121,MobileNet_RecPlot + EffNet_Original,32,1,1,0.4863382875919342,0.5136616826057434
121,MobileNet_RecPlot + EffNet_Original,33,1,1,0.1464921534061432,0.8535078763961792
121,MobileNet_RecPlot + EffNet_Original,34,1,1,0.06249962002038956,0.9375003576278687
121,MobileNet_RecPlot + EffNet_Original,35,1,1,0.0740978792309761,0.9259021282196045
121,MobileNet_RecPlot + EffNet_Original,36,1,1,0.09196830540895462,0.908031702041626
121,MobileNet_RecPlot + EffNet_Original,37,1,1,0.011441970244050026,0.9885580539703369
121,MobileNet_RecPlot + EffNet_Original,38,1,1,0.01606336608529091,0.9839366674423218
121,MobileNet_RecPlot + EffNet_Original,39,1,1,0.007670616265386343,0.9923293590545654
121,MobileNet_RecPlot + EffNet_Original,40,1,1,0.042378019541502,0.9576219916343689
121,MobileNet_RecPlot + EffNet_Original,41,1,1,0.004605074413120747,0.9953949451446533
121,MobileNet_RecPlot + EffNet_Original,42,1,1,0.0142408087849617,0.9857591986656189
121,MobileNet_RecPlot + EffNet_Original,43,1,1,0.358980268239975,0.6410197615623474
121,MobileNet_RecPlot + EffNet_Original,44,1,1,0.01609254814684391,0.9839074611663818
121,MobileNet_RecPlot + EffNet_Original,45,1,1,0.015551446005702019,0.9844485521316528
121,MobileNet_RecPlot + EffNet_RecPlot,32,1,0,0.9060631990432739,0.09393680840730667
121,MobileNet_RecPlot + EffNet_RecPlot,33,1,1,0.20109772682189941,0.7989022731781006
121,MobileNet_RecPlot + EffNet_RecPlot,34,1,1,0.44122204184532166,0.558777928352356
121,MobileNet_RecPlot + EffNet_RecPlot,35,1,1,0.12560135126113892,0.8743986487388611
121,MobileNet_RecPlot + EffNet_RecPlot,36,1,1,0.13809576630592346,0.8619042634963989
121,MobileNet_RecPlot + EffNet_RecPlot,37,1,1,0.02528858557343483,0.9747114181518555
121,MobileNet_RecPlot + EffNet_RecPlot,38,1,1,0.034326907247304916,0.9656730890274048
121,MobileNet_RecPlot + EffNet_RecPlot,39,1,1,0.042096883058547974,0.9579030871391296
121,MobileNet_RecPlot + EffNet_RecPlot,40,1,1,0.046549417078495026,0.9534505605697632
121,MobileNet_RecPlot + EffNet_RecPlot,41,1,1,0.004635969176888466,0.9953640699386597
121,MobileNet_RecPlot + EffNet_RecPlot,42,1,1,0.05969111621379852,0.9403088688850403
121,MobileNet_RecPlot + EffNet_RecPlot,43,1,1,0.3844185471534729,0.6155814528465271
121,MobileNet_RecPlot + EffNet_RecPlot,44,1,1,0.032958984375,0.967041015625
121,MobileNet_RecPlot + EffNet_RecPlot,45,1,1,0.051414307206869125,0.9485857486724854
121,EffNet_Original + EffNet_RecPlot,32,1,1,0.43084752559661865,0.5691524744033813
121,EffNet_Original + EffNet_RecPlot,33,1,1,0.05625284090638161,0.9437471628189087
121,EffNet_Original + EffNet_RecPlot,34,1,1,0.379909485578537,0.6200905442237854
121,EffNet_Original + EffNet_RecPlot,35,1,1,0.06273522228002548,0.9372648000717163
121,EffNet_Original + EffNet_RecPlot,36,1,1,0.04679609835147858,0.9532039165496826
121,EffNet_Original + EffNet_RecPlot,37,1,1,0.01821221224963665,0.9817878007888794
121,EffNet_Original + EffNet_RecPlot,38,1,1,0.022076105698943138,0.9779239296913147
121,EffNet_Original + EffNet_RecPlot,39,1,1,0.03465006873011589,0.9653499126434326
121,EffNet_Original + EffNet_RecPlot,40,1,1,0.00911458395421505,0.9908854365348816
121,EffNet_Original + EffNet_RecPlot,41,1,1,0.003441321197897196,0.996558666229248
121,EffNet_Original + EffNet_RecPlot,42,1,1,0.05060163140296936,0.949398398399353
121,EffNet_Original + EffNet_RecPlot,43,1,1,0.05015458166599274,0.9498454332351685
121,EffNet_Original + EffNet_RecPlot,44,1,1,0.020856045186519623,0.9791439771652222
121,EffNet_Original + EffNet_RecPlot,45,1,1,0.05009600892663002,0.9499040246009827
121,MobileNet_Original + MobileNet_Original,32,1,1,0.0977342426776886,0.9022657871246338
121,MobileNet_Original + MobileNet_Original,33,1,1,0.21471333503723145,0.7852866649627686
121,MobileNet_Original + MobileNet_Original,34,1,1,0.0019600221421569586,0.9980400204658508
121,MobileNet_Original + MobileNet_Original,35,1,1,0.011708598583936691,0.9882914423942566
121,MobileNet_Original + MobileNet_Original,36,1,1,0.018217287957668304,0.9817827343940735
121,MobileNet_Original + MobileNet_Original,37,1,1,0.1058581992983818,0.8941417336463928
121,MobileNet_Original + MobileNet_Original,38,1,1,0.1313820630311966,0.8686179518699646
121,MobileNet_Original + MobileNet_Original,39,1,1,0.0050805918872356415,0.9949194192886353
121,MobileNet_Original + MobileNet_Original,40,1,1,0.006853860802948475,0.9931461811065674
121,MobileNet_Original + MobileNet_Original,41,1,1,0.02435019053518772,0.9756498336791992
121,MobileNet_Original + MobileNet_Original,42,1,1,0.004972799681127071,0.9950272440910339
121,MobileNet_Original + MobileNet_Original,43,1,1,0.018710872158408165,0.9812891483306885
121,MobileNet_Original + MobileNet_Original,44,1,1,0.0034799298737198114,0.9965200424194336
121,MobileNet_Original + MobileNet_Original,45,1,1,0.007096912246197462,0.9929031133651733
121,MobileNet_RecPlot + MobileNet_RecPlot,32,1,0,0.9615539312362671,0.038446057587862015
121,MobileNet_RecPlot + MobileNet_RecPlot,33,1,1,0.2913370430469513,0.7086629867553711
121,MobileNet_RecPlot + MobileNet_RecPlot,34,1,1,0.12381218373775482,0.876187801361084
121,MobileNet_RecPlot + MobileNet_RecPlot,35,1,1,0.13696400821208954,0.8630359768867493
121,MobileNet_RecPlot + MobileNet_RecPlot,36,1,1,0.1832679808139801,0.8167319893836975
121,MobileNet_RecPlot + MobileNet_RecPlot,37,1,1,0.018518343567848206,0.981481671333313
121,MobileNet_RecPlot + MobileNet_RecPlot,38,1,1,0.028314167633652687,0.9716858863830566
121,MobileNet_RecPlot + MobileNet_RecPlot,39,1,1,0.015117431990802288,0.9848825931549072
121,MobileNet_RecPlot + MobileNet_RecPlot,40,1,1,0.07981285452842712,0.9201871156692505
121,MobileNet_RecPlot + MobileNet_RecPlot,41,1,1,0.005799721460789442,0.9942002296447754
121,MobileNet_RecPlot + MobileNet_RecPlot,42,1,1,0.023330291733145714,0.9766697287559509
121,MobileNet_RecPlot + MobileNet_RecPlot,43,1,0,0.693244218826294,0.30675575137138367
121,MobileNet_RecPlot + MobileNet_RecPlot,44,1,1,0.028195487335324287,0.9718045592308044
121,MobileNet_RecPlot + MobileNet_RecPlot,45,1,1,0.016869744285941124,0.9831302762031555
121,EffNet_Original + EffNet_Original,32,1,1,0.011122631840407848,0.9888773560523987
121,EffNet_Original + EffNet_Original,33,1,1,0.0016472607385367155,0.9983527660369873
121,EffNet_Original + EffNet_Original,34,1,1,0.00118705490604043,0.9988129734992981
121,EffNet_Original + EffNet_Original,35,1,1,0.011231748387217522,0.9887682795524597
121,EffNet_Original + EffNet_Original,36,1,1,0.0006686347769573331,0.9993313550949097
121,EffNet_Original + EffNet_Original,37,1,1,0.004365595988929272,0.9956343770027161
121,EffNet_Original + EffNet_Original,38,1,1,0.0038125626742839813,0.9961873888969421
121,EffNet_Original + EffNet_Original,39,1,1,0.00022380180598702282,0.9997761845588684
121,EffNet_Original + EffNet_Original,40,1,1,0.0049431826919317245,0.9950568675994873
121,EffNet_Original + EffNet_Original,41,1,1,0.00341042666696012,0.9965896010398865
121,EffNet_Original + EffNet_Original,42,1,1,0.005151327699422836,0.9948487281799316
121,EffNet_Original + EffNet_Original,43,1,1,0.024716276675462723,0.9752837419509888
121,EffNet_Original + EffNet_Original,44,1,1,0.003989607561379671,0.996010422706604
121,EffNet_Original + EffNet_Original,45,1,1,0.014233146794140339,0.9857668876647949
121,EffNet_RecPlot + EffNet_RecPlot,32,1,0,0.850572407245636,0.14942756295204163
121,EffNet_RecPlot + EffNet_RecPlot,33,1,1,0.11085841804742813,0.8891415596008301
121,EffNet_RecPlot + EffNet_RecPlot,34,1,0,0.7586318850517273,0.24136808514595032
121,EffNet_RecPlot + EffNet_RecPlot,35,1,1,0.1142386943101883,0.8857613205909729
121,EffNet_RecPlot + EffNet_RecPlot,36,1,1,0.09292355924844742,0.9070764780044556
121,EffNet_RecPlot + EffNet_RecPlot,37,1,1,0.032058827579021454,0.967941164970398
121,EffNet_RecPlot + EffNet_RecPlot,38,1,1,0.040339648723602295,0.9596603512763977
121,EffNet_RecPlot + EffNet_RecPlot,39,1,1,0.06907633692026138,0.9309236407279968
121,EffNet_RecPlot + EffNet_RecPlot,40,1,1,0.0132859842851758,0.9867140054702759
121,EffNet_RecPlot + EffNet_RecPlot,41,1,1,0.0034722164273262024,0.9965277910232544
121,EffNet_RecPlot + EffNet_RecPlot,42,1,1,0.09605193883180618,0.9039480686187744
121,EffNet_RecPlot + EffNet_RecPlot,43,1,1,0.07559289038181305,0.9244071245193481
121,EffNet_RecPlot + EffNet_RecPlot,44,1,1,0.03772248327732086,0.9622775316238403
121,EffNet_RecPlot + EffNet_RecPlot,45,1,1,0.08595886826515198,0.9140411615371704
