seed,branch,amostra,metrica,valor
7,mobilenet_orig,0,faithfulness,-0.008561152964830399
7,mobilenet_orig,0,robustness,1.8443173170089722
7,mobilenet_orig,0,complexity,0.6306668251842955
7,mobilenet_orig,1,faithfulness,-0.05659306049346924
7,mobilenet_orig,1,robustness,2.9473354816436768
7,mobilenet_orig,1,complexity,0.5844617613515751
7,mobilenet_orig,2,faithfulness,0.3053217828273773
7,mobilenet_orig,2,robustness,1.8643287420272827
7,mobilenet_orig,2,complexity,0.5982576805039728
7,mobilenet_orig,3,faithfulness,0.30864325165748596
7,mobilenet_orig,3,robustness,1.7882614135742188
7,mobilenet_orig,3,complexity,0.6081726761661609
7,mobilenet_orig,4,faithfulness,0.3690144121646881
7,mobilenet_orig,4,robustness,2.307095527648926
7,mobilenet_orig,4,complexity,0.5751910155235761
7,mobilenet_orig,5,faithfulness,-0.3310055136680603
7,mobilenet_orig,5,robustness,1.5035923719406128
7,mobilenet_orig,5,complexity,0.6080649896214428
7,mobilenet_orig,6,faithfulness,-0.14195558428764343
7,mobilenet_orig,6,robustness,2.0463860034942627
7,mobilenet_orig,6,complexity,0.6056002311242791
7,mobilenet_orig,7,faithfulness,0.11535307765007019
7,mobilenet_orig,7,robustness,1.8842005729675293
7,mobilenet_orig,7,complexity,0.5922021602426456
7,mobilenet_orig,8,faithfulness,0.3772459626197815
7,mobilenet_orig,8,robustness,3.3906474113464355
7,mobilenet_orig,8,complexity,0.5694775569536331
7,mobilenet_orig,9,faithfulness,0.13008913397789001
7,mobilenet_orig,9,robustness,2.166727066040039
7,mobilenet_orig,9,complexity,0.6312935670048543
7,mobilenet_orig,10,faithfulness,0.2977384924888611
7,mobilenet_orig,10,robustness,1.6164964437484741
7,mobilenet_orig,10,complexity,0.578148393285977
7,mobilenet_orig,11,faithfulness,0.18498317897319794
7,mobilenet_orig,11,robustness,2.109611749649048
7,mobilenet_orig,11,complexity,0.5940162147721474
7,mobilenet_orig,12,faithfulness,-0.13500966131687164
7,mobilenet_orig,12,robustness,2.0709221363067627
7,mobilenet_orig,12,complexity,0.6090448142432172
7,mobilenet_orig,13,faithfulness,0.01372772827744484
7,mobilenet_orig,13,robustness,1.9413368701934814
7,mobilenet_orig,13,complexity,0.5868433713607494
7,mobilenet_orig,14,faithfulness,0.3463698625564575
7,mobilenet_orig,14,robustness,1.8015071153640747
7,mobilenet_orig,14,complexity,0.580548950097755
7,mobilenet_orig,15,faithfulness,-0.0015126019716262817
7,mobilenet_orig,15,robustness,1.8326956033706665
7,mobilenet_orig,15,complexity,0.5992892427847119
7,mobilenet_orig,16,faithfulness,0.11163540929555893
7,mobilenet_orig,16,robustness,2.7501015663146973
7,mobilenet_orig,16,complexity,0.5811018265507067
7,mobilenet_orig,17,faithfulness,0.2927890121936798
7,mobilenet_orig,17,robustness,1.9396294355392456
7,mobilenet_orig,17,complexity,0.583079771130896
7,mobilenet_orig,18,faithfulness,0.21737472712993622
7,mobilenet_orig,18,robustness,1.8643678426742554
7,mobilenet_orig,18,complexity,0.5743170042047834
7,mobilenet_orig,19,faithfulness,0.25828680396080017
7,mobilenet_orig,19,robustness,1.9852180480957031
7,mobilenet_orig,19,complexity,0.5546136112527609
7,mobilenet_orig,20,faithfulness,-0.03600884974002838
7,mobilenet_orig,20,robustness,1.8564503192901611
7,mobilenet_orig,20,complexity,0.6005282577245905
7,mobilenet_orig,21,faithfulness,0.1260736584663391
7,mobilenet_orig,21,robustness,1.6987420320510864
7,mobilenet_orig,21,complexity,0.5992984127443235
7,mobilenet_orig,22,faithfulness,0.4613233804702759
7,mobilenet_orig,22,robustness,2.156949996948242
7,mobilenet_orig,22,complexity,0.5782380967226053
7,mobilenet_orig,23,faithfulness,0.055319249629974365
7,mobilenet_orig,23,robustness,1.53769850730896
7,mobilenet_orig,23,complexity,0.5556814510911133
7,mobilenet_orig,24,faithfulness,0.12551209330558777
7,mobilenet_orig,24,robustness,1.64644455909729
7,mobilenet_orig,24,complexity,0.5619156807323927
7,mobilenet_orig,25,faithfulness,0.142154261469841
7,mobilenet_orig,25,robustness,1.6488944292068481
7,mobilenet_orig,25,complexity,0.5892143156269337
7,mobilenet_orig,26,faithfulness,0.16729457676410675
7,mobilenet_orig,26,robustness,1.8815704584121704
7,mobilenet_orig,26,complexity,0.5727240980907471
7,mobilenet_orig,27,faithfulness,0.3479010760784149
7,mobilenet_orig,27,robustness,1.898952603340149
7,mobilenet_orig,27,complexity,0.5775405490844141
7,mobilenet_orig,28,faithfulness,0.21049340069293976
7,mobilenet_orig,28,robustness,2.3594255447387695
7,mobilenet_orig,28,complexity,0.5704069357080708
7,mobilenet_orig,29,faithfulness,0.2852746844291687
7,mobilenet_orig,29,robustness,2.397385358810425
7,mobilenet_orig,29,complexity,0.5807496908761757
7,mobilenet_orig,30,faithfulness,0.17708657681941986
7,mobilenet_orig,30,robustness,2.0608160495758057
7,mobilenet_orig,30,complexity,0.5690630985845387
7,mobilenet_orig,31,faithfulness,-0.17656749486923218
7,mobilenet_orig,31,robustness,1.9687074422836304
7,mobilenet_orig,31,complexity,0.6058134635183439
7,mobilenet_orig,32,faithfulness,-0.23730802536010742
7,mobilenet_orig,32,robustness,1.6229040622711182
7,mobilenet_orig,32,complexity,0.6196289212717255
7,mobilenet_orig,33,faithfulness,-0.023324742913246155
7,mobilenet_orig,33,robustness,1.7599302530288696
7,mobilenet_orig,33,complexity,0.5734226051616218
7,mobilenet_orig,34,faithfulness,0.13231655955314636
7,mobilenet_orig,34,robustness,1.7219607830047607
7,mobilenet_orig,34,complexity,0.5556601600568257
7,mobilenet_orig,35,faithfulness,0.1208597794175148
7,mobilenet_orig,35,robustness,1.8347076177597046
7,mobilenet_orig,35,complexity,0.5898945207332125
7,mobilenet_orig,36,faithfulness,0.23916952311992645
7,mobilenet_orig,36,robustness,2.034179449081421
7,mobilenet_orig,36,complexity,0.5794064700374195
7,mobilenet_orig,37,faithfulness,-0.3239656984806061
7,mobilenet_orig,37,robustness,1.7124460935592651
7,mobilenet_orig,37,complexity,0.5756917421117325
7,mobilenet_orig,38,faithfulness,-0.07913650572299957
7,mobilenet_orig,38,robustness,2.4827048778533936
7,mobilenet_orig,38,complexity,0.5851453470892446
7,mobilenet_orig,39,faithfulness,0.03563661873340607
7,mobilenet_orig,39,robustness,2.385324239730835
7,mobilenet_orig,39,complexity,0.5764930007851944
7,mobilenet_orig,40,faithfulness,-0.06824927031993866
7,mobilenet_orig,40,robustness,1.8292087316513062
7,mobilenet_orig,40,complexity,0.5896362206427379
7,mobilenet_orig,41,faithfulness,0.06369397789239883
7,mobilenet_orig,41,robustness,1.9464340209960938
7,mobilenet_orig,41,complexity,0.5841019208750351
7,mobilenet_orig,42,faithfulness,-0.1786683201789856
7,mobilenet_orig,42,robustness,2.567713499069214
7,mobilenet_orig,42,complexity,0.5767522261610482
7,mobilenet_orig,43,faithfulness,0.05816014111042023
7,mobilenet_orig,43,robustness,2.3769168853759766
7,mobilenet_orig,43,complexity,0.5633332178152074
7,mobilenet_orig,44,faithfulness,0.3062439560890198
7,mobilenet_orig,44,robustness,2.048048973083496
7,mobilenet_orig,44,complexity,0.5512040955949342
7,mobilenet_orig,45,faithfulness,0.2693104147911072
7,mobilenet_orig,45,robustness,2.159564733505249
7,mobilenet_orig,45,complexity,0.5671775777051669
7,mobilenet_orig,46,faithfulness,0.296089768409729
7,mobilenet_orig,46,robustness,2.5977437496185303
7,mobilenet_orig,46,complexity,0.5694884940799312
7,mobilenet_orig,47,faithfulness,0.1316184103488922
7,mobilenet_orig,47,robustness,2.2022368907928467
7,mobilenet_orig,47,complexity,0.6052569187037911
7,mobilenet_orig,48,faithfulness,0.19722716510295868
7,mobilenet_orig,48,robustness,1.59996497631073
7,mobilenet_orig,48,complexity,0.629630975511009
7,mobilenet_orig,49,faithfulness,0.18928566575050354
7,mobilenet_orig,49,robustness,1.9370793104171753
7,mobilenet_orig,49,complexity,0.5785107140586374
7,mobilenet_orig,50,faithfulness,-0.041889213025569916
7,mobilenet_orig,50,robustness,1.9687083959579468
7,mobilenet_orig,50,complexity,0.5967196104786076
7,mobilenet_orig,51,faithfulness,0.4532906413078308
7,mobilenet_orig,51,robustness,1.482287049293518
7,mobilenet_orig,51,complexity,0.6273310752016662
7,mobilenet_orig,52,faithfulness,0.06291104108095169
7,mobilenet_orig,52,robustness,1.973717451095581
7,mobilenet_orig,52,complexity,0.593816549718658
7,mobilenet_orig,53,faithfulness,0.27599412202835083
7,mobilenet_orig,53,robustness,1.9675512313842773
7,mobilenet_orig,53,complexity,0.5972215932144884
7,mobilenet_orig,54,faithfulness,0.02974594384431839
7,mobilenet_orig,54,robustness,2.045448064804077
7,mobilenet_orig,54,complexity,0.5734384500390031
7,mobilenet_orig,55,faithfulness,0.21007710695266724
7,mobilenet_orig,55,robustness,1.8663231134414673
7,mobilenet_orig,55,complexity,0.575012761904906
7,mobilenet_orig,56,faithfulness,-0.0898851752281189
7,mobilenet_orig,56,robustness,2.472909927368164
7,mobilenet_orig,56,complexity,0.5765473391689561
7,mobilenet_orig,57,faithfulness,0.3258206844329834
7,mobilenet_orig,57,robustness,1.8559777736663818
7,mobilenet_orig,57,complexity,0.563362922077557
7,mobilenet_orig,58,faithfulness,-0.008025184273719788
7,mobilenet_orig,58,robustness,1.5843929052352905
7,mobilenet_orig,58,complexity,0.5773294705482722
7,mobilenet_recplot,0,faithfulness,-0.2764638662338257
7,mobilenet_recplot,0,robustness,2.651207685470581
7,mobilenet_recplot,0,complexity,0.655964971171967
7,mobilenet_recplot,1,faithfulness,0.23133854568004608
7,mobilenet_recplot,1,robustness,2.894286870956421
7,mobilenet_recplot,1,complexity,0.6453793420220519
7,mobilenet_recplot,2,faithfulness,0.04351784288883209
7,mobilenet_recplot,2,robustness,2.49391770362854
7,mobilenet_recplot,2,complexity,0.6997068002498303
7,mobilenet_recplot,3,faithfulness,0.37865060567855835
7,mobilenet_recplot,3,robustness,3.4648313522338867
7,mobilenet_recplot,3,complexity,0.6464449871824748
7,mobilenet_recplot,4,faithfulness,-0.3342011570930481
7,mobilenet_recplot,4,robustness,2.7123911380767822
7,mobilenet_recplot,4,complexity,0.6845848393169397
7,mobilenet_recplot,5,faithfulness,-0.1639222800731659
7,mobilenet_recplot,5,robustness,3.870626449584961
7,mobilenet_recplot,5,complexity,0.7091193839207238
7,mobilenet_recplot,6,faithfulness,-0.24842599034309387
7,mobilenet_recplot,6,robustness,3.5020406246185303
7,mobilenet_recplot,6,complexity,0.687023242814922
7,mobilenet_recplot,7,faithfulness,0.23125573992729187
7,mobilenet_recplot,7,robustness,2.120058059692383
7,mobilenet_recplot,7,complexity,0.5745292906764062
7,mobilenet_recplot,8,faithfulness,0.11168825626373291
7,mobilenet_recplot,8,robustness,2.644589900970459
7,mobilenet_recplot,8,complexity,0.578712802199371
7,mobilenet_recplot,9,faithfulness,-0.13271132111549377
7,mobilenet_recplot,9,robustness,3.2697224617004395
7,mobilenet_recplot,9,complexity,0.6018050052896596
7,mobilenet_recplot,10,faithfulness,0.22883078455924988
7,mobilenet_recplot,10,robustness,2.7865302562713623
7,mobilenet_recplot,10,complexity,0.7022680516730684
7,mobilenet_recplot,11,faithfulness,-0.3477681875228882
7,mobilenet_recplot,11,robustness,2.2940592765808105
7,mobilenet_recplot,11,complexity,0.6763067888668189
7,mobilenet_recplot,12,faithfulness,-0.19798444211483002
7,mobilenet_recplot,12,robustness,2.1297364234924316
7,mobilenet_recplot,12,complexity,0.6897398166911036
7,mobilenet_recplot,13,faithfulness,0.09003765136003494
7,mobilenet_recplot,13,robustness,4.2164459228515625
7,mobilenet_recplot,13,complexity,0.6568356328438759
7,mobilenet_recplot,14,faithfulness,-0.15402378141880035
7,mobilenet_recplot,14,robustness,1.9216971397399902
7,mobilenet_recplot,14,complexity,0.6817561812252899
7,mobilenet_recplot,15,faithfulness,-0.018886763602495193
7,mobilenet_recplot,15,robustness,2.627556324005127
7,mobilenet_recplot,15,complexity,0.5937873997531984
7,mobilenet_recplot,16,faithfulness,0.24320347607135773
7,mobilenet_recplot,16,robustness,2.129167318344116
7,mobilenet_recplot,16,complexity,0.5680245117308738
7,mobilenet_recplot,17,faithfulness,0.16019698977470398
7,mobilenet_recplot,17,robustness,2.1830713748931885
7,mobilenet_recplot,17,complexity,0.7069746183565125
7,mobilenet_recplot,18,faithfulness,0.2633201777935028
7,mobilenet_recplot,18,robustness,2.8735053539276123
7,mobilenet_recplot,18,complexity,0.5897901729344309
7,mobilenet_recplot,19,faithfulness,0.25150489807128906
7,mobilenet_recplot,19,robustness,4.902261257171631
7,mobilenet_recplot,19,complexity,0.6226203930026019
7,mobilenet_recplot,20,faithfulness,-0.1310824304819107
7,mobilenet_recplot,20,robustness,2.19840407371521
7,mobilenet_recplot,20,complexity,0.5856552419296273
7,mobilenet_recplot,21,faithfulness,-0.11208125948905945
7,mobilenet_recplot,21,robustness,2.7446980476379395
7,mobilenet_recplot,21,complexity,0.6369240932142569
7,mobilenet_recplot,22,faithfulness,0.07272957265377045
7,mobilenet_recplot,22,robustness,5.277507305145264
7,mobilenet_recplot,22,complexity,0.627966757734131
7,mobilenet_recplot,23,faithfulness,-0.048755090683698654
7,mobilenet_recplot,23,robustness,3.300464153289795
7,mobilenet_recplot,23,complexity,0.6813770654420322
7,mobilenet_recplot,24,faithfulness,-0.13859421014785767
7,mobilenet_recplot,24,robustness,4.777943134307861
7,mobilenet_recplot,24,complexity,0.6450585601162211
7,mobilenet_recplot,25,faithfulness,-0.09881729632616043
7,mobilenet_recplot,25,robustness,5.976247310638428
7,mobilenet_recplot,25,complexity,0.6462212594793989
7,mobilenet_recplot,26,faithfulness,-0.3180193603038788
7,mobilenet_recplot,26,robustness,2.4077141284942627
7,mobilenet_recplot,26,complexity,0.6260125079828519
7,mobilenet_recplot,27,faithfulness,-0.24726489186286926
7,mobilenet_recplot,27,robustness,4.872339248657227
7,mobilenet_recplot,27,complexity,0.6371466052688585
7,mobilenet_recplot,28,faithfulness,0.08905604481697083
7,mobilenet_recplot,28,robustness,2.1717443466186523
7,mobilenet_recplot,28,complexity,0.5931958154321548
7,mobilenet_recplot,29,faithfulness,0.14540335536003113
7,mobilenet_recplot,29,robustness,3.5391719341278076
7,mobilenet_recplot,29,complexity,0.6393727839319248
7,mobilenet_recplot,30,faithfulness,0.005598373711109161
7,mobilenet_recplot,30,robustness,4.481413841247559
7,mobilenet_recplot,30,complexity,0.6424372514659801
7,mobilenet_recplot,31,faithfulness,0.08270299434661865
7,mobilenet_recplot,31,robustness,5.408332347869873
7,mobilenet_recplot,31,complexity,0.6837004179603221
7,mobilenet_recplot,32,faithfulness,-0.08871275931596756
7,mobilenet_recplot,32,robustness,4.882608890533447
7,mobilenet_recplot,32,complexity,0.654469214756804
7,mobilenet_recplot,33,faithfulness,-0.13294722139835358
7,mobilenet_recplot,33,robustness,5.683411121368408
7,mobilenet_recplot,33,complexity,0.6554004741608667
7,mobilenet_recplot,34,faithfulness,-0.051233939826488495
7,mobilenet_recplot,34,robustness,6.769076824188232
7,mobilenet_recplot,34,complexity,0.6278621190928739
7,mobilenet_recplot,35,faithfulness,-0.06768104434013367
7,mobilenet_recplot,35,robustness,4.8348212242126465
7,mobilenet_recplot,35,complexity,0.6419249297275617
7,mobilenet_recplot,36,faithfulness,0.05384281277656555
7,mobilenet_recplot,36,robustness,5.0006327629089355
7,mobilenet_recplot,36,complexity,0.6463786404300157
7,mobilenet_recplot,37,faithfulness,-0.0614565908908844
7,mobilenet_recplot,37,robustness,1.612056851387024
7,mobilenet_recplot,37,complexity,0.7625833403171757
7,mobilenet_recplot,38,faithfulness,-0.17968979477882385
7,mobilenet_recplot,38,robustness,3.562312364578247
7,mobilenet_recplot,38,complexity,0.5724129920199431
7,mobilenet_recplot,39,faithfulness,-0.38176363706588745
7,mobilenet_recplot,39,robustness,4.383737564086914
7,mobilenet_recplot,39,complexity,0.5677654812142784
7,mobilenet_recplot,40,faithfulness,-0.17332178354263306
7,mobilenet_recplot,40,robustness,2.6600308418273926
7,mobilenet_recplot,40,complexity,0.5895985030886909
7,mobilenet_recplot,41,faithfulness,-0.08779974281787872
7,mobilenet_recplot,41,robustness,2.663708448410034
7,mobilenet_recplot,41,complexity,0.6168176714300008
7,mobilenet_recplot,42,faithfulness,0.08705245703458786
7,mobilenet_recplot,42,robustness,2.8220951557159424
7,mobilenet_recplot,42,complexity,0.6580797371037336
7,mobilenet_recplot,43,faithfulness,-0.12122085690498352
7,mobilenet_recplot,43,robustness,2.5765700340270996
7,mobilenet_recplot,43,complexity,0.6791521940877352
7,mobilenet_recplot,44,faithfulness,-0.24105411767959595
7,mobilenet_recplot,44,robustness,2.1407763957977295
7,mobilenet_recplot,44,complexity,0.5724722005906526
7,mobilenet_recplot,45,faithfulness,0.05651224032044411
7,mobilenet_recplot,45,robustness,3.7784345149993896
7,mobilenet_recplot,45,complexity,0.6672879307944674
7,mobilenet_recplot,46,faithfulness,-0.21018676459789276
7,mobilenet_recplot,46,robustness,1.4817428588867188
7,mobilenet_recplot,46,complexity,0.6402906060428936
7,mobilenet_recplot,47,faithfulness,-0.183383047580719
7,mobilenet_recplot,47,robustness,2.339348316192627
7,mobilenet_recplot,47,complexity,0.7088357118315796
7,mobilenet_recplot,48,faithfulness,0.34989112615585327
7,mobilenet_recplot,48,robustness,2.921581268310547
7,mobilenet_recplot,48,complexity,0.6870091167131723
7,mobilenet_recplot,49,faithfulness,0.05041046440601349
7,mobilenet_recplot,49,robustness,2.766923427581787
7,mobilenet_recplot,49,complexity,0.5845748719833762
7,mobilenet_recplot,50,faithfulness,0.20319801568984985
7,mobilenet_recplot,50,robustness,3.0802676677703857
7,mobilenet_recplot,50,complexity,0.6415271099739578
7,mobilenet_recplot,51,faithfulness,0.25827229022979736
7,mobilenet_recplot,51,robustness,3.165344715118408
7,mobilenet_recplot,51,complexity,0.6459151696730071
7,mobilenet_recplot,52,faithfulness,-0.017069801688194275
7,mobilenet_recplot,52,robustness,3.3685929775238037
7,mobilenet_recplot,52,complexity,0.5944949800363081
7,mobilenet_recplot,53,faithfulness,-0.1282133162021637
7,mobilenet_recplot,53,robustness,2.1397106647491455
7,mobilenet_recplot,53,complexity,0.6724304876016158
7,mobilenet_recplot,54,faithfulness,-0.25960710644721985
7,mobilenet_recplot,54,robustness,2.546443223953247
7,mobilenet_recplot,54,complexity,0.664471328282025
7,mobilenet_recplot,55,faithfulness,0.15098139643669128
7,mobilenet_recplot,55,robustness,2.3258633613586426
7,mobilenet_recplot,55,complexity,0.698924129873527
7,mobilenet_recplot,56,faithfulness,0.07487556338310242
7,mobilenet_recplot,56,robustness,2.251783847808838
7,mobilenet_recplot,56,complexity,0.5875461306468676
7,mobilenet_recplot,57,faithfulness,0.10921718180179596
7,mobilenet_recplot,57,robustness,2.9251859188079834
7,mobilenet_recplot,57,complexity,0.6440193364281007
7,mobilenet_recplot,58,faithfulness,-0.23069444298744202
7,mobilenet_recplot,58,robustness,2.94739031791687
7,mobilenet_recplot,58,complexity,0.6173833495084274
7,effnet_orig,0,faithfulness,0.020892001688480377
7,effnet_orig,0,robustness,1.0118107795715332
7,effnet_orig,0,complexity,0.5401051105472982
7,effnet_orig,1,faithfulness,0.17628246545791626
7,effnet_orig,1,robustness,1.230197548866272
7,effnet_orig,1,complexity,0.5348856197339645
7,effnet_orig,2,faithfulness,0.3936735987663269
7,effnet_orig,2,robustness,1.219618558883667
7,effnet_orig,2,complexity,0.5324492648062871
7,effnet_orig,3,faithfulness,0.017503052949905396
7,effnet_orig,3,robustness,0.9959490895271301
7,effnet_orig,3,complexity,0.5403441173316099
7,effnet_orig,4,faithfulness,0.27425870299339294
7,effnet_orig,4,robustness,1.2243744134902954
7,effnet_orig,4,complexity,0.5467033714464136
7,effnet_orig,5,faithfulness,0.2908303439617157
7,effnet_orig,5,robustness,1.360177755355835
7,effnet_orig,5,complexity,0.5344597851674365
7,effnet_orig,6,faithfulness,0.1019551083445549
7,effnet_orig,6,robustness,1.2430052757263184
7,effnet_orig,6,complexity,0.5517945153803131
7,effnet_orig,7,faithfulness,-0.23938755691051483
7,effnet_orig,7,robustness,0.9948286414146423
7,effnet_orig,7,complexity,0.5601600101078698
7,effnet_orig,8,faithfulness,0.19196224212646484
7,effnet_orig,8,robustness,0.9664647579193115
7,effnet_orig,8,complexity,0.5447457203539289
7,effnet_orig,9,faithfulness,-0.06313010305166245
7,effnet_orig,9,robustness,0.9831473231315613
7,effnet_orig,9,complexity,0.5266087874050887
7,effnet_orig,10,faithfulness,0.043241649866104126
7,effnet_orig,10,robustness,1.439267873764038
7,effnet_orig,10,complexity,0.5519985766538968
7,effnet_orig,11,faithfulness,-0.10581675171852112
7,effnet_orig,11,robustness,1.5417406558990479
7,effnet_orig,11,complexity,0.5465654799550851
7,effnet_orig,12,faithfulness,-0.06283989548683167
7,effnet_orig,12,robustness,1.3821765184402466
7,effnet_orig,12,complexity,0.5524966862177652
7,effnet_orig,13,faithfulness,0.22118395566940308
7,effnet_orig,13,robustness,1.2203953266143799
7,effnet_orig,13,complexity,0.5505904039840721
7,effnet_orig,14,faithfulness,0.1271534264087677
7,effnet_orig,14,robustness,1.298278570175171
7,effnet_orig,14,complexity,0.5323310987456132
7,effnet_orig,15,faithfulness,0.04385961592197418
7,effnet_orig,15,robustness,1.0238624811172485
7,effnet_orig,15,complexity,0.5167323712142048
7,effnet_orig,16,faithfulness,0.02874801680445671
7,effnet_orig,16,robustness,0.9814079403877258
7,effnet_orig,16,complexity,0.5469186610126429
7,effnet_orig,17,faithfulness,0.1657334864139557
7,effnet_orig,17,robustness,1.3079267740249634
7,effnet_orig,17,complexity,0.5341783140754871
7,effnet_orig,18,faithfulness,0.5832157135009766
7,effnet_orig,18,robustness,1.054912805557251
7,effnet_orig,18,complexity,0.539088022720517
7,effnet_orig,19,faithfulness,0.035530246794223785
7,effnet_orig,19,robustness,1.026625633239746
7,effnet_orig,19,complexity,0.5440221797356863
7,effnet_orig,20,faithfulness,-0.2473655343055725
7,effnet_orig,20,robustness,1.235597848892212
7,effnet_orig,20,complexity,0.5446049347055012
7,effnet_orig,21,faithfulness,0.01456420123577118
7,effnet_orig,21,robustness,1.0481656789779663
7,effnet_orig,21,complexity,0.566515743236616
7,effnet_orig,22,faithfulness,0.23180586099624634
7,effnet_orig,22,robustness,1.5108236074447632
7,effnet_orig,22,complexity,0.5340380208722615
7,effnet_orig,23,faithfulness,0.21573016047477722
7,effnet_orig,23,robustness,1.0878024101257324
7,effnet_orig,23,complexity,0.5388358622383143
7,effnet_orig,24,faithfulness,0.03467246890068054
7,effnet_orig,24,robustness,0.9550687074661255
7,effnet_orig,24,complexity,0.5288167275819774
7,effnet_orig,25,faithfulness,0.15886791050434113
7,effnet_orig,25,robustness,0.8982940316200256
7,effnet_orig,25,complexity,0.5404949368234043
7,effnet_orig,26,faithfulness,0.16785281896591187
7,effnet_orig,26,robustness,1.034293532371521
7,effnet_orig,26,complexity,0.5515844412580503
7,effnet_orig,27,faithfulness,0.3607519865036011
7,effnet_orig,27,robustness,0.9396073818206787
7,effnet_orig,27,complexity,0.5626668038341388
7,effnet_orig,28,faithfulness,0.2266997992992401
7,effnet_orig,28,robustness,1.2089247703552246
7,effnet_orig,28,complexity,0.5741530251740354
7,effnet_orig,29,faithfulness,0.16757704317569733
7,effnet_orig,29,robustness,1.0242217779159546
7,effnet_orig,29,complexity,0.5574591731552907
7,effnet_orig,30,faithfulness,-0.026221301406621933
7,effnet_orig,30,robustness,0.9153068661689758
7,effnet_orig,30,complexity,0.527793329551045
7,effnet_orig,31,faithfulness,0.14735892415046692
7,effnet_orig,31,robustness,1.117074966430664
7,effnet_orig,31,complexity,0.5469398795100744
7,effnet_orig,32,faithfulness,0.035067543387413025
7,effnet_orig,32,robustness,0.860852837562561
7,effnet_orig,32,complexity,0.5544711667121573
7,effnet_orig,33,faithfulness,0.15317854285240173
7,effnet_orig,33,robustness,0.9965556263923645
7,effnet_orig,33,complexity,0.5759288467703776
7,effnet_orig,34,faithfulness,0.4248690903186798
7,effnet_orig,34,robustness,1.0632926225662231
7,effnet_orig,34,complexity,0.545477338837221
7,effnet_orig,35,faithfulness,0.13121113181114197
7,effnet_orig,35,robustness,0.9380391836166382
7,effnet_orig,35,complexity,0.5547683971037183
7,effnet_orig,36,faithfulness,0.017007023096084595
7,effnet_orig,36,robustness,1.122349739074707
7,effnet_orig,36,complexity,0.5245018512415606
7,effnet_orig,37,faithfulness,0.04747355356812477
7,effnet_orig,37,robustness,1.9251930713653564
7,effnet_orig,37,complexity,0.529137635226333
7,effnet_orig,38,faithfulness,0.27634406089782715
7,effnet_orig,38,robustness,1.0952597856521606
7,effnet_orig,38,complexity,0.565840892793662
7,effnet_orig,39,faithfulness,0.1533704549074173
7,effnet_orig,39,robustness,1.290029764175415
7,effnet_orig,39,complexity,0.591624155886957
7,effnet_orig,40,faithfulness,0.2831742465496063
7,effnet_orig,40,robustness,1.0382721424102783
7,effnet_orig,40,complexity,0.5434868294262146
7,effnet_orig,41,faithfulness,0.0864376351237297
7,effnet_orig,41,robustness,1.0439603328704834
7,effnet_orig,41,complexity,0.5384824272105023
7,effnet_orig,42,faithfulness,0.1007501631975174
7,effnet_orig,42,robustness,1.1399880647659302
7,effnet_orig,42,complexity,0.5564628710457425
7,effnet_orig,43,faithfulness,-0.12816493213176727
7,effnet_orig,43,robustness,1.2291394472122192
7,effnet_orig,43,complexity,0.5318833085584384
7,effnet_orig,44,faithfulness,0.2879243493080139
7,effnet_orig,44,robustness,1.1493937969207764
7,effnet_orig,44,complexity,0.5540505488400511
7,effnet_orig,45,faithfulness,0.0766979306936264
7,effnet_orig,45,robustness,1.3781872987747192
7,effnet_orig,45,complexity,0.5332133542619746
7,effnet_orig,46,faithfulness,0.28690439462661743
7,effnet_orig,46,robustness,1.222421407699585
7,effnet_orig,46,complexity,0.5488273217894637
7,effnet_orig,47,faithfulness,0.12578700482845306
7,effnet_orig,47,robustness,1.122687578201294
7,effnet_orig,47,complexity,0.5536587356641922
7,effnet_orig,48,faithfulness,-0.045604851096868515
7,effnet_orig,48,robustness,1.1436352729797363
7,effnet_orig,48,complexity,0.5508662603054386
7,effnet_orig,49,faithfulness,0.09603939950466156
7,effnet_orig,49,robustness,1.1500115394592285
7,effnet_orig,49,complexity,0.5178104759182834
7,effnet_orig,50,faithfulness,-0.0750589668750763
7,effnet_orig,50,robustness,1.0246528387069702
7,effnet_orig,50,complexity,0.567621438200523
7,effnet_orig,51,faithfulness,0.26877039670944214
7,effnet_orig,51,robustness,0.9630207419395447
7,effnet_orig,51,complexity,0.5500440353317034
7,effnet_orig,52,faithfulness,0.4169993996620178
7,effnet_orig,52,robustness,0.9696382880210876
7,effnet_orig,52,complexity,0.5341602990683798
7,effnet_orig,53,faithfulness,0.19910433888435364
7,effnet_orig,53,robustness,1.274388074874878
7,effnet_orig,53,complexity,0.5940209239987418
7,effnet_orig,54,faithfulness,-0.16107533872127533
7,effnet_orig,54,robustness,1.169880747795105
7,effnet_orig,54,complexity,0.5465397612044824
7,effnet_orig,55,faithfulness,-0.10799780488014221
7,effnet_orig,55,robustness,1.129164695739746
7,effnet_orig,55,complexity,0.5501945503268154
7,effnet_orig,56,faithfulness,0.3298485279083252
7,effnet_orig,56,robustness,1.2223867177963257
7,effnet_orig,56,complexity,0.5447031469595445
7,effnet_orig,57,faithfulness,0.07285215705633163
7,effnet_orig,57,robustness,1.1226552724838257
7,effnet_orig,57,complexity,0.5452571051043171
7,effnet_orig,58,faithfulness,0.18804070353507996
7,effnet_orig,58,robustness,0.9914947748184204
7,effnet_orig,58,complexity,0.5462248460424894
7,effnet_recplot,0,faithfulness,-0.0074185580015182495
7,effnet_recplot,0,robustness,25.327505111694336
7,effnet_recplot,0,complexity,0.6031920280551392
7,effnet_recplot,1,faithfulness,-0.04581626132130623
7,effnet_recplot,1,robustness,210.43104553222656
7,effnet_recplot,1,complexity,0.5694822502366303
7,effnet_recplot,2,faithfulness,-0.016550224274396896
7,effnet_recplot,2,robustness,678.5355224609375
7,effnet_recplot,2,complexity,0.6073720279551618
7,effnet_recplot,3,faithfulness,-0.0037950053811073303
7,effnet_recplot,3,robustness,754.3450927734375
7,effnet_recplot,3,complexity,0.5924400896295954
7,effnet_recplot,4,faithfulness,0.30021265149116516
7,effnet_recplot,4,robustness,28.59978675842285
7,effnet_recplot,4,complexity,0.6351006128913158
7,effnet_recplot,5,faithfulness,0.1414690613746643
7,effnet_recplot,5,robustness,142.93312072753906
7,effnet_recplot,5,complexity,0.5752711590967194
7,effnet_recplot,6,faithfulness,0.06682388484477997
7,effnet_recplot,6,robustness,603.11181640625
7,effnet_recplot,6,complexity,0.5925447684972451
7,effnet_recplot,7,faithfulness,-0.08551546186208725
7,effnet_recplot,7,robustness,386.54559326171875
7,effnet_recplot,7,complexity,0.5586710340892446
7,effnet_recplot,8,faithfulness,-0.16780148446559906
7,effnet_recplot,8,robustness,809.4080200195312
7,effnet_recplot,8,complexity,0.5847701379568218
7,effnet_recplot,9,faithfulness,-0.005661852657794952
7,effnet_recplot,9,robustness,49.46787643432617
7,effnet_recplot,9,complexity,0.6159570605359116
7,effnet_recplot,10,faithfulness,-0.23166176676750183
7,effnet_recplot,10,robustness,45.232383728027344
7,effnet_recplot,10,complexity,0.629039768293269
7,effnet_recplot,11,faithfulness,0.2396237552165985
7,effnet_recplot,11,robustness,944.2299194335938
7,effnet_recplot,11,complexity,0.6254728324597365
7,effnet_recplot,12,faithfulness,0.12837831676006317
7,effnet_recplot,12,robustness,1932.228271484375
7,effnet_recplot,12,complexity,0.6156997677182563
7,effnet_recplot,13,faithfulness,-0.048570290207862854
7,effnet_recplot,13,robustness,11.769495964050293
7,effnet_recplot,13,complexity,0.6184777558970882
7,effnet_recplot,14,faithfulness,0.0040105246007442474
7,effnet_recplot,14,robustness,303.20428466796875
7,effnet_recplot,14,complexity,0.6181533812859011
7,effnet_recplot,15,faithfulness,0.15440651774406433
7,effnet_recplot,15,robustness,1948.066650390625
7,effnet_recplot,15,complexity,0.5477918434557181
7,effnet_recplot,16,faithfulness,0.037178024649620056
7,effnet_recplot,16,robustness,46.70170593261719
7,effnet_recplot,16,complexity,0.5941069038106437
7,effnet_recplot,17,faithfulness,-0.310705304145813
7,effnet_recplot,17,robustness,23.15673828125
7,effnet_recplot,17,complexity,0.6315404321083035
7,effnet_recplot,18,faithfulness,-0.4224098324775696
7,effnet_recplot,18,robustness,28.061758041381836
7,effnet_recplot,18,complexity,0.5342284741605792
7,effnet_recplot,19,faithfulness,-0.12616902589797974
7,effnet_recplot,19,robustness,44.19294357299805
7,effnet_recplot,19,complexity,0.6076189030927882
7,effnet_recplot,20,faithfulness,-0.07575831562280655
7,effnet_recplot,20,robustness,23.74941635131836
7,effnet_recplot,20,complexity,0.5417365627701066
7,effnet_recplot,21,faithfulness,-0.029305629432201385
7,effnet_recplot,21,robustness,882.9697265625
7,effnet_recplot,21,complexity,0.598119692033965
7,effnet_recplot,22,faithfulness,-0.0801064670085907
7,effnet_recplot,22,robustness,86.84078979492188
7,effnet_recplot,22,complexity,0.6150179383693727
7,effnet_recplot,23,faithfulness,0.14673495292663574
7,effnet_recplot,23,robustness,1189.30078125
7,effnet_recplot,23,complexity,0.6280238270798825
7,effnet_recplot,24,faithfulness,0.13702307641506195
7,effnet_recplot,24,robustness,67.52310180664062
7,effnet_recplot,24,complexity,0.6598947068297171
7,effnet_recplot,25,faithfulness,0.09334347397089005
7,effnet_recplot,25,robustness,115.67996978759766
7,effnet_recplot,25,complexity,0.6163523543873053
7,effnet_recplot,26,faithfulness,0.20946146547794342
7,effnet_recplot,26,robustness,134.16990661621094
7,effnet_recplot,26,complexity,0.5780331550544221
7,effnet_recplot,27,faithfulness,0.2076098620891571
7,effnet_recplot,27,robustness,1.917108178138733
7,effnet_recplot,27,complexity,0.6197874817076293
7,effnet_recplot,28,faithfulness,-0.13364319503307343
7,effnet_recplot,28,robustness,183.1361846923828
7,effnet_recplot,28,complexity,0.4608630358642267
7,effnet_recplot,29,faithfulness,0.22351820766925812
7,effnet_recplot,29,robustness,39.20851516723633
7,effnet_recplot,29,complexity,0.559154924021813
7,effnet_recplot,30,faithfulness,-0.12127476930618286
7,effnet_recplot,30,robustness,93.25900268554688
7,effnet_recplot,30,complexity,0.6035853775157696
7,effnet_recplot,31,faithfulness,0.11301814019680023
7,effnet_recplot,31,robustness,2.098938226699829
7,effnet_recplot,31,complexity,0.6650087609362318
7,effnet_recplot,32,faithfulness,-0.05909092724323273
7,effnet_recplot,32,robustness,1145.8240966796875
7,effnet_recplot,32,complexity,0.689613819651726
7,effnet_recplot,33,faithfulness,0.19822067022323608
7,effnet_recplot,33,robustness,226.9573211669922
7,effnet_recplot,33,complexity,0.6120642847017812
7,effnet_recplot,34,faithfulness,0.0764024630188942
7,effnet_recplot,34,robustness,841.5472412109375
7,effnet_recplot,34,complexity,0.5983745902569902
7,effnet_recplot,35,faithfulness,0.39839494228363037
7,effnet_recplot,35,robustness,137.79502868652344
7,effnet_recplot,35,complexity,0.5738583716307616
7,effnet_recplot,36,faithfulness,-0.22115635871887207
7,effnet_recplot,36,robustness,362.0732421875
7,effnet_recplot,36,complexity,0.6255870195670875
7,effnet_recplot,37,faithfulness,0.18108758330345154
7,effnet_recplot,37,robustness,2.7970707416534424
7,effnet_recplot,37,complexity,0.6645401152579437
7,effnet_recplot,38,faithfulness,-0.33833521604537964
7,effnet_recplot,38,robustness,45.95376205444336
7,effnet_recplot,38,complexity,0.5833358383498183
7,effnet_recplot,39,faithfulness,0.03318266570568085
7,effnet_recplot,39,robustness,1.0013850927352905
7,effnet_recplot,39,complexity,0.5860506638319486
7,effnet_recplot,40,faithfulness,0.06945627927780151
7,effnet_recplot,40,robustness,171.03036499023438
7,effnet_recplot,40,complexity,0.5499652813769705
7,effnet_recplot,41,faithfulness,-0.1296146959066391
7,effnet_recplot,41,robustness,1.0012842416763306
7,effnet_recplot,41,complexity,0.6131826741933224
7,effnet_recplot,42,faithfulness,0.08913657069206238
7,effnet_recplot,42,robustness,9.130634307861328
7,effnet_recplot,42,complexity,0.6231987155947241
7,effnet_recplot,43,faithfulness,-0.14111116528511047
7,effnet_recplot,43,robustness,255.09886169433594
7,effnet_recplot,43,complexity,0.6695397371293411
7,effnet_recplot,44,faithfulness,-0.12551982700824738
7,effnet_recplot,44,robustness,5691.625
7,effnet_recplot,44,complexity,0.5702977098273877
7,effnet_recplot,45,faithfulness,0.017798013985157013
7,effnet_recplot,45,robustness,114.75801086425781
7,effnet_recplot,45,complexity,0.6310918320961669
7,effnet_recplot,46,faithfulness,-0.004486553370952606
7,effnet_recplot,46,robustness,7.1209564208984375
7,effnet_recplot,46,complexity,0.5378457850487519
7,effnet_recplot,47,faithfulness,-0.11054389923810959
7,effnet_recplot,47,robustness,2205.32568359375
7,effnet_recplot,47,complexity,0.6025234393382717
7,effnet_recplot,48,faithfulness,-0.33145180344581604
7,effnet_recplot,48,robustness,2779.078369140625
7,effnet_recplot,48,complexity,0.5902718295646636
7,effnet_recplot,49,faithfulness,-0.16488534212112427
7,effnet_recplot,49,robustness,22.436382293701172
7,effnet_recplot,49,complexity,0.6110959411725257
7,effnet_recplot,50,faithfulness,-0.14071211218833923
7,effnet_recplot,50,robustness,60.42268371582031
7,effnet_recplot,50,complexity,0.5759530204927755
7,effnet_recplot,51,faithfulness,0.1778792142868042
7,effnet_recplot,51,robustness,7862.74609375
7,effnet_recplot,51,complexity,0.5889099222847971
7,effnet_recplot,52,faithfulness,0.08790287375450134
7,effnet_recplot,52,robustness,6.296177864074707
7,effnet_recplot,52,complexity,0.5973228413930967
7,effnet_recplot,53,faithfulness,-0.227121040225029
7,effnet_recplot,53,robustness,553.4302368164062
7,effnet_recplot,53,complexity,0.6187911580267812
7,effnet_recplot,54,faithfulness,-0.02997276932001114
7,effnet_recplot,54,robustness,508.5472412109375
7,effnet_recplot,54,complexity,0.6107274059250529
7,effnet_recplot,55,faithfulness,-0.24372443556785583
7,effnet_recplot,55,robustness,12187.248046875
7,effnet_recplot,55,complexity,0.5962954099503187
7,effnet_recplot,56,faithfulness,0.11661139130592346
7,effnet_recplot,56,robustness,191.01123046875
7,effnet_recplot,56,complexity,0.5808506670943115
7,effnet_recplot,57,faithfulness,-0.1265190839767456
7,effnet_recplot,57,robustness,61.18367385864258
7,effnet_recplot,57,complexity,0.5897963418838044
7,effnet_recplot,58,faithfulness,-0.047378335148096085
7,effnet_recplot,58,robustness,4599.9423828125
7,effnet_recplot,58,complexity,0.5678171041453464
12,mobilenet_orig,0,faithfulness,-0.10948384553194046
12,mobilenet_orig,0,robustness,1.575091004371643
12,mobilenet_orig,0,complexity,0.6221067223717258
12,mobilenet_orig,1,faithfulness,0.09628553688526154
12,mobilenet_orig,1,robustness,1.6026402711868286
12,mobilenet_orig,1,complexity,0.5672142251017762
12,mobilenet_orig,2,faithfulness,0.24356336891651154
12,mobilenet_orig,2,robustness,1.1880990266799927
12,mobilenet_orig,2,complexity,0.6130733415971081
12,mobilenet_orig,3,faithfulness,0.10889488458633423
12,mobilenet_orig,3,robustness,1.8205927610397339
12,mobilenet_orig,3,complexity,0.5991030602309274
12,mobilenet_orig,4,faithfulness,-0.010355859994888306
12,mobilenet_orig,4,robustness,2.0157907009124756
12,mobilenet_orig,4,complexity,0.5616252501923896
12,mobilenet_orig,5,faithfulness,0.1903166025876999
12,mobilenet_orig,5,robustness,1.2459346055984497
12,mobilenet_orig,5,complexity,0.6224455253025734
12,mobilenet_orig,6,faithfulness,0.1413506418466568
12,mobilenet_orig,6,robustness,1.403144359588623
12,mobilenet_orig,6,complexity,0.5939849955167508
12,mobilenet_orig,7,faithfulness,-0.16995446383953094
12,mobilenet_orig,7,robustness,1.5575777292251587
12,mobilenet_orig,7,complexity,0.5759791630215711
12,mobilenet_orig,8,faithfulness,0.18575797975063324
12,mobilenet_orig,8,robustness,1.5672810077667236
12,mobilenet_orig,8,complexity,0.56881967850481
12,mobilenet_orig,9,faithfulness,0.3333418667316437
12,mobilenet_orig,9,robustness,1.3729182481765747
12,mobilenet_orig,9,complexity,0.6143369442058668
12,mobilenet_orig,10,faithfulness,0.15415282547473907
12,mobilenet_orig,10,robustness,1.2470442056655884
12,mobilenet_orig,10,complexity,0.5764418826845054
12,mobilenet_orig,11,faithfulness,-0.022331900894641876
12,mobilenet_orig,11,robustness,1.3053841590881348
12,mobilenet_orig,11,complexity,0.5880228149884779
12,mobilenet_orig,12,faithfulness,0.26004499197006226
12,mobilenet_orig,12,robustness,1.5135735273361206
12,mobilenet_orig,12,complexity,0.5982991237558501
12,mobilenet_orig,13,faithfulness,-0.0509825199842453
12,mobilenet_orig,13,robustness,1.427919626235962
12,mobilenet_orig,13,complexity,0.5837073512900449
12,mobilenet_orig,14,faithfulness,-0.19333305954933167
12,mobilenet_orig,14,robustness,1.2947940826416016
12,mobilenet_orig,14,complexity,0.5681494606381737
12,mobilenet_orig,15,faithfulness,0.01140972226858139
12,mobilenet_orig,15,robustness,1.4949039220809937
12,mobilenet_orig,15,complexity,0.5848850849085472
12,mobilenet_orig,16,faithfulness,-0.17980438470840454
12,mobilenet_orig,16,robustness,1.558029055595398
12,mobilenet_orig,16,complexity,0.5877780903366971
12,mobilenet_orig,17,faithfulness,0.12612566351890564
12,mobilenet_orig,17,robustness,1.4194773435592651
12,mobilenet_orig,17,complexity,0.5772159704567681
12,mobilenet_orig,18,faithfulness,-0.2369423508644104
12,mobilenet_orig,18,robustness,1.4630969762802124
12,mobilenet_orig,18,complexity,0.5692428621323943
12,mobilenet_orig,19,faithfulness,0.23101139068603516
12,mobilenet_orig,19,robustness,1.5919768810272217
12,mobilenet_orig,19,complexity,0.5606176547416016
12,mobilenet_orig,20,faithfulness,0.09117338061332703
12,mobilenet_orig,20,robustness,1.7513991594314575
12,mobilenet_orig,20,complexity,0.5813093694854958
12,mobilenet_orig,21,faithfulness,0.2472870945930481
12,mobilenet_orig,21,robustness,1.7942217588424683
12,mobilenet_orig,21,complexity,0.5704634287849665
12,mobilenet_orig,22,faithfulness,-0.049289681017398834
12,mobilenet_orig,22,robustness,1.54922616481781
12,mobilenet_orig,22,complexity,0.5548717136470006
12,mobilenet_orig,23,faithfulness,0.014710728079080582
12,mobilenet_orig,23,robustness,1.430875539779663
12,mobilenet_orig,23,complexity,0.5499730911355902
12,mobilenet_orig,24,faithfulness,-0.15653309226036072
12,mobilenet_orig,24,robustness,1.466928482055664
12,mobilenet_orig,24,complexity,0.5825741489095064
12,mobilenet_orig,25,faithfulness,-0.13760167360305786
12,mobilenet_orig,25,robustness,1.3675832748413086
12,mobilenet_orig,25,complexity,0.579259092693136
12,mobilenet_orig,26,faithfulness,0.14860805869102478
12,mobilenet_orig,26,robustness,1.4238895177841187
12,mobilenet_orig,26,complexity,0.5705895482588236
12,mobilenet_orig,27,faithfulness,0.3254700005054474
12,mobilenet_orig,27,robustness,1.7698760032653809
12,mobilenet_orig,27,complexity,0.5765860527600193
12,mobilenet_orig,28,faithfulness,-0.060615405440330505
12,mobilenet_orig,28,robustness,2.4822099208831787
12,mobilenet_orig,28,complexity,0.5533016168121314
12,mobilenet_orig,29,faithfulness,0.0789581686258316
12,mobilenet_orig,29,robustness,1.5134673118591309
12,mobilenet_orig,29,complexity,0.5700892400836873
12,mobilenet_orig,30,faithfulness,0.25626713037490845
12,mobilenet_orig,30,robustness,1.6066973209381104
12,mobilenet_orig,30,complexity,0.5649685050133323
12,mobilenet_orig,31,faithfulness,-0.32836294174194336
12,mobilenet_orig,31,robustness,1.5257132053375244
12,mobilenet_orig,31,complexity,0.5979000952008556
12,mobilenet_orig,32,faithfulness,-0.15943920612335205
12,mobilenet_orig,32,robustness,1.3913073539733887
12,mobilenet_orig,32,complexity,0.6019507959454822
12,mobilenet_orig,33,faithfulness,0.19995519518852234
12,mobilenet_orig,33,robustness,1.464753270149231
12,mobilenet_orig,33,complexity,0.5615504010731025
12,mobilenet_orig,34,faithfulness,-0.013639159500598907
12,mobilenet_orig,34,robustness,1.609274983406067
12,mobilenet_orig,34,complexity,0.5574522738080991
12,mobilenet_orig,35,faithfulness,0.0766376182436943
12,mobilenet_orig,35,robustness,1.4444961547851562
12,mobilenet_orig,35,complexity,0.5958984989669326
12,mobilenet_orig,36,faithfulness,0.1075863391160965
12,mobilenet_orig,36,robustness,1.6361587047576904
12,mobilenet_orig,36,complexity,0.5647647983897487
12,mobilenet_orig,37,faithfulness,0.10443409532308578
12,mobilenet_orig,37,robustness,1.7400630712509155
12,mobilenet_orig,37,complexity,0.5503955943187914
12,mobilenet_orig,38,faithfulness,0.015638835728168488
12,mobilenet_orig,38,robustness,1.728989839553833
12,mobilenet_orig,38,complexity,0.6050187580631715
12,mobilenet_orig,39,faithfulness,0.11297133564949036
12,mobilenet_orig,39,robustness,2.0196409225463867
12,mobilenet_orig,39,complexity,0.5793440902756426
12,mobilenet_orig,40,faithfulness,-0.08281084895133972
12,mobilenet_orig,40,robustness,1.6405882835388184
12,mobilenet_orig,40,complexity,0.5713501124970909
12,mobilenet_orig,41,faithfulness,0.07463671267032623
12,mobilenet_orig,41,robustness,1.4652661085128784
12,mobilenet_orig,41,complexity,0.566410842343549
12,mobilenet_orig,42,faithfulness,-0.1893649697303772
12,mobilenet_orig,42,robustness,1.7380038499832153
12,mobilenet_orig,42,complexity,0.5742995412068074
12,mobilenet_orig,43,faithfulness,-0.17754971981048584
12,mobilenet_orig,43,robustness,1.5723402500152588
12,mobilenet_orig,43,complexity,0.5687149994217511
12,mobilenet_orig,44,faithfulness,0.09219305217266083
12,mobilenet_orig,44,robustness,1.5605499744415283
12,mobilenet_orig,44,complexity,0.5663475709061495
12,mobilenet_orig,45,faithfulness,0.44769999384880066
12,mobilenet_orig,45,robustness,1.5291343927383423
12,mobilenet_orig,45,complexity,0.5568218138494725
12,mobilenet_orig,46,faithfulness,0.252336323261261
12,mobilenet_orig,46,robustness,1.7942168712615967
12,mobilenet_orig,46,complexity,0.5653862363673858
12,mobilenet_orig,47,faithfulness,-0.350628137588501
12,mobilenet_orig,47,robustness,1.555874228477478
12,mobilenet_orig,47,complexity,0.6056239587804764
12,mobilenet_orig,48,faithfulness,0.19955949485301971
12,mobilenet_orig,48,robustness,1.312340497970581
12,mobilenet_orig,48,complexity,0.6202113207675694
12,mobilenet_orig,49,faithfulness,-0.06381700932979584
12,mobilenet_orig,49,robustness,1.4360100030899048
12,mobilenet_orig,49,complexity,0.5555069641726097
12,mobilenet_orig,50,faithfulness,-0.3100717067718506
12,mobilenet_orig,50,robustness,1.455646276473999
12,mobilenet_orig,50,complexity,0.5967725682881412
12,mobilenet_orig,51,faithfulness,-0.11484791338443756
12,mobilenet_orig,51,robustness,1.7380664348602295
12,mobilenet_orig,51,complexity,0.5845475009058106
12,mobilenet_orig,52,faithfulness,0.1384216547012329
12,mobilenet_orig,52,robustness,1.5042979717254639
12,mobilenet_orig,52,complexity,0.5853248197334989
12,mobilenet_orig,53,faithfulness,0.3041796088218689
12,mobilenet_orig,53,robustness,1.4293668270111084
12,mobilenet_orig,53,complexity,0.6126893899787289
12,mobilenet_orig,54,faithfulness,0.232630655169487
12,mobilenet_orig,54,robustness,1.3084968328475952
12,mobilenet_orig,54,complexity,0.5790681790103568
12,mobilenet_orig,55,faithfulness,0.01251288689672947
12,mobilenet_orig,55,robustness,1.2342751026153564
12,mobilenet_orig,55,complexity,0.5990876828351933
12,mobilenet_orig,56,faithfulness,-0.4440048933029175
12,mobilenet_orig,56,robustness,1.5304975509643555
12,mobilenet_orig,56,complexity,0.5753936652831709
12,mobilenet_orig,57,faithfulness,-0.2550964951515198
12,mobilenet_orig,57,robustness,1.569602131843567
12,mobilenet_orig,57,complexity,0.5685940095266476
12,mobilenet_orig,58,faithfulness,0.24068307876586914
12,mobilenet_orig,58,robustness,1.2950454950332642
12,mobilenet_orig,58,complexity,0.56603937147464
12,mobilenet_recplot,0,faithfulness,-0.1330561339855194
12,mobilenet_recplot,0,robustness,2.9036905765533447
12,mobilenet_recplot,0,complexity,0.6539035117319569
12,mobilenet_recplot,1,faithfulness,-0.17103514075279236
12,mobilenet_recplot,1,robustness,2.3240246772766113
12,mobilenet_recplot,1,complexity,0.6539840152137748
12,mobilenet_recplot,2,faithfulness,0.11638054996728897
12,mobilenet_recplot,2,robustness,1.684637188911438
12,mobilenet_recplot,2,complexity,0.7142061906790342
12,mobilenet_recplot,3,faithfulness,0.10465581715106964
12,mobilenet_recplot,3,robustness,3.473369836807251
12,mobilenet_recplot,3,complexity,0.6434596833786406
12,mobilenet_recplot,4,faithfulness,0.2920783758163452
12,mobilenet_recplot,4,robustness,2.0528182983398438
12,mobilenet_recplot,4,complexity,0.7128157981705096
12,mobilenet_recplot,5,faithfulness,0.3323439955711365
12,mobilenet_recplot,5,robustness,2.624091148376465
12,mobilenet_recplot,5,complexity,0.6932307092462032
12,mobilenet_recplot,6,faithfulness,0.19637608528137207
12,mobilenet_recplot,6,robustness,1.8181442022323608
12,mobilenet_recplot,6,complexity,0.7058990035985064
12,mobilenet_recplot,7,faithfulness,0.21577608585357666
12,mobilenet_recplot,7,robustness,1.7269333600997925
12,mobilenet_recplot,7,complexity,0.620424406599563
12,mobilenet_recplot,8,faithfulness,0.04309102147817612
12,mobilenet_recplot,8,robustness,1.8965164422988892
12,mobilenet_recplot,8,complexity,0.615067351855693
12,mobilenet_recplot,9,faithfulness,0.29369664192199707
12,mobilenet_recplot,9,robustness,2.5712976455688477
12,mobilenet_recplot,9,complexity,0.6130096916657375
12,mobilenet_recplot,10,faithfulness,0.09287945926189423
12,mobilenet_recplot,10,robustness,1.9984837770462036
12,mobilenet_recplot,10,complexity,0.731839386924708
12,mobilenet_recplot,11,faithfulness,-0.2476179301738739
12,mobilenet_recplot,11,robustness,1.9713878631591797
12,mobilenet_recplot,11,complexity,0.6688758453517675
12,mobilenet_recplot,12,faithfulness,-0.07373695075511932
12,mobilenet_recplot,12,robustness,2.6717100143432617
12,mobilenet_recplot,12,complexity,0.6925448457157215
12,mobilenet_recplot,13,faithfulness,-0.06073639541864395
12,mobilenet_recplot,13,robustness,2.1859827041625977
12,mobilenet_recplot,13,complexity,0.674868475916871
12,mobilenet_recplot,14,faithfulness,0.3356364369392395
12,mobilenet_recplot,14,robustness,2.578680992126465
12,mobilenet_recplot,14,complexity,0.6888570286858393
12,mobilenet_recplot,15,faithfulness,-0.2548340857028961
12,mobilenet_recplot,15,robustness,2.051503896713257
12,mobilenet_recplot,15,complexity,0.6249231160792375
12,mobilenet_recplot,16,faithfulness,-0.005532704293727875
12,mobilenet_recplot,16,robustness,3.7154037952423096
12,mobilenet_recplot,16,complexity,0.6124548618112843
12,mobilenet_recplot,17,faithfulness,0.3859524726867676
12,mobilenet_recplot,17,robustness,1.385006308555603
12,mobilenet_recplot,17,complexity,0.7369222605059426
12,mobilenet_recplot,18,faithfulness,-0.028600752353668213
12,mobilenet_recplot,18,robustness,2.0803956985473633
12,mobilenet_recplot,18,complexity,0.5878288002682382
12,mobilenet_recplot,19,faithfulness,0.027275949716567993
12,mobilenet_recplot,19,robustness,3.533999443054199
12,mobilenet_recplot,19,complexity,0.6386938461988567
12,mobilenet_recplot,20,faithfulness,-0.1656482219696045
12,mobilenet_recplot,20,robustness,1.4285032749176025
12,mobilenet_recplot,20,complexity,0.5819357225090623
12,mobilenet_recplot,21,faithfulness,-0.1788446009159088
12,mobilenet_recplot,21,robustness,2.291513204574585
12,mobilenet_recplot,21,complexity,0.6435699755118894
12,mobilenet_recplot,22,faithfulness,0.0024099797010421753
12,mobilenet_recplot,22,robustness,2.4589626789093018
12,mobilenet_recplot,22,complexity,0.6765090561742341
12,mobilenet_recplot,23,faithfulness,0.22663359344005585
12,mobilenet_recplot,23,robustness,2.4611973762512207
12,mobilenet_recplot,23,complexity,0.6915880960950752
12,mobilenet_recplot,24,faithfulness,0.04182328283786774
12,mobilenet_recplot,24,robustness,3.732619285583496
12,mobilenet_recplot,24,complexity,0.6691876477305537
12,mobilenet_recplot,25,faithfulness,-0.013615816831588745
12,mobilenet_recplot,25,robustness,5.201815128326416
12,mobilenet_recplot,25,complexity,0.6465020099168546
12,mobilenet_recplot,26,faithfulness,0.17960399389266968
12,mobilenet_recplot,26,robustness,3.5152974128723145
12,mobilenet_recplot,26,complexity,0.5931577828503607
12,mobilenet_recplot,27,faithfulness,-0.2951817512512207
12,mobilenet_recplot,27,robustness,3.0354902744293213
12,mobilenet_recplot,27,complexity,0.6334703105172937
12,mobilenet_recplot,28,faithfulness,0.2585562765598297
12,mobilenet_recplot,28,robustness,1.4544837474822998
12,mobilenet_recplot,28,complexity,0.6308451511188753
12,mobilenet_recplot,29,faithfulness,-0.07814957201480865
12,mobilenet_recplot,29,robustness,2.04447865486145
12,mobilenet_recplot,29,complexity,0.6588736281606608
12,mobilenet_recplot,30,faithfulness,-0.0926397368311882
12,mobilenet_recplot,30,robustness,2.772343873977661
12,mobilenet_recplot,30,complexity,0.6572821629243334
12,mobilenet_recplot,31,faithfulness,0.1524919867515564
12,mobilenet_recplot,31,robustness,4.609220027923584
12,mobilenet_recplot,31,complexity,0.64870229119858
12,mobilenet_recplot,32,faithfulness,-0.19590294361114502
12,mobilenet_recplot,32,robustness,3.930663585662842
12,mobilenet_recplot,32,complexity,0.6670757254928298
12,mobilenet_recplot,33,faithfulness,-0.007971204817295074
12,mobilenet_recplot,33,robustness,5.369358539581299
12,mobilenet_recplot,33,complexity,0.6592467795563952
12,mobilenet_recplot,34,faithfulness,0.15631559491157532
12,mobilenet_recplot,34,robustness,3.1729073524475098
12,mobilenet_recplot,34,complexity,0.6656234598343451
12,mobilenet_recplot,35,faithfulness,0.20509397983551025
12,mobilenet_recplot,35,robustness,4.5613226890563965
12,mobilenet_recplot,35,complexity,0.6484357186724986
12,mobilenet_recplot,36,faithfulness,-0.14211171865463257
12,mobilenet_recplot,36,robustness,5.367280960083008
12,mobilenet_recplot,36,complexity,0.634800555120525
12,mobilenet_recplot,37,faithfulness,-0.17721262574195862
12,mobilenet_recplot,37,robustness,1.92429518699646
12,mobilenet_recplot,37,complexity,0.7424834450323964
12,mobilenet_recplot,38,faithfulness,0.04579658806324005
12,mobilenet_recplot,38,robustness,3.1591479778289795
12,mobilenet_recplot,38,complexity,0.5922411906733497
12,mobilenet_recplot,39,faithfulness,0.2435304820537567
12,mobilenet_recplot,39,robustness,3.62556791305542
12,mobilenet_recplot,39,complexity,0.5870292431548655
12,mobilenet_recplot,40,faithfulness,0.0369158536195755
12,mobilenet_recplot,40,robustness,1.6018822193145752
12,mobilenet_recplot,40,complexity,0.6348700877286101
12,mobilenet_recplot,41,faithfulness,-0.12181179970502853
12,mobilenet_recplot,41,robustness,2.0098226070404053
12,mobilenet_recplot,41,complexity,0.63260801602608
12,mobilenet_recplot,42,faithfulness,0.09309479594230652
12,mobilenet_recplot,42,robustness,3.6475093364715576
12,mobilenet_recplot,42,complexity,0.6482176937044526
12,mobilenet_recplot,43,faithfulness,-0.39266595244407654
12,mobilenet_recplot,43,robustness,2.3651037216186523
12,mobilenet_recplot,43,complexity,0.6796918362407676
12,mobilenet_recplot,44,faithfulness,-0.14497379958629608
12,mobilenet_recplot,44,robustness,2.0356898307800293
12,mobilenet_recplot,44,complexity,0.5838489629869156
12,mobilenet_recplot,45,faithfulness,-0.017783578485250473
12,mobilenet_recplot,45,robustness,2.5580503940582275
12,mobilenet_recplot,45,complexity,0.6880453542760125
12,mobilenet_recplot,46,faithfulness,-0.10306313633918762
12,mobilenet_recplot,46,robustness,1.3633229732513428
12,mobilenet_recplot,46,complexity,0.6339703878203677
12,mobilenet_recplot,47,faithfulness,-0.06542558968067169
12,mobilenet_recplot,47,robustness,3.8731088638305664
12,mobilenet_recplot,47,complexity,0.6841130314226719
12,mobilenet_recplot,48,faithfulness,-0.34435874223709106
12,mobilenet_recplot,48,robustness,2.3946964740753174
12,mobilenet_recplot,48,complexity,0.6837354848617683
12,mobilenet_recplot,49,faithfulness,-0.29610323905944824
12,mobilenet_recplot,49,robustness,5.896697521209717
12,mobilenet_recplot,49,complexity,0.6021355776976494
12,mobilenet_recplot,50,faithfulness,0.06534656882286072
12,mobilenet_recplot,50,robustness,2.2127840518951416
12,mobilenet_recplot,50,complexity,0.6347807155183866
12,mobilenet_recplot,51,faithfulness,0.14237716794013977
12,mobilenet_recplot,51,robustness,2.278294086456299
12,mobilenet_recplot,51,complexity,0.6325495541382692
12,mobilenet_recplot,52,faithfulness,0.13717958331108093
12,mobilenet_recplot,52,robustness,3.7923147678375244
12,mobilenet_recplot,52,complexity,0.5840286155890678
12,mobilenet_recplot,53,faithfulness,-0.04321013763546944
12,mobilenet_recplot,53,robustness,1.8538140058517456
12,mobilenet_recplot,53,complexity,0.6727965257036286
12,mobilenet_recplot,54,faithfulness,-0.07249709963798523
12,mobilenet_recplot,54,robustness,1.7259114980697632
12,mobilenet_recplot,54,complexity,0.6747480155855619
12,mobilenet_recplot,55,faithfulness,0.2322956621646881
12,mobilenet_recplot,55,robustness,2.169912815093994
12,mobilenet_recplot,55,complexity,0.7194573575507007
12,mobilenet_recplot,56,faithfulness,-0.1988603174686432
12,mobilenet_recplot,56,robustness,2.0616610050201416
12,mobilenet_recplot,56,complexity,0.6334947578298764
12,mobilenet_recplot,57,faithfulness,0.45770424604415894
12,mobilenet_recplot,57,robustness,2.1189353466033936
12,mobilenet_recplot,57,complexity,0.6746815828001475
12,mobilenet_recplot,58,faithfulness,-0.3133706748485565
12,mobilenet_recplot,58,robustness,2.7306747436523438
12,mobilenet_recplot,58,complexity,0.6487756530609318
12,effnet_orig,0,faithfulness,0.31713104248046875
12,effnet_orig,0,robustness,1.2969077825546265
12,effnet_orig,0,complexity,0.5362216231762962
12,effnet_orig,1,faithfulness,0.416914165019989
12,effnet_orig,1,robustness,1.2102538347244263
12,effnet_orig,1,complexity,0.5297604834589057
12,effnet_orig,2,faithfulness,0.43601489067077637
12,effnet_orig,2,robustness,1.5434731245040894
12,effnet_orig,2,complexity,0.5207330790397584
12,effnet_orig,3,faithfulness,-0.037155553698539734
12,effnet_orig,3,robustness,1.2929390668869019
12,effnet_orig,3,complexity,0.5350513039107659
12,effnet_orig,4,faithfulness,-0.016415759921073914
12,effnet_orig,4,robustness,1.7184535264968872
12,effnet_orig,4,complexity,0.5309918937934686
12,effnet_orig,5,faithfulness,0.15623313188552856
12,effnet_orig,5,robustness,1.498828411102295
12,effnet_orig,5,complexity,0.5266923566433936
12,effnet_orig,6,faithfulness,0.15138059854507446
12,effnet_orig,6,robustness,1.6769895553588867
12,effnet_orig,6,complexity,0.5503049286062202
12,effnet_orig,7,faithfulness,0.22300221025943756
12,effnet_orig,7,robustness,1.24947988986969
12,effnet_orig,7,complexity,0.5423053563859542
12,effnet_orig,8,faithfulness,-0.030654363334178925
12,effnet_orig,8,robustness,1.20179283618927
12,effnet_orig,8,complexity,0.5387319433995007
12,effnet_orig,9,faithfulness,0.2841721773147583
12,effnet_orig,9,robustness,1.1400158405303955
12,effnet_orig,9,complexity,0.5293116530614359
12,effnet_orig,10,faithfulness,0.15351425111293793
12,effnet_orig,10,robustness,1.569352626800537
12,effnet_orig,10,complexity,0.5316182351284068
12,effnet_orig,11,faithfulness,0.09106484800577164
12,effnet_orig,11,robustness,1.5456600189208984
12,effnet_orig,11,complexity,0.5272360033285658
12,effnet_orig,12,faithfulness,0.17003072798252106
12,effnet_orig,12,robustness,1.192453145980835
12,effnet_orig,12,complexity,0.551110271764301
12,effnet_orig,13,faithfulness,-0.11017264425754547
12,effnet_orig,13,robustness,1.3377537727355957
12,effnet_orig,13,complexity,0.5317307270775274
12,effnet_orig,14,faithfulness,0.006101600825786591
12,effnet_orig,14,robustness,1.3262336254119873
12,effnet_orig,14,complexity,0.5304775126536564
12,effnet_orig,15,faithfulness,0.02158564329147339
12,effnet_orig,15,robustness,1.4884449243545532
12,effnet_orig,15,complexity,0.5099667432050918
12,effnet_orig,16,faithfulness,0.46981868147850037
12,effnet_orig,16,robustness,1.2269296646118164
12,effnet_orig,16,complexity,0.5324706699512488
12,effnet_orig,17,faithfulness,0.48486343026161194
12,effnet_orig,17,robustness,1.4810876846313477
12,effnet_orig,17,complexity,0.5374920001825669
12,effnet_orig,18,faithfulness,0.6094035506248474
12,effnet_orig,18,robustness,1.2180836200714111
12,effnet_orig,18,complexity,0.5296694200081069
12,effnet_orig,19,faithfulness,-0.14047971367835999
12,effnet_orig,19,robustness,1.3656713962554932
12,effnet_orig,19,complexity,0.5322236012965238
12,effnet_orig,20,faithfulness,0.12608136236667633
12,effnet_orig,20,robustness,1.5359361171722412
12,effnet_orig,20,complexity,0.5526083842815294
12,effnet_orig,21,faithfulness,-0.09962956607341766
12,effnet_orig,21,robustness,1.3294148445129395
12,effnet_orig,21,complexity,0.5591679736538713
12,effnet_orig,22,faithfulness,0.12500327825546265
12,effnet_orig,22,robustness,1.5282142162322998
12,effnet_orig,22,complexity,0.5316712618383133
12,effnet_orig,23,faithfulness,0.13370761275291443
12,effnet_orig,23,robustness,1.3502486944198608
12,effnet_orig,23,complexity,0.5302007281629884
12,effnet_orig,24,faithfulness,0.49902111291885376
12,effnet_orig,24,robustness,1.192260503768921
12,effnet_orig,24,complexity,0.5406331825247186
12,effnet_orig,25,faithfulness,-0.012479934841394424
12,effnet_orig,25,robustness,1.2582324743270874
12,effnet_orig,25,complexity,0.539557957075647
12,effnet_orig,26,faithfulness,0.19028642773628235
12,effnet_orig,26,robustness,1.2834696769714355
12,effnet_orig,26,complexity,0.5247991519796621
12,effnet_orig,27,faithfulness,0.3175458014011383
12,effnet_orig,27,robustness,1.2146165370941162
12,effnet_orig,27,complexity,0.5426940415523654
12,effnet_orig,28,faithfulness,0.10508370399475098
12,effnet_orig,28,robustness,1.559380292892456
12,effnet_orig,28,complexity,0.5508814367419208
12,effnet_orig,29,faithfulness,-0.08138585090637207
12,effnet_orig,29,robustness,1.2627547979354858
12,effnet_orig,29,complexity,0.5475707865968886
12,effnet_orig,30,faithfulness,0.24157652258872986
12,effnet_orig,30,robustness,1.23818039894104
12,effnet_orig,30,complexity,0.5228885629016014
12,effnet_orig,31,faithfulness,0.30608487129211426
12,effnet_orig,31,robustness,1.2947754859924316
12,effnet_orig,31,complexity,0.5493394109462068
12,effnet_orig,32,faithfulness,-0.06626778841018677
12,effnet_orig,32,robustness,1.1846380233764648
12,effnet_orig,32,complexity,0.5366043818926949
12,effnet_orig,33,faithfulness,0.38933420181274414
12,effnet_orig,33,robustness,1.5679038763046265
12,effnet_orig,33,complexity,0.5472454106310529
12,effnet_orig,34,faithfulness,0.2298835664987564
12,effnet_orig,34,robustness,1.3643990755081177
12,effnet_orig,34,complexity,0.52307463734203
12,effnet_orig,35,faithfulness,-0.02571874111890793
12,effnet_orig,35,robustness,1.3143212795257568
12,effnet_orig,35,complexity,0.5336962763192549
12,effnet_orig,36,faithfulness,0.20378339290618896
12,effnet_orig,36,robustness,1.6065832376480103
12,effnet_orig,36,complexity,0.5134797886036293
12,effnet_orig,37,faithfulness,0.1605793684720993
12,effnet_orig,37,robustness,1.560409426689148
12,effnet_orig,37,complexity,0.5511229204411635
12,effnet_orig,38,faithfulness,0.379421591758728
12,effnet_orig,38,robustness,1.3195469379425049
12,effnet_orig,38,complexity,0.5484521280314398
12,effnet_orig,39,faithfulness,-0.09443295001983643
12,effnet_orig,39,robustness,1.6680129766464233
12,effnet_orig,39,complexity,0.5810999093717434
12,effnet_orig,40,faithfulness,0.05445534735918045
12,effnet_orig,40,robustness,1.5153436660766602
12,effnet_orig,40,complexity,0.5471489039985236
12,effnet_orig,41,faithfulness,0.0013113133609294891
12,effnet_orig,41,robustness,1.2325249910354614
12,effnet_orig,41,complexity,0.537244858588305
12,effnet_orig,42,faithfulness,0.18551990389823914
12,effnet_orig,42,robustness,1.4569042921066284
12,effnet_orig,42,complexity,0.5483984599306827
12,effnet_orig,43,faithfulness,0.2044019103050232
12,effnet_orig,43,robustness,1.9384790658950806
12,effnet_orig,43,complexity,0.5287442181414077
12,effnet_orig,44,faithfulness,0.002829665318131447
12,effnet_orig,44,robustness,1.4926583766937256
12,effnet_orig,44,complexity,0.5506628106884067
12,effnet_orig,45,faithfulness,-0.20962616801261902
12,effnet_orig,45,robustness,1.363626480102539
12,effnet_orig,45,complexity,0.5344497744883402
12,effnet_orig,46,faithfulness,0.17368020117282867
12,effnet_orig,46,robustness,1.314241647720337
12,effnet_orig,46,complexity,0.5764101979908417
12,effnet_orig,47,faithfulness,0.2357518970966339
12,effnet_orig,47,robustness,1.4859423637390137
12,effnet_orig,47,complexity,0.5332235884505261
12,effnet_orig,48,faithfulness,0.2738918662071228
12,effnet_orig,48,robustness,1.573931097984314
12,effnet_orig,48,complexity,0.5476034042664072
12,effnet_orig,49,faithfulness,0.11244303733110428
12,effnet_orig,49,robustness,1.1036975383758545
12,effnet_orig,49,complexity,0.5144667154741838
12,effnet_orig,50,faithfulness,0.14893308281898499
12,effnet_orig,50,robustness,1.1660619974136353
12,effnet_orig,50,complexity,0.5537338168417366
12,effnet_orig,51,faithfulness,-0.17337803542613983
12,effnet_orig,51,robustness,1.2162543535232544
12,effnet_orig,51,complexity,0.5494241155643351
12,effnet_orig,52,faithfulness,0.3254910707473755
12,effnet_orig,52,robustness,1.2050858736038208
12,effnet_orig,52,complexity,0.536604486650674
12,effnet_orig,53,faithfulness,0.04725608229637146
12,effnet_orig,53,robustness,1.310896396636963
12,effnet_orig,53,complexity,0.5700290931209427
12,effnet_orig,54,faithfulness,0.05341820418834686
12,effnet_orig,54,robustness,1.3025712966918945
12,effnet_orig,54,complexity,0.5337795908924298
12,effnet_orig,55,faithfulness,0.015364974737167358
12,effnet_orig,55,robustness,1.3366864919662476
12,effnet_orig,55,complexity,0.5404204995449549
12,effnet_orig,56,faithfulness,0.050593405961990356
12,effnet_orig,56,robustness,1.8120293617248535
12,effnet_orig,56,complexity,0.5254916485788481
12,effnet_orig,57,faithfulness,-0.19333329796791077
12,effnet_orig,57,robustness,1.1736841201782227
12,effnet_orig,57,complexity,0.5531353680673557
12,effnet_orig,58,faithfulness,0.24229595065116882
12,effnet_orig,58,robustness,1.2588986158370972
12,effnet_orig,58,complexity,0.5244623650403699
12,effnet_recplot,0,faithfulness,0.19726338982582092
12,effnet_recplot,0,robustness,37.29092788696289
12,effnet_recplot,0,complexity,0.5898155675822093
12,effnet_recplot,1,faithfulness,0.07789594680070877
12,effnet_recplot,1,robustness,59.77961349487305
12,effnet_recplot,1,complexity,0.6018275106187392
12,effnet_recplot,2,faithfulness,-0.09589457511901855
12,effnet_recplot,2,robustness,113.47241973876953
12,effnet_recplot,2,complexity,0.6087465675035516
12,effnet_recplot,3,faithfulness,-0.01690957322716713
12,effnet_recplot,3,robustness,4.644373416900635
12,effnet_recplot,3,complexity,0.5881553716819589
12,effnet_recplot,4,faithfulness,-0.15142613649368286
12,effnet_recplot,4,robustness,141.5632781982422
12,effnet_recplot,4,complexity,0.6446506797466398
12,effnet_recplot,5,faithfulness,-0.009104102849960327
12,effnet_recplot,5,robustness,8.396186828613281
12,effnet_recplot,5,complexity,0.6323627504122522
12,effnet_recplot,6,faithfulness,0.202632337808609
12,effnet_recplot,6,robustness,1098.41943359375
12,effnet_recplot,6,complexity,0.6258478710490126
12,effnet_recplot,7,faithfulness,-0.026573151350021362
12,effnet_recplot,7,robustness,18.21689796447754
12,effnet_recplot,7,complexity,0.5301156517310415
12,effnet_recplot,8,faithfulness,-0.13751938939094543
12,effnet_recplot,8,robustness,94.43896484375
12,effnet_recplot,8,complexity,0.6297806201774251
12,effnet_recplot,9,faithfulness,-0.03456280007958412
12,effnet_recplot,9,robustness,11.450879096984863
12,effnet_recplot,9,complexity,0.6151995596521589
12,effnet_recplot,10,faithfulness,0.0016946941614151
12,effnet_recplot,10,robustness,31.028959274291992
12,effnet_recplot,10,complexity,0.6294101340017046
12,effnet_recplot,11,faithfulness,0.06938150525093079
12,effnet_recplot,11,robustness,21.32861328125
12,effnet_recplot,11,complexity,0.5666500132453134
12,effnet_recplot,12,faithfulness,0.018397558480501175
12,effnet_recplot,12,robustness,6.142755508422852
12,effnet_recplot,12,complexity,0.5659378425057704
12,effnet_recplot,13,faithfulness,-0.05701841786503792
12,effnet_recplot,13,robustness,28.71295928955078
12,effnet_recplot,13,complexity,0.6081507978360593
12,effnet_recplot,14,faithfulness,-0.03972971439361572
12,effnet_recplot,14,robustness,393.4388122558594
12,effnet_recplot,14,complexity,0.6020509400217562
12,effnet_recplot,15,faithfulness,0.11058557033538818
12,effnet_recplot,15,robustness,16.961450576782227
12,effnet_recplot,15,complexity,0.5449526235596955
12,effnet_recplot,16,faithfulness,-0.159801185131073
12,effnet_recplot,16,robustness,6.249338626861572
12,effnet_recplot,16,complexity,0.5366192606721032
12,effnet_recplot,17,faithfulness,-0.11123023182153702
12,effnet_recplot,17,robustness,259.1741027832031
12,effnet_recplot,17,complexity,0.5855710299006224
12,effnet_recplot,18,faithfulness,-0.24107062816619873
12,effnet_recplot,18,robustness,22.37564468383789
12,effnet_recplot,18,complexity,0.5277447350547594
12,effnet_recplot,19,faithfulness,-0.13540178537368774
12,effnet_recplot,19,robustness,24.300586700439453
12,effnet_recplot,19,complexity,0.589515785641577
12,effnet_recplot,20,faithfulness,-0.43008092045783997
12,effnet_recplot,20,robustness,1.0559496879577637
12,effnet_recplot,20,complexity,0.5505040776679067
12,effnet_recplot,21,faithfulness,0.14498373866081238
12,effnet_recplot,21,robustness,7.254214286804199
12,effnet_recplot,21,complexity,0.617309172331492
12,effnet_recplot,22,faithfulness,-0.23493707180023193
12,effnet_recplot,22,robustness,4.612703323364258
12,effnet_recplot,22,complexity,0.5777484304764962
12,effnet_recplot,23,faithfulness,0.1047186478972435
12,effnet_recplot,23,robustness,310.74298095703125
12,effnet_recplot,23,complexity,0.6340012282327311
12,effnet_recplot,24,faithfulness,0.005030522122979164
12,effnet_recplot,24,robustness,37.38436508178711
12,effnet_recplot,24,complexity,0.6550212018755097
12,effnet_recplot,25,faithfulness,-0.11319788545370102
12,effnet_recplot,25,robustness,227.56544494628906
12,effnet_recplot,25,complexity,0.6349031218533892
12,effnet_recplot,26,faithfulness,-0.008877217769622803
12,effnet_recplot,26,robustness,9.684248924255371
12,effnet_recplot,26,complexity,0.551648528501984
12,effnet_recplot,27,faithfulness,0.1604776680469513
12,effnet_recplot,27,robustness,149.75865173339844
12,effnet_recplot,27,complexity,0.6490136223336676
12,effnet_recplot,28,faithfulness,-0.07631572335958481
12,effnet_recplot,28,robustness,18.87373161315918
12,effnet_recplot,28,complexity,0.5716995638226249
12,effnet_recplot,29,faithfulness,-0.17975889146327972
12,effnet_recplot,29,robustness,1.217269778251648
12,effnet_recplot,29,complexity,0.5706923432113055
12,effnet_recplot,30,faithfulness,-0.154775470495224
12,effnet_recplot,30,robustness,230.03907775878906
12,effnet_recplot,30,complexity,0.5863160335335112
12,effnet_recplot,31,faithfulness,-0.18371084332466125
12,effnet_recplot,31,robustness,534.5908813476562
12,effnet_recplot,31,complexity,0.6337558497795338
12,effnet_recplot,32,faithfulness,-0.07158789038658142
12,effnet_recplot,32,robustness,1707.3719482421875
12,effnet_recplot,32,complexity,0.5977652937481405
12,effnet_recplot,33,faithfulness,-0.004652239382266998
12,effnet_recplot,33,robustness,168.7024688720703
12,effnet_recplot,33,complexity,0.6898794559739644
12,effnet_recplot,34,faithfulness,-0.0891837328672409
12,effnet_recplot,34,robustness,1331.5902099609375
12,effnet_recplot,34,complexity,0.6200979149028163
12,effnet_recplot,35,faithfulness,-0.24473819136619568
12,effnet_recplot,35,robustness,586.9412231445312
12,effnet_recplot,35,complexity,0.6123184021731649
12,effnet_recplot,36,faithfulness,-0.1300395131111145
12,effnet_recplot,36,robustness,1440.2547607421875
12,effnet_recplot,36,complexity,0.5703485055447027
12,effnet_recplot,37,faithfulness,-0.08846769481897354
12,effnet_recplot,37,robustness,724.1495361328125
12,effnet_recplot,37,complexity,0.6364443198193339
12,effnet_recplot,38,faithfulness,-0.2606780529022217
12,effnet_recplot,38,robustness,47.52287673950195
12,effnet_recplot,38,complexity,0.5717001479593757
12,effnet_recplot,39,faithfulness,-0.17676784098148346
12,effnet_recplot,39,robustness,611.7459716796875
12,effnet_recplot,39,complexity,0.5864869959149981
12,effnet_recplot,40,faithfulness,-0.08646565675735474
12,effnet_recplot,40,robustness,12.322224617004395
12,effnet_recplot,40,complexity,0.5246036414661592
12,effnet_recplot,41,faithfulness,-0.15908031165599823
12,effnet_recplot,41,robustness,60.34859085083008
12,effnet_recplot,41,complexity,0.5985620285293484
12,effnet_recplot,42,faithfulness,0.13147500157356262
12,effnet_recplot,42,robustness,58.20146942138672
12,effnet_recplot,42,complexity,0.6127759411038689
12,effnet_recplot,43,faithfulness,0.2793584167957306
12,effnet_recplot,43,robustness,2.6345012187957764
12,effnet_recplot,43,complexity,0.6292777670547414
12,effnet_recplot,44,faithfulness,0.03030124306678772
12,effnet_recplot,44,robustness,1.0854257345199585
12,effnet_recplot,44,complexity,0.5696645876164224
12,effnet_recplot,45,faithfulness,-0.23071518540382385
12,effnet_recplot,45,robustness,63.51512908935547
12,effnet_recplot,45,complexity,0.5988019996699553
12,effnet_recplot,46,faithfulness,0.2332698553800583
12,effnet_recplot,46,robustness,3.0782179832458496
12,effnet_recplot,46,complexity,0.5853046317854705
12,effnet_recplot,47,faithfulness,-0.1274632066488266
12,effnet_recplot,47,robustness,27.06523895263672
12,effnet_recplot,47,complexity,0.5848657541398776
12,effnet_recplot,48,faithfulness,0.1496836245059967
12,effnet_recplot,48,robustness,342.40606689453125
12,effnet_recplot,48,complexity,0.5917890341162977
12,effnet_recplot,49,faithfulness,0.14095798134803772
12,effnet_recplot,49,robustness,1361.9468994140625
12,effnet_recplot,49,complexity,0.5920855863992615
12,effnet_recplot,50,faithfulness,0.20938462018966675
12,effnet_recplot,50,robustness,15.721476554870605
12,effnet_recplot,50,complexity,0.5578530547643131
12,effnet_recplot,51,faithfulness,-0.22490349411964417
12,effnet_recplot,51,robustness,910.064697265625
12,effnet_recplot,51,complexity,0.6348284841224316
12,effnet_recplot,52,faithfulness,0.27753451466560364
12,effnet_recplot,52,robustness,109.94415283203125
12,effnet_recplot,52,complexity,0.5849147875898318
12,effnet_recplot,53,faithfulness,-0.12955203652381897
12,effnet_recplot,53,robustness,8.308377265930176
12,effnet_recplot,53,complexity,0.5945606042547968
12,effnet_recplot,54,faithfulness,0.13451963663101196
12,effnet_recplot,54,robustness,2.184404134750366
12,effnet_recplot,54,complexity,0.6528504227978602
12,effnet_recplot,55,faithfulness,-0.030720755457878113
12,effnet_recplot,55,robustness,714.8558959960938
12,effnet_recplot,55,complexity,0.5980410966613766
12,effnet_recplot,56,faithfulness,0.2644118666648865
12,effnet_recplot,56,robustness,441.05621337890625
12,effnet_recplot,56,complexity,0.5637035749596659
12,effnet_recplot,57,faithfulness,0.067426398396492
12,effnet_recplot,57,robustness,1.8005800247192383
12,effnet_recplot,57,complexity,0.5912607546377203
12,effnet_recplot,58,faithfulness,0.23880735039710999
12,effnet_recplot,58,robustness,1.0008741617202759
12,effnet_recplot,58,complexity,0.5668828167511442
42,mobilenet_orig,0,faithfulness,0.35669398307800293
42,mobilenet_orig,0,robustness,1.3919810056686401
42,mobilenet_orig,0,complexity,0.6194992266961526
42,mobilenet_orig,1,faithfulness,-0.1271263062953949
42,mobilenet_orig,1,robustness,1.5880913734436035
42,mobilenet_orig,1,complexity,0.5732610880278549
42,mobilenet_orig,2,faithfulness,0.1195363998413086
42,mobilenet_orig,2,robustness,1.291513204574585
42,mobilenet_orig,2,complexity,0.6080897334994847
42,mobilenet_orig,3,faithfulness,-0.08998462557792664
42,mobilenet_orig,3,robustness,1.5925254821777344
42,mobilenet_orig,3,complexity,0.5989993289588964
42,mobilenet_orig,4,faithfulness,0.0033535677939653397
42,mobilenet_orig,4,robustness,1.3791418075561523
42,mobilenet_orig,4,complexity,0.5743030293284129
42,mobilenet_orig,5,faithfulness,0.302265465259552
42,mobilenet_orig,5,robustness,1.1316019296646118
42,mobilenet_orig,5,complexity,0.6194381149918781
42,mobilenet_orig,6,faithfulness,0.33772599697113037
42,mobilenet_orig,6,robustness,1.3017593622207642
42,mobilenet_orig,6,complexity,0.590368243181628
42,mobilenet_orig,7,faithfulness,-0.03848084807395935
42,mobilenet_orig,7,robustness,1.6145496368408203
42,mobilenet_orig,7,complexity,0.571533774945969
42,mobilenet_orig,8,faithfulness,0.08242349326610565
42,mobilenet_orig,8,robustness,1.58740234375
42,mobilenet_orig,8,complexity,0.5829153133838977
42,mobilenet_orig,9,faithfulness,0.13537250459194183
42,mobilenet_orig,9,robustness,1.4052128791809082
42,mobilenet_orig,9,complexity,0.6132834346036502
42,mobilenet_orig,10,faithfulness,-0.20920699834823608
42,mobilenet_orig,10,robustness,1.4580539464950562
42,mobilenet_orig,10,complexity,0.5834309448430762
42,mobilenet_orig,11,faithfulness,0.2058717906475067
42,mobilenet_orig,11,robustness,1.5428776741027832
42,mobilenet_orig,11,complexity,0.5887074439712783
42,mobilenet_orig,12,faithfulness,0.0649341344833374
42,mobilenet_orig,12,robustness,1.6885731220245361
42,mobilenet_orig,12,complexity,0.6040997517344748
42,mobilenet_orig,13,faithfulness,0.08392743766307831
42,mobilenet_orig,13,robustness,1.4018274545669556
42,mobilenet_orig,13,complexity,0.5853142948097785
42,mobilenet_orig,14,faithfulness,0.37302055954933167
42,mobilenet_orig,14,robustness,1.4209779500961304
42,mobilenet_orig,14,complexity,0.5886743826859431
42,mobilenet_orig,15,faithfulness,0.11876833438873291
42,mobilenet_orig,15,robustness,1.5004231929779053
42,mobilenet_orig,15,complexity,0.5836904038609756
42,mobilenet_orig,16,faithfulness,0.06275944411754608
42,mobilenet_orig,16,robustness,1.4374722242355347
42,mobilenet_orig,16,complexity,0.5798657922949696
42,mobilenet_orig,17,faithfulness,0.0535733699798584
42,mobilenet_orig,17,robustness,1.5293595790863037
42,mobilenet_orig,17,complexity,0.5791765687110308
42,mobilenet_orig,18,faithfulness,-0.1576884686946869
42,mobilenet_orig,18,robustness,1.6044585704803467
42,mobilenet_orig,18,complexity,0.5565079246505964
42,mobilenet_orig,19,faithfulness,0.2867916226387024
42,mobilenet_orig,19,robustness,1.5141929388046265
42,mobilenet_orig,19,complexity,0.5496382779936346
42,mobilenet_orig,20,faithfulness,0.30041825771331787
42,mobilenet_orig,20,robustness,1.457177758216858
42,mobilenet_orig,20,complexity,0.5939741402739981
42,mobilenet_orig,21,faithfulness,0.23401226103305817
42,mobilenet_orig,21,robustness,1.5318286418914795
42,mobilenet_orig,21,complexity,0.5630743313861711
42,mobilenet_orig,22,faithfulness,0.07548706233501434
42,mobilenet_orig,22,robustness,1.8225836753845215
42,mobilenet_orig,22,complexity,0.5367925639548832
42,mobilenet_orig,23,faithfulness,0.21050943434238434
42,mobilenet_orig,23,robustness,1.4901649951934814
42,mobilenet_orig,23,complexity,0.5486933228858428
42,mobilenet_orig,24,faithfulness,0.18104317784309387
42,mobilenet_orig,24,robustness,1.5729588270187378
42,mobilenet_orig,24,complexity,0.5532910458403782
42,mobilenet_orig,25,faithfulness,-0.15260633826255798
42,mobilenet_orig,25,robustness,1.3022289276123047
42,mobilenet_orig,25,complexity,0.584492540707787
42,mobilenet_orig,26,faithfulness,0.009702935814857483
42,mobilenet_orig,26,robustness,1.5764085054397583
42,mobilenet_orig,26,complexity,0.5652883939367013
42,mobilenet_orig,27,faithfulness,0.25403329730033875
42,mobilenet_orig,27,robustness,1.4202052354812622
42,mobilenet_orig,27,complexity,0.5682389946786903
42,mobilenet_orig,28,faithfulness,0.13433367013931274
42,mobilenet_orig,28,robustness,2.242882251739502
42,mobilenet_orig,28,complexity,0.561324885461004
42,mobilenet_orig,29,faithfulness,0.004652698524296284
42,mobilenet_orig,29,robustness,1.5246020555496216
42,mobilenet_orig,29,complexity,0.5605842097779354
42,mobilenet_orig,30,faithfulness,0.19039642810821533
42,mobilenet_orig,30,robustness,1.5833860635757446
42,mobilenet_orig,30,complexity,0.5576400571413224
42,mobilenet_orig,31,faithfulness,-0.10285568237304688
42,mobilenet_orig,31,robustness,1.6146317720413208
42,mobilenet_orig,31,complexity,0.5922437637515664
42,mobilenet_orig,32,faithfulness,0.14743554592132568
42,mobilenet_orig,32,robustness,1.214051604270935
42,mobilenet_orig,32,complexity,0.5840932319741761
42,mobilenet_orig,33,faithfulness,0.025864213705062866
42,mobilenet_orig,33,robustness,1.3573297262191772
42,mobilenet_orig,33,complexity,0.5609619698529827
42,mobilenet_orig,34,faithfulness,0.31147703528404236
42,mobilenet_orig,34,robustness,1.375032663345337
42,mobilenet_orig,34,complexity,0.5478129510334847
42,mobilenet_orig,35,faithfulness,0.20253406465053558
42,mobilenet_orig,35,robustness,1.4861392974853516
42,mobilenet_orig,35,complexity,0.5809449889713804
42,mobilenet_orig,36,faithfulness,0.30378010869026184
42,mobilenet_orig,36,robustness,1.3575774431228638
42,mobilenet_orig,36,complexity,0.5684843608305726
42,mobilenet_orig,37,faithfulness,-0.06934297829866409
42,mobilenet_orig,37,robustness,1.612802267074585
42,mobilenet_orig,37,complexity,0.5596468533387484
42,mobilenet_orig,38,faithfulness,0.3607484996318817
42,mobilenet_orig,38,robustness,1.6382207870483398
42,mobilenet_orig,38,complexity,0.5743365295021116
42,mobilenet_orig,39,faithfulness,0.0026037395000457764
42,mobilenet_orig,39,robustness,1.9204120635986328
42,mobilenet_orig,39,complexity,0.5734729941717318
42,mobilenet_orig,40,faithfulness,0.25662702322006226
42,mobilenet_orig,40,robustness,1.9896037578582764
42,mobilenet_orig,40,complexity,0.5496766214309639
42,mobilenet_orig,41,faithfulness,-0.06259246915578842
42,mobilenet_orig,41,robustness,1.439988613128662
42,mobilenet_orig,41,complexity,0.5658925129780243
42,mobilenet_orig,42,faithfulness,0.30819666385650635
42,mobilenet_orig,42,robustness,1.5407099723815918
42,mobilenet_orig,42,complexity,0.5704632518921824
42,mobilenet_orig,43,faithfulness,0.18024185299873352
42,mobilenet_orig,43,robustness,2.3636677265167236
42,mobilenet_orig,43,complexity,0.5679526738209648
42,mobilenet_orig,44,faithfulness,-0.38587111234664917
42,mobilenet_orig,44,robustness,1.782815933227539
42,mobilenet_orig,44,complexity,0.5412342633526476
42,mobilenet_orig,45,faithfulness,-0.16175539791584015
42,mobilenet_orig,45,robustness,1.906904697418213
42,mobilenet_orig,45,complexity,0.5451182404980731
42,mobilenet_orig,46,faithfulness,0.13036438822746277
42,mobilenet_orig,46,robustness,1.7653051614761353
42,mobilenet_orig,46,complexity,0.5625175554130113
42,mobilenet_orig,47,faithfulness,0.16576674580574036
42,mobilenet_orig,47,robustness,1.412355661392212
42,mobilenet_orig,47,complexity,0.5968276808890154
42,mobilenet_orig,48,faithfulness,0.2836863398551941
42,mobilenet_orig,48,robustness,1.1892298460006714
42,mobilenet_orig,48,complexity,0.6110582477773515
42,mobilenet_orig,49,faithfulness,0.0752028375864029
42,mobilenet_orig,49,robustness,1.4936115741729736
42,mobilenet_orig,49,complexity,0.5646175425366831
42,mobilenet_orig,50,faithfulness,-0.14448940753936768
42,mobilenet_orig,50,robustness,1.640160083770752
42,mobilenet_orig,50,complexity,0.5804482242444119
42,mobilenet_orig,51,faithfulness,0.060272082686424255
42,mobilenet_orig,51,robustness,1.3903063535690308
42,mobilenet_orig,51,complexity,0.6199316035820823
42,mobilenet_orig,52,faithfulness,-0.25737378001213074
42,mobilenet_orig,52,robustness,1.5554605722427368
42,mobilenet_orig,52,complexity,0.5764084128652229
42,mobilenet_orig,53,faithfulness,-0.14885319769382477
42,mobilenet_orig,53,robustness,1.4089144468307495
42,mobilenet_orig,53,complexity,0.5929802099991514
42,mobilenet_orig,54,faithfulness,0.16040389239788055
42,mobilenet_orig,54,robustness,1.4126681089401245
42,mobilenet_orig,54,complexity,0.561373775398019
42,mobilenet_orig,55,faithfulness,0.2301190048456192
42,mobilenet_orig,55,robustness,1.4235426187515259
42,mobilenet_orig,55,complexity,0.5514012367788556
42,mobilenet_orig,56,faithfulness,-0.1737159639596939
42,mobilenet_orig,56,robustness,1.7855682373046875
42,mobilenet_orig,56,complexity,0.5762747492178876
42,mobilenet_orig,57,faithfulness,0.10335170477628708
42,mobilenet_orig,57,robustness,1.5615829229354858
42,mobilenet_orig,57,complexity,0.5572102520224259
42,mobilenet_orig,58,faithfulness,0.04898575693368912
42,mobilenet_orig,58,robustness,1.4710217714309692
42,mobilenet_orig,58,complexity,0.5617101794865914
42,mobilenet_recplot,0,faithfulness,0.09087628871202469
42,mobilenet_recplot,0,robustness,4.658530235290527
42,mobilenet_recplot,0,complexity,0.6222213582660732
42,mobilenet_recplot,1,faithfulness,0.07831791043281555
42,mobilenet_recplot,1,robustness,3.301600694656372
42,mobilenet_recplot,1,complexity,0.6172911279852302
42,mobilenet_recplot,2,faithfulness,-0.05509045720100403
42,mobilenet_recplot,2,robustness,1.7975547313690186
42,mobilenet_recplot,2,complexity,0.7184145560971957
42,mobilenet_recplot,3,faithfulness,-0.06177028641104698
42,mobilenet_recplot,3,robustness,2.8271191120147705
42,mobilenet_recplot,3,complexity,0.6441082914663772
42,mobilenet_recplot,4,faithfulness,-0.16392987966537476
42,mobilenet_recplot,4,robustness,1.8800703287124634
42,mobilenet_recplot,4,complexity,0.7419142087038365
42,mobilenet_recplot,5,faithfulness,0.21245743334293365
42,mobilenet_recplot,5,robustness,2.0469512939453125
42,mobilenet_recplot,5,complexity,0.717911401167804
42,mobilenet_recplot,6,faithfulness,-0.1467357575893402
42,mobilenet_recplot,6,robustness,1.8226985931396484
42,mobilenet_recplot,6,complexity,0.7291792045276597
42,mobilenet_recplot,7,faithfulness,-0.01577167585492134
42,mobilenet_recplot,7,robustness,2.4091882705688477
42,mobilenet_recplot,7,complexity,0.5671517780153372
42,mobilenet_recplot,8,faithfulness,-0.0008459240198135376
42,mobilenet_recplot,8,robustness,3.1086859703063965
42,mobilenet_recplot,8,complexity,0.5889023736984068
42,mobilenet_recplot,9,faithfulness,0.016351640224456787
42,mobilenet_recplot,9,robustness,5.708094596862793
42,mobilenet_recplot,9,complexity,0.6082766554206646
42,mobilenet_recplot,10,faithfulness,0.16058123111724854
42,mobilenet_recplot,10,robustness,1.7134712934494019
42,mobilenet_recplot,10,complexity,0.7520858066870703
42,mobilenet_recplot,11,faithfulness,-0.09155211597681046
42,mobilenet_recplot,11,robustness,2.5979959964752197
42,mobilenet_recplot,11,complexity,0.6637529846983603
42,mobilenet_recplot,12,faithfulness,-0.09725100547075272
42,mobilenet_recplot,12,robustness,2.4176955223083496
42,mobilenet_recplot,12,complexity,0.6813668393295218
42,mobilenet_recplot,13,faithfulness,0.053089722990989685
42,mobilenet_recplot,13,robustness,2.522305727005005
42,mobilenet_recplot,13,complexity,0.6853599769439866
42,mobilenet_recplot,14,faithfulness,-0.19554263353347778
42,mobilenet_recplot,14,robustness,2.2748043537139893
42,mobilenet_recplot,14,complexity,0.7034786589484606
42,mobilenet_recplot,15,faithfulness,0.1457880735397339
42,mobilenet_recplot,15,robustness,4.12260627746582
42,mobilenet_recplot,15,complexity,0.5996759614563923
42,mobilenet_recplot,16,faithfulness,-0.023258492350578308
42,mobilenet_recplot,16,robustness,2.604754686355591
42,mobilenet_recplot,16,complexity,0.569977663276046
42,mobilenet_recplot,17,faithfulness,0.09628216177225113
42,mobilenet_recplot,17,robustness,1.5769081115722656
42,mobilenet_recplot,17,complexity,0.7307088711224148
42,mobilenet_recplot,18,faithfulness,0.26226842403411865
42,mobilenet_recplot,18,robustness,1.806433916091919
42,mobilenet_recplot,18,complexity,0.5819506999680549
42,mobilenet_recplot,19,faithfulness,0.15440867841243744
42,mobilenet_recplot,19,robustness,4.724213123321533
42,mobilenet_recplot,19,complexity,0.6092503972070025
42,mobilenet_recplot,20,faithfulness,-0.09177602082490921
42,mobilenet_recplot,20,robustness,1.5461360216140747
42,mobilenet_recplot,20,complexity,0.606230795618126
42,mobilenet_recplot,21,faithfulness,0.02585381269454956
42,mobilenet_recplot,21,robustness,2.085827589035034
42,mobilenet_recplot,21,complexity,0.6339297684390514
42,mobilenet_recplot,22,faithfulness,0.10097981989383698
42,mobilenet_recplot,22,robustness,3.632256031036377
42,mobilenet_recplot,22,complexity,0.6632427260746989
42,mobilenet_recplot,23,faithfulness,-0.2943379878997803
42,mobilenet_recplot,23,robustness,2.5233287811279297
42,mobilenet_recplot,23,complexity,0.7113699427995078
42,mobilenet_recplot,24,faithfulness,0.30729642510414124
42,mobilenet_recplot,24,robustness,4.065256595611572
42,mobilenet_recplot,24,complexity,0.6593112743143384
42,mobilenet_recplot,25,faithfulness,-0.09197278320789337
42,mobilenet_recplot,25,robustness,3.7927939891815186
42,mobilenet_recplot,25,complexity,0.6253325185960787
42,mobilenet_recplot,26,faithfulness,-0.21126632392406464
42,mobilenet_recplot,26,robustness,2.190524101257324
42,mobilenet_recplot,26,complexity,0.5955563704353297
42,mobilenet_recplot,27,faithfulness,0.14811944961547852
42,mobilenet_recplot,27,robustness,1.4822232723236084
42,mobilenet_recplot,27,complexity,0.6917344295606047
42,mobilenet_recplot,28,faithfulness,-0.19558027386665344
42,mobilenet_recplot,28,robustness,1.7588363885879517
42,mobilenet_recplot,28,complexity,0.5853836802155294
42,mobilenet_recplot,29,faithfulness,-0.29321610927581787
42,mobilenet_recplot,29,robustness,1.8719364404678345
42,mobilenet_recplot,29,complexity,0.6380505409053746
42,mobilenet_recplot,30,faithfulness,-0.25648537278175354
42,mobilenet_recplot,30,robustness,2.8717246055603027
42,mobilenet_recplot,30,complexity,0.6366865623772702
42,mobilenet_recplot,31,faithfulness,-0.2810978293418884
42,mobilenet_recplot,31,robustness,5.536244869232178
42,mobilenet_recplot,31,complexity,0.6338439729305292
42,mobilenet_recplot,32,faithfulness,-0.16465140879154205
42,mobilenet_recplot,32,robustness,3.5675203800201416
42,mobilenet_recplot,32,complexity,0.6436051706210155
42,mobilenet_recplot,33,faithfulness,-0.2221120446920395
42,mobilenet_recplot,33,robustness,6.015140056610107
42,mobilenet_recplot,33,complexity,0.6391360949151131
42,mobilenet_recplot,34,faithfulness,-0.3141421973705292
42,mobilenet_recplot,34,robustness,4.5163373947143555
42,mobilenet_recplot,34,complexity,0.6196856674316917
42,mobilenet_recplot,35,faithfulness,-0.3715640902519226
42,mobilenet_recplot,35,robustness,2.6258912086486816
42,mobilenet_recplot,35,complexity,0.6288155939826655
42,mobilenet_recplot,36,faithfulness,0.13729587197303772
42,mobilenet_recplot,36,robustness,2.724562168121338
42,mobilenet_recplot,36,complexity,0.6637993283127965
42,mobilenet_recplot,37,faithfulness,0.030827786773443222
42,mobilenet_recplot,37,robustness,2.160090684890747
42,mobilenet_recplot,37,complexity,0.7309501904801129
42,mobilenet_recplot,38,faithfulness,-0.15257929265499115
42,mobilenet_recplot,38,robustness,3.9584312438964844
42,mobilenet_recplot,38,complexity,0.5739715317154465
42,mobilenet_recplot,39,faithfulness,-0.30457380414009094
42,mobilenet_recplot,39,robustness,2.8953158855438232
42,mobilenet_recplot,39,complexity,0.5709824886070821
42,mobilenet_recplot,40,faithfulness,0.2043975591659546
42,mobilenet_recplot,40,robustness,1.2821482419967651
42,mobilenet_recplot,40,complexity,0.6135852773420701
42,mobilenet_recplot,41,faithfulness,0.18353155255317688
42,mobilenet_recplot,41,robustness,2.798369884490967
42,mobilenet_recplot,41,complexity,0.610916786580191
42,mobilenet_recplot,42,faithfulness,0.2354586273431778
42,mobilenet_recplot,42,robustness,2.1071090698242188
42,mobilenet_recplot,42,complexity,0.6638138535520851
42,mobilenet_recplot,43,faithfulness,-0.20987407863140106
42,mobilenet_recplot,43,robustness,2.819603443145752
42,mobilenet_recplot,43,complexity,0.6958713481076252
42,mobilenet_recplot,44,faithfulness,0.058735791593790054
42,mobilenet_recplot,44,robustness,1.8292548656463623
42,mobilenet_recplot,44,complexity,0.5940114520303278
42,mobilenet_recplot,45,faithfulness,0.33472904562950134
42,mobilenet_recplot,45,robustness,2.156520366668701
42,mobilenet_recplot,45,complexity,0.7037326827608862
42,mobilenet_recplot,46,faithfulness,-0.17687435448169708
42,mobilenet_recplot,46,robustness,1.4930719137191772
42,mobilenet_recplot,46,complexity,0.6443487921217419
42,mobilenet_recplot,47,faithfulness,-0.11314696073532104
42,mobilenet_recplot,47,robustness,3.142331600189209
42,mobilenet_recplot,47,complexity,0.6879451512362305
42,mobilenet_recplot,48,faithfulness,0.23226067423820496
42,mobilenet_recplot,48,robustness,2.7616095542907715
42,mobilenet_recplot,48,complexity,0.6962009586956465
42,mobilenet_recplot,49,faithfulness,0.025724828243255615
42,mobilenet_recplot,49,robustness,3.812063455581665
42,mobilenet_recplot,49,complexity,0.5863136329902641
42,mobilenet_recplot,50,faithfulness,-0.045005492866039276
42,mobilenet_recplot,50,robustness,4.720157623291016
42,mobilenet_recplot,50,complexity,0.6446319564955968
42,mobilenet_recplot,51,faithfulness,0.1824495792388916
42,mobilenet_recplot,51,robustness,3.63029146194458
42,mobilenet_recplot,51,complexity,0.6558188065587931
42,mobilenet_recplot,52,faithfulness,-0.2557726800441742
42,mobilenet_recplot,52,robustness,5.213451385498047
42,mobilenet_recplot,52,complexity,0.5863248519647766
42,mobilenet_recplot,53,faithfulness,0.004753559827804565
42,mobilenet_recplot,53,robustness,3.3059420585632324
42,mobilenet_recplot,53,complexity,0.6748369670468672
42,mobilenet_recplot,54,faithfulness,0.13539095222949982
42,mobilenet_recplot,54,robustness,3.163865327835083
42,mobilenet_recplot,54,complexity,0.6790060223917384
42,mobilenet_recplot,55,faithfulness,-0.07402658462524414
42,mobilenet_recplot,55,robustness,2.7589335441589355
42,mobilenet_recplot,55,complexity,0.7101558602942275
42,mobilenet_recplot,56,faithfulness,0.05017458647489548
42,mobilenet_recplot,56,robustness,3.200571060180664
42,mobilenet_recplot,56,complexity,0.6092827804618898
42,mobilenet_recplot,57,faithfulness,0.3619689345359802
42,mobilenet_recplot,57,robustness,4.091386318206787
42,mobilenet_recplot,57,complexity,0.6310555111782531
42,mobilenet_recplot,58,faithfulness,-0.0003658980131149292
42,mobilenet_recplot,58,robustness,3.1506216526031494
42,mobilenet_recplot,58,complexity,0.6258561059769441
42,effnet_orig,0,faithfulness,0.05471140146255493
42,effnet_orig,0,robustness,1.156976342201233
42,effnet_orig,0,complexity,0.5468222355825344
42,effnet_orig,1,faithfulness,0.41207289695739746
42,effnet_orig,1,robustness,1.2527824640274048
42,effnet_orig,1,complexity,0.5217913054764807
42,effnet_orig,2,faithfulness,0.2896674871444702
42,effnet_orig,2,robustness,1.3179466724395752
42,effnet_orig,2,complexity,0.5234590683053346
42,effnet_orig,3,faithfulness,0.41214972734451294
42,effnet_orig,3,robustness,1.159350872039795
42,effnet_orig,3,complexity,0.5433883309802651
42,effnet_orig,4,faithfulness,0.0035135671496391296
42,effnet_orig,4,robustness,1.7817972898483276
42,effnet_orig,4,complexity,0.5444547416914751
42,effnet_orig,5,faithfulness,0.17120802402496338
42,effnet_orig,5,robustness,1.6654022932052612
42,effnet_orig,5,complexity,0.5474366432849584
42,effnet_orig,6,faithfulness,0.2354116588830948
42,effnet_orig,6,robustness,1.4562816619873047
42,effnet_orig,6,complexity,0.5557052746075547
42,effnet_orig,7,faithfulness,0.036525532603263855
42,effnet_orig,7,robustness,1.3952890634536743
42,effnet_orig,7,complexity,0.5424507225445327
42,effnet_orig,8,faithfulness,0.372562050819397
42,effnet_orig,8,robustness,1.2805958986282349
42,effnet_orig,8,complexity,0.5333949618857982
42,effnet_orig,9,faithfulness,0.0981956422328949
42,effnet_orig,9,robustness,1.3929522037506104
42,effnet_orig,9,complexity,0.5186661687838896
42,effnet_orig,10,faithfulness,0.2175486981868744
42,effnet_orig,10,robustness,1.6604925394058228
42,effnet_orig,10,complexity,0.5359159199125413
42,effnet_orig,11,faithfulness,0.2634808421134949
42,effnet_orig,11,robustness,1.598752737045288
42,effnet_orig,11,complexity,0.5350799223165126
42,effnet_orig,12,faithfulness,0.027372077107429504
42,effnet_orig,12,robustness,1.4562839269638062
42,effnet_orig,12,complexity,0.5523125645242106
42,effnet_orig,13,faithfulness,0.17435222864151
42,effnet_orig,13,robustness,1.4833803176879883
42,effnet_orig,13,complexity,0.5278901904108976
42,effnet_orig,14,faithfulness,0.25865694880485535
42,effnet_orig,14,robustness,1.650698184967041
42,effnet_orig,14,complexity,0.5362027713740585
42,effnet_orig,15,faithfulness,-0.009269177913665771
42,effnet_orig,15,robustness,1.2894757986068726
42,effnet_orig,15,complexity,0.5129905926115598
42,effnet_orig,16,faithfulness,-0.04124915599822998
42,effnet_orig,16,robustness,1.2776097059249878
42,effnet_orig,16,complexity,0.5308492133123113
42,effnet_orig,17,faithfulness,0.1554136574268341
42,effnet_orig,17,robustness,1.4314920902252197
42,effnet_orig,17,complexity,0.5334377160737288
42,effnet_orig,18,faithfulness,0.10382770746946335
42,effnet_orig,18,robustness,1.374889612197876
42,effnet_orig,18,complexity,0.5416948200860101
42,effnet_orig,19,faithfulness,-0.2779167592525482
42,effnet_orig,19,robustness,1.3807215690612793
42,effnet_orig,19,complexity,0.5386588444481162
42,effnet_orig,20,faithfulness,0.2875747084617615
42,effnet_orig,20,robustness,1.9508285522460938
42,effnet_orig,20,complexity,0.5485547929684106
42,effnet_orig,21,faithfulness,0.29686880111694336
42,effnet_orig,21,robustness,1.542584776878357
42,effnet_orig,21,complexity,0.5802150848925361
42,effnet_orig,22,faithfulness,0.32940417528152466
42,effnet_orig,22,robustness,1.6605734825134277
42,effnet_orig,22,complexity,0.5503773846179213
42,effnet_orig,23,faithfulness,0.09938693046569824
42,effnet_orig,23,robustness,1.6009553670883179
42,effnet_orig,23,complexity,0.537986213545007
42,effnet_orig,24,faithfulness,0.02204861491918564
42,effnet_orig,24,robustness,1.2919175624847412
42,effnet_orig,24,complexity,0.5354187841996959
42,effnet_orig,25,faithfulness,-0.020078584551811218
42,effnet_orig,25,robustness,1.1438308954238892
42,effnet_orig,25,complexity,0.5278556738634882
42,effnet_orig,26,faithfulness,0.1881399303674698
42,effnet_orig,26,robustness,1.2048261165618896
42,effnet_orig,26,complexity,0.5460990505380433
42,effnet_orig,27,faithfulness,0.08330850303173065
42,effnet_orig,27,robustness,1.1139875650405884
42,effnet_orig,27,complexity,0.5617593324887851
42,effnet_orig,28,faithfulness,0.04732200503349304
42,effnet_orig,28,robustness,1.7543584108352661
42,effnet_orig,28,complexity,0.5664813271603815
42,effnet_orig,29,faithfulness,0.29442253708839417
42,effnet_orig,29,robustness,1.2662273645401
42,effnet_orig,29,complexity,0.5527260911206724
42,effnet_orig,30,faithfulness,0.28155651688575745
42,effnet_orig,30,robustness,1.2857681512832642
42,effnet_orig,30,complexity,0.5275337854706273
42,effnet_orig,31,faithfulness,0.1370866298675537
42,effnet_orig,31,robustness,1.3623071908950806
42,effnet_orig,31,complexity,0.5492302300431426
42,effnet_orig,32,faithfulness,0.09789929538965225
42,effnet_orig,32,robustness,1.094106674194336
42,effnet_orig,32,complexity,0.5402397663092582
42,effnet_orig,33,faithfulness,0.38856449723243713
42,effnet_orig,33,robustness,1.304160475730896
42,effnet_orig,33,complexity,0.5627242817690896
42,effnet_orig,34,faithfulness,0.06468541920185089
42,effnet_orig,34,robustness,1.3982410430908203
42,effnet_orig,34,complexity,0.5368207485444217
42,effnet_orig,35,faithfulness,-0.27302050590515137
42,effnet_orig,35,robustness,1.212431788444519
42,effnet_orig,35,complexity,0.5555690422966928
42,effnet_orig,36,faithfulness,0.20201724767684937
42,effnet_orig,36,robustness,1.5245671272277832
42,effnet_orig,36,complexity,0.5260624867614307
42,effnet_orig,37,faithfulness,0.5678192973136902
42,effnet_orig,37,robustness,3.0401175022125244
42,effnet_orig,37,complexity,0.5469871227710437
42,effnet_orig,38,faithfulness,0.24656525254249573
42,effnet_orig,38,robustness,1.380311369895935
42,effnet_orig,38,complexity,0.5640225424925847
42,effnet_orig,39,faithfulness,0.010937035083770752
42,effnet_orig,39,robustness,1.275708794593811
42,effnet_orig,39,complexity,0.6168458273278926
42,effnet_orig,40,faithfulness,0.17708316445350647
42,effnet_orig,40,robustness,1.9235997200012207
42,effnet_orig,40,complexity,0.5448185669338462
42,effnet_orig,41,faithfulness,0.4562511444091797
42,effnet_orig,41,robustness,1.214687705039978
42,effnet_orig,41,complexity,0.5375542038118309
42,effnet_orig,42,faithfulness,-0.0489329919219017
42,effnet_orig,42,robustness,1.874598741531372
42,effnet_orig,42,complexity,0.5459238805499476
42,effnet_orig,43,faithfulness,0.1257493495941162
42,effnet_orig,43,robustness,1.8790054321289062
42,effnet_orig,43,complexity,0.539432022510693
42,effnet_orig,44,faithfulness,0.1333618015050888
42,effnet_orig,44,robustness,1.4759308099746704
42,effnet_orig,44,complexity,0.5453161858487184
42,effnet_orig,45,faithfulness,0.14989057183265686
42,effnet_orig,45,robustness,1.7255654335021973
42,effnet_orig,45,complexity,0.5362845534594973
42,effnet_orig,46,faithfulness,0.10185520350933075
42,effnet_orig,46,robustness,1.4770174026489258
42,effnet_orig,46,complexity,0.553419342393764
42,effnet_orig,47,faithfulness,0.11151011288166046
42,effnet_orig,47,robustness,1.1715940237045288
42,effnet_orig,47,complexity,0.5441196550080658
42,effnet_orig,48,faithfulness,0.34933507442474365
42,effnet_orig,48,robustness,1.3188270330429077
42,effnet_orig,48,complexity,0.5601129910601318
42,effnet_orig,49,faithfulness,0.10519285500049591
42,effnet_orig,49,robustness,1.3871186971664429
42,effnet_orig,49,complexity,0.5178749043890831
42,effnet_orig,50,faithfulness,0.32986336946487427
42,effnet_orig,50,robustness,1.1809922456741333
42,effnet_orig,50,complexity,0.5714232369715301
42,effnet_orig,51,faithfulness,0.35671472549438477
42,effnet_orig,51,robustness,1.183579683303833
42,effnet_orig,51,complexity,0.5408042036485657
42,effnet_orig,52,faithfulness,0.05589146167039871
42,effnet_orig,52,robustness,1.428389072418213
42,effnet_orig,52,complexity,0.523047359982492
42,effnet_orig,53,faithfulness,-0.037135303020477295
42,effnet_orig,53,robustness,1.5882525444030762
42,effnet_orig,53,complexity,0.5667815569791096
42,effnet_orig,54,faithfulness,0.34242016077041626
42,effnet_orig,54,robustness,1.2698588371276855
42,effnet_orig,54,complexity,0.5418868519094729
42,effnet_orig,55,faithfulness,0.16609928011894226
42,effnet_orig,55,robustness,1.2298017740249634
42,effnet_orig,55,complexity,0.5417221379987276
42,effnet_orig,56,faithfulness,0.1939632147550583
42,effnet_orig,56,robustness,1.7094647884368896
42,effnet_orig,56,complexity,0.5361108144433362
42,effnet_orig,57,faithfulness,0.0031278058886528015
42,effnet_orig,57,robustness,1.1151525974273682
42,effnet_orig,57,complexity,0.544128524028432
42,effnet_orig,58,faithfulness,0.1733894944190979
42,effnet_orig,58,robustness,1.3273617029190063
42,effnet_orig,58,complexity,0.5274329860252247
42,effnet_recplot,0,faithfulness,-0.28896838426589966
42,effnet_recplot,0,robustness,87.52294921875
42,effnet_recplot,0,complexity,0.5144502325105487
42,effnet_recplot,1,faithfulness,-0.04843685030937195
42,effnet_recplot,1,robustness,1.0086231231689453
42,effnet_recplot,1,complexity,0.4978141071369166
42,effnet_recplot,2,faithfulness,-0.07861993461847305
42,effnet_recplot,2,robustness,30.67112922668457
42,effnet_recplot,2,complexity,0.5658417757972154
42,effnet_recplot,3,faithfulness,0.07819622755050659
42,effnet_recplot,3,robustness,10.528083801269531
42,effnet_recplot,3,complexity,0.5227229166486693
42,effnet_recplot,4,faithfulness,0.07387412339448929
42,effnet_recplot,4,robustness,222.9995880126953
42,effnet_recplot,4,complexity,0.6670955765400814
42,effnet_recplot,5,faithfulness,-0.03068770468235016
42,effnet_recplot,5,robustness,1159.0059814453125
42,effnet_recplot,5,complexity,0.6570551014282349
42,effnet_recplot,6,faithfulness,-0.017243362963199615
42,effnet_recplot,6,robustness,1.4554423093795776
42,effnet_recplot,6,complexity,0.5550635366119662
42,effnet_recplot,7,faithfulness,-0.2245970368385315
42,effnet_recplot,7,robustness,1.0499036312103271
42,effnet_recplot,7,complexity,0.46398734969119787
42,effnet_recplot,8,faithfulness,0.011736495420336723
42,effnet_recplot,8,robustness,1.0012974739074707
42,effnet_recplot,8,complexity,0.5845025018726019
42,effnet_recplot,9,faithfulness,-0.1031542718410492
42,effnet_recplot,9,robustness,1.0102306604385376
42,effnet_recplot,9,complexity,0.6144811091896755
42,effnet_recplot,10,faithfulness,0.0942506492137909
42,effnet_recplot,10,robustness,13.757211685180664
42,effnet_recplot,10,complexity,0.6422786093781883
42,effnet_recplot,11,faithfulness,-0.24186354875564575
42,effnet_recplot,11,robustness,5.324885845184326
42,effnet_recplot,11,complexity,0.522397521116575
42,effnet_recplot,12,faithfulness,-0.2808893918991089
42,effnet_recplot,12,robustness,26.580978393554688
42,effnet_recplot,12,complexity,0.5622904340894065
42,effnet_recplot,13,faithfulness,0.013693839311599731
42,effnet_recplot,13,robustness,2.521209716796875
42,effnet_recplot,13,complexity,0.6529630806957706
42,effnet_recplot,14,faithfulness,0.04015877842903137
42,effnet_recplot,14,robustness,1.6305780410766602
42,effnet_recplot,14,complexity,0.6353380454846913
42,effnet_recplot,15,faithfulness,-0.4862300753593445
42,effnet_recplot,15,robustness,1.169990062713623
42,effnet_recplot,15,complexity,0.48272815379080997
42,effnet_recplot,16,faithfulness,-0.08095008134841919
42,effnet_recplot,16,robustness,1.0224381685256958
42,effnet_recplot,16,complexity,0.49897912170879405
42,effnet_recplot,17,faithfulness,0.24475881457328796
42,effnet_recplot,17,robustness,31.198591232299805
42,effnet_recplot,17,complexity,0.6378771622192071
42,effnet_recplot,18,faithfulness,0.5292731523513794
42,effnet_recplot,18,robustness,10.844741821289062
42,effnet_recplot,18,complexity,0.5667189496147731
42,effnet_recplot,19,faithfulness,0.30451449751853943
42,effnet_recplot,19,robustness,2.661268472671509
42,effnet_recplot,19,complexity,0.5424885994963393
42,effnet_recplot,20,faithfulness,-0.48049116134643555
42,effnet_recplot,20,robustness,246.7350311279297
42,effnet_recplot,20,complexity,0.5077063883623735
42,effnet_recplot,21,faithfulness,-0.05700134485960007
42,effnet_recplot,21,robustness,14.43889331817627
42,effnet_recplot,21,complexity,0.6000186933649929
42,effnet_recplot,22,faithfulness,0.09267809987068176
42,effnet_recplot,22,robustness,22.40106964111328
42,effnet_recplot,22,complexity,0.6179154655626689
42,effnet_recplot,23,faithfulness,0.11909922957420349
42,effnet_recplot,23,robustness,19.702329635620117
42,effnet_recplot,23,complexity,0.613460706685224
42,effnet_recplot,24,faithfulness,-0.2674422860145569
42,effnet_recplot,24,robustness,5.140227794647217
42,effnet_recplot,24,complexity,0.5549164369259318
42,effnet_recplot,25,faithfulness,-0.027836333960294724
42,effnet_recplot,25,robustness,1.0011454820632935
42,effnet_recplot,25,complexity,0.5367794407661701
42,effnet_recplot,26,faithfulness,0.10465454310178757
42,effnet_recplot,26,robustness,14.592811584472656
42,effnet_recplot,26,complexity,0.5152052451374461
42,effnet_recplot,27,faithfulness,-0.1493644118309021
42,effnet_recplot,27,robustness,102.8663101196289
42,effnet_recplot,27,complexity,0.6156306091388488
42,effnet_recplot,28,faithfulness,-0.05376644805073738
42,effnet_recplot,28,robustness,18.901565551757812
42,effnet_recplot,28,complexity,0.49544986218916687
42,effnet_recplot,29,faithfulness,-0.04279901459813118
42,effnet_recplot,29,robustness,1.086843490600586
42,effnet_recplot,29,complexity,0.595012985978916
42,effnet_recplot,30,faithfulness,0.15169882774353027
42,effnet_recplot,30,robustness,55.58457946777344
42,effnet_recplot,30,complexity,0.5741093700693528
42,effnet_recplot,31,faithfulness,-0.026123754680156708
42,effnet_recplot,31,robustness,25.831811904907227
42,effnet_recplot,31,complexity,0.6540928031758344
42,effnet_recplot,32,faithfulness,-0.05215896666049957
42,effnet_recplot,32,robustness,28.95612907409668
42,effnet_recplot,32,complexity,0.6408041411559133
42,effnet_recplot,33,faithfulness,0.1254848688840866
42,effnet_recplot,33,robustness,9.759919166564941
42,effnet_recplot,33,complexity,0.6525826506101408
42,effnet_recplot,34,faithfulness,0.201134592294693
42,effnet_recplot,34,robustness,7.818729877471924
42,effnet_recplot,34,complexity,0.5480501621534919
42,effnet_recplot,35,faithfulness,-0.5006258487701416
42,effnet_recplot,35,robustness,110.3809585571289
42,effnet_recplot,35,complexity,0.5634889188891048
42,effnet_recplot,36,faithfulness,0.05961009860038757
42,effnet_recplot,36,robustness,39.69630432128906
42,effnet_recplot,36,complexity,0.5446419400085117
42,effnet_recplot,37,faithfulness,-0.14424242079257965
42,effnet_recplot,37,robustness,12.223221778869629
42,effnet_recplot,37,complexity,0.6642832574587539
42,effnet_recplot,38,faithfulness,-0.17008233070373535
42,effnet_recplot,38,robustness,30.921480178833008
42,effnet_recplot,38,complexity,0.49427465000208715
42,effnet_recplot,39,faithfulness,-0.06913451850414276
42,effnet_recplot,39,robustness,1.749320387840271
42,effnet_recplot,39,complexity,0.586135047660098
42,effnet_recplot,40,faithfulness,0.05863583832979202
42,effnet_recplot,40,robustness,114.52537536621094
42,effnet_recplot,40,complexity,0.4940171889856704
42,effnet_recplot,41,faithfulness,-0.04000921547412872
42,effnet_recplot,41,robustness,5.1364665031433105
42,effnet_recplot,41,complexity,0.6223374739158157
42,effnet_recplot,42,faithfulness,0.24440738558769226
42,effnet_recplot,42,robustness,2.4766550064086914
42,effnet_recplot,42,complexity,0.604357512754813
42,effnet_recplot,43,faithfulness,-0.06234286352992058
42,effnet_recplot,43,robustness,728.90087890625
42,effnet_recplot,43,complexity,0.5940300558362773
42,effnet_recplot,44,faithfulness,0.18329103291034698
42,effnet_recplot,44,robustness,135.73318481445312
42,effnet_recplot,44,complexity,0.48474971715681653
42,effnet_recplot,45,faithfulness,-0.21186476945877075
42,effnet_recplot,45,robustness,387.95660400390625
42,effnet_recplot,45,complexity,0.5471086083494408
42,effnet_recplot,46,faithfulness,0.10023319721221924
42,effnet_recplot,46,robustness,1.0968040227890015
42,effnet_recplot,46,complexity,0.4758736061574126
42,effnet_recplot,47,faithfulness,-0.30888456106185913
42,effnet_recplot,47,robustness,109.6884536743164
42,effnet_recplot,47,complexity,0.6504586275939179
42,effnet_recplot,48,faithfulness,0.14127330482006073
42,effnet_recplot,48,robustness,9.111246109008789
42,effnet_recplot,48,complexity,0.5547662403459802
42,effnet_recplot,49,faithfulness,0.13525483012199402
42,effnet_recplot,49,robustness,15.545223236083984
42,effnet_recplot,49,complexity,0.5012656424347652
42,effnet_recplot,50,faithfulness,-0.003992550075054169
42,effnet_recplot,50,robustness,1.115623116493225
42,effnet_recplot,50,complexity,0.6300667105481575
42,effnet_recplot,51,faithfulness,0.018335502594709396
42,effnet_recplot,51,robustness,429.6265563964844
42,effnet_recplot,51,complexity,0.5581622981630703
42,effnet_recplot,52,faithfulness,0.39400845766067505
42,effnet_recplot,52,robustness,1310.9132080078125
42,effnet_recplot,52,complexity,0.5130142618823056
42,effnet_recplot,53,faithfulness,-0.29515212774276733
42,effnet_recplot,53,robustness,146.54742431640625
42,effnet_recplot,53,complexity,0.6085281035031063
42,effnet_recplot,54,faithfulness,-0.12298630177974701
42,effnet_recplot,54,robustness,6.658018112182617
42,effnet_recplot,54,complexity,0.5534741452112052
42,effnet_recplot,55,faithfulness,-0.07904272526502609
42,effnet_recplot,55,robustness,170.4991455078125
42,effnet_recplot,55,complexity,0.6344570818844664
42,effnet_recplot,56,faithfulness,0.007403120398521423
42,effnet_recplot,56,robustness,3.5326640605926514
42,effnet_recplot,56,complexity,0.539731977504152
42,effnet_recplot,57,faithfulness,-0.23313908278942108
42,effnet_recplot,57,robustness,72.96800231933594
42,effnet_recplot,57,complexity,0.632876650462363
42,effnet_recplot,58,faithfulness,-0.21306295692920685
42,effnet_recplot,58,robustness,39.455039978027344
42,effnet_recplot,58,complexity,0.5276849337433691
65,mobilenet_orig,0,faithfulness,-0.1798495650291443
65,mobilenet_orig,0,robustness,1.959909439086914
65,mobilenet_orig,0,complexity,0.6376650149366203
65,mobilenet_orig,1,faithfulness,-0.21662886440753937
65,mobilenet_orig,1,robustness,2.301319122314453
65,mobilenet_orig,1,complexity,0.5793762503099136
65,mobilenet_orig,2,faithfulness,0.0960199311375618
65,mobilenet_orig,2,robustness,1.5045000314712524
65,mobilenet_orig,2,complexity,0.6145940099166894
65,mobilenet_orig,3,faithfulness,0.2400195598602295
65,mobilenet_orig,3,robustness,2.043381929397583
65,mobilenet_orig,3,complexity,0.6007920026567248
65,mobilenet_orig,4,faithfulness,0.0423692911863327
65,mobilenet_orig,4,robustness,2.342650890350342
65,mobilenet_orig,4,complexity,0.5574394375863682
65,mobilenet_orig,5,faithfulness,0.00964205339550972
65,mobilenet_orig,5,robustness,1.6947462558746338
65,mobilenet_orig,5,complexity,0.6100730381646513
65,mobilenet_orig,6,faithfulness,0.13672491908073425
65,mobilenet_orig,6,robustness,1.8641552925109863
65,mobilenet_orig,6,complexity,0.5883379843789185
65,mobilenet_orig,7,faithfulness,0.06125815212726593
65,mobilenet_orig,7,robustness,2.1213736534118652
65,mobilenet_orig,7,complexity,0.5960637199102798
65,mobilenet_orig,8,faithfulness,0.3156827390193939
65,mobilenet_orig,8,robustness,2.4109790325164795
65,mobilenet_orig,8,complexity,0.5660293654744986
65,mobilenet_orig,9,faithfulness,-0.09145773947238922
65,mobilenet_orig,9,robustness,1.8261748552322388
65,mobilenet_orig,9,complexity,0.6118851397849783
65,mobilenet_orig,10,faithfulness,-0.04586778208613396
65,mobilenet_orig,10,robustness,1.7493048906326294
65,mobilenet_orig,10,complexity,0.5877738007166174
65,mobilenet_orig,11,faithfulness,0.17509610950946808
65,mobilenet_orig,11,robustness,2.011254072189331
65,mobilenet_orig,11,complexity,0.5937978902502334
65,mobilenet_orig,12,faithfulness,0.2398184835910797
65,mobilenet_orig,12,robustness,1.4710400104522705
65,mobilenet_orig,12,complexity,0.6137756902151125
65,mobilenet_orig,13,faithfulness,-0.1342136561870575
65,mobilenet_orig,13,robustness,2.2919719219207764
65,mobilenet_orig,13,complexity,0.5789164534315728
65,mobilenet_orig,14,faithfulness,-0.05823851376771927
65,mobilenet_orig,14,robustness,1.5908821821212769
65,mobilenet_orig,14,complexity,0.5703746554370803
65,mobilenet_orig,15,faithfulness,0.16110552847385406
65,mobilenet_orig,15,robustness,2.245328426361084
65,mobilenet_orig,15,complexity,0.5739418822551638
65,mobilenet_orig,16,faithfulness,-0.0133243128657341
65,mobilenet_orig,16,robustness,1.9368362426757812
65,mobilenet_orig,16,complexity,0.5653810330070524
65,mobilenet_orig,17,faithfulness,-0.18848998844623566
65,mobilenet_orig,17,robustness,1.9903597831726074
65,mobilenet_orig,17,complexity,0.57669008043055
65,mobilenet_orig,18,faithfulness,0.10592436790466309
65,mobilenet_orig,18,robustness,1.9906343221664429
65,mobilenet_orig,18,complexity,0.5574737853154104
65,mobilenet_orig,19,faithfulness,0.11794453114271164
65,mobilenet_orig,19,robustness,2.1323893070220947
65,mobilenet_orig,19,complexity,0.5573271215885756
65,mobilenet_orig,20,faithfulness,-0.05082402005791664
65,mobilenet_orig,20,robustness,2.101527452468872
65,mobilenet_orig,20,complexity,0.593063343992664
65,mobilenet_orig,21,faithfulness,0.20029151439666748
65,mobilenet_orig,21,robustness,2.0282669067382812
65,mobilenet_orig,21,complexity,0.5768833676380166
65,mobilenet_orig,22,faithfulness,0.05662238597869873
65,mobilenet_orig,22,robustness,1.981586217880249
65,mobilenet_orig,22,complexity,0.5655947538065967
65,mobilenet_orig,23,faithfulness,-0.048907846212387085
65,mobilenet_orig,23,robustness,1.8614009618759155
65,mobilenet_orig,23,complexity,0.5485472633401414
65,mobilenet_orig,24,faithfulness,0.12731778621673584
65,mobilenet_orig,24,robustness,2.0063774585723877
65,mobilenet_orig,24,complexity,0.5683782048744882
65,mobilenet_orig,25,faithfulness,0.2557089626789093
65,mobilenet_orig,25,robustness,1.725201964378357
65,mobilenet_orig,25,complexity,0.5871624172148424
65,mobilenet_orig,26,faithfulness,0.06207758188247681
65,mobilenet_orig,26,robustness,1.983274221420288
65,mobilenet_orig,26,complexity,0.5781896400991613
65,mobilenet_orig,27,faithfulness,-0.04384366422891617
65,mobilenet_orig,27,robustness,1.951339602470398
65,mobilenet_orig,27,complexity,0.5855916073764645
65,mobilenet_orig,28,faithfulness,0.1347627341747284
65,mobilenet_orig,28,robustness,2.236926555633545
65,mobilenet_orig,28,complexity,0.5719480474322945
65,mobilenet_orig,29,faithfulness,0.2790769338607788
65,mobilenet_orig,29,robustness,2.419761896133423
65,mobilenet_orig,29,complexity,0.5623002703983594
65,mobilenet_orig,30,faithfulness,-0.0844656303524971
65,mobilenet_orig,30,robustness,1.8141165971755981
65,mobilenet_orig,30,complexity,0.5484109780165421
65,mobilenet_orig,31,faithfulness,0.23510976135730743
65,mobilenet_orig,31,robustness,2.082955837249756
65,mobilenet_orig,31,complexity,0.604995285087135
65,mobilenet_orig,32,faithfulness,-0.06893332302570343
65,mobilenet_orig,32,robustness,1.5357651710510254
65,mobilenet_orig,32,complexity,0.5863010520406334
65,mobilenet_orig,33,faithfulness,0.24464842677116394
65,mobilenet_orig,33,robustness,1.7581233978271484
65,mobilenet_orig,33,complexity,0.5848785787912759
65,mobilenet_orig,34,faithfulness,-0.09939661622047424
65,mobilenet_orig,34,robustness,2.06313157081604
65,mobilenet_orig,34,complexity,0.5426965772612933
65,mobilenet_orig,35,faithfulness,0.1094912737607956
65,mobilenet_orig,35,robustness,1.8509762287139893
65,mobilenet_orig,35,complexity,0.578111757835437
65,mobilenet_orig,36,faithfulness,-0.055551961064338684
65,mobilenet_orig,36,robustness,1.758294939994812
65,mobilenet_orig,36,complexity,0.5583354490288137
65,mobilenet_orig,37,faithfulness,0.09896045923233032
65,mobilenet_orig,37,robustness,1.7416043281555176
65,mobilenet_orig,37,complexity,0.5658259929643376
65,mobilenet_orig,38,faithfulness,0.33971232175827026
65,mobilenet_orig,38,robustness,2.3915019035339355
65,mobilenet_orig,38,complexity,0.6015348914374664
65,mobilenet_orig,39,faithfulness,0.3580591678619385
65,mobilenet_orig,39,robustness,2.7233641147613525
65,mobilenet_orig,39,complexity,0.5841934728516044
65,mobilenet_orig,40,faithfulness,0.054450660943984985
65,mobilenet_orig,40,robustness,2.287919044494629
65,mobilenet_orig,40,complexity,0.5677705590225766
65,mobilenet_orig,41,faithfulness,-0.06990692764520645
65,mobilenet_orig,41,robustness,2.116492748260498
65,mobilenet_orig,41,complexity,0.575867681004027
65,mobilenet_orig,42,faithfulness,0.3111005425453186
65,mobilenet_orig,42,robustness,1.9751811027526855
65,mobilenet_orig,42,complexity,0.5770213238850812
65,mobilenet_orig,43,faithfulness,0.06506554782390594
65,mobilenet_orig,43,robustness,2.7088234424591064
65,mobilenet_orig,43,complexity,0.5577006836695616
65,mobilenet_orig,44,faithfulness,0.1261296570301056
65,mobilenet_orig,44,robustness,2.691987991333008
65,mobilenet_orig,44,complexity,0.5548322273699245
65,mobilenet_orig,45,faithfulness,-0.1183215007185936
65,mobilenet_orig,45,robustness,2.0650863647460938
65,mobilenet_orig,45,complexity,0.5578993074693426
65,mobilenet_orig,46,faithfulness,0.2839760184288025
65,mobilenet_orig,46,robustness,2.865954875946045
65,mobilenet_orig,46,complexity,0.5683942615230099
65,mobilenet_orig,47,faithfulness,0.12213171273469925
65,mobilenet_orig,47,robustness,2.1851608753204346
65,mobilenet_orig,47,complexity,0.6160035276054248
65,mobilenet_orig,48,faithfulness,-0.039867009967565536
65,mobilenet_orig,48,robustness,1.8854305744171143
65,mobilenet_orig,48,complexity,0.6135374812322778
65,mobilenet_orig,49,faithfulness,0.23533037304878235
65,mobilenet_orig,49,robustness,1.7942246198654175
65,mobilenet_orig,49,complexity,0.5731320345888956
65,mobilenet_orig,50,faithfulness,0.17680571973323822
65,mobilenet_orig,50,robustness,1.9087626934051514
65,mobilenet_orig,50,complexity,0.623061452737923
65,mobilenet_orig,51,faithfulness,0.1405562162399292
65,mobilenet_orig,51,robustness,1.8173013925552368
65,mobilenet_orig,51,complexity,0.6023025267268758
65,mobilenet_orig,52,faithfulness,-0.22997887432575226
65,mobilenet_orig,52,robustness,2.1793134212493896
65,mobilenet_orig,52,complexity,0.5706543151622346
65,mobilenet_orig,53,faithfulness,0.04488010331988335
65,mobilenet_orig,53,robustness,1.969115138053894
65,mobilenet_orig,53,complexity,0.6124736276607037
65,mobilenet_orig,54,faithfulness,0.2570633888244629
65,mobilenet_orig,54,robustness,1.9536314010620117
65,mobilenet_orig,54,complexity,0.5864134279058497
65,mobilenet_orig,55,faithfulness,-0.08358103036880493
65,mobilenet_orig,55,robustness,1.8058583736419678
65,mobilenet_orig,55,complexity,0.592559715165017
65,mobilenet_orig,56,faithfulness,0.13560761511325836
65,mobilenet_orig,56,robustness,2.054405689239502
65,mobilenet_orig,56,complexity,0.5788029945107505
65,mobilenet_orig,57,faithfulness,0.31559988856315613
65,mobilenet_orig,57,robustness,2.1845624446868896
65,mobilenet_orig,57,complexity,0.5626871020142008
65,mobilenet_orig,58,faithfulness,-0.015924368053674698
65,mobilenet_orig,58,robustness,1.6770700216293335
65,mobilenet_orig,58,complexity,0.5684082892170379
65,mobilenet_recplot,0,faithfulness,-0.07149571180343628
65,mobilenet_recplot,0,robustness,2.372581720352173
65,mobilenet_recplot,0,complexity,0.6063099333899271
65,mobilenet_recplot,1,faithfulness,0.22892031073570251
65,mobilenet_recplot,1,robustness,1.8659067153930664
65,mobilenet_recplot,1,complexity,0.6244591800130627
65,mobilenet_recplot,2,faithfulness,-0.04159536212682724
65,mobilenet_recplot,2,robustness,1.5533603429794312
65,mobilenet_recplot,2,complexity,0.7098624365907968
65,mobilenet_recplot,3,faithfulness,-0.10510355234146118
65,mobilenet_recplot,3,robustness,1.7477269172668457
65,mobilenet_recplot,3,complexity,0.6084567636387367
65,mobilenet_recplot,4,faithfulness,-0.058502331376075745
65,mobilenet_recplot,4,robustness,2.0490400791168213
65,mobilenet_recplot,4,complexity,0.7058843028103332
65,mobilenet_recplot,5,faithfulness,-0.16529788076877594
65,mobilenet_recplot,5,robustness,1.4454004764556885
65,mobilenet_recplot,5,complexity,0.7290473726174047
65,mobilenet_recplot,6,faithfulness,0.14066901803016663
65,mobilenet_recplot,6,robustness,1.515080213546753
65,mobilenet_recplot,6,complexity,0.717101099533432
65,mobilenet_recplot,7,faithfulness,0.347423791885376
65,mobilenet_recplot,7,robustness,1.1341986656188965
65,mobilenet_recplot,7,complexity,0.5806964117452488
65,mobilenet_recplot,8,faithfulness,0.06846515834331512
65,mobilenet_recplot,8,robustness,1.4774240255355835
65,mobilenet_recplot,8,complexity,0.6093193741424262
65,mobilenet_recplot,9,faithfulness,0.040327973663806915
65,mobilenet_recplot,9,robustness,1.900932788848877
65,mobilenet_recplot,9,complexity,0.621557043246178
65,mobilenet_recplot,10,faithfulness,-0.14412057399749756
65,mobilenet_recplot,10,robustness,1.405356764793396
65,mobilenet_recplot,10,complexity,0.7656636673586662
65,mobilenet_recplot,11,faithfulness,-0.28366273641586304
65,mobilenet_recplot,11,robustness,1.6242084503173828
65,mobilenet_recplot,11,complexity,0.6661395124974252
65,mobilenet_recplot,12,faithfulness,0.01189865916967392
65,mobilenet_recplot,12,robustness,1.7090388536453247
65,mobilenet_recplot,12,complexity,0.677356397159406
65,mobilenet_recplot,13,faithfulness,-0.00547068752348423
65,mobilenet_recplot,13,robustness,3.0126726627349854
65,mobilenet_recplot,13,complexity,0.6432323106241808
65,mobilenet_recplot,14,faithfulness,-0.344978928565979
65,mobilenet_recplot,14,robustness,1.4050142765045166
65,mobilenet_recplot,14,complexity,0.6990879511133395
65,mobilenet_recplot,15,faithfulness,0.05112757906317711
65,mobilenet_recplot,15,robustness,1.449245810508728
65,mobilenet_recplot,15,complexity,0.5919424463257206
65,mobilenet_recplot,16,faithfulness,-0.20766285061836243
65,mobilenet_recplot,16,robustness,1.607990026473999
65,mobilenet_recplot,16,complexity,0.5650977626807914
65,mobilenet_recplot,17,faithfulness,0.07776326686143875
65,mobilenet_recplot,17,robustness,1.6705560684204102
65,mobilenet_recplot,17,complexity,0.7195831379773746
65,mobilenet_recplot,18,faithfulness,-0.19902761280536652
65,mobilenet_recplot,18,robustness,1.2649860382080078
65,mobilenet_recplot,18,complexity,0.5588259172140679
65,mobilenet_recplot,19,faithfulness,-0.3885692358016968
65,mobilenet_recplot,19,robustness,1.5410674810409546
65,mobilenet_recplot,19,complexity,0.6058789396489007
65,mobilenet_recplot,20,faithfulness,0.08723405003547668
65,mobilenet_recplot,20,robustness,1.0863265991210938
65,mobilenet_recplot,20,complexity,0.5755362141511848
65,mobilenet_recplot,21,faithfulness,-0.14773474633693695
65,mobilenet_recplot,21,robustness,1.3837101459503174
65,mobilenet_recplot,21,complexity,0.6221034719054834
65,mobilenet_recplot,22,faithfulness,0.007377665489912033
65,mobilenet_recplot,22,robustness,1.5166785717010498
65,mobilenet_recplot,22,complexity,0.6847931770970668
65,mobilenet_recplot,23,faithfulness,0.020915988832712173
65,mobilenet_recplot,23,robustness,1.453780174255371
65,mobilenet_recplot,23,complexity,0.6902633589926283
65,mobilenet_recplot,24,faithfulness,-0.20851777493953705
65,mobilenet_recplot,24,robustness,1.8655661344528198
65,mobilenet_recplot,24,complexity,0.651964942543834
65,mobilenet_recplot,25,faithfulness,-0.09967799484729767
65,mobilenet_recplot,25,robustness,2.078307628631592
65,mobilenet_recplot,25,complexity,0.6415312266857774
65,mobilenet_recplot,26,faithfulness,-0.16468530893325806
65,mobilenet_recplot,26,robustness,1.7346380949020386
65,mobilenet_recplot,26,complexity,0.5764415435645056
65,mobilenet_recplot,27,faithfulness,-0.15521802008152008
65,mobilenet_recplot,27,robustness,1.711387038230896
65,mobilenet_recplot,27,complexity,0.6431493073436816
65,mobilenet_recplot,28,faithfulness,0.25644004344940186
65,mobilenet_recplot,28,robustness,1.1833770275115967
65,mobilenet_recplot,28,complexity,0.5891366101400559
65,mobilenet_recplot,29,faithfulness,0.006183907389640808
65,mobilenet_recplot,29,robustness,1.2049477100372314
65,mobilenet_recplot,29,complexity,0.6405836554308187
65,mobilenet_recplot,30,faithfulness,0.0011682100594043732
65,mobilenet_recplot,30,robustness,1.7860106229782104
65,mobilenet_recplot,30,complexity,0.6323332984463799
65,mobilenet_recplot,31,faithfulness,-0.22937887907028198
65,mobilenet_recplot,31,robustness,1.8532224893569946
65,mobilenet_recplot,31,complexity,0.6465117689001578
65,mobilenet_recplot,32,faithfulness,0.30720749497413635
65,mobilenet_recplot,32,robustness,2.1220200061798096
65,mobilenet_recplot,32,complexity,0.6481371019631081
65,mobilenet_recplot,33,faithfulness,0.044473305344581604
65,mobilenet_recplot,33,robustness,2.722137928009033
65,mobilenet_recplot,33,complexity,0.6358306600662321
65,mobilenet_recplot,34,faithfulness,-0.1016874611377716
65,mobilenet_recplot,34,robustness,1.7948622703552246
65,mobilenet_recplot,34,complexity,0.6435320973849853
65,mobilenet_recplot,35,faithfulness,-0.36973410844802856
65,mobilenet_recplot,35,robustness,1.686874508857727
65,mobilenet_recplot,35,complexity,0.6290908771572317
65,mobilenet_recplot,36,faithfulness,-0.24049174785614014
65,mobilenet_recplot,36,robustness,1.716443419456482
65,mobilenet_recplot,36,complexity,0.6181048530694477
65,mobilenet_recplot,37,faithfulness,0.11824116110801697
65,mobilenet_recplot,37,robustness,1.2703397274017334
65,mobilenet_recplot,37,complexity,0.7220862370542349
65,mobilenet_recplot,38,faithfulness,0.09338311851024628
65,mobilenet_recplot,38,robustness,1.4205870628356934
65,mobilenet_recplot,38,complexity,0.5767089504584187
65,mobilenet_recplot,39,faithfulness,-0.08219125866889954
65,mobilenet_recplot,39,robustness,1.2665127515792847
65,mobilenet_recplot,39,complexity,0.5736694191938643
65,mobilenet_recplot,40,faithfulness,0.2267267107963562
65,mobilenet_recplot,40,robustness,1.0347694158554077
65,mobilenet_recplot,40,complexity,0.6250350426806249
65,mobilenet_recplot,41,faithfulness,0.16734832525253296
65,mobilenet_recplot,41,robustness,1.6908358335494995
65,mobilenet_recplot,41,complexity,0.6012244899700516
65,mobilenet_recplot,42,faithfulness,-0.14802414178848267
65,mobilenet_recplot,42,robustness,1.3685944080352783
65,mobilenet_recplot,42,complexity,0.6552550940334622
65,mobilenet_recplot,43,faithfulness,0.24394552409648895
65,mobilenet_recplot,43,robustness,1.2668083906173706
65,mobilenet_recplot,43,complexity,0.6948865296666428
65,mobilenet_recplot,44,faithfulness,0.0791153758764267
65,mobilenet_recplot,44,robustness,1.1541447639465332
65,mobilenet_recplot,44,complexity,0.5492651085236928
65,mobilenet_recplot,45,faithfulness,-0.3218172788619995
65,mobilenet_recplot,45,robustness,1.5161490440368652
65,mobilenet_recplot,45,complexity,0.6626292994456896
65,mobilenet_recplot,46,faithfulness,-0.10160668194293976
65,mobilenet_recplot,46,robustness,1.1402716636657715
65,mobilenet_recplot,46,complexity,0.6031894183652947
65,mobilenet_recplot,47,faithfulness,0.419536292552948
65,mobilenet_recplot,47,robustness,2.7784078121185303
65,mobilenet_recplot,47,complexity,0.6672193579903798
65,mobilenet_recplot,48,faithfulness,-0.2166973203420639
65,mobilenet_recplot,48,robustness,2.6131412982940674
65,mobilenet_recplot,48,complexity,0.674823258437008
65,mobilenet_recplot,49,faithfulness,-0.3273175060749054
65,mobilenet_recplot,49,robustness,2.000596523284912
65,mobilenet_recplot,49,complexity,0.5733156232843002
65,mobilenet_recplot,50,faithfulness,0.08701871335506439
65,mobilenet_recplot,50,robustness,2.4371414184570312
65,mobilenet_recplot,50,complexity,0.6155566274618236
65,mobilenet_recplot,51,faithfulness,-0.08963855355978012
65,mobilenet_recplot,51,robustness,2.279120445251465
65,mobilenet_recplot,51,complexity,0.6216207918462741
65,mobilenet_recplot,52,faithfulness,0.08898542821407318
65,mobilenet_recplot,52,robustness,2.530841827392578
65,mobilenet_recplot,52,complexity,0.5778084157268291
65,mobilenet_recplot,53,faithfulness,-0.13121291995048523
65,mobilenet_recplot,53,robustness,2.0530145168304443
65,mobilenet_recplot,53,complexity,0.6667928855170872
65,mobilenet_recplot,54,faithfulness,0.012202709913253784
65,mobilenet_recplot,54,robustness,1.988520622253418
65,mobilenet_recplot,54,complexity,0.6620311020432785
65,mobilenet_recplot,55,faithfulness,-0.28874045610427856
65,mobilenet_recplot,55,robustness,2.886744260787964
65,mobilenet_recplot,55,complexity,0.6815002774035411
65,mobilenet_recplot,56,faithfulness,-0.1835731863975525
65,mobilenet_recplot,56,robustness,1.4817070960998535
65,mobilenet_recplot,56,complexity,0.6026077759157994
65,mobilenet_recplot,57,faithfulness,-0.01660536229610443
65,mobilenet_recplot,57,robustness,3.2075631618499756
65,mobilenet_recplot,57,complexity,0.6184339798681808
65,mobilenet_recplot,58,faithfulness,0.10886543989181519
65,mobilenet_recplot,58,robustness,2.5246779918670654
65,mobilenet_recplot,58,complexity,0.6084631794749662
65,effnet_orig,0,faithfulness,0.315183162689209
65,effnet_orig,0,robustness,1.743302822113037
65,effnet_orig,0,complexity,0.5442782925005607
65,effnet_orig,1,faithfulness,-0.18518999218940735
65,effnet_orig,1,robustness,1.4568533897399902
65,effnet_orig,1,complexity,0.5493585715282997
65,effnet_orig,2,faithfulness,0.2229570895433426
65,effnet_orig,2,robustness,1.322960615158081
65,effnet_orig,2,complexity,0.5641330063878011
65,effnet_orig,3,faithfulness,0.19406986236572266
65,effnet_orig,3,robustness,1.3202933073043823
65,effnet_orig,3,complexity,0.5632916942359426
65,effnet_orig,4,faithfulness,0.380208820104599
65,effnet_orig,4,robustness,1.483722448348999
65,effnet_orig,4,complexity,0.547314687786351
65,effnet_orig,5,faithfulness,-0.09532934427261353
65,effnet_orig,5,robustness,1.734189748764038
65,effnet_orig,5,complexity,0.5689725989632722
65,effnet_orig,6,faithfulness,0.1318056881427765
65,effnet_orig,6,robustness,1.7265890836715698
65,effnet_orig,6,complexity,0.5653696431515023
65,effnet_orig,7,faithfulness,0.31488779187202454
65,effnet_orig,7,robustness,1.3910785913467407
65,effnet_orig,7,complexity,0.5399766312181028
65,effnet_orig,8,faithfulness,0.17314770817756653
65,effnet_orig,8,robustness,1.39005446434021
65,effnet_orig,8,complexity,0.56551338724098
65,effnet_orig,9,faithfulness,0.3077155351638794
65,effnet_orig,9,robustness,1.162787914276123
65,effnet_orig,9,complexity,0.5475017645244746
65,effnet_orig,10,faithfulness,0.10766620934009552
65,effnet_orig,10,robustness,1.529418706893921
65,effnet_orig,10,complexity,0.5769988679371938
65,effnet_orig,11,faithfulness,0.1278751641511917
65,effnet_orig,11,robustness,1.6868059635162354
65,effnet_orig,11,complexity,0.5347174953941809
65,effnet_orig,12,faithfulness,0.3049237132072449
65,effnet_orig,12,robustness,1.7412782907485962
65,effnet_orig,12,complexity,0.5556524124898246
65,effnet_orig,13,faithfulness,0.10937267541885376
65,effnet_orig,13,robustness,1.5812249183654785
65,effnet_orig,13,complexity,0.5382497314951016
65,effnet_orig,14,faithfulness,-0.01556020975112915
65,effnet_orig,14,robustness,1.5397971868515015
65,effnet_orig,14,complexity,0.5393588903959913
65,effnet_orig,15,faithfulness,0.10440967977046967
65,effnet_orig,15,robustness,1.343458890914917
65,effnet_orig,15,complexity,0.5384901246026409
65,effnet_orig,16,faithfulness,-0.26710525155067444
65,effnet_orig,16,robustness,1.3343279361724854
65,effnet_orig,16,complexity,0.5473424636161334
65,effnet_orig,17,faithfulness,0.0940193235874176
65,effnet_orig,17,robustness,1.730155348777771
65,effnet_orig,17,complexity,0.5422457696170053
65,effnet_orig,18,faithfulness,0.19238883256912231
65,effnet_orig,18,robustness,1.324997067451477
65,effnet_orig,18,complexity,0.5338159232028653
65,effnet_orig,19,faithfulness,0.22616970539093018
65,effnet_orig,19,robustness,1.1102603673934937
65,effnet_orig,19,complexity,0.5652233537209482
65,effnet_orig,20,faithfulness,0.20800773799419403
65,effnet_orig,20,robustness,1.7181679010391235
65,effnet_orig,20,complexity,0.570823033568449
65,effnet_orig,21,faithfulness,0.05273931846022606
65,effnet_orig,21,robustness,1.5276540517807007
65,effnet_orig,21,complexity,0.5778514833193281
65,effnet_orig,22,faithfulness,0.07965034246444702
65,effnet_orig,22,robustness,1.6490150690078735
65,effnet_orig,22,complexity,0.5701412317036026
65,effnet_orig,23,faithfulness,0.3313331604003906
65,effnet_orig,23,robustness,1.4417414665222168
65,effnet_orig,23,complexity,0.5544019344399096
65,effnet_orig,24,faithfulness,0.3841799795627594
65,effnet_orig,24,robustness,1.1441540718078613
65,effnet_orig,24,complexity,0.5972835523271623
65,effnet_orig,25,faithfulness,0.17089566588401794
65,effnet_orig,25,robustness,1.1734962463378906
65,effnet_orig,25,complexity,0.5662746844032348
65,effnet_orig,26,faithfulness,0.3522319495677948
65,effnet_orig,26,robustness,1.3044458627700806
65,effnet_orig,26,complexity,0.5399839342422478
65,effnet_orig,27,faithfulness,0.30279916524887085
65,effnet_orig,27,robustness,1.0895785093307495
65,effnet_orig,27,complexity,0.5892113352195065
65,effnet_orig,28,faithfulness,0.14018025994300842
65,effnet_orig,28,robustness,1.33852219581604
65,effnet_orig,28,complexity,0.5686276870588398
65,effnet_orig,29,faithfulness,0.13419829308986664
65,effnet_orig,29,robustness,1.2333139181137085
65,effnet_orig,29,complexity,0.562831258187335
65,effnet_orig,30,faithfulness,0.5799323320388794
65,effnet_orig,30,robustness,1.282865285873413
65,effnet_orig,30,complexity,0.5440571270650157
65,effnet_orig,31,faithfulness,0.12699225544929504
65,effnet_orig,31,robustness,1.4335286617279053
65,effnet_orig,31,complexity,0.5457331207685887
65,effnet_orig,32,faithfulness,0.03508871793746948
65,effnet_orig,32,robustness,1.3459126949310303
65,effnet_orig,32,complexity,0.5846047095387139
65,effnet_orig,33,faithfulness,0.12693652510643005
65,effnet_orig,33,robustness,1.330274224281311
65,effnet_orig,33,complexity,0.6200252673791545
65,effnet_orig,34,faithfulness,0.47978997230529785
65,effnet_orig,34,robustness,1.8769172430038452
65,effnet_orig,34,complexity,0.5458674814412964
65,effnet_orig,35,faithfulness,-0.03684552013874054
65,effnet_orig,35,robustness,1.349819302558899
65,effnet_orig,35,complexity,0.566411504962141
65,effnet_orig,36,faithfulness,0.051107533276081085
65,effnet_orig,36,robustness,2.030344009399414
65,effnet_orig,36,complexity,0.5292908991383385
65,effnet_orig,37,faithfulness,0.07798249274492264
65,effnet_orig,37,robustness,4.474043369293213
65,effnet_orig,37,complexity,0.5568914965913895
65,effnet_orig,38,faithfulness,0.43913745880126953
65,effnet_orig,38,robustness,1.344774842262268
65,effnet_orig,38,complexity,0.5445040244687269
65,effnet_orig,39,faithfulness,-0.06800200790166855
65,effnet_orig,39,robustness,1.3898204565048218
65,effnet_orig,39,complexity,0.5788283387935182
65,effnet_orig,40,faithfulness,0.25370413064956665
65,effnet_orig,40,robustness,1.6961069107055664
65,effnet_orig,40,complexity,0.5238880378065112
65,effnet_orig,41,faithfulness,-0.18692980706691742
65,effnet_orig,41,robustness,1.2799444198608398
65,effnet_orig,41,complexity,0.556450641547357
65,effnet_orig,42,faithfulness,0.06842362880706787
65,effnet_orig,42,robustness,1.6332793235778809
65,effnet_orig,42,complexity,0.5683969863730807
65,effnet_orig,43,faithfulness,-0.0394454225897789
65,effnet_orig,43,robustness,1.9044973850250244
65,effnet_orig,43,complexity,0.5308695825389853
65,effnet_orig,44,faithfulness,0.15062648057937622
65,effnet_orig,44,robustness,1.3936058282852173
65,effnet_orig,44,complexity,0.5565231641232894
65,effnet_orig,45,faithfulness,-0.039189860224723816
65,effnet_orig,45,robustness,1.8945577144622803
65,effnet_orig,45,complexity,0.5324440835769403
65,effnet_orig,46,faithfulness,0.15565107762813568
65,effnet_orig,46,robustness,1.57597815990448
65,effnet_orig,46,complexity,0.583669763052394
65,effnet_orig,47,faithfulness,0.11844225227832794
65,effnet_orig,47,robustness,1.2542165517807007
65,effnet_orig,47,complexity,0.573588609845556
65,effnet_orig,48,faithfulness,0.4356429874897003
65,effnet_orig,48,robustness,1.4560281038284302
65,effnet_orig,48,complexity,0.55302184341336
65,effnet_orig,49,faithfulness,0.24183478951454163
65,effnet_orig,49,robustness,1.3808025121688843
65,effnet_orig,49,complexity,0.5272598625862458
65,effnet_orig,50,faithfulness,0.07882460951805115
65,effnet_orig,50,robustness,1.3157837390899658
65,effnet_orig,50,complexity,0.5875890373782267
65,effnet_orig,51,faithfulness,0.09669758379459381
65,effnet_orig,51,robustness,1.2725812196731567
65,effnet_orig,51,complexity,0.575838199715685
65,effnet_orig,52,faithfulness,0.13695640861988068
65,effnet_orig,52,robustness,1.2403199672698975
65,effnet_orig,52,complexity,0.5638320336915537
65,effnet_orig,53,faithfulness,0.046060025691986084
65,effnet_orig,53,robustness,1.7531726360321045
65,effnet_orig,53,complexity,0.5757177359790453
65,effnet_orig,54,faithfulness,0.2132740020751953
65,effnet_orig,54,robustness,1.428318738937378
65,effnet_orig,54,complexity,0.550079909609095
65,effnet_orig,55,faithfulness,0.4622509479522705
65,effnet_orig,55,robustness,1.414102554321289
65,effnet_orig,55,complexity,0.5570658901865437
65,effnet_orig,56,faithfulness,-0.1815778762102127
65,effnet_orig,56,robustness,1.6671091318130493
65,effnet_orig,56,complexity,0.5561475515496048
65,effnet_orig,57,faithfulness,0.15342959761619568
65,effnet_orig,57,robustness,1.3286815881729126
65,effnet_orig,57,complexity,0.5784874158165341
65,effnet_orig,58,faithfulness,0.11119641363620758
65,effnet_orig,58,robustness,1.3096885681152344
65,effnet_orig,58,complexity,0.5525345339500606
65,effnet_recplot,0,faithfulness,-0.13675954937934875
65,effnet_recplot,0,robustness,927.5560913085938
65,effnet_recplot,0,complexity,0.556441378033193
65,effnet_recplot,1,faithfulness,0.10501396656036377
65,effnet_recplot,1,robustness,207.37266540527344
65,effnet_recplot,1,complexity,0.5602511301849304
65,effnet_recplot,2,faithfulness,0.10299883782863617
65,effnet_recplot,2,robustness,1021.3611450195312
65,effnet_recplot,2,complexity,0.6123375055178456
65,effnet_recplot,3,faithfulness,-0.06057826802134514
65,effnet_recplot,3,robustness,524.74365234375
65,effnet_recplot,3,complexity,0.5776246340488611
65,effnet_recplot,4,faithfulness,-0.1813373565673828
65,effnet_recplot,4,robustness,178.95687866210938
65,effnet_recplot,4,complexity,0.6240323712174446
65,effnet_recplot,5,faithfulness,-0.0700806975364685
65,effnet_recplot,5,robustness,1.0339651107788086
65,effnet_recplot,5,complexity,0.6188292999591799
65,effnet_recplot,6,faithfulness,-0.1739172488451004
65,effnet_recplot,6,robustness,24.336904525756836
65,effnet_recplot,6,complexity,0.6211420692732816
65,effnet_recplot,7,faithfulness,-0.0955318883061409
65,effnet_recplot,7,robustness,106.39331817626953
65,effnet_recplot,7,complexity,0.517133491910242
65,effnet_recplot,8,faithfulness,-0.11219146847724915
65,effnet_recplot,8,robustness,759.399169921875
65,effnet_recplot,8,complexity,0.552687566374638
65,effnet_recplot,9,faithfulness,-0.46285998821258545
65,effnet_recplot,9,robustness,8171.208984375
65,effnet_recplot,9,complexity,0.6091342883257916
65,effnet_recplot,10,faithfulness,-0.03688783943653107
65,effnet_recplot,10,robustness,399.96270751953125
65,effnet_recplot,10,complexity,0.6107066017290302
65,effnet_recplot,11,faithfulness,0.145786315202713
65,effnet_recplot,11,robustness,1078.2010498046875
65,effnet_recplot,11,complexity,0.6141147442036887
65,effnet_recplot,12,faithfulness,0.03280887007713318
65,effnet_recplot,12,robustness,86.3848876953125
65,effnet_recplot,12,complexity,0.6057250839416471
65,effnet_recplot,13,faithfulness,0.0440516471862793
65,effnet_recplot,13,robustness,107.18692779541016
65,effnet_recplot,13,complexity,0.6493474908699703
65,effnet_recplot,14,faithfulness,-0.0022135283797979355
65,effnet_recplot,14,robustness,75.67369079589844
65,effnet_recplot,14,complexity,0.6355579549978635
65,effnet_recplot,15,faithfulness,-0.29543957114219666
65,effnet_recplot,15,robustness,1332.919921875
65,effnet_recplot,15,complexity,0.5906543097895046
65,effnet_recplot,16,faithfulness,0.2696371078491211
65,effnet_recplot,16,robustness,188.31871032714844
65,effnet_recplot,16,complexity,0.5898473066448421
65,effnet_recplot,17,faithfulness,0.08665566146373749
65,effnet_recplot,17,robustness,104.72146606445312
65,effnet_recplot,17,complexity,0.6073634055349931
65,effnet_recplot,18,faithfulness,-0.004856206476688385
65,effnet_recplot,18,robustness,364.8259582519531
65,effnet_recplot,18,complexity,0.5337472901809188
65,effnet_recplot,19,faithfulness,-0.24177303910255432
65,effnet_recplot,19,robustness,37.04170227050781
65,effnet_recplot,19,complexity,0.5872403908322836
65,effnet_recplot,20,faithfulness,0.22947421669960022
65,effnet_recplot,20,robustness,5.803380489349365
65,effnet_recplot,20,complexity,0.5304709653470537
65,effnet_recplot,21,faithfulness,0.2938809394836426
65,effnet_recplot,21,robustness,342.4727478027344
65,effnet_recplot,21,complexity,0.623447537020382
65,effnet_recplot,22,faithfulness,0.17644190788269043
65,effnet_recplot,22,robustness,33.22019958496094
65,effnet_recplot,22,complexity,0.6199138972907865
65,effnet_recplot,23,faithfulness,0.025914698839187622
65,effnet_recplot,23,robustness,19.341066360473633
65,effnet_recplot,23,complexity,0.6119303208413746
65,effnet_recplot,24,faithfulness,-0.043383337557315826
65,effnet_recplot,24,robustness,37.33677291870117
65,effnet_recplot,24,complexity,0.6166748425292408
65,effnet_recplot,25,faithfulness,0.30433425307273865
65,effnet_recplot,25,robustness,388.2998962402344
65,effnet_recplot,25,complexity,0.5841238810590547
65,effnet_recplot,26,faithfulness,-0.05422746762633324
65,effnet_recplot,26,robustness,555.3118286132812
65,effnet_recplot,26,complexity,0.564225627657696
65,effnet_recplot,27,faithfulness,0.11976844817399979
65,effnet_recplot,27,robustness,1199.906982421875
65,effnet_recplot,27,complexity,0.6062058133266596
65,effnet_recplot,28,faithfulness,0.014491859823465347
65,effnet_recplot,28,robustness,450.27587890625
65,effnet_recplot,28,complexity,0.5387350922191118
65,effnet_recplot,29,faithfulness,-0.26885175704956055
65,effnet_recplot,29,robustness,1563.9317626953125
65,effnet_recplot,29,complexity,0.5630549670560255
65,effnet_recplot,30,faithfulness,-0.06771393120288849
65,effnet_recplot,30,robustness,354.0637512207031
65,effnet_recplot,30,complexity,0.6097203895215048
65,effnet_recplot,31,faithfulness,0.04920785501599312
65,effnet_recplot,31,robustness,320.58935546875
65,effnet_recplot,31,complexity,0.6203042830692833
65,effnet_recplot,32,faithfulness,0.06559045612812042
65,effnet_recplot,32,robustness,1156.4967041015625
65,effnet_recplot,32,complexity,0.6331115765768128
65,effnet_recplot,33,faithfulness,-0.10797595232725143
65,effnet_recplot,33,robustness,2181.47119140625
65,effnet_recplot,33,complexity,0.6053932793764475
65,effnet_recplot,34,faithfulness,0.05720601975917816
65,effnet_recplot,34,robustness,808.4325561523438
65,effnet_recplot,34,complexity,0.6008373042208642
65,effnet_recplot,35,faithfulness,-0.30730363726615906
65,effnet_recplot,35,robustness,1259.5911865234375
65,effnet_recplot,35,complexity,0.5710852094800207
65,effnet_recplot,36,faithfulness,0.13609495759010315
65,effnet_recplot,36,robustness,36.94865417480469
65,effnet_recplot,36,complexity,0.5867925740236188
65,effnet_recplot,37,faithfulness,0.20883256196975708
65,effnet_recplot,37,robustness,2203.1708984375
65,effnet_recplot,37,complexity,0.6566232029914338
65,effnet_recplot,38,faithfulness,-0.04515364021062851
65,effnet_recplot,38,robustness,151.25167846679688
65,effnet_recplot,38,complexity,0.587099927794918
65,effnet_recplot,39,faithfulness,-0.231430321931839
65,effnet_recplot,39,robustness,5954.033203125
65,effnet_recplot,39,complexity,0.5627034591928924
65,effnet_recplot,40,faithfulness,-0.1888815462589264
65,effnet_recplot,40,robustness,35.325904846191406
65,effnet_recplot,40,complexity,0.5239478193472141
65,effnet_recplot,41,faithfulness,-0.16041122376918793
65,effnet_recplot,41,robustness,198.3247833251953
65,effnet_recplot,41,complexity,0.5909310430056383
65,effnet_recplot,42,faithfulness,0.19912727177143097
65,effnet_recplot,42,robustness,68.42164611816406
65,effnet_recplot,42,complexity,0.6282831909505545
65,effnet_recplot,43,faithfulness,0.10611124336719513
65,effnet_recplot,43,robustness,76.26016235351562
65,effnet_recplot,43,complexity,0.6377084198223437
65,effnet_recplot,44,faithfulness,-0.18992266058921814
65,effnet_recplot,44,robustness,43.511322021484375
65,effnet_recplot,44,complexity,0.5165392490154174
65,effnet_recplot,45,faithfulness,0.09578762948513031
65,effnet_recplot,45,robustness,747.5936889648438
65,effnet_recplot,45,complexity,0.6128713789635495
65,effnet_recplot,46,faithfulness,-0.12933997809886932
65,effnet_recplot,46,robustness,44.91159439086914
65,effnet_recplot,46,complexity,0.5519656157229261
65,effnet_recplot,47,faithfulness,0.06322526931762695
65,effnet_recplot,47,robustness,2248.078857421875
65,effnet_recplot,47,complexity,0.612265259426205
65,effnet_recplot,48,faithfulness,-0.32587742805480957
65,effnet_recplot,48,robustness,3016.03125
65,effnet_recplot,48,complexity,0.6324821052453998
65,effnet_recplot,49,faithfulness,0.130264014005661
65,effnet_recplot,49,robustness,903.4267578125
65,effnet_recplot,49,complexity,0.5909586505936588
65,effnet_recplot,50,faithfulness,-0.0769028514623642
65,effnet_recplot,50,robustness,570.207763671875
65,effnet_recplot,50,complexity,0.5528192669234422
65,effnet_recplot,51,faithfulness,-0.3045543432235718
65,effnet_recplot,51,robustness,64.80459594726562
65,effnet_recplot,51,complexity,0.6115953873462395
65,effnet_recplot,52,faithfulness,-0.012892179191112518
65,effnet_recplot,52,robustness,216.37123107910156
65,effnet_recplot,52,complexity,0.6033444927494916
65,effnet_recplot,53,faithfulness,0.14045360684394836
65,effnet_recplot,53,robustness,3.4576985836029053
65,effnet_recplot,53,complexity,0.6429068837259748
65,effnet_recplot,54,faithfulness,0.051839716732501984
65,effnet_recplot,54,robustness,20.10453987121582
65,effnet_recplot,54,complexity,0.6331657490940588
65,effnet_recplot,55,faithfulness,0.3088175654411316
65,effnet_recplot,55,robustness,205.64585876464844
65,effnet_recplot,55,complexity,0.6012575676725522
65,effnet_recplot,56,faithfulness,0.027458075433969498
65,effnet_recplot,56,robustness,689.9117431640625
65,effnet_recplot,56,complexity,0.5645753978218933
65,effnet_recplot,57,faithfulness,-0.3254503905773163
65,effnet_recplot,57,robustness,864.8386840820312
65,effnet_recplot,57,complexity,0.5927827745119109
65,effnet_recplot,58,faithfulness,0.1781465709209442
65,effnet_recplot,58,robustness,4821.63720703125
65,effnet_recplot,58,complexity,0.5824578858720911
87,mobilenet_orig,0,faithfulness,0.26207494735717773
87,mobilenet_orig,0,robustness,1.705445647239685
87,mobilenet_orig,0,complexity,0.6271650728510499
87,mobilenet_orig,1,faithfulness,0.04014639928936958
87,mobilenet_orig,1,robustness,1.881086826324463
87,mobilenet_orig,1,complexity,0.579295312211119
87,mobilenet_orig,2,faithfulness,0.21406826376914978
87,mobilenet_orig,2,robustness,1.4129142761230469
87,mobilenet_orig,2,complexity,0.5874511300728376
87,mobilenet_orig,3,faithfulness,-0.05820764601230621
87,mobilenet_orig,3,robustness,1.6975555419921875
87,mobilenet_orig,3,complexity,0.6047672933845376
87,mobilenet_orig,4,faithfulness,0.1308390200138092
87,mobilenet_orig,4,robustness,1.464590072631836
87,mobilenet_orig,4,complexity,0.5925352071365712
87,mobilenet_orig,5,faithfulness,-0.1055477112531662
87,mobilenet_orig,5,robustness,1.213819980621338
87,mobilenet_orig,5,complexity,0.621044700770929
87,mobilenet_orig,6,faithfulness,-0.16775310039520264
87,mobilenet_orig,6,robustness,1.325034499168396
87,mobilenet_orig,6,complexity,0.5871445306657617
87,mobilenet_orig,7,faithfulness,0.33125150203704834
87,mobilenet_orig,7,robustness,1.8310215473175049
87,mobilenet_orig,7,complexity,0.5965011737682497
87,mobilenet_orig,8,faithfulness,-0.09393417835235596
87,mobilenet_orig,8,robustness,2.2997939586639404
87,mobilenet_orig,8,complexity,0.5690177642118436
87,mobilenet_orig,9,faithfulness,-0.014484882354736328
87,mobilenet_orig,9,robustness,1.4302618503570557
87,mobilenet_orig,9,complexity,0.6102915715367825
87,mobilenet_orig,10,faithfulness,-0.39636266231536865
87,mobilenet_orig,10,robustness,1.363396167755127
87,mobilenet_orig,10,complexity,0.5695703692641582
87,mobilenet_orig,11,faithfulness,0.39433297514915466
87,mobilenet_orig,11,robustness,1.5894122123718262
87,mobilenet_orig,11,complexity,0.5982113829114937
87,mobilenet_orig,12,faithfulness,-0.03306664898991585
87,mobilenet_orig,12,robustness,1.52493417263031
87,mobilenet_orig,12,complexity,0.5971527311102516
87,mobilenet_orig,13,faithfulness,0.04709254205226898
87,mobilenet_orig,13,robustness,1.4308933019638062
87,mobilenet_orig,13,complexity,0.5884422861771301
87,mobilenet_orig,14,faithfulness,-0.3684252202510834
87,mobilenet_orig,14,robustness,1.4037666320800781
87,mobilenet_orig,14,complexity,0.5666663769912491
87,mobilenet_orig,15,faithfulness,0.04497914016246796
87,mobilenet_orig,15,robustness,1.6209839582443237
87,mobilenet_orig,15,complexity,0.5804803322288097
87,mobilenet_orig,16,faithfulness,0.0278332382440567
87,mobilenet_orig,16,robustness,1.4921660423278809
87,mobilenet_orig,16,complexity,0.5788517370390798
87,mobilenet_orig,17,faithfulness,0.42430734634399414
87,mobilenet_orig,17,robustness,1.502866506576538
87,mobilenet_orig,17,complexity,0.5698327298465765
87,mobilenet_orig,18,faithfulness,0.09675077348947525
87,mobilenet_orig,18,robustness,1.5982033014297485
87,mobilenet_orig,18,complexity,0.5679215075394272
87,mobilenet_orig,19,faithfulness,0.2990051805973053
87,mobilenet_orig,19,robustness,1.6570175886154175
87,mobilenet_orig,19,complexity,0.56883493196383
87,mobilenet_orig,20,faithfulness,0.23928698897361755
87,mobilenet_orig,20,robustness,1.978538990020752
87,mobilenet_orig,20,complexity,0.5732783040016747
87,mobilenet_orig,21,faithfulness,0.16600872576236725
87,mobilenet_orig,21,robustness,1.7303416728973389
87,mobilenet_orig,21,complexity,0.5643898724537232
87,mobilenet_orig,22,faithfulness,-0.042479485273361206
87,mobilenet_orig,22,robustness,1.6060341596603394
87,mobilenet_orig,22,complexity,0.5649001554806411
87,mobilenet_orig,23,faithfulness,0.00016039609909057617
87,mobilenet_orig,23,robustness,1.7578160762786865
87,mobilenet_orig,23,complexity,0.5563680999575605
87,mobilenet_orig,24,faithfulness,0.0007837451994419098
87,mobilenet_orig,24,robustness,1.487868309020996
87,mobilenet_orig,24,complexity,0.5636888932799453
87,mobilenet_orig,25,faithfulness,0.3813571333885193
87,mobilenet_orig,25,robustness,1.3652011156082153
87,mobilenet_orig,25,complexity,0.5799928783197539
87,mobilenet_orig,26,faithfulness,0.35224372148513794
87,mobilenet_orig,26,robustness,1.5161833763122559
87,mobilenet_orig,26,complexity,0.571086047468699
87,mobilenet_orig,27,faithfulness,-0.004784315824508667
87,mobilenet_orig,27,robustness,1.4481791257858276
87,mobilenet_orig,27,complexity,0.5539278511559513
87,mobilenet_orig,28,faithfulness,-0.0059860870242118835
87,mobilenet_orig,28,robustness,1.8324201107025146
87,mobilenet_orig,28,complexity,0.5612072412101963
87,mobilenet_orig,29,faithfulness,-0.11469177901744843
87,mobilenet_orig,29,robustness,1.9712786674499512
87,mobilenet_orig,29,complexity,0.5725897075412516
87,mobilenet_orig,30,faithfulness,0.06344176828861237
87,mobilenet_orig,30,robustness,1.6589648723602295
87,mobilenet_orig,30,complexity,0.5639883591915662
87,mobilenet_orig,31,faithfulness,0.08513085544109344
87,mobilenet_orig,31,robustness,1.7188119888305664
87,mobilenet_orig,31,complexity,0.6027181488681891
87,mobilenet_orig,32,faithfulness,0.12085830420255661
87,mobilenet_orig,32,robustness,1.3798644542694092
87,mobilenet_orig,32,complexity,0.6059146598473613
87,mobilenet_orig,33,faithfulness,-0.054480135440826416
87,mobilenet_orig,33,robustness,1.5493334531784058
87,mobilenet_orig,33,complexity,0.5639452972642549
87,mobilenet_orig,34,faithfulness,0.24120286107063293
87,mobilenet_orig,34,robustness,1.7206612825393677
87,mobilenet_orig,34,complexity,0.5527464424319858
87,mobilenet_orig,35,faithfulness,0.29834550619125366
87,mobilenet_orig,35,robustness,1.699055790901184
87,mobilenet_orig,35,complexity,0.5689791685747878
87,mobilenet_orig,36,faithfulness,0.3253859579563141
87,mobilenet_orig,36,robustness,1.3383853435516357
87,mobilenet_orig,36,complexity,0.5699203073250537
87,mobilenet_orig,37,faithfulness,-0.005086034536361694
87,mobilenet_orig,37,robustness,1.8619481325149536
87,mobilenet_orig,37,complexity,0.5458667806624322
87,mobilenet_orig,38,faithfulness,0.21445494890213013
87,mobilenet_orig,38,robustness,2.0763232707977295
87,mobilenet_orig,38,complexity,0.5847182965853586
87,mobilenet_orig,39,faithfulness,-0.030591003596782684
87,mobilenet_orig,39,robustness,2.1980912685394287
87,mobilenet_orig,39,complexity,0.5769082520143238
87,mobilenet_orig,40,faithfulness,0.18086905777454376
87,mobilenet_orig,40,robustness,1.9210882186889648
87,mobilenet_orig,40,complexity,0.5646920295306904
87,mobilenet_orig,41,faithfulness,0.17762348055839539
87,mobilenet_orig,41,robustness,1.4722901582717896
87,mobilenet_orig,41,complexity,0.5891986623597318
87,mobilenet_orig,42,faithfulness,-0.009150892496109009
87,mobilenet_orig,42,robustness,1.69097101688385
87,mobilenet_orig,42,complexity,0.5826581396810205
87,mobilenet_orig,43,faithfulness,-0.2050948441028595
87,mobilenet_orig,43,robustness,2.195685863494873
87,mobilenet_orig,43,complexity,0.562892995908637
87,mobilenet_orig,44,faithfulness,0.15030887722969055
87,mobilenet_orig,44,robustness,1.7233731746673584
87,mobilenet_orig,44,complexity,0.5637115258894161
87,mobilenet_orig,45,faithfulness,-0.020091857761144638
87,mobilenet_orig,45,robustness,1.5889781713485718
87,mobilenet_orig,45,complexity,0.5748743973617412
87,mobilenet_orig,46,faithfulness,0.11902929842472076
87,mobilenet_orig,46,robustness,1.8638279438018799
87,mobilenet_orig,46,complexity,0.5630251562556531
87,mobilenet_orig,47,faithfulness,0.07266301661729813
87,mobilenet_orig,47,robustness,1.694217562675476
87,mobilenet_orig,47,complexity,0.5986364932669654
87,mobilenet_orig,48,faithfulness,0.12062449008226395
87,mobilenet_orig,48,robustness,1.5921190977096558
87,mobilenet_orig,48,complexity,0.6179766279782032
87,mobilenet_orig,49,faithfulness,0.17607291042804718
87,mobilenet_orig,49,robustness,1.6654903888702393
87,mobilenet_orig,49,complexity,0.5611293852484295
87,mobilenet_orig,50,faithfulness,0.25060608983039856
87,mobilenet_orig,50,robustness,1.753659725189209
87,mobilenet_orig,50,complexity,0.6075351084419977
87,mobilenet_orig,51,faithfulness,-0.03169441223144531
87,mobilenet_orig,51,robustness,1.3294275999069214
87,mobilenet_orig,51,complexity,0.5943758395744053
87,mobilenet_orig,52,faithfulness,0.03150905668735504
87,mobilenet_orig,52,robustness,1.4943063259124756
87,mobilenet_orig,52,complexity,0.5815871036621322
87,mobilenet_orig,53,faithfulness,-0.19770541787147522
87,mobilenet_orig,53,robustness,1.545691728591919
87,mobilenet_orig,53,complexity,0.6102920125313381
87,mobilenet_orig,54,faithfulness,-0.08699075132608414
87,mobilenet_orig,54,robustness,1.288769006729126
87,mobilenet_orig,54,complexity,0.5843894325191392
87,mobilenet_orig,55,faithfulness,-0.07249894738197327
87,mobilenet_orig,55,robustness,1.5564968585968018
87,mobilenet_orig,55,complexity,0.5769024497931886
87,mobilenet_orig,56,faithfulness,-0.12689077854156494
87,mobilenet_orig,56,robustness,1.6889957189559937
87,mobilenet_orig,56,complexity,0.5914546874713921
87,mobilenet_orig,57,faithfulness,0.03058992326259613
87,mobilenet_orig,57,robustness,1.4938843250274658
87,mobilenet_orig,57,complexity,0.5648051507479487
87,mobilenet_orig,58,faithfulness,-0.052246272563934326
87,mobilenet_orig,58,robustness,1.3845322132110596
87,mobilenet_orig,58,complexity,0.58492100802062
87,mobilenet_recplot,0,faithfulness,-0.04189610481262207
87,mobilenet_recplot,0,robustness,2.3189003467559814
87,mobilenet_recplot,0,complexity,0.6224916286474023
87,mobilenet_recplot,1,faithfulness,0.08637738972902298
87,mobilenet_recplot,1,robustness,1.5127429962158203
87,mobilenet_recplot,1,complexity,0.6366857305266571
87,mobilenet_recplot,2,faithfulness,0.15242499113082886
87,mobilenet_recplot,2,robustness,1.6316285133361816
87,mobilenet_recplot,2,complexity,0.7052006078310595
87,mobilenet_recplot,3,faithfulness,-0.5978364944458008
87,mobilenet_recplot,3,robustness,1.60175621509552
87,mobilenet_recplot,3,complexity,0.6261325553239716
87,mobilenet_recplot,4,faithfulness,-0.01483539491891861
87,mobilenet_recplot,4,robustness,1.405707597732544
87,mobilenet_recplot,4,complexity,0.7161038202329176
87,mobilenet_recplot,5,faithfulness,0.15567295253276825
87,mobilenet_recplot,5,robustness,2.348719358444214
87,mobilenet_recplot,5,complexity,0.7081652903008792
87,mobilenet_recplot,6,faithfulness,-0.03712276369333267
87,mobilenet_recplot,6,robustness,2.258817195892334
87,mobilenet_recplot,6,complexity,0.6953138615475651
87,mobilenet_recplot,7,faithfulness,0.06218332052230835
87,mobilenet_recplot,7,robustness,1.1628313064575195
87,mobilenet_recplot,7,complexity,0.6169189239621456
87,mobilenet_recplot,8,faithfulness,-0.073358915746212
87,mobilenet_recplot,8,robustness,1.9487241506576538
87,mobilenet_recplot,8,complexity,0.596467862797163
87,mobilenet_recplot,9,faithfulness,0.27105584740638733
87,mobilenet_recplot,9,robustness,2.166473627090454
87,mobilenet_recplot,9,complexity,0.6417007168411298
87,mobilenet_recplot,10,faithfulness,0.21000029146671295
87,mobilenet_recplot,10,robustness,1.8099212646484375
87,mobilenet_recplot,10,complexity,0.7712430098171144
87,mobilenet_recplot,11,faithfulness,0.047049619257450104
87,mobilenet_recplot,11,robustness,1.2866965532302856
87,mobilenet_recplot,11,complexity,0.6915431157341698
87,mobilenet_recplot,12,faithfulness,-0.13544127345085144
87,mobilenet_recplot,12,robustness,1.7354230880737305
87,mobilenet_recplot,12,complexity,0.6543299358517999
87,mobilenet_recplot,13,faithfulness,-0.11585533618927002
87,mobilenet_recplot,13,robustness,2.4636037349700928
87,mobilenet_recplot,13,complexity,0.6607632015581851
87,mobilenet_recplot,14,faithfulness,0.10849970579147339
87,mobilenet_recplot,14,robustness,1.2740839719772339
87,mobilenet_recplot,14,complexity,0.6866453557857203
87,mobilenet_recplot,15,faithfulness,0.03705952316522598
87,mobilenet_recplot,15,robustness,1.329600214958191
87,mobilenet_recplot,15,complexity,0.6373605609181057
87,mobilenet_recplot,16,faithfulness,0.13637277483940125
87,mobilenet_recplot,16,robustness,1.6805968284606934
87,mobilenet_recplot,16,complexity,0.5910560603430218
87,mobilenet_recplot,17,faithfulness,-0.01016702689230442
87,mobilenet_recplot,17,robustness,1.7116024494171143
87,mobilenet_recplot,17,complexity,0.6927848786210027
87,mobilenet_recplot,18,faithfulness,-0.10641367733478546
87,mobilenet_recplot,18,robustness,1.3493709564208984
87,mobilenet_recplot,18,complexity,0.626545841131123
87,mobilenet_recplot,19,faithfulness,-0.3632311522960663
87,mobilenet_recplot,19,robustness,2.5112438201904297
87,mobilenet_recplot,19,complexity,0.6438804322400205
87,mobilenet_recplot,20,faithfulness,0.16741055250167847
87,mobilenet_recplot,20,robustness,1.4105857610702515
87,mobilenet_recplot,20,complexity,0.605883040641424
87,mobilenet_recplot,21,faithfulness,0.15680371224880219
87,mobilenet_recplot,21,robustness,1.5143351554870605
87,mobilenet_recplot,21,complexity,0.6339850788533521
87,mobilenet_recplot,22,faithfulness,-0.11897140741348267
87,mobilenet_recplot,22,robustness,2.5804498195648193
87,mobilenet_recplot,22,complexity,0.655166009993098
87,mobilenet_recplot,23,faithfulness,-0.22674036026000977
87,mobilenet_recplot,23,robustness,1.812298059463501
87,mobilenet_recplot,23,complexity,0.7001182607251107
87,mobilenet_recplot,24,faithfulness,0.1123761236667633
87,mobilenet_recplot,24,robustness,2.5432894229888916
87,mobilenet_recplot,24,complexity,0.6848401101153875
87,mobilenet_recplot,25,faithfulness,0.0890163779258728
87,mobilenet_recplot,25,robustness,3.3819291591644287
87,mobilenet_recplot,25,complexity,0.677114213748373
87,mobilenet_recplot,26,faithfulness,-0.06396859139204025
87,mobilenet_recplot,26,robustness,2.9014225006103516
87,mobilenet_recplot,26,complexity,0.6174490992277701
87,mobilenet_recplot,27,faithfulness,-0.15750645101070404
87,mobilenet_recplot,27,robustness,2.0021843910217285
87,mobilenet_recplot,27,complexity,0.649997691946692
87,mobilenet_recplot,28,faithfulness,0.024607334285974503
87,mobilenet_recplot,28,robustness,1.286453366279602
87,mobilenet_recplot,28,complexity,0.6111242713715045
87,mobilenet_recplot,29,faithfulness,-0.1392015665769577
87,mobilenet_recplot,29,robustness,2.1760647296905518
87,mobilenet_recplot,29,complexity,0.643510379096687
87,mobilenet_recplot,30,faithfulness,-0.026855751872062683
87,mobilenet_recplot,30,robustness,2.8358888626098633
87,mobilenet_recplot,30,complexity,0.6800045469146835
87,mobilenet_recplot,31,faithfulness,0.20206895470619202
87,mobilenet_recplot,31,robustness,2.3927218914031982
87,mobilenet_recplot,31,complexity,0.6967998901049487
87,mobilenet_recplot,32,faithfulness,-0.2536909282207489
87,mobilenet_recplot,32,robustness,2.3493106365203857
87,mobilenet_recplot,32,complexity,0.6778438120946284
87,mobilenet_recplot,33,faithfulness,0.07150804996490479
87,mobilenet_recplot,33,robustness,3.5827248096466064
87,mobilenet_recplot,33,complexity,0.6875861312603699
87,mobilenet_recplot,34,faithfulness,-0.1803627610206604
87,mobilenet_recplot,34,robustness,1.9469817876815796
87,mobilenet_recplot,34,complexity,0.664891192866861
87,mobilenet_recplot,35,faithfulness,0.05021984875202179
87,mobilenet_recplot,35,robustness,3.27777099609375
87,mobilenet_recplot,35,complexity,0.6410813052112614
87,mobilenet_recplot,36,faithfulness,-0.1358521729707718
87,mobilenet_recplot,36,robustness,3.053495168685913
87,mobilenet_recplot,36,complexity,0.6307835116159684
87,mobilenet_recplot,37,faithfulness,0.17826974391937256
87,mobilenet_recplot,37,robustness,1.2361983060836792
87,mobilenet_recplot,37,complexity,0.7425285922542775
87,mobilenet_recplot,38,faithfulness,-0.016934096813201904
87,mobilenet_recplot,38,robustness,2.1399471759796143
87,mobilenet_recplot,38,complexity,0.5948552568063722
87,mobilenet_recplot,39,faithfulness,-0.030320964753627777
87,mobilenet_recplot,39,robustness,2.023010730743408
87,mobilenet_recplot,39,complexity,0.6048220611608658
87,mobilenet_recplot,40,faithfulness,0.0686340481042862
87,mobilenet_recplot,40,robustness,1.0857088565826416
87,mobilenet_recplot,40,complexity,0.6538058820363223
87,mobilenet_recplot,41,faithfulness,-0.05453887954354286
87,mobilenet_recplot,41,robustness,3.2142698764801025
87,mobilenet_recplot,41,complexity,0.6109027303971895
87,mobilenet_recplot,42,faithfulness,-0.06338442116975784
87,mobilenet_recplot,42,robustness,1.323632836341858
87,mobilenet_recplot,42,complexity,0.652559367390164
87,mobilenet_recplot,43,faithfulness,-0.04406873509287834
87,mobilenet_recplot,43,robustness,1.8706151247024536
87,mobilenet_recplot,43,complexity,0.6862848055832609
87,mobilenet_recplot,44,faithfulness,0.35479187965393066
87,mobilenet_recplot,44,robustness,1.196683406829834
87,mobilenet_recplot,44,complexity,0.6179126196796572
87,mobilenet_recplot,45,faithfulness,-0.20442238450050354
87,mobilenet_recplot,45,robustness,1.6309250593185425
87,mobilenet_recplot,45,complexity,0.6945681826050473
87,mobilenet_recplot,46,faithfulness,0.40363121032714844
87,mobilenet_recplot,46,robustness,1.266932725906372
87,mobilenet_recplot,46,complexity,0.6339940968884161
87,mobilenet_recplot,47,faithfulness,0.0032852403819561005
87,mobilenet_recplot,47,robustness,2.4142160415649414
87,mobilenet_recplot,47,complexity,0.6976764447066522
87,mobilenet_recplot,48,faithfulness,-0.1913287341594696
87,mobilenet_recplot,48,robustness,2.927755832672119
87,mobilenet_recplot,48,complexity,0.6803531414017459
87,mobilenet_recplot,49,faithfulness,0.08173990994691849
87,mobilenet_recplot,49,robustness,3.0988733768463135
87,mobilenet_recplot,49,complexity,0.5884616081614401
87,mobilenet_recplot,50,faithfulness,-0.2871447801589966
87,mobilenet_recplot,50,robustness,2.0512237548828125
87,mobilenet_recplot,50,complexity,0.6389417106857873
87,mobilenet_recplot,51,faithfulness,-0.4319022595882416
87,mobilenet_recplot,51,robustness,2.6765849590301514
87,mobilenet_recplot,51,complexity,0.6361293872358588
87,mobilenet_recplot,52,faithfulness,-0.07349399477243423
87,mobilenet_recplot,52,robustness,2.957259178161621
87,mobilenet_recplot,52,complexity,0.5940131312020454
87,mobilenet_recplot,53,faithfulness,0.22663600742816925
87,mobilenet_recplot,53,robustness,1.6372621059417725
87,mobilenet_recplot,53,complexity,0.6772854586251742
87,mobilenet_recplot,54,faithfulness,0.05248633027076721
87,mobilenet_recplot,54,robustness,1.7037585973739624
87,mobilenet_recplot,54,complexity,0.6768883887395123
87,mobilenet_recplot,55,faithfulness,-0.28978604078292847
87,mobilenet_recplot,55,robustness,2.633995771408081
87,mobilenet_recplot,55,complexity,0.684860994671436
87,mobilenet_recplot,56,faithfulness,-0.2887516915798187
87,mobilenet_recplot,56,robustness,1.4128046035766602
87,mobilenet_recplot,56,complexity,0.6560571403949402
87,mobilenet_recplot,57,faithfulness,0.20910018682479858
87,mobilenet_recplot,57,robustness,1.5258327722549438
87,mobilenet_recplot,57,complexity,0.6628995950728754
87,mobilenet_recplot,58,faithfulness,-0.07721646130084991
87,mobilenet_recplot,58,robustness,2.07551908493042
87,mobilenet_recplot,58,complexity,0.6545718078966178
87,effnet_orig,0,faithfulness,0.17346571385860443
87,effnet_orig,0,robustness,1.0369306802749634
87,effnet_orig,0,complexity,0.5460521790421091
87,effnet_orig,1,faithfulness,0.08275862783193588
87,effnet_orig,1,robustness,1.091376781463623
87,effnet_orig,1,complexity,0.5541423036435134
87,effnet_orig,2,faithfulness,0.19809198379516602
87,effnet_orig,2,robustness,1.0352317094802856
87,effnet_orig,2,complexity,0.5391949552787138
87,effnet_orig,3,faithfulness,0.3552657663822174
87,effnet_orig,3,robustness,0.9990793466567993
87,effnet_orig,3,complexity,0.5577602709823072
87,effnet_orig,4,faithfulness,0.3108871281147003
87,effnet_orig,4,robustness,1.1392731666564941
87,effnet_orig,4,complexity,0.5454588028567722
87,effnet_orig,5,faithfulness,0.11634430289268494
87,effnet_orig,5,robustness,1.1343765258789062
87,effnet_orig,5,complexity,0.5651374124879671
87,effnet_orig,6,faithfulness,0.30254894495010376
87,effnet_orig,6,robustness,1.0977790355682373
87,effnet_orig,6,complexity,0.5783765885737427
87,effnet_orig,7,faithfulness,-0.06529726088047028
87,effnet_orig,7,robustness,1.0239185094833374
87,effnet_orig,7,complexity,0.5564910670768404
87,effnet_orig,8,faithfulness,0.5184916257858276
87,effnet_orig,8,robustness,1.1159310340881348
87,effnet_orig,8,complexity,0.5596122421130686
87,effnet_orig,9,faithfulness,0.1325463205575943
87,effnet_orig,9,robustness,0.9367992877960205
87,effnet_orig,9,complexity,0.5483785867780142
87,effnet_orig,10,faithfulness,0.30081215500831604
87,effnet_orig,10,robustness,1.3523287773132324
87,effnet_orig,10,complexity,0.5486500701165662
87,effnet_orig,11,faithfulness,0.45292770862579346
87,effnet_orig,11,robustness,1.2561733722686768
87,effnet_orig,11,complexity,0.5530834160114015
87,effnet_orig,12,faithfulness,0.351098895072937
87,effnet_orig,12,robustness,1.1086057424545288
87,effnet_orig,12,complexity,0.5623979319837396
87,effnet_orig,13,faithfulness,-0.007832400500774384
87,effnet_orig,13,robustness,1.1766726970672607
87,effnet_orig,13,complexity,0.5392225824645047
87,effnet_orig,14,faithfulness,0.07383576780557632
87,effnet_orig,14,robustness,1.1408942937850952
87,effnet_orig,14,complexity,0.5388223945409426
87,effnet_orig,15,faithfulness,0.16406726837158203
87,effnet_orig,15,robustness,0.9719881415367126
87,effnet_orig,15,complexity,0.548849250446976
87,effnet_orig,16,faithfulness,0.3007503151893616
87,effnet_orig,16,robustness,0.9953325390815735
87,effnet_orig,16,complexity,0.5284465093210599
87,effnet_orig,17,faithfulness,0.1780449002981186
87,effnet_orig,17,robustness,1.1993919610977173
87,effnet_orig,17,complexity,0.5601270255099617
87,effnet_orig,18,faithfulness,0.1694115698337555
87,effnet_orig,18,robustness,0.9902859330177307
87,effnet_orig,18,complexity,0.5457792401023508
87,effnet_orig,19,faithfulness,0.006248198449611664
87,effnet_orig,19,robustness,1.1043034791946411
87,effnet_orig,19,complexity,0.5354679635040545
87,effnet_orig,20,faithfulness,-0.1571967750787735
87,effnet_orig,20,robustness,1.271132230758667
87,effnet_orig,20,complexity,0.5460761968845111
87,effnet_orig,21,faithfulness,0.07379181683063507
87,effnet_orig,21,robustness,1.0734928846359253
87,effnet_orig,21,complexity,0.5783440037358859
87,effnet_orig,22,faithfulness,-0.006979171186685562
87,effnet_orig,22,robustness,1.3927851915359497
87,effnet_orig,22,complexity,0.556648720623786
87,effnet_orig,23,faithfulness,0.14238762855529785
87,effnet_orig,23,robustness,1.0359011888504028
87,effnet_orig,23,complexity,0.5722812130656761
87,effnet_orig,24,faithfulness,0.23016434907913208
87,effnet_orig,24,robustness,0.911102294921875
87,effnet_orig,24,complexity,0.5519664231204872
87,effnet_orig,25,faithfulness,-0.11498112976551056
87,effnet_orig,25,robustness,0.9333728551864624
87,effnet_orig,25,complexity,0.5337818500788957
87,effnet_orig,26,faithfulness,0.2562508285045624
87,effnet_orig,26,robustness,0.9446621537208557
87,effnet_orig,26,complexity,0.5381610117311004
87,effnet_orig,27,faithfulness,0.166488915681839
87,effnet_orig,27,robustness,0.9904922246932983
87,effnet_orig,27,complexity,0.5538151521401533
87,effnet_orig,28,faithfulness,0.2090657353401184
87,effnet_orig,28,robustness,1.330151081085205
87,effnet_orig,28,complexity,0.5561947181008686
87,effnet_orig,29,faithfulness,0.28755414485931396
87,effnet_orig,29,robustness,1.099561095237732
87,effnet_orig,29,complexity,0.5744888470196671
87,effnet_orig,30,faithfulness,0.01899036020040512
87,effnet_orig,30,robustness,0.9003667831420898
87,effnet_orig,30,complexity,0.5559514852724206
87,effnet_orig,31,faithfulness,0.1922861486673355
87,effnet_orig,31,robustness,0.9747732281684875
87,effnet_orig,31,complexity,0.5554356619975058
87,effnet_orig,32,faithfulness,0.19244715571403503
87,effnet_orig,32,robustness,0.9077544212341309
87,effnet_orig,32,complexity,0.5673027783108207
87,effnet_orig,33,faithfulness,0.2936493456363678
87,effnet_orig,33,robustness,0.9382041692733765
87,effnet_orig,33,complexity,0.5681122478475291
87,effnet_orig,34,faithfulness,-0.016502976417541504
87,effnet_orig,34,robustness,1.0022844076156616
87,effnet_orig,34,complexity,0.5477507425774291
87,effnet_orig,35,faithfulness,0.24059845507144928
87,effnet_orig,35,robustness,0.9333787560462952
87,effnet_orig,35,complexity,0.5444776447906653
87,effnet_orig,36,faithfulness,0.07311199605464935
87,effnet_orig,36,robustness,1.0752843618392944
87,effnet_orig,36,complexity,0.5337357873049688
87,effnet_orig,37,faithfulness,0.5050688982009888
87,effnet_orig,37,robustness,1.5619323253631592
87,effnet_orig,37,complexity,0.5535389328892529
87,effnet_orig,38,faithfulness,0.20767630636692047
87,effnet_orig,38,robustness,1.2999900579452515
87,effnet_orig,38,complexity,0.5657347037882064
87,effnet_orig,39,faithfulness,-0.11471088230609894
87,effnet_orig,39,robustness,1.0801023244857788
87,effnet_orig,39,complexity,0.6017934702049118
87,effnet_orig,40,faithfulness,-0.03961217775940895
87,effnet_orig,40,robustness,1.2782050371170044
87,effnet_orig,40,complexity,0.5458484256587369
87,effnet_orig,41,faithfulness,0.23961496353149414
87,effnet_orig,41,robustness,1.0221898555755615
87,effnet_orig,41,complexity,0.5465794801270958
87,effnet_orig,42,faithfulness,0.2712838053703308
87,effnet_orig,42,robustness,1.0771551132202148
87,effnet_orig,42,complexity,0.5478938715070356
87,effnet_orig,43,faithfulness,0.3468771278858185
87,effnet_orig,43,robustness,1.3105641603469849
87,effnet_orig,43,complexity,0.54784726216588
87,effnet_orig,44,faithfulness,-0.2720233201980591
87,effnet_orig,44,robustness,1.2445967197418213
87,effnet_orig,44,complexity,0.5556797834546733
87,effnet_orig,45,faithfulness,0.4131721258163452
87,effnet_orig,45,robustness,1.1488105058670044
87,effnet_orig,45,complexity,0.5314795692518147
87,effnet_orig,46,faithfulness,0.150253027677536
87,effnet_orig,46,robustness,1.090678095817566
87,effnet_orig,46,complexity,0.5832176139567136
87,effnet_orig,47,faithfulness,0.011408504098653793
87,effnet_orig,47,robustness,0.9711617827415466
87,effnet_orig,47,complexity,0.5509678974768859
87,effnet_orig,48,faithfulness,0.24035494029521942
87,effnet_orig,48,robustness,1.0415472984313965
87,effnet_orig,48,complexity,0.5696426967694248
87,effnet_orig,49,faithfulness,0.037506550550460815
87,effnet_orig,49,robustness,0.924798846244812
87,effnet_orig,49,complexity,0.5176366657913324
87,effnet_orig,50,faithfulness,0.0022791922092437744
87,effnet_orig,50,robustness,0.9523309469223022
87,effnet_orig,50,complexity,0.5732603446929678
87,effnet_orig,51,faithfulness,-0.0784585252404213
87,effnet_orig,51,robustness,0.9161703586578369
87,effnet_orig,51,complexity,0.5620069652829853
87,effnet_orig,52,faithfulness,-0.07566024363040924
87,effnet_orig,52,robustness,0.9445828199386597
87,effnet_orig,52,complexity,0.5393953086365492
87,effnet_orig,53,faithfulness,0.03892941400408745
87,effnet_orig,53,robustness,1.2616174221038818
87,effnet_orig,53,complexity,0.5996907220637391
87,effnet_orig,54,faithfulness,0.23027142882347107
87,effnet_orig,54,robustness,1.0637500286102295
87,effnet_orig,54,complexity,0.5423345324499227
87,effnet_orig,55,faithfulness,0.45716583728790283
87,effnet_orig,55,robustness,1.1322662830352783
87,effnet_orig,55,complexity,0.5629392664938655
87,effnet_orig,56,faithfulness,-0.06698188185691833
87,effnet_orig,56,robustness,1.1832977533340454
87,effnet_orig,56,complexity,0.545408153402742
87,effnet_orig,57,faithfulness,0.11281855404376984
87,effnet_orig,57,robustness,0.9101465940475464
87,effnet_orig,57,complexity,0.5733878596405038
87,effnet_orig,58,faithfulness,-0.013792157173156738
87,effnet_orig,58,robustness,0.9290956258773804
87,effnet_orig,58,complexity,0.5398980949037969
87,effnet_recplot,0,faithfulness,-0.14483007788658142
87,effnet_recplot,0,robustness,146.0804443359375
87,effnet_recplot,0,complexity,0.6068978890809744
87,effnet_recplot,1,faithfulness,-0.11514115333557129
87,effnet_recplot,1,robustness,73.09119415283203
87,effnet_recplot,1,complexity,0.5234397670410883
87,effnet_recplot,2,faithfulness,-0.05567668750882149
87,effnet_recplot,2,robustness,1.1206763982772827
87,effnet_recplot,2,complexity,0.6330761376747891
87,effnet_recplot,3,faithfulness,-0.0889287143945694
87,effnet_recplot,3,robustness,191.0223846435547
87,effnet_recplot,3,complexity,0.6002385849784887
87,effnet_recplot,4,faithfulness,-0.0781475156545639
87,effnet_recplot,4,robustness,8.06037712097168
87,effnet_recplot,4,complexity,0.6419489820636517
87,effnet_recplot,5,faithfulness,-0.0486748106777668
87,effnet_recplot,5,robustness,195.3009490966797
87,effnet_recplot,5,complexity,0.6058416510724528
87,effnet_recplot,6,faithfulness,-0.2545590400695801
87,effnet_recplot,6,robustness,3.344743013381958
87,effnet_recplot,6,complexity,0.6274286800392759
87,effnet_recplot,7,faithfulness,-0.19034868478775024
87,effnet_recplot,7,robustness,460.7554931640625
87,effnet_recplot,7,complexity,0.5457857245617965
87,effnet_recplot,8,faithfulness,0.11982614547014236
87,effnet_recplot,8,robustness,391.8587951660156
87,effnet_recplot,8,complexity,0.588020734128055
87,effnet_recplot,9,faithfulness,0.29976943135261536
87,effnet_recplot,9,robustness,53.62028884887695
87,effnet_recplot,9,complexity,0.614515879987073
87,effnet_recplot,10,faithfulness,-0.00939091295003891
87,effnet_recplot,10,robustness,25.05071449279785
87,effnet_recplot,10,complexity,0.6093102300871862
87,effnet_recplot,11,faithfulness,0.17050690948963165
87,effnet_recplot,11,robustness,2022.2193603515625
87,effnet_recplot,11,complexity,0.5355315042440237
87,effnet_recplot,12,faithfulness,0.22451649606227875
87,effnet_recplot,12,robustness,8317.4189453125
87,effnet_recplot,12,complexity,0.6009233002270175
87,effnet_recplot,13,faithfulness,0.004270538687705994
87,effnet_recplot,13,robustness,143.42117309570312
87,effnet_recplot,13,complexity,0.5941126860791268
87,effnet_recplot,14,faithfulness,0.0007711648941040039
87,effnet_recplot,14,robustness,262.7356872558594
87,effnet_recplot,14,complexity,0.6239092656615414
87,effnet_recplot,15,faithfulness,-0.08356679975986481
87,effnet_recplot,15,robustness,39.62498474121094
87,effnet_recplot,15,complexity,0.589030130538083
87,effnet_recplot,16,faithfulness,-0.1737871617078781
87,effnet_recplot,16,robustness,230.40045166015625
87,effnet_recplot,16,complexity,0.5783309075633573
87,effnet_recplot,17,faithfulness,0.47079670429229736
87,effnet_recplot,17,robustness,274.3614501953125
87,effnet_recplot,17,complexity,0.5957811033557858
87,effnet_recplot,18,faithfulness,0.14678233861923218
87,effnet_recplot,18,robustness,1.1364213228225708
87,effnet_recplot,18,complexity,0.569574022644425
87,effnet_recplot,19,faithfulness,0.20601019263267517
87,effnet_recplot,19,robustness,5.039264678955078
87,effnet_recplot,19,complexity,0.619832386043551
87,effnet_recplot,20,faithfulness,-0.02356581762433052
87,effnet_recplot,20,robustness,1.427682876586914
87,effnet_recplot,20,complexity,0.5617337388810684
87,effnet_recplot,21,faithfulness,-0.23327301442623138
87,effnet_recplot,21,robustness,51.13704299926758
87,effnet_recplot,21,complexity,0.6019606679971782
87,effnet_recplot,22,faithfulness,0.32568734884262085
87,effnet_recplot,22,robustness,2410.222900390625
87,effnet_recplot,22,complexity,0.5914022548318271
87,effnet_recplot,23,faithfulness,0.0004180222749710083
87,effnet_recplot,23,robustness,87.74552154541016
87,effnet_recplot,23,complexity,0.6285796640625345
87,effnet_recplot,24,faithfulness,-0.13061638176441193
87,effnet_recplot,24,robustness,2065.748046875
87,effnet_recplot,24,complexity,0.6645488091634116
87,effnet_recplot,25,faithfulness,0.5332199335098267
87,effnet_recplot,25,robustness,1636.8170166015625
87,effnet_recplot,25,complexity,0.6366446155848109
87,effnet_recplot,26,faithfulness,0.23937541246414185
87,effnet_recplot,26,robustness,98.46177673339844
87,effnet_recplot,26,complexity,0.5285901591069926
87,effnet_recplot,27,faithfulness,-0.021049514412879944
87,effnet_recplot,27,robustness,5234.77734375
87,effnet_recplot,27,complexity,0.5627045107402701
87,effnet_recplot,28,faithfulness,-0.2546347975730896
87,effnet_recplot,28,robustness,4.49896764755249
87,effnet_recplot,28,complexity,0.4979223601806755
87,effnet_recplot,29,faithfulness,-0.20200452208518982
87,effnet_recplot,29,robustness,463.2411804199219
87,effnet_recplot,29,complexity,0.5737363697560522
87,effnet_recplot,30,faithfulness,-0.22690850496292114
87,effnet_recplot,30,robustness,253.1753387451172
87,effnet_recplot,30,complexity,0.6253228248613664
87,effnet_recplot,31,faithfulness,-0.23277321457862854
87,effnet_recplot,31,robustness,51.03268814086914
87,effnet_recplot,31,complexity,0.6093693517464438
87,effnet_recplot,32,faithfulness,-0.16450747847557068
87,effnet_recplot,32,robustness,27.0307674407959
87,effnet_recplot,32,complexity,0.6067719254441046
87,effnet_recplot,33,faithfulness,-0.34823092818260193
87,effnet_recplot,33,robustness,1.0096170902252197
87,effnet_recplot,33,complexity,0.6325662677116808
87,effnet_recplot,34,faithfulness,-0.3387008011341095
87,effnet_recplot,34,robustness,885.5472412109375
87,effnet_recplot,34,complexity,0.5566252913057796
87,effnet_recplot,35,faithfulness,-0.01806659996509552
87,effnet_recplot,35,robustness,418.0027160644531
87,effnet_recplot,35,complexity,0.5757381032116348
87,effnet_recplot,36,faithfulness,-0.08553634583950043
87,effnet_recplot,36,robustness,183.08009338378906
87,effnet_recplot,36,complexity,0.5750431963762271
87,effnet_recplot,37,faithfulness,-0.3759327232837677
87,effnet_recplot,37,robustness,182.1904296875
87,effnet_recplot,37,complexity,0.6654103975692846
87,effnet_recplot,38,faithfulness,0.04101579263806343
87,effnet_recplot,38,robustness,267.0684814453125
87,effnet_recplot,38,complexity,0.5851243850608246
87,effnet_recplot,39,faithfulness,-0.13614559173583984
87,effnet_recplot,39,robustness,18.04749870300293
87,effnet_recplot,39,complexity,0.5985590317876277
87,effnet_recplot,40,faithfulness,-0.08377783000469208
87,effnet_recplot,40,robustness,1.4391508102416992
87,effnet_recplot,40,complexity,0.5559483774956951
87,effnet_recplot,41,faithfulness,0.247553288936615
87,effnet_recplot,41,robustness,241.30165100097656
87,effnet_recplot,41,complexity,0.5909545624057408
87,effnet_recplot,42,faithfulness,0.3108638525009155
87,effnet_recplot,42,robustness,910.4721069335938
87,effnet_recplot,42,complexity,0.576027024205424
87,effnet_recplot,43,faithfulness,-0.06573085486888885
87,effnet_recplot,43,robustness,1243.84228515625
87,effnet_recplot,43,complexity,0.6421723579703953
87,effnet_recplot,44,faithfulness,0.1469842493534088
87,effnet_recplot,44,robustness,6.809699058532715
87,effnet_recplot,44,complexity,0.5125578743487247
87,effnet_recplot,45,faithfulness,-0.21911007165908813
87,effnet_recplot,45,robustness,1.2801845073699951
87,effnet_recplot,45,complexity,0.6265312047548647
87,effnet_recplot,46,faithfulness,-0.15685436129570007
87,effnet_recplot,46,robustness,1.7872469425201416
87,effnet_recplot,46,complexity,0.5658599779737534
87,effnet_recplot,47,faithfulness,0.027737393975257874
87,effnet_recplot,47,robustness,7181.04638671875
87,effnet_recplot,47,complexity,0.6067314614025427
87,effnet_recplot,48,faithfulness,-0.13939303159713745
87,effnet_recplot,48,robustness,1949.1217041015625
87,effnet_recplot,48,complexity,0.6193170912335592
87,effnet_recplot,49,faithfulness,-0.04235798120498657
87,effnet_recplot,49,robustness,74.68667602539062
87,effnet_recplot,49,complexity,0.60122324463531
87,effnet_recplot,50,faithfulness,-0.3295205533504486
87,effnet_recplot,50,robustness,10.99701976776123
87,effnet_recplot,50,complexity,0.5817296584727839
87,effnet_recplot,51,faithfulness,0.4053218960762024
87,effnet_recplot,51,robustness,23.977060317993164
87,effnet_recplot,51,complexity,0.6166813167104912
87,effnet_recplot,52,faithfulness,-0.08557826280593872
87,effnet_recplot,52,robustness,34.157684326171875
87,effnet_recplot,52,complexity,0.5866450993080833
87,effnet_recplot,53,faithfulness,0.2113514542579651
87,effnet_recplot,53,robustness,1162.6895751953125
87,effnet_recplot,53,complexity,0.5781948771333532
87,effnet_recplot,54,faithfulness,-0.02047843486070633
87,effnet_recplot,54,robustness,12.021868705749512
87,effnet_recplot,54,complexity,0.6403957222939342
87,effnet_recplot,55,faithfulness,0.1531636118888855
87,effnet_recplot,55,robustness,76.98050689697266
87,effnet_recplot,55,complexity,0.5946810395164422
87,effnet_recplot,56,faithfulness,0.003054670989513397
87,effnet_recplot,56,robustness,3.7628602981567383
87,effnet_recplot,56,complexity,0.5810731622400123
87,effnet_recplot,57,faithfulness,0.329001784324646
87,effnet_recplot,57,robustness,132.31817626953125
87,effnet_recplot,57,complexity,0.6080260698708364
87,effnet_recplot,58,faithfulness,0.0726083368062973
87,effnet_recplot,58,robustness,75.25189971923828
87,effnet_recplot,58,complexity,0.6030086712374199
93,mobilenet_orig,0,faithfulness,0.20095418393611908
93,mobilenet_orig,0,robustness,3.829002618789673
93,mobilenet_orig,0,complexity,0.6386097612721352
93,mobilenet_orig,1,faithfulness,0.17235076427459717
93,mobilenet_orig,1,robustness,4.9526824951171875
93,mobilenet_orig,1,complexity,0.5833944603185041
93,mobilenet_orig,2,faithfulness,0.2729378938674927
93,mobilenet_orig,2,robustness,2.352804660797119
93,mobilenet_orig,2,complexity,0.6348875908785363
93,mobilenet_orig,3,faithfulness,0.29954293370246887
93,mobilenet_orig,3,robustness,3.0924699306488037
93,mobilenet_orig,3,complexity,0.6330605238217751
93,mobilenet_orig,4,faithfulness,-0.29624229669570923
93,mobilenet_orig,4,robustness,3.2328312397003174
93,mobilenet_orig,4,complexity,0.5989960514496727
93,mobilenet_orig,5,faithfulness,0.16816216707229614
93,mobilenet_orig,5,robustness,2.9867632389068604
93,mobilenet_orig,5,complexity,0.6280002792166058
93,mobilenet_orig,6,faithfulness,0.1402714103460312
93,mobilenet_orig,6,robustness,4.099484920501709
93,mobilenet_orig,6,complexity,0.5921093129135289
93,mobilenet_orig,7,faithfulness,-0.22969570755958557
93,mobilenet_orig,7,robustness,4.428866863250732
93,mobilenet_orig,7,complexity,0.592843882435826
93,mobilenet_orig,8,faithfulness,0.18875694274902344
93,mobilenet_orig,8,robustness,4.997183322906494
93,mobilenet_orig,8,complexity,0.5899003149532729
93,mobilenet_orig,9,faithfulness,0.17488795518875122
93,mobilenet_orig,9,robustness,3.683163642883301
93,mobilenet_orig,9,complexity,0.617107883634
93,mobilenet_orig,10,faithfulness,0.3048325181007385
93,mobilenet_orig,10,robustness,2.8842453956604004
93,mobilenet_orig,10,complexity,0.5775875443900714
93,mobilenet_orig,11,faithfulness,0.1883394420146942
93,mobilenet_orig,11,robustness,5.576227188110352
93,mobilenet_orig,11,complexity,0.5945589590223163
93,mobilenet_orig,12,faithfulness,0.08669859170913696
93,mobilenet_orig,12,robustness,4.0024800300598145
93,mobilenet_orig,12,complexity,0.601431635481973
93,mobilenet_orig,13,faithfulness,-0.035371601581573486
93,mobilenet_orig,13,robustness,4.897825241088867
93,mobilenet_orig,13,complexity,0.5911673142844734
93,mobilenet_orig,14,faithfulness,0.11824202537536621
93,mobilenet_orig,14,robustness,3.476816415786743
93,mobilenet_orig,14,complexity,0.573513447238673
93,mobilenet_orig,15,faithfulness,0.1901717633008957
93,mobilenet_orig,15,robustness,4.562352657318115
93,mobilenet_orig,15,complexity,0.5849827679960817
93,mobilenet_orig,16,faithfulness,0.20575840771198273
93,mobilenet_orig,16,robustness,5.527809143066406
93,mobilenet_orig,16,complexity,0.5659790290004421
93,mobilenet_orig,17,faithfulness,0.08965089172124863
93,mobilenet_orig,17,robustness,4.147383689880371
93,mobilenet_orig,17,complexity,0.5674665680325147
93,mobilenet_orig,18,faithfulness,0.14234943687915802
93,mobilenet_orig,18,robustness,3.8714687824249268
93,mobilenet_orig,18,complexity,0.5746321513250399
93,mobilenet_orig,19,faithfulness,0.0742136687040329
93,mobilenet_orig,19,robustness,4.678324222564697
93,mobilenet_orig,19,complexity,0.5634475280530261
93,mobilenet_orig,20,faithfulness,0.04544854164123535
93,mobilenet_orig,20,robustness,1.8751647472381592
93,mobilenet_orig,20,complexity,0.6583385307726833
93,mobilenet_orig,21,faithfulness,0.3021688461303711
93,mobilenet_orig,21,robustness,4.780782699584961
93,mobilenet_orig,21,complexity,0.5650758550062526
93,mobilenet_orig,22,faithfulness,-0.0621802881360054
93,mobilenet_orig,22,robustness,3.7814724445343018
93,mobilenet_orig,22,complexity,0.5644360684780486
93,mobilenet_orig,23,faithfulness,0.29507315158843994
93,mobilenet_orig,23,robustness,3.7745089530944824
93,mobilenet_orig,23,complexity,0.5622252813992137
93,mobilenet_orig,24,faithfulness,0.06290282309055328
93,mobilenet_orig,24,robustness,3.7166390419006348
93,mobilenet_orig,24,complexity,0.5728854335256346
93,mobilenet_orig,25,faithfulness,0.30395522713661194
93,mobilenet_orig,25,robustness,3.355139970779419
93,mobilenet_orig,25,complexity,0.5969833550867045
93,mobilenet_orig,26,faithfulness,-0.19591554999351501
93,mobilenet_orig,26,robustness,3.8504345417022705
93,mobilenet_orig,26,complexity,0.5656744460870975
93,mobilenet_orig,27,faithfulness,-0.06883791089057922
93,mobilenet_orig,27,robustness,3.8564841747283936
93,mobilenet_orig,27,complexity,0.5774775092488269
93,mobilenet_orig,28,faithfulness,0.028513282537460327
93,mobilenet_orig,28,robustness,4.222647666931152
93,mobilenet_orig,28,complexity,0.5757507484364398
93,mobilenet_orig,29,faithfulness,0.1185547411441803
93,mobilenet_orig,29,robustness,3.953388214111328
93,mobilenet_orig,29,complexity,0.5767573105206336
93,mobilenet_orig,30,faithfulness,0.2384175807237625
93,mobilenet_orig,30,robustness,3.164923667907715
93,mobilenet_orig,30,complexity,0.5780369495695944
93,mobilenet_orig,31,faithfulness,0.5049940943717957
93,mobilenet_orig,31,robustness,3.465827226638794
93,mobilenet_orig,31,complexity,0.6152844460726006
93,mobilenet_orig,32,faithfulness,0.3000440001487732
93,mobilenet_orig,32,robustness,3.0488641262054443
93,mobilenet_orig,32,complexity,0.6070962592640526
93,mobilenet_orig,33,faithfulness,0.02730359137058258
93,mobilenet_orig,33,robustness,3.4510281085968018
93,mobilenet_orig,33,complexity,0.5992125530991969
93,mobilenet_orig,34,faithfulness,0.21943241357803345
93,mobilenet_orig,34,robustness,3.8510842323303223
93,mobilenet_orig,34,complexity,0.5607642329314272
93,mobilenet_orig,35,faithfulness,-0.1117652952671051
93,mobilenet_orig,35,robustness,4.235168933868408
93,mobilenet_orig,35,complexity,0.5868699918444086
93,mobilenet_orig,36,faithfulness,-0.0749049037694931
93,mobilenet_orig,36,robustness,4.132436752319336
93,mobilenet_orig,36,complexity,0.5655917290396315
93,mobilenet_orig,37,faithfulness,-0.1443082094192505
93,mobilenet_orig,37,robustness,3.450732707977295
93,mobilenet_orig,37,complexity,0.5676679894308966
93,mobilenet_orig,38,faithfulness,0.13942958414554596
93,mobilenet_orig,38,robustness,5.059798240661621
93,mobilenet_orig,38,complexity,0.598291333160841
93,mobilenet_orig,39,faithfulness,-0.13406796753406525
93,mobilenet_orig,39,robustness,5.775655746459961
93,mobilenet_orig,39,complexity,0.5937340702530183
93,mobilenet_orig,40,faithfulness,-0.08813396841287613
93,mobilenet_orig,40,robustness,4.932557106018066
93,mobilenet_orig,40,complexity,0.5697517614433457
93,mobilenet_orig,41,faithfulness,0.3243555724620819
93,mobilenet_orig,41,robustness,4.942968368530273
93,mobilenet_orig,41,complexity,0.5609353844097805
93,mobilenet_orig,42,faithfulness,0.1714499592781067
93,mobilenet_orig,42,robustness,4.934942722320557
93,mobilenet_orig,42,complexity,0.5828133125071964
93,mobilenet_orig,43,faithfulness,-0.17515972256660461
93,mobilenet_orig,43,robustness,5.754757881164551
93,mobilenet_orig,43,complexity,0.5768526054210945
93,mobilenet_orig,44,faithfulness,-0.1406426876783371
93,mobilenet_orig,44,robustness,3.7912437915802
93,mobilenet_orig,44,complexity,0.5622695526492931
93,mobilenet_orig,45,faithfulness,0.13917028903961182
93,mobilenet_orig,45,robustness,3.6582255363464355
93,mobilenet_orig,45,complexity,0.5699182426474524
93,mobilenet_orig,46,faithfulness,-0.038568560034036636
93,mobilenet_orig,46,robustness,5.024989128112793
93,mobilenet_orig,46,complexity,0.5778850104078371
93,mobilenet_orig,47,faithfulness,0.018164947628974915
93,mobilenet_orig,47,robustness,4.767737865447998
93,mobilenet_orig,47,complexity,0.5928956437752814
93,mobilenet_orig,48,faithfulness,0.36980170011520386
93,mobilenet_orig,48,robustness,4.37907075881958
93,mobilenet_orig,48,complexity,0.6198742836716192
93,mobilenet_orig,49,faithfulness,-0.04438281059265137
93,mobilenet_orig,49,robustness,4.070823669433594
93,mobilenet_orig,49,complexity,0.5786234612197207
93,mobilenet_orig,50,faithfulness,0.200851172208786
93,mobilenet_orig,50,robustness,3.9643666744232178
93,mobilenet_orig,50,complexity,0.6113525619659854
93,mobilenet_orig,51,faithfulness,-0.14719149470329285
93,mobilenet_orig,51,robustness,3.6468241214752197
93,mobilenet_orig,51,complexity,0.614127277134942
93,mobilenet_orig,52,faithfulness,0.23418939113616943
93,mobilenet_orig,52,robustness,4.288835048675537
93,mobilenet_orig,52,complexity,0.5971957688745172
93,mobilenet_orig,53,faithfulness,-0.09837109595537186
93,mobilenet_orig,53,robustness,3.2841956615448
93,mobilenet_orig,53,complexity,0.6129021024820389
93,mobilenet_orig,54,faithfulness,-0.19074048101902008
93,mobilenet_orig,54,robustness,4.0319414138793945
93,mobilenet_orig,54,complexity,0.5951634562493789
93,mobilenet_orig,55,faithfulness,0.19200414419174194
93,mobilenet_orig,55,robustness,4.355906009674072
93,mobilenet_orig,55,complexity,0.5775115531075751
93,mobilenet_orig,56,faithfulness,0.3799312710762024
93,mobilenet_orig,56,robustness,5.079163551330566
93,mobilenet_orig,56,complexity,0.5767157000694271
93,mobilenet_orig,57,faithfulness,0.14693382382392883
93,mobilenet_orig,57,robustness,4.580081462860107
93,mobilenet_orig,57,complexity,0.5708966931572573
93,mobilenet_orig,58,faithfulness,-0.0958704799413681
93,mobilenet_orig,58,robustness,3.602287530899048
93,mobilenet_orig,58,complexity,0.571996931403045
93,mobilenet_recplot,0,faithfulness,-0.11163468658924103
93,mobilenet_recplot,0,robustness,4.109912872314453
93,mobilenet_recplot,0,complexity,0.68323802077982
93,mobilenet_recplot,1,faithfulness,-0.041466400027275085
93,mobilenet_recplot,1,robustness,4.006753921508789
93,mobilenet_recplot,1,complexity,0.6479639798018041
93,mobilenet_recplot,2,faithfulness,-0.17306429147720337
93,mobilenet_recplot,2,robustness,2.684467315673828
93,mobilenet_recplot,2,complexity,0.7310322788863952
93,mobilenet_recplot,3,faithfulness,-0.10107292234897614
93,mobilenet_recplot,3,robustness,3.4059109687805176
93,mobilenet_recplot,3,complexity,0.6740280102466872
93,mobilenet_recplot,4,faithfulness,0.19645419716835022
93,mobilenet_recplot,4,robustness,2.11336350440979
93,mobilenet_recplot,4,complexity,0.7725799821186138
93,mobilenet_recplot,5,faithfulness,0.0060614123940467834
93,mobilenet_recplot,5,robustness,3.438049077987671
93,mobilenet_recplot,5,complexity,0.738723916235362
93,mobilenet_recplot,6,faithfulness,0.10635796189308167
93,mobilenet_recplot,6,robustness,2.5958333015441895
93,mobilenet_recplot,6,complexity,0.7418223766784593
93,mobilenet_recplot,7,faithfulness,0.1509239673614502
93,mobilenet_recplot,7,robustness,1.4850730895996094
93,mobilenet_recplot,7,complexity,0.604576621304021
93,mobilenet_recplot,8,faithfulness,-0.12684623897075653
93,mobilenet_recplot,8,robustness,3.9333174228668213
93,mobilenet_recplot,8,complexity,0.6241027213703837
93,mobilenet_recplot,9,faithfulness,-0.14709633588790894
93,mobilenet_recplot,9,robustness,3.412524938583374
93,mobilenet_recplot,9,complexity,0.6310682747537565
93,mobilenet_recplot,10,faithfulness,-0.23717549443244934
93,mobilenet_recplot,10,robustness,2.1886963844299316
93,mobilenet_recplot,10,complexity,0.7502098240884741
93,mobilenet_recplot,11,faithfulness,0.0200364887714386
93,mobilenet_recplot,11,robustness,3.7320680618286133
93,mobilenet_recplot,11,complexity,0.6724045492598122
93,mobilenet_recplot,12,faithfulness,0.24844861030578613
93,mobilenet_recplot,12,robustness,3.0719411373138428
93,mobilenet_recplot,12,complexity,0.707739885889839
93,mobilenet_recplot,13,faithfulness,0.11176986992359161
93,mobilenet_recplot,13,robustness,3.447378635406494
93,mobilenet_recplot,13,complexity,0.7055982524005505
93,mobilenet_recplot,14,faithfulness,-0.018863629549741745
93,mobilenet_recplot,14,robustness,1.6175425052642822
93,mobilenet_recplot,14,complexity,0.7555850509484263
93,mobilenet_recplot,15,faithfulness,-0.15992048382759094
93,mobilenet_recplot,15,robustness,5.0470685958862305
93,mobilenet_recplot,15,complexity,0.6010692020647911
93,mobilenet_recplot,16,faithfulness,-0.06629990041255951
93,mobilenet_recplot,16,robustness,3.304058074951172
93,mobilenet_recplot,16,complexity,0.5804006766371914
93,mobilenet_recplot,17,faithfulness,0.022958070039749146
93,mobilenet_recplot,17,robustness,1.8989489078521729
93,mobilenet_recplot,17,complexity,0.7797045750902578
93,mobilenet_recplot,18,faithfulness,-0.13839268684387207
93,mobilenet_recplot,18,robustness,1.5347193479537964
93,mobilenet_recplot,18,complexity,0.6364014943334081
93,mobilenet_recplot,19,faithfulness,0.22185775637626648
93,mobilenet_recplot,19,robustness,2.5973970890045166
93,mobilenet_recplot,19,complexity,0.6371738743082566
93,mobilenet_recplot,20,faithfulness,0.06929222494363785
93,mobilenet_recplot,20,robustness,1.3028393983840942
93,mobilenet_recplot,20,complexity,0.6338197207211294
93,mobilenet_recplot,21,faithfulness,-0.10897449404001236
93,mobilenet_recplot,21,robustness,2.220763683319092
93,mobilenet_recplot,21,complexity,0.64122449309759
93,mobilenet_recplot,22,faithfulness,-0.0383124053478241
93,mobilenet_recplot,22,robustness,2.771122932434082
93,mobilenet_recplot,22,complexity,0.6866093235147588
93,mobilenet_recplot,23,faithfulness,-0.20137010514736176
93,mobilenet_recplot,23,robustness,2.0200202465057373
93,mobilenet_recplot,23,complexity,0.7428606682622938
93,mobilenet_recplot,24,faithfulness,-0.32130566239356995
93,mobilenet_recplot,24,robustness,3.7867748737335205
93,mobilenet_recplot,24,complexity,0.6600862449679662
93,mobilenet_recplot,25,faithfulness,0.002303868532180786
93,mobilenet_recplot,25,robustness,3.359229564666748
93,mobilenet_recplot,25,complexity,0.6611635437049587
93,mobilenet_recplot,26,faithfulness,0.007314108312129974
93,mobilenet_recplot,26,robustness,3.268423557281494
93,mobilenet_recplot,26,complexity,0.5914628383422212
93,mobilenet_recplot,27,faithfulness,-0.20210587978363037
93,mobilenet_recplot,27,robustness,3.4808597564697266
93,mobilenet_recplot,27,complexity,0.6457327260807174
93,mobilenet_recplot,28,faithfulness,-0.3798595666885376
93,mobilenet_recplot,28,robustness,1.6294124126434326
93,mobilenet_recplot,28,complexity,0.6214082025230802
93,mobilenet_recplot,29,faithfulness,-0.08171813189983368
93,mobilenet_recplot,29,robustness,2.5584652423858643
93,mobilenet_recplot,29,complexity,0.6425726576306457
93,mobilenet_recplot,30,faithfulness,-0.09709181636571884
93,mobilenet_recplot,30,robustness,2.442650079727173
93,mobilenet_recplot,30,complexity,0.6524867575308756
93,mobilenet_recplot,31,faithfulness,-0.15579405426979065
93,mobilenet_recplot,31,robustness,4.003761291503906
93,mobilenet_recplot,31,complexity,0.6805347219783111
93,mobilenet_recplot,32,faithfulness,0.3632732927799225
93,mobilenet_recplot,32,robustness,3.8864874839782715
93,mobilenet_recplot,32,complexity,0.6513693382675039
93,mobilenet_recplot,33,faithfulness,0.05137678235769272
93,mobilenet_recplot,33,robustness,5.897100448608398
93,mobilenet_recplot,33,complexity,0.66465394189478
93,mobilenet_recplot,34,faithfulness,-0.0608789324760437
93,mobilenet_recplot,34,robustness,2.481067657470703
93,mobilenet_recplot,34,complexity,0.6723491254598647
93,mobilenet_recplot,35,faithfulness,-0.4181116819381714
93,mobilenet_recplot,35,robustness,4.01168966293335
93,mobilenet_recplot,35,complexity,0.6412473247203877
93,mobilenet_recplot,36,faithfulness,-0.329802930355072
93,mobilenet_recplot,36,robustness,3.9529688358306885
93,mobilenet_recplot,36,complexity,0.6487161120780173
93,mobilenet_recplot,37,faithfulness,0.1090989038348198
93,mobilenet_recplot,37,robustness,1.6748206615447998
93,mobilenet_recplot,37,complexity,0.7274024240653775
93,mobilenet_recplot,38,faithfulness,-0.004658631980419159
93,mobilenet_recplot,38,robustness,3.371293544769287
93,mobilenet_recplot,38,complexity,0.5969394687773785
93,mobilenet_recplot,39,faithfulness,0.15124675631523132
93,mobilenet_recplot,39,robustness,3.5634407997131348
93,mobilenet_recplot,39,complexity,0.5976413695215907
93,mobilenet_recplot,40,faithfulness,0.22312305867671967
93,mobilenet_recplot,40,robustness,1.2549186944961548
93,mobilenet_recplot,40,complexity,0.6489021873144456
93,mobilenet_recplot,41,faithfulness,0.08719217777252197
93,mobilenet_recplot,41,robustness,2.844923734664917
93,mobilenet_recplot,41,complexity,0.604361562662868
93,mobilenet_recplot,42,faithfulness,-0.17173659801483154
93,mobilenet_recplot,42,robustness,1.8450673818588257
93,mobilenet_recplot,42,complexity,0.7177375597626401
93,mobilenet_recplot,43,faithfulness,-0.18475300073623657
93,mobilenet_recplot,43,robustness,1.5684455633163452
93,mobilenet_recplot,43,complexity,0.7016695857691024
93,mobilenet_recplot,44,faithfulness,-0.21587812900543213
93,mobilenet_recplot,44,robustness,1.6160656213760376
93,mobilenet_recplot,44,complexity,0.609361132054843
93,mobilenet_recplot,45,faithfulness,-0.2898830771446228
93,mobilenet_recplot,45,robustness,1.8140676021575928
93,mobilenet_recplot,45,complexity,0.7316413094411249
93,mobilenet_recplot,46,faithfulness,0.09206461161375046
93,mobilenet_recplot,46,robustness,1.2988381385803223
93,mobilenet_recplot,46,complexity,0.6417622623099406
93,mobilenet_recplot,47,faithfulness,0.28304579854011536
93,mobilenet_recplot,47,robustness,1.8967816829681396
93,mobilenet_recplot,47,complexity,0.7626172717756383
93,mobilenet_recplot,48,faithfulness,0.36311373114585876
93,mobilenet_recplot,48,robustness,3.5879154205322266
93,mobilenet_recplot,48,complexity,0.7319701694982642
93,mobilenet_recplot,49,faithfulness,0.0818864107131958
93,mobilenet_recplot,49,robustness,3.7086055278778076
93,mobilenet_recplot,49,complexity,0.6128846412602592
93,mobilenet_recplot,50,faithfulness,-0.17583222687244415
93,mobilenet_recplot,50,robustness,3.0674407482147217
93,mobilenet_recplot,50,complexity,0.6715628008754598
93,mobilenet_recplot,51,faithfulness,-0.07838741689920425
93,mobilenet_recplot,51,robustness,3.7264671325683594
93,mobilenet_recplot,51,complexity,0.6581605963808088
93,mobilenet_recplot,52,faithfulness,-0.12489917129278183
93,mobilenet_recplot,52,robustness,4.892158031463623
93,mobilenet_recplot,52,complexity,0.6111175262262124
93,mobilenet_recplot,53,faithfulness,-0.34119361639022827
93,mobilenet_recplot,53,robustness,2.457427978515625
93,mobilenet_recplot,53,complexity,0.69607211266207
93,mobilenet_recplot,54,faithfulness,0.3231421113014221
93,mobilenet_recplot,54,robustness,3.044250726699829
93,mobilenet_recplot,54,complexity,0.6637072037170955
93,mobilenet_recplot,55,faithfulness,-0.014652036130428314
93,mobilenet_recplot,55,robustness,2.8639655113220215
93,mobilenet_recplot,55,complexity,0.7335728359348574
93,mobilenet_recplot,56,faithfulness,-0.3799886703491211
93,mobilenet_recplot,56,robustness,1.6255261898040771
93,mobilenet_recplot,56,complexity,0.6439470409600345
93,mobilenet_recplot,57,faithfulness,-0.2766793966293335
93,mobilenet_recplot,57,robustness,2.977745771408081
93,mobilenet_recplot,57,complexity,0.6593969019229555
93,mobilenet_recplot,58,faithfulness,-0.12447099387645721
93,mobilenet_recplot,58,robustness,4.634251117706299
93,mobilenet_recplot,58,complexity,0.6513257326000305
93,effnet_orig,0,faithfulness,0.10530492663383484
93,effnet_orig,0,robustness,1.2287306785583496
93,effnet_orig,0,complexity,0.5515653908311676
93,effnet_orig,1,faithfulness,0.006914928555488586
93,effnet_orig,1,robustness,1.1423547267913818
93,effnet_orig,1,complexity,0.5509676966033488
93,effnet_orig,2,faithfulness,-0.12287656217813492
93,effnet_orig,2,robustness,1.4994070529937744
93,effnet_orig,2,complexity,0.5369164920363148
93,effnet_orig,3,faithfulness,0.2568751573562622
93,effnet_orig,3,robustness,1.247782826423645
93,effnet_orig,3,complexity,0.5404397859117519
93,effnet_orig,4,faithfulness,0.36785367131233215
93,effnet_orig,4,robustness,1.5067933797836304
93,effnet_orig,4,complexity,0.5525191877460498
93,effnet_orig,5,faithfulness,0.2302989959716797
93,effnet_orig,5,robustness,1.4418963193893433
93,effnet_orig,5,complexity,0.5516950298662051
93,effnet_orig,6,faithfulness,0.31558579206466675
93,effnet_orig,6,robustness,1.7331914901733398
93,effnet_orig,6,complexity,0.5478563409392361
93,effnet_orig,7,faithfulness,0.46451646089553833
93,effnet_orig,7,robustness,1.4290285110473633
93,effnet_orig,7,complexity,0.5393997779422923
93,effnet_orig,8,faithfulness,0.2549542188644409
93,effnet_orig,8,robustness,1.1559274196624756
93,effnet_orig,8,complexity,0.5468223306224173
93,effnet_orig,9,faithfulness,0.24967114627361298
93,effnet_orig,9,robustness,1.0880364179611206
93,effnet_orig,9,complexity,0.5345506650370421
93,effnet_orig,10,faithfulness,-0.031741511076688766
93,effnet_orig,10,robustness,1.5309534072875977
93,effnet_orig,10,complexity,0.5576990639617938
93,effnet_orig,11,faithfulness,0.10656635463237762
93,effnet_orig,11,robustness,1.4665648937225342
93,effnet_orig,11,complexity,0.564677574211024
93,effnet_orig,12,faithfulness,0.4439021944999695
93,effnet_orig,12,robustness,1.2802505493164062
93,effnet_orig,12,complexity,0.5611549374976258
93,effnet_orig,13,faithfulness,0.332518607378006
93,effnet_orig,13,robustness,1.3742090463638306
93,effnet_orig,13,complexity,0.5376497355483923
93,effnet_orig,14,faithfulness,0.19279766082763672
93,effnet_orig,14,robustness,1.2976698875427246
93,effnet_orig,14,complexity,0.5340439625027477
93,effnet_orig,15,faithfulness,-0.010777339339256287
93,effnet_orig,15,robustness,1.136879324913025
93,effnet_orig,15,complexity,0.5374920830810801
93,effnet_orig,16,faithfulness,0.04752406105399132
93,effnet_orig,16,robustness,1.0511143207550049
93,effnet_orig,16,complexity,0.5423920929350745
93,effnet_orig,17,faithfulness,-0.06982321292161942
93,effnet_orig,17,robustness,1.2674036026000977
93,effnet_orig,17,complexity,0.5350130803795204
93,effnet_orig,18,faithfulness,0.23695315420627594
93,effnet_orig,18,robustness,1.3149412870407104
93,effnet_orig,18,complexity,0.5249480298883615
93,effnet_orig,19,faithfulness,0.2721412181854248
93,effnet_orig,19,robustness,1.3734923601150513
93,effnet_orig,19,complexity,0.5293133109866893
93,effnet_orig,20,faithfulness,-0.026015862822532654
93,effnet_orig,20,robustness,1.507727861404419
93,effnet_orig,20,complexity,0.5628143121373689
93,effnet_orig,21,faithfulness,-0.02334175631403923
93,effnet_orig,21,robustness,1.136812686920166
93,effnet_orig,21,complexity,0.5735289172507892
93,effnet_orig,22,faithfulness,0.28873521089553833
93,effnet_orig,22,robustness,1.4705501794815063
93,effnet_orig,22,complexity,0.5551511477900126
93,effnet_orig,23,faithfulness,-0.06632748991250992
93,effnet_orig,23,robustness,1.3186382055282593
93,effnet_orig,23,complexity,0.5422505260071329
93,effnet_orig,24,faithfulness,0.31511592864990234
93,effnet_orig,24,robustness,0.9769248962402344
93,effnet_orig,24,complexity,0.5470328501370256
93,effnet_orig,25,faithfulness,-0.03543592244386673
93,effnet_orig,25,robustness,1.136042594909668
93,effnet_orig,25,complexity,0.543264588372712
93,effnet_orig,26,faithfulness,0.5346982479095459
93,effnet_orig,26,robustness,1.106764316558838
93,effnet_orig,26,complexity,0.5300081490061282
93,effnet_orig,27,faithfulness,0.2943379282951355
93,effnet_orig,27,robustness,1.079736590385437
93,effnet_orig,27,complexity,0.5435365764930591
93,effnet_orig,28,faithfulness,0.15375594794750214
93,effnet_orig,28,robustness,1.3970859050750732
93,effnet_orig,28,complexity,0.5642356388254905
93,effnet_orig,29,faithfulness,0.187461256980896
93,effnet_orig,29,robustness,1.3094358444213867
93,effnet_orig,29,complexity,0.541922606840448
93,effnet_orig,30,faithfulness,0.07973620295524597
93,effnet_orig,30,robustness,1.1350038051605225
93,effnet_orig,30,complexity,0.5387207322717839
93,effnet_orig,31,faithfulness,0.27577680349349976
93,effnet_orig,31,robustness,1.2347522974014282
93,effnet_orig,31,complexity,0.543455779015247
93,effnet_orig,32,faithfulness,0.2463301569223404
93,effnet_orig,32,robustness,1.015592098236084
93,effnet_orig,32,complexity,0.5415863688348432
93,effnet_orig,33,faithfulness,0.02644970640540123
93,effnet_orig,33,robustness,1.05347740650177
93,effnet_orig,33,complexity,0.5428950365079094
93,effnet_orig,34,faithfulness,-0.18069812655448914
93,effnet_orig,34,robustness,1.438879370689392
93,effnet_orig,34,complexity,0.5242493130182722
93,effnet_orig,35,faithfulness,0.1424480378627777
93,effnet_orig,35,robustness,1.3539756536483765
93,effnet_orig,35,complexity,0.5375070071028164
93,effnet_orig,36,faithfulness,0.14909154176712036
93,effnet_orig,36,robustness,1.257464051246643
93,effnet_orig,36,complexity,0.526644646378845
93,effnet_orig,37,faithfulness,-0.1598716527223587
93,effnet_orig,37,robustness,2.4844484329223633
93,effnet_orig,37,complexity,0.5781125319478368
93,effnet_orig,38,faithfulness,0.2662785053253174
93,effnet_orig,38,robustness,1.7840759754180908
93,effnet_orig,38,complexity,0.5421841407295206
93,effnet_orig,39,faithfulness,0.06008128821849823
93,effnet_orig,39,robustness,1.2759648561477661
93,effnet_orig,39,complexity,0.5957344532181519
93,effnet_orig,40,faithfulness,0.17285405099391937
93,effnet_orig,40,robustness,1.4967296123504639
93,effnet_orig,40,complexity,0.5312833169884729
93,effnet_orig,41,faithfulness,0.22580553591251373
93,effnet_orig,41,robustness,1.2208822965621948
93,effnet_orig,41,complexity,0.5426467749851441
93,effnet_orig,42,faithfulness,0.23272565007209778
93,effnet_orig,42,robustness,1.4941376447677612
93,effnet_orig,42,complexity,0.5376936760233598
93,effnet_orig,43,faithfulness,-0.04996081814169884
93,effnet_orig,43,robustness,1.5579032897949219
93,effnet_orig,43,complexity,0.5380695076733539
93,effnet_orig,44,faithfulness,0.2703436315059662
93,effnet_orig,44,robustness,1.4056824445724487
93,effnet_orig,44,complexity,0.5531844870040524
93,effnet_orig,45,faithfulness,0.035856347531080246
93,effnet_orig,45,robustness,1.6120376586914062
93,effnet_orig,45,complexity,0.5305773797340453
93,effnet_orig,46,faithfulness,0.2767328917980194
93,effnet_orig,46,robustness,1.7848315238952637
93,effnet_orig,46,complexity,0.5723435227975855
93,effnet_orig,47,faithfulness,0.003742218017578125
93,effnet_orig,47,robustness,1.1496158838272095
93,effnet_orig,47,complexity,0.5502380932540047
93,effnet_orig,48,faithfulness,0.3106980323791504
93,effnet_orig,48,robustness,1.2205445766448975
93,effnet_orig,48,complexity,0.5554862761395586
93,effnet_orig,49,faithfulness,0.35079702734947205
93,effnet_orig,49,robustness,1.1422119140625
93,effnet_orig,49,complexity,0.5251113387265544
93,effnet_orig,50,faithfulness,-0.21269457042217255
93,effnet_orig,50,robustness,1.108288049697876
93,effnet_orig,50,complexity,0.567085236209918
93,effnet_orig,51,faithfulness,0.2748347222805023
93,effnet_orig,51,robustness,0.9839922189712524
93,effnet_orig,51,complexity,0.5662978842964029
93,effnet_orig,52,faithfulness,-0.006853163242340088
93,effnet_orig,52,robustness,1.1957118511199951
93,effnet_orig,52,complexity,0.5319398694181087
93,effnet_orig,53,faithfulness,0.028812773525714874
93,effnet_orig,53,robustness,1.277369499206543
93,effnet_orig,53,complexity,0.5543533607376971
93,effnet_orig,54,faithfulness,0.13449111580848694
93,effnet_orig,54,robustness,1.2937965393066406
93,effnet_orig,54,complexity,0.5427375313493012
93,effnet_orig,55,faithfulness,0.19893169403076172
93,effnet_orig,55,robustness,1.2372790575027466
93,effnet_orig,55,complexity,0.5543212879834964
93,effnet_orig,56,faithfulness,-0.10401774942874908
93,effnet_orig,56,robustness,1.4174128770828247
93,effnet_orig,56,complexity,0.5395738137672758
93,effnet_orig,57,faithfulness,-0.23423612117767334
93,effnet_orig,57,robustness,1.0824201107025146
93,effnet_orig,57,complexity,0.556260315282635
93,effnet_orig,58,faithfulness,0.03228345140814781
93,effnet_orig,58,robustness,1.0264941453933716
93,effnet_orig,58,complexity,0.543748530409569
93,effnet_recplot,0,faithfulness,0.1175834909081459
93,effnet_recplot,0,robustness,2.999382734298706
93,effnet_recplot,0,complexity,0.5584963418074623
93,effnet_recplot,1,faithfulness,-0.015365302562713623
93,effnet_recplot,1,robustness,5.276134490966797
93,effnet_recplot,1,complexity,0.573659919647047
93,effnet_recplot,2,faithfulness,-0.07818593829870224
93,effnet_recplot,2,robustness,8.569910049438477
93,effnet_recplot,2,complexity,0.6103941524544716
93,effnet_recplot,3,faithfulness,0.015665046870708466
93,effnet_recplot,3,robustness,45.2135124206543
93,effnet_recplot,3,complexity,0.571088673009678
93,effnet_recplot,4,faithfulness,-0.16056948900222778
93,effnet_recplot,4,robustness,8.092188835144043
93,effnet_recplot,4,complexity,0.6046464265807195
93,effnet_recplot,5,faithfulness,0.05276360362768173
93,effnet_recplot,5,robustness,1.0486810207366943
93,effnet_recplot,5,complexity,0.6087336293511754
93,effnet_recplot,6,faithfulness,0.05416207015514374
93,effnet_recplot,6,robustness,1.1845905780792236
93,effnet_recplot,6,complexity,0.6187955392728772
93,effnet_recplot,7,faithfulness,0.2589288651943207
93,effnet_recplot,7,robustness,1.037728190422058
93,effnet_recplot,7,complexity,0.5111615110715998
93,effnet_recplot,8,faithfulness,0.14675642549991608
93,effnet_recplot,8,robustness,67.76118469238281
93,effnet_recplot,8,complexity,0.5990484171308506
93,effnet_recplot,9,faithfulness,-0.2164449542760849
93,effnet_recplot,9,robustness,161.46633911132812
93,effnet_recplot,9,complexity,0.5754341992854308
93,effnet_recplot,10,faithfulness,0.09916670620441437
93,effnet_recplot,10,robustness,3.5130984783172607
93,effnet_recplot,10,complexity,0.6359710405760092
93,effnet_recplot,11,faithfulness,-0.29162853956222534
93,effnet_recplot,11,robustness,31.927797317504883
93,effnet_recplot,11,complexity,0.5699616837754864
93,effnet_recplot,12,faithfulness,0.23685549199581146
93,effnet_recplot,12,robustness,9.218612670898438
93,effnet_recplot,12,complexity,0.6203650508304006
93,effnet_recplot,13,faithfulness,-0.03915040194988251
93,effnet_recplot,13,robustness,4.281226634979248
93,effnet_recplot,13,complexity,0.6250829741670066
93,effnet_recplot,14,faithfulness,-0.093382827937603
93,effnet_recplot,14,robustness,56.72889709472656
93,effnet_recplot,14,complexity,0.6325738096677547
93,effnet_recplot,15,faithfulness,0.06606067717075348
93,effnet_recplot,15,robustness,33.26567459106445
93,effnet_recplot,15,complexity,0.5383245672268138
93,effnet_recplot,16,faithfulness,0.19508244097232819
93,effnet_recplot,16,robustness,1.5264639854431152
93,effnet_recplot,16,complexity,0.5833913917256998
93,effnet_recplot,17,faithfulness,0.1694873571395874
93,effnet_recplot,17,robustness,2.483501672744751
93,effnet_recplot,17,complexity,0.6059538265671562
93,effnet_recplot,18,faithfulness,0.16806189715862274
93,effnet_recplot,18,robustness,1.1835638284683228
93,effnet_recplot,18,complexity,0.5291245270497631
93,effnet_recplot,19,faithfulness,-0.2137514054775238
93,effnet_recplot,19,robustness,48.40203857421875
93,effnet_recplot,19,complexity,0.5720445921078384
93,effnet_recplot,20,faithfulness,-0.034193843603134155
93,effnet_recplot,20,robustness,140.2324981689453
93,effnet_recplot,20,complexity,0.5109779090108537
93,effnet_recplot,21,faithfulness,0.09137117862701416
93,effnet_recplot,21,robustness,5.725777626037598
93,effnet_recplot,21,complexity,0.6180736455800068
93,effnet_recplot,22,faithfulness,0.15103363990783691
93,effnet_recplot,22,robustness,7.214025974273682
93,effnet_recplot,22,complexity,0.6156564101906571
93,effnet_recplot,23,faithfulness,-0.10041499137878418
93,effnet_recplot,23,robustness,9.382515907287598
93,effnet_recplot,23,complexity,0.6289856077182083
93,effnet_recplot,24,faithfulness,0.11004839837551117
93,effnet_recplot,24,robustness,559.8223876953125
93,effnet_recplot,24,complexity,0.6241351210897353
93,effnet_recplot,25,faithfulness,0.14063404500484467
93,effnet_recplot,25,robustness,1.0414890050888062
93,effnet_recplot,25,complexity,0.5968345944610244
93,effnet_recplot,26,faithfulness,0.45671555399894714
93,effnet_recplot,26,robustness,1.3802250623703003
93,effnet_recplot,26,complexity,0.6140047171185096
93,effnet_recplot,27,faithfulness,-0.28730857372283936
93,effnet_recplot,27,robustness,1.6827303171157837
93,effnet_recplot,27,complexity,0.6679580964793985
93,effnet_recplot,28,faithfulness,0.307390034198761
93,effnet_recplot,28,robustness,4.416557788848877
93,effnet_recplot,28,complexity,0.5324205231347147
93,effnet_recplot,29,faithfulness,-0.03076893836259842
93,effnet_recplot,29,robustness,17.19649887084961
93,effnet_recplot,29,complexity,0.5372520651822289
93,effnet_recplot,30,faithfulness,0.04761850833892822
93,effnet_recplot,30,robustness,24.500940322875977
93,effnet_recplot,30,complexity,0.6477326736293816
93,effnet_recplot,31,faithfulness,0.06874779611825943
93,effnet_recplot,31,robustness,462.321044921875
93,effnet_recplot,31,complexity,0.5999440274967214
93,effnet_recplot,32,faithfulness,-0.1412905752658844
93,effnet_recplot,32,robustness,129.8628692626953
93,effnet_recplot,32,complexity,0.6143170422764617
93,effnet_recplot,33,faithfulness,-0.16366638243198395
93,effnet_recplot,33,robustness,257.0976867675781
93,effnet_recplot,33,complexity,0.6428499873587358
93,effnet_recplot,34,faithfulness,0.27075910568237305
93,effnet_recplot,34,robustness,13.307036399841309
93,effnet_recplot,34,complexity,0.6184523803989517
93,effnet_recplot,35,faithfulness,0.10144053399562836
93,effnet_recplot,35,robustness,3.8260622024536133
93,effnet_recplot,35,complexity,0.6316350819682532
93,effnet_recplot,36,faithfulness,0.2682517170906067
93,effnet_recplot,36,robustness,1.0736271142959595
93,effnet_recplot,36,complexity,0.6154340019121249
93,effnet_recplot,37,faithfulness,-0.06405171751976013
93,effnet_recplot,37,robustness,8.005291938781738
93,effnet_recplot,37,complexity,0.640132048054029
93,effnet_recplot,38,faithfulness,-0.04959128051996231
93,effnet_recplot,38,robustness,1.2929513454437256
93,effnet_recplot,38,complexity,0.5899658424181897
93,effnet_recplot,39,faithfulness,0.15709561109542847
93,effnet_recplot,39,robustness,94.3125228881836
93,effnet_recplot,39,complexity,0.5499113970794015
93,effnet_recplot,40,faithfulness,-0.13075055181980133
93,effnet_recplot,40,robustness,1.841882348060608
93,effnet_recplot,40,complexity,0.5535020150124181
93,effnet_recplot,41,faithfulness,0.1493547260761261
93,effnet_recplot,41,robustness,346.39483642578125
93,effnet_recplot,41,complexity,0.6011555871876347
93,effnet_recplot,42,faithfulness,0.014321483671665192
93,effnet_recplot,42,robustness,1.1710662841796875
93,effnet_recplot,42,complexity,0.5893712230093108
93,effnet_recplot,43,faithfulness,0.04665228724479675
93,effnet_recplot,43,robustness,2.4184083938598633
93,effnet_recplot,43,complexity,0.6200245338108192
93,effnet_recplot,44,faithfulness,-0.19623452425003052
93,effnet_recplot,44,robustness,1.9220036268234253
93,effnet_recplot,44,complexity,0.5613060525312183
93,effnet_recplot,45,faithfulness,0.04531582444906235
93,effnet_recplot,45,robustness,27.493289947509766
93,effnet_recplot,45,complexity,0.6226706920893255
93,effnet_recplot,46,faithfulness,-0.10001660138368607
93,effnet_recplot,46,robustness,1.023770809173584
93,effnet_recplot,46,complexity,0.58267060163749
93,effnet_recplot,47,faithfulness,-0.04756177216768265
93,effnet_recplot,47,robustness,32.37760543823242
93,effnet_recplot,47,complexity,0.5946394318082533
93,effnet_recplot,48,faithfulness,-0.13830921053886414
93,effnet_recplot,48,robustness,20.148515701293945
93,effnet_recplot,48,complexity,0.6497394927432479
93,effnet_recplot,49,faithfulness,-0.13054758310317993
93,effnet_recplot,49,robustness,2.630685329437256
93,effnet_recplot,49,complexity,0.5592547920477484
93,effnet_recplot,50,faithfulness,-0.11553676426410675
93,effnet_recplot,50,robustness,1.0112028121948242
93,effnet_recplot,50,complexity,0.5694080762681799
93,effnet_recplot,51,faithfulness,0.24463793635368347
93,effnet_recplot,51,robustness,1.6347568035125732
93,effnet_recplot,51,complexity,0.6176709467003791
93,effnet_recplot,52,faithfulness,0.17812100052833557
93,effnet_recplot,52,robustness,24.46650505065918
93,effnet_recplot,52,complexity,0.56439241435915
93,effnet_recplot,53,faithfulness,0.06822951138019562
93,effnet_recplot,53,robustness,48.939327239990234
93,effnet_recplot,53,complexity,0.6429226038332968
93,effnet_recplot,54,faithfulness,0.2071734368801117
93,effnet_recplot,54,robustness,2.9678614139556885
93,effnet_recplot,54,complexity,0.6086953341430847
93,effnet_recplot,55,faithfulness,-0.06338760256767273
93,effnet_recplot,55,robustness,1.1198084354400635
93,effnet_recplot,55,complexity,0.5904746316840747
93,effnet_recplot,56,faithfulness,0.17083093523979187
93,effnet_recplot,56,robustness,5.971586227416992
93,effnet_recplot,56,complexity,0.5716338983245347
93,effnet_recplot,57,faithfulness,-0.09094896167516708
93,effnet_recplot,57,robustness,35.360836029052734
93,effnet_recplot,57,complexity,0.5631753110458404
93,effnet_recplot,58,faithfulness,0.20280243456363678
93,effnet_recplot,58,robustness,13.080362319946289
93,effnet_recplot,58,complexity,0.5649312060210854
107,mobilenet_orig,0,faithfulness,0.2551290988922119
107,mobilenet_orig,0,robustness,2.2853071689605713
107,mobilenet_orig,0,complexity,0.619294539019129
107,mobilenet_orig,1,faithfulness,-0.29231613874435425
107,mobilenet_orig,1,robustness,4.258086681365967
107,mobilenet_orig,1,complexity,0.5678961787819174
107,mobilenet_orig,2,faithfulness,0.5245765447616577
107,mobilenet_orig,2,robustness,1.830164909362793
107,mobilenet_orig,2,complexity,0.6142087911918013
107,mobilenet_orig,3,faithfulness,0.3611024022102356
107,mobilenet_orig,3,robustness,2.89912486076355
107,mobilenet_orig,3,complexity,0.6058552149612604
107,mobilenet_orig,4,faithfulness,0.46796321868896484
107,mobilenet_orig,4,robustness,2.921523332595825
107,mobilenet_orig,4,complexity,0.557228180907021
107,mobilenet_orig,5,faithfulness,0.3448362350463867
107,mobilenet_orig,5,robustness,2.0336544513702393
107,mobilenet_orig,5,complexity,0.6118472985733407
107,mobilenet_orig,6,faithfulness,0.0975736603140831
107,mobilenet_orig,6,robustness,2.612380266189575
107,mobilenet_orig,6,complexity,0.581987846206901
107,mobilenet_orig,7,faithfulness,0.0725274384021759
107,mobilenet_orig,7,robustness,2.4883005619049072
107,mobilenet_orig,7,complexity,0.5899501643891583
107,mobilenet_orig,8,faithfulness,0.2778550386428833
107,mobilenet_orig,8,robustness,2.899946689605713
107,mobilenet_orig,8,complexity,0.5691423386751646
107,mobilenet_orig,9,faithfulness,0.17014843225479126
107,mobilenet_orig,9,robustness,2.8627090454101562
107,mobilenet_orig,9,complexity,0.6151533100920019
107,mobilenet_orig,10,faithfulness,0.04637545347213745
107,mobilenet_orig,10,robustness,2.1305770874023438
107,mobilenet_orig,10,complexity,0.5867381468590631
107,mobilenet_orig,11,faithfulness,0.16701431572437286
107,mobilenet_orig,11,robustness,2.704570770263672
107,mobilenet_orig,11,complexity,0.5835696412359176
107,mobilenet_orig,12,faithfulness,0.34891876578330994
107,mobilenet_orig,12,robustness,2.7425549030303955
107,mobilenet_orig,12,complexity,0.6078209736865624
107,mobilenet_orig,13,faithfulness,-0.06763732433319092
107,mobilenet_orig,13,robustness,2.4144999980926514
107,mobilenet_orig,13,complexity,0.5913513610275268
107,mobilenet_orig,14,faithfulness,0.19639381766319275
107,mobilenet_orig,14,robustness,2.291074275970459
107,mobilenet_orig,14,complexity,0.5734421775150262
107,mobilenet_orig,15,faithfulness,-0.04047073423862457
107,mobilenet_orig,15,robustness,2.434299945831299
107,mobilenet_orig,15,complexity,0.5922149375783854
107,mobilenet_orig,16,faithfulness,0.08830916881561279
107,mobilenet_orig,16,robustness,2.913975715637207
107,mobilenet_orig,16,complexity,0.5889556680687995
107,mobilenet_orig,17,faithfulness,0.22041833400726318
107,mobilenet_orig,17,robustness,2.271695137023926
107,mobilenet_orig,17,complexity,0.5677283853561709
107,mobilenet_orig,18,faithfulness,-0.06390652805566788
107,mobilenet_orig,18,robustness,2.2081546783447266
107,mobilenet_orig,18,complexity,0.5818795284801387
107,mobilenet_orig,19,faithfulness,0.13466450572013855
107,mobilenet_orig,19,robustness,2.962608575820923
107,mobilenet_orig,19,complexity,0.5544399278513774
107,mobilenet_orig,20,faithfulness,-0.15893563628196716
107,mobilenet_orig,20,robustness,1.6969071626663208
107,mobilenet_orig,20,complexity,0.6334302040072225
107,mobilenet_orig,21,faithfulness,0.12281432747840881
107,mobilenet_orig,21,robustness,2.3875277042388916
107,mobilenet_orig,21,complexity,0.5979054712405991
107,mobilenet_orig,22,faithfulness,-0.13517889380455017
107,mobilenet_orig,22,robustness,2.608023166656494
107,mobilenet_orig,22,complexity,0.5791299748524815
107,mobilenet_orig,23,faithfulness,0.2100103795528412
107,mobilenet_orig,23,robustness,2.9283981323242188
107,mobilenet_orig,23,complexity,0.5624828382526448
107,mobilenet_orig,24,faithfulness,0.04893225058913231
107,mobilenet_orig,24,robustness,2.1324095726013184
107,mobilenet_orig,24,complexity,0.5794140001988898
107,mobilenet_orig,25,faithfulness,-0.057231172919273376
107,mobilenet_orig,25,robustness,2.1180200576782227
107,mobilenet_orig,25,complexity,0.6112053366578256
107,mobilenet_orig,26,faithfulness,0.2408970296382904
107,mobilenet_orig,26,robustness,2.8113088607788086
107,mobilenet_orig,26,complexity,0.5793875772729427
107,mobilenet_orig,27,faithfulness,0.12324000149965286
107,mobilenet_orig,27,robustness,2.2096996307373047
107,mobilenet_orig,27,complexity,0.5645450289578028
107,mobilenet_orig,28,faithfulness,0.056257620453834534
107,mobilenet_orig,28,robustness,3.614495038986206
107,mobilenet_orig,28,complexity,0.5710538300690862
107,mobilenet_orig,29,faithfulness,-0.06902725994586945
107,mobilenet_orig,29,robustness,3.6109015941619873
107,mobilenet_orig,29,complexity,0.5690970811478425
107,mobilenet_orig,30,faithfulness,0.18759092688560486
107,mobilenet_orig,30,robustness,2.4346649646759033
107,mobilenet_orig,30,complexity,0.5711613214822723
107,mobilenet_orig,31,faithfulness,0.0072828009724617004
107,mobilenet_orig,31,robustness,2.7725019454956055
107,mobilenet_orig,31,complexity,0.6021408439338976
107,mobilenet_orig,32,faithfulness,0.15224677324295044
107,mobilenet_orig,32,robustness,2.1198294162750244
107,mobilenet_orig,32,complexity,0.6093980103970525
107,mobilenet_orig,33,faithfulness,0.060464657843112946
107,mobilenet_orig,33,robustness,2.5558652877807617
107,mobilenet_orig,33,complexity,0.5636934603840804
107,mobilenet_orig,34,faithfulness,-0.1323278248310089
107,mobilenet_orig,34,robustness,2.4433183670043945
107,mobilenet_orig,34,complexity,0.5638453720749506
107,mobilenet_orig,35,faithfulness,-0.023907139897346497
107,mobilenet_orig,35,robustness,3.0735692977905273
107,mobilenet_orig,35,complexity,0.5796806344405271
107,mobilenet_orig,36,faithfulness,0.17671257257461548
107,mobilenet_orig,36,robustness,2.365321159362793
107,mobilenet_orig,36,complexity,0.5819470820288497
107,mobilenet_orig,37,faithfulness,-0.05584306642413139
107,mobilenet_orig,37,robustness,2.2968931198120117
107,mobilenet_orig,37,complexity,0.59878642305738
107,mobilenet_orig,38,faithfulness,0.24519950151443481
107,mobilenet_orig,38,robustness,3.366746664047241
107,mobilenet_orig,38,complexity,0.6116437503025711
107,mobilenet_orig,39,faithfulness,-0.017936697229743004
107,mobilenet_orig,39,robustness,3.024089813232422
107,mobilenet_orig,39,complexity,0.6040251104475243
107,mobilenet_orig,40,faithfulness,0.05511884763836861
107,mobilenet_orig,40,robustness,2.500068187713623
107,mobilenet_orig,40,complexity,0.5833519491549527
107,mobilenet_orig,41,faithfulness,0.22876882553100586
107,mobilenet_orig,41,robustness,2.384270429611206
107,mobilenet_orig,41,complexity,0.6001631067268512
107,mobilenet_orig,42,faithfulness,-0.22451151907444
107,mobilenet_orig,42,robustness,3.489158868789673
107,mobilenet_orig,42,complexity,0.5832840458864025
107,mobilenet_orig,43,faithfulness,0.007244609296321869
107,mobilenet_orig,43,robustness,3.6278953552246094
107,mobilenet_orig,43,complexity,0.5871460716090634
107,mobilenet_orig,44,faithfulness,-0.23539088666439056
107,mobilenet_orig,44,robustness,3.1996514797210693
107,mobilenet_orig,44,complexity,0.5766069748771578
107,mobilenet_orig,45,faithfulness,0.12432503700256348
107,mobilenet_orig,45,robustness,1.994680404663086
107,mobilenet_orig,45,complexity,0.593883301208523
107,mobilenet_orig,46,faithfulness,-0.23419316112995148
107,mobilenet_orig,46,robustness,3.164107322692871
107,mobilenet_orig,46,complexity,0.5838800109265113
107,mobilenet_orig,47,faithfulness,0.08065927773714066
107,mobilenet_orig,47,robustness,3.3002259731292725
107,mobilenet_orig,47,complexity,0.6203308584691678
107,mobilenet_orig,48,faithfulness,-0.22669771313667297
107,mobilenet_orig,48,robustness,2.548250198364258
107,mobilenet_orig,48,complexity,0.604742318826959
107,mobilenet_orig,49,faithfulness,0.24118882417678833
107,mobilenet_orig,49,robustness,2.5874364376068115
107,mobilenet_orig,49,complexity,0.5656668652761752
107,mobilenet_orig,50,faithfulness,0.5181926488876343
107,mobilenet_orig,50,robustness,2.4140257835388184
107,mobilenet_orig,50,complexity,0.5921244847147954
107,mobilenet_orig,51,faithfulness,-0.17984268069267273
107,mobilenet_orig,51,robustness,2.764193534851074
107,mobilenet_orig,51,complexity,0.5997530572159422
107,mobilenet_orig,52,faithfulness,0.27414652705192566
107,mobilenet_orig,52,robustness,2.1640985012054443
107,mobilenet_orig,52,complexity,0.5864790614217372
107,mobilenet_orig,53,faithfulness,-0.0785919576883316
107,mobilenet_orig,53,robustness,2.595628261566162
107,mobilenet_orig,53,complexity,0.6060818340350668
107,mobilenet_orig,54,faithfulness,0.07201289385557175
107,mobilenet_orig,54,robustness,2.254544734954834
107,mobilenet_orig,54,complexity,0.5694543914813924
107,mobilenet_orig,55,faithfulness,0.3864191770553589
107,mobilenet_orig,55,robustness,2.186969518661499
107,mobilenet_orig,55,complexity,0.5908736850085008
107,mobilenet_orig,56,faithfulness,-0.046156540513038635
107,mobilenet_orig,56,robustness,2.905320644378662
107,mobilenet_orig,56,complexity,0.5845008213662989
107,mobilenet_orig,57,faithfulness,0.0053542256355285645
107,mobilenet_orig,57,robustness,2.5646958351135254
107,mobilenet_orig,57,complexity,0.5619756375196245
107,mobilenet_orig,58,faithfulness,-0.18623033165931702
107,mobilenet_orig,58,robustness,2.2112624645233154
107,mobilenet_orig,58,complexity,0.5740509793094
107,mobilenet_recplot,0,faithfulness,-0.1460002362728119
107,mobilenet_recplot,0,robustness,2.314701795578003
107,mobilenet_recplot,0,complexity,0.6352324690445738
107,mobilenet_recplot,1,faithfulness,-0.13262253999710083
107,mobilenet_recplot,1,robustness,2.2715020179748535
107,mobilenet_recplot,1,complexity,0.635438398002434
107,mobilenet_recplot,2,faithfulness,-0.022561118006706238
107,mobilenet_recplot,2,robustness,2.0446112155914307
107,mobilenet_recplot,2,complexity,0.7098002583737102
107,mobilenet_recplot,3,faithfulness,-0.2978059649467468
107,mobilenet_recplot,3,robustness,2.313694477081299
107,mobilenet_recplot,3,complexity,0.6371195770209069
107,mobilenet_recplot,4,faithfulness,0.07666042447090149
107,mobilenet_recplot,4,robustness,1.9984405040740967
107,mobilenet_recplot,4,complexity,0.6954088599097084
107,mobilenet_recplot,5,faithfulness,0.02063608169555664
107,mobilenet_recplot,5,robustness,2.2523200511932373
107,mobilenet_recplot,5,complexity,0.7145809261091206
107,mobilenet_recplot,6,faithfulness,-0.0854029506444931
107,mobilenet_recplot,6,robustness,1.833552360534668
107,mobilenet_recplot,6,complexity,0.7061092337851743
107,mobilenet_recplot,7,faithfulness,0.20178723335266113
107,mobilenet_recplot,7,robustness,1.5582902431488037
107,mobilenet_recplot,7,complexity,0.5762919217136218
107,mobilenet_recplot,8,faithfulness,-0.09392674267292023
107,mobilenet_recplot,8,robustness,2.124072313308716
107,mobilenet_recplot,8,complexity,0.5988169177631202
107,mobilenet_recplot,9,faithfulness,0.20523971319198608
107,mobilenet_recplot,9,robustness,2.7266845703125
107,mobilenet_recplot,9,complexity,0.6085852246379875
107,mobilenet_recplot,10,faithfulness,-0.38896816968917847
107,mobilenet_recplot,10,robustness,1.460474967956543
107,mobilenet_recplot,10,complexity,0.761465669230267
107,mobilenet_recplot,11,faithfulness,0.10896319895982742
107,mobilenet_recplot,11,robustness,1.845091462135315
107,mobilenet_recplot,11,complexity,0.6720197863705002
107,mobilenet_recplot,12,faithfulness,0.02841438353061676
107,mobilenet_recplot,12,robustness,2.1217689514160156
107,mobilenet_recplot,12,complexity,0.6844491562273354
107,mobilenet_recplot,13,faithfulness,-0.04622098058462143
107,mobilenet_recplot,13,robustness,1.9647166728973389
107,mobilenet_recplot,13,complexity,0.6874102242265929
107,mobilenet_recplot,14,faithfulness,-0.13627757132053375
107,mobilenet_recplot,14,robustness,1.4585158824920654
107,mobilenet_recplot,14,complexity,0.6977412788614817
107,mobilenet_recplot,15,faithfulness,0.10489431023597717
107,mobilenet_recplot,15,robustness,2.2726314067840576
107,mobilenet_recplot,15,complexity,0.587799830412251
107,mobilenet_recplot,16,faithfulness,-0.26542580127716064
107,mobilenet_recplot,16,robustness,2.4282641410827637
107,mobilenet_recplot,16,complexity,0.5675907654891212
107,mobilenet_recplot,17,faithfulness,-0.16681963205337524
107,mobilenet_recplot,17,robustness,1.5918325185775757
107,mobilenet_recplot,17,complexity,0.7157674770400395
107,mobilenet_recplot,18,faithfulness,-0.375912070274353
107,mobilenet_recplot,18,robustness,1.3675779104232788
107,mobilenet_recplot,18,complexity,0.5711845757121549
107,mobilenet_recplot,19,faithfulness,-0.1853295862674713
107,mobilenet_recplot,19,robustness,2.477135419845581
107,mobilenet_recplot,19,complexity,0.5972956740040039
107,mobilenet_recplot,20,faithfulness,0.03995372727513313
107,mobilenet_recplot,20,robustness,1.6588726043701172
107,mobilenet_recplot,20,complexity,0.5630530664764505
107,mobilenet_recplot,21,faithfulness,-0.37447690963745117
107,mobilenet_recplot,21,robustness,1.3714635372161865
107,mobilenet_recplot,21,complexity,0.6394401780922196
107,mobilenet_recplot,22,faithfulness,0.16827690601348877
107,mobilenet_recplot,22,robustness,2.1285626888275146
107,mobilenet_recplot,22,complexity,0.6345953323938377
107,mobilenet_recplot,23,faithfulness,-0.04451579600572586
107,mobilenet_recplot,23,robustness,2.3834140300750732
107,mobilenet_recplot,23,complexity,0.6880262253554024
107,mobilenet_recplot,24,faithfulness,0.22394098341464996
107,mobilenet_recplot,24,robustness,3.543454647064209
107,mobilenet_recplot,24,complexity,0.6433413484142272
107,mobilenet_recplot,25,faithfulness,-0.0246858149766922
107,mobilenet_recplot,25,robustness,3.1507468223571777
107,mobilenet_recplot,25,complexity,0.625817644176587
107,mobilenet_recplot,26,faithfulness,-0.11910095810890198
107,mobilenet_recplot,26,robustness,1.5668730735778809
107,mobilenet_recplot,26,complexity,0.5842245850674411
107,mobilenet_recplot,27,faithfulness,-0.06309536844491959
107,mobilenet_recplot,27,robustness,2.6862175464630127
107,mobilenet_recplot,27,complexity,0.6320934965650438
107,mobilenet_recplot,28,faithfulness,-0.16936025023460388
107,mobilenet_recplot,28,robustness,2.2077066898345947
107,mobilenet_recplot,28,complexity,0.5873830495421972
107,mobilenet_recplot,29,faithfulness,0.05854930728673935
107,mobilenet_recplot,29,robustness,1.6442691087722778
107,mobilenet_recplot,29,complexity,0.6337823819912294
107,mobilenet_recplot,30,faithfulness,-0.30547940731048584
107,mobilenet_recplot,30,robustness,3.149466037750244
107,mobilenet_recplot,30,complexity,0.6295889503215273
107,mobilenet_recplot,31,faithfulness,0.08706101775169373
107,mobilenet_recplot,31,robustness,4.296691417694092
107,mobilenet_recplot,31,complexity,0.6373979486339431
107,mobilenet_recplot,32,faithfulness,-0.17027956247329712
107,mobilenet_recplot,32,robustness,2.732779026031494
107,mobilenet_recplot,32,complexity,0.6539602435819841
107,mobilenet_recplot,33,faithfulness,-0.31612396240234375
107,mobilenet_recplot,33,robustness,3.6327457427978516
107,mobilenet_recplot,33,complexity,0.6398270630032948
107,mobilenet_recplot,34,faithfulness,0.14055733382701874
107,mobilenet_recplot,34,robustness,3.3174335956573486
107,mobilenet_recplot,34,complexity,0.6357648276067249
107,mobilenet_recplot,35,faithfulness,-0.2191370576620102
107,mobilenet_recplot,35,robustness,3.4617063999176025
107,mobilenet_recplot,35,complexity,0.6185559082309234
107,mobilenet_recplot,36,faithfulness,0.05454442650079727
107,mobilenet_recplot,36,robustness,2.679898500442505
107,mobilenet_recplot,36,complexity,0.6187780083827776
107,mobilenet_recplot,37,faithfulness,0.15241482853889465
107,mobilenet_recplot,37,robustness,1.4403326511383057
107,mobilenet_recplot,37,complexity,0.7212951161249546
107,mobilenet_recplot,38,faithfulness,0.061070337891578674
107,mobilenet_recplot,38,robustness,2.0578441619873047
107,mobilenet_recplot,38,complexity,0.5626626102671609
107,mobilenet_recplot,39,faithfulness,0.4268055558204651
107,mobilenet_recplot,39,robustness,1.8915292024612427
107,mobilenet_recplot,39,complexity,0.573535747210896
107,mobilenet_recplot,40,faithfulness,0.07231517136096954
107,mobilenet_recplot,40,robustness,1.1169278621673584
107,mobilenet_recplot,40,complexity,0.6100141104274178
107,mobilenet_recplot,41,faithfulness,-0.16142220795154572
107,mobilenet_recplot,41,robustness,1.7766762971878052
107,mobilenet_recplot,41,complexity,0.6061220189931691
107,mobilenet_recplot,42,faithfulness,-0.008982876315712929
107,mobilenet_recplot,42,robustness,1.3454806804656982
107,mobilenet_recplot,42,complexity,0.6505342187320092
107,mobilenet_recplot,43,faithfulness,-0.09943490475416183
107,mobilenet_recplot,43,robustness,1.2535269260406494
107,mobilenet_recplot,43,complexity,0.7000644001902688
107,mobilenet_recplot,44,faithfulness,-0.05301894247531891
107,mobilenet_recplot,44,robustness,1.1901724338531494
107,mobilenet_recplot,44,complexity,0.5548871643101325
107,mobilenet_recplot,45,faithfulness,-0.3616087734699249
107,mobilenet_recplot,45,robustness,1.4924240112304688
107,mobilenet_recplot,45,complexity,0.6901245731126343
107,mobilenet_recplot,46,faithfulness,-0.07975218445062637
107,mobilenet_recplot,46,robustness,1.1356184482574463
107,mobilenet_recplot,46,complexity,0.6492677592095603
107,mobilenet_recplot,47,faithfulness,-0.09854565560817719
107,mobilenet_recplot,47,robustness,2.5524699687957764
107,mobilenet_recplot,47,complexity,0.6906664264074706
107,mobilenet_recplot,48,faithfulness,-0.057258330285549164
107,mobilenet_recplot,48,robustness,2.5800564289093018
107,mobilenet_recplot,48,complexity,0.6889908912565272
107,mobilenet_recplot,49,faithfulness,-0.16120558977127075
107,mobilenet_recplot,49,robustness,2.3075664043426514
107,mobilenet_recplot,49,complexity,0.5778948683104032
107,mobilenet_recplot,50,faithfulness,-0.0065045952796936035
107,mobilenet_recplot,50,robustness,2.0453076362609863
107,mobilenet_recplot,50,complexity,0.6470295890328667
107,mobilenet_recplot,51,faithfulness,-0.30171066522598267
107,mobilenet_recplot,51,robustness,3.264782190322876
107,mobilenet_recplot,51,complexity,0.6387678592958274
107,mobilenet_recplot,52,faithfulness,-0.06154149770736694
107,mobilenet_recplot,52,robustness,3.1434402465820312
107,mobilenet_recplot,52,complexity,0.5842277397571357
107,mobilenet_recplot,53,faithfulness,-0.07050691545009613
107,mobilenet_recplot,53,robustness,1.9969098567962646
107,mobilenet_recplot,53,complexity,0.680824834754381
107,mobilenet_recplot,54,faithfulness,-0.14017097651958466
107,mobilenet_recplot,54,robustness,1.7218232154846191
107,mobilenet_recplot,54,complexity,0.6698786699097685
107,mobilenet_recplot,55,faithfulness,-0.14354552328586578
107,mobilenet_recplot,55,robustness,2.377959728240967
107,mobilenet_recplot,55,complexity,0.7074460877687687
107,mobilenet_recplot,56,faithfulness,-0.4367026686668396
107,mobilenet_recplot,56,robustness,1.5969375371932983
107,mobilenet_recplot,56,complexity,0.6077756774098195
107,mobilenet_recplot,57,faithfulness,0.10904307663440704
107,mobilenet_recplot,57,robustness,2.2280073165893555
107,mobilenet_recplot,57,complexity,0.6303297709698492
107,mobilenet_recplot,58,faithfulness,-0.3136090338230133
107,mobilenet_recplot,58,robustness,2.743863105773926
107,mobilenet_recplot,58,complexity,0.628443433173668
107,effnet_orig,0,faithfulness,0.047396693378686905
107,effnet_orig,0,robustness,1.0536149740219116
107,effnet_orig,0,complexity,0.534808844894696
107,effnet_orig,1,faithfulness,0.31245145201683044
107,effnet_orig,1,robustness,1.182223916053772
107,effnet_orig,1,complexity,0.5285387973556015
107,effnet_orig,2,faithfulness,0.1521710604429245
107,effnet_orig,2,robustness,1.1105626821517944
107,effnet_orig,2,complexity,0.5313660639141511
107,effnet_orig,3,faithfulness,0.24455207586288452
107,effnet_orig,3,robustness,1.009399652481079
107,effnet_orig,3,complexity,0.5502691465647694
107,effnet_orig,4,faithfulness,0.30359745025634766
107,effnet_orig,4,robustness,1.2104239463806152
107,effnet_orig,4,complexity,0.5448808450527429
107,effnet_orig,5,faithfulness,-0.014306183904409409
107,effnet_orig,5,robustness,1.2143609523773193
107,effnet_orig,5,complexity,0.5418153625415317
107,effnet_orig,6,faithfulness,0.11806626617908478
107,effnet_orig,6,robustness,1.2962974309921265
107,effnet_orig,6,complexity,0.5486380005495365
107,effnet_orig,7,faithfulness,0.30918917059898376
107,effnet_orig,7,robustness,1.0293174982070923
107,effnet_orig,7,complexity,0.5495609454561469
107,effnet_orig,8,faithfulness,0.32993072271347046
107,effnet_orig,8,robustness,0.9427353143692017
107,effnet_orig,8,complexity,0.5570560447574856
107,effnet_orig,9,faithfulness,0.0762970894575119
107,effnet_orig,9,robustness,1.015810489654541
107,effnet_orig,9,complexity,0.5265311922189482
107,effnet_orig,10,faithfulness,0.28479960560798645
107,effnet_orig,10,robustness,1.2095226049423218
107,effnet_orig,10,complexity,0.5512953898163745
107,effnet_orig,11,faithfulness,0.0217144675552845
107,effnet_orig,11,robustness,1.3086642026901245
107,effnet_orig,11,complexity,0.54984431570277
107,effnet_orig,12,faithfulness,0.3223974108695984
107,effnet_orig,12,robustness,1.2519742250442505
107,effnet_orig,12,complexity,0.5521901009262106
107,effnet_orig,13,faithfulness,0.07848586142063141
107,effnet_orig,13,robustness,1.0670703649520874
107,effnet_orig,13,complexity,0.5527969445447424
107,effnet_orig,14,faithfulness,0.4720780551433563
107,effnet_orig,14,robustness,1.2035325765609741
107,effnet_orig,14,complexity,0.5305061360798755
107,effnet_orig,15,faithfulness,0.09085038304328918
107,effnet_orig,15,robustness,1.0448085069656372
107,effnet_orig,15,complexity,0.5290116569574999
107,effnet_orig,16,faithfulness,-0.08002249151468277
107,effnet_orig,16,robustness,0.9569175243377686
107,effnet_orig,16,complexity,0.5388192940095298
107,effnet_orig,17,faithfulness,0.44279026985168457
107,effnet_orig,17,robustness,1.2546051740646362
107,effnet_orig,17,complexity,0.5251795560101735
107,effnet_orig,18,faithfulness,0.20132197439670563
107,effnet_orig,18,robustness,1.1097205877304077
107,effnet_orig,18,complexity,0.5393684054429182
107,effnet_orig,19,faithfulness,-0.18509891629219055
107,effnet_orig,19,robustness,1.225135087966919
107,effnet_orig,19,complexity,0.5455116716962559
107,effnet_orig,20,faithfulness,-0.07801558077335358
107,effnet_orig,20,robustness,1.2808223962783813
107,effnet_orig,20,complexity,0.5571754956085352
107,effnet_orig,21,faithfulness,0.3671233355998993
107,effnet_orig,21,robustness,1.0841100215911865
107,effnet_orig,21,complexity,0.5722822892512804
107,effnet_orig,22,faithfulness,0.4314901530742645
107,effnet_orig,22,robustness,1.5668083429336548
107,effnet_orig,22,complexity,0.5497316910729014
107,effnet_orig,23,faithfulness,-0.0029083862900733948
107,effnet_orig,23,robustness,1.227370262145996
107,effnet_orig,23,complexity,0.5369457885943257
107,effnet_orig,24,faithfulness,0.45480138063430786
107,effnet_orig,24,robustness,1.0553979873657227
107,effnet_orig,24,complexity,0.5462423392130292
107,effnet_orig,25,faithfulness,0.48444512486457825
107,effnet_orig,25,robustness,0.9381496906280518
107,effnet_orig,25,complexity,0.5489143490700664
107,effnet_orig,26,faithfulness,0.3277324140071869
107,effnet_orig,26,robustness,0.8912339210510254
107,effnet_orig,26,complexity,0.535626342425207
107,effnet_orig,27,faithfulness,0.22091618180274963
107,effnet_orig,27,robustness,0.9313921928405762
107,effnet_orig,27,complexity,0.5575035871049722
107,effnet_orig,28,faithfulness,0.14750134944915771
107,effnet_orig,28,robustness,1.2302027940750122
107,effnet_orig,28,complexity,0.5883767693264532
107,effnet_orig,29,faithfulness,0.16359275579452515
107,effnet_orig,29,robustness,1.0733845233917236
107,effnet_orig,29,complexity,0.5410163492494298
107,effnet_orig,30,faithfulness,0.2913934588432312
107,effnet_orig,30,robustness,0.9231702089309692
107,effnet_orig,30,complexity,0.5351183480507365
107,effnet_orig,31,faithfulness,-0.1851770281791687
107,effnet_orig,31,robustness,1.0094492435455322
107,effnet_orig,31,complexity,0.5577402889519705
107,effnet_orig,32,faithfulness,0.32560646533966064
107,effnet_orig,32,robustness,0.8631237149238586
107,effnet_orig,32,complexity,0.5526814477495557
107,effnet_orig,33,faithfulness,-0.09609147906303406
107,effnet_orig,33,robustness,0.9381309747695923
107,effnet_orig,33,complexity,0.5909451664510618
107,effnet_orig,34,faithfulness,0.0069693028926849365
107,effnet_orig,34,robustness,0.9621581435203552
107,effnet_orig,34,complexity,0.5355977562316475
107,effnet_orig,35,faithfulness,0.2524104118347168
107,effnet_orig,35,robustness,0.9761109948158264
107,effnet_orig,35,complexity,0.5494638098951479
107,effnet_orig,36,faithfulness,0.2057509869337082
107,effnet_orig,36,robustness,1.050063133239746
107,effnet_orig,36,complexity,0.5324480837325392
107,effnet_orig,37,faithfulness,0.20484793186187744
107,effnet_orig,37,robustness,3.0561721324920654
107,effnet_orig,37,complexity,0.5464899969033201
107,effnet_orig,38,faithfulness,0.1398715078830719
107,effnet_orig,38,robustness,1.0457335710525513
107,effnet_orig,38,complexity,0.5913698690644722
107,effnet_orig,39,faithfulness,0.22384630143642426
107,effnet_orig,39,robustness,1.1491687297821045
107,effnet_orig,39,complexity,0.5792306383111443
107,effnet_orig,40,faithfulness,-0.1282421350479126
107,effnet_orig,40,robustness,1.1680908203125
107,effnet_orig,40,complexity,0.5357792857947364
107,effnet_orig,41,faithfulness,-0.04810165613889694
107,effnet_orig,41,robustness,0.9888941049575806
107,effnet_orig,41,complexity,0.5464304613625088
107,effnet_orig,42,faithfulness,0.16198498010635376
107,effnet_orig,42,robustness,1.3894524574279785
107,effnet_orig,42,complexity,0.5645415804735527
107,effnet_orig,43,faithfulness,0.11443443596363068
107,effnet_orig,43,robustness,1.3439035415649414
107,effnet_orig,43,complexity,0.5397656577496232
107,effnet_orig,44,faithfulness,0.08929377049207687
107,effnet_orig,44,robustness,1.401163101196289
107,effnet_orig,44,complexity,0.551442684868981
107,effnet_orig,45,faithfulness,0.17930662631988525
107,effnet_orig,45,robustness,1.4502865076065063
107,effnet_orig,45,complexity,0.5347143187658363
107,effnet_orig,46,faithfulness,0.025075823068618774
107,effnet_orig,46,robustness,1.5636488199234009
107,effnet_orig,46,complexity,0.5601841034670242
107,effnet_orig,47,faithfulness,0.24503245949745178
107,effnet_orig,47,robustness,1.0115660429000854
107,effnet_orig,47,complexity,0.5693943702025429
107,effnet_orig,48,faithfulness,0.010723769664764404
107,effnet_orig,48,robustness,1.077660083770752
107,effnet_orig,48,complexity,0.5606365712943282
107,effnet_orig,49,faithfulness,0.005420025438070297
107,effnet_orig,49,robustness,0.9814234972000122
107,effnet_orig,49,complexity,0.5188918507102922
107,effnet_orig,50,faithfulness,0.2794937491416931
107,effnet_orig,50,robustness,1.1335188150405884
107,effnet_orig,50,complexity,0.580505721128508
107,effnet_orig,51,faithfulness,0.24243856966495514
107,effnet_orig,51,robustness,0.9569941759109497
107,effnet_orig,51,complexity,0.5639940814564075
107,effnet_orig,52,faithfulness,-0.010313056409358978
107,effnet_orig,52,robustness,0.999445915222168
107,effnet_orig,52,complexity,0.5333863401542498
107,effnet_orig,53,faithfulness,0.24149984121322632
107,effnet_orig,53,robustness,1.2874836921691895
107,effnet_orig,53,complexity,0.5798848832885279
107,effnet_orig,54,faithfulness,0.00998203456401825
107,effnet_orig,54,robustness,1.1735700368881226
107,effnet_orig,54,complexity,0.5443051003149255
107,effnet_orig,55,faithfulness,0.2473001331090927
107,effnet_orig,55,robustness,1.105800986289978
107,effnet_orig,55,complexity,0.5606983576804508
107,effnet_orig,56,faithfulness,0.1698479950428009
107,effnet_orig,56,robustness,1.4123274087905884
107,effnet_orig,56,complexity,0.5556246241937914
107,effnet_orig,57,faithfulness,0.03528681397438049
107,effnet_orig,57,robustness,1.0811537504196167
107,effnet_orig,57,complexity,0.5832677878586229
107,effnet_orig,58,faithfulness,0.08558274805545807
107,effnet_orig,58,robustness,0.979812502861023
107,effnet_orig,58,complexity,0.5737555979968498
107,effnet_recplot,0,faithfulness,-0.1685158908367157
107,effnet_recplot,0,robustness,9.20002555847168
107,effnet_recplot,0,complexity,0.6903493559653465
107,effnet_recplot,1,faithfulness,-0.07175961136817932
107,effnet_recplot,1,robustness,1.1669609546661377
107,effnet_recplot,1,complexity,0.6654265546361632
107,effnet_recplot,2,faithfulness,0.2607578933238983
107,effnet_recplot,2,robustness,22.036001205444336
107,effnet_recplot,2,complexity,0.6781867314033185
107,effnet_recplot,3,faithfulness,-0.06581909954547882
107,effnet_recplot,3,robustness,44.03932571411133
107,effnet_recplot,3,complexity,0.6302531012064627
107,effnet_recplot,4,faithfulness,0.08905263245105743
107,effnet_recplot,4,robustness,2.154791831970215
107,effnet_recplot,4,complexity,0.6729180556612971
107,effnet_recplot,5,faithfulness,-0.34639039635658264
107,effnet_recplot,5,robustness,1.5802284479141235
107,effnet_recplot,5,complexity,0.6698010991718824
107,effnet_recplot,6,faithfulness,0.04575971141457558
107,effnet_recplot,6,robustness,118.71014404296875
107,effnet_recplot,6,complexity,0.6348566475287274
107,effnet_recplot,7,faithfulness,0.28225499391555786
107,effnet_recplot,7,robustness,11.12849235534668
107,effnet_recplot,7,complexity,0.5888721144240804
107,effnet_recplot,8,faithfulness,-0.08661511540412903
107,effnet_recplot,8,robustness,1.3121417760849
107,effnet_recplot,8,complexity,0.6036971826942036
107,effnet_recplot,9,faithfulness,0.15890544652938843
107,effnet_recplot,9,robustness,9.523727416992188
107,effnet_recplot,9,complexity,0.6857446726449058
107,effnet_recplot,10,faithfulness,-0.060097262263298035
107,effnet_recplot,10,robustness,5.531148910522461
107,effnet_recplot,10,complexity,0.680999075601697
107,effnet_recplot,11,faithfulness,0.22815294563770294
107,effnet_recplot,11,robustness,115.19999694824219
107,effnet_recplot,11,complexity,0.6173734440109497
107,effnet_recplot,12,faithfulness,0.13989931344985962
107,effnet_recplot,12,robustness,40.53889465332031
107,effnet_recplot,12,complexity,0.6360575654641341
107,effnet_recplot,13,faithfulness,0.16807106137275696
107,effnet_recplot,13,robustness,8.369101524353027
107,effnet_recplot,13,complexity,0.676639818462829
107,effnet_recplot,14,faithfulness,0.2076561450958252
107,effnet_recplot,14,robustness,1.0131943225860596
107,effnet_recplot,14,complexity,0.676518217174968
107,effnet_recplot,15,faithfulness,0.12069694697856903
107,effnet_recplot,15,robustness,2.3740181922912598
107,effnet_recplot,15,complexity,0.6358221787710158
107,effnet_recplot,16,faithfulness,-0.01514008641242981
107,effnet_recplot,16,robustness,1.2001467943191528
107,effnet_recplot,16,complexity,0.6681689235288126
107,effnet_recplot,17,faithfulness,-0.00299815833568573
107,effnet_recplot,17,robustness,6.385622024536133
107,effnet_recplot,17,complexity,0.6431639024758738
107,effnet_recplot,18,faithfulness,-0.08462490141391754
107,effnet_recplot,18,robustness,4.5505900382995605
107,effnet_recplot,18,complexity,0.5519457343813111
107,effnet_recplot,19,faithfulness,0.20461788773536682
107,effnet_recplot,19,robustness,5.510499954223633
107,effnet_recplot,19,complexity,0.7053745417825571
107,effnet_recplot,20,faithfulness,-0.11664891988039017
107,effnet_recplot,20,robustness,23.71680450439453
107,effnet_recplot,20,complexity,0.6179046099212498
107,effnet_recplot,21,faithfulness,-0.2789667248725891
107,effnet_recplot,21,robustness,1.0332372188568115
107,effnet_recplot,21,complexity,0.6335311636702979
107,effnet_recplot,22,faithfulness,0.1495160162448883
107,effnet_recplot,22,robustness,9.038582801818848
107,effnet_recplot,22,complexity,0.6539148683383303
107,effnet_recplot,23,faithfulness,0.09347822517156601
107,effnet_recplot,23,robustness,1.6708054542541504
107,effnet_recplot,23,complexity,0.6604085336827821
107,effnet_recplot,24,faithfulness,0.09581385552883148
107,effnet_recplot,24,robustness,1.9948196411132812
107,effnet_recplot,24,complexity,0.6895488127905756
107,effnet_recplot,25,faithfulness,-0.04350157082080841
107,effnet_recplot,25,robustness,1.0048869848251343
107,effnet_recplot,25,complexity,0.7068462413190101
107,effnet_recplot,26,faithfulness,0.10204622149467468
107,effnet_recplot,26,robustness,1.0001095533370972
107,effnet_recplot,26,complexity,0.6810669654578714
107,effnet_recplot,27,faithfulness,0.10174239426851273
107,effnet_recplot,27,robustness,1.6681147813796997
107,effnet_recplot,27,complexity,0.6375496449814471
107,effnet_recplot,28,faithfulness,-0.21608859300613403
107,effnet_recplot,28,robustness,73.89350891113281
107,effnet_recplot,28,complexity,0.5480974464326408
107,effnet_recplot,29,faithfulness,0.476593554019928
107,effnet_recplot,29,robustness,6.711647033691406
107,effnet_recplot,29,complexity,0.659700304666513
107,effnet_recplot,30,faithfulness,-0.22391708195209503
107,effnet_recplot,30,robustness,30.82853889465332
107,effnet_recplot,30,complexity,0.7210164651787118
107,effnet_recplot,31,faithfulness,-0.008228819817304611
107,effnet_recplot,31,robustness,23.93431854248047
107,effnet_recplot,31,complexity,0.6468341850004282
107,effnet_recplot,32,faithfulness,-0.09597072005271912
107,effnet_recplot,32,robustness,34.55038833618164
107,effnet_recplot,32,complexity,0.6891040527373108
107,effnet_recplot,33,faithfulness,-0.010647550225257874
107,effnet_recplot,33,robustness,15.17968463897705
107,effnet_recplot,33,complexity,0.6083719656693595
107,effnet_recplot,34,faithfulness,0.18874770402908325
107,effnet_recplot,34,robustness,1.0072643756866455
107,effnet_recplot,34,complexity,0.6896668848492896
107,effnet_recplot,35,faithfulness,0.05423370748758316
107,effnet_recplot,35,robustness,6.529286861419678
107,effnet_recplot,35,complexity,0.6944090956143153
107,effnet_recplot,36,faithfulness,-0.15326644480228424
107,effnet_recplot,36,robustness,8.773686408996582
107,effnet_recplot,36,complexity,0.5750233553438786
107,effnet_recplot,37,faithfulness,-0.05702529102563858
107,effnet_recplot,37,robustness,63.72614288330078
107,effnet_recplot,37,complexity,0.664574067964839
107,effnet_recplot,38,faithfulness,-0.22607094049453735
107,effnet_recplot,38,robustness,1.8951594829559326
107,effnet_recplot,38,complexity,0.6420930613144724
107,effnet_recplot,39,faithfulness,0.08136992156505585
107,effnet_recplot,39,robustness,1.8812928199768066
107,effnet_recplot,39,complexity,0.6646163056747179
107,effnet_recplot,40,faithfulness,-0.19301003217697144
107,effnet_recplot,40,robustness,19.826982498168945
107,effnet_recplot,40,complexity,0.6202692621224101
107,effnet_recplot,41,faithfulness,0.20474892854690552
107,effnet_recplot,41,robustness,1.3470613956451416
107,effnet_recplot,41,complexity,0.6377012364853573
107,effnet_recplot,42,faithfulness,-0.07535702735185623
107,effnet_recplot,42,robustness,1.047465205192566
107,effnet_recplot,42,complexity,0.6470846272241252
107,effnet_recplot,43,faithfulness,-0.19186225533485413
107,effnet_recplot,43,robustness,9.257062911987305
107,effnet_recplot,43,complexity,0.6829564867874017
107,effnet_recplot,44,faithfulness,0.050871528685092926
107,effnet_recplot,44,robustness,3.641573190689087
107,effnet_recplot,44,complexity,0.6309469184105437
107,effnet_recplot,45,faithfulness,-0.46097415685653687
107,effnet_recplot,45,robustness,10.29870891571045
107,effnet_recplot,45,complexity,0.6048903113593962
107,effnet_recplot,46,faithfulness,0.054375410079956055
107,effnet_recplot,46,robustness,19.25973129272461
107,effnet_recplot,46,complexity,0.6460399009203637
107,effnet_recplot,47,faithfulness,0.353327214717865
107,effnet_recplot,47,robustness,13.696184158325195
107,effnet_recplot,47,complexity,0.6755889056053782
107,effnet_recplot,48,faithfulness,0.1107671856880188
107,effnet_recplot,48,robustness,1.0246672630310059
107,effnet_recplot,48,complexity,0.6891963280347421
107,effnet_recplot,49,faithfulness,0.08741852641105652
107,effnet_recplot,49,robustness,15.414305686950684
107,effnet_recplot,49,complexity,0.6542298408362285
107,effnet_recplot,50,faithfulness,0.1985795497894287
107,effnet_recplot,50,robustness,1.011946201324463
107,effnet_recplot,50,complexity,0.6935344308652615
107,effnet_recplot,51,faithfulness,0.1149437353014946
107,effnet_recplot,51,robustness,9.939300537109375
107,effnet_recplot,51,complexity,0.5709638160198947
107,effnet_recplot,52,faithfulness,0.18461935222148895
107,effnet_recplot,52,robustness,4.719529151916504
107,effnet_recplot,52,complexity,0.6679167751951574
107,effnet_recplot,53,faithfulness,0.2276102751493454
107,effnet_recplot,53,robustness,16.64453887939453
107,effnet_recplot,53,complexity,0.6502808990904898
107,effnet_recplot,54,faithfulness,-0.2247251570224762
107,effnet_recplot,54,robustness,17.600650787353516
107,effnet_recplot,54,complexity,0.6859621123522358
107,effnet_recplot,55,faithfulness,0.04969623684883118
107,effnet_recplot,55,robustness,3.0180742740631104
107,effnet_recplot,55,complexity,0.6803566301442311
107,effnet_recplot,56,faithfulness,-0.12770576775074005
107,effnet_recplot,56,robustness,177.2019500732422
107,effnet_recplot,56,complexity,0.6267739496730409
107,effnet_recplot,57,faithfulness,0.1338086873292923
107,effnet_recplot,57,robustness,4.042319297790527
107,effnet_recplot,57,complexity,0.6828618763032507
107,effnet_recplot,58,faithfulness,0.0840514600276947
107,effnet_recplot,58,robustness,76.580078125
107,effnet_recplot,58,complexity,0.6333047942007224
121,mobilenet_orig,0,faithfulness,0.22311745584011078
121,mobilenet_orig,0,robustness,1.9339061975479126
121,mobilenet_orig,0,complexity,0.5980901576045785
121,mobilenet_orig,1,faithfulness,0.06932087242603302
121,mobilenet_orig,1,robustness,2.0947065353393555
121,mobilenet_orig,1,complexity,0.5842197231596695
121,mobilenet_orig,2,faithfulness,0.03664739429950714
121,mobilenet_orig,2,robustness,1.4862141609191895
121,mobilenet_orig,2,complexity,0.581995451100591
121,mobilenet_orig,3,faithfulness,-0.3727930784225464
121,mobilenet_orig,3,robustness,1.8410320281982422
121,mobilenet_orig,3,complexity,0.5831866601049425
121,mobilenet_orig,4,faithfulness,0.14047160744667053
121,mobilenet_orig,4,robustness,1.6382746696472168
121,mobilenet_orig,4,complexity,0.5839737248171085
121,mobilenet_orig,5,faithfulness,0.07922949641942978
121,mobilenet_orig,5,robustness,1.4245258569717407
121,mobilenet_orig,5,complexity,0.5935822428874544
121,mobilenet_orig,6,faithfulness,0.002691909670829773
121,mobilenet_orig,6,robustness,1.8314639329910278
121,mobilenet_orig,6,complexity,0.5869156658637847
121,mobilenet_orig,7,faithfulness,-0.12607255578041077
121,mobilenet_orig,7,robustness,1.8752316236495972
121,mobilenet_orig,7,complexity,0.5913346383861987
121,mobilenet_orig,8,faithfulness,0.3565351068973541
121,mobilenet_orig,8,robustness,2.317422389984131
121,mobilenet_orig,8,complexity,0.5665342077999546
121,mobilenet_orig,9,faithfulness,0.2197754979133606
121,mobilenet_orig,9,robustness,2.3515126705169678
121,mobilenet_orig,9,complexity,0.6032342058960982
121,mobilenet_orig,10,faithfulness,-0.17529049515724182
121,mobilenet_orig,10,robustness,1.4057509899139404
121,mobilenet_orig,10,complexity,0.56705462135348
121,mobilenet_orig,11,faithfulness,0.5358425974845886
121,mobilenet_orig,11,robustness,1.9418294429779053
121,mobilenet_orig,11,complexity,0.5964668514634752
121,mobilenet_orig,12,faithfulness,-0.012369506061077118
121,mobilenet_orig,12,robustness,1.5514252185821533
121,mobilenet_orig,12,complexity,0.6132499236389012
121,mobilenet_orig,13,faithfulness,-0.1277666687965393
121,mobilenet_orig,13,robustness,1.7891854047775269
121,mobilenet_orig,13,complexity,0.585887290878567
121,mobilenet_orig,14,faithfulness,-0.2947312295436859
121,mobilenet_orig,14,robustness,1.8640830516815186
121,mobilenet_orig,14,complexity,0.5655072157276111
121,mobilenet_orig,15,faithfulness,0.18860718607902527
121,mobilenet_orig,15,robustness,1.9077905416488647
121,mobilenet_orig,15,complexity,0.5905866641374654
121,mobilenet_orig,16,faithfulness,0.09545794874429703
121,mobilenet_orig,16,robustness,2.1150527000427246
121,mobilenet_orig,16,complexity,0.581968150712576
121,mobilenet_orig,17,faithfulness,0.2710312604904175
121,mobilenet_orig,17,robustness,2.024113178253174
121,mobilenet_orig,17,complexity,0.5681531298843532
121,mobilenet_orig,18,faithfulness,-0.01638719066977501
121,mobilenet_orig,18,robustness,2.2778077125549316
121,mobilenet_orig,18,complexity,0.5752699478738722
121,mobilenet_orig,19,faithfulness,0.08330060541629791
121,mobilenet_orig,19,robustness,2.6912808418273926
121,mobilenet_orig,19,complexity,0.5573164700845237
121,mobilenet_orig,20,faithfulness,0.09567587077617645
121,mobilenet_orig,20,robustness,2.158947467803955
121,mobilenet_orig,20,complexity,0.5866679247128027
121,mobilenet_orig,21,faithfulness,0.24544523656368256
121,mobilenet_orig,21,robustness,2.008340358734131
121,mobilenet_orig,21,complexity,0.578694790642276
121,mobilenet_orig,22,faithfulness,0.09810677170753479
121,mobilenet_orig,22,robustness,1.7321977615356445
121,mobilenet_orig,22,complexity,0.5669661952663546
121,mobilenet_orig,23,faithfulness,0.08634841442108154
121,mobilenet_orig,23,robustness,1.6030888557434082
121,mobilenet_orig,23,complexity,0.602495011547123
121,mobilenet_orig,24,faithfulness,0.18725420534610748
121,mobilenet_orig,24,robustness,1.7689582109451294
121,mobilenet_orig,24,complexity,0.5835411215535175
121,mobilenet_orig,25,faithfulness,-0.07331883907318115
121,mobilenet_orig,25,robustness,1.6600368022918701
121,mobilenet_orig,25,complexity,0.593399219382735
121,mobilenet_orig,26,faithfulness,0.342262327671051
121,mobilenet_orig,26,robustness,1.6057140827178955
121,mobilenet_orig,26,complexity,0.5768234397262736
121,mobilenet_orig,27,faithfulness,-0.016477853059768677
121,mobilenet_orig,27,robustness,1.6994115114212036
121,mobilenet_orig,27,complexity,0.584326906071126
121,mobilenet_orig,28,faithfulness,-0.2812451124191284
121,mobilenet_orig,28,robustness,2.1385915279388428
121,mobilenet_orig,28,complexity,0.5685519988803647
121,mobilenet_orig,29,faithfulness,-0.15499019622802734
121,mobilenet_orig,29,robustness,2.2923097610473633
121,mobilenet_orig,29,complexity,0.5751253488022047
121,mobilenet_orig,30,faithfulness,0.013446491211652756
121,mobilenet_orig,30,robustness,1.6563851833343506
121,mobilenet_orig,30,complexity,0.5645614933018965
121,mobilenet_orig,31,faithfulness,0.27918103337287903
121,mobilenet_orig,31,robustness,1.7917267084121704
121,mobilenet_orig,31,complexity,0.6257934707914558
121,mobilenet_orig,32,faithfulness,0.24232351779937744
121,mobilenet_orig,32,robustness,1.938015103340149
121,mobilenet_orig,32,complexity,0.6058976876425823
121,mobilenet_orig,33,faithfulness,0.04084720462560654
121,mobilenet_orig,33,robustness,1.8894472122192383
121,mobilenet_orig,33,complexity,0.5908715625949658
121,mobilenet_orig,34,faithfulness,0.0839308649301529
121,mobilenet_orig,34,robustness,1.8313140869140625
121,mobilenet_orig,34,complexity,0.5678617508311141
121,mobilenet_orig,35,faithfulness,0.02680657058954239
121,mobilenet_orig,35,robustness,2.201183795928955
121,mobilenet_orig,35,complexity,0.5908829799712394
121,mobilenet_orig,36,faithfulness,-0.39728784561157227
121,mobilenet_orig,36,robustness,1.9385005235671997
121,mobilenet_orig,36,complexity,0.5747496728998774
121,mobilenet_orig,37,faithfulness,0.16885091364383698
121,mobilenet_orig,37,robustness,2.133526086807251
121,mobilenet_orig,37,complexity,0.569080341040274
121,mobilenet_orig,38,faithfulness,0.013773147016763687
121,mobilenet_orig,38,robustness,2.1941680908203125
121,mobilenet_orig,38,complexity,0.606882785021371
121,mobilenet_orig,39,faithfulness,0.2868987023830414
121,mobilenet_orig,39,robustness,2.92038631439209
121,mobilenet_orig,39,complexity,0.5898910274289699
121,mobilenet_orig,40,faithfulness,0.2439214587211609
121,mobilenet_orig,40,robustness,1.9445171356201172
121,mobilenet_orig,40,complexity,0.5832962216836994
121,mobilenet_orig,41,faithfulness,0.30209776759147644
121,mobilenet_orig,41,robustness,2.0000007152557373
121,mobilenet_orig,41,complexity,0.58107610591689
121,mobilenet_orig,42,faithfulness,0.17429563403129578
121,mobilenet_orig,42,robustness,2.2794487476348877
121,mobilenet_orig,42,complexity,0.5758177206220201
121,mobilenet_orig,43,faithfulness,-0.08253766596317291
121,mobilenet_orig,43,robustness,2.196559429168701
121,mobilenet_orig,43,complexity,0.5899541494287571
121,mobilenet_orig,44,faithfulness,0.07909728586673737
121,mobilenet_orig,44,robustness,2.2947351932525635
121,mobilenet_orig,44,complexity,0.5629529320741055
121,mobilenet_orig,45,faithfulness,-0.10801314562559128
121,mobilenet_orig,45,robustness,2.0892200469970703
121,mobilenet_orig,45,complexity,0.5783684616157486
121,mobilenet_orig,46,faithfulness,0.3433111906051636
121,mobilenet_orig,46,robustness,2.2208971977233887
121,mobilenet_orig,46,complexity,0.5705700885102596
121,mobilenet_orig,47,faithfulness,0.028801165521144867
121,mobilenet_orig,47,robustness,2.066908597946167
121,mobilenet_orig,47,complexity,0.5985873536838062
121,mobilenet_orig,48,faithfulness,0.013445138931274414
121,mobilenet_orig,48,robustness,1.807056188583374
121,mobilenet_orig,48,complexity,0.6091989357517394
121,mobilenet_orig,49,faithfulness,0.09594941139221191
121,mobilenet_orig,49,robustness,1.9770365953445435
121,mobilenet_orig,49,complexity,0.5622209250241873
121,mobilenet_orig,50,faithfulness,0.15083682537078857
121,mobilenet_orig,50,robustness,1.8534289598464966
121,mobilenet_orig,50,complexity,0.5935285093243082
121,mobilenet_orig,51,faithfulness,-0.30174773931503296
121,mobilenet_orig,51,robustness,1.703856110572815
121,mobilenet_orig,51,complexity,0.5944154394189213
121,mobilenet_orig,52,faithfulness,-0.02682596445083618
121,mobilenet_orig,52,robustness,1.6817677021026611
121,mobilenet_orig,52,complexity,0.5930187055588086
121,mobilenet_orig,53,faithfulness,-0.15548308193683624
121,mobilenet_orig,53,robustness,1.5417362451553345
121,mobilenet_orig,53,complexity,0.6212144916032832
121,mobilenet_orig,54,faithfulness,0.05250865966081619
121,mobilenet_orig,54,robustness,1.5985467433929443
121,mobilenet_orig,54,complexity,0.5862532339248816
121,mobilenet_orig,55,faithfulness,0.17745667695999146
121,mobilenet_orig,55,robustness,1.5687938928604126
121,mobilenet_orig,55,complexity,0.5559610107465434
121,mobilenet_orig,56,faithfulness,0.20768746733665466
121,mobilenet_orig,56,robustness,1.8082653284072876
121,mobilenet_orig,56,complexity,0.5744137929965789
121,mobilenet_orig,57,faithfulness,-0.06923843920230865
121,mobilenet_orig,57,robustness,1.7582509517669678
121,mobilenet_orig,57,complexity,0.5709260948563447
121,mobilenet_orig,58,faithfulness,0.039189185947179794
121,mobilenet_orig,58,robustness,1.652321696281433
121,mobilenet_orig,58,complexity,0.5739971002194821
121,mobilenet_recplot,0,faithfulness,-0.11602898687124252
121,mobilenet_recplot,0,robustness,1.73026704788208
121,mobilenet_recplot,0,complexity,0.6294307017504028
121,mobilenet_recplot,1,faithfulness,0.06790907680988312
121,mobilenet_recplot,1,robustness,1.5470595359802246
121,mobilenet_recplot,1,complexity,0.6600346644449299
121,mobilenet_recplot,2,faithfulness,-0.20421648025512695
121,mobilenet_recplot,2,robustness,1.8834022283554077
121,mobilenet_recplot,2,complexity,0.6855811382519086
121,mobilenet_recplot,3,faithfulness,0.2861770689487457
121,mobilenet_recplot,3,robustness,1.9019405841827393
121,mobilenet_recplot,3,complexity,0.6442785746264004
121,mobilenet_recplot,4,faithfulness,-0.27091896533966064
121,mobilenet_recplot,4,robustness,1.4445189237594604
121,mobilenet_recplot,4,complexity,0.7048296098130832
121,mobilenet_recplot,5,faithfulness,-0.36360982060432434
121,mobilenet_recplot,5,robustness,1.5151814222335815
121,mobilenet_recplot,5,complexity,0.7178186026126305
121,mobilenet_recplot,6,faithfulness,0.07428772747516632
121,mobilenet_recplot,6,robustness,1.6913654804229736
121,mobilenet_recplot,6,complexity,0.7011501284373832
121,mobilenet_recplot,7,faithfulness,-0.28579816222190857
121,mobilenet_recplot,7,robustness,1.288465976715088
121,mobilenet_recplot,7,complexity,0.6065250157853233
121,mobilenet_recplot,8,faithfulness,0.2006235122680664
121,mobilenet_recplot,8,robustness,2.12021803855896
121,mobilenet_recplot,8,complexity,0.6045328484957219
121,mobilenet_recplot,9,faithfulness,0.31299927830696106
121,mobilenet_recplot,9,robustness,1.592889428138733
121,mobilenet_recplot,9,complexity,0.6177342841647538
121,mobilenet_recplot,10,faithfulness,-0.2869589924812317
121,mobilenet_recplot,10,robustness,1.4488835334777832
121,mobilenet_recplot,10,complexity,0.7230721967884359
121,mobilenet_recplot,11,faithfulness,-0.051005665212869644
121,mobilenet_recplot,11,robustness,1.3606370687484741
121,mobilenet_recplot,11,complexity,0.6915873509885917
121,mobilenet_recplot,12,faithfulness,-0.05876830965280533
121,mobilenet_recplot,12,robustness,1.4253487586975098
121,mobilenet_recplot,12,complexity,0.6779915373682299
121,mobilenet_recplot,13,faithfulness,-0.25145718455314636
121,mobilenet_recplot,13,robustness,1.867152452468872
121,mobilenet_recplot,13,complexity,0.658731651593537
121,mobilenet_recplot,14,faithfulness,-0.2145369052886963
121,mobilenet_recplot,14,robustness,1.4195911884307861
121,mobilenet_recplot,14,complexity,0.6839360313407651
121,mobilenet_recplot,15,faithfulness,-0.25961166620254517
121,mobilenet_recplot,15,robustness,1.445520043373108
121,mobilenet_recplot,15,complexity,0.6172440182283462
121,mobilenet_recplot,16,faithfulness,0.15514753758907318
121,mobilenet_recplot,16,robustness,2.1455016136169434
121,mobilenet_recplot,16,complexity,0.5712861363834139
121,mobilenet_recplot,17,faithfulness,-0.2736058235168457
121,mobilenet_recplot,17,robustness,1.2164618968963623
121,mobilenet_recplot,17,complexity,0.7136251100017283
121,mobilenet_recplot,18,faithfulness,-0.2438264936208725
121,mobilenet_recplot,18,robustness,1.6300160884857178
121,mobilenet_recplot,18,complexity,0.5933860139325756
121,mobilenet_recplot,19,faithfulness,0.1977248340845108
121,mobilenet_recplot,19,robustness,1.6928046941757202
121,mobilenet_recplot,19,complexity,0.6280931215686506
121,mobilenet_recplot,20,faithfulness,0.1545875519514084
121,mobilenet_recplot,20,robustness,1.0968296527862549
121,mobilenet_recplot,20,complexity,0.5995795198331796
121,mobilenet_recplot,21,faithfulness,-0.15745525062084198
121,mobilenet_recplot,21,robustness,1.6688495874404907
121,mobilenet_recplot,21,complexity,0.6334835310872213
121,mobilenet_recplot,22,faithfulness,-0.10832738876342773
121,mobilenet_recplot,22,robustness,1.8301348686218262
121,mobilenet_recplot,22,complexity,0.6704852587846037
121,mobilenet_recplot,23,faithfulness,-0.060589440166950226
121,mobilenet_recplot,23,robustness,1.2736178636550903
121,mobilenet_recplot,23,complexity,0.6826117156479876
121,mobilenet_recplot,24,faithfulness,0.15667198598384857
121,mobilenet_recplot,24,robustness,1.4746065139770508
121,mobilenet_recplot,24,complexity,0.6820919749418888
121,mobilenet_recplot,25,faithfulness,0.0150531604886055
121,mobilenet_recplot,25,robustness,1.4742225408554077
121,mobilenet_recplot,25,complexity,0.6600972248392436
121,mobilenet_recplot,26,faithfulness,0.04410799220204353
121,mobilenet_recplot,26,robustness,1.747554063796997
121,mobilenet_recplot,26,complexity,0.6074738902569071
121,mobilenet_recplot,27,faithfulness,-0.02237163484096527
121,mobilenet_recplot,27,robustness,1.7263582944869995
121,mobilenet_recplot,27,complexity,0.632212051264367
121,mobilenet_recplot,28,faithfulness,-0.02007625252008438
121,mobilenet_recplot,28,robustness,1.3070826530456543
121,mobilenet_recplot,28,complexity,0.6016250735972076
121,mobilenet_recplot,29,faithfulness,0.02902461215853691
121,mobilenet_recplot,29,robustness,1.1724261045455933
121,mobilenet_recplot,29,complexity,0.6605079454793015
121,mobilenet_recplot,30,faithfulness,-0.02322480082511902
121,mobilenet_recplot,30,robustness,1.4913716316223145
121,mobilenet_recplot,30,complexity,0.648220315674762
121,mobilenet_recplot,31,faithfulness,-0.0935119241476059
121,mobilenet_recplot,31,robustness,1.7558743953704834
121,mobilenet_recplot,31,complexity,0.6939526577528329
121,mobilenet_recplot,32,faithfulness,-0.1705455780029297
121,mobilenet_recplot,32,robustness,1.66150963306427
121,mobilenet_recplot,32,complexity,0.6621917704607346
121,mobilenet_recplot,33,faithfulness,-0.04246971011161804
121,mobilenet_recplot,33,robustness,1.5084236860275269
121,mobilenet_recplot,33,complexity,0.6849421706956683
121,mobilenet_recplot,34,faithfulness,-0.15131250023841858
121,mobilenet_recplot,34,robustness,1.2962523698806763
121,mobilenet_recplot,34,complexity,0.6836839846591553
121,mobilenet_recplot,35,faithfulness,-0.38455235958099365
121,mobilenet_recplot,35,robustness,1.3235100507736206
121,mobilenet_recplot,35,complexity,0.6564319635395658
121,mobilenet_recplot,36,faithfulness,-0.11937624961137772
121,mobilenet_recplot,36,robustness,1.6233803033828735
121,mobilenet_recplot,36,complexity,0.6495887056994326
121,mobilenet_recplot,37,faithfulness,0.21619626879692078
121,mobilenet_recplot,37,robustness,1.0623693466186523
121,mobilenet_recplot,37,complexity,0.7430961271665787
121,mobilenet_recplot,38,faithfulness,-0.35598626732826233
121,mobilenet_recplot,38,robustness,1.3491824865341187
121,mobilenet_recplot,38,complexity,0.6191429412536206
121,mobilenet_recplot,39,faithfulness,-0.046275317668914795
121,mobilenet_recplot,39,robustness,1.782204031944275
121,mobilenet_recplot,39,complexity,0.5607554907405945
121,mobilenet_recplot,40,faithfulness,-0.25436776876449585
121,mobilenet_recplot,40,robustness,1.0256749391555786
121,mobilenet_recplot,40,complexity,0.6236540426943681
121,mobilenet_recplot,41,faithfulness,0.041780680418014526
121,mobilenet_recplot,41,robustness,1.8901962041854858
121,mobilenet_recplot,41,complexity,0.6200242172030999
121,mobilenet_recplot,42,faithfulness,-0.07789361476898193
121,mobilenet_recplot,42,robustness,1.3032829761505127
121,mobilenet_recplot,42,complexity,0.6554817041988203
121,mobilenet_recplot,43,faithfulness,-0.08625584840774536
121,mobilenet_recplot,43,robustness,1.3845795392990112
121,mobilenet_recplot,43,complexity,0.678058601259782
121,mobilenet_recplot,44,faithfulness,-0.09182769805192947
121,mobilenet_recplot,44,robustness,1.127223014831543
121,mobilenet_recplot,44,complexity,0.6072597878541337
121,mobilenet_recplot,45,faithfulness,0.09994484484195709
121,mobilenet_recplot,45,robustness,1.5777959823608398
121,mobilenet_recplot,45,complexity,0.6897762404570666
121,mobilenet_recplot,46,faithfulness,0.40742015838623047
121,mobilenet_recplot,46,robustness,1.1380785703659058
121,mobilenet_recplot,46,complexity,0.6261660862929239
121,mobilenet_recplot,47,faithfulness,-0.08252569288015366
121,mobilenet_recplot,47,robustness,1.9830007553100586
121,mobilenet_recplot,47,complexity,0.6973027234235024
121,mobilenet_recplot,48,faithfulness,-0.22297850251197815
121,mobilenet_recplot,48,robustness,1.9077509641647339
121,mobilenet_recplot,48,complexity,0.7060751574589235
121,mobilenet_recplot,49,faithfulness,-0.05059478431940079
121,mobilenet_recplot,49,robustness,1.9267033338546753
121,mobilenet_recplot,49,complexity,0.6005210868625829
121,mobilenet_recplot,50,faithfulness,0.1749240905046463
121,mobilenet_recplot,50,robustness,2.1124837398529053
121,mobilenet_recplot,50,complexity,0.6345638858010848
121,mobilenet_recplot,51,faithfulness,0.19243817031383514
121,mobilenet_recplot,51,robustness,1.8241877555847168
121,mobilenet_recplot,51,complexity,0.6546852047059035
121,mobilenet_recplot,52,faithfulness,-0.043143823742866516
121,mobilenet_recplot,52,robustness,2.3582022190093994
121,mobilenet_recplot,52,complexity,0.6113907788460485
121,mobilenet_recplot,53,faithfulness,-0.011986639350652695
121,mobilenet_recplot,53,robustness,1.8527870178222656
121,mobilenet_recplot,53,complexity,0.6802085408430012
121,mobilenet_recplot,54,faithfulness,0.11111609637737274
121,mobilenet_recplot,54,robustness,1.5644335746765137
121,mobilenet_recplot,54,complexity,0.6720510757531803
121,mobilenet_recplot,55,faithfulness,0.049934614449739456
121,mobilenet_recplot,55,robustness,1.8227773904800415
121,mobilenet_recplot,55,complexity,0.7047962529072043
121,mobilenet_recplot,56,faithfulness,-0.014930065721273422
121,mobilenet_recplot,56,robustness,1.8423043489456177
121,mobilenet_recplot,56,complexity,0.6123566704537369
121,mobilenet_recplot,57,faithfulness,0.24551241099834442
121,mobilenet_recplot,57,robustness,1.529664158821106
121,mobilenet_recplot,57,complexity,0.672349598985065
121,mobilenet_recplot,58,faithfulness,-0.12984782457351685
121,mobilenet_recplot,58,robustness,2.253331184387207
121,mobilenet_recplot,58,complexity,0.6406393090044624
121,effnet_orig,0,faithfulness,0.28511789441108704
121,effnet_orig,0,robustness,1.3450171947479248
121,effnet_orig,0,complexity,0.5667933875251531
121,effnet_orig,1,faithfulness,-0.033844903111457825
121,effnet_orig,1,robustness,1.5158573389053345
121,effnet_orig,1,complexity,0.5395218747899121
121,effnet_orig,2,faithfulness,0.11907987296581268
121,effnet_orig,2,robustness,1.4044508934020996
121,effnet_orig,2,complexity,0.5381251919992948
121,effnet_orig,3,faithfulness,0.3269808888435364
121,effnet_orig,3,robustness,1.3686933517456055
121,effnet_orig,3,complexity,0.5385244559827506
121,effnet_orig,4,faithfulness,-0.18691030144691467
121,effnet_orig,4,robustness,2.5518877506256104
121,effnet_orig,4,complexity,0.5679955761448184
121,effnet_orig,5,faithfulness,0.39628124237060547
121,effnet_orig,5,robustness,1.6674121618270874
121,effnet_orig,5,complexity,0.5552297789053179
121,effnet_orig,6,faithfulness,0.06032886356115341
121,effnet_orig,6,robustness,1.7953262329101562
121,effnet_orig,6,complexity,0.5718961875594533
121,effnet_orig,7,faithfulness,-0.16919367015361786
121,effnet_orig,7,robustness,1.468785285949707
121,effnet_orig,7,complexity,0.5466604590207442
121,effnet_orig,8,faithfulness,0.13591207563877106
121,effnet_orig,8,robustness,1.2429778575897217
121,effnet_orig,8,complexity,0.5406948314193888
121,effnet_orig,9,faithfulness,-0.0008143782615661621
121,effnet_orig,9,robustness,1.3245158195495605
121,effnet_orig,9,complexity,0.5364410522166387
121,effnet_orig,10,faithfulness,0.35594871640205383
121,effnet_orig,10,robustness,1.891735553741455
121,effnet_orig,10,complexity,0.5599594017622075
121,effnet_orig,11,faithfulness,0.18822133541107178
121,effnet_orig,11,robustness,1.521374225616455
121,effnet_orig,11,complexity,0.563506376758082
121,effnet_orig,12,faithfulness,0.26937004923820496
121,effnet_orig,12,robustness,1.2754738330841064
121,effnet_orig,12,complexity,0.5619683095188325
121,effnet_orig,13,faithfulness,0.17517602443695068
121,effnet_orig,13,robustness,1.2803170680999756
121,effnet_orig,13,complexity,0.5433544973133752
121,effnet_orig,14,faithfulness,-0.09181530028581619
121,effnet_orig,14,robustness,1.6054743528366089
121,effnet_orig,14,complexity,0.5398263907448063
121,effnet_orig,15,faithfulness,0.20580734312534332
121,effnet_orig,15,robustness,1.4096156358718872
121,effnet_orig,15,complexity,0.5155204670135404
121,effnet_orig,16,faithfulness,0.16949722170829773
121,effnet_orig,16,robustness,1.1568278074264526
121,effnet_orig,16,complexity,0.5541819229176661
121,effnet_orig,17,faithfulness,0.1995101422071457
121,effnet_orig,17,robustness,2.0449206829071045
121,effnet_orig,17,complexity,0.545502314025868
121,effnet_orig,18,faithfulness,-0.14720885455608368
121,effnet_orig,18,robustness,1.4529087543487549
121,effnet_orig,18,complexity,0.5383696610857864
121,effnet_orig,19,faithfulness,0.2707001864910126
121,effnet_orig,19,robustness,1.243486762046814
121,effnet_orig,19,complexity,0.5492554304395396
121,effnet_orig,20,faithfulness,0.29020950198173523
121,effnet_orig,20,robustness,2.008981227874756
121,effnet_orig,20,complexity,0.5537382246071022
121,effnet_orig,21,faithfulness,0.4827396869659424
121,effnet_orig,21,robustness,1.973936676979065
121,effnet_orig,21,complexity,0.550474476047071
121,effnet_orig,22,faithfulness,0.17163525521755219
121,effnet_orig,22,robustness,1.672402024269104
121,effnet_orig,22,complexity,0.5630698737212952
121,effnet_orig,23,faithfulness,0.24022932350635529
121,effnet_orig,23,robustness,1.611076831817627
121,effnet_orig,23,complexity,0.53544769704621
121,effnet_orig,24,faithfulness,0.16375067830085754
121,effnet_orig,24,robustness,1.237007975578308
121,effnet_orig,24,complexity,0.5629790216213876
121,effnet_orig,25,faithfulness,0.0268072709441185
121,effnet_orig,25,robustness,1.1327069997787476
121,effnet_orig,25,complexity,0.5597597476681185
121,effnet_orig,26,faithfulness,0.20061662793159485
121,effnet_orig,26,robustness,1.4100592136383057
121,effnet_orig,26,complexity,0.5486091131633017
121,effnet_orig,27,faithfulness,0.25997689366340637
121,effnet_orig,27,robustness,1.301995038986206
121,effnet_orig,27,complexity,0.5500416845310121
121,effnet_orig,28,faithfulness,0.3438013195991516
121,effnet_orig,28,robustness,1.4910739660263062
121,effnet_orig,28,complexity,0.5823204975208841
121,effnet_orig,29,faithfulness,0.12351611256599426
121,effnet_orig,29,robustness,1.5546458959579468
121,effnet_orig,29,complexity,0.5415359294195901
121,effnet_orig,30,faithfulness,0.3547903895378113
121,effnet_orig,30,robustness,1.2455109357833862
121,effnet_orig,30,complexity,0.5414587535801529
121,effnet_orig,31,faithfulness,0.1417527198791504
121,effnet_orig,31,robustness,1.3300511837005615
121,effnet_orig,31,complexity,0.5598112005193183
121,effnet_orig,32,faithfulness,0.1441437155008316
121,effnet_orig,32,robustness,1.235622525215149
121,effnet_orig,32,complexity,0.5419631838448287
121,effnet_orig,33,faithfulness,0.16814608871936798
121,effnet_orig,33,robustness,1.31455397605896
121,effnet_orig,33,complexity,0.5932728937639615
121,effnet_orig,34,faithfulness,-0.11755506694316864
121,effnet_orig,34,robustness,1.5214765071868896
121,effnet_orig,34,complexity,0.5408911060905068
121,effnet_orig,35,faithfulness,0.35224485397338867
121,effnet_orig,35,robustness,1.4544233083724976
121,effnet_orig,35,complexity,0.553416369608993
121,effnet_orig,36,faithfulness,-0.1164257824420929
121,effnet_orig,36,robustness,1.224471926689148
121,effnet_orig,36,complexity,0.5577755197652611
121,effnet_orig,37,faithfulness,-0.05773903429508209
121,effnet_orig,37,robustness,3.705549716949463
121,effnet_orig,37,complexity,0.5594294506701687
121,effnet_orig,38,faithfulness,0.4249386489391327
121,effnet_orig,38,robustness,1.719851016998291
121,effnet_orig,38,complexity,0.5685620091792519
121,effnet_orig,39,faithfulness,0.2589874565601349
121,effnet_orig,39,robustness,1.8315168619155884
121,effnet_orig,39,complexity,0.5451082218057389
121,effnet_orig,40,faithfulness,0.14706873893737793
121,effnet_orig,40,robustness,1.6229416131973267
121,effnet_orig,40,complexity,0.5273726002870992
121,effnet_orig,41,faithfulness,0.11421673744916916
121,effnet_orig,41,robustness,1.2087392807006836
121,effnet_orig,41,complexity,0.5445532693888009
121,effnet_orig,42,faithfulness,0.07392711937427521
121,effnet_orig,42,robustness,1.5435057878494263
121,effnet_orig,42,complexity,0.5559460762517474
121,effnet_orig,43,faithfulness,0.35446423292160034
121,effnet_orig,43,robustness,1.6233086585998535
121,effnet_orig,43,complexity,0.5446107808690293
121,effnet_orig,44,faithfulness,0.27214664220809937
121,effnet_orig,44,robustness,1.4852640628814697
121,effnet_orig,44,complexity,0.5409797491622657
121,effnet_orig,45,faithfulness,0.003696650266647339
121,effnet_orig,45,robustness,1.5573163032531738
121,effnet_orig,45,complexity,0.5452582453801238
121,effnet_orig,46,faithfulness,-0.21332857012748718
121,effnet_orig,46,robustness,1.582777738571167
121,effnet_orig,46,complexity,0.5606708559789821
121,effnet_orig,47,faithfulness,0.3719955384731293
121,effnet_orig,47,robustness,1.3503791093826294
121,effnet_orig,47,complexity,0.5550109786658676
121,effnet_orig,48,faithfulness,0.2206946462392807
121,effnet_orig,48,robustness,1.4714215993881226
121,effnet_orig,48,complexity,0.559591142294749
121,effnet_orig,49,faithfulness,0.07526080310344696
121,effnet_orig,49,robustness,1.3302775621414185
121,effnet_orig,49,complexity,0.5385698187250872
121,effnet_orig,50,faithfulness,0.35332000255584717
121,effnet_orig,50,robustness,1.4090327024459839
121,effnet_orig,50,complexity,0.591687728992397
121,effnet_orig,51,faithfulness,0.17722147703170776
121,effnet_orig,51,robustness,1.206051230430603
121,effnet_orig,51,complexity,0.571468071049506
121,effnet_orig,52,faithfulness,-0.021357007324695587
121,effnet_orig,52,robustness,1.3702929019927979
121,effnet_orig,52,complexity,0.5398537504639427
121,effnet_orig,53,faithfulness,-0.2209114134311676
121,effnet_orig,53,robustness,1.2950795888900757
121,effnet_orig,53,complexity,0.6042207376665399
121,effnet_orig,54,faithfulness,-0.13356399536132812
121,effnet_orig,54,robustness,1.189642071723938
121,effnet_orig,54,complexity,0.5435091350865314
121,effnet_orig,55,faithfulness,0.059686191380023956
121,effnet_orig,55,robustness,1.3909556865692139
121,effnet_orig,55,complexity,0.5529490185379294
121,effnet_orig,56,faithfulness,0.2443304806947708
121,effnet_orig,56,robustness,1.8389110565185547
121,effnet_orig,56,complexity,0.5508108738815163
121,effnet_orig,57,faithfulness,-0.024142269045114517
121,effnet_orig,57,robustness,1.1724649667739868
121,effnet_orig,57,complexity,0.5490767853265625
121,effnet_orig,58,faithfulness,0.25795692205429077
121,effnet_orig,58,robustness,1.0788685083389282
121,effnet_orig,58,complexity,0.5593981179691765
121,effnet_recplot,0,faithfulness,0.11228752881288528
121,effnet_recplot,0,robustness,16.75442123413086
121,effnet_recplot,0,complexity,0.6416106843841011
121,effnet_recplot,1,faithfulness,-0.19409221410751343
121,effnet_recplot,1,robustness,63.24696350097656
121,effnet_recplot,1,complexity,0.6515891686495155
121,effnet_recplot,2,faithfulness,0.05846431106328964
121,effnet_recplot,2,robustness,507.4399719238281
121,effnet_recplot,2,complexity,0.6044655513680616
121,effnet_recplot,3,faithfulness,0.06461911648511887
121,effnet_recplot,3,robustness,4585.72021484375
121,effnet_recplot,3,complexity,0.5675001267461487
121,effnet_recplot,4,faithfulness,-0.02927224338054657
121,effnet_recplot,4,robustness,507.1327209472656
121,effnet_recplot,4,complexity,0.5883848224805718
121,effnet_recplot,5,faithfulness,0.14126929640769958
121,effnet_recplot,5,robustness,288.9217224121094
121,effnet_recplot,5,complexity,0.5897696206215679
121,effnet_recplot,6,faithfulness,0.32219186425209045
121,effnet_recplot,6,robustness,61.52220916748047
121,effnet_recplot,6,complexity,0.6389299586305743
121,effnet_recplot,7,faithfulness,0.14513017237186432
121,effnet_recplot,7,robustness,20.63418197631836
121,effnet_recplot,7,complexity,0.5693966679921045
121,effnet_recplot,8,faithfulness,-0.3154469430446625
121,effnet_recplot,8,robustness,16.296092987060547
121,effnet_recplot,8,complexity,0.6202869530977531
121,effnet_recplot,9,faithfulness,0.14489835500717163
121,effnet_recplot,9,robustness,2.164285898208618
121,effnet_recplot,9,complexity,0.6261816932215561
121,effnet_recplot,10,faithfulness,-0.18941211700439453
121,effnet_recplot,10,robustness,2.280268907546997
121,effnet_recplot,10,complexity,0.6529393091559431
121,effnet_recplot,11,faithfulness,0.4206370711326599
121,effnet_recplot,11,robustness,57.85260009765625
121,effnet_recplot,11,complexity,0.618886871520188
121,effnet_recplot,12,faithfulness,-0.012591198086738586
121,effnet_recplot,12,robustness,272.1622009277344
121,effnet_recplot,12,complexity,0.5371310473982267
121,effnet_recplot,13,faithfulness,0.006323862820863724
121,effnet_recplot,13,robustness,328.98529052734375
121,effnet_recplot,13,complexity,0.6350247232820573
121,effnet_recplot,14,faithfulness,-0.02248712256550789
121,effnet_recplot,14,robustness,801.1677856445312
121,effnet_recplot,14,complexity,0.6185162097694209
121,effnet_recplot,15,faithfulness,-0.22863495349884033
121,effnet_recplot,15,robustness,20.580289840698242
121,effnet_recplot,15,complexity,0.5425349769832626
121,effnet_recplot,16,faithfulness,0.16322670876979828
121,effnet_recplot,16,robustness,72.75839233398438
121,effnet_recplot,16,complexity,0.5972337393948662
121,effnet_recplot,17,faithfulness,0.32083752751350403
121,effnet_recplot,17,robustness,27811.60546875
121,effnet_recplot,17,complexity,0.5356760585953508
121,effnet_recplot,18,faithfulness,-0.06503264605998993
121,effnet_recplot,18,robustness,10.083025932312012
121,effnet_recplot,18,complexity,0.5505557075923514
121,effnet_recplot,19,faithfulness,-0.04114283621311188
121,effnet_recplot,19,robustness,8.261550903320312
121,effnet_recplot,19,complexity,0.6367690449477863
121,effnet_recplot,20,faithfulness,0.19131959974765778
121,effnet_recplot,20,robustness,68.85323333740234
121,effnet_recplot,20,complexity,0.553143395922539
121,effnet_recplot,21,faithfulness,0.45072120428085327
121,effnet_recplot,21,robustness,714.6370849609375
121,effnet_recplot,21,complexity,0.5499548786201005
121,effnet_recplot,22,faithfulness,-0.013059012591838837
121,effnet_recplot,22,robustness,3840.968994140625
121,effnet_recplot,22,complexity,0.5937213156036125
121,effnet_recplot,23,faithfulness,0.13011860847473145
121,effnet_recplot,23,robustness,3067.78173828125
121,effnet_recplot,23,complexity,0.6112120095682883
121,effnet_recplot,24,faithfulness,-0.18327422440052032
121,effnet_recplot,24,robustness,139.5955352783203
121,effnet_recplot,24,complexity,0.6388194435717311
121,effnet_recplot,25,faithfulness,0.21512754261493683
121,effnet_recplot,25,robustness,107.08313751220703
121,effnet_recplot,25,complexity,0.6462050179193194
121,effnet_recplot,26,faithfulness,-0.17608338594436646
121,effnet_recplot,26,robustness,1539.9876708984375
121,effnet_recplot,26,complexity,0.5972017835362047
121,effnet_recplot,27,faithfulness,0.38241371512413025
121,effnet_recplot,27,robustness,84.54216003417969
121,effnet_recplot,27,complexity,0.6742469693996584
121,effnet_recplot,28,faithfulness,-0.38884565234184265
121,effnet_recplot,28,robustness,4949.35791015625
121,effnet_recplot,28,complexity,0.5113039120231085
121,effnet_recplot,29,faithfulness,-0.0759621411561966
121,effnet_recplot,29,robustness,175.7810821533203
121,effnet_recplot,29,complexity,0.5861297029137266
121,effnet_recplot,30,faithfulness,0.18206730484962463
121,effnet_recplot,30,robustness,67.82469177246094
121,effnet_recplot,30,complexity,0.6702463210945815
121,effnet_recplot,31,faithfulness,0.016981665045022964
121,effnet_recplot,31,robustness,6.985309600830078
121,effnet_recplot,31,complexity,0.6635742293044019
121,effnet_recplot,32,faithfulness,0.052682772278785706
121,effnet_recplot,32,robustness,182.496826171875
121,effnet_recplot,32,complexity,0.683020955288233
121,effnet_recplot,33,faithfulness,-0.12577398121356964
121,effnet_recplot,33,robustness,13.076943397521973
121,effnet_recplot,33,complexity,0.6649055729329879
121,effnet_recplot,34,faithfulness,-0.12706920504570007
121,effnet_recplot,34,robustness,129.5303497314453
121,effnet_recplot,34,complexity,0.637210660900932
121,effnet_recplot,35,faithfulness,-0.16578622162342072
121,effnet_recplot,35,robustness,4996.5380859375
121,effnet_recplot,35,complexity,0.5954117764383418
121,effnet_recplot,36,faithfulness,0.03952622413635254
121,effnet_recplot,36,robustness,178.21583557128906
121,effnet_recplot,36,complexity,0.6680232167419554
121,effnet_recplot,37,faithfulness,-0.1604575514793396
121,effnet_recplot,37,robustness,542.3938598632812
121,effnet_recplot,37,complexity,0.6670289404539892
121,effnet_recplot,38,faithfulness,0.22629651427268982
121,effnet_recplot,38,robustness,69.63597106933594
121,effnet_recplot,38,complexity,0.5727218976106246
121,effnet_recplot,39,faithfulness,-0.24031099677085876
121,effnet_recplot,39,robustness,1.00014066696167
121,effnet_recplot,39,complexity,0.5986770815562649
121,effnet_recplot,40,faithfulness,0.22023627161979675
121,effnet_recplot,40,robustness,272.907958984375
121,effnet_recplot,40,complexity,0.5839806263599974
121,effnet_recplot,41,faithfulness,0.08696413785219193
121,effnet_recplot,41,robustness,296.7120056152344
121,effnet_recplot,41,complexity,0.6108407932079452
121,effnet_recplot,42,faithfulness,-0.1235719844698906
121,effnet_recplot,42,robustness,1115.119873046875
121,effnet_recplot,42,complexity,0.5349765003508509
121,effnet_recplot,43,faithfulness,-0.013771489262580872
121,effnet_recplot,43,robustness,392.6625061035156
121,effnet_recplot,43,complexity,0.6210844778449741
121,effnet_recplot,44,faithfulness,-0.3312508463859558
121,effnet_recplot,44,robustness,1.315678596496582
121,effnet_recplot,44,complexity,0.512134575672924
121,effnet_recplot,45,faithfulness,8.336082100868225e-05
121,effnet_recplot,45,robustness,2180.94970703125
121,effnet_recplot,45,complexity,0.563995166667877
121,effnet_recplot,46,faithfulness,0.36560648679733276
121,effnet_recplot,46,robustness,9.485785484313965
121,effnet_recplot,46,complexity,0.5572965724818418
121,effnet_recplot,47,faithfulness,-0.022917702794075012
121,effnet_recplot,47,robustness,55.43437576293945
121,effnet_recplot,47,complexity,0.6376160868865393
121,effnet_recplot,48,faithfulness,-0.1251610815525055
121,effnet_recplot,48,robustness,575.5667724609375
121,effnet_recplot,48,complexity,0.6461217272661618
121,effnet_recplot,49,faithfulness,-0.13221696019172668
121,effnet_recplot,49,robustness,1.1311242580413818
121,effnet_recplot,49,complexity,0.5659355892688908
121,effnet_recplot,50,faithfulness,-0.20723526179790497
121,effnet_recplot,50,robustness,1073.67529296875
121,effnet_recplot,50,complexity,0.5920377181042221
121,effnet_recplot,51,faithfulness,-0.18082405626773834
121,effnet_recplot,51,robustness,484.4048156738281
121,effnet_recplot,51,complexity,0.5805411622100352
121,effnet_recplot,52,faithfulness,0.17858509719371796
121,effnet_recplot,52,robustness,44.42874526977539
121,effnet_recplot,52,complexity,0.5428452885597909
121,effnet_recplot,53,faithfulness,-0.02989945188164711
121,effnet_recplot,53,robustness,300.39215087890625
121,effnet_recplot,53,complexity,0.5730284702025389
121,effnet_recplot,54,faithfulness,0.1737281084060669
121,effnet_recplot,54,robustness,5.075986385345459
121,effnet_recplot,54,complexity,0.561256110749243
121,effnet_recplot,55,faithfulness,0.3471648693084717
121,effnet_recplot,55,robustness,22.593412399291992
121,effnet_recplot,55,complexity,0.6597450709491283
121,effnet_recplot,56,faithfulness,-0.005654521286487579
121,effnet_recplot,56,robustness,3.122279167175293
121,effnet_recplot,56,complexity,0.5740175401003242
121,effnet_recplot,57,faithfulness,-0.01608678698539734
121,effnet_recplot,57,robustness,30.045183181762695
121,effnet_recplot,57,complexity,0.6449698213682901
121,effnet_recplot,58,faithfulness,-0.10527289658784866
121,effnet_recplot,58,robustness,9.954184532165527
121,effnet_recplot,58,complexity,0.6333182424474888
