dataset,seed,branch,sample,categoria,confianca,margem,acertou,complexidade_heatmap,ssim_vs_grupo_confiante,ensemble_salvaria
pulmao,7,mobilenet_orig,6,acerto_confiante,0.9998317956924438,0.9997238597352407,True,0.5019292905392081,,False
pulmao,7,mobilenet_orig,5,acerto_confiante,0.99970942735672,0.9995034301100532,True,0.5399132439606518,,False
pulmao,7,mobilenet_orig,19,acerto_confiante,0.999171018600464,0.9986012831795962,True,0.5293279650303364,,False
pulmao,7,mobilenet_orig,37,acerto_confiante,0.9982699155807496,0.9969850231427702,True,0.45942423284436856,,False
pulmao,7,mobilenet_orig,14,acerto_confiante,0.997645914554596,0.9964024146320298,True,0.3618612743145241,,False
pulmao,7,mobilenet_orig,20,acerto_confiante,0.9973400831222534,0.9958973296452314,True,0.48447799587122636,,False
pulmao,7,mobilenet_orig,36,acerto_confiante,0.9968786835670472,0.9947281952481718,True,0.5266547681362395,,False
pulmao,7,mobilenet_orig,40,acerto_confiante,0.9940892457962036,0.9897686927579344,True,0.49868446602755845,,False
pulmao,7,mobilenet_orig,18,acerto_confiante,0.9934711456298828,0.9898869537282735,True,0.5235478660637232,,False
pulmao,7,mobilenet_orig,4,acerto_confiante,0.986635148525238,0.9798288242891431,True,0.40403449157945365,,False
pulmao,7,mobilenet_orig,58,acerto_confiante,0.986359179019928,0.9734834311529995,True,0.4680425643549835,,False
pulmao,7,mobilenet_orig,42,acerto_confiante,0.985750138759613,0.9779319232329726,True,0.49450929016975154,,False
pulmao,7,mobilenet_orig,54,acerto_confiante,0.9832082986831664,0.9727243185043334,True,0.5273803160443465,,False
pulmao,7,mobilenet_orig,41,acerto_confiante,0.9831442832946776,0.9704207647591828,True,0.5461950329576261,,False
pulmao,7,mobilenet_orig,12,acerto_confiante,0.9783249497413636,0.9650083454325796,True,0.6029397300851073,,False
pulmao,7,mobilenet_orig,3,erro_confiante,0.7847478985786438,0.5822452157735825,False,0.7341625877381153,0.24252897781778213,True
pulmao,7,mobilenet_orig,15,erro_confiante,0.7793463468551636,0.5758251845836639,False,0.6071636743521,0.506346388583998,False
pulmao,7,mobilenet_orig,51,erro_confiante,0.604340136051178,0.36892226338386536,False,0.6209677076501999,0.39278680262839094,True
pulmao,7,mobilenet_orig,7,erro_confiante,0.5716784000396729,0.25477501749992376,False,0.662262134401817,0.3813096663612459,True
pulmao,7,mobilenet_recplot,8,fronteira,0.3648782968521118,0.0007735490798950195,True,0.7993977508892038,0.26231968626239477,False
pulmao,7,mobilenet_recplot,52,fronteira,0.4977204203605652,0.06334084272384649,False,0.6613400677895959,0.3625764206883239,True
pulmao,7,mobilenet_recplot,58,fronteira,0.4286209642887115,0.01245537400245661,True,0.7307874691298725,0.31708467146981295,False
pulmao,7,mobilenet_recplot,31,acerto_confiante,0.990924835205078,0.9853392136283218,True,0.5538391784002311,,False
pulmao,7,mobilenet_recplot,37,acerto_confiante,0.987546980381012,0.97898861579597,True,0.3061633729299761,,False
pulmao,7,mobilenet_recplot,5,acerto_confiante,0.9866663813591005,0.9766851644963027,True,0.5210880900497333,,False
pulmao,7,mobilenet_recplot,4,acerto_confiante,0.9862754940986632,0.9764719456434249,True,0.5134997073139976,,False
pulmao,7,mobilenet_recplot,20,acerto_confiante,0.9811448454856871,0.968578572385013,True,0.46144028636853396,,False
pulmao,7,mobilenet_recplot,44,acerto_confiante,0.9810566306114196,0.9698903895914553,True,0.3714900356353889,,False
pulmao,7,mobilenet_recplot,43,acerto_confiante,0.9786282777786256,0.960680738091469,True,0.6476377832238718,,False
pulmao,7,mobilenet_recplot,35,acerto_confiante,0.9731616973876952,0.9515748117119073,True,0.4917351495306417,,False
pulmao,7,mobilenet_recplot,33,acerto_confiante,0.9728891253471376,0.9587480491027237,True,0.5734980746409203,,False
pulmao,7,mobilenet_recplot,47,acerto_confiante,0.9714558720588684,0.9459732118993998,True,0.5170248726201586,,False
pulmao,7,mobilenet_recplot,54,acerto_confiante,0.9687783718109132,0.946483224630356,True,0.433261473836869,,False
pulmao,7,mobilenet_recplot,46,acerto_confiante,0.9681652784347534,0.9498356077820063,True,0.5074965951707494,,False
pulmao,7,mobilenet_recplot,17,acerto_confiante,0.9640663266181946,0.9432180151343346,True,0.5878455249177172,,False
pulmao,7,mobilenet_recplot,30,acerto_confiante,0.962575614452362,0.9427052941173315,True,0.5612316626892184,,False
pulmao,7,mobilenet_recplot,24,acerto_confiante,0.9598070979118348,0.9293870832771064,True,0.5706184163500067,,False
pulmao,7,mobilenet_recplot,49,erro_confiante,0.9379106760025024,0.9027084782719612,False,0.6047310967696782,0.5320604367074326,False
pulmao,7,mobilenet_recplot,7,erro_confiante,0.9220787882804872,0.8620027862489225,False,0.4450928254834719,0.6221846570076968,True
pulmao,7,mobilenet_recplot,41,erro_confiante,0.9190101623535156,0.8608121350407602,False,0.4496308174478711,0.5218185370388166,True
pulmao,7,mobilenet_recplot,11,erro_confiante,0.8833023309707642,0.7805991247296333,False,0.6033113247391457,0.5528560245669502,True
pulmao,7,mobilenet_recplot,36,erro_confiante,0.8425481915473938,0.7267604097723961,False,0.7059896810408939,0.3392191740684689,True
pulmao,7,mobilenet_recplot,2,erro_confiante,0.8110887408256531,0.6470882743597031,False,0.564136853953163,0.49067885404917233,True
pulmao,7,mobilenet_recplot,14,erro_confiante,0.738616406917572,0.5244878530502319,False,0.6589254159130006,0.4637261051330012,True
pulmao,7,mobilenet_recplot,57,erro_confiante,0.7241314649581909,0.5242412835359574,False,0.4571266944198156,0.4807106537064464,True
pulmao,7,mobilenet_recplot,15,erro_confiante,0.7134455442428589,0.47179414331913,False,0.6031871725103242,0.44094836337138965,False
pulmao,7,mobilenet_recplot,13,erro_confiante,0.6085983514785767,0.26467931270599365,False,0.5178322632898529,0.4819367563482554,True
pulmao,7,mobilenet_recplot,1,erro_confiante,0.5974498987197876,0.3588421940803528,False,0.6515865391180763,0.30289481316079037,True
pulmao,7,mobilenet_recplot,23,erro_confiante,0.5825513005256653,0.23866266012191778,False,0.5852695280385062,0.4259719024944463,True
pulmao,7,mobilenet_recplot,16,erro_confiante,0.5744016766548157,0.29882034659385687,False,0.6868948676279973,0.3405621352924021,True
pulmao,7,mobilenet_recplot,9,erro_confiante,0.555728554725647,0.25243508815765386,False,0.65600036833619,0.479319718484507,True
pulmao,7,mobilenet_recplot,52,erro_confiante,0.4977204203605652,0.06334084272384649,False,0.6613400677895959,0.3625764206883239,True
pulmao,7,effnet_orig,0,fronteira,0.516957700252533,0.09857973456382757,True,0.5272060460202328,0.29234606843830174,False
pulmao,7,effnet_orig,3,fronteira,0.5033006072044373,0.08506938815116888,False,0.7514663711112906,0.25764327201269266,True
pulmao,7,effnet_orig,8,fronteira,0.3637940287590027,0.0162173211574555,True,0.648096820265784,0.37799712367055827,False
pulmao,7,effnet_orig,24,fronteira,0.5292389988899231,0.06198427081108099,True,0.6656901581844101,0.3594853817316599,False
pulmao,7,effnet_orig,35,fronteira,0.517815113067627,0.04143965244293213,True,0.7531599627397717,0.33373329962248116,False
pulmao,7,effnet_orig,19,acerto_confiante,0.9998997449874878,0.9998477173430729,True,0.5611887102244034,,False
pulmao,7,effnet_orig,36,acerto_confiante,0.9997522234916688,0.9995859345945065,True,0.47124906833267005,,False
pulmao,7,effnet_orig,42,acerto_confiante,0.9997404217720032,0.9996083200530848,True,0.5089775930396135,,False
pulmao,7,effnet_orig,39,acerto_confiante,0.9996256828308104,0.999403234294732,True,0.734764642890188,,False
pulmao,7,effnet_orig,29,acerto_confiante,0.999333918094635,0.9987314926693216,True,0.5655050415113752,,False
pulmao,7,effnet_orig,41,acerto_confiante,0.9992588758468628,0.998833825608017,True,0.5361791638211403,,False
pulmao,7,effnet_orig,40,acerto_confiante,0.9989868998527528,0.9984145808266477,True,0.6051676369500691,,False
pulmao,7,effnet_orig,5,acerto_confiante,0.998850643634796,0.9979463124764152,True,0.4075726110001785,,False
pulmao,7,effnet_orig,10,acerto_confiante,0.9986571073532104,0.997862100135535,True,0.4928884611840553,,False
pulmao,7,effnet_orig,6,acerto_confiante,0.9984614849090576,0.9975332050235011,True,0.4733003666552817,,False
pulmao,7,effnet_orig,37,acerto_confiante,0.9969979524612428,0.9949623965658249,True,0.46417748264739644,,False
pulmao,7,effnet_orig,4,acerto_confiante,0.9961768388748168,0.9938692594878374,True,0.3747264166149171,,False
pulmao,7,effnet_orig,14,acerto_confiante,0.9952472448349,0.9921484736260028,True,0.40408742958194527,,False
pulmao,7,effnet_orig,44,acerto_confiante,0.9937458038330078,0.9901893911883235,True,0.6246624010401846,,False
pulmao,7,effnet_orig,45,acerto_confiante,0.9936923980712892,0.9898356150370092,True,0.43055649942207197,,False
pulmao,7,effnet_orig,3,erro_confiante,0.5033006072044373,0.08506938815116888,False,0.7514663711112906,0.25764327201269266,True
pulmao,7,effnet_recplot,8,fronteira,0.5183205604553223,0.06374770402908325,False,0.27512841573624075,0.4222252372083026,True
pulmao,7,effnet_recplot,36,fronteira,0.5006393790245056,0.0479044914245606,False,0.5928464422375858,0.2474794356612896,True
pulmao,7,effnet_recplot,42,acerto_confiante,0.9996155500411988,0.9993354315811305,True,0.4996980788446154,,False
pulmao,7,effnet_recplot,25,acerto_confiante,0.9988412261009216,0.9981762411189267,True,0.6650603729474741,,False
pulmao,7,effnet_recplot,46,acerto_confiante,0.998684585094452,0.9980015748296867,True,0.6101411627934349,,False
pulmao,7,effnet_recplot,30,acerto_confiante,0.99857497215271,0.9976465977961197,True,0.6912412505828962,,False
pulmao,7,effnet_recplot,19,acerto_confiante,0.9984897375106812,0.9973812733078375,True,0.6084859161643564,,False
pulmao,7,effnet_recplot,33,acerto_confiante,0.9983437061309814,0.9975070168147795,True,0.673108676305983,,False
pulmao,7,effnet_recplot,24,acerto_confiante,0.99798583984375,0.9967364328913391,True,0.6860239773442758,,False
pulmao,7,effnet_recplot,6,acerto_confiante,0.9979045391082764,0.9967357285786421,True,0.4687116296218301,,False
pulmao,7,effnet_recplot,31,acerto_confiante,0.9978328347206116,0.9965876645874233,True,0.7017158067543077,,False
pulmao,7,effnet_recplot,21,acerto_confiante,0.9974283576011658,0.9949881930369885,True,0.5365384491765958,,False
pulmao,7,effnet_recplot,37,acerto_confiante,0.997116208076477,0.9955555953783914,True,0.6503916988391295,,False
pulmao,7,effnet_recplot,35,acerto_confiante,0.9962159395217896,0.9935714278835803,True,0.6328849737733383,,False
pulmao,7,effnet_recplot,5,acerto_confiante,0.9943811297416688,0.9904162716120483,True,0.41935020864880745,,False
pulmao,7,effnet_recplot,32,acerto_confiante,0.9913698434829712,0.9858906073495746,True,0.6548413130590441,,False
pulmao,7,effnet_recplot,4,acerto_confiante,0.9902588725090028,0.9848907659761609,True,0.5134523101296665,,False
pulmao,7,effnet_recplot,49,erro_confiante,0.984235942363739,0.9743849812075496,False,0.6732662831683198,0.6604909428927915,False
pulmao,7,effnet_recplot,11,erro_confiante,0.9598068594932556,0.9226797372102739,False,0.6628760800204805,0.5337472684729153,True
pulmao,7,effnet_recplot,7,erro_confiante,0.9546495079994202,0.9241879452019931,False,0.7014420477358898,0.48630321267429044,False
pulmao,7,effnet_recplot,41,erro_confiante,0.9530270099639891,0.9142787717282771,False,0.3588444256215323,0.467583935010643,True
pulmao,7,effnet_recplot,1,erro_confiante,0.9269896745681764,0.8889966756105425,False,0.43306377308363997,0.416246116312989,True
pulmao,7,effnet_recplot,57,erro_confiante,0.8747748732566833,0.7681500539183618,False,0.7526757605610087,0.4417344697509191,True
pulmao,7,effnet_recplot,15,erro_confiante,0.8347581028938293,0.7178621143102646,False,0.7051335880116404,0.3564444202049608,False
pulmao,7,effnet_recplot,0,erro_confiante,0.8282687067985535,0.6776506304740906,False,0.3231312830912355,0.5570994306476392,False
pulmao,7,effnet_recplot,13,erro_confiante,0.822236180305481,0.7190599888563156,False,0.3096703579833551,0.408362626343142,True
pulmao,7,effnet_recplot,43,erro_confiante,0.8129228949546814,0.6583875715732574,False,0.7018542043704329,0.33029653166562456,True
pulmao,7,effnet_recplot,58,erro_confiante,0.7902054786682129,0.6127231717109681,False,0.7431759535528912,0.24132032116381716,True
pulmao,7,effnet_recplot,23,erro_confiante,0.7530908584594727,0.5495466589927673,False,0.5946748596837225,0.36260336950295874,True
pulmao,7,effnet_recplot,45,erro_confiante,0.7446052432060242,0.5478089898824692,False,0.6428513554594398,0.45725689116468654,True
pulmao,7,effnet_recplot,2,erro_confiante,0.6672418117523193,0.42041195929050457,False,0.3828666791594758,0.3218056917798425,True
pulmao,7,effnet_recplot,55,erro_confiante,0.6444538235664368,0.3453328311443329,False,0.38650416823429884,0.45093426352885135,True
pulmao,12,mobilenet_orig,3,fronteira,0.4962660074234009,0.05122977495193487,False,0.6939296314167318,0.34591440016878827,True
pulmao,12,mobilenet_orig,7,fronteira,0.4709103107452392,0.05387711524963379,False,0.5981318962402689,0.46220827505710865,True
pulmao,12,mobilenet_orig,19,acerto_confiante,0.9996196031570436,0.9994043178157883,True,0.6132281199074936,,False
pulmao,12,mobilenet_orig,58,acerto_confiante,0.9961965680122375,0.9933014658745378,True,0.40144914743510146,,False
pulmao,12,mobilenet_orig,36,acerto_confiante,0.9950007200241088,0.9918127011042088,True,0.5075454387041303,,False
pulmao,12,mobilenet_orig,37,acerto_confiante,0.9944968819618224,0.9905089731328189,True,0.34052132251945066,,False
pulmao,12,mobilenet_orig,6,acerto_confiante,0.9921191334724426,0.9870130843482913,True,0.438570293986028,,False
pulmao,12,mobilenet_orig,42,acerto_confiante,0.991675853729248,0.9868241040967406,True,0.4571326169981331,,False
pulmao,12,mobilenet_orig,29,acerto_confiante,0.9888775944709778,0.9817775981500745,True,0.4337331414980566,,False
pulmao,12,mobilenet_orig,32,acerto_confiante,0.98766827583313,0.9791622078046204,True,0.5611731007419002,,False
pulmao,12,mobilenet_orig,33,acerto_confiante,0.9860547184944152,0.9738778127357363,True,0.50194192445968,,False
pulmao,12,mobilenet_orig,20,acerto_confiante,0.9859753251075744,0.9782915501855314,True,0.32657907524042173,,False
pulmao,12,mobilenet_orig,18,acerto_confiante,0.9854298830032348,0.9757233876734972,True,0.4936526777206694,,False
pulmao,12,mobilenet_orig,40,acerto_confiante,0.9850096106529236,0.9766515167430044,True,0.4369413938617268,,False
pulmao,12,mobilenet_orig,31,acerto_confiante,0.9836567640304564,0.9722910011187196,True,0.49724949413490804,,False
pulmao,12,mobilenet_orig,5,acerto_confiante,0.9781060218811036,0.9629422361031176,True,0.6031009585442564,,False
pulmao,12,mobilenet_orig,41,acerto_confiante,0.9742388129234314,0.9574933554977179,True,0.5203852685198814,,False
pulmao,12,mobilenet_orig,53,erro_confiante,0.6807946562767029,0.3891396224498749,False,0.6897974812325398,0.38394926441506627,True
pulmao,12,mobilenet_orig,55,erro_confiante,0.5609108209609985,0.14082267880439764,False,0.676139765738894,0.3813166822906173,False
pulmao,12,mobilenet_orig,3,erro_confiante,0.4962660074234009,0.05122977495193487,False,0.6939296314167318,0.34591440016878827,True
pulmao,12,mobilenet_orig,7,erro_confiante,0.4709103107452392,0.05387711524963379,False,0.5981318962402689,0.46220827505710865,True
pulmao,12,mobilenet_orig,51,erro_confiante,0.4008332192897796,0.10083448886871332,False,0.6783112961589794,0.28698058263908377,True
pulmao,12,mobilenet_recplot,1,fronteira,0.4084401428699493,0.0461153090000152,False,0.7100381821139456,0.32531510527375057,True
pulmao,12,mobilenet_recplot,3,fronteira,0.4915006756782532,0.09997197985649109,True,0.6755633371883429,0.28851293795793753,False
pulmao,12,mobilenet_recplot,8,fronteira,0.4474406242370605,0.036967962980270386,True,0.7346072033321958,0.30783222716167413,False
pulmao,12,mobilenet_recplot,23,fronteira,0.4666168987751007,0.03720477223396301,True,0.7750158313583739,0.24008515753986792,False
pulmao,12,mobilenet_recplot,26,fronteira,0.4689418375492096,0.06356203556060791,False,0.5078086675249258,0.5425716762823046,True
pulmao,12,mobilenet_recplot,29,acerto_confiante,0.9978821873664856,0.9960692106978968,True,0.5432681411953499,,False
pulmao,12,mobilenet_recplot,37,acerto_confiante,0.9938815236091614,0.989416212309152,True,0.4267508456296273,,False
pulmao,12,mobilenet_recplot,33,acerto_confiante,0.9909088015556335,0.9849706529639661,True,0.526416457885921,,False
pulmao,12,mobilenet_recplot,44,acerto_confiante,0.9892671704292296,0.9834663029760121,True,0.41661812526074066,,False
pulmao,12,mobilenet_recplot,5,acerto_confiante,0.9883267283439636,0.9805688341148199,True,0.5608104029226086,,False
pulmao,12,mobilenet_recplot,31,acerto_confiante,0.9864431619644164,0.979614830110222,True,0.43954827994964113,,False
pulmao,12,mobilenet_recplot,20,acerto_confiante,0.9835109114646912,0.9722706396132708,True,0.4812561010724886,,False
pulmao,12,mobilenet_recplot,30,acerto_confiante,0.9782262444496156,0.9623748920857907,True,0.5064273381601243,,False
pulmao,12,mobilenet_recplot,38,acerto_confiante,0.9779471755027772,0.9633518280461432,True,0.6077696997151785,,False
pulmao,12,mobilenet_recplot,47,acerto_confiante,0.9770360589027404,0.9571783933788538,True,0.354698212015944,,False
pulmao,12,mobilenet_recplot,25,acerto_confiante,0.9715562462806702,0.9508577547967435,True,0.561550387630098,,False
pulmao,12,mobilenet_recplot,46,acerto_confiante,0.9684035778045654,0.9500546418130398,True,0.5595094090249235,,False
pulmao,12,mobilenet_recplot,19,acerto_confiante,0.9675695300102234,0.941775294020772,True,0.5783014497373513,,False
pulmao,12,mobilenet_recplot,17,acerto_confiante,0.9615957140922546,0.9399751666933298,True,0.5543208373036472,,False
pulmao,12,mobilenet_recplot,32,acerto_confiante,0.9608126282691956,0.9403851851820947,True,0.4844869821818,,False
pulmao,12,mobilenet_recplot,41,erro_confiante,0.9717878699302672,0.9504479225724936,False,0.47604707583905476,0.6011571354492493,True
pulmao,12,mobilenet_recplot,11,erro_confiante,0.9549731016159058,0.9196753203868867,False,0.5679235278364283,0.5510501042091099,True
pulmao,12,mobilenet_recplot,7,erro_confiante,0.9375766515731812,0.8869220018386842,False,0.4149637007149377,0.6881635136002717,False
pulmao,12,mobilenet_recplot,2,erro_confiante,0.8835918307304382,0.8057186231017113,False,0.503941376002205,0.6071623183607499,True
pulmao,12,mobilenet_recplot,0,erro_confiante,0.8496088981628418,0.7465217858552933,False,0.5360868976759252,0.4945495924207637,False
pulmao,12,mobilenet_recplot,55,erro_confiante,0.7697819471359253,0.621126338839531,False,0.6042873002762998,0.5136014861089295,False
pulmao,12,mobilenet_recplot,57,erro_confiante,0.7678365111351013,0.6339906752109528,False,0.6364425837961811,0.370504700507095,True
pulmao,12,mobilenet_recplot,49,erro_confiante,0.7637055516242981,0.5905439108610154,False,0.6016242433309308,0.5753249342681356,True
pulmao,12,mobilenet_recplot,45,erro_confiante,0.6547297239303589,0.3315801620483399,False,0.6330265454484004,0.5240567702861894,True
pulmao,12,mobilenet_recplot,14,erro_confiante,0.6312089562416077,0.31110137701034546,False,0.6862933727319876,0.4215698073297282,True
pulmao,12,mobilenet_recplot,58,erro_confiante,0.5889158248901367,0.3111668825149536,False,0.6386108346452366,0.46886595510500945,True
pulmao,12,mobilenet_recplot,15,erro_confiante,0.5692991614341736,0.19665524363517767,False,0.753981362251045,0.21556868159914558,True
pulmao,12,mobilenet_recplot,36,erro_confiante,0.5017240643501282,0.19711798429489136,False,0.6922539283382445,0.3913955574951837,True
pulmao,12,mobilenet_recplot,26,erro_confiante,0.4689418375492096,0.06356203556060791,False,0.5078086675249258,0.5425716762823046,True
pulmao,12,mobilenet_recplot,1,erro_confiante,0.4084401428699493,0.0461153090000152,False,0.7100381821139456,0.32531510527375057,True
pulmao,12,effnet_orig,7,fronteira,0.4994440376758575,0.09023517370223999,False,0.4191190264236551,0.2969315418732953,True
pulmao,12,effnet_orig,19,acerto_confiante,0.9999624490737916,0.9999378586580862,True,0.4857615088853468,,False
pulmao,12,effnet_orig,27,acerto_confiante,0.9993841648101808,0.9988302923156882,True,0.4458183622609397,,False
pulmao,12,effnet_orig,10,acerto_confiante,0.9993752837181092,0.9990010624751451,True,0.4457386386739849,,False
pulmao,12,effnet_orig,41,acerto_confiante,0.9991368651390076,0.9986358869355173,True,0.4775348884698914,,False
pulmao,12,effnet_orig,37,acerto_confiante,0.9988746643066406,0.9980770671973005,True,0.38910548527821753,,False
pulmao,12,effnet_orig,25,acerto_confiante,0.9987931847572328,0.9980624273302967,True,0.6190944349376534,,False
pulmao,12,effnet_orig,6,acerto_confiante,0.9984575510025024,0.9974822688382119,True,0.31761176070522296,,False
pulmao,12,effnet_orig,40,acerto_confiante,0.9982985854148864,0.9972287843702361,True,0.301526680265177,,False
pulmao,12,effnet_orig,36,acerto_confiante,0.9981898665428162,0.9972291305311956,True,0.4360138384634032,,False
pulmao,12,effnet_orig,44,acerto_confiante,0.998090922832489,0.9966083739418538,True,0.5989274251601976,,False
pulmao,12,effnet_orig,26,acerto_confiante,0.997744083404541,0.9964638202218339,True,0.61114203417351,,False
pulmao,12,effnet_orig,14,acerto_confiante,0.9974940419197084,0.9959347869735212,True,0.18624993760289807,,False
pulmao,12,effnet_orig,20,acerto_confiante,0.9972348809242249,0.9951019485015422,True,0.4261106796474741,,False
pulmao,12,effnet_orig,29,acerto_confiante,0.9959272742271424,0.9935522784944626,True,0.5694423331211828,,False
pulmao,12,effnet_orig,42,acerto_confiante,0.9948911666870116,0.9910373701713979,True,0.37972658004415266,,False
pulmao,12,effnet_orig,55,erro_confiante,0.9310537576675416,0.8665622100234033,False,0.40248535479828024,0.45665817159052635,False
pulmao,12,effnet_orig,3,erro_confiante,0.6338892579078674,0.33313909173011785,False,0.5438406509394552,0.3499891867302592,False
pulmao,12,effnet_orig,31,erro_confiante,0.5876128673553467,0.2857964038848877,False,0.5876851417661272,0.2711666969171993,True
pulmao,12,effnet_orig,7,erro_confiante,0.4994440376758575,0.09023517370223999,False,0.4191190264236551,0.2969315418732953,True
pulmao,12,effnet_recplot,23,fronteira,0.3684068620204925,0.040634036064147894,False,0.7973963686031158,0.21627452073535813,True
pulmao,12,effnet_recplot,46,acerto_confiante,0.9997158646583556,0.9995573969790711,True,0.607286722370583,,False
pulmao,12,effnet_recplot,37,acerto_confiante,0.9996797442436218,0.9994968779210467,True,0.7452036489070054,,False
pulmao,12,effnet_recplot,35,acerto_confiante,0.9993051886558532,0.9988233820768072,True,0.6363715761703679,,False
pulmao,12,effnet_recplot,29,acerto_confiante,0.9991993308067322,0.9986770271207207,True,0.6411136460537301,,False
pulmao,12,effnet_recplot,30,acerto_confiante,0.9990428686141968,0.9983074371120892,True,0.6843141934208948,,False
pulmao,12,effnet_recplot,25,acerto_confiante,0.9989129304885864,0.9980825602542609,True,0.6426447078842947,,False
pulmao,12,effnet_recplot,4,acerto_confiante,0.9989010095596312,0.9980274151312186,True,0.6184266698941457,,False
pulmao,12,effnet_recplot,33,acerto_confiante,0.998689591884613,0.9977455973858015,True,0.6594850532921456,,False
pulmao,12,effnet_recplot,10,acerto_confiante,0.9985795021057128,0.9976971021387726,True,0.5282546347884259,,False
pulmao,12,effnet_recplot,38,acerto_confiante,0.9976855516433716,0.9959100523265079,True,0.6745947843237089,,False
pulmao,12,effnet_recplot,31,acerto_confiante,0.9976806044578552,0.9964124487014488,True,0.725244425707021,,False
pulmao,12,effnet_recplot,5,acerto_confiante,0.9973798990249634,0.9956040208926424,True,0.40913384467751185,,False
pulmao,12,effnet_recplot,42,acerto_confiante,0.99692040681839,0.9950827063294129,True,0.5977662944074935,,False
pulmao,12,effnet_recplot,19,acerto_confiante,0.9966412782669068,0.9942085882648828,True,0.6679665291470432,,False
pulmao,12,effnet_recplot,12,acerto_confiante,0.9964686632156372,0.9946066020056606,True,0.7089130565700167,,False
pulmao,12,effnet_recplot,41,erro_confiante,0.9973391890525818,0.9955168000888079,False,0.45967560005152114,0.3475366609925979,True
pulmao,12,effnet_recplot,58,erro_confiante,0.9955382347106934,0.992854265961796,False,0.630819498766021,0.42875024365245346,False
pulmao,12,effnet_recplot,0,erro_confiante,0.9885594248771667,0.9782879715785384,False,0.2029289567922812,0.40498656807558564,False
pulmao,12,effnet_recplot,11,erro_confiante,0.984956443309784,0.9738479303196075,False,0.5666138063804129,0.6118477832306248,True
pulmao,12,effnet_recplot,15,erro_confiante,0.9684259295463562,0.9465282261371613,False,0.7568225457515856,0.364334673007308,False
pulmao,12,effnet_recplot,7,erro_confiante,0.9575246572494508,0.92231572419405,False,0.7560968036229899,0.3679296098799913,False
pulmao,12,effnet_recplot,49,erro_confiante,0.9122851490974426,0.8436399251222612,False,0.7527855197436203,0.3535595589432258,True
pulmao,12,effnet_recplot,3,erro_confiante,0.9101231694221495,0.8299218118190764,False,0.6894638018660625,0.41515911047066006,False
pulmao,12,effnet_recplot,55,erro_confiante,0.7187982797622681,0.5720986574888229,False,0.7904855663802214,0.2598146142293442,False
pulmao,12,effnet_recplot,36,erro_confiante,0.6803469657897949,0.36190605163574224,False,0.5939291722586074,0.22988561921561476,True
pulmao,12,effnet_recplot,1,erro_confiante,0.6456944942474365,0.37576541304588323,False,0.8836896325796516,0.2270951259172573,True
pulmao,12,effnet_recplot,2,erro_confiante,0.6258070468902588,0.2538158297538758,False,0.5135462015428364,0.4433746452217898,True
pulmao,12,effnet_recplot,26,erro_confiante,0.6170152425765991,0.332675963640213,False,0.6567047313679322,0.6224377596166067,True
pulmao,12,effnet_recplot,18,erro_confiante,0.6090365052223206,0.24139642715454107,False,0.615033002170854,0.32173714480722787,True
pulmao,12,effnet_recplot,9,erro_confiante,0.5547833442687988,0.11784601211547852,False,0.5579880029622554,0.21090357883081962,True
pulmao,42,mobilenet_orig,7,fronteira,0.4516524970531463,0.0012610852718353271,False,0.6047272543187655,0.4238189564415523,True
pulmao,42,mobilenet_orig,19,acerto_confiante,0.9981045126914978,0.9970757541013882,True,0.4713116094354651,,False
pulmao,42,mobilenet_orig,40,acerto_confiante,0.9977250695228576,0.9961642252746968,True,0.43231052067163495,,False
pulmao,42,mobilenet_orig,5,acerto_confiante,0.9950945377349854,0.9923707598354667,True,0.5946297514753156,,False
pulmao,42,mobilenet_orig,36,acerto_confiante,0.9947633743286132,0.9914938821457325,True,0.4781073573758517,,False
pulmao,42,mobilenet_orig,42,acerto_confiante,0.993065595626831,0.9888001321814954,True,0.4324584142537991,,False
pulmao,42,mobilenet_orig,6,acerto_confiante,0.9904412031173706,0.9842349356040359,True,0.42880300436978364,,False
pulmao,42,mobilenet_orig,48,acerto_confiante,0.982570469379425,0.9701750092208385,True,0.4359006113411589,,False
pulmao,42,mobilenet_orig,20,acerto_confiante,0.9810938835144044,0.9698710199445488,True,0.43565488552422615,,False
pulmao,42,mobilenet_orig,37,acerto_confiante,0.977560818195343,0.9621603740379215,True,0.3707874016976536,,False
pulmao,42,mobilenet_orig,14,acerto_confiante,0.9772045016288756,0.9645443996414541,True,0.4532811885312392,,False
pulmao,42,mobilenet_orig,47,acerto_confiante,0.976733922958374,0.962607178837061,True,0.4948169717840094,,False
pulmao,42,mobilenet_orig,54,acerto_confiante,0.9727733731269836,0.9579584049060942,True,0.3902211139122832,,False
pulmao,42,mobilenet_orig,45,acerto_confiante,0.9656165242195128,0.9439735841006041,True,0.4738317329498409,,False
pulmao,42,mobilenet_orig,25,acerto_confiante,0.9646597504615784,0.9339377991855145,True,0.4555418191862934,,False
pulmao,42,mobilenet_orig,18,acerto_confiante,0.962541401386261,0.941472364589572,True,0.487285200301588,,False
pulmao,42,mobilenet_orig,56,erro_confiante,0.7534816861152649,0.5108506381511688,False,0.5688040293131712,0.5499954381515424,True
pulmao,42,mobilenet_orig,3,erro_confiante,0.6230376958847046,0.3016875386238098,False,0.6738899440441637,0.3052925413787095,True
pulmao,42,mobilenet_orig,1,erro_confiante,0.5647121667861938,0.17187476158142095,False,0.7177375020524266,0.3379106825682559,True
pulmao,42,mobilenet_orig,16,erro_confiante,0.5152862668037415,0.18146526813507086,False,0.5749711838919637,0.4103435545092071,True
pulmao,42,mobilenet_orig,7,erro_confiante,0.4516524970531463,0.0012610852718353271,False,0.6047272543187655,0.4238189564415523,True
pulmao,42,mobilenet_recplot,8,fronteira,0.4436425566673279,0.09210902452468878,True,0.47728118245269907,0.4196421429274993,False
pulmao,42,mobilenet_recplot,9,fronteira,0.4998582005500793,0.09318327903747559,True,0.5421429390700211,0.44539556037551276,False
pulmao,42,mobilenet_recplot,39,fronteira,0.4230275750160217,0.04403650760650629,False,0.495789539756354,0.3960932526223088,True
pulmao,42,mobilenet_recplot,5,acerto_confiante,0.9943395256996156,0.9907650686800482,True,0.6658496459978672,,False
pulmao,42,mobilenet_recplot,20,acerto_confiante,0.9917543530464172,0.9875712767243385,True,0.4879582744100821,,False
pulmao,42,mobilenet_recplot,4,acerto_confiante,0.9913688898086548,0.9867750192061067,True,0.6019800573475723,,False
pulmao,42,mobilenet_recplot,17,acerto_confiante,0.9880245327949524,0.9808726836927236,True,0.6329516562491198,,False
pulmao,42,mobilenet_recplot,31,acerto_confiante,0.9860366582870485,0.9772331146523359,True,0.4052752207280025,,False
pulmao,42,mobilenet_recplot,6,acerto_confiante,0.9792212247848512,0.9651924353092911,True,0.660028008439118,,False
pulmao,42,mobilenet_recplot,29,acerto_confiante,0.9790594577789308,0.9599540829658509,True,0.5262422237352494,,False
pulmao,42,mobilenet_recplot,12,acerto_confiante,0.9773664474487304,0.9631130881607531,True,0.6279154820656125,,False
pulmao,42,mobilenet_recplot,47,acerto_confiante,0.967538833618164,0.937382472679019,True,0.5478789328219,,False
pulmao,42,mobilenet_recplot,37,acerto_confiante,0.966150999069214,0.9478877857327462,True,0.39276298145931937,,False
pulmao,42,mobilenet_recplot,54,acerto_confiante,0.9624648690223694,0.9373424071818591,True,0.4239548775298528,,False
pulmao,42,mobilenet_recplot,44,acerto_confiante,0.9614447355270386,0.9388910531997681,True,0.5622401362794156,,False
pulmao,42,mobilenet_recplot,53,acerto_confiante,0.9586548805236816,0.9327746201306583,True,0.4488089915642505,,False
pulmao,42,mobilenet_recplot,48,acerto_confiante,0.9549270272254944,0.914472158998251,True,0.607261385089876,,False
pulmao,42,mobilenet_recplot,35,acerto_confiante,0.9493048787117004,0.9145835116505623,True,0.4839794876671646,,False
pulmao,42,mobilenet_recplot,7,erro_confiante,0.9899916648864746,0.9821149269118905,False,0.43360600247051195,0.6233395084445719,False
pulmao,42,mobilenet_recplot,1,erro_confiante,0.9361697435379028,0.8873924165964128,False,0.6493364884818972,0.4658928829369004,True
pulmao,42,mobilenet_recplot,55,erro_confiante,0.9344748854637146,0.8868496902287007,False,0.5892394146897025,0.6830955623728252,False
pulmao,42,mobilenet_recplot,2,erro_confiante,0.9093683958053588,0.8319424390792846,False,0.6140295583313202,0.6136927502443612,True
pulmao,42,mobilenet_recplot,57,erro_confiante,0.9056172370910645,0.8543454185128212,False,0.6550527756266704,0.478222166671225,True
pulmao,42,mobilenet_recplot,41,erro_confiante,0.8863444924354553,0.7967150807380676,False,0.4684885941633014,0.6168074788534716,True
pulmao,42,mobilenet_recplot,45,erro_confiante,0.8369761109352112,0.6964859962463379,False,0.7388035981978093,0.3311735514727298,True
pulmao,42,mobilenet_recplot,49,erro_confiante,0.7607128024101257,0.5592173486948013,False,0.5270956263496994,0.5193202027179448,False
pulmao,42,mobilenet_recplot,11,erro_confiante,0.6601626873016357,0.40172305703163147,False,0.6435113313863341,0.3925248841095537,True
pulmao,42,mobilenet_recplot,52,erro_confiante,0.6044368147850037,0.3386135399341584,False,0.6706688456257032,0.3624875648510431,True
pulmao,42,mobilenet_recplot,36,erro_confiante,0.5778626203536987,0.31183445453643804,False,0.7637359447409655,0.28614697854506166,True
pulmao,42,mobilenet_recplot,15,erro_confiante,0.5606903433799744,0.3039338290691376,False,0.6298544962260254,0.37409355207522976,True
pulmao,42,mobilenet_recplot,0,erro_confiante,0.4583140015602112,0.1644258201122284,False,0.6689322545168054,0.4113974449894333,True
pulmao,42,mobilenet_recplot,39,erro_confiante,0.4230275750160217,0.04403650760650629,False,0.495789539756354,0.3960932526223088,True
pulmao,42,effnet_orig,10,acerto_confiante,0.9994876384735109,0.9991842254530641,True,0.5065378094630447,,False
pulmao,42,effnet_orig,14,acerto_confiante,0.9994301795959472,0.9991207587299867,True,0.26403081531503997,,False
pulmao,42,effnet_orig,19,acerto_confiante,0.999172866344452,0.9987022200366484,True,0.4228829150081121,,False
pulmao,42,effnet_orig,5,acerto_confiante,0.9986679553985596,0.9977208766504192,True,0.3067940636698107,,False
pulmao,42,effnet_orig,40,acerto_confiante,0.9985847473144532,0.9978640954941512,True,0.4387760447059186,,False
pulmao,42,effnet_orig,41,acerto_confiante,0.9984815716743468,0.9976284690783358,True,0.4795411406739715,,False
pulmao,42,effnet_orig,2,acerto_confiante,0.9982330799102784,0.9969616618473084,True,0.45506387603172876,,False
pulmao,42,effnet_orig,4,acerto_confiante,0.997782289981842,0.9964780075242743,True,0.30683737936483685,,False
pulmao,42,effnet_orig,36,acerto_confiante,0.9974710941314696,0.99590317660477,True,0.41382908165630927,,False
pulmao,42,effnet_orig,58,acerto_confiante,0.9972435235977172,0.9947670856490731,True,0.25550691623881283,,False
pulmao,42,effnet_orig,48,acerto_confiante,0.9970581531524658,0.9947109671775253,True,0.3215715539260539,,False
pulmao,42,effnet_orig,17,acerto_confiante,0.996594488620758,0.9939550929702817,True,0.30495062667568784,,False
pulmao,42,effnet_orig,27,acerto_confiante,0.9960753917694092,0.9934465275146068,True,0.5688516242366647,,False
pulmao,42,effnet_orig,23,acerto_confiante,0.9959030747413636,0.993131225463003,True,0.4777688327502831,,False
pulmao,42,effnet_orig,39,acerto_confiante,0.9957804679870604,0.9935829294845462,True,0.583159971130124,,False
pulmao,42,effnet_orig,7,erro_confiante,0.5019004940986633,0.22161412239074713,False,0.4095348908897753,0.4345164946768505,True
pulmao,42,effnet_recplot,1,fronteira,0.4983300566673279,0.0880445539951325,True,0.6787766366787467,0.3297692008793373,False
pulmao,42,effnet_recplot,16,fronteira,0.5318735241889954,0.08491513133049017,True,0.5139849186216491,0.3421888859053807,False
pulmao,42,effnet_recplot,25,acerto_confiante,0.9996692538261414,0.9993506506143603,True,0.7138573649039508,,False
pulmao,42,effnet_recplot,35,acerto_confiante,0.9992565512657166,0.9986488159629516,True,0.7289488483858589,,False
pulmao,42,effnet_recplot,31,acerto_confiante,0.9986771941184998,0.997744234802667,True,0.7534134981170362,,False
pulmao,42,effnet_recplot,37,acerto_confiante,0.9985097646713256,0.9972752372268586,True,0.6874516961121349,,False
pulmao,42,effnet_recplot,33,acerto_confiante,0.998421549797058,0.9969300614902749,True,0.7083641812514168,,False
pulmao,42,effnet_recplot,46,acerto_confiante,0.9982779026031494,0.9972816491499544,True,0.5976449683053003,,False
pulmao,42,effnet_recplot,42,acerto_confiante,0.996951460838318,0.9952400270849467,True,0.5620781474040156,,False
pulmao,42,effnet_recplot,10,acerto_confiante,0.9966716170310974,0.994999341084622,True,0.3616277276226659,,False
pulmao,42,effnet_recplot,30,acerto_confiante,0.9958307147026062,0.9918975709006191,True,0.7343133701529173,,False
pulmao,42,effnet_recplot,32,acerto_confiante,0.9956778287887572,0.9918230022303759,True,0.7320563285340366,,False
pulmao,42,effnet_recplot,19,acerto_confiante,0.9955735802650452,0.9922057832591236,True,0.6416704338825213,,False
pulmao,42,effnet_recplot,24,acerto_confiante,0.9952298402786256,0.9908572263084354,True,0.742274410603819,,False
pulmao,42,effnet_recplot,4,acerto_confiante,0.99479877948761,0.9917284101247789,True,0.5442180826870338,,False
pulmao,42,effnet_recplot,40,acerto_confiante,0.9889805316925048,0.9804097879678011,True,0.7208824012480552,,False
pulmao,42,effnet_recplot,22,acerto_confiante,0.988612949848175,0.9820208582095803,True,0.3560410091707723,,False
pulmao,42,effnet_recplot,7,erro_confiante,0.996546506881714,0.9937642647419127,False,0.6583404711754727,0.7747209299436955,False
pulmao,42,effnet_recplot,41,erro_confiante,0.9800376892089844,0.9662553956732155,False,0.2504483269881968,0.3465939919548555,True
pulmao,42,effnet_recplot,49,erro_confiante,0.9693650603294371,0.9401412699371575,False,0.7591779622373198,0.5001326555215703,False
pulmao,42,effnet_recplot,15,erro_confiante,0.8618989586830139,0.7390503734350206,False,0.6765419513732839,0.39901281180041437,True
pulmao,42,effnet_recplot,11,erro_confiante,0.6957611441612244,0.4110237658023835,False,0.6567081301754162,0.4350035283727583,True
pulmao,42,effnet_recplot,0,erro_confiante,0.6852748394012451,0.3822488486766815,False,0.4447180400015498,0.49586980138209186,True
pulmao,42,effnet_recplot,58,erro_confiante,0.6811871528625488,0.46551141142845154,False,0.6329512308866313,0.4722695209908849,True
pulmao,42,effnet_recplot,13,erro_confiante,0.6786007881164551,0.3656783998012543,False,0.1912078666390951,0.28113029761686775,True
pulmao,42,effnet_recplot,36,erro_confiante,0.6665685176849365,0.34370574355125433,False,0.4038911489378946,0.48305427564864334,True
pulmao,65,mobilenet_orig,24,fronteira,0.4209095537662506,0.03583016991615301,True,0.6097603465738546,0.412323795871321,False
pulmao,65,mobilenet_orig,51,fronteira,0.4601386487483978,0.009540081024169922,True,0.599787359987776,0.3570198892510351,False
pulmao,65,mobilenet_orig,19,acerto_confiante,0.9997084736824036,0.9995440545171733,True,0.5550464105366665,,False
pulmao,65,mobilenet_orig,37,acerto_confiante,0.9996932744979858,0.999537977462751,True,0.40069381524730624,,False
pulmao,65,mobilenet_orig,40,acerto_confiante,0.9991648197174072,0.9985602685483174,True,0.5077783095780082,,False
pulmao,65,mobilenet_orig,36,acerto_confiante,0.9989418387413024,0.9982830717344768,True,0.49010557224305284,,False
pulmao,65,mobilenet_orig,18,acerto_confiante,0.997147023677826,0.9948339662514628,True,0.5058794823132498,,False
pulmao,65,mobilenet_orig,20,acerto_confiante,0.9963709712028505,0.9937543615233154,True,0.4256734207995679,,False
pulmao,65,mobilenet_orig,42,acerto_confiante,0.9963217973709106,0.993989541195333,True,0.455144326716317,,False
pulmao,65,mobilenet_orig,6,acerto_confiante,0.9952095150947572,0.9920933251269163,True,0.4909630789769456,,False
pulmao,65,mobilenet_orig,58,acerto_confiante,0.9878008365631104,0.9761355286464095,True,0.4214052325646688,,False
pulmao,65,mobilenet_orig,14,acerto_confiante,0.9856871962547302,0.9755913680419326,True,0.38537939211023803,,False
pulmao,65,mobilenet_orig,5,acerto_confiante,0.984723687171936,0.9742294307798147,True,0.5947487909855448,,False
pulmao,65,mobilenet_orig,10,acerto_confiante,0.9811457991600036,0.9668093509972094,True,0.5943075478301035,,False
pulmao,65,mobilenet_orig,41,acerto_confiante,0.9808428883552552,0.9697341304272414,True,0.5431390078471449,,False
pulmao,65,mobilenet_orig,44,acerto_confiante,0.9791741967201232,0.967568915337324,True,0.5104755029162541,,False
pulmao,65,mobilenet_orig,29,acerto_confiante,0.9771632552146912,0.9628939693793654,True,0.3656343970250193,,False
pulmao,65,mobilenet_orig,3,erro_confiante,0.7840886116027832,0.5818052887916565,False,0.7408515631509397,0.19428843248381103,True
pulmao,65,mobilenet_orig,7,erro_confiante,0.7627648115158081,0.6102332472801208,False,0.7042788783008435,0.2993636813464979,False
pulmao,65,mobilenet_orig,1,erro_confiante,0.6928839683532715,0.44705210626125336,False,0.695547022596079,0.37844874453171556,True
pulmao,65,mobilenet_orig,15,erro_confiante,0.6691900491714478,0.3652387857437134,False,0.5407074936354589,0.5644940366387974,True
pulmao,65,mobilenet_orig,27,erro_confiante,0.6132451295852661,0.2529209554195404,False,0.4989021052628441,0.5445317441537342,True
pulmao,65,mobilenet_orig,16,erro_confiante,0.5804288983345032,0.19830453395843506,False,0.7319782326156768,0.2688655172277763,True
pulmao,65,mobilenet_orig,34,erro_confiante,0.564306378364563,0.1557736992835999,False,0.6111518487264107,0.35646536957267705,True
pulmao,65,mobilenet_orig,0,erro_confiante,0.502162754535675,0.13103640079498297,False,0.6732162713835639,0.3376159643638609,True
pulmao,65,mobilenet_recplot,9,fronteira,0.4354915916919708,0.08139485120773321,False,0.7221058939408717,0.2810865039280029,True
pulmao,65,mobilenet_recplot,16,fronteira,0.4018667340278625,0.03547161817550659,True,0.7062409004789232,0.32019147723675656,False
pulmao,65,mobilenet_recplot,21,fronteira,0.4102742969989776,0.08517387509346003,True,0.668438786042921,0.3110466897911139,False
pulmao,65,mobilenet_recplot,31,acerto_confiante,0.9983900785446168,0.9975643579382452,True,0.4725537489752978,,False
pulmao,65,mobilenet_recplot,19,acerto_confiante,0.989943265914917,0.9836411261931062,True,0.49472916696159175,,False
pulmao,65,mobilenet_recplot,37,acerto_confiante,0.9887053370475768,0.9821918793022631,True,0.3295474015084125,,False
pulmao,65,mobilenet_recplot,20,acerto_confiante,0.9849183559417723,0.9770245021209121,True,0.42924312721917657,,False
pulmao,65,mobilenet_recplot,5,acerto_confiante,0.9786431193351746,0.9651669412851335,True,0.6919734850084086,,False
pulmao,65,mobilenet_recplot,44,acerto_confiante,0.976227641105652,0.9630321487784388,True,0.3621953662110878,,False
pulmao,65,mobilenet_recplot,42,acerto_confiante,0.96504008769989,0.9394852779805659,True,0.4930096853815271,,False
pulmao,65,mobilenet_recplot,4,acerto_confiante,0.9629380702972412,0.9354462306946516,True,0.6146500874426434,,False
pulmao,65,mobilenet_recplot,30,acerto_confiante,0.961971402168274,0.9382545817643405,True,0.4381039989190355,,False
pulmao,65,mobilenet_recplot,6,acerto_confiante,0.9519877433776855,0.9220035448670387,True,0.6953646390494815,,False
pulmao,65,mobilenet_recplot,17,acerto_confiante,0.951899230480194,0.9245064146816729,True,0.6272001647108829,,False
pulmao,65,mobilenet_recplot,29,acerto_confiante,0.9495683908462524,0.9071873240172863,True,0.4126268223040156,,False
pulmao,65,mobilenet_recplot,12,acerto_confiante,0.9450743198394777,0.9066317789256575,True,0.6696823980077455,,False
pulmao,65,mobilenet_recplot,10,acerto_confiante,0.9269461631774902,0.8889555335044861,True,0.5737900058521564,,False
pulmao,65,mobilenet_recplot,33,acerto_confiante,0.9237350821495056,0.8759468235075474,True,0.49331976473782285,,False
pulmao,65,mobilenet_recplot,7,erro_confiante,0.9979361295700072,0.9963795124785975,False,0.38182704546930546,0.6887514893788899,False
pulmao,65,mobilenet_recplot,11,erro_confiante,0.9457295536994934,0.8996892049908638,False,0.5494004105875936,0.5650805602120863,False
pulmao,65,mobilenet_recplot,49,erro_confiante,0.9362697005271912,0.8809699080884457,False,0.5438393811177622,0.6904430972422733,True
pulmao,65,mobilenet_recplot,55,erro_confiante,0.8638501763343811,0.7813456952571869,False,0.602216987624299,0.6358958617161098,False
pulmao,65,mobilenet_recplot,15,erro_confiante,0.8359687924385071,0.7470291033387185,False,0.5496926656327445,0.5885813029922577,True
pulmao,65,mobilenet_recplot,52,erro_confiante,0.7484701871871948,0.5599725693464279,False,0.6584007462213949,0.4455337995584305,False
pulmao,65,mobilenet_recplot,41,erro_confiante,0.7406706213951111,0.5207446813583375,False,0.4663616176575967,0.5975799026422123,True
pulmao,65,mobilenet_recplot,2,erro_confiante,0.6942166090011597,0.4325032830238343,False,0.43862295089538694,0.4472478745912789,True
pulmao,65,mobilenet_recplot,57,erro_confiante,0.6511520147323608,0.4247261583805084,False,0.6121862950816089,0.4325210487934805,True
pulmao,65,mobilenet_recplot,1,erro_confiante,0.6273135542869568,0.3793693631887436,False,0.4687512181770894,0.5922058948084475,True
pulmao,65,mobilenet_recplot,58,erro_confiante,0.5114704966545105,0.254865437746048,False,0.7281975698070067,0.3397461431376954,True
pulmao,65,mobilenet_recplot,36,erro_confiante,0.505492091178894,0.22965389490127563,False,0.7732573610590608,0.2803458057850375,True
pulmao,65,mobilenet_recplot,23,erro_confiante,0.445195734500885,0.12892329692840582,False,0.7131839025027212,0.3657296781657935,True
pulmao,65,mobilenet_recplot,9,erro_confiante,0.4354915916919708,0.08139485120773321,False,0.7221058939408717,0.2810865039280029,True
pulmao,65,effnet_orig,25,acerto_confiante,0.9991376399993896,0.9983891652664171,True,0.6341762829426585,,False
pulmao,65,effnet_orig,41,acerto_confiante,0.9990907907485962,0.9983812200953253,True,0.32961671603805237,,False
pulmao,65,effnet_orig,19,acerto_confiante,0.999064028263092,0.9983276179409586,True,0.622552814918116,,False
pulmao,65,effnet_orig,48,acerto_confiante,0.9989513754844666,0.9980612163781188,True,0.33395323316480957,,False
pulmao,65,effnet_orig,5,acerto_confiante,0.9983879327774048,0.9971918794326485,True,0.3997435397396161,,False
pulmao,65,effnet_orig,29,acerto_confiante,0.9979156255722046,0.9961709449999034,True,0.6347559414622537,,False
pulmao,65,effnet_orig,40,acerto_confiante,0.9974828362464904,0.995784252649173,True,0.2631396992454705,,False
pulmao,65,effnet_orig,20,acerto_confiante,0.9967229962348938,0.9944868439342827,True,0.49522265130820387,,False
pulmao,65,effnet_orig,6,acerto_confiante,0.9966262578964232,0.9944235775619744,True,0.4295408027786456,,False
pulmao,65,effnet_orig,16,acerto_confiante,0.9965301752090454,0.9938179650343955,True,0.5274083653417191,,False
pulmao,65,effnet_orig,33,acerto_confiante,0.9964832663536072,0.993092125048861,True,0.8343648423487948,,False
pulmao,65,effnet_orig,39,acerto_confiante,0.9948439002037048,0.9916447140276432,True,0.4500325799584063,,False
pulmao,65,effnet_orig,30,acerto_confiante,0.9947136640548706,0.9905642261728645,True,0.6057707352464673,,False
pulmao,65,effnet_orig,14,acerto_confiante,0.9937801957130432,0.9888226478360594,True,0.333160774075176,,False
pulmao,65,effnet_orig,58,acerto_confiante,0.9936363697052002,0.9873769194819034,True,0.3420748577254911,,False
pulmao,65,effnet_recplot,3,fronteira,0.4156395494937897,0.0010258853435516913,False,0.6317715965137496,0.4725456605521153,True
pulmao,65,effnet_recplot,43,fronteira,0.5153867602348328,0.07210090756416326,False,0.4549107361695604,0.3467094551097483,True
pulmao,65,effnet_recplot,51,fronteira,0.4442996680736542,0.08180949091911316,False,0.6851647435759315,0.3413796325616248,True
pulmao,65,effnet_recplot,4,acerto_confiante,0.996000587940216,0.9936807446647434,True,0.45994384803834715,,False
pulmao,65,effnet_recplot,42,acerto_confiante,0.9956904649734496,0.9934385761152952,True,0.5154861609371613,,False
pulmao,65,effnet_recplot,6,acerto_confiante,0.9908603429794312,0.9862791318446399,True,0.25456995396327564,,False
pulmao,65,effnet_recplot,37,acerto_confiante,0.9899918437004088,0.9838454131968319,True,0.6289270121951701,,False
pulmao,65,effnet_recplot,46,acerto_confiante,0.9883809089660645,0.9814842706546187,True,0.4513795082771347,,False
pulmao,65,effnet_recplot,31,acerto_confiante,0.9871452450752258,0.9802399137988688,True,0.6999117928186767,,False
pulmao,65,effnet_recplot,18,acerto_confiante,0.9843910336494446,0.9705924065783621,True,0.6696032278021604,,False
pulmao,65,effnet_recplot,17,acerto_confiante,0.9842262864112854,0.9735182235017419,True,0.35396830654959793,,False
pulmao,65,effnet_recplot,24,acerto_confiante,0.983905553817749,0.9711402496322991,True,0.6370876890236261,,False
pulmao,65,effnet_recplot,19,acerto_confiante,0.98265278339386,0.970926537178457,True,0.6171239409163538,,False
pulmao,65,effnet_recplot,28,acerto_confiante,0.9813746809959412,0.9720245730131865,True,0.3725361804696312,,False
pulmao,65,effnet_recplot,10,acerto_confiante,0.9786534905433656,0.964258184656501,True,0.17309706697761387,,False
pulmao,65,effnet_recplot,5,acerto_confiante,0.977836847305298,0.9615038130432368,True,0.2505504669639593,,False
pulmao,65,effnet_recplot,33,acerto_confiante,0.9742823243141174,0.9542361870408058,True,0.6350569414401294,,False
pulmao,65,effnet_recplot,30,acerto_confiante,0.9735461473464966,0.9518403466790915,True,0.6839422569916935,,False
pulmao,65,effnet_recplot,49,erro_confiante,0.9745951890945436,0.9527810364961625,False,0.7287330940616236,0.5003091206636212,False
pulmao,65,effnet_recplot,7,erro_confiante,0.969269871711731,0.9510305859148502,False,0.5294832575286123,0.6649253695888447,False
pulmao,65,effnet_recplot,55,erro_confiante,0.8737941980361938,0.7881603837013246,False,0.2425991266748298,0.5776894755530081,False
pulmao,65,effnet_recplot,11,erro_confiante,0.8505441546440125,0.7349993363022804,False,0.4074452291029463,0.3360126716327818,True
pulmao,65,effnet_recplot,15,erro_confiante,0.7640275359153748,0.6166185885667801,False,0.749279179115779,0.3854187415442662,True
pulmao,65,effnet_recplot,58,erro_confiante,0.7566856145858765,0.6112801134586334,False,0.498504682682651,0.5429285718827115,True
pulmao,65,effnet_recplot,57,erro_confiante,0.7558159828186035,0.6056317985057831,False,0.7386958362230021,0.3625292873188447,True
pulmao,65,effnet_recplot,0,erro_confiante,0.6862947344779968,0.4511038511991501,False,0.31515271094652175,0.4863209658243439,True
pulmao,65,effnet_recplot,41,erro_confiante,0.6694971919059753,0.37374123930931097,False,0.2969179981346397,0.49362486553730583,True
pulmao,65,effnet_recplot,9,erro_confiante,0.6519492864608765,0.43093724548816686,False,0.4954656045796787,0.5090705982479079,True
pulmao,65,effnet_recplot,45,erro_confiante,0.6318974494934082,0.4315136075019837,False,0.4980770415409305,0.38015991322963383,True
pulmao,65,effnet_recplot,2,erro_confiante,0.6091824173927307,0.2670181691646576,False,0.44134158203595425,0.3755654482947351,True
pulmao,65,effnet_recplot,36,erro_confiante,0.5859106183052063,0.2840418219566345,False,0.6264983572025737,0.3587137898257753,True
pulmao,65,effnet_recplot,1,erro_confiante,0.5453609824180603,0.30676144361495983,False,0.4713835126421685,0.3946331748159135,True
pulmao,65,effnet_recplot,16,erro_confiante,0.536113977432251,0.15898022055625916,False,0.2887080983403332,0.25744424944158123,True
pulmao,87,mobilenet_orig,1,fronteira,0.4356980919837951,0.043924927711486816,False,0.7388984450679227,0.30216168400760884,True
pulmao,87,mobilenet_orig,5,acerto_confiante,0.9989135265350342,0.998306886816863,True,0.5806123700680832,,False
pulmao,87,mobilenet_orig,19,acerto_confiante,0.9988588094711304,0.9981351906317286,True,0.5762268517607141,,False
pulmao,87,mobilenet_orig,37,acerto_confiante,0.9986553192138672,0.9975765473209321,True,0.3372207246073164,,False
pulmao,87,mobilenet_orig,40,acerto_confiante,0.9968724846839904,0.9949570435564965,True,0.4690676547076167,,False
pulmao,87,mobilenet_orig,33,acerto_confiante,0.9959927201271056,0.9930884984787554,True,0.5382195462891366,,False
pulmao,87,mobilenet_orig,6,acerto_confiante,0.9955344200134276,0.9916571157518773,True,0.47512890636785593,,False
pulmao,87,mobilenet_orig,42,acerto_confiante,0.9951823949813844,0.9924165029078724,True,0.45714717958888645,,False
pulmao,87,mobilenet_orig,45,acerto_confiante,0.9926698803901672,0.9886314240284264,True,0.49873856116251786,,False
pulmao,87,mobilenet_orig,32,acerto_confiante,0.9925036430358888,0.9873157222755254,True,0.5469607651901547,,False
pulmao,87,mobilenet_orig,18,acerto_confiante,0.990748643875122,0.9857331411913036,True,0.47967557005263745,,False
pulmao,87,mobilenet_orig,14,acerto_confiante,0.9903706908226012,0.9855479258112609,True,0.40154703898859356,,False
pulmao,87,mobilenet_orig,36,acerto_confiante,0.989501655101776,0.9798971693962812,True,0.526282282388167,,False
pulmao,87,mobilenet_orig,46,acerto_confiante,0.9867448806762696,0.9793822695501151,True,0.6122765507809117,,False
pulmao,87,mobilenet_orig,44,acerto_confiante,0.9861611127853394,0.9785519796423614,True,0.4257205227752891,,False
pulmao,87,mobilenet_orig,43,acerto_confiante,0.9854379892349244,0.9755222639068962,True,0.5101421767988608,,False
pulmao,87,mobilenet_orig,55,erro_confiante,0.6725561618804932,0.36967602372169495,False,0.5637613701624443,0.4928268200101124,True
pulmao,87,mobilenet_orig,7,erro_confiante,0.5814685821533203,0.3045754730701447,False,0.679245740332522,0.3562534774161362,True
pulmao,87,mobilenet_orig,3,erro_confiante,0.5538766384124756,0.1586014330387116,False,0.6720944048901983,0.3141740947730602,False
pulmao,87,mobilenet_orig,15,erro_confiante,0.548369288444519,0.12161812186241155,False,0.5107268594087065,0.5410649118914412,False
pulmao,87,mobilenet_orig,53,erro_confiante,0.5276482701301575,0.11818295717239385,False,0.5824808383596106,0.5214587868796728,True
pulmao,87,mobilenet_orig,51,erro_confiante,0.4556931853294372,0.1246887743473053,False,0.6315949284228636,0.34389862348473554,True
pulmao,87,mobilenet_orig,1,erro_confiante,0.4356980919837951,0.043924927711486816,False,0.7388984450679227,0.30216168400760884,True
pulmao,87,mobilenet_recplot,8,fronteira,0.3614590764045715,0.010196179151534979,True,0.6925033825951988,0.2964165708713449,False
pulmao,87,mobilenet_recplot,16,fronteira,0.4181804955005646,0.0670664012432099,True,0.6400640673204053,0.35692477797548144,False
pulmao,87,mobilenet_recplot,36,fronteira,0.3507494926452636,0.02123254537582392,False,0.8004073414141502,0.19875752345522696,True
pulmao,87,mobilenet_recplot,37,acerto_confiante,0.9983205199241638,0.9972652820870281,True,0.4378932301979291,,False
pulmao,87,mobilenet_recplot,46,acerto_confiante,0.9977819323539734,0.996422618511133,True,0.5548859724803337,,False
pulmao,87,mobilenet_recplot,31,acerto_confiante,0.9977205395698548,0.996290981769562,True,0.5700670242211696,,False
pulmao,87,mobilenet_recplot,5,acerto_confiante,0.9964332580566406,0.9946177061647177,True,0.5852887289683134,,False
pulmao,87,mobilenet_recplot,44,acerto_confiante,0.9952747225761414,0.9927457624580711,True,0.5387017263620162,,False
pulmao,87,mobilenet_recplot,42,acerto_confiante,0.9878066778182985,0.9780233940109613,True,0.42008171823710033,,False
pulmao,87,mobilenet_recplot,43,acerto_confiante,0.9865819215774536,0.9749577455222607,True,0.6766653331059849,,False
pulmao,87,mobilenet_recplot,20,acerto_confiante,0.9824166297912598,0.9735012250021101,True,0.5443467215983422,,False
pulmao,87,mobilenet_recplot,17,acerto_confiante,0.9796631336212158,0.9653155682608486,True,0.6688687672898801,,False
pulmao,87,mobilenet_recplot,53,acerto_confiante,0.9775776267051696,0.9637152655050157,True,0.4137649976447046,,False
pulmao,87,mobilenet_recplot,54,acerto_confiante,0.9754824042320251,0.9563821386545898,True,0.3905928382572268,,False
pulmao,87,mobilenet_recplot,35,acerto_confiante,0.9728524684906006,0.9498632568866014,True,0.4685814831820478,,False
pulmao,87,mobilenet_recplot,30,acerto_confiante,0.9680776000022888,0.9433861952275038,True,0.5894770423941679,,False
pulmao,87,mobilenet_recplot,24,acerto_confiante,0.9636439085006714,0.9347779210656881,True,0.5728256795251393,,False
pulmao,87,mobilenet_recplot,33,acerto_confiante,0.9624543786048888,0.9392736312001944,True,0.5333441192093671,,False
pulmao,87,mobilenet_recplot,11,erro_confiante,0.9996079802513124,0.999328290228732,False,0.5442370933409088,0.7114342118332168,False
pulmao,87,mobilenet_recplot,41,erro_confiante,0.9621776938438416,0.9386511500924827,False,0.4937650814620942,0.5801633225536613,True
pulmao,87,mobilenet_recplot,7,erro_confiante,0.9373511075973512,0.8897807225584986,False,0.48589097082322175,0.7130170641901242,True
pulmao,87,mobilenet_recplot,49,erro_confiante,0.9264793992042542,0.86092559248209,False,0.5111740128837501,0.6699095842069471,True
pulmao,87,mobilenet_recplot,15,erro_confiante,0.7546699643135071,0.5856128633022308,False,0.7885316164656401,0.1800332782679313,False
pulmao,87,mobilenet_recplot,1,erro_confiante,0.7037119269371033,0.5277377218008041,False,0.6377686217213177,0.3364792207503605,True
pulmao,87,mobilenet_recplot,0,erro_confiante,0.6227830648422241,0.4121413677930832,False,0.5202405971113556,0.48722251745066447,True
pulmao,87,mobilenet_recplot,57,erro_confiante,0.6199120879173279,0.28065112233161926,False,0.6447790059368004,0.49751548823496083,True
pulmao,87,mobilenet_recplot,58,erro_confiante,0.5944955348968506,0.38873058557510376,False,0.7654824867133766,0.30916390802777144,True
pulmao,87,mobilenet_recplot,3,erro_confiante,0.5715043544769287,0.2807521224021912,False,0.7219695439094892,0.350522547440449,False
pulmao,87,mobilenet_recplot,55,erro_confiante,0.4911547005176544,0.1860634982585907,False,0.659171767592623,0.4376443522065576,True
pulmao,87,mobilenet_recplot,36,erro_confiante,0.3507494926452636,0.02123254537582392,False,0.8004073414141502,0.19875752345522696,True
pulmao,87,effnet_orig,51,fronteira,0.4811193645000458,0.0785469114780426,True,0.49446319070782563,0.29515049870543936,False
pulmao,87,effnet_orig,42,acerto_confiante,0.9997211694717408,0.9995601077680477,True,0.47127829095806384,,False
pulmao,87,effnet_orig,19,acerto_confiante,0.999456822872162,0.9990383936965374,True,0.4237921609221457,,False
pulmao,87,effnet_orig,40,acerto_confiante,0.9992548823356628,0.9987214712891729,True,0.3787941325087345,,False
pulmao,87,effnet_orig,14,acerto_confiante,0.9992307424545288,0.9988199773943052,True,0.3326473631138864,,False
pulmao,87,effnet_orig,39,acerto_confiante,0.999125063419342,0.9983620907296428,True,0.5940789946915597,,False
pulmao,87,effnet_orig,17,acerto_confiante,0.99887353181839,0.9982498993631455,True,0.38141029930583775,,False
pulmao,87,effnet_orig,57,acerto_confiante,0.9988254904747008,0.9982061629998498,True,0.5497893007383005,,False
pulmao,87,effnet_orig,36,acerto_confiante,0.998567759990692,0.9975425376323982,True,0.5299989349679068,,False
pulmao,87,effnet_orig,44,acerto_confiante,0.9980653524398804,0.996648614993319,True,0.4852189259588584,,False
pulmao,87,effnet_orig,23,acerto_confiante,0.997753083705902,0.9959644731134176,True,0.6484168628033561,,False
pulmao,87,effnet_orig,11,acerto_confiante,0.9972532987594604,0.995505194296129,True,0.5217996174406307,,False
pulmao,87,effnet_orig,43,acerto_confiante,0.9964677095413208,0.9935461857821793,True,0.588577579124625,,False
pulmao,87,effnet_orig,10,acerto_confiante,0.9956640601158142,0.9918210196774453,True,0.5083380250922447,,False
pulmao,87,effnet_orig,20,acerto_confiante,0.9954817295074464,0.9924840077292176,True,0.3920171065816885,,False
pulmao,87,effnet_orig,48,acerto_confiante,0.9944667816162108,0.9904192131944001,True,0.41442964859185655,,False
pulmao,87,effnet_orig,53,erro_confiante,0.8502111434936523,0.7124693393707275,False,0.44381166257806065,0.5429240304896021,True
pulmao,87,effnet_orig,15,erro_confiante,0.6778384447097778,0.3654397428035736,False,0.4651840297956718,0.45627842834426197,False
pulmao,87,effnet_orig,8,erro_confiante,0.6448239088058472,0.4298207461833955,False,0.4658409766070017,0.6266821336908471,True
pulmao,87,effnet_orig,9,erro_confiante,0.5898962020874023,0.22265961766242987,False,0.4242474928436648,0.5563481522275322,True
pulmao,87,effnet_orig,55,erro_confiante,0.5760962963104248,0.1567457616329193,False,0.48740894541632107,0.5769615536921534,True
pulmao,87,effnet_orig,32,erro_confiante,0.522799015045166,0.10011821985244751,False,0.5569935072280717,0.2903634847244833,True
pulmao,87,effnet_recplot,10,acerto_confiante,0.9980694055557252,0.9967360371956603,True,0.5373358723475485,,False
pulmao,87,effnet_recplot,37,acerto_confiante,0.9965338706970216,0.994514249265194,True,0.6079606605249134,,False
pulmao,87,effnet_recplot,4,acerto_confiante,0.9960026144981384,0.9939275041688235,True,0.6223045149787183,,False
pulmao,87,effnet_recplot,42,acerto_confiante,0.9954339265823364,0.9917444419115782,True,0.4020090970275417,,False
pulmao,87,effnet_recplot,35,acerto_confiante,0.9945313334465028,0.9917315721977504,True,0.7463193160136672,,False
pulmao,87,effnet_recplot,19,acerto_confiante,0.9921276569366456,0.9857790973037484,True,0.6480568115980295,,False
pulmao,87,effnet_recplot,5,acerto_confiante,0.9912571907043456,0.9845958813093602,True,0.5016004577109323,,False
pulmao,87,effnet_recplot,47,acerto_confiante,0.9906670451164246,0.9853319507092237,True,0.34240628928284955,,False
pulmao,87,effnet_recplot,14,acerto_confiante,0.9890974760055542,0.9804070126265289,True,0.7048149236408988,,False
pulmao,87,effnet_recplot,28,acerto_confiante,0.9888845682144164,0.9819308468140661,True,0.25627365168844407,,False
pulmao,87,effnet_recplot,6,acerto_confiante,0.9874539375305176,0.978718320839107,True,0.562369391025565,,False
pulmao,87,effnet_recplot,27,acerto_confiante,0.9862090349197388,0.9769109133630992,True,0.8005817981547427,,False
pulmao,87,effnet_recplot,46,acerto_confiante,0.9857510328292848,0.9774746773764493,True,0.3874939496886826,,False
pulmao,87,effnet_recplot,32,acerto_confiante,0.984574019908905,0.9732665037736298,True,0.7265559601489092,,False
pulmao,87,effnet_recplot,17,acerto_confiante,0.9837874174118042,0.970382871106267,True,0.5374754120448033,,False
pulmao,87,effnet_recplot,41,erro_confiante,0.9678941369056702,0.9391357786953449,False,0.3381654560618806,0.3355822327361369,True
pulmao,87,effnet_recplot,15,erro_confiante,0.9458611607551576,0.9062860123813153,False,0.8190471454940372,0.290873865138467,False
pulmao,87,effnet_recplot,49,erro_confiante,0.9340066313743592,0.89035352319479,False,0.7585260959989185,0.2831029193327237,True
pulmao,87,effnet_recplot,13,erro_confiante,0.905723750591278,0.8466490581631659,False,0.22988690401201622,0.39170356194266787,True
pulmao,87,effnet_recplot,0,erro_confiante,0.8744853138923645,0.7998379245400429,False,0.41581278004016425,0.5364846537819963,True
pulmao,87,effnet_recplot,43,erro_confiante,0.8702080249786377,0.7563843429088593,False,0.7221999751654572,0.40974872191454326,True
pulmao,87,effnet_recplot,1,erro_confiante,0.8668081760406494,0.7714316323399544,False,0.5796658707893757,0.5753323230187127,True
pulmao,87,effnet_recplot,11,erro_confiante,0.8509489297866821,0.7189212143421173,False,0.6217886440954036,0.49338641851215376,True
pulmao,87,effnet_recplot,3,erro_confiante,0.8032564520835876,0.6813011616468431,False,0.6281222745786118,0.37124437797751864,False
pulmao,87,effnet_recplot,7,erro_confiante,0.801866352558136,0.6709925979375839,False,0.6183320982389254,0.4245889508559531,True
pulmao,87,effnet_recplot,2,erro_confiante,0.7283427119255066,0.49793845415115356,False,0.43407446665002786,0.3949814906098767,True
pulmao,87,effnet_recplot,12,erro_confiante,0.7148789167404175,0.4612709283828736,False,0.4699297273985365,0.5505163467685102,True
pulmao,87,effnet_recplot,36,erro_confiante,0.6948850750923157,0.4136244058609009,False,0.4596472066160623,0.21189118505166143,True
pulmao,87,effnet_recplot,58,erro_confiante,0.6534861922264099,0.323859304189682,False,0.6260147861159702,0.24711202664153137,True
pulmao,87,effnet_recplot,51,erro_confiante,0.6531406044960022,0.3330609500408173,False,0.6407916534825735,0.41939852531465205,True
pulmao,93,mobilenet_orig,1,fronteira,0.4720211029052734,0.030090063810348455,False,0.7214713677936773,0.3409130656997511,True
pulmao,93,mobilenet_orig,3,fronteira,0.4905224144458771,0.007656186819076594,True,0.6580879461440937,0.358536519659665,False
pulmao,93,mobilenet_orig,7,fronteira,0.5069027543067932,0.060194969177246094,False,0.7252422219842416,0.3197611851474919,True
pulmao,93,mobilenet_orig,51,fronteira,0.4503391981124878,0.05077359080314642,False,0.6250830327862943,0.36717849330839847,True
pulmao,93,mobilenet_orig,58,acerto_confiante,0.99899023771286,0.9981819179374724,True,0.4343997926445433,,False
pulmao,93,mobilenet_orig,36,acerto_confiante,0.9983016848564148,0.9968878173967824,True,0.5226752778701709,,False
pulmao,93,mobilenet_orig,19,acerto_confiante,0.996505618095398,0.9940959997475147,True,0.5420933401893268,,False
pulmao,93,mobilenet_orig,40,acerto_confiante,0.9937695264816284,0.9898648986127229,True,0.49658167973594064,,False
pulmao,93,mobilenet_orig,14,acerto_confiante,0.9914409518241882,0.9867731290869415,True,0.385979988075465,,False
pulmao,93,mobilenet_orig,5,acerto_confiante,0.9894366264343262,0.9809255069121718,True,0.5662128674658569,,False
pulmao,93,mobilenet_orig,6,acerto_confiante,0.9882959127426147,0.9812477314844729,True,0.45616788437832245,,False
pulmao,93,mobilenet_orig,18,acerto_confiante,0.9871866703033448,0.9766999082639816,True,0.5101340630895439,,False
pulmao,93,mobilenet_orig,42,acerto_confiante,0.986012637615204,0.9787488756701351,True,0.5700123318324261,,False
pulmao,93,mobilenet_orig,45,acerto_confiante,0.984874665737152,0.9760900838300585,True,0.5280547635770805,,False
pulmao,93,mobilenet_orig,46,acerto_confiante,0.9846499562263488,0.9763399707153438,True,0.5997896894621244,,False
pulmao,93,mobilenet_orig,37,acerto_confiante,0.9841970801353456,0.974366568028927,True,0.49172942797879704,,False
pulmao,93,mobilenet_orig,41,acerto_confiante,0.9816728830337524,0.9709042431786656,True,0.498295039099517,,False
pulmao,93,mobilenet_orig,32,acerto_confiante,0.9798681735992432,0.9663997646421195,True,0.5344916632006244,,False
pulmao,93,mobilenet_orig,29,acerto_confiante,0.9627006649971008,0.9435417260974647,True,0.3875295701557887,,False
pulmao,93,mobilenet_orig,15,erro_confiante,0.6347699761390686,0.3172614276409149,False,0.6216583797153425,0.42816508050315094,False
pulmao,93,mobilenet_orig,7,erro_confiante,0.5069027543067932,0.060194969177246094,False,0.7252422219842416,0.3197611851474919,True
pulmao,93,mobilenet_orig,1,erro_confiante,0.4720211029052734,0.030090063810348455,False,0.7214713677936773,0.3409130656997511,True
pulmao,93,mobilenet_orig,51,erro_confiante,0.4503391981124878,0.05077359080314642,False,0.6250830327862943,0.36717849330839847,True
pulmao,93,mobilenet_recplot,0,fronteira,0.4630628824234009,0.0907609760761261,False,0.6798952899494474,0.3159595356765866,True
pulmao,93,mobilenet_recplot,16,fronteira,0.4595870971679687,0.08567950129508972,True,0.7136389612274853,0.2701021731275826,False
pulmao,93,mobilenet_recplot,35,acerto_confiante,0.9991366267204284,0.9984212063136509,True,0.6044456792072814,,False
pulmao,93,mobilenet_recplot,31,acerto_confiante,0.9989458918571472,0.9982180036604406,True,0.5292279467919855,,False
pulmao,93,mobilenet_recplot,37,acerto_confiante,0.9984314441680908,0.9973388146609068,True,0.4340547655664672,,False
pulmao,93,mobilenet_recplot,20,acerto_confiante,0.9971287846565248,0.9956408460857349,True,0.6021747239674646,,False
pulmao,93,mobilenet_recplot,25,acerto_confiante,0.9956390857696532,0.9920603102073073,True,0.5537928638568115,,False
pulmao,93,mobilenet_recplot,54,acerto_confiante,0.9944236874580384,0.9909209639299662,True,0.41402527146030144,,False
pulmao,93,mobilenet_recplot,43,acerto_confiante,0.994308054447174,0.9900933578610419,True,0.6258064840579473,,False
pulmao,93,mobilenet_recplot,30,acerto_confiante,0.9942552447319032,0.9890210968442262,True,0.5787996080158955,,False
pulmao,93,mobilenet_recplot,56,acerto_confiante,0.9940605759620668,0.9900913015007975,True,0.5290423663812129,,False
pulmao,93,mobilenet_recplot,29,acerto_confiante,0.9918853044509888,0.984633301384747,True,0.6187972087457514,,False
pulmao,93,mobilenet_recplot,47,acerto_confiante,0.99095356464386,0.9828502433374525,True,0.5094515446619939,,False
pulmao,93,mobilenet_recplot,53,acerto_confiante,0.9900678396224976,0.9841674696654081,True,0.4370945951302227,,False
pulmao,93,mobilenet_recplot,24,acerto_confiante,0.9880587458610536,0.9786319630220534,True,0.6073177472967747,,False
pulmao,93,mobilenet_recplot,5,acerto_confiante,0.986055314540863,0.9784404067322613,True,0.6720948172578002,,False
pulmao,93,mobilenet_recplot,34,acerto_confiante,0.9846172332763672,0.9729938125237823,True,0.6358138291491786,,False
pulmao,93,mobilenet_recplot,7,erro_confiante,0.9946571588516236,0.990573082584888,False,0.5326282682809451,0.6481850618855082,False
pulmao,93,mobilenet_recplot,11,erro_confiante,0.9943025708198548,0.9907095502130688,False,0.6108596856640452,0.5822712817626873,False
pulmao,93,mobilenet_recplot,41,erro_confiante,0.9808967113494872,0.9632209185510873,False,0.4299072663000424,0.6243522092040454,True
pulmao,93,mobilenet_recplot,36,erro_confiante,0.9160835146903992,0.8490190729498863,False,0.6116944153073717,0.5914625989525363,True
pulmao,93,mobilenet_recplot,15,erro_confiante,0.901714324951172,0.8298876062035562,False,0.7063898365981748,0.41849978077833894,False
pulmao,93,mobilenet_recplot,49,erro_confiante,0.8444640040397644,0.6939923167228699,False,0.634787252651209,0.5981695322416791,True
pulmao,93,mobilenet_recplot,2,erro_confiante,0.8274233937263489,0.6988313049077988,False,0.5582425533404335,0.5541965079530586,True
pulmao,93,mobilenet_recplot,57,erro_confiante,0.7013460397720337,0.48724457621574413,False,0.6211818553898224,0.4153892636496126,True
pulmao,93,mobilenet_recplot,1,erro_confiante,0.6700661778450012,0.472039595246315,False,0.6678573966689417,0.4103513012544803,True
pulmao,93,mobilenet_recplot,45,erro_confiante,0.6476020216941833,0.36211666464805603,False,0.6679321055642712,0.4640733047550898,True
pulmao,93,mobilenet_recplot,52,erro_confiante,0.5634390115737915,0.1592681109905243,False,0.7437217821029253,0.23993370452416388,True
pulmao,93,mobilenet_recplot,39,erro_confiante,0.4934950768947601,0.22762912511825556,False,0.7577773049640307,0.36526672646945985,True
pulmao,93,mobilenet_recplot,0,erro_confiante,0.4630628824234009,0.0907609760761261,False,0.6798952899494474,0.3159595356765866,True
pulmao,93,effnet_orig,20,acerto_confiante,0.999904453754425,0.9998554825651809,True,0.4168255884925998,,False
pulmao,93,effnet_orig,19,acerto_confiante,0.9998600482940674,0.9997696386708412,True,0.4991786115179493,,False
pulmao,93,effnet_orig,42,acerto_confiante,0.999704658985138,0.9995203699800187,True,0.42494406831208204,,False
pulmao,93,effnet_orig,25,acerto_confiante,0.9994767308235168,0.9990368696453515,True,0.47183762805040097,,False
pulmao,93,effnet_orig,22,acerto_confiante,0.9992528557777404,0.9986840590136125,True,0.5608468778848884,,False
pulmao,93,effnet_orig,29,acerto_confiante,0.9991294741630554,0.9984171014511958,True,0.373379736793102,,False
pulmao,93,effnet_orig,48,acerto_confiante,0.9990152716636658,0.998314677446615,True,0.282925148538121,,False
pulmao,93,effnet_orig,6,acerto_confiante,0.9989768266677856,0.9982708392781207,True,0.3824035373382249,,False
pulmao,93,effnet_orig,40,acerto_confiante,0.9989321827888488,0.9983837241888976,True,0.481263905199752,,False
pulmao,93,effnet_orig,36,acerto_confiante,0.9983032941818236,0.9974302278715185,True,0.3894845094773577,,False
pulmao,93,effnet_orig,30,acerto_confiante,0.9981316924095154,0.9964505115058274,True,0.4862134209280764,,False
pulmao,93,effnet_orig,26,acerto_confiante,0.9980443120002748,0.9968272845726461,True,0.463540043807624,,False
pulmao,93,effnet_orig,10,acerto_confiante,0.9979736804962158,0.9964703242294491,True,0.5425130967027494,,False
pulmao,93,effnet_orig,41,acerto_confiante,0.9976916313171388,0.9963333046762274,True,0.42221626359541264,,False
pulmao,93,effnet_orig,43,acerto_confiante,0.9972888231277466,0.9958584032719956,True,0.5731021259682082,,False
pulmao,93,effnet_orig,3,erro_confiante,0.9272735118865968,0.8687345758080484,False,0.5482068113275442,0.3746486242208841,False
pulmao,93,effnet_orig,21,erro_confiante,0.8261460065841675,0.6630863994359971,False,0.61339718866757,0.4114220583935679,True
pulmao,93,effnet_orig,32,erro_confiante,0.6254448294639587,0.25621014833450323,False,0.40572227939055117,0.4798326657856986,True
pulmao,93,effnet_orig,52,erro_confiante,0.603568971157074,0.21334147453308105,False,0.671728205511253,0.1855615310401335,True
pulmao,93,effnet_recplot,3,fronteira,0.3788468837738037,0.0369759202003479,False,0.6251693974784995,0.47589616439855725,True
pulmao,93,effnet_recplot,23,fronteira,0.4428678452968597,0.03016573190689087,False,0.3275651546311315,0.3002312572239543,True
pulmao,93,effnet_recplot,36,fronteira,0.476087212562561,0.029669821262359564,False,0.43010771462201147,0.5849647799074829,True
pulmao,93,effnet_recplot,39,fronteira,0.3965463936328888,0.030719965696334894,True,0.7905195165049625,0.4394224619899191,False
pulmao,93,effnet_recplot,45,fronteira,0.4964247345924377,0.025903701782226507,True,0.5753667876422754,0.4999868091895091,False
pulmao,93,effnet_recplot,19,acerto_confiante,0.9932706952095032,0.9887591665610672,True,0.5821278577518928,,False
pulmao,93,effnet_recplot,25,acerto_confiante,0.9925374984741212,0.9858287596143784,True,0.6437375514750836,,False
pulmao,93,effnet_recplot,10,acerto_confiante,0.9913738369941713,0.9842851785942913,True,0.5326962766537876,,False
pulmao,93,effnet_recplot,46,acerto_confiante,0.9902744889259338,0.9846321800723672,True,0.45679045055013234,,False
pulmao,93,effnet_recplot,4,acerto_confiante,0.9884401559829712,0.9815936009399593,True,0.6264518885683773,,False
pulmao,93,effnet_recplot,31,acerto_confiante,0.9857914447784424,0.9749667765572668,True,0.7181285904405648,,False
pulmao,93,effnet_recplot,22,acerto_confiante,0.9857527613639832,0.9762481031939387,True,0.27952260971950127,,False
pulmao,93,effnet_recplot,5,acerto_confiante,0.9851049780845642,0.9720880379900337,True,0.5831192017874434,,False
pulmao,93,effnet_recplot,21,acerto_confiante,0.9807250499725342,0.9705688199028373,True,0.4586611631200407,,False
pulmao,93,effnet_recplot,6,acerto_confiante,0.9739850759506226,0.9502751957625152,True,0.5624468386694365,,False
pulmao,93,effnet_recplot,35,acerto_confiante,0.971688151359558,0.9545192942023277,True,0.739711021545854,,False
pulmao,93,effnet_recplot,42,acerto_confiante,0.97027987241745,0.9526295103132726,True,0.308622411647862,,False
pulmao,93,effnet_recplot,40,acerto_confiante,0.9688783884048462,0.94388666190207,True,0.4522856445403822,,False
pulmao,93,effnet_recplot,37,acerto_confiante,0.9669358134269714,0.9477724637836218,True,0.6287004058551369,,False
pulmao,93,effnet_recplot,33,acerto_confiante,0.966292679309845,0.9359952341765165,True,0.630037965124708,,False
pulmao,93,effnet_recplot,7,erro_confiante,0.9806516170501708,0.9691219246014952,False,0.7283898277336632,0.6322515102396875,False
pulmao,93,effnet_recplot,49,erro_confiante,0.9098717570304872,0.8425176665186884,False,0.6748240674464423,0.7242266360091769,True
pulmao,93,effnet_recplot,41,erro_confiante,0.8872876167297363,0.8048492074012756,False,0.33950652691427824,0.4946354692778317,True
pulmao,93,effnet_recplot,11,erro_confiante,0.8832705020904541,0.7880328223109246,False,0.49441568396819113,0.5430576192975954,True
pulmao,93,effnet_recplot,15,erro_confiante,0.746500551700592,0.5878578126430511,False,0.5679290919376536,0.38829317712191797,False
pulmao,93,effnet_recplot,43,erro_confiante,0.7231783270835876,0.47159481048583984,False,0.7942373643478923,0.32510574291715616,True
pulmao,93,effnet_recplot,1,erro_confiante,0.7032762169837952,0.5258809179067612,False,0.5107714935665044,0.6155918367843551,True
pulmao,93,effnet_recplot,57,erro_confiante,0.6694079041481018,0.4189418852329254,False,0.7157644678002341,0.39431394024895583,True
pulmao,93,effnet_recplot,16,erro_confiante,0.6661035418510437,0.3709511458873749,False,0.32346041255654945,0.3012536930413572,True
pulmao,93,effnet_recplot,2,erro_confiante,0.6407574415206909,0.3270873427391052,False,0.3947598480861541,0.2988081120796416,True
pulmao,93,effnet_recplot,13,erro_confiante,0.5821564793586731,0.19404900074005127,False,0.22523685794870327,0.3092212367800527,True
pulmao,93,effnet_recplot,0,erro_confiante,0.5718898177146912,0.26945242285728455,False,0.45828001888155767,0.6453324030736265,True
pulmao,93,effnet_recplot,36,erro_confiante,0.476087212562561,0.029669821262359564,False,0.43010771462201147,0.5849647799074829,True
pulmao,93,effnet_recplot,23,erro_confiante,0.4428678452968597,0.03016573190689087,False,0.3275651546311315,0.3002312572239543,True
pulmao,93,effnet_recplot,3,erro_confiante,0.3788468837738037,0.0369759202003479,False,0.6251693974784995,0.47589616439855725,True
pulmao,107,mobilenet_orig,0,fronteira,0.476039320230484,0.04233536124229431,False,0.7582291905266387,0.33033143730185205,True
pulmao,107,mobilenet_orig,55,fronteira,0.5369065999984741,0.08135101199150091,True,0.5772802825776611,0.4415145103889931,False
pulmao,107,mobilenet_orig,56,fronteira,0.531999945640564,0.06459122896194458,True,0.5880187511089576,0.5856465747422084,False
pulmao,107,mobilenet_orig,36,acerto_confiante,0.9998273253440856,0.9997014629043405,True,0.6008811641194118,,False
pulmao,107,mobilenet_orig,19,acerto_confiante,0.9995582103729248,0.9993342607194791,True,0.5903009886131129,,False
pulmao,107,mobilenet_orig,6,acerto_confiante,0.9992802143096924,0.9987911527277902,True,0.46343188851945527,,False
pulmao,107,mobilenet_orig,40,acerto_confiante,0.9983028173446656,0.997423199703917,True,0.5085407256265227,,False
pulmao,107,mobilenet_orig,32,acerto_confiante,0.9975538849830629,0.9961740029975773,True,0.5578241319723495,,False
pulmao,107,mobilenet_orig,42,acerto_confiante,0.9953340888023376,0.9927864482160659,True,0.5589042620650265,,False
pulmao,107,mobilenet_orig,37,acerto_confiante,0.9948171377182008,0.9919566840399058,True,0.48573551278184973,,False
pulmao,107,mobilenet_orig,25,acerto_confiante,0.9948020577430724,0.9903014106675982,True,0.5184565909264092,,False
pulmao,107,mobilenet_orig,5,acerto_confiante,0.9947269558906556,0.9908427819609643,True,0.5984982479768197,,False
pulmao,107,mobilenet_orig,18,acerto_confiante,0.994380533695221,0.9907475069630891,True,0.5644629780784213,,False
pulmao,107,mobilenet_orig,58,acerto_confiante,0.9925678968429564,0.985455170739442,True,0.4378167517816418,,False
pulmao,107,mobilenet_orig,41,acerto_confiante,0.989577054977417,0.9822594663128257,True,0.5777774945173959,,False
pulmao,107,mobilenet_orig,33,acerto_confiante,0.9892907738685608,0.9810137627646328,True,0.595748856442196,,False
pulmao,107,mobilenet_orig,21,acerto_confiante,0.9874545335769652,0.9778916705399752,True,0.6515089622276109,,False
pulmao,107,mobilenet_orig,20,acerto_confiante,0.9873871207237244,0.9776657596230508,True,0.3979716567091881,,False
pulmao,107,mobilenet_orig,7,erro_confiante,0.886376142501831,0.8219406381249429,False,0.6929787284646783,0.43098408919334,False
pulmao,107,mobilenet_orig,1,erro_confiante,0.5547592043876648,0.2292553186416626,False,0.7738145920495835,0.3015683507611597,True
pulmao,107,mobilenet_orig,3,erro_confiante,0.5384942889213562,0.12212935090065002,False,0.7556832145694876,0.2667740621520011,True
pulmao,107,mobilenet_orig,0,erro_confiante,0.476039320230484,0.04233536124229431,False,0.7582291905266387,0.33033143730185205,True
pulmao,107,mobilenet_recplot,39,fronteira,0.3604966402053833,0.0072798132896423895,False,0.6641059442447526,0.394768024514392,True
pulmao,107,mobilenet_recplot,37,acerto_confiante,0.993826985359192,0.9906078688800336,True,0.39217683144668375,,False
pulmao,107,mobilenet_recplot,5,acerto_confiante,0.9932605624198914,0.9883395903743804,True,0.7013903072613902,,False
pulmao,107,mobilenet_recplot,20,acerto_confiante,0.9927170276641846,0.9885798981413245,True,0.4634739285477372,,False
pulmao,107,mobilenet_recplot,44,acerto_confiante,0.9920281767845154,0.9869360774755479,True,0.3709467756789747,,False
pulmao,107,mobilenet_recplot,46,acerto_confiante,0.9877358078956604,0.9799330993555487,True,0.5950426632657208,,False
pulmao,107,mobilenet_recplot,4,acerto_confiante,0.9856120347976683,0.976483717560768,True,0.6452243855343384,,False
pulmao,107,mobilenet_recplot,17,acerto_confiante,0.9846989512443542,0.9745943760499358,True,0.7204819702218708,,False
pulmao,107,mobilenet_recplot,47,acerto_confiante,0.9757095575332642,0.955256124958396,True,0.5622899959115992,,False
pulmao,107,mobilenet_recplot,31,acerto_confiante,0.9752417802810668,0.9624141966924071,True,0.5191004832496169,,False
pulmao,107,mobilenet_recplot,48,acerto_confiante,0.9730262756347656,0.952450854703784,True,0.5674851730995203,,False
pulmao,107,mobilenet_recplot,42,acerto_confiante,0.9686936140060424,0.952413348481059,True,0.5218431314380891,,False
pulmao,107,mobilenet_recplot,56,acerto_confiante,0.9663788676261902,0.9413120336830617,True,0.5248534521533049,,False
pulmao,107,mobilenet_recplot,35,acerto_confiante,0.9651366472244264,0.9438874255865813,True,0.5302003780356522,,False
pulmao,107,mobilenet_recplot,25,acerto_confiante,0.9562872648239136,0.9197936467826366,True,0.5508390470737238,,False
pulmao,107,mobilenet_recplot,24,acerto_confiante,0.9535655975341796,0.9186993539333342,True,0.6074128876230307,,False
pulmao,107,mobilenet_recplot,7,erro_confiante,0.9875556826591492,0.9784150272607803,False,0.4215848534975601,0.6854023584028135,False
pulmao,107,mobilenet_recplot,11,erro_confiante,0.951443612575531,0.9107191115617752,False,0.6792003558297379,0.4476567632749658,True
pulmao,107,mobilenet_recplot,41,erro_confiante,0.9282776117324828,0.8659174926578999,False,0.5126810032825339,0.6515937095710519,True
pulmao,107,mobilenet_recplot,0,erro_confiante,0.8795762062072754,0.801227018237114,False,0.5127875304944816,0.6559720573823452,False
pulmao,107,mobilenet_recplot,57,erro_confiante,0.7801748514175415,0.5825705230236053,False,0.5738303984929554,0.4873375628756939,True
pulmao,107,mobilenet_recplot,1,erro_confiante,0.7732711434364319,0.6339837312698364,False,0.6328723178728647,0.5158442208240741,True
pulmao,107,mobilenet_recplot,2,erro_confiante,0.7651852965354919,0.600636675953865,False,0.6468427182322551,0.48504187562633716,True
pulmao,107,mobilenet_recplot,13,erro_confiante,0.7262267470359802,0.4730280339717865,False,0.5774195167410303,0.4881935595614988,True
pulmao,107,mobilenet_recplot,15,erro_confiante,0.7053723335266113,0.50685054063797,False,0.6712300976319292,0.31896323795021225,True
pulmao,107,mobilenet_recplot,45,erro_confiante,0.6605356335639954,0.32498177886009216,False,0.7241812117207608,0.37859416028718335,True
pulmao,107,mobilenet_recplot,8,erro_confiante,0.644033670425415,0.41629135608673107,False,0.6956748329813429,0.2380426374893134,True
pulmao,107,mobilenet_recplot,49,erro_confiante,0.6321273446083069,0.3307503759860993,False,0.7369970132960758,0.35820520460704175,True
pulmao,107,mobilenet_recplot,36,erro_confiante,0.607153594493866,0.308327853679657,False,0.6951961271309431,0.41142086656794763,True
pulmao,107,mobilenet_recplot,55,erro_confiante,0.5606065988540649,0.21386867761611944,False,0.6559360079849904,0.45714694645164916,True
pulmao,107,mobilenet_recplot,58,erro_confiante,0.517928957939148,0.17415985465049744,False,0.7117431660458748,0.354635055985529,True
pulmao,107,effnet_orig,51,fronteira,0.5195065140724182,0.06376823782920843,False,0.48369028898145955,0.32693383032944284,True
pulmao,107,effnet_orig,6,acerto_confiante,0.9998250007629396,0.9997067912772765,True,0.369117606018093,,False
pulmao,107,effnet_orig,10,acerto_confiante,0.999688982963562,0.9994524697685847,True,0.5619137228340305,,False
pulmao,107,effnet_orig,14,acerto_confiante,0.9994486570358276,0.9990496538812296,True,0.2738998713421566,,False
pulmao,107,effnet_orig,19,acerto_confiante,0.9993519186973572,0.9989140263351147,True,0.6758746701890826,,False
pulmao,107,effnet_orig,5,acerto_confiante,0.9991849660873412,0.998425590340048,True,0.37284039296007654,,False
pulmao,107,effnet_orig,36,acerto_confiante,0.998846709728241,0.9981188004021534,True,0.5492000221011176,,False
pulmao,107,effnet_orig,48,acerto_confiante,0.9988361597061156,0.9979040000471286,True,0.39295013432421894,,False
pulmao,107,effnet_orig,4,acerto_confiante,0.9988356232643129,0.9979722128482538,True,0.3121113188791703,,False
pulmao,107,effnet_orig,45,acerto_confiante,0.9988166093826294,0.9981355299823917,True,0.4623948432384551,,False
pulmao,107,effnet_orig,25,acerto_confiante,0.9987431168556212,0.9977008563000709,True,0.7088922846144274,,False
pulmao,107,effnet_orig,42,acerto_confiante,0.9985738396644592,0.9976627744035796,True,0.5188944663005849,,False
pulmao,107,effnet_orig,44,acerto_confiante,0.9985334873199464,0.9973874577553944,True,0.6375333232357638,,False
pulmao,107,effnet_orig,22,acerto_confiante,0.9984747767448424,0.997656730003655,True,0.529920777897288,,False
pulmao,107,effnet_orig,39,acerto_confiante,0.9982843399047852,0.9973080655327068,True,0.6435461803881652,,False
pulmao,107,effnet_orig,56,acerto_confiante,0.9980618953704834,0.9962127882754431,True,0.4302362998877595,,False
pulmao,107,effnet_orig,21,erro_confiante,0.7354608178138733,0.47844353318214417,False,0.5153792319192356,0.4524252538825226,True
pulmao,107,effnet_orig,51,erro_confiante,0.5195065140724182,0.06376823782920843,False,0.48369028898145955,0.32693383032944284,True
pulmao,107,effnet_recplot,1,fronteira,0.4390888512134552,0.08773201704025269,False,0.43570029610403244,0.49757448472642574,True
pulmao,107,effnet_recplot,3,fronteira,0.5072763562202454,0.08990186452865606,False,0.6650855755602966,0.38125177116406705,True
pulmao,107,effnet_recplot,43,fronteira,0.5251198410987854,0.0892519354820252,True,0.63033316724161,0.3120413595646459,False
pulmao,107,effnet_recplot,58,fronteira,0.4843960106372833,0.05997949838638311,False,0.5043132271060821,0.6429624765531973,True
pulmao,107,effnet_recplot,35,acerto_confiante,0.996539831161499,0.9940138747915627,True,0.7800028858871791,,False
pulmao,107,effnet_recplot,46,acerto_confiante,0.9961748123168944,0.9941130178049207,True,0.4153474155656077,,False
pulmao,107,effnet_recplot,6,acerto_confiante,0.9955971837043762,0.992315389448777,True,0.24688365550918057,,False
pulmao,107,effnet_recplot,17,acerto_confiante,0.99495130777359,0.9915359411388635,True,0.25044274089802077,,False
pulmao,107,effnet_recplot,5,acerto_confiante,0.9933357238769532,0.9880026602186265,True,0.2931376224667743,,False
pulmao,107,effnet_recplot,22,acerto_confiante,0.9930444359779358,0.9878156399354339,True,0.3475002349867456,,False
pulmao,107,effnet_recplot,48,acerto_confiante,0.9929591417312622,0.9884684346616269,True,0.21369621691908092,,False
pulmao,107,effnet_recplot,21,acerto_confiante,0.9923473000526428,0.9873996800743045,True,0.5356276959444093,,False
pulmao,107,effnet_recplot,19,acerto_confiante,0.9910098910331726,0.9828856373205781,True,0.6729400585007242,,False
pulmao,107,effnet_recplot,42,acerto_confiante,0.9899489879608154,0.9827761696651578,True,0.4032317572109614,,False
pulmao,107,effnet_recplot,4,acerto_confiante,0.9896314740180968,0.9842246281914412,True,0.308718547377348,,False
pulmao,107,effnet_recplot,12,acerto_confiante,0.9882388710975648,0.9817755357362331,True,0.4407976842967094,,False
pulmao,107,effnet_recplot,47,acerto_confiante,0.9877612590789796,0.9808552521280947,True,0.27431917136916945,,False
pulmao,107,effnet_recplot,25,acerto_confiante,0.987507700920105,0.97697798255831,True,0.768320748984853,,False
pulmao,107,effnet_recplot,37,acerto_confiante,0.9854368567466736,0.9779145861975849,True,0.6756546821192083,,False
pulmao,107,effnet_recplot,49,erro_confiante,0.9933769106864928,0.9886999488808214,False,0.7864934823664986,0.2508703283442706,False
pulmao,107,effnet_recplot,7,erro_confiante,0.9879419207572936,0.9807052966207265,False,0.7037085934552451,0.37294840524022027,False
pulmao,107,effnet_recplot,41,erro_confiante,0.9155099391937256,0.8399158492684364,False,0.35937768734161446,0.403967171889527,True
pulmao,107,effnet_recplot,15,erro_confiante,0.856346607208252,0.7432235777378082,False,0.8570183096240661,0.20068494016873437,False
pulmao,107,effnet_recplot,11,erro_confiante,0.8157601356506348,0.6389218717813493,False,0.5637654753301009,0.4556887784346528,True
pulmao,107,effnet_recplot,13,erro_confiante,0.7940147519111633,0.646117627620697,False,0.4239070920345512,0.5515390622763627,True
pulmao,107,effnet_recplot,0,erro_confiante,0.7376894950866699,0.5191562920808792,False,0.4193840823010867,0.6909686189590131,True
pulmao,107,effnet_recplot,23,erro_confiante,0.7265028953552246,0.5364963114261627,False,0.4178770849822189,0.5583038258618459,True
pulmao,107,effnet_recplot,51,erro_confiante,0.6174923777580261,0.30332478880882263,False,0.8670813637249435,0.1936902583838632,True
pulmao,107,effnet_recplot,36,erro_confiante,0.5892949104309082,0.2460961937904358,False,0.3347213333971624,0.4348792296318749,True
pulmao,107,effnet_recplot,2,erro_confiante,0.5855685472488403,0.18376052379608154,False,0.4168429531339974,0.4613750536669656,True
pulmao,107,effnet_recplot,9,erro_confiante,0.5676557421684265,0.143551915884018,False,0.43441511458377663,0.5146806019010193,True
pulmao,107,effnet_recplot,39,erro_confiante,0.5536623001098633,0.1986873745918274,False,0.5517584580240562,0.6311591562350207,True
pulmao,107,effnet_recplot,3,erro_confiante,0.5072763562202454,0.08990186452865606,False,0.6650855755602966,0.38125177116406705,True
pulmao,107,effnet_recplot,58,erro_confiante,0.4843960106372833,0.05997949838638311,False,0.5043132271060821,0.6429624765531973,True
pulmao,121,mobilenet_orig,0,fronteira,0.4684570431709289,0.0025891661643981934,True,0.6442831372953159,0.3692525865841118,False
pulmao,121,mobilenet_orig,2,fronteira,0.4716778695583343,0.0919363796710968,True,0.8112944350102155,0.1636206437648713,False
pulmao,121,mobilenet_orig,55,fronteira,0.5026819705963135,0.013989418745040894,False,0.5168396192169956,0.5983978706844271,True
pulmao,121,mobilenet_orig,57,fronteira,0.4796131253242492,0.0382664799690246,True,0.6052051695530736,0.4067278635395705,False
pulmao,121,mobilenet_orig,19,acerto_confiante,0.9981226325035096,0.9970478330506013,True,0.5281252678119903,,False
pulmao,121,mobilenet_orig,37,acerto_confiante,0.9961724877357484,0.9940423376392575,True,0.36586908937944146,,False
pulmao,121,mobilenet_orig,14,acerto_confiante,0.9915332794189452,0.9862819327972829,True,0.3476199691515258,,False
pulmao,121,mobilenet_orig,32,acerto_confiante,0.9910041689872742,0.9848502739332616,True,0.5644087129640745,,False
pulmao,121,mobilenet_orig,58,acerto_confiante,0.9897285103797911,0.9811647981405257,True,0.5081502586289308,,False
pulmao,121,mobilenet_orig,6,acerto_confiante,0.98934805393219,0.9833949385210874,True,0.4434941527624005,,False
pulmao,121,mobilenet_orig,40,acerto_confiante,0.9890292882919312,0.9827987737953664,True,0.5642688829109898,,False
pulmao,121,mobilenet_orig,5,acerto_confiante,0.9848166704177856,0.9726801263168454,True,0.5744510299453464,,False
pulmao,121,mobilenet_orig,29,acerto_confiante,0.9845236539840698,0.9766971124336125,True,0.4543320344305548,,False
pulmao,121,mobilenet_orig,54,acerto_confiante,0.9803820848464966,0.9686872800812126,True,0.45710685653261873,,False
pulmao,121,mobilenet_orig,18,acerto_confiante,0.9802903532981871,0.9658937454223633,True,0.5714740904737203,,False
pulmao,121,mobilenet_orig,38,acerto_confiante,0.9778297543525696,0.9605165962129831,True,0.615502258092192,,False
pulmao,121,mobilenet_orig,20,acerto_confiante,0.9750442504882812,0.95691361092031,True,0.4870948365932819,,False
pulmao,121,mobilenet_orig,36,acerto_confiante,0.972497582435608,0.9511923659592868,True,0.5665751547237614,,False
pulmao,121,mobilenet_orig,42,acerto_confiante,0.968360424041748,0.9488780051469804,True,0.4950446160204745,,False
pulmao,121,mobilenet_orig,51,erro_confiante,0.7360728979110718,0.576074942946434,False,0.44574405040703563,0.6050616898661063,True
pulmao,121,mobilenet_orig,15,erro_confiante,0.6513198614120483,0.37775859236717224,False,0.6329234453292645,0.4506995633979682,False
pulmao,121,mobilenet_orig,7,erro_confiante,0.6374178528785706,0.34415638446807867,False,0.7107365946612044,0.3368867294320598,True
pulmao,121,mobilenet_orig,3,erro_confiante,0.5825991034507751,0.18237781524658203,False,0.758532683935838,0.2517428893627662,False
pulmao,121,mobilenet_orig,16,erro_confiante,0.5349870324134827,0.28909409046173096,False,0.6646806857090225,0.3706971682386399,True
pulmao,121,mobilenet_orig,55,erro_confiante,0.5026819705963135,0.013989418745040894,False,0.5168396192169956,0.5983978706844271,True
pulmao,121,mobilenet_recplot,3,fronteira,0.38573157787323,0.03796735405921936,True,0.6242557447369377,0.3035757075116956,False
pulmao,121,mobilenet_recplot,26,fronteira,0.4744367301464081,0.08364343643188477,True,0.6024897843981057,0.439863519810145,False
pulmao,121,mobilenet_recplot,39,fronteira,0.3957388997077942,0.053339540958404597,False,0.6114304157389535,0.36784594720666186,True
pulmao,121,mobilenet_recplot,52,fronteira,0.4441395699977875,0.038063228130340576,False,0.7077710919853566,0.3543632547633204,True
pulmao,121,mobilenet_recplot,5,acerto_confiante,0.9960446357727052,0.9940461418591441,True,0.5720877862975315,,False
pulmao,121,mobilenet_recplot,19,acerto_confiante,0.9954137206077576,0.9924637170042843,True,0.5521074871693654,,False
pulmao,121,mobilenet_recplot,31,acerto_confiante,0.992741584777832,0.9886610163375735,True,0.62984348621225,,False
pulmao,121,mobilenet_recplot,33,acerto_confiante,0.9915993213653564,0.9850656455382706,True,0.61196397406164,,False
pulmao,121,mobilenet_recplot,30,acerto_confiante,0.9907404780387878,0.984571549575776,True,0.6159776599894219,,False
pulmao,121,mobilenet_recplot,25,acerto_confiante,0.9900044202804564,0.9828477296978234,True,0.625995763783122,,False
pulmao,121,mobilenet_recplot,29,acerto_confiante,0.9867732524871826,0.9757687542587519,True,0.5273879772864057,,False
pulmao,121,mobilenet_recplot,17,acerto_confiante,0.9840605854988098,0.9758941512554884,True,0.5653185056534709,,False
pulmao,121,mobilenet_recplot,53,acerto_confiante,0.9827024936676024,0.9717341121286154,True,0.4360602875427436,,False
pulmao,121,mobilenet_recplot,46,acerto_confiante,0.9824299216270448,0.9709163177758456,True,0.5249918731571942,,False
pulmao,121,mobilenet_recplot,4,acerto_confiante,0.9806793928146362,0.9657027628272772,True,0.5608328039796722,,False
pulmao,121,mobilenet_recplot,24,acerto_confiante,0.979666531085968,0.9620444700121881,True,0.6185659283021921,,False
pulmao,121,mobilenet_recplot,44,acerto_confiante,0.9744583368301392,0.9605649141594768,True,0.5049209410022356,,False
pulmao,121,mobilenet_recplot,35,acerto_confiante,0.9734994173049928,0.9542612899094822,True,0.611476610073384,,False
pulmao,121,mobilenet_recplot,37,acerto_confiante,0.9688781499862672,0.952046735212207,True,0.4046583077331145,,False
pulmao,121,mobilenet_recplot,41,erro_confiante,0.9901664853096008,0.9840609501115978,False,0.47090613906027073,0.568262828530031,True
pulmao,121,mobilenet_recplot,7,erro_confiante,0.9131581783294678,0.8381859362125397,False,0.46588194933533944,0.6174420357050083,False
pulmao,121,mobilenet_recplot,55,erro_confiante,0.9041098952293396,0.8357568234205246,False,0.5628294796396677,0.6303056506206277,True
pulmao,121,mobilenet_recplot,11,erro_confiante,0.9009078741073608,0.8175980895757675,False,0.5456249034469102,0.6726327364210062,True
pulmao,121,mobilenet_recplot,49,erro_confiante,0.8289496898651123,0.7086254730820656,False,0.6983039162123403,0.42376369256003416,True
pulmao,121,mobilenet_recplot,2,erro_confiante,0.8261566162109375,0.7131282538175583,False,0.5424885309970328,0.6364860068339089,True
pulmao,121,mobilenet_recplot,57,erro_confiante,0.8174204230308533,0.7171700075268745,False,0.6061960931951199,0.5365187467044057,True
pulmao,121,mobilenet_recplot,0,erro_confiante,0.7997573614120483,0.6829333528876306,False,0.5916373950155761,0.45217262709292605,False
pulmao,121,mobilenet_recplot,15,erro_confiante,0.7854923605918884,0.6595360487699509,False,0.6882821285884575,0.40027237606492666,False
pulmao,121,mobilenet_recplot,1,erro_confiante,0.7651190161705017,0.6129340082406998,False,0.501625042102075,0.5981909111014386,True
pulmao,121,mobilenet_recplot,36,erro_confiante,0.6411790251731873,0.41705940663814545,False,0.6313776112228809,0.33568813414062526,True
pulmao,121,mobilenet_recplot,23,erro_confiante,0.5886610150337219,0.2944985926151276,False,0.5033216679905903,0.4539915131958322,True
pulmao,121,mobilenet_recplot,16,erro_confiante,0.570094645023346,0.33338010311126715,False,0.500999497501377,0.5412787912057929,True
pulmao,121,mobilenet_recplot,45,erro_confiante,0.5578845143318176,0.15170216560363775,False,0.5399770463488381,0.6301478030281795,True
pulmao,121,mobilenet_recplot,52,erro_confiante,0.4441395699977875,0.038063228130340576,False,0.7077710919853566,0.3543632547633204,True
pulmao,121,effnet_orig,0,fronteira,0.4974505603313446,0.0774645209312439,False,0.5924492153520385,0.31331493609374267,False
pulmao,121,effnet_orig,52,fronteira,0.48878014087677,0.06868258118629461,True,0.5159632145594764,0.44527736657030115,False
pulmao,121,effnet_orig,29,acerto_confiante,0.9997524619102478,0.9995398337487132,True,0.43351055548248324,,False
pulmao,121,effnet_orig,40,acerto_confiante,0.9997166991233826,0.999562119061011,True,0.2425445471159342,,False
pulmao,121,effnet_orig,43,acerto_confiante,0.9994803071022034,0.9991939136816654,True,0.48421729710722206,,False
pulmao,121,effnet_orig,44,acerto_confiante,0.9994437098503112,0.9990071908105164,True,0.33435247421472114,,False
pulmao,121,effnet_orig,10,acerto_confiante,0.9993388056755066,0.9989284934417811,True,0.5776872551856079,,False
pulmao,121,effnet_orig,22,acerto_confiante,0.9992464780807496,0.9986926375422628,True,0.4880356094525018,,False
pulmao,121,effnet_orig,39,acerto_confiante,0.999097228050232,0.998568747250829,True,0.3841669154324773,,False
pulmao,121,effnet_orig,57,acerto_confiante,0.9984063506126404,0.9975492313387804,True,0.38235090514092,,False
pulmao,121,effnet_orig,30,acerto_confiante,0.9983741641044616,0.9970271345227957,True,0.6530439565296565,,False
pulmao,121,effnet_orig,26,acerto_confiante,0.9982051849365234,0.9972118751611562,True,0.6547713133217281,,False
pulmao,121,effnet_orig,48,acerto_confiante,0.99808007478714,0.996375589631498,True,0.32659469915983647,,False
pulmao,121,effnet_orig,45,acerto_confiante,0.9980105757713318,0.9967534376773984,True,0.38282320811656145,,False
pulmao,121,effnet_orig,5,acerto_confiante,0.9980036616325378,0.996393025503494,True,0.31048520682124153,,False
pulmao,121,effnet_orig,19,acerto_confiante,0.9978052377700806,0.9957080960739405,True,0.5540169925779412,,False
pulmao,121,effnet_orig,25,acerto_confiante,0.9975515007972716,0.9954544485080986,True,0.6851833993126454,,False
pulmao,121,effnet_orig,15,erro_confiante,0.9411233067512512,0.8986457362771034,False,0.2528554366798046,0.7243769468805685,False
pulmao,121,effnet_orig,3,erro_confiante,0.6017677783966064,0.32877388596534735,False,0.5027299561344682,0.30799011506136864,False
pulmao,121,effnet_orig,0,erro_confiante,0.4974505603313446,0.0774645209312439,False,0.5924492153520385,0.31331493609374267,False
pulmao,121,effnet_recplot,13,fronteira,0.5076802372932434,0.05868595838546753,False,0.3151113868302135,0.4361256381063937,True
pulmao,121,effnet_recplot,23,fronteira,0.4799668490886688,0.05862289667129522,True,0.43618793589036065,0.34225292525280915,False
pulmao,121,effnet_recplot,26,fronteira,0.433707058429718,0.08150988817214971,False,0.5937645830350573,0.21509292556961832,True
pulmao,121,effnet_recplot,52,fronteira,0.4996576309204101,0.0797995924949646,True,0.5255876735057361,0.28009071331660484,False
pulmao,121,effnet_recplot,19,acerto_confiante,0.9978628754615784,0.996488361619413,True,0.524095686371522,,False
pulmao,121,effnet_recplot,24,acerto_confiante,0.9978575110435486,0.9960249082650989,True,0.5279446350185619,,False
pulmao,121,effnet_recplot,42,acerto_confiante,0.9975358247756958,0.9959129140479491,True,0.3753897801913373,,False
pulmao,121,effnet_recplot,37,acerto_confiante,0.9955474138259888,0.9929456731770188,True,0.6310342911565335,,False
pulmao,121,effnet_recplot,4,acerto_confiante,0.9952747225761414,0.9920590769033879,True,0.4931180117576569,,False
pulmao,121,effnet_recplot,31,acerto_confiante,0.9951381087303162,0.992382116150111,True,0.6535106156538003,,False
pulmao,121,effnet_recplot,33,acerto_confiante,0.993236482143402,0.987062984611839,True,0.6112502194345509,,False
pulmao,121,effnet_recplot,21,acerto_confiante,0.9927765130996704,0.9861491420306266,True,0.52357606358746,,False
pulmao,121,effnet_recplot,5,acerto_confiante,0.9894840717315674,0.9830336775630713,True,0.4064339553121484,,False
pulmao,121,effnet_recplot,22,acerto_confiante,0.9890963435173036,0.9809835571795704,True,0.35513865839609504,,False
pulmao,121,effnet_recplot,35,acerto_confiante,0.9885538816452026,0.980198472738266,True,0.7016655233001375,,False
pulmao,121,effnet_recplot,6,acerto_confiante,0.987245798110962,0.9797643101774157,True,0.4422432723408315,,False
pulmao,121,effnet_recplot,10,acerto_confiante,0.9870100021362304,0.9799872045405209,True,0.4132887909212557,,False
pulmao,121,effnet_recplot,18,acerto_confiante,0.986811101436615,0.9797874754294754,True,0.5245737468020892,,False
pulmao,121,effnet_recplot,32,acerto_confiante,0.9843482375144958,0.9716136632487179,True,0.6121822826252848,,False
pulmao,121,effnet_recplot,7,erro_confiante,0.9477718472480774,0.9190926421433688,False,0.47397085938492717,0.5957574568119463,False
pulmao,121,effnet_recplot,11,erro_confiante,0.946034610271454,0.9023947082459928,False,0.43563805478860684,0.31819260245477476,True
pulmao,121,effnet_recplot,41,erro_confiante,0.923692226409912,0.8647106848657131,False,0.2496094861845613,0.5260434164177873,True
pulmao,121,effnet_recplot,15,erro_confiante,0.91448575258255,0.8658709563314916,False,0.6134676408947222,0.47161812982822116,False
pulmao,121,effnet_recplot,49,erro_confiante,0.8808277249336243,0.7827752977609634,False,0.5433734352904588,0.6004937004814683,False
pulmao,121,effnet_recplot,3,erro_confiante,0.8484551310539246,0.7611554190516473,False,0.46495791353896426,0.5570563972576376,False
pulmao,121,effnet_recplot,0,erro_confiante,0.8395898342132568,0.7421929538249971,False,0.3468387016271496,0.46189793601907103,False
pulmao,121,effnet_recplot,1,erro_confiante,0.7795219421386719,0.6661758944392204,False,0.34897745466022584,0.5294059151747331,True
pulmao,121,effnet_recplot,16,erro_confiante,0.7266100645065308,0.5253448188304901,False,0.2473535756358038,0.600622379928016,False
pulmao,121,effnet_recplot,55,erro_confiante,0.7063140869140625,0.4992159754037857,False,0.44193418878468393,0.571495131595486,True
pulmao,121,effnet_recplot,36,erro_confiante,0.5490351319313049,0.1931210160255432,False,0.3182223955008964,0.5441324294029178,True
pulmao,121,effnet_recplot,13,erro_confiante,0.5076802372932434,0.05868595838546753,False,0.3151113868302135,0.4361256381063937,True
pulmao,121,effnet_recplot,26,erro_confiante,0.433707058429718,0.08150988817214971,False,0.5937645830350573,0.21509292556961832,True
