seed,sample,target_class,grupo,prob_base,prob_oclusa,queda_prob
7,0,0,Minkowski (P),0.46304431557655334,0.6250632405281067,-0.16201892495155334
7,0,0,Minkowski (G),0.46304431557655334,0.22666975855827332,0.23637455701828003
7,0,0,Minkowski (H),0.46304431557655334,0.18355141580104828,0.27949289977550507
7,0,0,Euclidiana (P),0.46304431557655334,0.09571025520563126,0.3673340603709221
7,0,0,Euclidiana (G),0.46304431557655334,0.13951291143894196,0.3235314041376114
7,0,0,Euclidiana (H),0.46304431557655334,0.2864949405193329,0.17654937505722046
7,0,0,Manhattan (P),0.46304431557655334,0.1052895337343216,0.35775478184223175
7,0,0,Manhattan (G),0.46304431557655334,0.2064356952905655,0.25660862028598785
7,0,0,Manhattan (H),0.46304431557655334,0.2532691955566406,0.20977512001991272
12,0,0,Minkowski (P),0.4675636291503906,0.314573734998703,0.15298989415168762
12,0,0,Minkowski (G),0.4675636291503906,0.25342848896980286,0.21413514018058777
12,0,0,Minkowski (H),0.4675636291503906,0.2432962954044342,0.22426733374595642
12,0,0,Euclidiana (P),0.4675636291503906,0.1913917362689972,0.27617189288139343
12,0,0,Euclidiana (G),0.4675636291503906,0.20446757972240448,0.26309604942798615
12,0,0,Euclidiana (H),0.4675636291503906,0.08211946487426758,0.38544416427612305
12,0,0,Manhattan (P),0.4675636291503906,0.1949358880519867,0.27262774109840393
12,0,0,Manhattan (G),0.4675636291503906,0.3098253011703491,0.1577383279800415
12,0,0,Manhattan (H),0.4675636291503906,0.35063636302948,0.11692726612091064
42,0,0,Minkowski (P),0.41662508249282837,0.4817764461040497,-0.06515136361122131
42,0,0,Minkowski (G),0.41662508249282837,0.3395642042160034,0.07706087827682495
42,0,0,Minkowski (H),0.41662508249282837,0.2925713360309601,0.12405374646186829
42,0,0,Euclidiana (P),0.41662508249282837,0.1430005133152008,0.27362456917762756
42,0,0,Euclidiana (G),0.41662508249282837,0.12774376571178436,0.288881316781044
42,0,0,Euclidiana (H),0.41662508249282837,0.11151833832263947,0.3051067441701889
42,0,0,Manhattan (P),0.41662508249282837,0.15534614026546478,0.2612789422273636
42,0,0,Manhattan (G),0.41662508249282837,0.32846495509147644,0.08816012740135193
42,0,0,Manhattan (H),0.41662508249282837,0.2741444706916809,0.14248061180114746
65,0,0,Minkowski (P),0.518781840801239,0.7359129190444946,-0.21713107824325562
65,0,0,Minkowski (G),0.518781840801239,0.4739047884941101,0.044877052307128906
65,0,0,Minkowski (H),0.518781840801239,0.35676097869873047,0.16202086210250854
65,0,0,Euclidiana (P),0.518781840801239,0.3052505552768707,0.2135312855243683
65,0,0,Euclidiana (G),0.518781840801239,0.20892955362796783,0.3098522871732712
65,0,0,Euclidiana (H),0.518781840801239,0.21356016397476196,0.30522167682647705
65,0,0,Manhattan (P),0.518781840801239,0.11972782760858536,0.39905401319265366
65,0,0,Manhattan (G),0.518781840801239,0.22198905050754547,0.29679279029369354
65,0,0,Manhattan (H),0.518781840801239,0.3511452376842499,0.16763660311698914
87,0,0,Minkowski (P),0.4539150595664978,0.5615240931510925,-0.10760903358459473
87,0,0,Minkowski (G),0.4539150595664978,0.37178051471710205,0.08213454484939575
87,0,0,Minkowski (H),0.4539150595664978,0.25195398926734924,0.20196107029914856
87,0,0,Euclidiana (P),0.4539150595664978,0.18675094842910767,0.26716411113739014
87,0,0,Euclidiana (G),0.4539150595664978,0.2783012092113495,0.17561385035514832
87,0,0,Euclidiana (H),0.4539150595664978,0.20625588297843933,0.24765917658805847
87,0,0,Manhattan (P),0.4539150595664978,0.1915571093559265,0.2623579502105713
87,0,0,Manhattan (G),0.4539150595664978,0.26003754138946533,0.19387751817703247
87,0,0,Manhattan (H),0.4539150595664978,0.3310404419898987,0.12287461757659912
93,0,0,Minkowski (P),0.6918190121650696,0.7359155416488647,-0.044096529483795166
93,0,0,Minkowski (G),0.6918190121650696,0.5023109316825867,0.1895080804824829
93,0,0,Minkowski (H),0.6918190121650696,0.3365101218223572,0.3553088903427124
93,0,0,Euclidiana (P),0.6918190121650696,0.06665721535682678,0.6251617968082428
93,0,0,Euclidiana (G),0.6918190121650696,0.05459030717611313,0.6372287049889565
93,0,0,Euclidiana (H),0.6918190121650696,0.05910047888755798,0.6327185332775116
93,0,0,Manhattan (P),0.6918190121650696,0.16574408113956451,0.5260749310255051
93,0,0,Manhattan (G),0.6918190121650696,0.5458680987358093,0.14595091342926025
93,0,0,Manhattan (H),0.6918190121650696,0.5572109222412109,0.13460808992385864
107,0,0,Minkowski (P),0.2141246497631073,0.22375307977199554,-0.009628430008888245
107,0,0,Minkowski (G),0.2141246497631073,0.30558326840400696,-0.09145861864089966
107,0,0,Minkowski (H),0.2141246497631073,0.36267146468162537,-0.14854681491851807
107,0,0,Euclidiana (P),0.2141246497631073,0.3845357298851013,-0.17041108012199402
107,0,0,Euclidiana (G),0.2141246497631073,0.19417919218540192,0.019945457577705383
107,0,0,Euclidiana (H),0.2141246497631073,0.1549762338399887,0.05914841592311859
107,0,0,Manhattan (P),0.2141246497631073,0.1199822798371315,0.0941423699259758
107,0,0,Manhattan (G),0.2141246497631073,0.09539718925952911,0.11872746050357819
107,0,0,Manhattan (H),0.2141246497631073,0.08410292118787766,0.13002172857522964
121,0,0,Minkowski (P),0.32316073775291443,0.41114747524261475,-0.08798673748970032
121,0,0,Minkowski (G),0.32316073775291443,0.11703519523143768,0.20612554252147675
121,0,0,Minkowski (H),0.32316073775291443,0.18232303857803345,0.14083769917488098
121,0,0,Euclidiana (P),0.32316073775291443,0.09961137920618057,0.22354935854673386
121,0,0,Euclidiana (G),0.32316073775291443,0.15541714429855347,0.16774359345436096
121,0,0,Euclidiana (H),0.32316073775291443,0.08592640608549118,0.23723433166742325
121,0,0,Manhattan (P),0.32316073775291443,0.06637029349803925,0.2567904442548752
121,0,0,Manhattan (G),0.32316073775291443,0.07022248953580856,0.25293824821710587
121,0,0,Manhattan (H),0.32316073775291443,0.20244942605495453,0.1207113116979599
7,1,0,Minkowski (P),0.6493756771087646,0.3782632350921631,0.27111244201660156
7,1,0,Minkowski (G),0.6493756771087646,0.5667570233345032,0.08261865377426147
7,1,0,Minkowski (H),0.6493756771087646,0.15972532331943512,0.48965035378932953
7,1,0,Euclidiana (P),0.6493756771087646,0.2161916196346283,0.43318405747413635
7,1,0,Euclidiana (G),0.6493756771087646,0.08336050808429718,0.5660151690244675
7,1,0,Euclidiana (H),0.6493756771087646,0.46833378076553345,0.1810418963432312
7,1,0,Manhattan (P),0.6493756771087646,0.5208621025085449,0.12851357460021973
7,1,0,Manhattan (G),0.6493756771087646,0.4296397268772125,0.21973595023155212
7,1,0,Manhattan (H),0.6493756771087646,0.45810210704803467,0.19127357006072998
12,1,0,Minkowski (P),0.7694082260131836,0.1828763335943222,0.5865318924188614
12,1,0,Minkowski (G),0.7694082260131836,0.5118522644042969,0.2575559616088867
12,1,0,Minkowski (H),0.7694082260131836,0.1738593876361847,0.5955488383769989
12,1,0,Euclidiana (P),0.7694082260131836,0.25480103492736816,0.5146071910858154
12,1,0,Euclidiana (G),0.7694082260131836,0.14653204381465912,0.6228761821985245
12,1,0,Euclidiana (H),0.7694082260131836,0.2788461744785309,0.4905620515346527
12,1,0,Manhattan (P),0.7694082260131836,0.6493690609931946,0.12003916501998901
12,1,0,Manhattan (G),0.7694082260131836,0.6664034724235535,0.10300475358963013
12,1,0,Manhattan (H),0.7694082260131836,0.751508891582489,0.01789933443069458
42,1,0,Minkowski (P),0.8357059359550476,0.4240267872810364,0.41167914867401123
42,1,0,Minkowski (G),0.8357059359550476,0.42356055974960327,0.41214537620544434
42,1,0,Minkowski (H),0.8357059359550476,0.43627944588661194,0.39942649006843567
42,1,0,Euclidiana (P),0.8357059359550476,0.6434854865074158,0.19222044944763184
42,1,0,Euclidiana (G),0.8357059359550476,0.23782294988632202,0.5978829860687256
42,1,0,Euclidiana (H),0.8357059359550476,0.5401785969734192,0.2955273389816284
42,1,0,Manhattan (P),0.8357059359550476,0.7667317390441895,0.06897419691085815
42,1,0,Manhattan (G),0.8357059359550476,0.7413395047187805,0.09436643123626709
42,1,0,Manhattan (H),0.8357059359550476,0.6124939322471619,0.22321200370788574
65,1,0,Minkowski (P),0.8866121172904968,0.33024537563323975,0.5563667416572571
65,1,0,Minkowski (G),0.8866121172904968,0.4434061348438263,0.44320598244667053
65,1,0,Minkowski (H),0.8866121172904968,0.2415560781955719,0.6450560390949249
65,1,0,Euclidiana (P),0.8866121172904968,0.49979060888290405,0.3868215084075928
65,1,0,Euclidiana (G),0.8866121172904968,0.4289238750934601,0.45768824219703674
65,1,0,Euclidiana (H),0.8866121172904968,0.687217116355896,0.19939500093460083
65,1,0,Manhattan (P),0.8866121172904968,0.7147085666656494,0.1719035506248474
65,1,0,Manhattan (G),0.8866121172904968,0.7658309936523438,0.12078112363815308
65,1,0,Manhattan (H),0.8866121172904968,0.671941339969635,0.21467077732086182
87,1,0,Minkowski (P),0.5360048413276672,0.3430294394493103,0.19297540187835693
87,1,0,Minkowski (G),0.5360048413276672,0.5410473346710205,-0.0050424933433532715
87,1,0,Minkowski (H),0.5360048413276672,0.30039486289024353,0.2356099784374237
87,1,0,Euclidiana (P),0.5360048413276672,0.2709134817123413,0.2650913596153259
87,1,0,Euclidiana (G),0.5360048413276672,0.26317957043647766,0.2728252708911896
87,1,0,Euclidiana (H),0.5360048413276672,0.4519483745098114,0.08405646681785583
87,1,0,Manhattan (P),0.5360048413276672,0.36625900864601135,0.16974583268165588
87,1,0,Manhattan (G),0.5360048413276672,0.3954383432865143,0.14056649804115295
87,1,0,Manhattan (H),0.5360048413276672,0.5578780174255371,-0.021873176097869873
93,1,0,Minkowski (P),0.7769836187362671,0.3003123700618744,0.4766712486743927
93,1,0,Minkowski (G),0.7769836187362671,0.5754593014717102,0.20152431726455688
93,1,0,Minkowski (H),0.7769836187362671,0.22210533916950226,0.5548782795667648
93,1,0,Euclidiana (P),0.7769836187362671,0.2936215102672577,0.4833621084690094
93,1,0,Euclidiana (G),0.7769836187362671,0.09354901313781738,0.6834346055984497
93,1,0,Euclidiana (H),0.7769836187362671,0.7508264183998108,0.0261572003364563
93,1,0,Manhattan (P),0.7769836187362671,0.8595887422561646,-0.08260512351989746
93,1,0,Manhattan (G),0.7769836187362671,0.7718389630317688,0.005144655704498291
93,1,0,Manhattan (H),0.7769836187362671,0.7162933945655823,0.060690224170684814
107,1,0,Minkowski (P),0.95428466796875,0.2999334931373596,0.6543511748313904
107,1,0,Minkowski (G),0.95428466796875,0.39589643478393555,0.5583882331848145
107,1,0,Minkowski (H),0.95428466796875,0.3239232301712036,0.6303614377975464
107,1,0,Euclidiana (P),0.95428466796875,0.4754745662212372,0.4788101017475128
107,1,0,Euclidiana (G),0.95428466796875,0.8195010423660278,0.13478362560272217
107,1,0,Euclidiana (H),0.95428466796875,0.9143165946006775,0.03996807336807251
107,1,0,Manhattan (P),0.95428466796875,0.9488940834999084,0.005390584468841553
107,1,0,Manhattan (G),0.95428466796875,0.8666324615478516,0.08765220642089844
107,1,0,Manhattan (H),0.95428466796875,0.8863769173622131,0.06790775060653687
121,1,0,Minkowski (P),0.8080316185951233,0.2840781807899475,0.5239534378051758
121,1,0,Minkowski (G),0.8080316185951233,0.44149914383888245,0.36653247475624084
121,1,0,Minkowski (H),0.8080316185951233,0.1391388475894928,0.6688927710056305
121,1,0,Euclidiana (P),0.8080316185951233,0.2509332299232483,0.557098388671875
121,1,0,Euclidiana (G),0.8080316185951233,0.1145215705037117,0.6935100480914116
121,1,0,Euclidiana (H),0.8080316185951233,0.565899670124054,0.24213194847106934
121,1,0,Manhattan (P),0.8080316185951233,0.5898854732513428,0.21814614534378052
121,1,0,Manhattan (G),0.8080316185951233,0.599464476108551,0.20856714248657227
121,1,0,Manhattan (H),0.8080316185951233,0.6290932893753052,0.17893832921981812
7,2,0,Minkowski (P),0.9948796033859253,0.7609820365905762,0.23389756679534912
7,2,0,Minkowski (G),0.9948796033859253,0.8626711368560791,0.1322084665298462
7,2,0,Minkowski (H),0.9948796033859253,0.7081047892570496,0.28677481412887573
7,2,0,Euclidiana (P),0.9948796033859253,0.5349581241607666,0.4599214792251587
7,2,0,Euclidiana (G),0.9948796033859253,0.14941278100013733,0.845466822385788
7,2,0,Euclidiana (H),0.9948796033859253,0.5063232779502869,0.4885563254356384
7,2,0,Manhattan (P),0.9948796033859253,0.7807535529136658,0.21412605047225952
7,2,0,Manhattan (G),0.9948796033859253,0.9527116417884827,0.04216796159744263
7,2,0,Manhattan (H),0.9948796033859253,0.9878765344619751,0.007003068923950195
12,2,0,Minkowski (P),0.9870288372039795,0.5912946462631226,0.39573419094085693
12,2,0,Minkowski (G),0.9870288372039795,0.9173868298530579,0.06964200735092163
12,2,0,Minkowski (H),0.9870288372039795,0.6061321496963501,0.3808966875076294
12,2,0,Euclidiana (P),0.9870288372039795,0.4700101315975189,0.5170187056064606
12,2,0,Euclidiana (G),0.9870288372039795,0.23724818229675293,0.7497806549072266
12,2,0,Euclidiana (H),0.9870288372039795,0.40334391593933105,0.5836849212646484
12,2,0,Manhattan (P),0.9870288372039795,0.5766043066978455,0.41042453050613403
12,2,0,Manhattan (G),0.9870288372039795,0.89337557554245,0.09365326166152954
12,2,0,Manhattan (H),0.9870288372039795,0.9680843949317932,0.01894444227218628
42,2,0,Minkowski (P),0.9943776726722717,0.8442608714103699,0.15011680126190186
42,2,0,Minkowski (G),0.9943776726722717,0.9598335027694702,0.034544169902801514
42,2,0,Minkowski (H),0.9943776726722717,0.7819012999534607,0.21247637271881104
42,2,0,Euclidiana (P),0.9943776726722717,0.763674795627594,0.23070287704467773
42,2,0,Euclidiana (G),0.9943776726722717,0.5954545736312866,0.3989230990409851
42,2,0,Euclidiana (H),0.9943776726722717,0.6532835960388184,0.34109407663345337
42,2,0,Manhattan (P),0.9943776726722717,0.7989276051521301,0.1954500675201416
42,2,0,Manhattan (G),0.9943776726722717,0.9253137707710266,0.06906390190124512
42,2,0,Manhattan (H),0.9943776726722717,0.9807047247886658,0.013672947883605957
65,2,0,Minkowski (P),0.9753422141075134,0.6367294192314148,0.33861279487609863
65,2,0,Minkowski (G),0.9753422141075134,0.897040605545044,0.07830160856246948
65,2,0,Minkowski (H),0.9753422141075134,0.7282796502113342,0.2470625638961792
65,2,0,Euclidiana (P),0.9753422141075134,0.7726139426231384,0.202728271484375
65,2,0,Euclidiana (G),0.9753422141075134,0.6960525512695312,0.2792896628379822
65,2,0,Euclidiana (H),0.9753422141075134,0.7559043765068054,0.219437837600708
65,2,0,Manhattan (P),0.9753422141075134,0.6647834181785583,0.3105587959289551
65,2,0,Manhattan (G),0.9753422141075134,0.9217107892036438,0.05363142490386963
65,2,0,Manhattan (H),0.9753422141075134,0.9303814768791199,0.044960737228393555
87,2,0,Minkowski (P),0.9826204180717468,0.7729300856590271,0.20969033241271973
87,2,0,Minkowski (G),0.9826204180717468,0.8981732726097107,0.08444714546203613
87,2,0,Minkowski (H),0.9826204180717468,0.7263188362121582,0.2563015818595886
87,2,0,Euclidiana (P),0.9826204180717468,0.6002404689788818,0.382379949092865
87,2,0,Euclidiana (G),0.9826204180717468,0.4921845495700836,0.4904358685016632
87,2,0,Euclidiana (H),0.9826204180717468,0.6865333914756775,0.29608702659606934
87,2,0,Manhattan (P),0.9826204180717468,0.7951642870903015,0.1874561309814453
87,2,0,Manhattan (G),0.9826204180717468,0.9280070066452026,0.05461341142654419
87,2,0,Manhattan (H),0.9826204180717468,0.9792377948760986,0.0033826231956481934
93,2,0,Minkowski (P),0.9987554550170898,0.9571967124938965,0.04155874252319336
93,2,0,Minkowski (G),0.9987554550170898,0.9459403157234192,0.052815139293670654
93,2,0,Minkowski (H),0.9987554550170898,0.7917560935020447,0.20699936151504517
93,2,0,Euclidiana (P),0.9987554550170898,0.6690550446510315,0.32970041036605835
93,2,0,Euclidiana (G),0.9987554550170898,0.362873911857605,0.6358815431594849
93,2,0,Euclidiana (H),0.9987554550170898,0.6842554807662964,0.31449997425079346
93,2,0,Manhattan (P),0.9987554550170898,0.8569774031639099,0.14177805185317993
93,2,0,Manhattan (G),0.9987554550170898,0.9753257632255554,0.023429691791534424
93,2,0,Manhattan (H),0.9987554550170898,0.9973670840263367,0.0013883709907531738
107,2,0,Minkowski (P),0.9988917708396912,0.7749989628791809,0.22389280796051025
107,2,0,Minkowski (G),0.9988917708396912,0.883980393409729,0.11491137742996216
107,2,0,Minkowski (H),0.9988917708396912,0.7734501957893372,0.225441575050354
107,2,0,Euclidiana (P),0.9988917708396912,0.8781152963638306,0.1207764744758606
107,2,0,Euclidiana (G),0.9988917708396912,0.8412213325500488,0.15767043828964233
107,2,0,Euclidiana (H),0.9988917708396912,0.8648579716682434,0.13403379917144775
107,2,0,Manhattan (P),0.9988917708396912,0.9325485229492188,0.06634324789047241
107,2,0,Manhattan (G),0.9988917708396912,0.9871453046798706,0.011746466159820557
107,2,0,Manhattan (H),0.9988917708396912,0.9962518811225891,0.0026398897171020508
121,2,0,Minkowski (P),0.9960363507270813,0.6340164542198181,0.3620198965072632
121,2,0,Minkowski (G),0.9960363507270813,0.7678707838058472,0.22816556692123413
121,2,0,Minkowski (H),0.9960363507270813,0.6791735291481018,0.3168628215789795
121,2,0,Euclidiana (P),0.9960363507270813,0.7098578810691833,0.28617846965789795
121,2,0,Euclidiana (G),0.9960363507270813,0.32716482877731323,0.6688715219497681
121,2,0,Euclidiana (H),0.9960363507270813,0.6882808804512024,0.3077554702758789
121,2,0,Manhattan (P),0.9960363507270813,0.6607664823532104,0.33526986837387085
121,2,0,Manhattan (G),0.9960363507270813,0.9415721893310547,0.05446416139602661
121,2,0,Manhattan (H),0.9960363507270813,0.993748664855957,0.0022876858711242676
7,3,0,Minkowski (P),0.8788370490074158,0.26884371042251587,0.6099933385848999
7,3,0,Minkowski (G),0.8788370490074158,0.3402864634990692,0.5385505855083466
7,3,0,Minkowski (H),0.8788370490074158,0.24229206144809723,0.6365449875593185
7,3,0,Euclidiana (P),0.8788370490074158,0.1975993663072586,0.6812376827001572
7,3,0,Euclidiana (G),0.8788370490074158,0.21903249621391296,0.6598045527935028
7,3,0,Euclidiana (H),0.8788370490074158,0.4439554810523987,0.4348815679550171
7,3,0,Manhattan (P),0.8788370490074158,0.5132827162742615,0.3655543327331543
7,3,0,Manhattan (G),0.8788370490074158,0.8060882091522217,0.07274883985519409
7,3,0,Manhattan (H),0.8788370490074158,0.8672021627426147,0.011634886264801025
12,3,0,Minkowski (P),0.9861035943031311,0.30191919207572937,0.6841844022274017
12,3,0,Minkowski (G),0.9861035943031311,0.6511622667312622,0.3349413275718689
12,3,0,Minkowski (H),0.9861035943031311,0.5199203491210938,0.46618324518203735
12,3,0,Euclidiana (P),0.9861035943031311,0.5112571716308594,0.47484642267227173
12,3,0,Euclidiana (G),0.9861035943031311,0.4796003997325897,0.5065031945705414
12,3,0,Euclidiana (H),0.9861035943031311,0.43497562408447266,0.5511279702186584
12,3,0,Manhattan (P),0.9861035943031311,0.9052924513816833,0.08081114292144775
12,3,0,Manhattan (G),0.9861035943031311,0.9419906735420227,0.0441129207611084
12,3,0,Manhattan (H),0.9861035943031311,0.9573308825492859,0.028772711753845215
42,3,0,Minkowski (P),0.925023078918457,0.43173620104789734,0.4932868778705597
42,3,0,Minkowski (G),0.925023078918457,0.5092747211456299,0.41574835777282715
42,3,0,Minkowski (H),0.925023078918457,0.647506833076477,0.27751624584198
42,3,0,Euclidiana (P),0.925023078918457,0.723908007144928,0.20111507177352905
42,3,0,Euclidiana (G),0.925023078918457,0.7052242755889893,0.21979880332946777
42,3,0,Euclidiana (H),0.925023078918457,0.631020188331604,0.294002890586853
42,3,0,Manhattan (P),0.925023078918457,0.7788864374160767,0.14613664150238037
42,3,0,Manhattan (G),0.925023078918457,0.8526819348335266,0.07234114408493042
42,3,0,Manhattan (H),0.925023078918457,0.8413462042808533,0.08367687463760376
65,3,0,Minkowski (P),0.9592669010162354,0.21787787973880768,0.7413890212774277
65,3,0,Minkowski (G),0.9592669010162354,0.5591210722923279,0.40014582872390747
65,3,0,Minkowski (H),0.9592669010162354,0.45645982027053833,0.502807080745697
65,3,0,Euclidiana (P),0.9592669010162354,0.4692957401275635,0.4899711608886719
65,3,0,Euclidiana (G),0.9592669010162354,0.7567084431648254,0.2025584578514099
65,3,0,Euclidiana (H),0.9592669010162354,0.6942708492279053,0.2649960517883301
65,3,0,Manhattan (P),0.9592669010162354,0.8668882250785828,0.09237867593765259
65,3,0,Manhattan (G),0.9592669010162354,0.9068244695663452,0.05244243144989014
65,3,0,Manhattan (H),0.9592669010162354,0.8973978161811829,0.06186908483505249
87,3,0,Minkowski (P),0.9315516948699951,0.4906844198703766,0.44086727499961853
87,3,0,Minkowski (G),0.9315516948699951,0.50189208984375,0.4296596050262451
87,3,0,Minkowski (H),0.9315516948699951,0.45626509189605713,0.475286602973938
87,3,0,Euclidiana (P),0.9315516948699951,0.4743814170360565,0.4571702778339386
87,3,0,Euclidiana (G),0.9315516948699951,0.44464853405952454,0.4869031608104706
87,3,0,Euclidiana (H),0.9315516948699951,0.4850080907344818,0.4465436041355133
87,3,0,Manhattan (P),0.9315516948699951,0.43158021569252014,0.499971479177475
87,3,0,Manhattan (G),0.9315516948699951,0.6595792174339294,0.2719724774360657
87,3,0,Manhattan (H),0.9315516948699951,0.8417826890945435,0.08976900577545166
93,3,0,Minkowski (P),0.9916879534721375,0.6634804010391235,0.3282075524330139
93,3,0,Minkowski (G),0.9916879534721375,0.5574241876602173,0.43426376581192017
93,3,0,Minkowski (H),0.9916879534721375,0.49612006545066833,0.4955678880214691
93,3,0,Euclidiana (P),0.9916879534721375,0.20879045128822327,0.7828975021839142
93,3,0,Euclidiana (G),0.9916879534721375,0.45981505513191223,0.5318728983402252
93,3,0,Euclidiana (H),0.9916879534721375,0.8589604496955872,0.1327275037765503
93,3,0,Manhattan (P),0.9916879534721375,0.9443709254264832,0.0473170280456543
93,3,0,Manhattan (G),0.9916879534721375,0.9542860984802246,0.03740185499191284
93,3,0,Manhattan (H),0.9916879534721375,0.9814173579216003,0.01027059555053711
107,3,0,Minkowski (P),0.9976418018341064,0.33363524079322815,0.6640065610408783
107,3,0,Minkowski (G),0.9976418018341064,0.5253907442092896,0.4722510576248169
107,3,0,Minkowski (H),0.9976418018341064,0.6448118090629578,0.3528299927711487
107,3,0,Euclidiana (P),0.9976418018341064,0.5196292996406555,0.4780125021934509
107,3,0,Euclidiana (G),0.9976418018341064,0.950690746307373,0.0469510555267334
107,3,0,Euclidiana (H),0.9976418018341064,0.9001510739326477,0.09749072790145874
107,3,0,Manhattan (P),0.9976418018341064,0.9612633585929871,0.036378443241119385
107,3,0,Manhattan (G),0.9976418018341064,0.9830797910690308,0.014562010765075684
107,3,0,Manhattan (H),0.9976418018341064,0.9939389228820801,0.003702878952026367
121,3,0,Minkowski (P),0.9630053639411926,0.20685891807079315,0.7561464458703995
121,3,0,Minkowski (G),0.9630053639411926,0.3684842884540558,0.5945210754871368
121,3,0,Minkowski (H),0.9630053639411926,0.3343255817890167,0.6286797821521759
121,3,0,Euclidiana (P),0.9630053639411926,0.2950970232486725,0.6679083406925201
121,3,0,Euclidiana (G),0.9630053639411926,0.547305166721344,0.41570019721984863
121,3,0,Euclidiana (H),0.9630053639411926,0.5952275395393372,0.36777782440185547
121,3,0,Manhattan (P),0.9630053639411926,0.7002051472663879,0.2628002166748047
121,3,0,Manhattan (G),0.9630053639411926,0.7423245906829834,0.22068077325820923
121,3,0,Manhattan (H),0.9630053639411926,0.9579566717147827,0.005048692226409912
7,4,0,Minkowski (P),0.936812698841095,0.30873483419418335,0.6280778646469116
7,4,0,Minkowski (G),0.936812698841095,0.5340126156806946,0.4028000831604004
7,4,0,Minkowski (H),0.936812698841095,0.2970410883426666,0.6397716104984283
7,4,0,Euclidiana (P),0.936812698841095,0.08463023602962494,0.85218246281147
7,4,0,Euclidiana (G),0.936812698841095,0.1302615851163864,0.8065511137247086
7,4,0,Euclidiana (H),0.936812698841095,0.3478587567806244,0.5889539420604706
7,4,0,Manhattan (P),0.936812698841095,0.3833599388599396,0.5534527599811554
7,4,0,Manhattan (G),0.936812698841095,0.6357508897781372,0.30106180906295776
7,4,0,Manhattan (H),0.936812698841095,0.5507202744483948,0.3860924243927002
12,4,0,Minkowski (P),0.9714170694351196,0.20565570890903473,0.7657613605260849
12,4,0,Minkowski (G),0.9714170694351196,0.2585810124874115,0.7128360569477081
12,4,0,Minkowski (H),0.9714170694351196,0.2721441686153412,0.6992729008197784
12,4,0,Euclidiana (P),0.9714170694351196,0.20891280472278595,0.7625042647123337
12,4,0,Euclidiana (G),0.9714170694351196,0.14663714170455933,0.8247799277305603
12,4,0,Euclidiana (H),0.9714170694351196,0.34892454743385315,0.6224925220012665
12,4,0,Manhattan (P),0.9714170694351196,0.6949847936630249,0.2764322757720947
12,4,0,Manhattan (G),0.9714170694351196,0.860654890537262,0.11076217889785767
12,4,0,Manhattan (H),0.9714170694351196,0.854629397392273,0.11678767204284668
42,4,0,Minkowski (P),0.6043389439582825,0.38365140557289124,0.22068753838539124
42,4,0,Minkowski (G),0.6043389439582825,0.44355177879333496,0.1607871651649475
42,4,0,Minkowski (H),0.6043389439582825,0.41166096925735474,0.19267797470092773
42,4,0,Euclidiana (P),0.6043389439582825,0.24290402233600616,0.3614349216222763
42,4,0,Euclidiana (G),0.6043389439582825,0.18846093118190765,0.4158780127763748
42,4,0,Euclidiana (H),0.6043389439582825,0.42473769187927246,0.17960125207901
42,4,0,Manhattan (P),0.6043389439582825,0.4105272591114044,0.19381168484687805
42,4,0,Manhattan (G),0.6043389439582825,0.49415725469589233,0.11018168926239014
42,4,0,Manhattan (H),0.6043389439582825,0.37826991081237793,0.22606903314590454
65,4,0,Minkowski (P),0.8350807428359985,0.3949366509914398,0.4401440918445587
65,4,0,Minkowski (G),0.8350807428359985,0.6701841950416565,0.16489654779434204
65,4,0,Minkowski (H),0.8350807428359985,0.39465025067329407,0.44043049216270447
65,4,0,Euclidiana (P),0.8350807428359985,0.2988382875919342,0.5362424552440643
65,4,0,Euclidiana (G),0.8350807428359985,0.42463430762290955,0.410446435213089
65,4,0,Euclidiana (H),0.8350807428359985,0.5461180806159973,0.2889626622200012
65,4,0,Manhattan (P),0.8350807428359985,0.5349263548851013,0.3001543879508972
65,4,0,Manhattan (G),0.8350807428359985,0.6508806943893433,0.18420004844665527
65,4,0,Manhattan (H),0.8350807428359985,0.5581543445587158,0.2769263982772827
87,4,0,Minkowski (P),0.3549093008041382,0.29208219051361084,0.06282711029052734
87,4,0,Minkowski (G),0.3549093008041382,0.4412851333618164,-0.08637583255767822
87,4,0,Minkowski (H),0.3549093008041382,0.21991874277591705,0.13499055802822113
87,4,0,Euclidiana (P),0.3549093008041382,0.22591352462768555,0.12899577617645264
87,4,0,Euclidiana (G),0.3549093008041382,0.2939131259918213,0.060996174812316895
87,4,0,Euclidiana (H),0.3549093008041382,0.4013751149177551,-0.04646581411361694
87,4,0,Manhattan (P),0.3549093008041382,0.294323593378067,0.06058570742607117
87,4,0,Manhattan (G),0.3549093008041382,0.39301934838294983,-0.038110047578811646
87,4,0,Manhattan (H),0.3549093008041382,0.2130180448293686,0.1418912559747696
93,4,0,Minkowski (P),0.9482823610305786,0.4223979115486145,0.5258844494819641
93,4,0,Minkowski (G),0.9482823610305786,0.570142388343811,0.3781399726867676
93,4,0,Minkowski (H),0.9482823610305786,0.40412333607673645,0.5441590249538422
93,4,0,Euclidiana (P),0.9482823610305786,0.2095573991537094,0.7387249618768692
93,4,0,Euclidiana (G),0.9482823610305786,0.23009167611598969,0.7181906849145889
93,4,0,Euclidiana (H),0.9482823610305786,0.4727573096752167,0.47552505135536194
93,4,0,Manhattan (P),0.9482823610305786,0.741152822971344,0.20712953805923462
93,4,0,Manhattan (G),0.9482823610305786,0.701518177986145,0.2467641830444336
93,4,0,Manhattan (H),0.9482823610305786,0.5504106283187866,0.397871732711792
107,4,0,Minkowski (P),0.43680670857429504,0.04093549773097038,0.39587121084332466
107,4,0,Minkowski (G),0.43680670857429504,0.3402112126350403,0.09659549593925476
107,4,0,Minkowski (H),0.43680670857429504,0.3476341962814331,0.08917251229286194
107,4,0,Euclidiana (P),0.43680670857429504,0.4867826998233795,-0.04997599124908447
107,4,0,Euclidiana (G),0.43680670857429504,0.4885514974594116,-0.05174478888511658
107,4,0,Euclidiana (H),0.43680670857429504,0.6503989696502686,-0.2135922610759735
107,4,0,Manhattan (P),0.43680670857429504,0.7073195576667786,-0.2705128490924835
107,4,0,Manhattan (G),0.43680670857429504,0.47256848216056824,-0.03576177358627319
107,4,0,Manhattan (H),0.43680670857429504,0.17401611804962158,0.26279059052467346
121,4,0,Minkowski (P),0.7656071186065674,0.15322856605052948,0.6123785525560379
121,4,0,Minkowski (G),0.7656071186065674,0.19528727233409882,0.5703198462724686
121,4,0,Minkowski (H),0.7656071186065674,0.13758957386016846,0.6280175447463989
121,4,0,Euclidiana (P),0.7656071186065674,0.41666293144226074,0.34894418716430664
121,4,0,Euclidiana (G),0.7656071186065674,0.13866186141967773,0.6269452571868896
121,4,0,Euclidiana (H),0.7656071186065674,0.36471331119537354,0.40089380741119385
121,4,0,Manhattan (P),0.7656071186065674,0.3748362362384796,0.39077088236808777
121,4,0,Manhattan (G),0.7656071186065674,0.4023805558681488,0.3632265627384186
121,4,0,Manhattan (H),0.7656071186065674,0.3827238082885742,0.38288331031799316
7,5,0,Minkowski (P),0.8063996434211731,0.26925691962242126,0.5371427237987518
7,5,0,Minkowski (G),0.8063996434211731,0.3792792558670044,0.4271203875541687
7,5,0,Minkowski (H),0.8063996434211731,0.24153828620910645,0.5648613572120667
7,5,0,Euclidiana (P),0.8063996434211731,0.17643886804580688,0.6299607753753662
7,5,0,Euclidiana (G),0.8063996434211731,0.48441702127456665,0.32198262214660645
7,5,0,Euclidiana (H),0.8063996434211731,0.39898481965065,0.40741482377052307
7,5,0,Manhattan (P),0.8063996434211731,0.5379031300544739,0.2684965133666992
7,5,0,Manhattan (G),0.8063996434211731,0.8869979381561279,-0.08059829473495483
7,5,0,Manhattan (H),0.8063996434211731,0.9099206924438477,-0.10352104902267456
12,5,0,Minkowski (P),0.9872174859046936,0.2626476585865021,0.7245698273181915
12,5,0,Minkowski (G),0.9872174859046936,0.5193502902984619,0.4678671956062317
12,5,0,Minkowski (H),0.9872174859046936,0.4369557201862335,0.5502617657184601
12,5,0,Euclidiana (P),0.9872174859046936,0.34153270721435547,0.6456847786903381
12,5,0,Euclidiana (G),0.9872174859046936,0.5179358124732971,0.4692816734313965
12,5,0,Euclidiana (H),0.9872174859046936,0.5683675408363342,0.4188499450683594
12,5,0,Manhattan (P),0.9872174859046936,0.9229028224945068,0.06431466341018677
12,5,0,Manhattan (G),0.9872174859046936,0.9841278195381165,0.0030896663665771484
12,5,0,Manhattan (H),0.9872174859046936,0.980991780757904,0.006225705146789551
42,5,0,Minkowski (P),0.9697590470314026,0.3448769748210907,0.6248820722103119
42,5,0,Minkowski (G),0.9697590470314026,0.45322659611701965,0.5165324509143829
42,5,0,Minkowski (H),0.9697590470314026,0.6512778401374817,0.3184812068939209
42,5,0,Euclidiana (P),0.9697590470314026,0.5049683451652527,0.4647907018661499
42,5,0,Euclidiana (G),0.9697590470314026,0.7895625829696655,0.18019646406173706
42,5,0,Euclidiana (H),0.9697590470314026,0.7503485679626465,0.2194104790687561
42,5,0,Manhattan (P),0.9697590470314026,0.9453322291374207,0.024426817893981934
42,5,0,Manhattan (G),0.9697590470314026,0.9652963876724243,0.0044626593589782715
42,5,0,Manhattan (H),0.9697590470314026,0.9572609663009644,0.012498080730438232
65,5,0,Minkowski (P),0.9292259812355042,0.2671935260295868,0.6620324552059174
65,5,0,Minkowski (G),0.9292259812355042,0.4394287168979645,0.4897972643375397
65,5,0,Minkowski (H),0.9292259812355042,0.48382699489593506,0.4453989863395691
65,5,0,Euclidiana (P),0.9292259812355042,0.5600874423980713,0.36913853883743286
65,5,0,Euclidiana (G),0.9292259812355042,0.9280331134796143,0.0011928677558898926
65,5,0,Euclidiana (H),0.9292259812355042,0.7640132904052734,0.1652126908302307
65,5,0,Manhattan (P),0.9292259812355042,0.9092504382133484,0.01997554302215576
65,5,0,Manhattan (G),0.9292259812355042,0.9548677802085876,-0.025641798973083496
65,5,0,Manhattan (H),0.9292259812355042,0.9239709973335266,0.005254983901977539
87,5,0,Minkowski (P),0.8973433375358582,0.34826305508613586,0.5490802824497223
87,5,0,Minkowski (G),0.8973433375358582,0.6454732418060303,0.2518700957298279
87,5,0,Minkowski (H),0.8973433375358582,0.4651612341403961,0.43218210339546204
87,5,0,Euclidiana (P),0.8973433375358582,0.5386956930160522,0.3586476445198059
87,5,0,Euclidiana (G),0.8973433375358582,0.6148892045021057,0.28245413303375244
87,5,0,Euclidiana (H),0.8973433375358582,0.4339239299297333,0.4634194076061249
87,5,0,Manhattan (P),0.8973433375358582,0.7428894639015198,0.15445387363433838
87,5,0,Manhattan (G),0.8973433375358582,0.9212160110473633,-0.023872673511505127
87,5,0,Manhattan (H),0.8973433375358582,0.9685253500938416,-0.0711820125579834
93,5,0,Minkowski (P),0.9944233298301697,0.6847817301750183,0.30964159965515137
93,5,0,Minkowski (G),0.9944233298301697,0.47968533635139465,0.514737993478775
93,5,0,Minkowski (H),0.9944233298301697,0.34122514724731445,0.6531981825828552
93,5,0,Euclidiana (P),0.9944233298301697,0.22166824340820312,0.7727550864219666
93,5,0,Euclidiana (G),0.9944233298301697,0.6371800303459167,0.35724329948425293
93,5,0,Euclidiana (H),0.9944233298301697,0.6880266666412354,0.3063966631889343
93,5,0,Manhattan (P),0.9944233298301697,0.941729724407196,0.05269360542297363
93,5,0,Manhattan (G),0.9944233298301697,0.9924083948135376,0.00201493501663208
93,5,0,Manhattan (H),0.9944233298301697,0.988669753074646,0.005753576755523682
107,5,0,Minkowski (P),0.9899963140487671,0.3046998679637909,0.6852964460849762
107,5,0,Minkowski (G),0.9899963140487671,0.5041869282722473,0.4858093857765198
107,5,0,Minkowski (H),0.9899963140487671,0.5011720657348633,0.4888242483139038
107,5,0,Euclidiana (P),0.9899963140487671,0.5521127581596375,0.43788355588912964
107,5,0,Euclidiana (G),0.9899963140487671,0.982368528842926,0.0076277852058410645
107,5,0,Euclidiana (H),0.9899963140487671,0.7596707940101624,0.23032552003860474
107,5,0,Manhattan (P),0.9899963140487671,0.9613273739814758,0.02866894006729126
107,5,0,Manhattan (G),0.9899963140487671,0.9907068610191345,-0.0007105469703674316
107,5,0,Manhattan (H),0.9899963140487671,0.9951719641685486,-0.005175650119781494
121,5,0,Minkowski (P),0.9772820472717285,0.49071022868156433,0.4865718185901642
121,5,0,Minkowski (G),0.9772820472717285,0.42243677377700806,0.5548452734947205
121,5,0,Minkowski (H),0.9772820472717285,0.35203060507774353,0.625251442193985
121,5,0,Euclidiana (P),0.9772820472717285,0.33191585540771484,0.6453661918640137
121,5,0,Euclidiana (G),0.9772820472717285,0.8258340954780579,0.15144795179367065
121,5,0,Euclidiana (H),0.9772820472717285,0.22300311923027039,0.7542789280414581
121,5,0,Manhattan (P),0.9772820472717285,0.8757025003433228,0.10157954692840576
121,5,0,Manhattan (G),0.9772820472717285,0.9684139490127563,0.008868098258972168
121,5,0,Manhattan (H),0.9772820472717285,0.9803998470306396,-0.003117799758911133
7,6,0,Minkowski (P),0.8848743438720703,0.5066285133361816,0.37824583053588867
7,6,0,Minkowski (G),0.8848743438720703,0.5767731666564941,0.30810117721557617
7,6,0,Minkowski (H),0.8848743438720703,0.21230453252792358,0.6725698113441467
7,6,0,Euclidiana (P),0.8848743438720703,0.1760985553264618,0.7087757885456085
7,6,0,Euclidiana (G),0.8848743438720703,0.09192529320716858,0.7929490506649017
7,6,0,Euclidiana (H),0.8848743438720703,0.302694171667099,0.5821801722049713
7,6,0,Manhattan (P),0.8848743438720703,0.5603810548782349,0.32449328899383545
7,6,0,Manhattan (G),0.8848743438720703,0.5725585222244263,0.31231582164764404
7,6,0,Manhattan (H),0.8848743438720703,0.5014962553977966,0.3833780884742737
12,6,0,Minkowski (P),0.8432179689407349,0.35870280861854553,0.48451516032218933
12,6,0,Minkowski (G),0.8432179689407349,0.6678146123886108,0.17540335655212402
12,6,0,Minkowski (H),0.8432179689407349,0.18138553202152252,0.6618324369192123
12,6,0,Euclidiana (P),0.8432179689407349,0.20481060445308685,0.638407364487648
12,6,0,Euclidiana (G),0.8432179689407349,0.1391419917345047,0.7040759772062302
12,6,0,Euclidiana (H),0.8432179689407349,0.17173686623573303,0.6714811027050018
12,6,0,Manhattan (P),0.8432179689407349,0.541354775428772,0.3018631935119629
12,6,0,Manhattan (G),0.8432179689407349,0.6088168025016785,0.2344011664390564
12,6,0,Manhattan (H),0.8432179689407349,0.6676718592643738,0.17554610967636108
42,6,0,Minkowski (P),0.837003231048584,0.6799214482307434,0.15708178281784058
42,6,0,Minkowski (G),0.837003231048584,0.6763328313827515,0.16067039966583252
42,6,0,Minkowski (H),0.837003231048584,0.4765840470790863,0.3604191839694977
42,6,0,Euclidiana (P),0.837003231048584,0.2765525281429291,0.5604507029056549
42,6,0,Euclidiana (G),0.837003231048584,0.3638238310813904,0.4731793999671936
42,6,0,Euclidiana (H),0.837003231048584,0.2828550338745117,0.5541481971740723
42,6,0,Manhattan (P),0.837003231048584,0.2809678316116333,0.5560353994369507
42,6,0,Manhattan (G),0.837003231048584,0.7942101955413818,0.04279303550720215
42,6,0,Manhattan (H),0.837003231048584,0.6562057137489319,0.1807975172996521
65,6,0,Minkowski (P),0.8014488220214844,0.45650210976600647,0.3449467122554779
65,6,0,Minkowski (G),0.8014488220214844,0.7885556221008301,0.012893199920654297
65,6,0,Minkowski (H),0.8014488220214844,0.38544583320617676,0.4160029888153076
65,6,0,Euclidiana (P),0.8014488220214844,0.2343674898147583,0.5670813322067261
65,6,0,Euclidiana (G),0.8014488220214844,0.2923223078250885,0.5091265141963959
65,6,0,Euclidiana (H),0.8014488220214844,0.4396168291568756,0.36183199286460876
65,6,0,Manhattan (P),0.8014488220214844,0.4654802680015564,0.335968554019928
65,6,0,Manhattan (G),0.8014488220214844,0.6956246495246887,0.10582417249679565
65,6,0,Manhattan (H),0.8014488220214844,0.6966218948364258,0.1048269271850586
87,6,0,Minkowski (P),0.7842312455177307,0.6630391478538513,0.1211920976638794
87,6,0,Minkowski (G),0.7842312455177307,0.6759442090988159,0.1082870364189148
87,6,0,Minkowski (H),0.7842312455177307,0.22316616773605347,0.5610650777816772
87,6,0,Euclidiana (P),0.7842312455177307,0.3724973201751709,0.4117339253425598
87,6,0,Euclidiana (G),0.7842312455177307,0.33544132113456726,0.44878992438316345
87,6,0,Euclidiana (H),0.7842312455177307,0.3346634805202484,0.4495677649974823
87,6,0,Manhattan (P),0.7842312455177307,0.29044392704963684,0.49378731846809387
87,6,0,Manhattan (G),0.7842312455177307,0.6203698515892029,0.16386139392852783
87,6,0,Manhattan (H),0.7842312455177307,0.5683820247650146,0.21584922075271606
93,6,0,Minkowski (P),0.9686799049377441,0.856232225894928,0.11244767904281616
93,6,0,Minkowski (G),0.9686799049377441,0.8422420620918274,0.12643784284591675
93,6,0,Minkowski (H),0.9686799049377441,0.5558512210845947,0.4128286838531494
93,6,0,Euclidiana (P),0.9686799049377441,0.15060614049434662,0.8180737644433975
93,6,0,Euclidiana (G),0.9686799049377441,0.3062419593334198,0.6624379456043243
93,6,0,Euclidiana (H),0.9686799049377441,0.3306575119495392,0.638022392988205
93,6,0,Manhattan (P),0.9686799049377441,0.8831509947776794,0.0855289101600647
93,6,0,Manhattan (G),0.9686799049377441,0.8638775944709778,0.10480231046676636
93,6,0,Manhattan (H),0.9686799049377441,0.8896960616111755,0.0789838433265686
107,6,0,Minkowski (P),0.6752016544342041,0.1461341828107834,0.5290674716234207
107,6,0,Minkowski (G),0.6752016544342041,0.5111892819404602,0.1640123724937439
107,6,0,Minkowski (H),0.6752016544342041,0.311404824256897,0.36379683017730713
107,6,0,Euclidiana (P),0.6752016544342041,0.4229974150657654,0.2522042393684387
107,6,0,Euclidiana (G),0.6752016544342041,0.5064568519592285,0.16874480247497559
107,6,0,Euclidiana (H),0.6752016544342041,0.587149441242218,0.08805221319198608
107,6,0,Manhattan (P),0.6752016544342041,0.5896415114402771,0.085560142993927
107,6,0,Manhattan (G),0.6752016544342041,0.33953267335891724,0.33566898107528687
107,6,0,Manhattan (H),0.6752016544342041,0.36999523639678955,0.30520641803741455
121,6,0,Minkowski (P),0.9051113128662109,0.41602781414985657,0.48908349871635437
121,6,0,Minkowski (G),0.9051113128662109,0.35504430532455444,0.5500670075416565
121,6,0,Minkowski (H),0.9051113128662109,0.05458666384220123,0.8505246490240097
121,6,0,Euclidiana (P),0.9051113128662109,0.23342806100845337,0.6716832518577576
121,6,0,Euclidiana (G),0.9051113128662109,0.1808646023273468,0.7242467105388641
121,6,0,Euclidiana (H),0.9051113128662109,0.3080308437347412,0.5970804691314697
121,6,0,Manhattan (P),0.9051113128662109,0.49702686071395874,0.4080844521522522
121,6,0,Manhattan (G),0.9051113128662109,0.6555448770523071,0.2495664358139038
121,6,0,Manhattan (H),0.9051113128662109,0.7409014105796814,0.16420990228652954
7,7,0,Minkowski (P),0.9906120896339417,0.6993843913078308,0.29122769832611084
7,7,0,Minkowski (G),0.9906120896339417,0.6785930395126343,0.3120190501213074
7,7,0,Minkowski (H),0.9906120896339417,0.5564687848091125,0.4341433048248291
7,7,0,Euclidiana (P),0.9906120896339417,0.5345683693885803,0.45604372024536133
7,7,0,Euclidiana (G),0.9906120896339417,0.1565292775630951,0.8340828120708466
7,7,0,Euclidiana (H),0.9906120896339417,0.6535089612007141,0.33710312843322754
7,7,0,Manhattan (P),0.9906120896339417,0.8644710779190063,0.1261410117149353
7,7,0,Manhattan (G),0.9906120896339417,0.9186497330665588,0.07196235656738281
7,7,0,Manhattan (H),0.9906120896339417,0.9810050129890442,0.009607076644897461
12,7,0,Minkowski (P),0.9870898127555847,0.4443274140357971,0.5427623987197876
12,7,0,Minkowski (G),0.9870898127555847,0.7419322729110718,0.24515753984451294
12,7,0,Minkowski (H),0.9870898127555847,0.44598284363746643,0.5411069691181183
12,7,0,Euclidiana (P),0.9870898127555847,0.5095678567886353,0.47752195596694946
12,7,0,Euclidiana (G),0.9870898127555847,0.2461458146572113,0.7409439980983734
12,7,0,Euclidiana (H),0.9870898127555847,0.40571826696395874,0.581371545791626
12,7,0,Manhattan (P),0.9870898127555847,0.629413902759552,0.3576759099960327
12,7,0,Manhattan (G),0.9870898127555847,0.5996316075325012,0.3874582052230835
12,7,0,Manhattan (H),0.9870898127555847,0.9550867080688477,0.03200310468673706
42,7,0,Minkowski (P),0.9802899956703186,0.6709833741188049,0.30930662155151367
42,7,0,Minkowski (G),0.9802899956703186,0.8015199303627014,0.1787700653076172
42,7,0,Minkowski (H),0.9802899956703186,0.7820610404014587,0.19822895526885986
42,7,0,Euclidiana (P),0.9802899956703186,0.6687602996826172,0.3115296959877014
42,7,0,Euclidiana (G),0.9802899956703186,0.48249655961990356,0.49779343605041504
42,7,0,Euclidiana (H),0.9802899956703186,0.5145980715751648,0.4656919240951538
42,7,0,Manhattan (P),0.9802899956703186,0.7208376526832581,0.25945234298706055
42,7,0,Manhattan (G),0.9802899956703186,0.8616405129432678,0.11864948272705078
42,7,0,Manhattan (H),0.9802899956703186,0.9603946208953857,0.01989537477493286
65,7,0,Minkowski (P),0.9860240817070007,0.6756005883216858,0.31042349338531494
65,7,0,Minkowski (G),0.9860240817070007,0.8136003017425537,0.17242377996444702
65,7,0,Minkowski (H),0.9860240817070007,0.4680323600769043,0.5179917216300964
65,7,0,Euclidiana (P),0.9860240817070007,0.6326968669891357,0.353327214717865
65,7,0,Euclidiana (G),0.9860240817070007,0.7993181347846985,0.18670594692230225
65,7,0,Euclidiana (H),0.9860240817070007,0.6091786026954651,0.37684547901153564
65,7,0,Manhattan (P),0.9860240817070007,0.9238524436950684,0.06217163801193237
65,7,0,Manhattan (G),0.9860240817070007,0.938021719455719,0.04800236225128174
65,7,0,Manhattan (H),0.9860240817070007,0.9808416366577148,0.005182445049285889
87,7,0,Minkowski (P),0.9645271897315979,0.5617855787277222,0.40274161100387573
87,7,0,Minkowski (G),0.9645271897315979,0.8561621308326721,0.10836505889892578
87,7,0,Minkowski (H),0.9645271897315979,0.5980043411254883,0.3665228486061096
87,7,0,Euclidiana (P),0.9645271897315979,0.6497765183448792,0.31475067138671875
87,7,0,Euclidiana (G),0.9645271897315979,0.5225149989128113,0.4420121908187866
87,7,0,Euclidiana (H),0.9645271897315979,0.49089041352272034,0.47363677620887756
87,7,0,Manhattan (P),0.9645271897315979,0.8121368885040283,0.15239030122756958
87,7,0,Manhattan (G),0.9645271897315979,0.8672604560852051,0.09726673364639282
87,7,0,Manhattan (H),0.9645271897315979,0.964947521686554,-0.0004203319549560547
93,7,0,Minkowski (P),0.9984501600265503,0.7961633801460266,0.20228677988052368
93,7,0,Minkowski (G),0.9984501600265503,0.7446668744087219,0.25378328561782837
93,7,0,Minkowski (H),0.9984501600265503,0.7011025547981262,0.2973476052284241
93,7,0,Euclidiana (P),0.9984501600265503,0.6513164639472961,0.34713369607925415
93,7,0,Euclidiana (G),0.9984501600265503,0.3442949950695038,0.6541551649570465
93,7,0,Euclidiana (H),0.9984501600265503,0.6179969310760498,0.3804532289505005
93,7,0,Manhattan (P),0.9984501600265503,0.9446406960487366,0.05380946397781372
93,7,0,Manhattan (G),0.9984501600265503,0.9751837849617004,0.023266375064849854
93,7,0,Manhattan (H),0.9984501600265503,0.9948221445083618,0.0036280155181884766
107,7,0,Minkowski (P),0.9984555244445801,0.6022107601165771,0.39624476432800293
107,7,0,Minkowski (G),0.9984555244445801,0.8367133140563965,0.1617422103881836
107,7,0,Minkowski (H),0.9984555244445801,0.6540982127189636,0.34435731172561646
107,7,0,Euclidiana (P),0.9984555244445801,0.7430139183998108,0.2554416060447693
107,7,0,Euclidiana (G),0.9984555244445801,0.8992983102798462,0.09915721416473389
107,7,0,Euclidiana (H),0.9984555244445801,0.6224973797798157,0.3759581446647644
107,7,0,Manhattan (P),0.9984555244445801,0.9715576767921448,0.026897847652435303
107,7,0,Manhattan (G),0.9984555244445801,0.9711772799491882,0.027278244495391846
107,7,0,Manhattan (H),0.9984555244445801,0.9953617453575134,0.0030937790870666504
121,7,0,Minkowski (P),0.9856399297714233,0.4813440442085266,0.5042958855628967
121,7,0,Minkowski (G),0.9856399297714233,0.6833359003067017,0.3023040294647217
121,7,0,Minkowski (H),0.9856399297714233,0.5543647408485413,0.4312751889228821
121,7,0,Euclidiana (P),0.9856399297714233,0.5085187554359436,0.47712117433547974
121,7,0,Euclidiana (G),0.9856399297714233,0.20048052072525024,0.7851594090461731
121,7,0,Euclidiana (H),0.9856399297714233,0.3128315210342407,0.6728084087371826
121,7,0,Manhattan (P),0.9856399297714233,0.5806369185447693,0.40500301122665405
121,7,0,Manhattan (G),0.9856399297714233,0.8019223809242249,0.1837175488471985
121,7,0,Manhattan (H),0.9856399297714233,0.9625715613365173,0.023068368434906006
7,8,0,Minkowski (P),0.9916262626647949,0.37175777554512024,0.6198684871196747
7,8,0,Minkowski (G),0.9916262626647949,0.39708468317985535,0.5945415794849396
7,8,0,Minkowski (H),0.9916262626647949,0.24138997495174408,0.7502362877130508
7,8,0,Euclidiana (P),0.9916262626647949,0.14420178532600403,0.8474244773387909
7,8,0,Euclidiana (G),0.9916262626647949,0.1727573126554489,0.818868950009346
7,8,0,Euclidiana (H),0.9916262626647949,0.3145750164985657,0.6770512461662292
7,8,0,Manhattan (P),0.9916262626647949,0.40471622347831726,0.5869100391864777
7,8,0,Manhattan (G),0.9916262626647949,0.5928325057029724,0.3987937569618225
7,8,0,Manhattan (H),0.9916262626647949,0.8302797079086304,0.16134655475616455
12,8,0,Minkowski (P),0.993517279624939,0.2194635570049286,0.7740537226200104
12,8,0,Minkowski (G),0.993517279624939,0.22894982993602753,0.7645674496889114
12,8,0,Minkowski (H),0.993517279624939,0.22510430216789246,0.7684129774570465
12,8,0,Euclidiana (P),0.993517279624939,0.3130819797515869,0.680435299873352
12,8,0,Euclidiana (G),0.993517279624939,0.40920671820640564,0.5843105614185333
12,8,0,Euclidiana (H),0.993517279624939,0.45381948351860046,0.5396977961063385
12,8,0,Manhattan (P),0.993517279624939,0.8492832779884338,0.14423400163650513
12,8,0,Manhattan (G),0.993517279624939,0.9313076138496399,0.06220966577529907
12,8,0,Manhattan (H),0.993517279624939,0.9745293259620667,0.018987953662872314
42,8,0,Minkowski (P),0.9064918160438538,0.20554159581661224,0.7009502202272415
42,8,0,Minkowski (G),0.9064918160438538,0.20199383795261383,0.7044979780912399
42,8,0,Minkowski (H),0.9064918160438538,0.25655511021614075,0.649936705827713
42,8,0,Euclidiana (P),0.9064918160438538,0.32047951221466064,0.5860123038291931
42,8,0,Euclidiana (G),0.9064918160438538,0.3943009376525879,0.5121908783912659
42,8,0,Euclidiana (H),0.9064918160438538,0.44988590478897095,0.4566059112548828
42,8,0,Manhattan (P),0.9064918160438538,0.5518180727958679,0.35467374324798584
42,8,0,Manhattan (G),0.9064918160438538,0.6418817639350891,0.26461005210876465
42,8,0,Manhattan (H),0.9064918160438538,0.8179076313972473,0.08858418464660645
65,8,0,Minkowski (P),0.9399184584617615,0.21141740679740906,0.7285010516643524
65,8,0,Minkowski (G),0.9399184584617615,0.2953232228755951,0.6445952355861664
65,8,0,Minkowski (H),0.9399184584617615,0.19766901433467865,0.7422494441270828
65,8,0,Euclidiana (P),0.9399184584617615,0.20561285316944122,0.7343056052923203
65,8,0,Euclidiana (G),0.9399184584617615,0.7472071647644043,0.19271129369735718
65,8,0,Euclidiana (H),0.9399184584617615,0.7762123942375183,0.16370606422424316
65,8,0,Manhattan (P),0.9399184584617615,0.5949319005012512,0.34498655796051025
65,8,0,Manhattan (G),0.9399184584617615,0.7497710585594177,0.19014739990234375
65,8,0,Manhattan (H),0.9399184584617615,0.8390492796897888,0.10086917877197266
87,8,0,Minkowski (P),0.4889129102230072,0.33479976654052734,0.15411314368247986
87,8,0,Minkowski (G),0.4889129102230072,0.47204679250717163,0.01686611771583557
87,8,0,Minkowski (H),0.4889129102230072,0.17106366157531738,0.3178492486476898
87,8,0,Euclidiana (P),0.4889129102230072,0.14113813638687134,0.34777477383613586
87,8,0,Euclidiana (G),0.4889129102230072,0.2105512022972107,0.2783617079257965
87,8,0,Euclidiana (H),0.4889129102230072,0.2255287915468216,0.2633841186761856
87,8,0,Manhattan (P),0.4889129102230072,0.2870416045188904,0.20187130570411682
87,8,0,Manhattan (G),0.4889129102230072,0.2519007921218872,0.23701211810112
87,8,0,Manhattan (H),0.4889129102230072,0.3013116717338562,0.187601238489151
93,8,0,Minkowski (P),0.9774192571640015,0.24696451425552368,0.7304547429084778
93,8,0,Minkowski (G),0.9774192571640015,0.18412552773952484,0.7932937294244766
93,8,0,Minkowski (H),0.9774192571640015,0.12270073592662811,0.8547185212373734
93,8,0,Euclidiana (P),0.9774192571640015,0.050452135503292084,0.9269671216607094
93,8,0,Euclidiana (G),0.9774192571640015,0.3342146873474121,0.6432045698165894
93,8,0,Euclidiana (H),0.9774192571640015,0.5037885308265686,0.47363072633743286
93,8,0,Manhattan (P),0.9774192571640015,0.7476925253868103,0.22972673177719116
93,8,0,Manhattan (G),0.9774192571640015,0.6605132222175598,0.31690603494644165
93,8,0,Manhattan (H),0.9774192571640015,0.8703598380088806,0.10705941915512085
107,8,0,Minkowski (P),0.9796999096870422,0.047649744898080826,0.9320501647889614
107,8,0,Minkowski (G),0.9796999096870422,0.21063509583473206,0.7690648138523102
107,8,0,Minkowski (H),0.9796999096870422,0.14382925629615784,0.8358706533908844
107,8,0,Euclidiana (P),0.9796999096870422,0.45706814527511597,0.5226317644119263
107,8,0,Euclidiana (G),0.9796999096870422,0.9338688850402832,0.04583102464675903
107,8,0,Euclidiana (H),0.9796999096870422,0.8080106377601624,0.17168927192687988
107,8,0,Manhattan (P),0.9796999096870422,0.8709317445755005,0.10876816511154175
107,8,0,Manhattan (G),0.9796999096870422,0.892099142074585,0.08760076761245728
107,8,0,Manhattan (H),0.9796999096870422,0.978195309638977,0.0015046000480651855
121,8,0,Minkowski (P),0.9870433211326599,0.14660625159740448,0.8404370695352554
121,8,0,Minkowski (G),0.9870433211326599,0.23920786380767822,0.7478354573249817
121,8,0,Minkowski (H),0.9870433211326599,0.11127988249063492,0.875763438642025
121,8,0,Euclidiana (P),0.9870433211326599,0.339739054441452,0.6473042666912079
121,8,0,Euclidiana (G),0.9870433211326599,0.524766743183136,0.4622765779495239
121,8,0,Euclidiana (H),0.9870433211326599,0.6197965145111084,0.3672468066215515
121,8,0,Manhattan (P),0.9870433211326599,0.4434989094734192,0.5435444116592407
121,8,0,Manhattan (G),0.9870433211326599,0.7154553532600403,0.27158796787261963
121,8,0,Manhattan (H),0.9870433211326599,0.9029175639152527,0.08412575721740723
7,9,0,Minkowski (P),0.9130146503448486,0.23864899575710297,0.6743656545877457
7,9,0,Minkowski (G),0.9130146503448486,0.28127601742744446,0.6317386329174042
7,9,0,Minkowski (H),0.9130146503448486,0.1428598314523697,0.7701548188924789
7,9,0,Euclidiana (P),0.9130146503448486,0.10768838226795197,0.8053262680768967
7,9,0,Euclidiana (G),0.9130146503448486,0.11893253028392792,0.7940821200609207
7,9,0,Euclidiana (H),0.9130146503448486,0.15914885699748993,0.7538657933473587
7,9,0,Manhattan (P),0.9130146503448486,0.41559192538261414,0.4974227249622345
7,9,0,Manhattan (G),0.9130146503448486,0.6899786591529846,0.223035991191864
7,9,0,Manhattan (H),0.9130146503448486,0.765598475933075,0.14741617441177368
12,9,0,Minkowski (P),0.9733073711395264,0.16364453732967377,0.8096628338098526
12,9,0,Minkowski (G),0.9733073711395264,0.18096967041492462,0.7923377007246017
12,9,0,Minkowski (H),0.9733073711395264,0.23924167454242706,0.7340656965970993
12,9,0,Euclidiana (P),0.9733073711395264,0.17473052442073822,0.7985768467187881
12,9,0,Euclidiana (G),0.9733073711395264,0.14530761539936066,0.8279997557401657
12,9,0,Euclidiana (H),0.9733073711395264,0.1721879541873932,0.8011194169521332
12,9,0,Manhattan (P),0.9733073711395264,0.6569350361824036,0.3163723349571228
12,9,0,Manhattan (G),0.9733073711395264,0.8364157676696777,0.13689160346984863
12,9,0,Manhattan (H),0.9733073711395264,0.9217764139175415,0.05153095722198486
42,9,0,Minkowski (P),0.8072971105575562,0.449039489030838,0.35825762152671814
42,9,0,Minkowski (G),0.8072971105575562,0.3073320686817169,0.49996504187583923
42,9,0,Minkowski (H),0.8072971105575562,0.4820637106895447,0.3252333998680115
42,9,0,Euclidiana (P),0.8072971105575562,0.18527869880199432,0.6220184117555618
42,9,0,Euclidiana (G),0.8072971105575562,0.5210838913917542,0.286213219165802
42,9,0,Euclidiana (H),0.8072971105575562,0.3837100863456726,0.42358702421188354
42,9,0,Manhattan (P),0.8072971105575562,0.5135816335678101,0.2937154769897461
42,9,0,Manhattan (G),0.8072971105575562,0.7654327750205994,0.04186433553695679
42,9,0,Manhattan (H),0.8072971105575562,0.7773133516311646,0.0299837589263916
65,9,0,Minkowski (P),0.8445583581924438,0.2548407316207886,0.5897176265716553
65,9,0,Minkowski (G),0.8445583581924438,0.3756062686443329,0.46895208954811096
65,9,0,Minkowski (H),0.8445583581924438,0.4947238862514496,0.34983447194099426
65,9,0,Euclidiana (P),0.8445583581924438,0.24596303701400757,0.5985953211784363
65,9,0,Euclidiana (G),0.8445583581924438,0.414396733045578,0.43016162514686584
65,9,0,Euclidiana (H),0.8445583581924438,0.4516855776309967,0.39287278056144714
65,9,0,Manhattan (P),0.8445583581924438,0.6574633717536926,0.18709498643875122
65,9,0,Manhattan (G),0.8445583581924438,0.7415526509284973,0.10300570726394653
65,9,0,Manhattan (H),0.8445583581924438,0.6608104109764099,0.18374794721603394
87,9,0,Minkowski (P),0.40741196274757385,0.40012088418006897,0.007291078567504883
87,9,0,Minkowski (G),0.40741196274757385,0.45490533113479614,-0.04749336838722229
87,9,0,Minkowski (H),0.40741196274757385,0.1837499737739563,0.22366198897361755
87,9,0,Euclidiana (P),0.40741196274757385,0.0871535912156105,0.32025837153196335
87,9,0,Euclidiana (G),0.40741196274757385,0.2502155303955078,0.15719643235206604
87,9,0,Euclidiana (H),0.40741196274757385,0.21145781874656677,0.19595414400100708
87,9,0,Manhattan (P),0.40741196274757385,0.219299778342247,0.18811218440532684
87,9,0,Manhattan (G),0.40741196274757385,0.3433131277561188,0.06409883499145508
87,9,0,Manhattan (H),0.40741196274757385,0.3952893316745758,0.012122631072998047
93,9,0,Minkowski (P),0.9837794899940491,0.6382766366004944,0.3455028533935547
93,9,0,Minkowski (G),0.9837794899940491,0.3710889220237732,0.6126905679702759
93,9,0,Minkowski (H),0.9837794899940491,0.34062671661376953,0.6431527733802795
93,9,0,Euclidiana (P),0.9837794899940491,0.06279700994491577,0.9209824800491333
93,9,0,Euclidiana (G),0.9837794899940491,0.1264847069978714,0.8572947829961777
93,9,0,Euclidiana (H),0.9837794899940491,0.266320139169693,0.7174593508243561
93,9,0,Manhattan (P),0.9837794899940491,0.7521718740463257,0.2316076159477234
93,9,0,Manhattan (G),0.9837794899940491,0.8542323112487793,0.12954717874526978
93,9,0,Manhattan (H),0.9837794899940491,0.9169348478317261,0.066844642162323
107,9,0,Minkowski (P),0.9636135697364807,0.08838333189487457,0.8752302378416061
107,9,0,Minkowski (G),0.9636135697364807,0.3371812105178833,0.6264323592185974
107,9,0,Minkowski (H),0.9636135697364807,0.2534586489200592,0.7101549208164215
107,9,0,Euclidiana (P),0.9636135697364807,0.4514138102531433,0.5121997594833374
107,9,0,Euclidiana (G),0.9636135697364807,0.8090736269950867,0.15453994274139404
107,9,0,Euclidiana (H),0.9636135697364807,0.7814565896987915,0.1821569800376892
107,9,0,Manhattan (P),0.9636135697364807,0.7725385427474976,0.19107502698898315
107,9,0,Manhattan (G),0.9636135697364807,0.8325320482254028,0.13108152151107788
107,9,0,Manhattan (H),0.9636135697364807,0.8695085644721985,0.09410500526428223
121,9,0,Minkowski (P),0.809056282043457,0.1635981798171997,0.6454581022262573
121,9,0,Minkowski (G),0.809056282043457,0.1263877898454666,0.6826684921979904
121,9,0,Minkowski (H),0.809056282043457,0.08017303049564362,0.7288832515478134
121,9,0,Euclidiana (P),0.809056282043457,0.22766225039958954,0.5813940316438675
121,9,0,Euclidiana (G),0.809056282043457,0.20760726928710938,0.6014490127563477
121,9,0,Euclidiana (H),0.809056282043457,0.40781858563423157,0.40123769640922546
121,9,0,Manhattan (P),0.809056282043457,0.2597166895866394,0.5493395924568176
121,9,0,Manhattan (G),0.809056282043457,0.5234054327011108,0.2856508493423462
121,9,0,Manhattan (H),0.809056282043457,0.7032073736190796,0.10584890842437744
7,10,0,Minkowski (P),0.37410420179367065,0.26018378138542175,0.1139204204082489
7,10,0,Minkowski (G),0.37410420179367065,0.2656620144844055,0.10844218730926514
7,10,0,Minkowski (H),0.37410420179367065,0.48607879877090454,-0.11197459697723389
7,10,0,Euclidiana (P),0.37410420179367065,0.15810799598693848,0.21599620580673218
7,10,0,Euclidiana (G),0.37410420179367065,0.09714659303426743,0.27695760875940323
7,10,0,Euclidiana (H),0.37410420179367065,0.07986537367105484,0.2942388281226158
7,10,0,Manhattan (P),0.37410420179367065,0.20664618909358978,0.16745801270008087
7,10,0,Manhattan (G),0.37410420179367065,0.5358211994171143,-0.1617169976234436
7,10,0,Manhattan (H),0.37410420179367065,0.40202584862709045,-0.0279216468334198
12,10,0,Minkowski (P),0.7748234868049622,0.34518539905548096,0.4296380877494812
12,10,0,Minkowski (G),0.7748234868049622,0.57854825258255,0.1962752342224121
12,10,0,Minkowski (H),0.7748234868049622,0.5565431714057922,0.21828031539916992
12,10,0,Euclidiana (P),0.7748234868049622,0.3622841536998749,0.4125393331050873
12,10,0,Euclidiana (G),0.7748234868049622,0.2976820468902588,0.47714143991470337
12,10,0,Euclidiana (H),0.7748234868049622,0.24329735338687897,0.5315261334180832
12,10,0,Manhattan (P),0.7748234868049622,0.44498732686042786,0.3298361599445343
12,10,0,Manhattan (G),0.7748234868049622,0.7853352427482605,-0.01051175594329834
12,10,0,Manhattan (H),0.7748234868049622,0.6643885374069214,0.11043494939804077
42,10,0,Minkowski (P),0.7897835969924927,0.572251558303833,0.21753203868865967
42,10,0,Minkowski (G),0.7897835969924927,0.5544180870056152,0.23536550998687744
42,10,0,Minkowski (H),0.7897835969924927,0.7809212803840637,0.008862316608428955
42,10,0,Euclidiana (P),0.7897835969924927,0.6693277359008789,0.12045586109161377
42,10,0,Euclidiana (G),0.7897835969924927,0.41188687086105347,0.3778967261314392
42,10,0,Euclidiana (H),0.7897835969924927,0.419619083404541,0.37016451358795166
42,10,0,Manhattan (P),0.7897835969924927,0.7294180393218994,0.06036555767059326
42,10,0,Manhattan (G),0.7897835969924927,0.8297848701477051,-0.0400012731552124
42,10,0,Manhattan (H),0.7897835969924927,0.8146368265151978,-0.024853229522705078
65,10,0,Minkowski (P),0.7418829798698425,0.3216687738895416,0.4202142059803009
65,10,0,Minkowski (G),0.7418829798698425,0.6431946754455566,0.09868830442428589
65,10,0,Minkowski (H),0.7418829798698425,0.6549363136291504,0.08694666624069214
65,10,0,Euclidiana (P),0.7418829798698425,0.7528226971626282,-0.010939717292785645
65,10,0,Euclidiana (G),0.7418829798698425,0.7373270988464355,0.004555881023406982
65,10,0,Euclidiana (H),0.7418829798698425,0.5397525429725647,0.20213043689727783
65,10,0,Manhattan (P),0.7418829798698425,0.5837283134460449,0.1581546664237976
65,10,0,Manhattan (G),0.7418829798698425,0.8381293416023254,-0.09624636173248291
65,10,0,Manhattan (H),0.7418829798698425,0.6660962104797363,0.0757867693901062
87,10,0,Minkowski (P),0.6367782354354858,0.6357645988464355,0.001013636589050293
87,10,0,Minkowski (G),0.6367782354354858,0.7217342853546143,-0.08495604991912842
87,10,0,Minkowski (H),0.6367782354354858,0.6230939030647278,0.013684332370758057
87,10,0,Euclidiana (P),0.6367782354354858,0.4993980824947357,0.13738015294075012
87,10,0,Euclidiana (G),0.6367782354354858,0.33958184719085693,0.2971963882446289
87,10,0,Euclidiana (H),0.6367782354354858,0.2008999139070511,0.43587832152843475
87,10,0,Manhattan (P),0.6367782354354858,0.35755249857902527,0.27922573685646057
87,10,0,Manhattan (G),0.6367782354354858,0.5542913675308228,0.08248686790466309
87,10,0,Manhattan (H),0.6367782354354858,0.7914190888404846,-0.15464085340499878
93,10,0,Minkowski (P),0.7864409685134888,0.8067448735237122,-0.02030390501022339
93,10,0,Minkowski (G),0.7864409685134888,0.6196736693382263,0.16676729917526245
93,10,0,Minkowski (H),0.7864409685134888,0.5898579359054565,0.19658303260803223
93,10,0,Euclidiana (P),0.7864409685134888,0.47905829548835754,0.3073826730251312
93,10,0,Euclidiana (G),0.7864409685134888,0.3470962941646576,0.4393446743488312
93,10,0,Euclidiana (H),0.7864409685134888,0.22684717178344727,0.5595937967300415
93,10,0,Manhattan (P),0.7864409685134888,0.5512660145759583,0.23517495393753052
93,10,0,Manhattan (G),0.7864409685134888,0.8165806531906128,-0.030139684677124023
93,10,0,Manhattan (H),0.7864409685134888,0.7407920360565186,0.045648932456970215
107,10,0,Minkowski (P),0.8356996178627014,0.4485218822956085,0.3871777355670929
107,10,0,Minkowski (G),0.8356996178627014,0.3904448449611664,0.44525477290153503
107,10,0,Minkowski (H),0.8356996178627014,0.7932999730110168,0.04239964485168457
107,10,0,Euclidiana (P),0.8356996178627014,0.6871507167816162,0.1485489010810852
107,10,0,Euclidiana (G),0.8356996178627014,0.7602553963661194,0.07544422149658203
107,10,0,Euclidiana (H),0.8356996178627014,0.30788731575012207,0.5278123021125793
107,10,0,Manhattan (P),0.8356996178627014,0.5887846350669861,0.24691498279571533
107,10,0,Manhattan (G),0.8356996178627014,0.8474383354187012,-0.011738717555999756
107,10,0,Manhattan (H),0.8356996178627014,0.8269869089126587,0.008712708950042725
121,10,0,Minkowski (P),0.6851592659950256,0.520252525806427,0.16490674018859863
121,10,0,Minkowski (G),0.6851592659950256,0.37893781065940857,0.30622145533561707
121,10,0,Minkowski (H),0.6851592659950256,0.6121775507926941,0.07298171520233154
121,10,0,Euclidiana (P),0.6851592659950256,0.5700806975364685,0.11507856845855713
121,10,0,Euclidiana (G),0.6851592659950256,0.21404291689395905,0.4711163491010666
121,10,0,Euclidiana (H),0.6851592659950256,0.03767826035618782,0.6474810056388378
121,10,0,Manhattan (P),0.6851592659950256,0.22438772022724152,0.4607715457677841
121,10,0,Manhattan (G),0.6851592659950256,0.6821854114532471,0.0029738545417785645
121,10,0,Manhattan (H),0.6851592659950256,0.6659184694290161,0.01924079656600952
7,11,0,Minkowski (P),0.9913433790206909,0.9387229681015015,0.05262041091918945
7,11,0,Minkowski (G),0.9913433790206909,0.933975338935852,0.05736804008483887
7,11,0,Minkowski (H),0.9913433790206909,0.5948302745819092,0.39651310443878174
7,11,0,Euclidiana (P),0.9913433790206909,0.5959351062774658,0.3954082727432251
7,11,0,Euclidiana (G),0.9913433790206909,0.17653070390224457,0.8148126751184464
7,11,0,Euclidiana (H),0.9913433790206909,0.5930794477462769,0.39826393127441406
7,11,0,Manhattan (P),0.9913433790206909,0.7537539005279541,0.23758947849273682
7,11,0,Manhattan (G),0.9913433790206909,0.8040323853492737,0.18731099367141724
7,11,0,Manhattan (H),0.9913433790206909,0.9004952907562256,0.09084808826446533
12,11,0,Minkowski (P),0.9803227186203003,0.7234224677085876,0.25690025091171265
12,11,0,Minkowski (G),0.9803227186203003,0.7542359232902527,0.2260867953300476
12,11,0,Minkowski (H),0.9803227186203003,0.28229981660842896,0.6980229020118713
12,11,0,Euclidiana (P),0.9803227186203003,0.3074193596839905,0.6729033589363098
12,11,0,Euclidiana (G),0.9803227186203003,0.22784648835659027,0.75247623026371
12,11,0,Euclidiana (H),0.9803227186203003,0.3355412185192108,0.6447815001010895
12,11,0,Manhattan (P),0.9803227186203003,0.7849625945091248,0.19536012411117554
12,11,0,Manhattan (G),0.9803227186203003,0.8228084444999695,0.1575142741203308
12,11,0,Manhattan (H),0.9803227186203003,0.8856586217880249,0.09466409683227539
42,11,0,Minkowski (P),0.9782747030258179,0.8287796974182129,0.14949500560760498
42,11,0,Minkowski (G),0.9782747030258179,0.8221979141235352,0.15607678890228271
42,11,0,Minkowski (H),0.9782747030258179,0.7695115208625793,0.20876318216323853
42,11,0,Euclidiana (P),0.9782747030258179,0.5990731716156006,0.3792015314102173
42,11,0,Euclidiana (G),0.9782747030258179,0.5670414566993713,0.41123324632644653
42,11,0,Euclidiana (H),0.9782747030258179,0.8205598592758179,0.15771484375
42,11,0,Manhattan (P),0.9782747030258179,0.9146087169647217,0.06366598606109619
42,11,0,Manhattan (G),0.9782747030258179,0.935762345790863,0.042512357234954834
42,11,0,Manhattan (H),0.9782747030258179,0.937314510345459,0.04096019268035889
65,11,0,Minkowski (P),0.9791432619094849,0.8694797158241272,0.10966354608535767
65,11,0,Minkowski (G),0.9791432619094849,0.8174241781234741,0.16171908378601074
65,11,0,Minkowski (H),0.9791432619094849,0.5934973955154419,0.38564586639404297
65,11,0,Euclidiana (P),0.9791432619094849,0.5060257315635681,0.47311753034591675
65,11,0,Euclidiana (G),0.9791432619094849,0.7111462950706482,0.26799696683883667
65,11,0,Euclidiana (H),0.9791432619094849,0.8378049731254578,0.1413382887840271
65,11,0,Manhattan (P),0.9791432619094849,0.8488032817840576,0.13033998012542725
65,11,0,Manhattan (G),0.9791432619094849,0.8969530463218689,0.08219021558761597
65,11,0,Manhattan (H),0.9791432619094849,0.8961037993431091,0.08303946256637573
87,11,0,Minkowski (P),0.9719884991645813,0.6358452439308167,0.33614325523376465
87,11,0,Minkowski (G),0.9719884991645813,0.9006056785583496,0.07138282060623169
87,11,0,Minkowski (H),0.9719884991645813,0.7625679969787598,0.20942050218582153
87,11,0,Euclidiana (P),0.9719884991645813,0.6407284736633301,0.3312600255012512
87,11,0,Euclidiana (G),0.9719884991645813,0.6713173985481262,0.3006711006164551
87,11,0,Euclidiana (H),0.9719884991645813,0.772053599357605,0.19993489980697632
87,11,0,Manhattan (P),0.9719884991645813,0.8807845711708069,0.09120392799377441
87,11,0,Manhattan (G),0.9719884991645813,0.8971859812736511,0.07480251789093018
87,11,0,Manhattan (H),0.9719884991645813,0.9194887280464172,0.05249977111816406
93,11,0,Minkowski (P),0.9957600235939026,0.9439319372177124,0.051828086376190186
93,11,0,Minkowski (G),0.9957600235939026,0.8816702961921692,0.1140897274017334
93,11,0,Minkowski (H),0.9957600235939026,0.6821117997169495,0.3136482238769531
93,11,0,Euclidiana (P),0.9957600235939026,0.4759660065174103,0.5197940170764923
93,11,0,Euclidiana (G),0.9957600235939026,0.45179247856140137,0.5439675450325012
93,11,0,Euclidiana (H),0.9957600235939026,0.7976162433624268,0.19814378023147583
93,11,0,Manhattan (P),0.9957600235939026,0.8869989514350891,0.10876107215881348
93,11,0,Manhattan (G),0.9957600235939026,0.9475448727607727,0.04821515083312988
93,11,0,Manhattan (H),0.9957600235939026,0.959941565990448,0.03581845760345459
107,11,0,Minkowski (P),0.9985412359237671,0.870749831199646,0.1277914047241211
107,11,0,Minkowski (G),0.9985412359237671,0.8749532103538513,0.12358802556991577
107,11,0,Minkowski (H),0.9985412359237671,0.8452361822128296,0.1533050537109375
107,11,0,Euclidiana (P),0.9985412359237671,0.7649982571601868,0.23354297876358032
107,11,0,Euclidiana (G),0.9985412359237671,0.9154421091079712,0.0830991268157959
107,11,0,Euclidiana (H),0.9985412359237671,0.8863653540611267,0.11217588186264038
107,11,0,Manhattan (P),0.9985412359237671,0.9823424220085144,0.016198813915252686
107,11,0,Manhattan (G),0.9985412359237671,0.9613085389137268,0.03723269701004028
107,11,0,Manhattan (H),0.9985412359237671,0.9809704422950745,0.017570793628692627
121,11,0,Minkowski (P),0.9858065247535706,0.7633841633796692,0.22242236137390137
121,11,0,Minkowski (G),0.9858065247535706,0.7969271540641785,0.1888793706893921
121,11,0,Minkowski (H),0.9858065247535706,0.5713400840759277,0.4144664406776428
121,11,0,Euclidiana (P),0.9858065247535706,0.5358690619468689,0.44993746280670166
121,11,0,Euclidiana (G),0.9858065247535706,0.25921958684921265,0.7265869379043579
121,11,0,Euclidiana (H),0.9858065247535706,0.6531133651733398,0.3326931595802307
121,11,0,Manhattan (P),0.9858065247535706,0.8634541034698486,0.12235242128372192
121,11,0,Manhattan (G),0.9858065247535706,0.8418814539909363,0.14392507076263428
121,11,0,Manhattan (H),0.9858065247535706,0.9005874395370483,0.08521908521652222
7,12,0,Minkowski (P),0.8063947558403015,0.30182594060897827,0.5045688152313232
7,12,0,Minkowski (G),0.8063947558403015,0.7019246816635132,0.10447007417678833
7,12,0,Minkowski (H),0.8063947558403015,0.20508426427841187,0.6013104915618896
7,12,0,Euclidiana (P),0.8063947558403015,0.20312291383743286,0.6032718420028687
7,12,0,Euclidiana (G),0.8063947558403015,0.11988554149866104,0.6865092143416405
7,12,0,Euclidiana (H),0.8063947558403015,0.5232582688331604,0.2831364870071411
7,12,0,Manhattan (P),0.8063947558403015,0.7176756262779236,0.08871912956237793
7,12,0,Manhattan (G),0.8063947558403015,0.7710802555084229,0.03531450033187866
7,12,0,Manhattan (H),0.8063947558403015,0.6795541048049927,0.12684065103530884
12,12,0,Minkowski (P),0.7726885080337524,0.08861025422811508,0.6840782538056374
12,12,0,Minkowski (G),0.7726885080337524,0.36926519870758057,0.4034233093261719
12,12,0,Minkowski (H),0.7726885080337524,0.09686828404664993,0.6758202239871025
12,12,0,Euclidiana (P),0.7726885080337524,0.24205927550792694,0.5306292325258255
12,12,0,Euclidiana (G),0.7726885080337524,0.16705109179019928,0.6056374162435532
12,12,0,Euclidiana (H),0.7726885080337524,0.41423171758651733,0.3584567904472351
12,12,0,Manhattan (P),0.7726885080337524,0.8345069289207458,-0.06181842088699341
12,12,0,Manhattan (G),0.7726885080337524,0.7729993462562561,-0.0003108382225036621
12,12,0,Manhattan (H),0.7726885080337524,0.6105309128761292,0.1621575951576233
42,12,0,Minkowski (P),0.6880733966827393,0.40525421500205994,0.2828191816806793
42,12,0,Minkowski (G),0.6880733966827393,0.4427303671836853,0.24534302949905396
42,12,0,Minkowski (H),0.6880733966827393,0.35287708044052124,0.335196316242218
42,12,0,Euclidiana (P),0.6880733966827393,0.2419014573097229,0.44617193937301636
42,12,0,Euclidiana (G),0.6880733966827393,0.17581865191459656,0.5122547447681427
42,12,0,Euclidiana (H),0.6880733966827393,0.39803987741470337,0.2900335192680359
42,12,0,Manhattan (P),0.6880733966827393,0.4904334843158722,0.19763991236686707
42,12,0,Manhattan (G),0.6880733966827393,0.7512516975402832,-0.06317830085754395
42,12,0,Manhattan (H),0.6880733966827393,0.4498896598815918,0.23818373680114746
65,12,0,Minkowski (P),0.6415059566497803,0.1908688247203827,0.4506371319293976
65,12,0,Minkowski (G),0.6415059566497803,0.40357884764671326,0.23792710900306702
65,12,0,Minkowski (H),0.6415059566497803,0.15957999229431152,0.48192596435546875
65,12,0,Euclidiana (P),0.6415059566497803,0.14720112085342407,0.4943048357963562
65,12,0,Euclidiana (G),0.6415059566497803,0.16886721551418304,0.47263874113559723
65,12,0,Euclidiana (H),0.6415059566497803,0.5111731290817261,0.1303328275680542
65,12,0,Manhattan (P),0.6415059566497803,0.6465644836425781,-0.0050585269927978516
65,12,0,Manhattan (G),0.6415059566497803,0.7229807376861572,-0.08147478103637695
65,12,0,Manhattan (H),0.6415059566497803,0.3196476399898529,0.32185831665992737
87,12,0,Minkowski (P),0.7305569052696228,0.4803897738456726,0.2501671314239502
87,12,0,Minkowski (G),0.7305569052696228,0.6384499669075012,0.09210693836212158
87,12,0,Minkowski (H),0.7305569052696228,0.2820628881454468,0.448494017124176
87,12,0,Euclidiana (P),0.7305569052696228,0.2855928838253021,0.4449640214443207
87,12,0,Euclidiana (G),0.7305569052696228,0.3686840534210205,0.3618728518486023
87,12,0,Euclidiana (H),0.7305569052696228,0.5631211400032043,0.16743576526641846
87,12,0,Manhattan (P),0.7305569052696228,0.4180141091346741,0.31254279613494873
87,12,0,Manhattan (G),0.7305569052696228,0.6120662093162537,0.11849069595336914
87,12,0,Manhattan (H),0.7305569052696228,0.5026324391365051,0.22792446613311768
93,12,0,Minkowski (P),0.871924877166748,0.31005334854125977,0.5618715286254883
93,12,0,Minkowski (G),0.871924877166748,0.5479559302330017,0.32396894693374634
93,12,0,Minkowski (H),0.871924877166748,0.1383538544178009,0.7335710227489471
93,12,0,Euclidiana (P),0.871924877166748,0.0883941650390625,0.7835307121276855
93,12,0,Euclidiana (G),0.871924877166748,0.17015889286994934,0.7017659842967987
93,12,0,Euclidiana (H),0.871924877166748,0.45570677518844604,0.416218101978302
93,12,0,Manhattan (P),0.871924877166748,0.7458503246307373,0.12607455253601074
93,12,0,Manhattan (G),0.871924877166748,0.8222160935401917,0.049708783626556396
93,12,0,Manhattan (H),0.871924877166748,0.43629640340805054,0.4356284737586975
107,12,0,Minkowski (P),0.9827046990394592,0.33412760496139526,0.648577094078064
107,12,0,Minkowski (G),0.9827046990394592,0.6866757869720459,0.29602891206741333
107,12,0,Minkowski (H),0.9827046990394592,0.5038555860519409,0.4788491129875183
107,12,0,Euclidiana (P),0.9827046990394592,0.6674247980117798,0.31527990102767944
107,12,0,Euclidiana (G),0.9827046990394592,0.3992323577404022,0.583472341299057
107,12,0,Euclidiana (H),0.9827046990394592,0.8427568674087524,0.1399478316307068
107,12,0,Manhattan (P),0.9827046990394592,0.8845778107643127,0.09812688827514648
107,12,0,Manhattan (G),0.9827046990394592,0.8694535493850708,0.11325114965438843
107,12,0,Manhattan (H),0.9827046990394592,0.8831973075866699,0.0995073914527893
121,12,0,Minkowski (P),0.7661461234092712,0.1858706772327423,0.5802754461765289
121,12,0,Minkowski (G),0.7661461234092712,0.291534423828125,0.47461169958114624
121,12,0,Minkowski (H),0.7661461234092712,0.09775067865848541,0.6683954447507858
121,12,0,Euclidiana (P),0.7661461234092712,0.4144771695137024,0.35166895389556885
121,12,0,Euclidiana (G),0.7661461234092712,0.14034615457057953,0.6257999688386917
121,12,0,Euclidiana (H),0.7661461234092712,0.4908396899700165,0.27530643343925476
121,12,0,Manhattan (P),0.7661461234092712,0.4061463177204132,0.35999980568885803
121,12,0,Manhattan (G),0.7661461234092712,0.49237149953842163,0.2737746238708496
121,12,0,Manhattan (H),0.7661461234092712,0.41707515716552734,0.3490709662437439
7,13,0,Minkowski (P),0.8700189590454102,0.882628858089447,-0.012609899044036865
7,13,0,Minkowski (G),0.8700189590454102,0.3238750696182251,0.5461438894271851
7,13,0,Minkowski (H),0.8700189590454102,0.6783686280250549,0.19165033102035522
7,13,0,Euclidiana (P),0.8700189590454102,0.3697745203971863,0.5002444386482239
7,13,0,Euclidiana (G),0.8700189590454102,0.16543106734752655,0.7045878916978836
7,13,0,Euclidiana (H),0.8700189590454102,0.30726373195648193,0.5627552270889282
7,13,0,Manhattan (P),0.8700189590454102,0.1945977807044983,0.6754211783409119
7,13,0,Manhattan (G),0.8700189590454102,0.35451388359069824,0.5155050754547119
7,13,0,Manhattan (H),0.8700189590454102,0.5869173407554626,0.2831016182899475
12,13,0,Minkowski (P),0.8288765549659729,0.523250162601471,0.30562639236450195
12,13,0,Minkowski (G),0.8288765549659729,0.416390061378479,0.4124864935874939
12,13,0,Minkowski (H),0.8288765549659729,0.5182944536209106,0.31058210134506226
12,13,0,Euclidiana (P),0.8288765549659729,0.6309201121330261,0.19795644283294678
12,13,0,Euclidiana (G),0.8288765549659729,0.23012304306030273,0.5987535119056702
12,13,0,Euclidiana (H),0.8288765549659729,0.41446027159690857,0.41441628336906433
12,13,0,Manhattan (P),0.8288765549659729,0.1962534785270691,0.6326230764389038
12,13,0,Manhattan (G),0.8288765549659729,0.25282660126686096,0.5760499536991119
12,13,0,Manhattan (H),0.8288765549659729,0.41116222739219666,0.41771432757377625
42,13,0,Minkowski (P),0.8728265166282654,0.8737943768501282,-0.000967860221862793
42,13,0,Minkowski (G),0.8728265166282654,0.5987421870231628,0.27408432960510254
42,13,0,Minkowski (H),0.8728265166282654,0.7309736013412476,0.14185291528701782
42,13,0,Euclidiana (P),0.8728265166282654,0.5059211254119873,0.3669053912162781
42,13,0,Euclidiana (G),0.8728265166282654,0.2777276933193207,0.5950988233089447
42,13,0,Euclidiana (H),0.8728265166282654,0.37822163105010986,0.4946048855781555
42,13,0,Manhattan (P),0.8728265166282654,0.2908361554145813,0.5819903612136841
42,13,0,Manhattan (G),0.8728265166282654,0.39703401923179626,0.4757924973964691
42,13,0,Manhattan (H),0.8728265166282654,0.47113972902297974,0.40168678760528564
65,13,0,Minkowski (P),0.7293627858161926,0.8953603506088257,-0.16599756479263306
65,13,0,Minkowski (G),0.7293627858161926,0.7237192392349243,0.0056435465812683105
65,13,0,Minkowski (H),0.7293627858161926,0.6103266477584839,0.11903613805770874
65,13,0,Euclidiana (P),0.7293627858161926,0.5589586496353149,0.17040413618087769
65,13,0,Euclidiana (G),0.7293627858161926,0.5078474283218384,0.22151535749435425
65,13,0,Euclidiana (H),0.7293627858161926,0.5636515617370605,0.16571122407913208
65,13,0,Manhattan (P),0.7293627858161926,0.49381786584854126,0.23554491996765137
65,13,0,Manhattan (G),0.7293627858161926,0.5406704545021057,0.18869233131408691
65,13,0,Manhattan (H),0.7293627858161926,0.6413540244102478,0.08800876140594482
87,13,0,Minkowski (P),0.6675677299499512,0.600823163986206,0.06674456596374512
87,13,0,Minkowski (G),0.6675677299499512,0.4541449248790741,0.21342280507087708
87,13,0,Minkowski (H),0.6675677299499512,0.471205472946167,0.19636225700378418
87,13,0,Euclidiana (P),0.6675677299499512,0.48827308416366577,0.1792946457862854
87,13,0,Euclidiana (G),0.6675677299499512,0.35986873507499695,0.3076989948749542
87,13,0,Euclidiana (H),0.6675677299499512,0.32029250264167786,0.3472752273082733
87,13,0,Manhattan (P),0.6675677299499512,0.36977529525756836,0.2977924346923828
87,13,0,Manhattan (G),0.6675677299499512,0.3771333396434784,0.2904343903064728
87,13,0,Manhattan (H),0.6675677299499512,0.4441196918487549,0.2234480381011963
93,13,0,Minkowski (P),0.9067105650901794,0.8626300692558289,0.044080495834350586
93,13,0,Minkowski (G),0.9067105650901794,0.7281908392906189,0.17851972579956055
93,13,0,Minkowski (H),0.9067105650901794,0.6814385652542114,0.22527199983596802
93,13,0,Euclidiana (P),0.9067105650901794,0.471208393573761,0.43550217151641846
93,13,0,Euclidiana (G),0.9067105650901794,0.15031270682811737,0.7563978582620621
93,13,0,Euclidiana (H),0.9067105650901794,0.32137611508369446,0.585334450006485
93,13,0,Manhattan (P),0.9067105650901794,0.26419147849082947,0.64251908659935
93,13,0,Manhattan (G),0.9067105650901794,0.294635534286499,0.6120750308036804
93,13,0,Manhattan (H),0.9067105650901794,0.5698337554931641,0.3368768095970154
107,13,0,Minkowski (P),0.5491101741790771,0.6632969975471497,-0.11418682336807251
107,13,0,Minkowski (G),0.5491101741790771,0.652055025100708,-0.10294485092163086
107,13,0,Minkowski (H),0.5491101741790771,0.7466326951980591,-0.19752252101898193
107,13,0,Euclidiana (P),0.5491101741790771,0.5239053964614868,0.025204777717590332
107,13,0,Euclidiana (G),0.5491101741790771,0.26326462626457214,0.285845547914505
107,13,0,Euclidiana (H),0.5491101741790771,0.7247273325920105,-0.17561715841293335
107,13,0,Manhattan (P),0.5491101741790771,0.2937220335006714,0.25538814067840576
107,13,0,Manhattan (G),0.5491101741790771,0.19891642034053802,0.3501937538385391
107,13,0,Manhattan (H),0.5491101741790771,0.20453663170337677,0.3445735424757004
121,13,0,Minkowski (P),0.7872439026832581,0.6196301579475403,0.16761374473571777
121,13,0,Minkowski (G),0.7872439026832581,0.32565417885780334,0.4615897238254547
121,13,0,Minkowski (H),0.7872439026832581,0.5752860307693481,0.2119578719139099
121,13,0,Euclidiana (P),0.7872439026832581,0.39724302291870117,0.3900008797645569
121,13,0,Euclidiana (G),0.7872439026832581,0.15260185301303864,0.6346420496702194
121,13,0,Euclidiana (H),0.7872439026832581,0.49921369552612305,0.288030207157135
121,13,0,Manhattan (P),0.7872439026832581,0.1934402883052826,0.5938036143779755
121,13,0,Manhattan (G),0.7872439026832581,0.18315598368644714,0.6040879189968109
121,13,0,Manhattan (H),0.7872439026832581,0.21310919523239136,0.5741347074508667
7,14,0,Minkowski (P),0.8409486413002014,0.33611032366752625,0.5048383176326752
7,14,0,Minkowski (G),0.8409486413002014,0.25512266159057617,0.5858259797096252
7,14,0,Minkowski (H),0.8409486413002014,0.14276902377605438,0.698179617524147
7,14,0,Euclidiana (P),0.8409486413002014,0.20787908136844635,0.6330695599317551
7,14,0,Euclidiana (G),0.8409486413002014,0.2852235734462738,0.5557250678539276
7,14,0,Euclidiana (H),0.8409486413002014,0.3533596098423004,0.487589031457901
7,14,0,Manhattan (P),0.8409486413002014,0.8016186952590942,0.03932994604110718
7,14,0,Manhattan (G),0.8409486413002014,0.8304029703140259,0.010545670986175537
7,14,0,Manhattan (H),0.8409486413002014,0.7835347652435303,0.05741387605667114
12,14,0,Minkowski (P),0.9634469151496887,0.20332454144954681,0.7601223737001419
12,14,0,Minkowski (G),0.9634469151496887,0.5970026850700378,0.3664442300796509
12,14,0,Minkowski (H),0.9634469151496887,0.4653477966785431,0.49809911847114563
12,14,0,Euclidiana (P),0.9634469151496887,0.4086052477359772,0.5548416674137115
12,14,0,Euclidiana (G),0.9634469151496887,0.4181743264198303,0.5452725887298584
12,14,0,Euclidiana (H),0.9634469151496887,0.3137621283531189,0.6496847867965698
12,14,0,Manhattan (P),0.9634469151496887,0.9376645684242249,0.025782346725463867
12,14,0,Manhattan (G),0.9634469151496887,0.9150795340538025,0.04836738109588623
12,14,0,Manhattan (H),0.9634469151496887,0.9040248990058899,0.05942201614379883
42,14,0,Minkowski (P),0.8837968111038208,0.42096251249313354,0.46283429861068726
42,14,0,Minkowski (G),0.8837968111038208,0.43780913949012756,0.44598767161369324
42,14,0,Minkowski (H),0.8837968111038208,0.4511343538761139,0.4326624572277069
42,14,0,Euclidiana (P),0.8837968111038208,0.4005732536315918,0.483223557472229
42,14,0,Euclidiana (G),0.8837968111038208,0.5682216882705688,0.31557512283325195
42,14,0,Euclidiana (H),0.8837968111038208,0.5133587121963501,0.3704380989074707
42,14,0,Manhattan (P),0.8837968111038208,0.8057815432548523,0.0780152678489685
42,14,0,Manhattan (G),0.8837968111038208,0.852728545665741,0.031068265438079834
42,14,0,Manhattan (H),0.8837968111038208,0.7446717619895935,0.1391250491142273
65,14,0,Minkowski (P),0.9556500315666199,0.3295939564704895,0.6260560750961304
65,14,0,Minkowski (G),0.9556500315666199,0.6248800158500671,0.33077001571655273
65,14,0,Minkowski (H),0.9556500315666199,0.414727121591568,0.5409229099750519
65,14,0,Euclidiana (P),0.9556500315666199,0.41693753004074097,0.5387125015258789
65,14,0,Euclidiana (G),0.9556500315666199,0.738245964050293,0.2174040675163269
65,14,0,Euclidiana (H),0.9556500315666199,0.6592786908149719,0.29637134075164795
65,14,0,Manhattan (P),0.9556500315666199,0.9024088978767395,0.05324113368988037
65,14,0,Manhattan (G),0.9556500315666199,0.9353636503219604,0.020286381244659424
65,14,0,Manhattan (H),0.9556500315666199,0.8363858461380005,0.11926418542861938
87,14,0,Minkowski (P),0.8073292374610901,0.37955400347709656,0.42777523398399353
87,14,0,Minkowski (G),0.8073292374610901,0.5137813091278076,0.29354792833328247
87,14,0,Minkowski (H),0.8073292374610901,0.41555842757225037,0.3917708098888397
87,14,0,Euclidiana (P),0.8073292374610901,0.3570064306259155,0.45032280683517456
87,14,0,Euclidiana (G),0.8073292374610901,0.5654296875,0.2418995499610901
87,14,0,Euclidiana (H),0.8073292374610901,0.40949270129203796,0.3978365361690521
87,14,0,Manhattan (P),0.8073292374610901,0.4060114920139313,0.4013177454471588
87,14,0,Manhattan (G),0.8073292374610901,0.6165756583213806,0.19075357913970947
87,14,0,Manhattan (H),0.8073292374610901,0.6678146123886108,0.13951462507247925
93,14,0,Minkowski (P),0.931944727897644,0.25836068391799927,0.6735840439796448
93,14,0,Minkowski (G),0.931944727897644,0.2883375883102417,0.6436071395874023
93,14,0,Minkowski (H),0.931944727897644,0.26209089159965515,0.6698538362979889
93,14,0,Euclidiana (P),0.931944727897644,0.16698724031448364,0.7649574875831604
93,14,0,Euclidiana (G),0.931944727897644,0.4882681369781494,0.44367659091949463
93,14,0,Euclidiana (H),0.931944727897644,0.6169390678405762,0.31500566005706787
93,14,0,Manhattan (P),0.931944727897644,0.9411255717277527,-0.009180843830108643
93,14,0,Manhattan (G),0.931944727897644,0.9467560648918152,-0.014811336994171143
93,14,0,Manhattan (H),0.931944727897644,0.8084916472434998,0.12345308065414429
107,14,0,Minkowski (P),0.9904497265815735,0.36630383133888245,0.624145895242691
107,14,0,Minkowski (G),0.9904497265815735,0.37801435589790344,0.61243537068367
107,14,0,Minkowski (H),0.9904497265815735,0.6096064448356628,0.38084328174591064
107,14,0,Euclidiana (P),0.9904497265815735,0.7581074237823486,0.23234230279922485
107,14,0,Euclidiana (G),0.9904497265815735,0.9118958115577698,0.07855391502380371
107,14,0,Euclidiana (H),0.9904497265815735,0.8531172275543213,0.1373324990272522
107,14,0,Manhattan (P),0.9904497265815735,0.9519506096839905,0.03849911689758301
107,14,0,Manhattan (G),0.9904497265815735,0.9654022455215454,0.025047481060028076
107,14,0,Manhattan (H),0.9904497265815735,0.9729909300804138,0.017458796501159668
121,14,0,Minkowski (P),0.9172860980033875,0.2636638581752777,0.6536222398281097
121,14,0,Minkowski (G),0.9172860980033875,0.21444547176361084,0.7028406262397766
121,14,0,Minkowski (H),0.9172860980033875,0.17930303514003754,0.7379830628633499
121,14,0,Euclidiana (P),0.9172860980033875,0.341517835855484,0.5757682621479034
121,14,0,Euclidiana (G),0.9172860980033875,0.6645787358283997,0.2527073621749878
121,14,0,Euclidiana (H),0.9172860980033875,0.34948474168777466,0.5678013563156128
121,14,0,Manhattan (P),0.9172860980033875,0.7888023257255554,0.12848377227783203
121,14,0,Manhattan (G),0.9172860980033875,0.7203087210655212,0.1969773769378662
121,14,0,Manhattan (H),0.9172860980033875,0.8140475749969482,0.10323852300643921
7,15,0,Minkowski (P),0.9158102869987488,0.3173675835132599,0.5984427034854889
7,15,0,Minkowski (G),0.9158102869987488,0.540014922618866,0.3757953643798828
7,15,0,Minkowski (H),0.9158102869987488,0.5223337411880493,0.39347654581069946
7,15,0,Euclidiana (P),0.9158102869987488,0.27955949306488037,0.6362507939338684
7,15,0,Euclidiana (G),0.9158102869987488,0.25783100724220276,0.657979279756546
7,15,0,Euclidiana (H),0.9158102869987488,0.5482549667358398,0.36755532026290894
7,15,0,Manhattan (P),0.9158102869987488,0.30270785093307495,0.6131024360656738
7,15,0,Manhattan (G),0.9158102869987488,0.56360924243927,0.35220104455947876
7,15,0,Manhattan (H),0.9158102869987488,0.8225065469741821,0.09330374002456665
12,15,0,Minkowski (P),0.9801626205444336,0.25333425402641296,0.7268283665180206
12,15,0,Minkowski (G),0.9801626205444336,0.5076920986175537,0.4724705219268799
12,15,0,Minkowski (H),0.9801626205444336,0.5601810812950134,0.41998153924942017
12,15,0,Euclidiana (P),0.9801626205444336,0.43802744150161743,0.5421351790428162
12,15,0,Euclidiana (G),0.9801626205444336,0.3559567332267761,0.6242058873176575
12,15,0,Euclidiana (H),0.9801626205444336,0.49637681245803833,0.48378580808639526
12,15,0,Manhattan (P),0.9801626205444336,0.783119261264801,0.19704335927963257
12,15,0,Manhattan (G),0.9801626205444336,0.8557035326957703,0.12445908784866333
12,15,0,Manhattan (H),0.9801626205444336,0.9171682596206665,0.06299436092376709
42,15,0,Minkowski (P),0.8766722083091736,0.3902072012424469,0.4864650070667267
42,15,0,Minkowski (G),0.8766722083091736,0.6025738716125488,0.27409833669662476
42,15,0,Minkowski (H),0.8766722083091736,0.5588554739952087,0.31781673431396484
42,15,0,Euclidiana (P),0.8766722083091736,0.4573686420917511,0.4193035662174225
42,15,0,Euclidiana (G),0.8766722083091736,0.45448192954063416,0.42219027876853943
42,15,0,Euclidiana (H),0.8766722083091736,0.6151162981987,0.26155591011047363
42,15,0,Manhattan (P),0.8766722083091736,0.5707948803901672,0.30587732791900635
42,15,0,Manhattan (G),0.8766722083091736,0.6569647192955017,0.21970748901367188
42,15,0,Manhattan (H),0.8766722083091736,0.7223594188690186,0.15431278944015503
65,15,0,Minkowski (P),0.9555152654647827,0.3054109811782837,0.650104284286499
65,15,0,Minkowski (G),0.9555152654647827,0.6238704919815063,0.33164477348327637
65,15,0,Minkowski (H),0.9555152654647827,0.7073973417282104,0.24811792373657227
65,15,0,Euclidiana (P),0.9555152654647827,0.44136708974838257,0.5141481757164001
65,15,0,Euclidiana (G),0.9555152654647827,0.7283723950386047,0.22714287042617798
65,15,0,Euclidiana (H),0.9555152654647827,0.7690370678901672,0.18647819757461548
65,15,0,Manhattan (P),0.9555152654647827,0.7680114507675171,0.18750381469726562
65,15,0,Manhattan (G),0.9555152654647827,0.8886487483978271,0.06686651706695557
65,15,0,Manhattan (H),0.9555152654647827,0.8353286981582642,0.12018656730651855
87,15,0,Minkowski (P),0.9343467354774475,0.4491175413131714,0.4852291941642761
87,15,0,Minkowski (G),0.9343467354774475,0.7061861157417297,0.22816061973571777
87,15,0,Minkowski (H),0.9343467354774475,0.5741782188415527,0.3601685166358948
87,15,0,Euclidiana (P),0.9343467354774475,0.4187644422054291,0.5155822932720184
87,15,0,Euclidiana (G),0.9343467354774475,0.6819950938224792,0.25235164165496826
87,15,0,Euclidiana (H),0.9343467354774475,0.5507379174232483,0.3836088180541992
87,15,0,Manhattan (P),0.9343467354774475,0.5296348333358765,0.40471190214157104
87,15,0,Manhattan (G),0.9343467354774475,0.5895956158638,0.34475111961364746
87,15,0,Manhattan (H),0.9343467354774475,0.8381052613258362,0.09624147415161133
93,15,0,Minkowski (P),0.9468079805374146,0.49653008580207825,0.4502778947353363
93,15,0,Minkowski (G),0.9468079805374146,0.5733441710472107,0.37346380949020386
93,15,0,Minkowski (H),0.9468079805374146,0.4209569990634918,0.5258509814739227
93,15,0,Euclidiana (P),0.9468079805374146,0.22956787049770355,0.717240110039711
93,15,0,Euclidiana (G),0.9468079805374146,0.3595357835292816,0.5872721970081329
93,15,0,Euclidiana (H),0.9468079805374146,0.7400826215744019,0.2067253589630127
93,15,0,Manhattan (P),0.9468079805374146,0.6829088926315308,0.2638990879058838
93,15,0,Manhattan (G),0.9468079805374146,0.8765069246292114,0.07030105590820312
93,15,0,Manhattan (H),0.9468079805374146,0.8589552044868469,0.08785277605056763
107,15,0,Minkowski (P),0.9453553557395935,0.2960856854915619,0.6492696702480316
107,15,0,Minkowski (G),0.9453553557395935,0.6932030320167542,0.25215232372283936
107,15,0,Minkowski (H),0.9453553557395935,0.6383093595504761,0.30704599618911743
107,15,0,Euclidiana (P),0.9453553557395935,0.4730578064918518,0.4722975492477417
107,15,0,Euclidiana (G),0.9453553557395935,0.8861506581306458,0.059204697608947754
107,15,0,Euclidiana (H),0.9453553557395935,0.9262232184410095,0.019132137298583984
107,15,0,Manhattan (P),0.9453553557395935,0.822268009185791,0.12308734655380249
107,15,0,Manhattan (G),0.9453553557395935,0.7547415494918823,0.19061380624771118
107,15,0,Manhattan (H),0.9453553557395935,0.899571418762207,0.045783936977386475
121,15,0,Minkowski (P),0.8323220014572144,0.13080811500549316,0.7015138864517212
121,15,0,Minkowski (G),0.8323220014572144,0.4371342658996582,0.39518773555755615
121,15,0,Minkowski (H),0.8323220014572144,0.22098089754581451,0.6113411039113998
121,15,0,Euclidiana (P),0.8323220014572144,0.455831915140152,0.3764900863170624
121,15,0,Euclidiana (G),0.8323220014572144,0.5010352730751038,0.3312867283821106
121,15,0,Euclidiana (H),0.8323220014572144,0.5721383690834045,0.2601836323738098
121,15,0,Manhattan (P),0.8323220014572144,0.343707412481308,0.48861458897590637
121,15,0,Manhattan (G),0.8323220014572144,0.5537746548652649,0.27854734659194946
121,15,0,Manhattan (H),0.8323220014572144,0.7203291654586792,0.11199283599853516
7,16,0,Minkowski (P),0.4644143283367157,0.2223353385925293,0.2420789897441864
7,16,0,Minkowski (G),0.4644143283367157,0.25024276971817017,0.21417155861854553
7,16,0,Minkowski (H),0.4644143283367157,0.12477722018957138,0.3396371081471443
7,16,0,Euclidiana (P),0.4644143283367157,0.04930119588971138,0.4151131324470043
7,16,0,Euclidiana (G),0.4644143283367157,0.025496432557702065,0.43891789577901363
7,16,0,Euclidiana (H),0.4644143283367157,0.11364641040563583,0.35076791793107986
7,16,0,Manhattan (P),0.4644143283367157,0.11649344116449356,0.34792088717222214
7,16,0,Manhattan (G),0.4644143283367157,0.22209569811820984,0.24231863021850586
7,16,0,Manhattan (H),0.4644143283367157,0.29158806800842285,0.17282626032829285
12,16,0,Minkowski (P),0.9593562483787537,0.1347476989030838,0.8246085494756699
12,16,0,Minkowski (G),0.9593562483787537,0.2278657853603363,0.7314904630184174
12,16,0,Minkowski (H),0.9593562483787537,0.1681264191865921,0.7912298291921616
12,16,0,Euclidiana (P),0.9593562483787537,0.1769104301929474,0.7824458181858063
12,16,0,Euclidiana (G),0.9593562483787537,0.10154710710048676,0.8578091412782669
12,16,0,Euclidiana (H),0.9593562483787537,0.1527123749256134,0.8066438734531403
12,16,0,Manhattan (P),0.9593562483787537,0.7761527299880981,0.18320351839065552
12,16,0,Manhattan (G),0.9593562483787537,0.90633624792099,0.05302000045776367
12,16,0,Manhattan (H),0.9593562483787537,0.9395119547843933,0.01984429359436035
42,16,0,Minkowski (P),0.6217500567436218,0.3108910620212555,0.31085899472236633
42,16,0,Minkowski (G),0.6217500567436218,0.2985064387321472,0.3232436180114746
42,16,0,Minkowski (H),0.6217500567436218,0.31247904896736145,0.3092710077762604
42,16,0,Euclidiana (P),0.6217500567436218,0.16667498648166656,0.45507507026195526
42,16,0,Euclidiana (G),0.6217500567436218,0.0947253480553627,0.5270247086882591
42,16,0,Euclidiana (H),0.6217500567436218,0.32959306240081787,0.29215699434280396
42,16,0,Manhattan (P),0.6217500567436218,0.33066442608833313,0.2910856306552887
42,16,0,Manhattan (G),0.6217500567436218,0.5154109001159668,0.10633915662765503
42,16,0,Manhattan (H),0.6217500567436218,0.6675256490707397,-0.04577559232711792
65,16,0,Minkowski (P),0.34969547390937805,0.22945943474769592,0.12023603916168213
65,16,0,Minkowski (G),0.34969547390937805,0.4120335876941681,-0.06233811378479004
65,16,0,Minkowski (H),0.34969547390937805,0.22987100481987,0.11982446908950806
65,16,0,Euclidiana (P),0.34969547390937805,0.15269696712493896,0.1969985067844391
65,16,0,Euclidiana (G),0.34969547390937805,0.21655996143817902,0.13313551247119904
65,16,0,Euclidiana (H),0.34969547390937805,0.41752442717552185,-0.0678289532661438
65,16,0,Manhattan (P),0.34969547390937805,0.34839239716529846,0.0013030767440795898
65,16,0,Manhattan (G),0.34969547390937805,0.44615471363067627,-0.09645923972129822
65,16,0,Manhattan (H),0.34969547390937805,0.2884431779384613,0.06125229597091675
87,16,0,Minkowski (P),0.3700413107872009,0.36693471670150757,0.0031065940856933594
87,16,0,Minkowski (G),0.3700413107872009,0.32007941603660583,0.04996189475059509
87,16,0,Minkowski (H),0.3700413107872009,0.1289466768503189,0.24109463393688202
87,16,0,Euclidiana (P),0.3700413107872009,0.11961288750171661,0.2504284232854843
87,16,0,Euclidiana (G),0.3700413107872009,0.20966283977031708,0.16037847101688385
87,16,0,Euclidiana (H),0.3700413107872009,0.2841529846191406,0.0858883261680603
87,16,0,Manhattan (P),0.3700413107872009,0.15048064291477203,0.2195606678724289
87,16,0,Manhattan (G),0.3700413107872009,0.23041020333766937,0.13963110744953156
87,16,0,Manhattan (H),0.3700413107872009,0.3284015357494354,0.0416397750377655
93,16,0,Minkowski (P),0.8178588151931763,0.4371843636035919,0.38067445158958435
93,16,0,Minkowski (G),0.8178588151931763,0.40338465571403503,0.41447415947914124
93,16,0,Minkowski (H),0.8178588151931763,0.176726296544075,0.6411325186491013
93,16,0,Euclidiana (P),0.8178588151931763,0.07597425580024719,0.7418845593929291
93,16,0,Euclidiana (G),0.8178588151931763,0.06171048805117607,0.7561483271420002
93,16,0,Euclidiana (H),0.8178588151931763,0.1924886703491211,0.6253701448440552
93,16,0,Manhattan (P),0.8178588151931763,0.713853657245636,0.10400515794754028
93,16,0,Manhattan (G),0.8178588151931763,0.7804391980171204,0.03741961717605591
93,16,0,Manhattan (H),0.8178588151931763,0.7681435346603394,0.049715280532836914
107,16,0,Minkowski (P),0.1978653073310852,0.10401374101638794,0.09385156631469727
107,16,0,Minkowski (G),0.1978653073310852,0.24826790392398834,-0.05040259659290314
107,16,0,Minkowski (H),0.1978653073310852,0.16505193710327148,0.03281337022781372
107,16,0,Euclidiana (P),0.1978653073310852,0.2537265717983246,-0.05586126446723938
107,16,0,Euclidiana (G),0.1978653073310852,0.15745772421360016,0.040407583117485046
107,16,0,Euclidiana (H),0.1978653073310852,0.32664862275123596,-0.12878331542015076
107,16,0,Manhattan (P),0.1978653073310852,0.22655799984931946,-0.028692692518234253
107,16,0,Manhattan (G),0.1978653073310852,0.16627125442028046,0.03159405291080475
107,16,0,Manhattan (H),0.1978653073310852,0.18393582105636597,0.013929486274719238
121,16,0,Minkowski (P),0.39765051007270813,0.18834449350833893,0.2093060165643692
121,16,0,Minkowski (G),0.39765051007270813,0.07483228296041489,0.32281822711229324
121,16,0,Minkowski (H),0.39765051007270813,0.02220027707517147,0.37545023299753666
121,16,0,Euclidiana (P),0.39765051007270813,0.10500507056713104,0.2926454395055771
121,16,0,Euclidiana (G),0.39765051007270813,0.041282959282398224,0.3563675507903099
121,16,0,Euclidiana (H),0.39765051007270813,0.3934634029865265,0.004187107086181641
121,16,0,Manhattan (P),0.39765051007270813,0.19658471643924713,0.201065793633461
121,16,0,Manhattan (G),0.39765051007270813,0.24746385216712952,0.1501866579055786
121,16,0,Manhattan (H),0.39765051007270813,0.2859683632850647,0.11168214678764343
7,17,0,Minkowski (P),0.951429009437561,0.6232561469078064,0.32817286252975464
7,17,0,Minkowski (G),0.951429009437561,0.7169770002365112,0.2344520092010498
7,17,0,Minkowski (H),0.951429009437561,0.6351713538169861,0.31625765562057495
7,17,0,Euclidiana (P),0.951429009437561,0.5180948972702026,0.4333341121673584
7,17,0,Euclidiana (G),0.951429009437561,0.1910858154296875,0.7603431940078735
7,17,0,Euclidiana (H),0.951429009437561,0.6635295748710632,0.2878994345664978
7,17,0,Manhattan (P),0.951429009437561,0.5817453861236572,0.3696836233139038
7,17,0,Manhattan (G),0.951429009437561,0.8075605034828186,0.14386850595474243
7,17,0,Manhattan (H),0.951429009437561,0.9589001536369324,-0.007471144199371338
12,17,0,Minkowski (P),0.8878053426742554,0.3331325650215149,0.5546727776527405
12,17,0,Minkowski (G),0.8878053426742554,0.5473860502243042,0.34041929244995117
12,17,0,Minkowski (H),0.8878053426742554,0.4208669066429138,0.46693843603134155
12,17,0,Euclidiana (P),0.8878053426742554,0.5912667512893677,0.2965385913848877
12,17,0,Euclidiana (G),0.8878053426742554,0.3194761574268341,0.5683291852474213
12,17,0,Euclidiana (H),0.8878053426742554,0.6818783283233643,0.2059270143508911
12,17,0,Manhattan (P),0.8878053426742554,0.6193904280662537,0.2684149146080017
12,17,0,Manhattan (G),0.8878053426742554,0.8078514337539673,0.07995390892028809
12,17,0,Manhattan (H),0.8878053426742554,0.8915637135505676,-0.003758370876312256
42,17,0,Minkowski (P),0.922429084777832,0.841118335723877,0.08131074905395508
42,17,0,Minkowski (G),0.922429084777832,0.8171864748001099,0.10524260997772217
42,17,0,Minkowski (H),0.922429084777832,0.7591255903244019,0.16330349445343018
42,17,0,Euclidiana (P),0.922429084777832,0.6931357979774475,0.22929328680038452
42,17,0,Euclidiana (G),0.922429084777832,0.21394628286361694,0.7084828019142151
42,17,0,Euclidiana (H),0.922429084777832,0.6722738146781921,0.2501552700996399
42,17,0,Manhattan (P),0.922429084777832,0.7463452219963074,0.17608386278152466
42,17,0,Manhattan (G),0.922429084777832,0.8245328068733215,0.0978962779045105
42,17,0,Manhattan (H),0.922429084777832,0.9639067649841309,-0.04147768020629883
65,17,0,Minkowski (P),0.9224467277526855,0.8306352496147156,0.09181147813796997
65,17,0,Minkowski (G),0.9224467277526855,0.8087953925132751,0.1136513352394104
65,17,0,Minkowski (H),0.9224467277526855,0.7106794118881226,0.211767315864563
65,17,0,Euclidiana (P),0.9224467277526855,0.6738232970237732,0.24862343072891235
65,17,0,Euclidiana (G),0.9224467277526855,0.6571577191352844,0.2652890086174011
65,17,0,Euclidiana (H),0.9224467277526855,0.8782764673233032,0.044170260429382324
65,17,0,Manhattan (P),0.9224467277526855,0.8484458923339844,0.07400083541870117
65,17,0,Manhattan (G),0.9224467277526855,0.8909899592399597,0.03145676851272583
65,17,0,Manhattan (H),0.9224467277526855,0.9594517946243286,-0.037005066871643066
87,17,0,Minkowski (P),0.6924791932106018,0.6073898077011108,0.08508938550949097
87,17,0,Minkowski (G),0.6924791932106018,0.8151842355728149,-0.12270504236221313
87,17,0,Minkowski (H),0.6924791932106018,0.6515657901763916,0.040913403034210205
87,17,0,Euclidiana (P),0.6924791932106018,0.7417737245559692,-0.04929453134536743
87,17,0,Euclidiana (G),0.6924791932106018,0.31539011001586914,0.37708908319473267
87,17,0,Euclidiana (H),0.6924791932106018,0.42432236671447754,0.26815682649612427
87,17,0,Manhattan (P),0.6924791932106018,0.5236912369728088,0.16878795623779297
87,17,0,Manhattan (G),0.6924791932106018,0.592915952205658,0.09956324100494385
87,17,0,Manhattan (H),0.6924791932106018,0.8640005588531494,-0.1715213656425476
93,17,0,Minkowski (P),0.905603289604187,0.8965174555778503,0.00908583402633667
93,17,0,Minkowski (G),0.905603289604187,0.8526750802993774,0.05292820930480957
93,17,0,Minkowski (H),0.905603289604187,0.7154759168624878,0.19012737274169922
93,17,0,Euclidiana (P),0.905603289604187,0.49281248450279236,0.41279080510139465
93,17,0,Euclidiana (G),0.905603289604187,0.2157679945230484,0.6898352950811386
93,17,0,Euclidiana (H),0.905603289604187,0.46945446729660034,0.43614882230758667
93,17,0,Manhattan (P),0.905603289604187,0.4688117504119873,0.4367915391921997
93,17,0,Manhattan (G),0.905603289604187,0.6306243538856506,0.2749789357185364
93,17,0,Manhattan (H),0.905603289604187,0.8391125202178955,0.0664907693862915
107,17,0,Minkowski (P),0.8717924356460571,0.3666248917579651,0.505167543888092
107,17,0,Minkowski (G),0.8717924356460571,0.6344079971313477,0.23738443851470947
107,17,0,Minkowski (H),0.8717924356460571,0.649569034576416,0.2222234010696411
107,17,0,Euclidiana (P),0.8717924356460571,0.5653829574584961,0.30640947818756104
107,17,0,Euclidiana (G),0.8717924356460571,0.4751465618610382,0.3966458737850189
107,17,0,Euclidiana (H),0.8717924356460571,0.700088381767273,0.17170405387878418
107,17,0,Manhattan (P),0.8717924356460571,0.6170345544815063,0.2547578811645508
107,17,0,Manhattan (G),0.8717924356460571,0.7909243702888489,0.08086806535720825
107,17,0,Manhattan (H),0.8717924356460571,0.9496749639511108,-0.07788252830505371
121,17,0,Minkowski (P),0.6300181150436401,0.37178146839141846,0.2582366466522217
121,17,0,Minkowski (G),0.6300181150436401,0.5601710081100464,0.06984710693359375
121,17,0,Minkowski (H),0.6300181150436401,0.42714792490005493,0.2028701901435852
121,17,0,Euclidiana (P),0.6300181150436401,0.409790962934494,0.22022715210914612
121,17,0,Euclidiana (G),0.6300181150436401,0.10057248175144196,0.5294456332921982
121,17,0,Euclidiana (H),0.6300181150436401,0.28675007820129395,0.3432680368423462
121,17,0,Manhattan (P),0.6300181150436401,0.2511751055717468,0.3788430094718933
121,17,0,Manhattan (G),0.6300181150436401,0.48827874660491943,0.1417393684387207
121,17,0,Manhattan (H),0.6300181150436401,0.6931185126304626,-0.06310039758682251
7,18,0,Minkowski (P),0.8555217385292053,0.5524517893791199,0.30306994915008545
7,18,0,Minkowski (G),0.8555217385292053,0.23887589573860168,0.6166458427906036
7,18,0,Minkowski (H),0.8555217385292053,0.05321578308939934,0.802305955439806
7,18,0,Euclidiana (P),0.8555217385292053,0.06032296642661095,0.7951987721025944
7,18,0,Euclidiana (G),0.8555217385292053,0.17807143926620483,0.6774502992630005
7,18,0,Euclidiana (H),0.8555217385292053,0.11053299903869629,0.744988739490509
7,18,0,Manhattan (P),0.8555217385292053,0.3397083580493927,0.5158133804798126
7,18,0,Manhattan (G),0.8555217385292053,0.5924657583236694,0.2630559802055359
7,18,0,Manhattan (H),0.8555217385292053,0.4794081747531891,0.37611356377601624
12,18,0,Minkowski (P),0.7539649605751038,0.28472432494163513,0.46924063563346863
12,18,0,Minkowski (G),0.7539649605751038,0.3847006559371948,0.36926430463790894
12,18,0,Minkowski (H),0.7539649605751038,0.234946608543396,0.5190183520317078
12,18,0,Euclidiana (P),0.7539649605751038,0.18883807957172394,0.5651268810033798
12,18,0,Euclidiana (G),0.7539649605751038,0.18663290143013,0.5673320591449738
12,18,0,Euclidiana (H),0.7539649605751038,0.117255300283432,0.6367096602916718
12,18,0,Manhattan (P),0.7539649605751038,0.2429439127445221,0.5110210478305817
12,18,0,Manhattan (G),0.7539649605751038,0.5195626020431519,0.2344023585319519
12,18,0,Manhattan (H),0.7539649605751038,0.6638326048851013,0.09013235569000244
42,18,0,Minkowski (P),0.7030205130577087,0.44375622272491455,0.2592642903327942
42,18,0,Minkowski (G),0.7030205130577087,0.5276337265968323,0.17538678646087646
42,18,0,Minkowski (H),0.7030205130577087,0.32037976384162903,0.3826407492160797
42,18,0,Euclidiana (P),0.7030205130577087,0.14682309329509735,0.5561974197626114
42,18,0,Euclidiana (G),0.7030205130577087,0.2009594887495041,0.5020610243082047
42,18,0,Euclidiana (H),0.7030205130577087,0.1656678318977356,0.5373526811599731
42,18,0,Manhattan (P),0.7030205130577087,0.14892850816249847,0.5540920048952103
42,18,0,Manhattan (G),0.7030205130577087,0.5104974508285522,0.1925230622291565
42,18,0,Manhattan (H),0.7030205130577087,0.42975905537605286,0.2732614576816559
65,18,0,Minkowski (P),0.6480806469917297,0.35219883918762207,0.29588180780410767
65,18,0,Minkowski (G),0.6480806469917297,0.2740075886249542,0.3740730583667755
65,18,0,Minkowski (H),0.6480806469917297,0.3205116391181946,0.32756900787353516
65,18,0,Euclidiana (P),0.6480806469917297,0.20115940272808075,0.446921244263649
65,18,0,Euclidiana (G),0.6480806469917297,0.19319508969783783,0.4548855572938919
65,18,0,Euclidiana (H),0.6480806469917297,0.2591225504875183,0.3889580965042114
65,18,0,Manhattan (P),0.6480806469917297,0.18179064989089966,0.4662899971008301
65,18,0,Manhattan (G),0.6480806469917297,0.5942308902740479,0.053849756717681885
65,18,0,Manhattan (H),0.6480806469917297,0.6102591156959534,0.03782153129577637
87,18,0,Minkowski (P),0.587520956993103,0.35149335861206055,0.23602759838104248
87,18,0,Minkowski (G),0.587520956993103,0.4131720960140228,0.1743488609790802
87,18,0,Minkowski (H),0.587520956993103,0.23283417522907257,0.35468678176403046
87,18,0,Euclidiana (P),0.587520956993103,0.17264921963214874,0.4148717373609543
87,18,0,Euclidiana (G),0.587520956993103,0.318621963262558,0.26889899373054504
87,18,0,Euclidiana (H),0.587520956993103,0.3074738085269928,0.28004714846611023
87,18,0,Manhattan (P),0.587520956993103,0.23082876205444336,0.35669219493865967
87,18,0,Manhattan (G),0.587520956993103,0.2905517518520355,0.2969692051410675
87,18,0,Manhattan (H),0.587520956993103,0.4202011227607727,0.16731983423233032
93,18,0,Minkowski (P),0.9796191453933716,0.6913628578186035,0.28825628757476807
93,18,0,Minkowski (G),0.9796191453933716,0.433506578207016,0.5461125671863556
93,18,0,Minkowski (H),0.9796191453933716,0.2797550559043884,0.6998640894889832
93,18,0,Euclidiana (P),0.9796191453933716,0.07746567577123642,0.9021534696221352
93,18,0,Euclidiana (G),0.9796191453933716,0.1423298567533493,0.8372892886400223
93,18,0,Euclidiana (H),0.9796191453933716,0.12438566237688065,0.8552334830164909
93,18,0,Manhattan (P),0.9796191453933716,0.2274814397096634,0.7521377056837082
93,18,0,Manhattan (G),0.9796191453933716,0.789326012134552,0.19029313325881958
93,18,0,Manhattan (H),0.9796191453933716,0.9319393634796143,0.047679781913757324
107,18,0,Minkowski (P),0.8198959231376648,0.18417473137378693,0.6357211917638779
107,18,0,Minkowski (G),0.8198959231376648,0.13015910983085632,0.6897368133068085
107,18,0,Minkowski (H),0.8198959231376648,0.22731339931488037,0.5925825238227844
107,18,0,Euclidiana (P),0.8198959231376648,0.25493568181991577,0.564960241317749
107,18,0,Euclidiana (G),0.8198959231376648,0.23408840596675873,0.5858075171709061
107,18,0,Euclidiana (H),0.8198959231376648,0.34831100702285767,0.47158491611480713
107,18,0,Manhattan (P),0.8198959231376648,0.12807029485702515,0.6918256282806396
107,18,0,Manhattan (G),0.8198959231376648,0.5061266422271729,0.31376928091049194
107,18,0,Manhattan (H),0.8198959231376648,0.693308413028717,0.12658751010894775
121,18,0,Minkowski (P),0.5934594869613647,0.5190823078155518,0.07437717914581299
121,18,0,Minkowski (G),0.5934594869613647,0.11846595257520676,0.474993534386158
121,18,0,Minkowski (H),0.5934594869613647,0.04495612531900406,0.5485033616423607
121,18,0,Euclidiana (P),0.5934594869613647,0.12937021255493164,0.4640892744064331
121,18,0,Euclidiana (G),0.5934594869613647,0.09324673563241959,0.5002127513289452
121,18,0,Euclidiana (H),0.5934594869613647,0.2163989543914795,0.37706053256988525
121,18,0,Manhattan (P),0.5934594869613647,0.034160565584897995,0.5592989213764668
121,18,0,Manhattan (G),0.5934594869613647,0.17111438512802124,0.4223451018333435
121,18,0,Manhattan (H),0.5934594869613647,0.5699724555015564,0.02348703145980835
7,19,0,Minkowski (P),0.7660988569259644,0.24186870455741882,0.5242301523685455
7,19,0,Minkowski (G),0.7660988569259644,0.30550310015678406,0.4605957567691803
7,19,0,Minkowski (H),0.7660988569259644,0.4105382263660431,0.35556063055992126
7,19,0,Euclidiana (P),0.7660988569259644,0.23962973058223724,0.5264691263437271
7,19,0,Euclidiana (G),0.7660988569259644,0.41929060220718384,0.3468082547187805
7,19,0,Euclidiana (H),0.7660988569259644,0.16358181834220886,0.6025170385837555
7,19,0,Manhattan (P),0.7660988569259644,0.3820445239543915,0.3840543329715729
7,19,0,Manhattan (G),0.7660988569259644,0.44454139471054077,0.3215574622154236
7,19,0,Manhattan (H),0.7660988569259644,0.629571795463562,0.13652706146240234
12,19,0,Minkowski (P),0.9652743935585022,0.34524890780448914,0.6200254857540131
12,19,0,Minkowski (G),0.9652743935585022,0.6537437438964844,0.3115306496620178
12,19,0,Minkowski (H),0.9652743935585022,0.6937999725341797,0.2714744210243225
12,19,0,Euclidiana (P),0.9652743935585022,0.4549546539783478,0.5103197395801544
12,19,0,Euclidiana (G),0.9652743935585022,0.6098392009735107,0.35543519258499146
12,19,0,Euclidiana (H),0.9652743935585022,0.6506759524345398,0.3145984411239624
12,19,0,Manhattan (P),0.9652743935585022,0.9350572228431702,0.03021717071533203
12,19,0,Manhattan (G),0.9652743935585022,0.9150789380073547,0.05019545555114746
12,19,0,Manhattan (H),0.9652743935585022,0.9428253769874573,0.022449016571044922
42,19,0,Minkowski (P),0.9001734256744385,0.3807934820652008,0.5193799436092377
42,19,0,Minkowski (G),0.9001734256744385,0.5104603171348572,0.3897131085395813
42,19,0,Minkowski (H),0.9001734256744385,0.7346808910369873,0.16549253463745117
42,19,0,Euclidiana (P),0.9001734256744385,0.6362258791923523,0.2639475464820862
42,19,0,Euclidiana (G),0.9001734256744385,0.7812870740890503,0.11888635158538818
42,19,0,Euclidiana (H),0.9001734256744385,0.5694617033004761,0.3307117223739624
42,19,0,Manhattan (P),0.9001734256744385,0.8676992058753967,0.03247421979904175
42,19,0,Manhattan (G),0.9001734256744385,0.7973862886428833,0.10278713703155518
42,19,0,Manhattan (H),0.9001734256744385,0.8245643377304077,0.07560908794403076
65,19,0,Minkowski (P),0.9144716262817383,0.27755409479141235,0.6369175314903259
65,19,0,Minkowski (G),0.9144716262817383,0.6585651636123657,0.25590646266937256
65,19,0,Minkowski (H),0.9144716262817383,0.5716549754142761,0.34281665086746216
65,19,0,Euclidiana (P),0.9144716262817383,0.55785071849823,0.3566209077835083
65,19,0,Euclidiana (G),0.9144716262817383,0.86885005235672,0.04562157392501831
65,19,0,Euclidiana (H),0.9144716262817383,0.7717437744140625,0.14272785186767578
65,19,0,Manhattan (P),0.9144716262817383,0.8755629062652588,0.03890872001647949
65,19,0,Manhattan (G),0.9144716262817383,0.88975989818573,0.0247117280960083
65,19,0,Manhattan (H),0.9144716262817383,0.7753220796585083,0.13914954662322998
87,19,0,Minkowski (P),0.803256094455719,0.4235798120498657,0.37967628240585327
87,19,0,Minkowski (G),0.803256094455719,0.47006362676620483,0.33319246768951416
87,19,0,Minkowski (H),0.803256094455719,0.5620399713516235,0.24121612310409546
87,19,0,Euclidiana (P),0.803256094455719,0.3931528329849243,0.4101032614707947
87,19,0,Euclidiana (G),0.803256094455719,0.4363510310649872,0.3669050633907318
87,19,0,Euclidiana (H),0.803256094455719,0.3328612148761749,0.47039487957954407
87,19,0,Manhattan (P),0.803256094455719,0.5381209254264832,0.26513516902923584
87,19,0,Manhattan (G),0.803256094455719,0.7388707995414734,0.0643852949142456
87,19,0,Manhattan (H),0.803256094455719,0.8260169625282288,-0.022760868072509766
93,19,0,Minkowski (P),0.8963200449943542,0.5508379936218262,0.3454820513725281
93,19,0,Minkowski (G),0.8963200449943542,0.51414954662323,0.38217049837112427
93,19,0,Minkowski (H),0.8963200449943542,0.39635923504829407,0.4999608099460602
93,19,0,Euclidiana (P),0.8963200449943542,0.3129749298095703,0.5833451151847839
93,19,0,Euclidiana (G),0.8963200449943542,0.6044514775276184,0.29186856746673584
93,19,0,Euclidiana (H),0.8963200449943542,0.6953528523445129,0.2009671926498413
93,19,0,Manhattan (P),0.8963200449943542,0.8967487215995789,-0.0004286766052246094
93,19,0,Manhattan (G),0.8963200449943542,0.8684564232826233,0.027863621711730957
93,19,0,Manhattan (H),0.8963200449943542,0.7627260684967041,0.13359397649765015
107,19,0,Minkowski (P),0.9978464841842651,0.4236178994178772,0.5742285847663879
107,19,0,Minkowski (G),0.9978464841842651,0.61334228515625,0.38450419902801514
107,19,0,Minkowski (H),0.9978464841842651,0.6870713829994202,0.31077510118484497
107,19,0,Euclidiana (P),0.9978464841842651,0.830173671245575,0.16767281293869019
107,19,0,Euclidiana (G),0.9978464841842651,0.9873573780059814,0.010489106178283691
107,19,0,Euclidiana (H),0.9978464841842651,0.91064453125,0.08720195293426514
107,19,0,Manhattan (P),0.9978464841842651,0.9742315411567688,0.023614943027496338
107,19,0,Manhattan (G),0.9978464841842651,0.9779335260391235,0.0199129581451416
107,19,0,Manhattan (H),0.9978464841842651,0.9928154945373535,0.005030989646911621
121,19,0,Minkowski (P),0.9501392245292664,0.38113418221473694,0.5690050423145294
121,19,0,Minkowski (G),0.9501392245292664,0.23281314969062805,0.7173260748386383
121,19,0,Minkowski (H),0.9501392245292664,0.4208635091781616,0.5292757153511047
121,19,0,Euclidiana (P),0.9501392245292664,0.5523762702941895,0.3977629542350769
121,19,0,Euclidiana (G),0.9501392245292664,0.8850807547569275,0.06505846977233887
121,19,0,Euclidiana (H),0.9501392245292664,0.26820653676986694,0.6819326877593994
121,19,0,Manhattan (P),0.9501392245292664,0.6839969754219055,0.26614224910736084
121,19,0,Manhattan (G),0.9501392245292664,0.7514317631721497,0.1987074613571167
121,19,0,Manhattan (H),0.9501392245292664,0.8688153028488159,0.08132392168045044
7,20,0,Minkowski (P),0.9941951632499695,0.6713265180587769,0.3228686451911926
7,20,0,Minkowski (G),0.9941951632499695,0.6562350392341614,0.3379601240158081
7,20,0,Minkowski (H),0.9941951632499695,0.611711859703064,0.3824833035469055
7,20,0,Euclidiana (P),0.9941951632499695,0.3052169382572174,0.6889782249927521
7,20,0,Euclidiana (G),0.9941951632499695,0.28325819969177246,0.710936963558197
7,20,0,Euclidiana (H),0.9941951632499695,0.793407142162323,0.20078802108764648
7,20,0,Manhattan (P),0.9941951632499695,0.8744063973426819,0.1197887659072876
7,20,0,Manhattan (G),0.9941951632499695,0.9490309357643127,0.04516422748565674
7,20,0,Manhattan (H),0.9941951632499695,0.9207602143287659,0.07343494892120361
12,20,0,Minkowski (P),0.9879013299942017,0.3862716257572174,0.6016297042369843
12,20,0,Minkowski (G),0.9879013299942017,0.7390319108963013,0.2488694190979004
12,20,0,Minkowski (H),0.9879013299942017,0.5472773313522339,0.4406239986419678
12,20,0,Euclidiana (P),0.9879013299942017,0.42882266640663147,0.5590786635875702
12,20,0,Euclidiana (G),0.9879013299942017,0.33781421184539795,0.6500871181488037
12,20,0,Euclidiana (H),0.9879013299942017,0.47926416993141174,0.5086371600627899
12,20,0,Manhattan (P),0.9879013299942017,0.7817895412445068,0.20611178874969482
12,20,0,Manhattan (G),0.9879013299942017,0.9563222527503967,0.03157907724380493
12,20,0,Manhattan (H),0.9879013299942017,0.9049116373062134,0.08298969268798828
42,20,0,Minkowski (P),0.9697796106338501,0.5871647000312805,0.3826149106025696
42,20,0,Minkowski (G),0.9697796106338501,0.7113909125328064,0.2583886981010437
42,20,0,Minkowski (H),0.9697796106338501,0.6028000116348267,0.36697959899902344
42,20,0,Euclidiana (P),0.9697796106338501,0.4230285584926605,0.5467510521411896
42,20,0,Euclidiana (G),0.9697796106338501,0.5477301478385925,0.42204946279525757
42,20,0,Euclidiana (H),0.9697796106338501,0.6265653967857361,0.343214213848114
42,20,0,Manhattan (P),0.9697796106338501,0.7076376676559448,0.2621419429779053
42,20,0,Manhattan (G),0.9697796106338501,0.9198065400123596,0.04997307062149048
42,20,0,Manhattan (H),0.9697796106338501,0.7959223985671997,0.1738572120666504
65,20,0,Minkowski (P),0.9626927375793457,0.5815194845199585,0.3811732530593872
65,20,0,Minkowski (G),0.9626927375793457,0.8121812343597412,0.1505115032196045
65,20,0,Minkowski (H),0.9626927375793457,0.7264337539672852,0.23625898361206055
65,20,0,Euclidiana (P),0.9626927375793457,0.6463578939437866,0.3163348436355591
65,20,0,Euclidiana (G),0.9626927375793457,0.6361467838287354,0.32654595375061035
65,20,0,Euclidiana (H),0.9626927375793457,0.7383612394332886,0.22433149814605713
65,20,0,Manhattan (P),0.9626927375793457,0.7414228320121765,0.2212699055671692
65,20,0,Manhattan (G),0.9626927375793457,0.9158579111099243,0.04683482646942139
65,20,0,Manhattan (H),0.9626927375793457,0.9084873795509338,0.054205358028411865
87,20,0,Minkowski (P),0.9852338433265686,0.8207725882530212,0.16446125507354736
87,20,0,Minkowski (G),0.9852338433265686,0.8252556920051575,0.15997815132141113
87,20,0,Minkowski (H),0.9852338433265686,0.6500716805458069,0.3351621627807617
87,20,0,Euclidiana (P),0.9852338433265686,0.47598156332969666,0.509252279996872
87,20,0,Euclidiana (G),0.9852338433265686,0.7280943393707275,0.25713950395584106
87,20,0,Euclidiana (H),0.9852338433265686,0.6804274916648865,0.30480635166168213
87,20,0,Manhattan (P),0.9852338433265686,0.8748764991760254,0.11035734415054321
87,20,0,Manhattan (G),0.9852338433265686,0.9267950057983398,0.05843883752822876
87,20,0,Manhattan (H),0.9852338433265686,0.9402742981910706,0.04495954513549805
93,20,0,Minkowski (P),0.9941575527191162,0.8011940717697144,0.19296348094940186
93,20,0,Minkowski (G),0.9941575527191162,0.8550024032592773,0.13915514945983887
93,20,0,Minkowski (H),0.9941575527191162,0.6095189452171326,0.38463860750198364
93,20,0,Euclidiana (P),0.9941575527191162,0.21495531499385834,0.7792022377252579
93,20,0,Euclidiana (G),0.9941575527191162,0.3123417794704437,0.6818157732486725
93,20,0,Euclidiana (H),0.9941575527191162,0.7730199694633484,0.22113758325576782
93,20,0,Manhattan (P),0.9941575527191162,0.8599427342414856,0.13421481847763062
93,20,0,Manhattan (G),0.9941575527191162,0.9554405808448792,0.03871697187423706
93,20,0,Manhattan (H),0.9941575527191162,0.9541211128234863,0.04003643989562988
107,20,0,Minkowski (P),0.9969966411590576,0.5065352916717529,0.4904613494873047
107,20,0,Minkowski (G),0.9969966411590576,0.7490026354789734,0.24799400568008423
107,20,0,Minkowski (H),0.9969966411590576,0.9030294418334961,0.09396719932556152
107,20,0,Euclidiana (P),0.9969966411590576,0.8398382067680359,0.15715843439102173
107,20,0,Euclidiana (G),0.9969966411590576,0.7342925667762756,0.262704074382782
107,20,0,Euclidiana (H),0.9969966411590576,0.9223276972770691,0.07466894388198853
107,20,0,Manhattan (P),0.9969966411590576,0.858174204826355,0.13882243633270264
107,20,0,Manhattan (G),0.9969966411590576,0.9474533796310425,0.04954326152801514
107,20,0,Manhattan (H),0.9969966411590576,0.9517033100128174,0.045293331146240234
121,20,0,Minkowski (P),0.9924269914627075,0.6084566712379456,0.38397032022476196
121,20,0,Minkowski (G),0.9924269914627075,0.55057692527771,0.44185006618499756
121,20,0,Minkowski (H),0.9924269914627075,0.5185768604278564,0.4738501310348511
121,20,0,Euclidiana (P),0.9924269914627075,0.5915066003799438,0.40092039108276367
121,20,0,Euclidiana (G),0.9924269914627075,0.5439656376838684,0.4484613537788391
121,20,0,Euclidiana (H),0.9924269914627075,0.8541027903556824,0.13832420110702515
121,20,0,Manhattan (P),0.9924269914627075,0.8095999956130981,0.18282699584960938
121,20,0,Manhattan (G),0.9924269914627075,0.9479705095291138,0.04445648193359375
121,20,0,Manhattan (H),0.9924269914627075,0.9781911373138428,0.014235854148864746
7,21,0,Minkowski (P),0.9265050292015076,0.6418888568878174,0.2846161723136902
7,21,0,Minkowski (G),0.9265050292015076,0.5768411159515381,0.3496639132499695
7,21,0,Minkowski (H),0.9265050292015076,0.5063253045082092,0.42017972469329834
7,21,0,Euclidiana (P),0.9265050292015076,0.3133353292942047,0.6131696999073029
7,21,0,Euclidiana (G),0.9265050292015076,0.10161199420690536,0.8248930349946022
7,21,0,Euclidiana (H),0.9265050292015076,0.23054616153240204,0.6959588676691055
7,21,0,Manhattan (P),0.9265050292015076,0.3609122335910797,0.5655927956104279
7,21,0,Manhattan (G),0.9265050292015076,0.5252209901809692,0.40128403902053833
7,21,0,Manhattan (H),0.9265050292015076,0.6301213502883911,0.29638367891311646
12,21,0,Minkowski (P),0.9922316074371338,0.5091551542282104,0.48307645320892334
12,21,0,Minkowski (G),0.9922316074371338,0.6070134043693542,0.38521820306777954
12,21,0,Minkowski (H),0.9922316074371338,0.4102635383605957,0.5819680690765381
12,21,0,Euclidiana (P),0.9922316074371338,0.3554994761943817,0.6367321312427521
12,21,0,Euclidiana (G),0.9922316074371338,0.22500202059745789,0.7672295868396759
12,21,0,Euclidiana (H),0.9922316074371338,0.4870182275772095,0.5052133798599243
12,21,0,Manhattan (P),0.9922316074371338,0.8824020624160767,0.10982954502105713
12,21,0,Manhattan (G),0.9922316074371338,0.9243840575218201,0.06784754991531372
12,21,0,Manhattan (H),0.9922316074371338,0.9465557336807251,0.04567587375640869
42,21,0,Minkowski (P),0.8619629740715027,0.6778302788734436,0.18413269519805908
42,21,0,Minkowski (G),0.8619629740715027,0.5384635329246521,0.3234994411468506
42,21,0,Minkowski (H),0.8619629740715027,0.5735805630683899,0.2883824110031128
42,21,0,Euclidiana (P),0.8619629740715027,0.46033328771591187,0.4016296863555908
42,21,0,Euclidiana (G),0.8619629740715027,0.30676621198654175,0.5551967620849609
42,21,0,Euclidiana (H),0.8619629740715027,0.3935061991214752,0.46845677495002747
42,21,0,Manhattan (P),0.8619629740715027,0.44284287095069885,0.41912010312080383
42,21,0,Manhattan (G),0.8619629740715027,0.8340656161308289,0.027897357940673828
42,21,0,Manhattan (H),0.8619629740715027,0.6039912104606628,0.25797176361083984
65,21,0,Minkowski (P),0.8084837794303894,0.5529156923294067,0.25556808710098267
65,21,0,Minkowski (G),0.8084837794303894,0.5996938943862915,0.2087898850440979
65,21,0,Minkowski (H),0.8084837794303894,0.5959384441375732,0.21254533529281616
65,21,0,Euclidiana (P),0.8084837794303894,0.3248297870159149,0.4836539924144745
65,21,0,Euclidiana (G),0.8084837794303894,0.4685250222682953,0.3399587571620941
65,21,0,Euclidiana (H),0.8084837794303894,0.5293145179748535,0.2791692614555359
65,21,0,Manhattan (P),0.8084837794303894,0.6511913537979126,0.1572924256324768
65,21,0,Manhattan (G),0.8084837794303894,0.7776893973350525,0.030794382095336914
65,21,0,Manhattan (H),0.8084837794303894,0.7010157108306885,0.10746806859970093
87,21,0,Minkowski (P),0.7942403554916382,0.5703561902046204,0.22388416528701782
87,21,0,Minkowski (G),0.7942403554916382,0.5752071142196655,0.21903324127197266
87,21,0,Minkowski (H),0.7942403554916382,0.4114392101764679,0.3828011453151703
87,21,0,Euclidiana (P),0.7942403554916382,0.32706019282341003,0.46718016266822815
87,21,0,Euclidiana (G),0.7942403554916382,0.42049843072891235,0.37374192476272583
87,21,0,Euclidiana (H),0.7942403554916382,0.4885404109954834,0.3056999444961548
87,21,0,Manhattan (P),0.7942403554916382,0.4461703896522522,0.348069965839386
87,21,0,Manhattan (G),0.7942403554916382,0.4259239435195923,0.3683164119720459
87,21,0,Manhattan (H),0.7942403554916382,0.6427072882652283,0.1515330672264099
93,21,0,Minkowski (P),0.9677454233169556,0.8876929879188538,0.0800524353981018
93,21,0,Minkowski (G),0.9677454233169556,0.7354421019554138,0.23230332136154175
93,21,0,Minkowski (H),0.9677454233169556,0.47778287529945374,0.48996254801750183
93,21,0,Euclidiana (P),0.9677454233169556,0.16524499654769897,0.8025004267692566
93,21,0,Euclidiana (G),0.9677454233169556,0.2818520963191986,0.685893326997757
93,21,0,Euclidiana (H),0.9677454233169556,0.4418342411518097,0.5259111821651459
93,21,0,Manhattan (P),0.9677454233169556,0.8421075344085693,0.12563788890838623
93,21,0,Manhattan (G),0.9677454233169556,0.8413691520690918,0.12637627124786377
93,21,0,Manhattan (H),0.9677454233169556,0.8041055798530579,0.1636398434638977
107,21,0,Minkowski (P),0.8247304558753967,0.3000892996788025,0.5246411561965942
107,21,0,Minkowski (G),0.8247304558753967,0.6243277192115784,0.20040273666381836
107,21,0,Minkowski (H),0.8247304558753967,0.5676947236061096,0.2570357322692871
107,21,0,Euclidiana (P),0.8247304558753967,0.6278989315032959,0.19683152437210083
107,21,0,Euclidiana (G),0.8247304558753967,0.2733706831932068,0.5513597726821899
107,21,0,Euclidiana (H),0.8247304558753967,0.5408978462219238,0.2838326096534729
107,21,0,Manhattan (P),0.8247304558753967,0.22092457115650177,0.603805884718895
107,21,0,Manhattan (G),0.8247304558753967,0.24688319861888885,0.5778472572565079
107,21,0,Manhattan (H),0.8247304558753967,0.4420294761657715,0.38270097970962524
121,21,0,Minkowski (P),0.831290066242218,0.5282663106918335,0.3030237555503845
121,21,0,Minkowski (G),0.831290066242218,0.41558241844177246,0.41570764780044556
121,21,0,Minkowski (H),0.831290066242218,0.20629030466079712,0.6249997615814209
121,21,0,Euclidiana (P),0.831290066242218,0.35267606377601624,0.4786140024662018
121,21,0,Euclidiana (G),0.831290066242218,0.36693426966667175,0.46435579657554626
121,21,0,Euclidiana (H),0.831290066242218,0.6641907095909119,0.16709935665130615
121,21,0,Manhattan (P),0.831290066242218,0.18818214535713196,0.6431079208850861
121,21,0,Manhattan (G),0.831290066242218,0.4208124577999115,0.4104776084423065
121,21,0,Manhattan (H),0.831290066242218,0.5923649668693542,0.23892509937286377
7,22,1,Minkowski (P),0.9141113758087158,0.749360978603363,0.16475039720535278
7,22,1,Minkowski (G),0.9141113758087158,0.9372028112411499,-0.023091435432434082
7,22,1,Minkowski (H),0.9141113758087158,0.7620880007743835,0.15202337503433228
7,22,1,Euclidiana (P),0.9141113758087158,0.8323988914489746,0.08171248435974121
7,22,1,Euclidiana (G),0.9141113758087158,0.9415575265884399,-0.02744615077972412
7,22,1,Euclidiana (H),0.9141113758087158,0.8918957710266113,0.022215604782104492
7,22,1,Manhattan (P),0.9141113758087158,0.6870710253715515,0.2270403504371643
7,22,1,Manhattan (G),0.9141113758087158,0.9055919647216797,0.008519411087036133
7,22,1,Manhattan (H),0.9141113758087158,0.9295653700828552,-0.015453994274139404
12,22,1,Minkowski (P),0.9289256930351257,0.9251545071601868,0.003771185874938965
12,22,1,Minkowski (G),0.9289256930351257,0.9025242328643799,0.02640146017074585
12,22,1,Minkowski (H),0.9289256930351257,0.7508137822151184,0.17811191082000732
12,22,1,Euclidiana (P),0.9289256930351257,0.6826550960540771,0.24627059698104858
12,22,1,Euclidiana (G),0.9289256930351257,0.9375678300857544,-0.008642137050628662
12,22,1,Euclidiana (H),0.9289256930351257,0.8546415567398071,0.0742841362953186
12,22,1,Manhattan (P),0.9289256930351257,0.8576787710189819,0.0712469220161438
12,22,1,Manhattan (G),0.9289256930351257,0.8715384602546692,0.05738723278045654
12,22,1,Manhattan (H),0.9289256930351257,0.8960545063018799,0.03287118673324585
42,22,1,Minkowski (P),0.8244146108627319,0.7158388495445251,0.10857576131820679
42,22,1,Minkowski (G),0.8244146108627319,0.8495427966117859,-0.025128185749053955
42,22,1,Minkowski (H),0.8244146108627319,0.7552502751350403,0.06916433572769165
42,22,1,Euclidiana (P),0.8244146108627319,0.6791713833808899,0.14524322748184204
42,22,1,Euclidiana (G),0.8244146108627319,0.8966608047485352,-0.07224619388580322
42,22,1,Euclidiana (H),0.8244146108627319,0.8575774431228638,-0.033162832260131836
42,22,1,Manhattan (P),0.8244146108627319,0.741732120513916,0.08268249034881592
42,22,1,Manhattan (G),0.8244146108627319,0.8000496029853821,0.024365007877349854
42,22,1,Manhattan (H),0.8244146108627319,0.9155620336532593,-0.09114742279052734
65,22,1,Minkowski (P),0.7445151209831238,0.693114697933197,0.05140042304992676
65,22,1,Minkowski (G),0.7445151209831238,0.869894802570343,-0.12537968158721924
65,22,1,Minkowski (H),0.7445151209831238,0.8166731595993042,-0.07215803861618042
65,22,1,Euclidiana (P),0.7445151209831238,0.6895849704742432,0.054930150508880615
65,22,1,Euclidiana (G),0.7445151209831238,0.7820908427238464,-0.037575721740722656
65,22,1,Euclidiana (H),0.7445151209831238,0.6816223859786987,0.06289273500442505
65,22,1,Manhattan (P),0.7445151209831238,0.5495351552963257,0.1949799656867981
65,22,1,Manhattan (G),0.7445151209831238,0.7006569504737854,0.04385817050933838
65,22,1,Manhattan (H),0.7445151209831238,0.8355373740196228,-0.09102225303649902
87,22,1,Minkowski (P),0.7517772912979126,0.5632563829421997,0.1885209083557129
87,22,1,Minkowski (G),0.7517772912979126,0.4205597937107086,0.331217497587204
87,22,1,Minkowski (H),0.7517772912979126,0.6098330616950989,0.14194422960281372
87,22,1,Euclidiana (P),0.7517772912979126,0.6372489929199219,0.11452829837799072
87,22,1,Euclidiana (G),0.7517772912979126,0.8280282020568848,-0.07625091075897217
87,22,1,Euclidiana (H),0.7517772912979126,0.8249032497406006,-0.07312595844268799
87,22,1,Manhattan (P),0.7517772912979126,0.6458389163017273,0.1059383749961853
87,22,1,Manhattan (G),0.7517772912979126,0.7312373518943787,0.020539939403533936
87,22,1,Manhattan (H),0.7517772912979126,0.7913234829902649,-0.039546191692352295
93,22,1,Minkowski (P),0.9674927592277527,0.6486443877220154,0.3188483715057373
93,22,1,Minkowski (G),0.9674927592277527,0.9312966465950012,0.036196112632751465
93,22,1,Minkowski (H),0.9674927592277527,0.8280701637268066,0.13942259550094604
93,22,1,Euclidiana (P),0.9674927592277527,0.7484151124954224,0.21907764673233032
93,22,1,Euclidiana (G),0.9674927592277527,0.9477438926696777,0.01974886655807495
93,22,1,Euclidiana (H),0.9674927592277527,0.9062821865081787,0.061210572719573975
93,22,1,Manhattan (P),0.9674927592277527,0.8136926889419556,0.15380007028579712
93,22,1,Manhattan (G),0.9674927592277527,0.854408323764801,0.11308443546295166
93,22,1,Manhattan (H),0.9674927592277527,0.9711751341819763,-0.003682374954223633
107,22,1,Minkowski (P),0.9157840013504028,0.796375572681427,0.11940842866897583
107,22,1,Minkowski (G),0.9157840013504028,0.7955326437950134,0.1202513575553894
107,22,1,Minkowski (H),0.9157840013504028,0.8216941356658936,0.09408986568450928
107,22,1,Euclidiana (P),0.9157840013504028,0.7553053498268127,0.1604786515235901
107,22,1,Euclidiana (G),0.9157840013504028,0.8857946991920471,0.029989302158355713
107,22,1,Euclidiana (H),0.9157840013504028,0.6805791854858398,0.235204815864563
107,22,1,Manhattan (P),0.9157840013504028,0.8154164552688599,0.10036754608154297
107,22,1,Manhattan (G),0.9157840013504028,0.8599046468734741,0.05587935447692871
107,22,1,Manhattan (H),0.9157840013504028,0.9308497905731201,-0.015065789222717285
121,22,1,Minkowski (P),0.963286280632019,0.796293318271637,0.16699296236038208
121,22,1,Minkowski (G),0.963286280632019,0.9469733238220215,0.01631295680999756
121,22,1,Minkowski (H),0.963286280632019,0.8643694519996643,0.09891682863235474
121,22,1,Euclidiana (P),0.963286280632019,0.7964345216751099,0.16685175895690918
121,22,1,Euclidiana (G),0.963286280632019,0.963701605796814,-0.0004153251647949219
121,22,1,Euclidiana (H),0.963286280632019,0.9418367147445679,0.021449565887451172
121,22,1,Manhattan (P),0.963286280632019,0.8906607627868652,0.07262551784515381
121,22,1,Manhattan (G),0.963286280632019,0.9581719636917114,0.005114316940307617
121,22,1,Manhattan (H),0.963286280632019,0.9695946574211121,-0.006308376789093018
7,23,1,Minkowski (P),0.9889950156211853,0.9257374405860901,0.06325757503509521
7,23,1,Minkowski (G),0.9889950156211853,0.9770721793174744,0.011922836303710938
7,23,1,Minkowski (H),0.9889950156211853,0.919420599937439,0.06957441568374634
7,23,1,Euclidiana (P),0.9889950156211853,0.9124391674995422,0.07655584812164307
7,23,1,Euclidiana (G),0.9889950156211853,0.949567437171936,0.03942757844924927
7,23,1,Euclidiana (H),0.9889950156211853,0.9240028858184814,0.06499212980270386
7,23,1,Manhattan (P),0.9889950156211853,0.94639652967453,0.04259848594665527
7,23,1,Manhattan (G),0.9889950156211853,0.9728661179542542,0.016128897666931152
7,23,1,Manhattan (H),0.9889950156211853,0.9832347631454468,0.005760252475738525
12,23,1,Minkowski (P),0.957954466342926,0.9191613793373108,0.038793087005615234
12,23,1,Minkowski (G),0.957954466342926,0.9247257709503174,0.03322869539260864
12,23,1,Minkowski (H),0.957954466342926,0.8862605094909668,0.07169395685195923
12,23,1,Euclidiana (P),0.957954466342926,0.7719807028770447,0.18597376346588135
12,23,1,Euclidiana (G),0.957954466342926,0.9179458618164062,0.040008604526519775
12,23,1,Euclidiana (H),0.957954466342926,0.7364339828491211,0.22152048349380493
12,23,1,Manhattan (P),0.957954466342926,0.9139503240585327,0.04400414228439331
12,23,1,Manhattan (G),0.957954466342926,0.9076303243637085,0.05032414197921753
12,23,1,Manhattan (H),0.957954466342926,0.9467079639434814,0.01124650239944458
42,23,1,Minkowski (P),0.9542627334594727,0.8647444248199463,0.08951830863952637
42,23,1,Minkowski (G),0.9542627334594727,0.9338125586509705,0.020450174808502197
42,23,1,Minkowski (H),0.9542627334594727,0.8853835463523865,0.06887918710708618
42,23,1,Euclidiana (P),0.9542627334594727,0.8794543147087097,0.07480841875076294
42,23,1,Euclidiana (G),0.9542627334594727,0.8980265855789185,0.0562361478805542
42,23,1,Euclidiana (H),0.9542627334594727,0.8296075463294983,0.12465518712997437
42,23,1,Manhattan (P),0.9542627334594727,0.8658316135406494,0.08843111991882324
42,23,1,Manhattan (G),0.9542627334594727,0.902297854423523,0.05196487903594971
42,23,1,Manhattan (H),0.9542627334594727,0.975267231464386,-0.02100449800491333
65,23,1,Minkowski (P),0.98158860206604,0.7900185585021973,0.19157004356384277
65,23,1,Minkowski (G),0.98158860206604,0.8475284576416016,0.13406014442443848
65,23,1,Minkowski (H),0.98158860206604,0.8719314336776733,0.1096571683883667
65,23,1,Euclidiana (P),0.98158860206604,0.813827395439148,0.1677612066268921
65,23,1,Euclidiana (G),0.98158860206604,0.8394479751586914,0.14214062690734863
65,23,1,Euclidiana (H),0.98158860206604,0.8957686424255371,0.08581995964050293
65,23,1,Manhattan (P),0.98158860206604,0.934592604637146,0.04699599742889404
65,23,1,Manhattan (G),0.98158860206604,0.9409232139587402,0.040665388107299805
65,23,1,Manhattan (H),0.98158860206604,0.970544159412384,0.011044442653656006
87,23,1,Minkowski (P),0.9108902812004089,0.8328056931495667,0.07808458805084229
87,23,1,Minkowski (G),0.9108902812004089,0.7763041257858276,0.1345861554145813
87,23,1,Minkowski (H),0.9108902812004089,0.8190518617630005,0.09183841943740845
87,23,1,Euclidiana (P),0.9108902812004089,0.8091641664505005,0.10172611474990845
87,23,1,Euclidiana (G),0.9108902812004089,0.8364068865776062,0.07448339462280273
87,23,1,Euclidiana (H),0.9108902812004089,0.7858973741531372,0.12499290704727173
87,23,1,Manhattan (P),0.9108902812004089,0.8557993769645691,0.055090904235839844
87,23,1,Manhattan (G),0.9108902812004089,0.8575301170349121,0.053360164165496826
87,23,1,Manhattan (H),0.9108902812004089,0.8934003114700317,0.017489969730377197
93,23,1,Minkowski (P),0.9946617484092712,0.8134567141532898,0.18120503425598145
93,23,1,Minkowski (G),0.9946617484092712,0.8284295201301575,0.16623222827911377
93,23,1,Minkowski (H),0.9946617484092712,0.9075486063957214,0.0871131420135498
93,23,1,Euclidiana (P),0.9946617484092712,0.9135405421257019,0.08112120628356934
93,23,1,Euclidiana (G),0.9946617484092712,0.9662332534790039,0.028428494930267334
93,23,1,Euclidiana (H),0.9946617484092712,0.9686320424079895,0.02602970600128174
93,23,1,Manhattan (P),0.9946617484092712,0.9753257632255554,0.01933598518371582
93,23,1,Manhattan (G),0.9946617484092712,0.973450243473053,0.02121150493621826
93,23,1,Manhattan (H),0.9946617484092712,0.989816427230835,0.004845321178436279
107,23,1,Minkowski (P),0.9938276410102844,0.9313750267028809,0.062452614307403564
107,23,1,Minkowski (G),0.9938276410102844,0.9635909199714661,0.03023672103881836
107,23,1,Minkowski (H),0.9938276410102844,0.9646416902542114,0.029185950756072998
107,23,1,Euclidiana (P),0.9938276410102844,0.8628126382827759,0.13101500272750854
107,23,1,Euclidiana (G),0.9938276410102844,0.8994484543800354,0.09437918663024902
107,23,1,Euclidiana (H),0.9938276410102844,0.8346590995788574,0.159168541431427
107,23,1,Manhattan (P),0.9938276410102844,0.9579799771308899,0.03584766387939453
107,23,1,Manhattan (G),0.9938276410102844,0.9582396149635315,0.03558802604675293
107,23,1,Manhattan (H),0.9938276410102844,0.98771733045578,0.0061103105545043945
121,23,1,Minkowski (P),0.9943053126335144,0.9065870046615601,0.08771830797195435
121,23,1,Minkowski (G),0.9943053126335144,0.9815145134925842,0.012790799140930176
121,23,1,Minkowski (H),0.9943053126335144,0.9548683166503906,0.03943699598312378
121,23,1,Euclidiana (P),0.9943053126335144,0.910318911075592,0.08398640155792236
121,23,1,Euclidiana (G),0.9943053126335144,0.9731653928756714,0.021139919757843018
121,23,1,Euclidiana (H),0.9943053126335144,0.9728532433509827,0.02145206928253174
121,23,1,Manhattan (P),0.9943053126335144,0.9807860255241394,0.013519287109375
121,23,1,Manhattan (G),0.9943053126335144,0.9830229878425598,0.01128232479095459
121,23,1,Manhattan (H),0.9943053126335144,0.9924811124801636,0.00182420015335083
7,24,1,Minkowski (P),0.9713639616966248,0.9660137295722961,0.005350232124328613
7,24,1,Minkowski (G),0.9713639616966248,0.9494222402572632,0.021941721439361572
7,24,1,Minkowski (H),0.9713639616966248,0.8274566531181335,0.1439073085784912
7,24,1,Euclidiana (P),0.9713639616966248,0.9682508707046509,0.003113090991973877
7,24,1,Euclidiana (G),0.9713639616966248,0.9359689950942993,0.03539496660232544
7,24,1,Euclidiana (H),0.9713639616966248,0.8505693078041077,0.12079465389251709
7,24,1,Manhattan (P),0.9713639616966248,0.9362490773200989,0.03511488437652588
7,24,1,Manhattan (G),0.9713639616966248,0.9779159426689148,-0.006551980972290039
7,24,1,Manhattan (H),0.9713639616966248,0.9854210019111633,-0.014057040214538574
12,24,1,Minkowski (P),0.8791452646255493,0.8958093523979187,-0.016664087772369385
12,24,1,Minkowski (G),0.8791452646255493,0.8606436252593994,0.018501639366149902
12,24,1,Minkowski (H),0.8791452646255493,0.7945464253425598,0.0845988392829895
12,24,1,Euclidiana (P),0.8791452646255493,0.69344562292099,0.18569964170455933
12,24,1,Euclidiana (G),0.8791452646255493,0.9155424237251282,-0.03639715909957886
12,24,1,Euclidiana (H),0.8791452646255493,0.8415137529373169,0.03763151168823242
12,24,1,Manhattan (P),0.8791452646255493,0.8893575668334961,-0.010212302207946777
12,24,1,Manhattan (G),0.8791452646255493,0.9023045301437378,-0.023159265518188477
12,24,1,Manhattan (H),0.8791452646255493,0.9384512901306152,-0.05930602550506592
42,24,1,Minkowski (P),0.8868597745895386,0.8573412299156189,0.029518544673919678
42,24,1,Minkowski (G),0.8868597745895386,0.8513637781143188,0.03549599647521973
42,24,1,Minkowski (H),0.8868597745895386,0.8282261490821838,0.058633625507354736
42,24,1,Euclidiana (P),0.8868597745895386,0.8722909092903137,0.014568865299224854
42,24,1,Euclidiana (G),0.8868597745895386,0.8773835301399231,0.009476244449615479
42,24,1,Euclidiana (H),0.8868597745895386,0.8514318466186523,0.03542792797088623
42,24,1,Manhattan (P),0.8868597745895386,0.8092409372329712,0.07761883735656738
42,24,1,Manhattan (G),0.8868597745895386,0.8484124541282654,0.03844732046127319
42,24,1,Manhattan (H),0.8868597745895386,0.9378441572189331,-0.05098438262939453
65,24,1,Minkowski (P),0.9588127732276917,0.9163364768028259,0.04247629642486572
65,24,1,Minkowski (G),0.9588127732276917,0.9088551998138428,0.04995757341384888
65,24,1,Minkowski (H),0.9588127732276917,0.8674558997154236,0.09135687351226807
65,24,1,Euclidiana (P),0.9588127732276917,0.8844664692878723,0.07434630393981934
65,24,1,Euclidiana (G),0.9588127732276917,0.8757626414299011,0.08305013179779053
65,24,1,Euclidiana (H),0.9588127732276917,0.9164966940879822,0.04231607913970947
65,24,1,Manhattan (P),0.9588127732276917,0.9046716094017029,0.05414116382598877
65,24,1,Manhattan (G),0.9588127732276917,0.939842164516449,0.018970608711242676
65,24,1,Manhattan (H),0.9588127732276917,0.9710564613342285,-0.012243688106536865
87,24,1,Minkowski (P),0.9106603860855103,0.8830080032348633,0.027652382850646973
87,24,1,Minkowski (G),0.9106603860855103,0.8650581240653992,0.045602262020111084
87,24,1,Minkowski (H),0.9106603860855103,0.8043035864830017,0.10635679960250854
87,24,1,Euclidiana (P),0.9106603860855103,0.8998086452484131,0.010851740837097168
87,24,1,Euclidiana (G),0.9106603860855103,0.8658233880996704,0.044836997985839844
87,24,1,Euclidiana (H),0.9106603860855103,0.8941229581832886,0.01653742790222168
87,24,1,Manhattan (P),0.9106603860855103,0.8453783988952637,0.06528198719024658
87,24,1,Manhattan (G),0.9106603860855103,0.8487971425056458,0.0618632435798645
87,24,1,Manhattan (H),0.9106603860855103,0.9191175699234009,-0.008457183837890625
93,24,1,Minkowski (P),0.9307560324668884,0.8586863875389099,0.07206964492797852
93,24,1,Minkowski (G),0.9307560324668884,0.9236190319061279,0.007137000560760498
93,24,1,Minkowski (H),0.9307560324668884,0.925193190574646,0.005562841892242432
93,24,1,Euclidiana (P),0.9307560324668884,0.9211450219154358,0.009611010551452637
93,24,1,Euclidiana (G),0.9307560324668884,0.9614912271499634,-0.03073519468307495
93,24,1,Euclidiana (H),0.9307560324668884,0.944023072719574,-0.013267040252685547
93,24,1,Manhattan (P),0.9307560324668884,0.9529045224189758,-0.022148489952087402
93,24,1,Manhattan (G),0.9307560324668884,0.9375987648963928,-0.0068427324295043945
93,24,1,Manhattan (H),0.9307560324668884,0.9754813313484192,-0.04472529888153076
107,24,1,Minkowski (P),0.9827372431755066,0.9693959951400757,0.013341248035430908
107,24,1,Minkowski (G),0.9827372431755066,0.897394597530365,0.0853426456451416
107,24,1,Minkowski (H),0.9827372431755066,0.8761264085769653,0.10661083459854126
107,24,1,Euclidiana (P),0.9827372431755066,0.8526601791381836,0.130077064037323
107,24,1,Euclidiana (G),0.9827372431755066,0.9213849306106567,0.061352312564849854
107,24,1,Euclidiana (H),0.9827372431755066,0.8266497850418091,0.1560874581336975
107,24,1,Manhattan (P),0.9827372431755066,0.9602859616279602,0.022451281547546387
107,24,1,Manhattan (G),0.9827372431755066,0.9815127849578857,0.0012244582176208496
107,24,1,Manhattan (H),0.9827372431755066,0.9868693947792053,-0.0041321516036987305
121,24,1,Minkowski (P),0.978116512298584,0.9026097059249878,0.07550680637359619
121,24,1,Minkowski (G),0.978116512298584,0.9481875896453857,0.029928922653198242
121,24,1,Minkowski (H),0.978116512298584,0.899736225605011,0.078380286693573
121,24,1,Euclidiana (P),0.978116512298584,0.9069483280181885,0.07116818428039551
121,24,1,Euclidiana (G),0.978116512298584,0.9877299666404724,-0.009613454341888428
121,24,1,Euclidiana (H),0.978116512298584,0.9543089866638184,0.023807525634765625
121,24,1,Manhattan (P),0.978116512298584,0.9778196215629578,0.0002968907356262207
121,24,1,Manhattan (G),0.978116512298584,0.9754811525344849,0.002635359764099121
121,24,1,Manhattan (H),0.978116512298584,0.982952356338501,-0.004835844039916992
7,25,1,Minkowski (P),0.5509469509124756,0.6696824431419373,-0.11873549222946167
7,25,1,Minkowski (G),0.5509469509124756,0.6189663410186768,-0.06801939010620117
7,25,1,Minkowski (H),0.5509469509124756,0.5860734581947327,-0.03512650728225708
7,25,1,Euclidiana (P),0.5509469509124756,0.8393882513046265,-0.2884413003921509
7,25,1,Euclidiana (G),0.5509469509124756,0.9812572002410889,-0.4303102493286133
7,25,1,Euclidiana (H),0.5509469509124756,0.8421401977539062,-0.29119324684143066
7,25,1,Manhattan (P),0.5509469509124756,0.9568630456924438,-0.40591609477996826
7,25,1,Manhattan (G),0.5509469509124756,0.9016223549842834,-0.35067540407180786
7,25,1,Manhattan (H),0.5509469509124756,0.9562022089958191,-0.4052552580833435
12,25,1,Minkowski (P),0.8845484256744385,0.9452590942382812,-0.06071066856384277
12,25,1,Minkowski (G),0.8845484256744385,0.8365247249603271,0.04802370071411133
12,25,1,Minkowski (H),0.8845484256744385,0.7382121086120605,0.14633631706237793
12,25,1,Euclidiana (P),0.8845484256744385,0.7592793703079224,0.1252690553665161
12,25,1,Euclidiana (G),0.8845484256744385,0.9258424043655396,-0.041293978691101074
12,25,1,Euclidiana (H),0.8845484256744385,0.9209619760513306,-0.03641355037689209
12,25,1,Manhattan (P),0.8845484256744385,0.9409494996070862,-0.056401073932647705
12,25,1,Manhattan (G),0.8845484256744385,0.8814267516136169,0.003121674060821533
12,25,1,Manhattan (H),0.8845484256744385,0.8684973120689392,0.016051113605499268
42,25,1,Minkowski (P),0.7807247638702393,0.7340807914733887,0.046643972396850586
42,25,1,Minkowski (G),0.7807247638702393,0.6615699529647827,0.11915481090545654
42,25,1,Minkowski (H),0.7807247638702393,0.5859140753746033,0.194810688495636
42,25,1,Euclidiana (P),0.7807247638702393,0.7581270933151245,0.022597670555114746
42,25,1,Euclidiana (G),0.7807247638702393,0.8254051208496094,-0.04468035697937012
42,25,1,Euclidiana (H),0.7807247638702393,0.8788686394691467,-0.09814387559890747
42,25,1,Manhattan (P),0.7807247638702393,0.8267664313316345,-0.046041667461395264
42,25,1,Manhattan (G),0.7807247638702393,0.926730215549469,-0.14600545167922974
42,25,1,Manhattan (H),0.7807247638702393,0.9459081888198853,-0.165183424949646
65,25,1,Minkowski (P),0.7657224535942078,0.7892725467681885,-0.023550093173980713
65,25,1,Minkowski (G),0.7657224535942078,0.766636073589325,-0.0009136199951171875
65,25,1,Minkowski (H),0.7657224535942078,0.734993040561676,0.03072941303253174
65,25,1,Euclidiana (P),0.7657224535942078,0.7361730337142944,0.02954941987991333
65,25,1,Euclidiana (G),0.7657224535942078,0.6969963908195496,0.0687260627746582
65,25,1,Euclidiana (H),0.7657224535942078,0.7436872124671936,0.02203524112701416
65,25,1,Manhattan (P),0.7657224535942078,0.781048059463501,-0.015325605869293213
65,25,1,Manhattan (G),0.7657224535942078,0.9226424694061279,-0.15692001581192017
65,25,1,Manhattan (H),0.7657224535942078,0.9726967811584473,-0.2069743275642395
87,25,1,Minkowski (P),0.7046273350715637,0.7344674468040466,-0.02984011173248291
87,25,1,Minkowski (G),0.7046273350715637,0.7090185284614563,-0.004391193389892578
87,25,1,Minkowski (H),0.7046273350715637,0.7807830572128296,-0.07615572214126587
87,25,1,Euclidiana (P),0.7046273350715637,0.8273406624794006,-0.12271332740783691
87,25,1,Euclidiana (G),0.7046273350715637,0.9163272976875305,-0.2116999626159668
87,25,1,Euclidiana (H),0.7046273350715637,0.8486236333847046,-0.14399629831314087
87,25,1,Manhattan (P),0.7046273350715637,0.8581213355064392,-0.1534940004348755
87,25,1,Manhattan (G),0.7046273350715637,0.8245165348052979,-0.11988919973373413
87,25,1,Manhattan (H),0.7046273350715637,0.9064853191375732,-0.20185798406600952
93,25,1,Minkowski (P),0.5523397922515869,0.6015652418136597,-0.049225449562072754
93,25,1,Minkowski (G),0.5523397922515869,0.33327755331993103,0.21906223893165588
93,25,1,Minkowski (H),0.5523397922515869,0.6702298521995544,-0.11789005994796753
93,25,1,Euclidiana (P),0.5523397922515869,0.7540594935417175,-0.20171970129013062
93,25,1,Euclidiana (G),0.5523397922515869,0.9550994634628296,-0.4027596712112427
93,25,1,Euclidiana (H),0.5523397922515869,0.8922042846679688,-0.33986449241638184
93,25,1,Manhattan (P),0.5523397922515869,0.9280878305435181,-0.37574803829193115
93,25,1,Manhattan (G),0.5523397922515869,0.9286171197891235,-0.3762773275375366
93,25,1,Manhattan (H),0.5523397922515869,0.950133740901947,-0.3977939486503601
107,25,1,Minkowski (P),0.9828862547874451,0.9546489119529724,0.028237342834472656
107,25,1,Minkowski (G),0.9828862547874451,0.6809453368186951,0.30194091796875
107,25,1,Minkowski (H),0.9828862547874451,0.7071340680122375,0.2757521867752075
107,25,1,Euclidiana (P),0.9828862547874451,0.5227649807929993,0.4601212739944458
107,25,1,Euclidiana (G),0.9828862547874451,0.8016861081123352,0.18120014667510986
107,25,1,Euclidiana (H),0.9828862547874451,0.751582145690918,0.2313041090965271
107,25,1,Manhattan (P),0.9828862547874451,0.859537661075592,0.12334859371185303
107,25,1,Manhattan (G),0.9828862547874451,0.9907503724098206,-0.007864117622375488
107,25,1,Manhattan (H),0.9828862547874451,0.9964908957481384,-0.01360464096069336
121,25,1,Minkowski (P),0.9475588798522949,0.9293972849845886,0.0181615948677063
121,25,1,Minkowski (G),0.9475588798522949,0.7488911151885986,0.1986677646636963
121,25,1,Minkowski (H),0.9475588798522949,0.8284406661987305,0.11911821365356445
121,25,1,Euclidiana (P),0.9475588798522949,0.6249517798423767,0.3226071000099182
121,25,1,Euclidiana (G),0.9475588798522949,0.9676387310028076,-0.020079851150512695
121,25,1,Euclidiana (H),0.9475588798522949,0.9327711462974548,0.014787733554840088
121,25,1,Manhattan (P),0.9475588798522949,0.9415028691291809,0.006056010723114014
121,25,1,Manhattan (G),0.9475588798522949,0.9790645241737366,-0.03150564432144165
121,25,1,Manhattan (H),0.9475588798522949,0.983382523059845,-0.03582364320755005
7,26,1,Minkowski (P),0.3238992691040039,0.7262853384017944,-0.4023860692977905
7,26,1,Minkowski (G),0.3238992691040039,0.8451146483421326,-0.5212153792381287
7,26,1,Minkowski (H),0.3238992691040039,0.7917088270187378,-0.4678095579147339
7,26,1,Euclidiana (P),0.3238992691040039,0.7864841222763062,-0.46258485317230225
7,26,1,Euclidiana (G),0.3238992691040039,0.7844374775886536,-0.46053820848464966
7,26,1,Euclidiana (H),0.3238992691040039,0.48895853757858276,-0.16505926847457886
7,26,1,Manhattan (P),0.3238992691040039,0.14268894493579865,0.18121032416820526
7,26,1,Manhattan (G),0.3238992691040039,0.40238139033317566,-0.07848212122917175
7,26,1,Manhattan (H),0.3238992691040039,0.3413310647010803,-0.017431795597076416
12,26,1,Minkowski (P),0.5334802865982056,0.8233729600906372,-0.28989267349243164
12,26,1,Minkowski (G),0.5334802865982056,0.8333253264427185,-0.29984503984451294
12,26,1,Minkowski (H),0.5334802865982056,0.8494043946266174,-0.31592410802841187
12,26,1,Euclidiana (P),0.5334802865982056,0.5153907537460327,0.01808953285217285
12,26,1,Euclidiana (G),0.5334802865982056,0.8513584136962891,-0.3178781270980835
12,26,1,Euclidiana (H),0.5334802865982056,0.5023497343063354,0.031130552291870117
12,26,1,Manhattan (P),0.5334802865982056,0.5924965739250183,-0.059016287326812744
12,26,1,Manhattan (G),0.5334802865982056,0.6559678912162781,-0.12248760461807251
12,26,1,Manhattan (H),0.5334802865982056,0.6315693855285645,-0.09808909893035889
42,26,1,Minkowski (P),0.3097933232784271,0.6514026522636414,-0.34160932898521423
42,26,1,Minkowski (G),0.3097933232784271,0.7946576476097107,-0.48486432433128357
42,26,1,Minkowski (H),0.3097933232784271,0.7534465789794922,-0.44365325570106506
42,26,1,Euclidiana (P),0.3097933232784271,0.5286160707473755,-0.21882274746894836
42,26,1,Euclidiana (G),0.3097933232784271,0.6162484288215637,-0.3064551055431366
42,26,1,Euclidiana (H),0.3097933232784271,0.5028737783432007,-0.19308045506477356
42,26,1,Manhattan (P),0.3097933232784271,0.38234153389930725,-0.07254821062088013
42,26,1,Manhattan (G),0.3097933232784271,0.4369867146015167,-0.1271933913230896
42,26,1,Manhattan (H),0.3097933232784271,0.3591398298740387,-0.04934650659561157
65,26,1,Minkowski (P),0.32723069190979004,0.8042199611663818,-0.4769892692565918
65,26,1,Minkowski (G),0.32723069190979004,0.6726959347724915,-0.3454652428627014
65,26,1,Minkowski (H),0.32723069190979004,0.7877631783485413,-0.4605324864387512
65,26,1,Euclidiana (P),0.32723069190979004,0.46911492943763733,-0.1418842375278473
65,26,1,Euclidiana (G),0.32723069190979004,0.6291787028312683,-0.30194801092147827
65,26,1,Euclidiana (H),0.32723069190979004,0.4729815721511841,-0.14575088024139404
65,26,1,Manhattan (P),0.32723069190979004,0.22274096310138702,0.10448972880840302
65,26,1,Manhattan (G),0.32723069190979004,0.3447817862033844,-0.01755109429359436
65,26,1,Manhattan (H),0.32723069190979004,0.2500975728034973,0.07713311910629272
87,26,1,Minkowski (P),0.7316640615463257,0.7462604641914368,-0.014596402645111084
87,26,1,Minkowski (G),0.7316640615463257,0.6828607320785522,0.04880332946777344
87,26,1,Minkowski (H),0.7316640615463257,0.7446752190589905,-0.013011157512664795
87,26,1,Euclidiana (P),0.7316640615463257,0.6626650094985962,0.06899905204772949
87,26,1,Euclidiana (G),0.7316640615463257,0.5802621841430664,0.15140187740325928
87,26,1,Euclidiana (H),0.7316640615463257,0.7141478657722473,0.01751619577407837
87,26,1,Manhattan (P),0.7316640615463257,0.5916236639022827,0.14004039764404297
87,26,1,Manhattan (G),0.7316640615463257,0.6671202182769775,0.06454384326934814
87,26,1,Manhattan (H),0.7316640615463257,0.6341261863708496,0.09753787517547607
93,26,1,Minkowski (P),0.21511635184288025,0.7304795384407043,-0.5153631865978241
93,26,1,Minkowski (G),0.21511635184288025,0.610717236995697,-0.3956008851528168
93,26,1,Minkowski (H),0.21511635184288025,0.8424809575080872,-0.6273646056652069
93,26,1,Euclidiana (P),0.21511635184288025,0.6476094722747803,-0.4324931204319
93,26,1,Euclidiana (G),0.21511635184288025,0.7746880650520325,-0.5595717132091522
93,26,1,Euclidiana (H),0.21511635184288025,0.5258463621139526,-0.3107300102710724
93,26,1,Manhattan (P),0.21511635184288025,0.2677067220211029,-0.052590370178222656
93,26,1,Manhattan (G),0.21511635184288025,0.3249945044517517,-0.10987815260887146
93,26,1,Manhattan (H),0.21511635184288025,0.318280428647995,-0.10316407680511475
107,26,1,Minkowski (P),0.29130932688713074,0.8940508365631104,-0.6027415096759796
107,26,1,Minkowski (G),0.29130932688713074,0.8558149337768555,-0.5645056068897247
107,26,1,Minkowski (H),0.29130932688713074,0.8076448440551758,-0.516335517168045
107,26,1,Euclidiana (P),0.29130932688713074,0.4004579186439514,-0.10914859175682068
107,26,1,Euclidiana (G),0.29130932688713074,0.4853970408439636,-0.19408771395683289
107,26,1,Euclidiana (H),0.29130932688713074,0.30622658133506775,-0.014917254447937012
107,26,1,Manhattan (P),0.29130932688713074,0.3474266529083252,-0.05611732602119446
107,26,1,Manhattan (G),0.29130932688713074,0.4838186502456665,-0.19250932335853577
107,26,1,Manhattan (H),0.29130932688713074,0.451732337474823,-0.16042301058769226
121,26,1,Minkowski (P),0.7715574502944946,0.8576921820640564,-0.08613473176956177
121,26,1,Minkowski (G),0.7715574502944946,0.892137348651886,-0.12057989835739136
121,26,1,Minkowski (H),0.7715574502944946,0.886449933052063,-0.11489248275756836
121,26,1,Euclidiana (P),0.7715574502944946,0.7545564770698547,0.017000973224639893
121,26,1,Euclidiana (G),0.7715574502944946,0.9434400200843811,-0.17188256978988647
121,26,1,Euclidiana (H),0.7715574502944946,0.888705849647522,-0.11714839935302734
121,26,1,Manhattan (P),0.7715574502944946,0.6891211867332458,0.08243626356124878
121,26,1,Manhattan (G),0.7715574502944946,0.8468583822250366,-0.07530093193054199
121,26,1,Manhattan (H),0.7715574502944946,0.8801252841949463,-0.10856783390045166
7,27,1,Minkowski (P),0.9247202277183533,0.7975622415542603,0.12715798616409302
7,27,1,Minkowski (G),0.9247202277183533,0.8698471784591675,0.05487304925918579
7,27,1,Minkowski (H),0.9247202277183533,0.910699725151062,0.01402050256729126
7,27,1,Euclidiana (P),0.9247202277183533,0.9737110137939453,-0.04899078607559204
7,27,1,Euclidiana (G),0.9247202277183533,0.9415416717529297,-0.016821444034576416
7,27,1,Euclidiana (H),0.9247202277183533,0.9463999271392822,-0.021679699420928955
7,27,1,Manhattan (P),0.9247202277183533,0.946776807308197,-0.02205657958984375
7,27,1,Manhattan (G),0.9247202277183533,0.8694230914115906,0.055297136306762695
7,27,1,Manhattan (H),0.9247202277183533,0.9681466221809387,-0.04342639446258545
12,27,1,Minkowski (P),0.9440566301345825,0.9542694687843323,-0.010212838649749756
12,27,1,Minkowski (G),0.9440566301345825,0.9524074792861938,-0.008350849151611328
12,27,1,Minkowski (H),0.9440566301345825,0.8895033597946167,0.05455327033996582
12,27,1,Euclidiana (P),0.9440566301345825,0.8321881294250488,0.11186850070953369
12,27,1,Euclidiana (G),0.9440566301345825,0.9402297139167786,0.003826916217803955
12,27,1,Euclidiana (H),0.9440566301345825,0.9631980061531067,-0.01914137601852417
12,27,1,Manhattan (P),0.9440566301345825,0.9668601155281067,-0.02280348539352417
12,27,1,Manhattan (G),0.9440566301345825,0.9189066886901855,0.025149941444396973
12,27,1,Manhattan (H),0.9440566301345825,0.9650791883468628,-0.021022558212280273
42,27,1,Minkowski (P),0.945206880569458,0.89995938539505,0.04524749517440796
42,27,1,Minkowski (G),0.945206880569458,0.900175154209137,0.045031726360321045
42,27,1,Minkowski (H),0.945206880569458,0.875956118106842,0.06925076246261597
42,27,1,Euclidiana (P),0.945206880569458,0.8997599482536316,0.045446932315826416
42,27,1,Euclidiana (G),0.945206880569458,0.8508946895599365,0.09431219100952148
42,27,1,Euclidiana (H),0.945206880569458,0.8848510980606079,0.0603557825088501
42,27,1,Manhattan (P),0.945206880569458,0.8978166580200195,0.04739022254943848
42,27,1,Manhattan (G),0.945206880569458,0.9263038039207458,0.018903076648712158
42,27,1,Manhattan (H),0.945206880569458,0.9638230800628662,-0.018616199493408203
65,27,1,Minkowski (P),0.92184978723526,0.8247421383857727,0.0971076488494873
65,27,1,Minkowski (G),0.92184978723526,0.8484334945678711,0.07341629266738892
65,27,1,Minkowski (H),0.92184978723526,0.8568509817123413,0.0649988055229187
65,27,1,Euclidiana (P),0.92184978723526,0.9259742498397827,-0.004124462604522705
65,27,1,Euclidiana (G),0.92184978723526,0.8247016668319702,0.0971481204032898
65,27,1,Euclidiana (H),0.92184978723526,0.8526590466499329,0.06919074058532715
65,27,1,Manhattan (P),0.92184978723526,0.9541011452674866,-0.03225135803222656
65,27,1,Manhattan (G),0.92184978723526,0.9211910367012024,0.0006587505340576172
65,27,1,Manhattan (H),0.92184978723526,0.9535319805145264,-0.03168219327926636
87,27,1,Minkowski (P),0.9045524001121521,0.8126221299171448,0.09193027019500732
87,27,1,Minkowski (G),0.9045524001121521,0.8478152751922607,0.05673712491989136
87,27,1,Minkowski (H),0.9045524001121521,0.8569191098213196,0.04763329029083252
87,27,1,Euclidiana (P),0.9045524001121521,0.9321709275245667,-0.02761852741241455
87,27,1,Euclidiana (G),0.9045524001121521,0.9170267581939697,-0.012474358081817627
87,27,1,Euclidiana (H),0.9045524001121521,0.8276031017303467,0.07694929838180542
87,27,1,Manhattan (P),0.9045524001121521,0.8812819123268127,0.023270487785339355
87,27,1,Manhattan (G),0.9045524001121521,0.9260901808738708,-0.02153778076171875
87,27,1,Manhattan (H),0.9045524001121521,0.948354184627533,-0.04380178451538086
93,27,1,Minkowski (P),0.9357880353927612,0.8880895376205444,0.0476984977722168
93,27,1,Minkowski (G),0.9357880353927612,0.7556667327880859,0.1801213026046753
93,27,1,Minkowski (H),0.9357880353927612,0.7987015843391418,0.13708645105361938
93,27,1,Euclidiana (P),0.9357880353927612,0.9028722643852234,0.03291577100753784
93,27,1,Euclidiana (G),0.9357880353927612,0.9187119603157043,0.017076075077056885
93,27,1,Euclidiana (H),0.9357880353927612,0.9253944158554077,0.010393619537353516
93,27,1,Manhattan (P),0.9357880353927612,0.9398268461227417,-0.004038810729980469
93,27,1,Manhattan (G),0.9357880353927612,0.9271712899208069,0.008616745471954346
93,27,1,Manhattan (H),0.9357880353927612,0.9826129674911499,-0.04682493209838867
107,27,1,Minkowski (P),0.9335561394691467,0.9742704629898071,-0.0407143235206604
107,27,1,Minkowski (G),0.9335561394691467,0.9560964107513428,-0.022540271282196045
107,27,1,Minkowski (H),0.9335561394691467,0.8761918544769287,0.05736428499221802
107,27,1,Euclidiana (P),0.9335561394691467,0.8434041142463684,0.09015202522277832
107,27,1,Euclidiana (G),0.9335561394691467,0.8109856247901917,0.12257051467895508
107,27,1,Euclidiana (H),0.9335561394691467,0.8382053971290588,0.09535074234008789
107,27,1,Manhattan (P),0.9335561394691467,0.9248312711715698,0.008724868297576904
107,27,1,Manhattan (G),0.9335561394691467,0.9215863347053528,0.011969804763793945
107,27,1,Manhattan (H),0.9335561394691467,0.9730896353721619,-0.03953349590301514
121,27,1,Minkowski (P),0.9128629565238953,0.9063771963119507,0.00648576021194458
121,27,1,Minkowski (G),0.9128629565238953,0.965674638748169,-0.05281168222427368
121,27,1,Minkowski (H),0.9128629565238953,0.9251128435134888,-0.012249886989593506
121,27,1,Euclidiana (P),0.9128629565238953,0.8948516845703125,0.018011271953582764
121,27,1,Euclidiana (G),0.9128629565238953,0.9169193506240845,-0.004056394100189209
121,27,1,Euclidiana (H),0.9128629565238953,0.9312995672225952,-0.01843661069869995
121,27,1,Manhattan (P),0.9128629565238953,0.9455310702323914,-0.032668113708496094
121,27,1,Manhattan (G),0.9128629565238953,0.943511962890625,-0.030649006366729736
121,27,1,Manhattan (H),0.9128629565238953,0.9889453053474426,-0.07608234882354736
7,28,1,Minkowski (P),0.9382510185241699,0.746639609336853,0.1916114091873169
7,28,1,Minkowski (G),0.9382510185241699,0.8668935298919678,0.07135748863220215
7,28,1,Minkowski (H),0.9382510185241699,0.9766258001327515,-0.03837478160858154
7,28,1,Euclidiana (P),0.9382510185241699,0.9466382265090942,-0.008387207984924316
7,28,1,Euclidiana (G),0.9382510185241699,0.9444360136985779,-0.006184995174407959
7,28,1,Euclidiana (H),0.9382510185241699,0.971345067024231,-0.033094048500061035
7,28,1,Manhattan (P),0.9382510185241699,0.9177367091178894,0.020514309406280518
7,28,1,Manhattan (G),0.9382510185241699,0.9110826849937439,0.027168333530426025
7,28,1,Manhattan (H),0.9382510185241699,0.9807555079460144,-0.04250448942184448
12,28,1,Minkowski (P),0.9517433643341064,0.9100463390350342,0.041697025299072266
12,28,1,Minkowski (G),0.9517433643341064,0.9259056448936462,0.025837719440460205
12,28,1,Minkowski (H),0.9517433643341064,0.9656919836997986,-0.013948619365692139
12,28,1,Euclidiana (P),0.9517433643341064,0.9419867992401123,0.00975656509399414
12,28,1,Euclidiana (G),0.9517433643341064,0.8865732550621033,0.06517010927200317
12,28,1,Euclidiana (H),0.9517433643341064,0.9123461842536926,0.03939718008041382
12,28,1,Manhattan (P),0.9517433643341064,0.9162876605987549,0.03545570373535156
12,28,1,Manhattan (G),0.9517433643341064,0.8664063811302185,0.08533698320388794
12,28,1,Manhattan (H),0.9517433643341064,0.9548426866531372,-0.0030993223190307617
42,28,1,Minkowski (P),0.9395549893379211,0.9196654558181763,0.019889533519744873
42,28,1,Minkowski (G),0.9395549893379211,0.9185663461685181,0.020988643169403076
42,28,1,Minkowski (H),0.9395549893379211,0.9753545522689819,-0.03579956293106079
42,28,1,Euclidiana (P),0.9395549893379211,0.9295161366462708,0.01003885269165039
42,28,1,Euclidiana (G),0.9395549893379211,0.8530327677726746,0.08652222156524658
42,28,1,Euclidiana (H),0.9395549893379211,0.9095356464385986,0.03001934289932251
42,28,1,Manhattan (P),0.9395549893379211,0.8389783501625061,0.10057663917541504
42,28,1,Manhattan (G),0.9395549893379211,0.8368088006973267,0.10274618864059448
42,28,1,Manhattan (H),0.9395549893379211,0.9589583277702332,-0.01940333843231201
65,28,1,Minkowski (P),0.9406766295433044,0.8185111284255981,0.1221655011177063
65,28,1,Minkowski (G),0.9406766295433044,0.8980491757392883,0.04262745380401611
65,28,1,Minkowski (H),0.9406766295433044,0.960728645324707,-0.020052015781402588
65,28,1,Euclidiana (P),0.9406766295433044,0.8785163164138794,0.06216031312942505
65,28,1,Euclidiana (G),0.9406766295433044,0.8424785137176514,0.09819811582565308
65,28,1,Euclidiana (H),0.9406766295433044,0.9107330441474915,0.02994358539581299
65,28,1,Manhattan (P),0.9406766295433044,0.9057066440582275,0.034969985485076904
65,28,1,Manhattan (G),0.9406766295433044,0.8924649953842163,0.048211634159088135
65,28,1,Manhattan (H),0.9406766295433044,0.9465854167938232,-0.005908787250518799
87,28,1,Minkowski (P),0.8773136138916016,0.8725186586380005,0.004794955253601074
87,28,1,Minkowski (G),0.8773136138916016,0.8438246846199036,0.033488929271698
87,28,1,Minkowski (H),0.8773136138916016,0.9455260634422302,-0.06821244955062866
87,28,1,Euclidiana (P),0.8773136138916016,0.9410301446914673,-0.06371653079986572
87,28,1,Euclidiana (G),0.8773136138916016,0.9197667241096497,-0.042453110218048096
87,28,1,Euclidiana (H),0.8773136138916016,0.9154723882675171,-0.03815877437591553
87,28,1,Manhattan (P),0.8773136138916016,0.8977218866348267,-0.020408272743225098
87,28,1,Manhattan (G),0.8773136138916016,0.891954779624939,-0.014641165733337402
87,28,1,Manhattan (H),0.8773136138916016,0.9481565952301025,-0.07084298133850098
93,28,1,Minkowski (P),0.989257276058197,0.8240219950675964,0.16523528099060059
93,28,1,Minkowski (G),0.989257276058197,0.9098902940750122,0.07936698198318481
93,28,1,Minkowski (H),0.989257276058197,0.9558837413787842,0.03337353467941284
93,28,1,Euclidiana (P),0.989257276058197,0.9213162064552307,0.06794106960296631
93,28,1,Euclidiana (G),0.989257276058197,0.9225085377693176,0.0667487382888794
93,28,1,Euclidiana (H),0.989257276058197,0.954387366771698,0.03486990928649902
93,28,1,Manhattan (P),0.989257276058197,0.9286901950836182,0.06056708097457886
93,28,1,Manhattan (G),0.989257276058197,0.9800102114677429,0.009247064590454102
93,28,1,Manhattan (H),0.989257276058197,0.9974217414855957,-0.008164465427398682
107,28,1,Minkowski (P),0.9873205423355103,0.9598263502120972,0.027494192123413086
107,28,1,Minkowski (G),0.9873205423355103,0.9811974167823792,0.0061231255531311035
107,28,1,Minkowski (H),0.9873205423355103,0.9771897196769714,0.010130822658538818
107,28,1,Euclidiana (P),0.9873205423355103,0.8888051509857178,0.09851539134979248
107,28,1,Euclidiana (G),0.9873205423355103,0.8786197304725647,0.10870081186294556
107,28,1,Euclidiana (H),0.9873205423355103,0.9199545979499817,0.06736594438552856
107,28,1,Manhattan (P),0.9873205423355103,0.9333088397979736,0.05401170253753662
107,28,1,Manhattan (G),0.9873205423355103,0.9263391494750977,0.0609813928604126
107,28,1,Manhattan (H),0.9873205423355103,0.9848151206970215,0.0025054216384887695
121,28,1,Minkowski (P),0.9645088911056519,0.8909967541694641,0.07351213693618774
121,28,1,Minkowski (G),0.9645088911056519,0.9724699854850769,-0.007961094379425049
121,28,1,Minkowski (H),0.9645088911056519,0.9928789734840393,-0.02837008237838745
121,28,1,Euclidiana (P),0.9645088911056519,0.937140166759491,0.02736872434616089
121,28,1,Euclidiana (G),0.9645088911056519,0.9447224140167236,0.019786477088928223
121,28,1,Euclidiana (H),0.9645088911056519,0.961945116519928,0.002563774585723877
121,28,1,Manhattan (P),0.9645088911056519,0.9338260293006897,0.030682861804962158
121,28,1,Manhattan (G),0.9645088911056519,0.9197849631309509,0.04472392797470093
121,28,1,Manhattan (H),0.9645088911056519,0.9879327416419983,-0.023423850536346436
7,29,1,Minkowski (P),0.9293961524963379,0.8326167464256287,0.09677940607070923
7,29,1,Minkowski (G),0.9293961524963379,0.9632883667945862,-0.03389221429824829
7,29,1,Minkowski (H),0.9293961524963379,0.9842029809951782,-0.05480682849884033
7,29,1,Euclidiana (P),0.9293961524963379,0.9195814728736877,0.009814679622650146
7,29,1,Euclidiana (G),0.9293961524963379,0.9512801170349121,-0.02188396453857422
7,29,1,Euclidiana (H),0.9293961524963379,0.9426059722900391,-0.013209819793701172
7,29,1,Manhattan (P),0.9293961524963379,0.8601893782615662,0.06920677423477173
7,29,1,Manhattan (G),0.9293961524963379,0.8911077976226807,0.03828835487365723
7,29,1,Manhattan (H),0.9293961524963379,0.9326941967010498,-0.003298044204711914
12,29,1,Minkowski (P),0.7935741543769836,0.8364407420158386,-0.04286658763885498
12,29,1,Minkowski (G),0.7935741543769836,0.9539090991020203,-0.16033494472503662
12,29,1,Minkowski (H),0.7935741543769836,0.9713131189346313,-0.1777389645576477
12,29,1,Euclidiana (P),0.7935741543769836,0.8840786814689636,-0.09050452709197998
12,29,1,Euclidiana (G),0.7935741543769836,0.889654278755188,-0.09608012437820435
12,29,1,Euclidiana (H),0.7935741543769836,0.9180065393447876,-0.12443238496780396
12,29,1,Manhattan (P),0.7935741543769836,0.8638399243354797,-0.0702657699584961
12,29,1,Manhattan (G),0.7935741543769836,0.8072539567947388,-0.013679802417755127
12,29,1,Manhattan (H),0.7935741543769836,0.8903778791427612,-0.09680372476577759
42,29,1,Minkowski (P),0.8405072093009949,0.754605233669281,0.08590197563171387
42,29,1,Minkowski (G),0.8405072093009949,0.8793880939483643,-0.038880884647369385
42,29,1,Minkowski (H),0.8405072093009949,0.9637067914009094,-0.12319958209991455
42,29,1,Euclidiana (P),0.8405072093009949,0.8878904581069946,-0.047383248805999756
42,29,1,Euclidiana (G),0.8405072093009949,0.9011582136154175,-0.06065100431442261
42,29,1,Euclidiana (H),0.8405072093009949,0.9289623498916626,-0.08845514059066772
42,29,1,Manhattan (P),0.8405072093009949,0.8777391910552979,-0.03723198175430298
42,29,1,Manhattan (G),0.8405072093009949,0.8309311270713806,0.009576082229614258
42,29,1,Manhattan (H),0.8405072093009949,0.91077721118927,-0.07027000188827515
65,29,1,Minkowski (P),0.8234173059463501,0.7607808709144592,0.06263643503189087
65,29,1,Minkowski (G),0.8234173059463501,0.8723739981651306,-0.04895669221878052
65,29,1,Minkowski (H),0.8234173059463501,0.92251056432724,-0.09909325838088989
65,29,1,Euclidiana (P),0.8234173059463501,0.8511727452278137,-0.027755439281463623
65,29,1,Euclidiana (G),0.8234173059463501,0.8837262392044067,-0.06030893325805664
65,29,1,Euclidiana (H),0.8234173059463501,0.8890313506126404,-0.06561404466629028
65,29,1,Manhattan (P),0.8234173059463501,0.8441933989524841,-0.020776093006134033
65,29,1,Manhattan (G),0.8234173059463501,0.8237286806106567,-0.0003113746643066406
65,29,1,Manhattan (H),0.8234173059463501,0.8764331340789795,-0.053015828132629395
87,29,1,Minkowski (P),0.788455605506897,0.7727543115615845,0.0157012939453125
87,29,1,Minkowski (G),0.788455605506897,0.9311647415161133,-0.1427091360092163
87,29,1,Minkowski (H),0.788455605506897,0.9685119986534119,-0.1800563931465149
87,29,1,Euclidiana (P),0.788455605506897,0.9029255509376526,-0.11446994543075562
87,29,1,Euclidiana (G),0.788455605506897,0.9063199162483215,-0.11786431074142456
87,29,1,Euclidiana (H),0.788455605506897,0.9146202802658081,-0.12616467475891113
87,29,1,Manhattan (P),0.788455605506897,0.8222159147262573,-0.03376030921936035
87,29,1,Manhattan (G),0.788455605506897,0.8515579700469971,-0.0631023645401001
87,29,1,Manhattan (H),0.788455605506897,0.871795654296875,-0.08334004878997803
93,29,1,Minkowski (P),0.8979688882827759,0.8722244501113892,0.02574443817138672
93,29,1,Minkowski (G),0.8979688882827759,0.9321336150169373,-0.03416472673416138
93,29,1,Minkowski (H),0.8979688882827759,0.9716506600379944,-0.0736817717552185
93,29,1,Euclidiana (P),0.8979688882827759,0.9148311018943787,-0.016862213611602783
93,29,1,Euclidiana (G),0.8979688882827759,0.9415125846862793,-0.04354369640350342
93,29,1,Euclidiana (H),0.8979688882827759,0.9397263526916504,-0.04175746440887451
93,29,1,Manhattan (P),0.8979688882827759,0.9088388681411743,-0.010869979858398438
93,29,1,Manhattan (G),0.8979688882827759,0.8700289726257324,0.027939915657043457
93,29,1,Manhattan (H),0.8979688882827759,0.9256659746170044,-0.027697086334228516
107,29,1,Minkowski (P),0.8444148302078247,0.835554838180542,0.008859992027282715
107,29,1,Minkowski (G),0.8444148302078247,0.9709236025810242,-0.12650877237319946
107,29,1,Minkowski (H),0.8444148302078247,0.9794064164161682,-0.1349915862083435
107,29,1,Euclidiana (P),0.8444148302078247,0.9222416877746582,-0.0778268575668335
107,29,1,Euclidiana (G),0.8444148302078247,0.938328206539154,-0.09391337633132935
107,29,1,Euclidiana (H),0.8444148302078247,0.9454126954078674,-0.10099786520004272
107,29,1,Manhattan (P),0.8444148302078247,0.893347978591919,-0.04893314838409424
107,29,1,Manhattan (G),0.8444148302078247,0.8502411842346191,-0.005826354026794434
107,29,1,Manhattan (H),0.8444148302078247,0.9467258453369141,-0.10231101512908936
121,29,1,Minkowski (P),0.8574592471122742,0.7668823599815369,0.0905768871307373
121,29,1,Minkowski (G),0.8574592471122742,0.9660791158676147,-0.10861986875534058
121,29,1,Minkowski (H),0.8574592471122742,0.9884212017059326,-0.13096195459365845
121,29,1,Euclidiana (P),0.8574592471122742,0.9486417174339294,-0.09118247032165527
121,29,1,Euclidiana (G),0.8574592471122742,0.9523851275444031,-0.0949258804321289
121,29,1,Euclidiana (H),0.8574592471122742,0.9713633060455322,-0.11390405893325806
121,29,1,Manhattan (P),0.8574592471122742,0.9570785760879517,-0.09961932897567749
121,29,1,Manhattan (G),0.8574592471122742,0.9073795676231384,-0.04992032051086426
121,29,1,Manhattan (H),0.8574592471122742,0.9691629409790039,-0.11170369386672974
7,30,1,Minkowski (P),0.9535378217697144,0.9331156611442566,0.020422160625457764
7,30,1,Minkowski (G),0.9535378217697144,0.9409053921699524,0.012632429599761963
7,30,1,Minkowski (H),0.9535378217697144,0.9782121181488037,-0.024674296379089355
7,30,1,Euclidiana (P),0.9535378217697144,0.9715200066566467,-0.017982184886932373
7,30,1,Euclidiana (G),0.9535378217697144,0.9404704570770264,0.013067364692687988
7,30,1,Euclidiana (H),0.9535378217697144,0.9728964567184448,-0.01935863494873047
7,30,1,Manhattan (P),0.9535378217697144,0.9634295701980591,-0.009891748428344727
7,30,1,Manhattan (G),0.9535378217697144,0.9772893190383911,-0.023751497268676758
7,30,1,Manhattan (H),0.9535378217697144,0.9901621341705322,-0.03662431240081787
12,30,1,Minkowski (P),0.9300550222396851,0.8898848295211792,0.04017019271850586
12,30,1,Minkowski (G),0.9300550222396851,0.9246019124984741,0.0054531097412109375
12,30,1,Minkowski (H),0.9300550222396851,0.8993938565254211,0.030661165714263916
12,30,1,Euclidiana (P),0.9300550222396851,0.9183983206748962,0.011656701564788818
12,30,1,Euclidiana (G),0.9300550222396851,0.8690372705459595,0.061017751693725586
12,30,1,Euclidiana (H),0.9300550222396851,0.9359307885169983,-0.005875766277313232
12,30,1,Manhattan (P),0.9300550222396851,0.9393625259399414,-0.009307503700256348
12,30,1,Manhattan (G),0.9300550222396851,0.936199963092804,-0.0061449408531188965
12,30,1,Manhattan (H),0.9300550222396851,0.9617571234703064,-0.03170210123062134
42,30,1,Minkowski (P),0.9232426881790161,0.8811230063438416,0.04211968183517456
42,30,1,Minkowski (G),0.9232426881790161,0.9664389491081238,-0.043196260929107666
42,30,1,Minkowski (H),0.9232426881790161,0.9160728454589844,0.007169842720031738
42,30,1,Euclidiana (P),0.9232426881790161,0.93064284324646,-0.007400155067443848
42,30,1,Euclidiana (G),0.9232426881790161,0.8863173127174377,0.03692537546157837
42,30,1,Euclidiana (H),0.9232426881790161,0.915974497795105,0.007268190383911133
42,30,1,Manhattan (P),0.9232426881790161,0.9453173279762268,-0.022074639797210693
42,30,1,Manhattan (G),0.9232426881790161,0.9372249245643616,-0.013982236385345459
42,30,1,Manhattan (H),0.9232426881790161,0.987377941608429,-0.06413525342941284
65,30,1,Minkowski (P),0.9105003476142883,0.7380733489990234,0.1724269986152649
65,30,1,Minkowski (G),0.9105003476142883,0.851859986782074,0.058640360832214355
65,30,1,Minkowski (H),0.9105003476142883,0.8837005496025085,0.026799798011779785
65,30,1,Euclidiana (P),0.9105003476142883,0.9082955718040466,0.0022047758102416992
65,30,1,Euclidiana (G),0.9105003476142883,0.8335679173469543,0.07693243026733398
65,30,1,Euclidiana (H),0.9105003476142883,0.893858790397644,0.016641557216644287
65,30,1,Manhattan (P),0.9105003476142883,0.9024064540863037,0.00809389352798462
65,30,1,Manhattan (G),0.9105003476142883,0.8931814432144165,0.017318904399871826
65,30,1,Manhattan (H),0.9105003476142883,0.9415485262870789,-0.031048178672790527
87,30,1,Minkowski (P),0.9251960515975952,0.8712478876113892,0.053948163986206055
87,30,1,Minkowski (G),0.9251960515975952,0.8494263887405396,0.07576966285705566
87,30,1,Minkowski (H),0.9251960515975952,0.9284734129905701,-0.0032773613929748535
87,30,1,Euclidiana (P),0.9251960515975952,0.8818134665489197,0.04338258504867554
87,30,1,Euclidiana (G),0.9251960515975952,0.8905750513076782,0.03462100028991699
87,30,1,Euclidiana (H),0.9251960515975952,0.9114221930503845,0.013773858547210693
87,30,1,Manhattan (P),0.9251960515975952,0.9413384795188904,-0.016142427921295166
87,30,1,Manhattan (G),0.9251960515975952,0.9285203218460083,-0.003324270248413086
87,30,1,Manhattan (H),0.9251960515975952,0.9746322631835938,-0.049436211585998535
93,30,1,Minkowski (P),0.9797331094741821,0.9146752953529358,0.06505781412124634
93,30,1,Minkowski (G),0.9797331094741821,0.9113463759422302,0.0683867335319519
93,30,1,Minkowski (H),0.9797331094741821,0.9264864921569824,0.05324661731719971
93,30,1,Euclidiana (P),0.9797331094741821,0.9558699131011963,0.02386319637298584
93,30,1,Euclidiana (G),0.9797331094741821,0.8949404358863831,0.08479267358779907
93,30,1,Euclidiana (H),0.9797331094741821,0.9672582149505615,0.012474894523620605
93,30,1,Manhattan (P),0.9797331094741821,0.955978274345398,0.02375483512878418
93,30,1,Manhattan (G),0.9797331094741821,0.9705807566642761,0.009152352809906006
93,30,1,Manhattan (H),0.9797331094741821,0.9955295920372009,-0.0157964825630188
107,30,1,Minkowski (P),0.9872637391090393,0.9404181838035583,0.04684555530548096
107,30,1,Minkowski (G),0.9872637391090393,0.933955192565918,0.05330854654312134
107,30,1,Minkowski (H),0.9872637391090393,0.8967840075492859,0.09047973155975342
107,30,1,Euclidiana (P),0.9872637391090393,0.8296582102775574,0.15760552883148193
107,30,1,Euclidiana (G),0.9872637391090393,0.85389244556427,0.1333712935447693
107,30,1,Euclidiana (H),0.9872637391090393,0.8986098170280457,0.08865392208099365
107,30,1,Manhattan (P),0.9872637391090393,0.9393112063407898,0.04795253276824951
107,30,1,Manhattan (G),0.9872637391090393,0.9572607278823853,0.030003011226654053
107,30,1,Manhattan (H),0.9872637391090393,0.9901471734046936,-0.002883434295654297
121,30,1,Minkowski (P),0.963469386100769,0.8810989260673523,0.08237046003341675
121,30,1,Minkowski (G),0.963469386100769,0.9476648569107056,0.015804529190063477
121,30,1,Minkowski (H),0.963469386100769,0.9748467803001404,-0.011377394199371338
121,30,1,Euclidiana (P),0.963469386100769,0.9380768537521362,0.025392532348632812
121,30,1,Euclidiana (G),0.963469386100769,0.8901102542877197,0.07335913181304932
121,30,1,Euclidiana (H),0.963469386100769,0.9525083899497986,0.010960996150970459
121,30,1,Manhattan (P),0.963469386100769,0.9782379865646362,-0.014768600463867188
121,30,1,Manhattan (G),0.963469386100769,0.9706501364707947,-0.007180750370025635
121,30,1,Manhattan (H),0.963469386100769,0.9899153709411621,-0.026445984840393066
7,31,1,Minkowski (P),0.8425072431564331,0.9340496063232422,-0.09154236316680908
7,31,1,Minkowski (G),0.8425072431564331,0.7625333070755005,0.07997393608093262
7,31,1,Minkowski (H),0.8425072431564331,0.828113317489624,0.014393925666809082
7,31,1,Euclidiana (P),0.8425072431564331,0.8605439066886902,-0.01803666353225708
7,31,1,Euclidiana (G),0.8425072431564331,0.8664224743843079,-0.023915231227874756
7,31,1,Euclidiana (H),0.8425072431564331,0.8428681492805481,-0.00036090612411499023
7,31,1,Manhattan (P),0.8425072431564331,0.8354432582855225,0.0070639848709106445
7,31,1,Manhattan (G),0.8425072431564331,0.7647387981414795,0.07776844501495361
7,31,1,Manhattan (H),0.8425072431564331,0.8514339923858643,-0.008926749229431152
12,31,1,Minkowski (P),0.9197115302085876,0.9777717590332031,-0.05806022882461548
12,31,1,Minkowski (G),0.9197115302085876,0.832613468170166,0.08709806203842163
12,31,1,Minkowski (H),0.9197115302085876,0.8672529458999634,0.05245858430862427
12,31,1,Euclidiana (P),0.9197115302085876,0.8890942931175232,0.030617237091064453
12,31,1,Euclidiana (G),0.9197115302085876,0.8760366439819336,0.04367488622665405
12,31,1,Euclidiana (H),0.9197115302085876,0.8915439248085022,0.02816760540008545
12,31,1,Manhattan (P),0.9197115302085876,0.9331527948379517,-0.013441264629364014
12,31,1,Manhattan (G),0.9197115302085876,0.752459704875946,0.1672518253326416
12,31,1,Manhattan (H),0.9197115302085876,0.926516592502594,-0.006805062294006348
42,31,1,Minkowski (P),0.4446854293346405,0.9035018682479858,-0.45881643891334534
42,31,1,Minkowski (G),0.4446854293346405,0.515598475933075,-0.07091304659843445
42,31,1,Minkowski (H),0.4446854293346405,0.6433883905410767,-0.19870296120643616
42,31,1,Euclidiana (P),0.4446854293346405,0.7639687061309814,-0.31928327679634094
42,31,1,Euclidiana (G),0.4446854293346405,0.7222885489463806,-0.2776031196117401
42,31,1,Euclidiana (H),0.4446854293346405,0.6505845785140991,-0.20589914917945862
42,31,1,Manhattan (P),0.4446854293346405,0.5848173499107361,-0.14013192057609558
42,31,1,Manhattan (G),0.4446854293346405,0.483828067779541,-0.03914263844490051
42,31,1,Manhattan (H),0.4446854293346405,0.7916812896728516,-0.34699586033821106
65,31,1,Minkowski (P),0.6181281805038452,0.8992612957954407,-0.28113311529159546
65,31,1,Minkowski (G),0.6181281805038452,0.5887449979782104,0.029383182525634766
65,31,1,Minkowski (H),0.6181281805038452,0.7363097071647644,-0.11818152666091919
65,31,1,Euclidiana (P),0.6181281805038452,0.7537658214569092,-0.13563764095306396
65,31,1,Euclidiana (G),0.6181281805038452,0.5905106663703918,0.02761751413345337
65,31,1,Euclidiana (H),0.6181281805038452,0.5564367771148682,0.06169140338897705
65,31,1,Manhattan (P),0.6181281805038452,0.7792498469352722,-0.161121666431427
65,31,1,Manhattan (G),0.6181281805038452,0.4755401909351349,0.14258798956871033
65,31,1,Manhattan (H),0.6181281805038452,0.6662381887435913,-0.048110008239746094
87,31,1,Minkowski (P),0.6875462532043457,0.8029065132141113,-0.11536026000976562
87,31,1,Minkowski (G),0.6875462532043457,0.6530659198760986,0.03448033332824707
87,31,1,Minkowski (H),0.6875462532043457,0.8505165576934814,-0.16297030448913574
87,31,1,Euclidiana (P),0.6875462532043457,0.8904746770858765,-0.20292842388153076
87,31,1,Euclidiana (G),0.6875462532043457,0.8339783549308777,-0.14643210172653198
87,31,1,Euclidiana (H),0.6875462532043457,0.8427717089653015,-0.1552254557609558
87,31,1,Manhattan (P),0.6875462532043457,0.7958162426948547,-0.10826998949050903
87,31,1,Manhattan (G),0.6875462532043457,0.7596219778060913,-0.0720757246017456
87,31,1,Manhattan (H),0.6875462532043457,0.7782805562019348,-0.09073430299758911
93,31,1,Minkowski (P),0.9405133724212646,0.9345148205757141,0.005998551845550537
93,31,1,Minkowski (G),0.9405133724212646,0.6871451735496521,0.25336819887161255
93,31,1,Minkowski (H),0.9405133724212646,0.7306235432624817,0.20988982915878296
93,31,1,Euclidiana (P),0.9405133724212646,0.8321610689163208,0.10835230350494385
93,31,1,Euclidiana (G),0.9405133724212646,0.7542522549629211,0.1862611174583435
93,31,1,Euclidiana (H),0.9405133724212646,0.8024455904960632,0.13806778192520142
93,31,1,Manhattan (P),0.9405133724212646,0.7279974222183228,0.2125159502029419
93,31,1,Manhattan (G),0.9405133724212646,0.7678223848342896,0.1726909875869751
93,31,1,Manhattan (H),0.9405133724212646,0.9739218354225159,-0.03340846300125122
107,31,1,Minkowski (P),0.8868913054466248,0.9396421313285828,-0.05275082588195801
107,31,1,Minkowski (G),0.8868913054466248,0.5723173022270203,0.3145740032196045
107,31,1,Minkowski (H),0.8868913054466248,0.5938535928726196,0.2930377125740051
107,31,1,Euclidiana (P),0.8868913054466248,0.5336515307426453,0.3532397747039795
107,31,1,Euclidiana (G),0.8868913054466248,0.5259542465209961,0.36093705892562866
107,31,1,Euclidiana (H),0.8868913054466248,0.5651724338531494,0.32171887159347534
107,31,1,Manhattan (P),0.8868913054466248,0.6892878413200378,0.19760346412658691
107,31,1,Manhattan (G),0.8868913054466248,0.8093644976615906,0.07752680778503418
107,31,1,Manhattan (H),0.8868913054466248,0.9365355372428894,-0.04964423179626465
121,31,1,Minkowski (P),0.7922793626785278,0.9420286417007446,-0.1497492790222168
121,31,1,Minkowski (G),0.7922793626785278,0.7668070197105408,0.02547234296798706
121,31,1,Minkowski (H),0.7922793626785278,0.7559996843338013,0.03627967834472656
121,31,1,Euclidiana (P),0.7922793626785278,0.6281123161315918,0.16416704654693604
121,31,1,Euclidiana (G),0.7922793626785278,0.8278413414955139,-0.035561978816986084
121,31,1,Euclidiana (H),0.7922793626785278,0.8354899287223816,-0.04321056604385376
121,31,1,Manhattan (P),0.7922793626785278,0.7722676992416382,0.02001166343688965
121,31,1,Manhattan (G),0.7922793626785278,0.8020152449607849,-0.00973588228225708
121,31,1,Manhattan (H),0.7922793626785278,0.8983271718025208,-0.10604780912399292
7,32,1,Minkowski (P),0.5881625413894653,0.851424515247345,-0.26326197385787964
7,32,1,Minkowski (G),0.5881625413894653,0.6811515092849731,-0.09298896789550781
7,32,1,Minkowski (H),0.5881625413894653,0.8128715753555298,-0.22470903396606445
7,32,1,Euclidiana (P),0.5881625413894653,0.9291132092475891,-0.3409506678581238
7,32,1,Euclidiana (G),0.5881625413894653,0.802197277545929,-0.21403473615646362
7,32,1,Euclidiana (H),0.5881625413894653,0.6400445103645325,-0.05188196897506714
7,32,1,Manhattan (P),0.5881625413894653,0.40327081084251404,0.1848917305469513
7,32,1,Manhattan (G),0.5881625413894653,0.3997848927974701,0.18837764859199524
7,32,1,Manhattan (H),0.5881625413894653,0.7796103954315186,-0.19144785404205322
12,32,1,Minkowski (P),0.3999059200286865,0.8442307710647583,-0.4443248510360718
12,32,1,Minkowski (G),0.3999059200286865,0.6517524123191833,-0.2518464922904968
12,32,1,Minkowski (H),0.3999059200286865,0.7427197694778442,-0.3428138494491577
12,32,1,Euclidiana (P),0.3999059200286865,0.8541490435600281,-0.45424312353134155
12,32,1,Euclidiana (G),0.3999059200286865,0.7181103825569153,-0.31820446252822876
12,32,1,Euclidiana (H),0.3999059200286865,0.6316004991531372,-0.23169457912445068
12,32,1,Manhattan (P),0.3999059200286865,0.44629353284835815,-0.04638761281967163
12,32,1,Manhattan (G),0.3999059200286865,0.556541919708252,-0.15663599967956543
12,32,1,Manhattan (H),0.3999059200286865,0.5940349698066711,-0.19412904977798462
42,32,1,Minkowski (P),0.48668286204338074,0.6265074014663696,-0.1398245394229889
42,32,1,Minkowski (G),0.48668286204338074,0.5337759256362915,-0.04709306359291077
42,32,1,Minkowski (H),0.48668286204338074,0.6067414879798889,-0.12005862593650818
42,32,1,Euclidiana (P),0.48668286204338074,0.7204914093017578,-0.23380854725837708
42,32,1,Euclidiana (G),0.48668286204338074,0.44984009861946106,0.03684276342391968
42,32,1,Euclidiana (H),0.48668286204338074,0.6569700837135315,-0.17028722167015076
42,32,1,Manhattan (P),0.48668286204338074,0.4427696168422699,0.04391324520111084
42,32,1,Manhattan (G),0.48668286204338074,0.5070028901100159,-0.020320028066635132
42,32,1,Manhattan (H),0.48668286204338074,0.7083866000175476,-0.22170373797416687
65,32,1,Minkowski (P),0.47164595127105713,0.767977774143219,-0.29633182287216187
65,32,1,Minkowski (G),0.47164595127105713,0.5110667943954468,-0.03942084312438965
65,32,1,Minkowski (H),0.47164595127105713,0.6233716607093811,-0.15172570943832397
65,32,1,Euclidiana (P),0.47164595127105713,0.7865855097770691,-0.31493955850601196
65,32,1,Euclidiana (G),0.47164595127105713,0.33754250407218933,0.1341034471988678
65,32,1,Euclidiana (H),0.47164595127105713,0.5062363147735596,-0.03459036350250244
65,32,1,Manhattan (P),0.47164595127105713,0.541088879108429,-0.06944292783737183
65,32,1,Manhattan (G),0.47164595127105713,0.5711678266525269,-0.09952187538146973
65,32,1,Manhattan (H),0.47164595127105713,0.7489462494850159,-0.27730029821395874
87,32,1,Minkowski (P),0.06691192835569382,0.6525517702102661,-0.5856398418545723
87,32,1,Minkowski (G),0.06691192835569382,0.5492894053459167,-0.48237747699022293
87,32,1,Minkowski (H),0.06691192835569382,0.7464147806167603,-0.6795028522610664
87,32,1,Euclidiana (P),0.06691192835569382,0.7624807953834534,-0.6955688670277596
87,32,1,Euclidiana (G),0.06691192835569382,0.2202123999595642,-0.1533004716038704
87,32,1,Euclidiana (H),0.06691192835569382,0.2308368682861328,-0.163924939930439
87,32,1,Manhattan (P),0.06691192835569382,0.09078352153301239,-0.023871593177318573
87,32,1,Manhattan (G),0.06691192835569382,0.10004755854606628,-0.03313563019037247
87,32,1,Manhattan (H),0.06691192835569382,0.1311790645122528,-0.06426713615655899
93,32,1,Minkowski (P),0.6408997774124146,0.5782254338264465,0.06267434358596802
93,32,1,Minkowski (G),0.6408997774124146,0.30435293912887573,0.3365468382835388
93,32,1,Minkowski (H),0.6408997774124146,0.6716352105140686,-0.030735433101654053
93,32,1,Euclidiana (P),0.6408997774124146,0.8064494132995605,-0.165549635887146
93,32,1,Euclidiana (G),0.6408997774124146,0.4729907512664795,0.16790902614593506
93,32,1,Euclidiana (H),0.6408997774124146,0.7053912878036499,-0.06449151039123535
93,32,1,Manhattan (P),0.6408997774124146,0.6408807039260864,1.9073486328125e-05
93,32,1,Manhattan (G),0.6408997774124146,0.7571816444396973,-0.11628186702728271
93,32,1,Manhattan (H),0.6408997774124146,0.9269430041313171,-0.2860432267189026
107,32,1,Minkowski (P),0.17425726354122162,0.8124933838844299,-0.6382361203432083
107,32,1,Minkowski (G),0.17425726354122162,0.3624870479106903,-0.1882297843694687
107,32,1,Minkowski (H),0.17425726354122162,0.5997008085250854,-0.42544354498386383
107,32,1,Euclidiana (P),0.17425726354122162,0.603247344493866,-0.42899008095264435
107,32,1,Euclidiana (G),0.17425726354122162,0.16612376272678375,0.008133500814437866
107,32,1,Euclidiana (H),0.17425726354122162,0.3215395510196686,-0.14728228747844696
107,32,1,Manhattan (P),0.17425726354122162,0.1246897280216217,0.049567535519599915
107,32,1,Manhattan (G),0.17425726354122162,0.15839995443820953,0.015857309103012085
107,32,1,Manhattan (H),0.17425726354122162,0.5474503636360168,-0.3731931000947952
121,32,1,Minkowski (P),0.03736739978194237,0.7435370087623596,-0.7061696089804173
121,32,1,Minkowski (G),0.03736739978194237,0.456060528755188,-0.4186931289732456
121,32,1,Minkowski (H),0.03736739978194237,0.6702430248260498,-0.6328756250441074
121,32,1,Euclidiana (P),0.03736739978194237,0.5796203017234802,-0.5422529019415379
121,32,1,Euclidiana (G),0.03736739978194237,0.29987454414367676,-0.2625071443617344
121,32,1,Euclidiana (H),0.03736739978194237,0.2917270064353943,-0.2543596066534519
121,32,1,Manhattan (P),0.03736739978194237,0.05393719673156738,-0.016569796949625015
121,32,1,Manhattan (G),0.03736739978194237,0.08224929869174957,-0.044881898909807205
121,32,1,Manhattan (H),0.03736739978194237,0.15442895889282227,-0.1170615591108799
7,33,1,Minkowski (P),0.8452618718147278,0.845333456993103,-7.158517837524414e-05
7,33,1,Minkowski (G),0.8452618718147278,0.9582457542419434,-0.11298388242721558
7,33,1,Minkowski (H),0.8452618718147278,0.8866646885871887,-0.04140281677246094
7,33,1,Euclidiana (P),0.8452618718147278,0.881716251373291,-0.03645437955856323
7,33,1,Euclidiana (G),0.8452618718147278,0.970454752445221,-0.12519288063049316
7,33,1,Euclidiana (H),0.8452618718147278,0.9081007838249207,-0.06283891201019287
7,33,1,Manhattan (P),0.8452618718147278,0.77971351146698,0.0655483603477478
7,33,1,Manhattan (G),0.8452618718147278,0.8996977210044861,-0.0544358491897583
7,33,1,Manhattan (H),0.8452618718147278,0.8520626425743103,-0.0068007707595825195
12,33,1,Minkowski (P),0.6790339350700378,0.7978384494781494,-0.11880451440811157
12,33,1,Minkowski (G),0.6790339350700378,0.7969599962234497,-0.11792606115341187
12,33,1,Minkowski (H),0.6790339350700378,0.9053019285202026,-0.2262679934501648
12,33,1,Euclidiana (P),0.6790339350700378,0.654676079750061,0.024357855319976807
12,33,1,Euclidiana (G),0.6790339350700378,0.9134550094604492,-0.23442107439041138
12,33,1,Euclidiana (H),0.6790339350700378,0.6927512884140015,-0.013717353343963623
12,33,1,Manhattan (P),0.6790339350700378,0.674100935459137,0.004932999610900879
12,33,1,Manhattan (G),0.6790339350700378,0.7113763093948364,-0.032342374324798584
12,33,1,Manhattan (H),0.6790339350700378,0.6980493068695068,-0.019015371799468994
42,33,1,Minkowski (P),0.818677544593811,0.7991832494735718,0.019494295120239258
42,33,1,Minkowski (G),0.818677544593811,0.8409683704376221,-0.022290825843811035
42,33,1,Minkowski (H),0.818677544593811,0.8260108828544617,-0.007333338260650635
42,33,1,Euclidiana (P),0.818677544593811,0.7763944268226624,0.04228311777114868
42,33,1,Euclidiana (G),0.818677544593811,0.9307116270065308,-0.11203408241271973
42,33,1,Euclidiana (H),0.818677544593811,0.8372952938079834,-0.018617749214172363
42,33,1,Manhattan (P),0.818677544593811,0.6912428140640259,0.12743473052978516
42,33,1,Manhattan (G),0.818677544593811,0.6081432104110718,0.21053433418273926
42,33,1,Manhattan (H),0.818677544593811,0.824739933013916,-0.0060623884201049805
65,33,1,Minkowski (P),0.6914981007575989,0.48840802907943726,0.20309007167816162
65,33,1,Minkowski (G),0.6914981007575989,0.6903110146522522,0.0011870861053466797
65,33,1,Minkowski (H),0.6914981007575989,0.7887264490127563,-0.09722834825515747
65,33,1,Euclidiana (P),0.6914981007575989,0.6321991086006165,0.05929899215698242
65,33,1,Euclidiana (G),0.6914981007575989,0.6921812295913696,-0.000683128833770752
65,33,1,Euclidiana (H),0.6914981007575989,0.5881418585777283,0.1033562421798706
65,33,1,Manhattan (P),0.6914981007575989,0.5020453929901123,0.18945270776748657
65,33,1,Manhattan (G),0.6914981007575989,0.6236991286277771,0.06779897212982178
65,33,1,Manhattan (H),0.6914981007575989,0.5434974431991577,0.14800065755844116
87,33,1,Minkowski (P),0.8109633326530457,0.8129382133483887,-0.0019748806953430176
87,33,1,Minkowski (G),0.8109633326530457,0.6840074062347412,0.12695592641830444
87,33,1,Minkowski (H),0.8109633326530457,0.7767088413238525,0.034254491329193115
87,33,1,Euclidiana (P),0.8109633326530457,0.8078498840332031,0.0031134486198425293
87,33,1,Euclidiana (G),0.8109633326530457,0.8382461071014404,-0.027282774448394775
87,33,1,Euclidiana (H),0.8109633326530457,0.7910803556442261,0.01988297700881958
87,33,1,Manhattan (P),0.8109633326530457,0.6867122650146484,0.12425106763839722
87,33,1,Manhattan (G),0.8109633326530457,0.7004972100257874,0.1104661226272583
87,33,1,Manhattan (H),0.8109633326530457,0.803886353969574,0.00707697868347168
93,33,1,Minkowski (P),0.8033117651939392,0.664463222026825,0.13884854316711426
93,33,1,Minkowski (G),0.8033117651939392,0.8020148873329163,0.0012968778610229492
93,33,1,Minkowski (H),0.8033117651939392,0.8588466048240662,-0.05553483963012695
93,33,1,Euclidiana (P),0.8033117651939392,0.6907927989959717,0.11251896619796753
93,33,1,Euclidiana (G),0.8033117651939392,0.9006845951080322,-0.09737282991409302
93,33,1,Euclidiana (H),0.8033117651939392,0.8302028775215149,-0.026891112327575684
93,33,1,Manhattan (P),0.8033117651939392,0.7680717706680298,0.035239994525909424
93,33,1,Manhattan (G),0.8033117651939392,0.8757888078689575,-0.07247704267501831
93,33,1,Manhattan (H),0.8033117651939392,0.7575410604476929,0.04577070474624634
107,33,1,Minkowski (P),0.8219648003578186,0.8025251030921936,0.019439697265625
107,33,1,Minkowski (G),0.8219648003578186,0.705894410610199,0.11607038974761963
107,33,1,Minkowski (H),0.8219648003578186,0.832893431186676,-0.010928630828857422
107,33,1,Euclidiana (P),0.8219648003578186,0.6548696756362915,0.1670951247215271
107,33,1,Euclidiana (G),0.8219648003578186,0.7837655544281006,0.03819924592971802
107,33,1,Euclidiana (H),0.8219648003578186,0.41744956374168396,0.40451523661613464
107,33,1,Manhattan (P),0.8219648003578186,0.7367342710494995,0.08523052930831909
107,33,1,Manhattan (G),0.8219648003578186,0.7548950910568237,0.06706970930099487
107,33,1,Manhattan (H),0.8219648003578186,0.8355565071105957,-0.0135917067527771
121,33,1,Minkowski (P),0.7130247354507446,0.7672598361968994,-0.054235100746154785
121,33,1,Minkowski (G),0.7130247354507446,0.7823187708854675,-0.0692940354347229
121,33,1,Minkowski (H),0.7130247354507446,0.9206263422966003,-0.2076016068458557
121,33,1,Euclidiana (P),0.7130247354507446,0.7824953198432922,-0.06947058439254761
121,33,1,Euclidiana (G),0.7130247354507446,0.9543689489364624,-0.24134421348571777
121,33,1,Euclidiana (H),0.7130247354507446,0.8453359007835388,-0.1323111653327942
121,33,1,Manhattan (P),0.7130247354507446,0.8717950582504272,-0.15877032279968262
121,33,1,Manhattan (G),0.7130247354507446,0.8283997774124146,-0.11537504196166992
121,33,1,Manhattan (H),0.7130247354507446,0.802720844745636,-0.08969610929489136
7,34,1,Minkowski (P),0.908240795135498,0.9139224290847778,-0.005681633949279785
7,34,1,Minkowski (G),0.908240795135498,0.7701033353805542,0.13813745975494385
7,34,1,Minkowski (H),0.908240795135498,0.7735061645507812,0.1347346305847168
7,34,1,Euclidiana (P),0.908240795135498,0.8712273240089417,0.037013471126556396
7,34,1,Euclidiana (G),0.908240795135498,0.9210515022277832,-0.012810707092285156
7,34,1,Euclidiana (H),0.908240795135498,0.9365206956863403,-0.028279900550842285
7,34,1,Manhattan (P),0.908240795135498,0.8119295835494995,0.09631121158599854
7,34,1,Manhattan (G),0.908240795135498,0.8587558269500732,0.049484968185424805
7,34,1,Manhattan (H),0.908240795135498,0.9422486424446106,-0.03400784730911255
12,34,1,Minkowski (P),0.5232442021369934,0.9102033376693726,-0.38695913553237915
12,34,1,Minkowski (G),0.5232442021369934,0.8166580200195312,-0.29341381788253784
12,34,1,Minkowski (H),0.5232442021369934,0.7707160711288452,-0.2474718689918518
12,34,1,Euclidiana (P),0.5232442021369934,0.713197648525238,-0.18995344638824463
12,34,1,Euclidiana (G),0.5232442021369934,0.8470318913459778,-0.3237876892089844
12,34,1,Euclidiana (H),0.5232442021369934,0.8757660984992981,-0.3525218963623047
12,34,1,Manhattan (P),0.5232442021369934,0.7911087870597839,-0.2678645849227905
12,34,1,Manhattan (G),0.5232442021369934,0.5402541756629944,-0.017009973526000977
12,34,1,Manhattan (H),0.5232442021369934,0.5488542914390564,-0.02561008930206299
42,34,1,Minkowski (P),0.7048639059066772,0.8758792877197266,-0.17101538181304932
42,34,1,Minkowski (G),0.7048639059066772,0.7420923113822937,-0.037228405475616455
42,34,1,Minkowski (H),0.7048639059066772,0.6439283490180969,0.06093555688858032
42,34,1,Euclidiana (P),0.7048639059066772,0.6465599536895752,0.05830395221710205
42,34,1,Euclidiana (G),0.7048639059066772,0.7531355023384094,-0.04827159643173218
42,34,1,Euclidiana (H),0.7048639059066772,0.703739583492279,0.0011243224143981934
42,34,1,Manhattan (P),0.7048639059066772,0.5346256494522095,0.17023825645446777
42,34,1,Manhattan (G),0.7048639059066772,0.6668878793716431,0.03797602653503418
42,34,1,Manhattan (H),0.7048639059066772,0.8196517825126648,-0.11478787660598755
65,34,1,Minkowski (P),0.8356256484985352,0.8985666036605835,-0.06294095516204834
65,34,1,Minkowski (G),0.8356256484985352,0.6978183388710022,0.13780730962753296
65,34,1,Minkowski (H),0.8356256484985352,0.7250521183013916,0.11057353019714355
65,34,1,Euclidiana (P),0.8356256484985352,0.7816094756126404,0.054016172885894775
65,34,1,Euclidiana (G),0.8356256484985352,0.7234588265419006,0.11216682195663452
65,34,1,Euclidiana (H),0.8356256484985352,0.7491083145141602,0.086517333984375
65,34,1,Manhattan (P),0.8356256484985352,0.7633519768714905,0.07227367162704468
65,34,1,Manhattan (G),0.8356256484985352,0.8157331347465515,0.019892513751983643
65,34,1,Manhattan (H),0.8356256484985352,0.8908089399337769,-0.0551832914352417
87,34,1,Minkowski (P),0.6505772471427917,0.7440535426139832,-0.0934762954711914
87,34,1,Minkowski (G),0.6505772471427917,0.7311769723892212,-0.08059972524642944
87,34,1,Minkowski (H),0.6505772471427917,0.7768345475196838,-0.1262573003768921
87,34,1,Euclidiana (P),0.6505772471427917,0.8182895183563232,-0.1677122712135315
87,34,1,Euclidiana (G),0.6505772471427917,0.7878439426422119,-0.13726669549942017
87,34,1,Euclidiana (H),0.6505772471427917,0.7890672087669373,-0.1384899616241455
87,34,1,Manhattan (P),0.6505772471427917,0.7063549160957336,-0.055777668952941895
87,34,1,Manhattan (G),0.6505772471427917,0.5872185826301575,0.06335866451263428
87,34,1,Manhattan (H),0.6505772471427917,0.7929284572601318,-0.1423512101173401
93,34,1,Minkowski (P),0.9829539656639099,0.9700910449028015,0.012862920761108398
93,34,1,Minkowski (G),0.9829539656639099,0.7485121488571167,0.2344418168067932
93,34,1,Minkowski (H),0.9829539656639099,0.5477991104125977,0.43515485525131226
93,34,1,Euclidiana (P),0.9829539656639099,0.8124489188194275,0.17050504684448242
93,34,1,Euclidiana (G),0.9829539656639099,0.918406069278717,0.06454789638519287
93,34,1,Euclidiana (H),0.9829539656639099,0.9014503955841064,0.08150357007980347
93,34,1,Manhattan (P),0.9829539656639099,0.9013410210609436,0.08161294460296631
93,34,1,Manhattan (G),0.9829539656639099,0.9754129648208618,0.007541000843048096
93,34,1,Manhattan (H),0.9829539656639099,0.9952419996261597,-0.012288033962249756
107,34,1,Minkowski (P),0.9162473082542419,0.9950129389762878,-0.0787656307220459
107,34,1,Minkowski (G),0.9162473082542419,0.6675840616226196,0.24866324663162231
107,34,1,Minkowski (H),0.9162473082542419,0.6440384984016418,0.2722088098526001
107,34,1,Euclidiana (P),0.9162473082542419,0.6707959175109863,0.24545139074325562
107,34,1,Euclidiana (G),0.9162473082542419,0.6650089025497437,0.2512384057044983
107,34,1,Euclidiana (H),0.9162473082542419,0.76678866147995,0.149458646774292
107,34,1,Manhattan (P),0.9162473082542419,0.5672882199287415,0.3489590883255005
107,34,1,Manhattan (G),0.9162473082542419,0.8353196382522583,0.08092767000198364
107,34,1,Manhattan (H),0.9162473082542419,0.9868293404579163,-0.07058203220367432
121,34,1,Minkowski (P),0.8757382035255432,0.912082314491272,-0.03634411096572876
121,34,1,Minkowski (G),0.8757382035255432,0.809731125831604,0.06600707769393921
121,34,1,Minkowski (H),0.8757382035255432,0.8541515469551086,0.02158665657043457
121,34,1,Euclidiana (P),0.8757382035255432,0.693511962890625,0.1822262406349182
121,34,1,Euclidiana (G),0.8757382035255432,0.9670877456665039,-0.0913495421409607
121,34,1,Euclidiana (H),0.8757382035255432,0.9119645357131958,-0.03622633218765259
121,34,1,Manhattan (P),0.8757382035255432,0.8664158582687378,0.00932234525680542
121,34,1,Manhattan (G),0.8757382035255432,0.9330906271934509,-0.057352423667907715
121,34,1,Manhattan (H),0.8757382035255432,0.9697937369346619,-0.09405553340911865
7,35,1,Minkowski (P),0.5257085561752319,0.778394341468811,-0.2526857852935791
7,35,1,Minkowski (G),0.5257085561752319,0.7398881316184998,-0.21417957544326782
7,35,1,Minkowski (H),0.5257085561752319,0.6676536202430725,-0.14194506406784058
7,35,1,Euclidiana (P),0.5257085561752319,0.7645741701126099,-0.23886561393737793
7,35,1,Euclidiana (G),0.5257085561752319,0.8946834802627563,-0.3689749240875244
7,35,1,Euclidiana (H),0.5257085561752319,0.8948160409927368,-0.3691074848175049
7,35,1,Manhattan (P),0.5257085561752319,0.8165335655212402,-0.2908250093460083
7,35,1,Manhattan (G),0.5257085561752319,0.7561934590339661,-0.23048490285873413
7,35,1,Manhattan (H),0.5257085561752319,0.8477047085762024,-0.32199615240097046
12,35,1,Minkowski (P),0.7560083270072937,0.9183820486068726,-0.16237372159957886
12,35,1,Minkowski (G),0.7560083270072937,0.8948047757148743,-0.13879644870758057
12,35,1,Minkowski (H),0.7560083270072937,0.8565680384635925,-0.10055971145629883
12,35,1,Euclidiana (P),0.7560083270072937,0.7384935021400452,0.017514824867248535
12,35,1,Euclidiana (G),0.7560083270072937,0.8718150854110718,-0.11580675840377808
12,35,1,Euclidiana (H),0.7560083270072937,0.8495448231697083,-0.09353649616241455
12,35,1,Manhattan (P),0.7560083270072937,0.8505706191062927,-0.09456229209899902
12,35,1,Manhattan (G),0.7560083270072937,0.6775121688842773,0.07849615812301636
12,35,1,Manhattan (H),0.7560083270072937,0.8785831332206726,-0.1225748062133789
42,35,1,Minkowski (P),0.781327486038208,0.7577654719352722,0.02356201410293579
42,35,1,Minkowski (G),0.781327486038208,0.7866320610046387,-0.005304574966430664
42,35,1,Minkowski (H),0.781327486038208,0.6902586221694946,0.09106886386871338
42,35,1,Euclidiana (P),0.781327486038208,0.7315221428871155,0.04980534315109253
42,35,1,Euclidiana (G),0.781327486038208,0.7482790946960449,0.033048391342163086
42,35,1,Euclidiana (H),0.781327486038208,0.7665550112724304,0.014772474765777588
42,35,1,Manhattan (P),0.781327486038208,0.6750778555870056,0.10624963045120239
42,35,1,Manhattan (G),0.781327486038208,0.8332228064537048,-0.051895320415496826
42,35,1,Manhattan (H),0.781327486038208,0.9283336997032166,-0.14700621366500854
65,35,1,Minkowski (P),0.6035481095314026,0.7482641339302063,-0.1447160243988037
65,35,1,Minkowski (G),0.6035481095314026,0.5418276190757751,0.06172049045562744
65,35,1,Minkowski (H),0.6035481095314026,0.7326433062553406,-0.129095196723938
65,35,1,Euclidiana (P),0.6035481095314026,0.7942544221878052,-0.1907063126564026
65,35,1,Euclidiana (G),0.6035481095314026,0.732620358467102,-0.12907224893569946
65,35,1,Euclidiana (H),0.6035481095314026,0.6423059105873108,-0.0387578010559082
65,35,1,Manhattan (P),0.6035481095314026,0.7375615239143372,-0.13401341438293457
65,35,1,Manhattan (G),0.6035481095314026,0.6887527704238892,-0.08520466089248657
65,35,1,Manhattan (H),0.6035481095314026,0.9131621718406677,-0.30961406230926514
87,35,1,Minkowski (P),0.7304768562316895,0.6995019316673279,0.030974924564361572
87,35,1,Minkowski (G),0.7304768562316895,0.6407890915870667,0.0896877646446228
87,35,1,Minkowski (H),0.7304768562316895,0.6465479731559753,0.08392888307571411
87,35,1,Euclidiana (P),0.7304768562316895,0.768109917640686,-0.03763306140899658
87,35,1,Euclidiana (G),0.7304768562316895,0.7967917323112488,-0.06631487607955933
87,35,1,Euclidiana (H),0.7304768562316895,0.8211862444877625,-0.090709388256073
87,35,1,Manhattan (P),0.7304768562316895,0.8786831498146057,-0.14820629358291626
87,35,1,Manhattan (G),0.7304768562316895,0.8441985845565796,-0.11372172832489014
87,35,1,Manhattan (H),0.7304768562316895,0.8522698283195496,-0.12179297208786011
93,35,1,Minkowski (P),0.567101240158081,0.9208552241325378,-0.3537539839744568
93,35,1,Minkowski (G),0.567101240158081,0.6675252914428711,-0.10042405128479004
93,35,1,Minkowski (H),0.567101240158081,0.5024464130401611,0.06465482711791992
93,35,1,Euclidiana (P),0.567101240158081,0.5703037977218628,-0.0032025575637817383
93,35,1,Euclidiana (G),0.567101240158081,0.6772677898406982,-0.11016654968261719
93,35,1,Euclidiana (H),0.567101240158081,0.6895158886909485,-0.12241464853286743
93,35,1,Manhattan (P),0.567101240158081,0.7123265862464905,-0.14522534608840942
93,35,1,Manhattan (G),0.567101240158081,0.7190955281257629,-0.15199428796768188
93,35,1,Manhattan (H),0.567101240158081,0.9585510492324829,-0.39144980907440186
107,35,1,Minkowski (P),0.9875033497810364,0.9804496765136719,0.007053673267364502
107,35,1,Minkowski (G),0.9875033497810364,0.7901451587677002,0.19735819101333618
107,35,1,Minkowski (H),0.9875033497810364,0.751659095287323,0.23584425449371338
107,35,1,Euclidiana (P),0.9875033497810364,0.5533974170684814,0.43410593271255493
107,35,1,Euclidiana (G),0.9875033497810364,0.6156406998634338,0.37186264991760254
107,35,1,Euclidiana (H),0.9875033497810364,0.7917563915252686,0.19574695825576782
107,35,1,Manhattan (P),0.9875033497810364,0.6723925471305847,0.31511080265045166
107,35,1,Manhattan (G),0.9875033497810364,0.9577450156211853,0.029758334159851074
107,35,1,Manhattan (H),0.9875033497810364,0.9970032572746277,-0.009499907493591309
121,35,1,Minkowski (P),0.8630460500717163,0.9502198100090027,-0.08717375993728638
121,35,1,Minkowski (G),0.8630460500717163,0.9071846604347229,-0.04413861036300659
121,35,1,Minkowski (H),0.8630460500717163,0.8792647123336792,-0.01621866226196289
121,35,1,Euclidiana (P),0.8630460500717163,0.7224297523498535,0.1406162977218628
121,35,1,Euclidiana (G),0.8630460500717163,0.8943321108818054,-0.03128606081008911
121,35,1,Euclidiana (H),0.8630460500717163,0.8775245547294617,-0.014478504657745361
121,35,1,Manhattan (P),0.8630460500717163,0.8685818314552307,-0.005535781383514404
121,35,1,Manhattan (G),0.8630460500717163,0.8930550217628479,-0.030008971691131592
121,35,1,Manhattan (H),0.8630460500717163,0.9610083103179932,-0.09796226024627686
7,36,1,Minkowski (P),0.7914663553237915,0.8495249152183533,-0.05805855989456177
7,36,1,Minkowski (G),0.7914663553237915,0.62188720703125,0.1695791482925415
7,36,1,Minkowski (H),0.7914663553237915,0.6964000463485718,0.09506630897521973
7,36,1,Euclidiana (P),0.7914663553237915,0.6874980926513672,0.10396826267242432
7,36,1,Euclidiana (G),0.7914663553237915,0.8703256845474243,-0.07885932922363281
7,36,1,Euclidiana (H),0.7914663553237915,0.7305954694747925,0.06087088584899902
7,36,1,Manhattan (P),0.7914663553237915,0.6918933987617493,0.09957295656204224
7,36,1,Manhattan (G),0.7914663553237915,0.7009120583534241,0.09055429697036743
7,36,1,Manhattan (H),0.7914663553237915,0.5964534878730774,0.1950128674507141
12,36,1,Minkowski (P),0.7326812148094177,0.8748869895935059,-0.14220577478408813
12,36,1,Minkowski (G),0.7326812148094177,0.7266294360160828,0.006051778793334961
12,36,1,Minkowski (H),0.7326812148094177,0.7323248982429504,0.00035631656646728516
12,36,1,Euclidiana (P),0.7326812148094177,0.6615087389945984,0.07117247581481934
12,36,1,Euclidiana (G),0.7326812148094177,0.8765276670455933,-0.14384645223617554
12,36,1,Euclidiana (H),0.7326812148094177,0.8187803626060486,-0.08609914779663086
12,36,1,Manhattan (P),0.7326812148094177,0.812376856803894,-0.07969564199447632
12,36,1,Manhattan (G),0.7326812148094177,0.7641605138778687,-0.03147929906845093
12,36,1,Manhattan (H),0.7326812148094177,0.6785502433776855,0.05413097143173218
42,36,1,Minkowski (P),0.39358004927635193,0.4548743963241577,-0.061294347047805786
42,36,1,Minkowski (G),0.39358004927635193,0.5674354434013367,-0.17385539412498474
42,36,1,Minkowski (H),0.39358004927635193,0.49101656675338745,-0.09743651747703552
42,36,1,Euclidiana (P),0.39358004927635193,0.4060131907463074,-0.012433141469955444
42,36,1,Euclidiana (G),0.39358004927635193,0.6578265428543091,-0.26424649357795715
42,36,1,Euclidiana (H),0.39358004927635193,0.44419601559638977,-0.05061596632003784
42,36,1,Manhattan (P),0.39358004927635193,0.7380315661430359,-0.34445151686668396
42,36,1,Manhattan (G),0.39358004927635193,0.5921373963356018,-0.19855734705924988
42,36,1,Manhattan (H),0.39358004927635193,0.36814239621162415,0.025437653064727783
65,36,1,Minkowski (P),0.5679645538330078,0.5215597152709961,0.04640483856201172
65,36,1,Minkowski (G),0.5679645538330078,0.4237206280231476,0.14424392580986023
65,36,1,Minkowski (H),0.5679645538330078,0.48720091581344604,0.08076363801956177
65,36,1,Euclidiana (P),0.5679645538330078,0.3060104548931122,0.26195409893989563
65,36,1,Euclidiana (G),0.5679645538330078,0.32987335324287415,0.23809120059013367
65,36,1,Euclidiana (H),0.5679645538330078,0.41541120409965515,0.15255334973335266
65,36,1,Manhattan (P),0.5679645538330078,0.6735259294509888,-0.10556137561798096
65,36,1,Manhattan (G),0.5679645538330078,0.7113478779792786,-0.14338332414627075
65,36,1,Manhattan (H),0.5679645538330078,0.6801729202270508,-0.11220836639404297
87,36,1,Minkowski (P),0.5412280559539795,0.5451086163520813,-0.0038805603981018066
87,36,1,Minkowski (G),0.5412280559539795,0.4373931288719177,0.10383492708206177
87,36,1,Minkowski (H),0.5412280559539795,0.48250627517700195,0.05872178077697754
87,36,1,Euclidiana (P),0.5412280559539795,0.4961049258708954,0.045123130083084106
87,36,1,Euclidiana (G),0.5412280559539795,0.6511521339416504,-0.1099240779876709
87,36,1,Euclidiana (H),0.5412280559539795,0.7642616629600525,-0.223033607006073
87,36,1,Manhattan (P),0.5412280559539795,0.661820650100708,-0.12059259414672852
87,36,1,Manhattan (G),0.5412280559539795,0.5699198246002197,-0.028691768646240234
87,36,1,Manhattan (H),0.5412280559539795,0.34215113520622253,0.19907692074775696
93,36,1,Minkowski (P),0.3782711327075958,0.29250356554985046,0.08576756715774536
93,36,1,Minkowski (G),0.3782711327075958,0.4278683364391327,-0.049597203731536865
93,36,1,Minkowski (H),0.3782711327075958,0.4990409314632416,-0.12076979875564575
93,36,1,Euclidiana (P),0.3782711327075958,0.5242813229560852,-0.14601019024848938
93,36,1,Euclidiana (G),0.3782711327075958,0.7832673192024231,-0.40499618649482727
93,36,1,Euclidiana (H),0.3782711327075958,0.5726346969604492,-0.1943635642528534
93,36,1,Manhattan (P),0.3782711327075958,0.6278919577598572,-0.24962082505226135
93,36,1,Manhattan (G),0.3782711327075958,0.5613388419151306,-0.1830677092075348
93,36,1,Manhattan (H),0.3782711327075958,0.37727364897727966,0.0009974837303161621
107,36,1,Minkowski (P),0.900582492351532,0.777934730052948,0.12264776229858398
107,36,1,Minkowski (G),0.900582492351532,0.515535831451416,0.38504666090011597
107,36,1,Minkowski (H),0.900582492351532,0.6283811926841736,0.2722012996673584
107,36,1,Euclidiana (P),0.900582492351532,0.4449658989906311,0.4556165933609009
107,36,1,Euclidiana (G),0.900582492351532,0.5847466588020325,0.3158358335494995
107,36,1,Euclidiana (H),0.900582492351532,0.7204152345657349,0.18016725778579712
107,36,1,Manhattan (P),0.900582492351532,0.8999449014663696,0.0006375908851623535
107,36,1,Manhattan (G),0.900582492351532,0.8001135587692261,0.10046893358230591
107,36,1,Manhattan (H),0.900582492351532,0.8613807559013367,0.03920173645019531
121,36,1,Minkowski (P),0.8177974224090576,0.8016594052314758,0.016138017177581787
121,36,1,Minkowski (G),0.8177974224090576,0.7438873648643494,0.07391005754470825
121,36,1,Minkowski (H),0.8177974224090576,0.8241557478904724,-0.006358325481414795
121,36,1,Euclidiana (P),0.8177974224090576,0.6554544568061829,0.16234296560287476
121,36,1,Euclidiana (G),0.8177974224090576,0.932999312877655,-0.11520189046859741
121,36,1,Euclidiana (H),0.8177974224090576,0.914286732673645,-0.0964893102645874
121,36,1,Manhattan (P),0.8177974224090576,0.9406599402427673,-0.12286251783370972
121,36,1,Manhattan (G),0.8177974224090576,0.7951297163963318,0.02266770601272583
121,36,1,Manhattan (H),0.8177974224090576,0.7354041337966919,0.08239328861236572
7,37,1,Minkowski (P),0.9924755692481995,0.8353754281997681,0.1571001410484314
7,37,1,Minkowski (G),0.9924755692481995,0.9658817052841187,0.02659386396408081
7,37,1,Minkowski (H),0.9924755692481995,0.9569188356399536,0.03555673360824585
7,37,1,Euclidiana (P),0.9924755692481995,0.9412248134613037,0.05125075578689575
7,37,1,Euclidiana (G),0.9924755692481995,0.9459522366523743,0.046523332595825195
7,37,1,Euclidiana (H),0.9924755692481995,0.9848131537437439,0.007662415504455566
7,37,1,Manhattan (P),0.9924755692481995,0.9676571488380432,0.02481842041015625
7,37,1,Manhattan (G),0.9924755692481995,0.9944546818733215,-0.0019791126251220703
7,37,1,Manhattan (H),0.9924755692481995,0.9981843829154968,-0.005708813667297363
12,37,1,Minkowski (P),0.9160849452018738,0.9146250486373901,0.0014598965644836426
12,37,1,Minkowski (G),0.9160849452018738,0.9548598527908325,-0.03877490758895874
12,37,1,Minkowski (H),0.9160849452018738,0.9528664350509644,-0.036781489849090576
12,37,1,Euclidiana (P),0.9160849452018738,0.8485777974128723,0.06750714778900146
12,37,1,Euclidiana (G),0.9160849452018738,0.9076212048530579,0.008463740348815918
12,37,1,Euclidiana (H),0.9160849452018738,0.9555613994598389,-0.03947645425796509
12,37,1,Manhattan (P),0.9160849452018738,0.9239628911018372,-0.007877945899963379
12,37,1,Manhattan (G),0.9160849452018738,0.9545243382453918,-0.038439393043518066
12,37,1,Manhattan (H),0.9160849452018738,0.9559109210968018,-0.03982597589492798
42,37,1,Minkowski (P),0.9683648943901062,0.883029580116272,0.08533531427383423
42,37,1,Minkowski (G),0.9683648943901062,0.9466491937637329,0.02171570062637329
42,37,1,Minkowski (H),0.9683648943901062,0.9378735423088074,0.030491352081298828
42,37,1,Euclidiana (P),0.9683648943901062,0.8635043501853943,0.10486054420471191
42,37,1,Euclidiana (G),0.9683648943901062,0.8980240821838379,0.07034081220626831
42,37,1,Euclidiana (H),0.9683648943901062,0.9284255504608154,0.03993934392929077
42,37,1,Manhattan (P),0.9683648943901062,0.9036933779716492,0.06467151641845703
42,37,1,Manhattan (G),0.9683648943901062,0.9779882431030273,-0.009623348712921143
42,37,1,Manhattan (H),0.9683648943901062,0.9909887909889221,-0.022623896598815918
65,37,1,Minkowski (P),0.9473897814750671,0.8616482019424438,0.08574157953262329
65,37,1,Minkowski (G),0.9473897814750671,0.9427690505981445,0.004620730876922607
65,37,1,Minkowski (H),0.9473897814750671,0.899010419845581,0.048379361629486084
65,37,1,Euclidiana (P),0.9473897814750671,0.833272397518158,0.11411738395690918
65,37,1,Euclidiana (G),0.9473897814750671,0.8227246999740601,0.12466508150100708
65,37,1,Euclidiana (H),0.9473897814750671,0.8863509297370911,0.061038851737976074
65,37,1,Manhattan (P),0.9473897814750671,0.8843475580215454,0.06304222345352173
65,37,1,Manhattan (G),0.9473897814750671,0.9517683386802673,-0.004378557205200195
65,37,1,Manhattan (H),0.9473897814750671,0.9598624110221863,-0.01247262954711914
87,37,1,Minkowski (P),0.9405981302261353,0.8426172733306885,0.09798085689544678
87,37,1,Minkowski (G),0.9405981302261353,0.9104495644569397,0.030148565769195557
87,37,1,Minkowski (H),0.9405981302261353,0.8901546001434326,0.05044353008270264
87,37,1,Euclidiana (P),0.9405981302261353,0.9008709788322449,0.03972715139389038
87,37,1,Euclidiana (G),0.9405981302261353,0.901972234249115,0.038625895977020264
87,37,1,Euclidiana (H),0.9405981302261353,0.9340229034423828,0.006575226783752441
87,37,1,Manhattan (P),0.9405981302261353,0.9413077235221863,-0.0007095932960510254
87,37,1,Manhattan (G),0.9405981302261353,0.9296182990074158,0.010979831218719482
87,37,1,Manhattan (H),0.9405981302261353,0.977970540523529,-0.0373724102973938
93,37,1,Minkowski (P),0.9862610697746277,0.9019347429275513,0.08432632684707642
93,37,1,Minkowski (G),0.9862610697746277,0.9070480465888977,0.07921302318572998
93,37,1,Minkowski (H),0.9862610697746277,0.8917429447174072,0.09451812505722046
93,37,1,Euclidiana (P),0.9862610697746277,0.8917199969291687,0.09454107284545898
93,37,1,Euclidiana (G),0.9862610697746277,0.8520289063453674,0.13423216342926025
93,37,1,Euclidiana (H),0.9862610697746277,0.9536274671554565,0.03263360261917114
93,37,1,Manhattan (P),0.9862610697746277,0.9170873165130615,0.06917375326156616
93,37,1,Manhattan (G),0.9862610697746277,0.9832727909088135,0.002988278865814209
93,37,1,Manhattan (H),0.9862610697746277,0.993412435054779,-0.007151365280151367
107,37,1,Minkowski (P),0.9845082759857178,0.9567504525184631,0.02775782346725464
107,37,1,Minkowski (G),0.9845082759857178,0.9818721413612366,0.002636134624481201
107,37,1,Minkowski (H),0.9845082759857178,0.95497727394104,0.029531002044677734
107,37,1,Euclidiana (P),0.9845082759857178,0.6811420321464539,0.3033662438392639
107,37,1,Euclidiana (G),0.9845082759857178,0.771453857421875,0.21305441856384277
107,37,1,Euclidiana (H),0.9845082759857178,0.8590465784072876,0.12546169757843018
107,37,1,Manhattan (P),0.9845082759857178,0.9031569957733154,0.08135128021240234
107,37,1,Manhattan (G),0.9845082759857178,0.9792870283126831,0.005221247673034668
107,37,1,Manhattan (H),0.9845082759857178,0.996971845626831,-0.012463569641113281
121,37,1,Minkowski (P),0.9815007448196411,0.9354314804077148,0.04606926441192627
121,37,1,Minkowski (G),0.9815007448196411,0.9891971945762634,-0.0076964497566223145
121,37,1,Minkowski (H),0.9815007448196411,0.9790983200073242,0.0024024248123168945
121,37,1,Euclidiana (P),0.9815007448196411,0.8699222207069397,0.11157852411270142
121,37,1,Euclidiana (G),0.9815007448196411,0.9311399459838867,0.050360798835754395
121,37,1,Euclidiana (H),0.9815007448196411,0.9477348923683167,0.03376585245132446
121,37,1,Manhattan (P),0.9815007448196411,0.9192636609077454,0.06223708391189575
121,37,1,Manhattan (G),0.9815007448196411,0.9849729537963867,-0.0034722089767456055
121,37,1,Manhattan (H),0.9815007448196411,0.9956576824188232,-0.014156937599182129
7,38,1,Minkowski (P),0.9782065153121948,0.8064441084861755,0.1717624068260193
7,38,1,Minkowski (G),0.9782065153121948,0.9587386846542358,0.019467830657958984
7,38,1,Minkowski (H),0.9782065153121948,0.9270188212394714,0.05118769407272339
7,38,1,Euclidiana (P),0.9782065153121948,0.9634193778038025,0.014787137508392334
7,38,1,Euclidiana (G),0.9782065153121948,0.9567393064498901,0.021467208862304688
7,38,1,Euclidiana (H),0.9782065153121948,0.9843268990516663,-0.0061203837394714355
7,38,1,Manhattan (P),0.9782065153121948,0.9806178212165833,-0.0024113059043884277
7,38,1,Manhattan (G),0.9782065153121948,0.9901919364929199,-0.011985421180725098
7,38,1,Manhattan (H),0.9782065153121948,0.9968106150627136,-0.0186040997505188
12,38,1,Minkowski (P),0.8785188794136047,0.8477036952972412,0.030815184116363525
12,38,1,Minkowski (G),0.8785188794136047,0.9128515124320984,-0.03433263301849365
12,38,1,Minkowski (H),0.8785188794136047,0.940448522567749,-0.06192964315414429
12,38,1,Euclidiana (P),0.8785188794136047,0.8326220512390137,0.045896828174591064
12,38,1,Euclidiana (G),0.8785188794136047,0.8792161345481873,-0.0006972551345825195
12,38,1,Euclidiana (H),0.8785188794136047,0.962868869304657,-0.08434998989105225
12,38,1,Manhattan (P),0.8785188794136047,0.9280469417572021,-0.04952806234359741
12,38,1,Manhattan (G),0.8785188794136047,0.9444860816001892,-0.06596720218658447
12,38,1,Manhattan (H),0.8785188794136047,0.956733763217926,-0.07821488380432129
42,38,1,Minkowski (P),0.9625411629676819,0.8756012916564941,0.08693987131118774
42,38,1,Minkowski (G),0.9625411629676819,0.9405246376991272,0.022016525268554688
42,38,1,Minkowski (H),0.9625411629676819,0.9617817997932434,0.0007593631744384766
42,38,1,Euclidiana (P),0.9625411629676819,0.8196360468864441,0.1429051160812378
42,38,1,Euclidiana (G),0.9625411629676819,0.9273427724838257,0.0351983904838562
42,38,1,Euclidiana (H),0.9625411629676819,0.950502336025238,0.012038826942443848
42,38,1,Manhattan (P),0.9625411629676819,0.9550687670707703,0.007472395896911621
42,38,1,Manhattan (G),0.9625411629676819,0.9786781072616577,-0.01613694429397583
42,38,1,Manhattan (H),0.9625411629676819,0.990699827671051,-0.02815866470336914
65,38,1,Minkowski (P),0.9711786508560181,0.8929597735404968,0.07821887731552124
65,38,1,Minkowski (G),0.9711786508560181,0.9341124296188354,0.03706622123718262
65,38,1,Minkowski (H),0.9711786508560181,0.8957281708717346,0.07545047998428345
65,38,1,Euclidiana (P),0.9711786508560181,0.9096049666404724,0.061573684215545654
65,38,1,Euclidiana (G),0.9711786508560181,0.9051386713981628,0.06603997945785522
65,38,1,Euclidiana (H),0.9711786508560181,0.943020761013031,0.02815788984298706
65,38,1,Manhattan (P),0.9711786508560181,0.957725465297699,0.013453185558319092
65,38,1,Manhattan (G),0.9711786508560181,0.9773564338684082,-0.006177783012390137
65,38,1,Manhattan (H),0.9711786508560181,0.9878515601158142,-0.016672909259796143
87,38,1,Minkowski (P),0.920221745967865,0.850479006767273,0.06974273920059204
87,38,1,Minkowski (G),0.920221745967865,0.8842865228652954,0.03593522310256958
87,38,1,Minkowski (H),0.920221745967865,0.9127136468887329,0.00750809907913208
87,38,1,Euclidiana (P),0.920221745967865,0.9003251194953918,0.019896626472473145
87,38,1,Euclidiana (G),0.920221745967865,0.9282989501953125,-0.00807720422744751
87,38,1,Euclidiana (H),0.920221745967865,0.9468923211097717,-0.02667057514190674
87,38,1,Manhattan (P),0.920221745967865,0.9535454511642456,-0.033323705196380615
87,38,1,Manhattan (G),0.920221745967865,0.9252466559410095,-0.005024909973144531
87,38,1,Manhattan (H),0.920221745967865,0.9584735035896301,-0.03825175762176514
93,38,1,Minkowski (P),0.9844157099723816,0.9218007326126099,0.06261497735977173
93,38,1,Minkowski (G),0.9844157099723816,0.898223876953125,0.08619183301925659
93,38,1,Minkowski (H),0.9844157099723816,0.8431844711303711,0.1412312388420105
93,38,1,Euclidiana (P),0.9844157099723816,0.9120231866836548,0.0723925232887268
93,38,1,Euclidiana (G),0.9844157099723816,0.9351904392242432,0.04922527074813843
93,38,1,Euclidiana (H),0.9844157099723816,0.9761731028556824,0.008242607116699219
93,38,1,Manhattan (P),0.9844157099723816,0.9516738057136536,0.03274190425872803
93,38,1,Manhattan (G),0.9844157099723816,0.9908732175827026,-0.006457507610321045
93,38,1,Manhattan (H),0.9844157099723816,0.9948205947875977,-0.010404884815216064
107,38,1,Minkowski (P),0.9867845177650452,0.9594761729240417,0.027308344841003418
107,38,1,Minkowski (G),0.9867845177650452,0.9725266098976135,0.01425790786743164
107,38,1,Minkowski (H),0.9867845177650452,0.9256669878959656,0.06111752986907959
107,38,1,Euclidiana (P),0.9867845177650452,0.7528063058853149,0.23397821187973022
107,38,1,Euclidiana (G),0.9867845177650452,0.8218396902084351,0.1649448275566101
107,38,1,Euclidiana (H),0.9867845177650452,0.8779203295707703,0.1088641881942749
107,38,1,Manhattan (P),0.9867845177650452,0.9264493584632874,0.06033515930175781
107,38,1,Manhattan (G),0.9867845177650452,0.9875435829162598,-0.0007590651512145996
107,38,1,Manhattan (H),0.9867845177650452,0.9977769255638123,-0.01099240779876709
121,38,1,Minkowski (P),0.971724808216095,0.9308032989501953,0.04092150926589966
121,38,1,Minkowski (G),0.971724808216095,0.9850388765335083,-0.01331406831741333
121,38,1,Minkowski (H),0.971724808216095,0.9768452644348145,-0.005120456218719482
121,38,1,Euclidiana (P),0.971724808216095,0.9149412512779236,0.05678355693817139
121,38,1,Euclidiana (G),0.971724808216095,0.93672776222229,0.03499704599380493
121,38,1,Euclidiana (H),0.971724808216095,0.9648869037628174,0.006837904453277588
121,38,1,Manhattan (P),0.971724808216095,0.9596526622772217,0.012072145938873291
121,38,1,Manhattan (G),0.971724808216095,0.9887276887893677,-0.017002880573272705
121,38,1,Manhattan (H),0.971724808216095,0.9947319030761719,-0.023007094860076904
7,39,1,Minkowski (P),0.9806556701660156,0.7967337369918823,0.1839219331741333
7,39,1,Minkowski (G),0.9806556701660156,0.9665628671646118,0.014092803001403809
7,39,1,Minkowski (H),0.9806556701660156,0.9740566611289978,0.006599009037017822
7,39,1,Euclidiana (P),0.9806556701660156,0.9321772456169128,0.04847842454910278
7,39,1,Euclidiana (G),0.9806556701660156,0.9301339387893677,0.05052173137664795
7,39,1,Euclidiana (H),0.9806556701660156,0.9875277876853943,-0.006872117519378662
7,39,1,Manhattan (P),0.9806556701660156,0.984439492225647,-0.0037838220596313477
7,39,1,Manhattan (G),0.9806556701660156,0.9885009527206421,-0.007845282554626465
7,39,1,Manhattan (H),0.9806556701660156,0.9952699542045593,-0.014614284038543701
12,39,1,Minkowski (P),0.9482927322387695,0.8980396389961243,0.050253093242645264
12,39,1,Minkowski (G),0.9482927322387695,0.9455382227897644,0.002754509449005127
12,39,1,Minkowski (H),0.9482927322387695,0.9763213992118835,-0.028028666973114014
12,39,1,Euclidiana (P),0.9482927322387695,0.7779549956321716,0.1703377366065979
12,39,1,Euclidiana (G),0.9482927322387695,0.8914828896522522,0.056809842586517334
12,39,1,Euclidiana (H),0.9482927322387695,0.9745427966117859,-0.026250064373016357
12,39,1,Manhattan (P),0.9482927322387695,0.9678597450256348,-0.019567012786865234
12,39,1,Manhattan (G),0.9482927322387695,0.9729468822479248,-0.024654150009155273
12,39,1,Manhattan (H),0.9482927322387695,0.9772417545318604,-0.02894902229309082
42,39,1,Minkowski (P),0.9838707447052002,0.8831297159194946,0.10074102878570557
42,39,1,Minkowski (G),0.9838707447052002,0.9433470368385315,0.0405237078666687
42,39,1,Minkowski (H),0.9838707447052002,0.9821282625198364,0.0017424821853637695
42,39,1,Euclidiana (P),0.9838707447052002,0.8937522768974304,0.09011846780776978
42,39,1,Euclidiana (G),0.9838707447052002,0.8848421573638916,0.0990285873413086
42,39,1,Euclidiana (H),0.9838707447052002,0.950481653213501,0.03338909149169922
42,39,1,Manhattan (P),0.9838707447052002,0.9674589037895203,0.01641184091567993
42,39,1,Manhattan (G),0.9838707447052002,0.9846818447113037,-0.0008111000061035156
42,39,1,Manhattan (H),0.9838707447052002,0.9937552213668823,-0.009884476661682129
65,39,1,Minkowski (P),0.9780699610710144,0.8670762181282043,0.11099374294281006
65,39,1,Minkowski (G),0.9780699610710144,0.917681097984314,0.06038886308670044
65,39,1,Minkowski (H),0.9780699610710144,0.9556979537010193,0.022372007369995117
65,39,1,Euclidiana (P),0.9780699610710144,0.894607663154602,0.08346229791641235
65,39,1,Euclidiana (G),0.9780699610710144,0.8859303593635559,0.0921396017074585
65,39,1,Euclidiana (H),0.9780699610710144,0.9373770952224731,0.04069286584854126
65,39,1,Manhattan (P),0.9780699610710144,0.9453015923500061,0.0327683687210083
65,39,1,Manhattan (G),0.9780699610710144,0.9765068888664246,0.0015630722045898438
65,39,1,Manhattan (H),0.9780699610710144,0.9841474294662476,-0.006077468395233154
87,39,1,Minkowski (P),0.9446545243263245,0.8563816547393799,0.08827286958694458
87,39,1,Minkowski (G),0.9446545243263245,0.892955482006073,0.051699042320251465
87,39,1,Minkowski (H),0.9446545243263245,0.9259274005889893,0.018727123737335205
87,39,1,Euclidiana (P),0.9446545243263245,0.9006621837615967,0.04399234056472778
87,39,1,Euclidiana (G),0.9446545243263245,0.9197919368743896,0.024862587451934814
87,39,1,Euclidiana (H),0.9446545243263245,0.9686981439590454,-0.024043619632720947
87,39,1,Manhattan (P),0.9446545243263245,0.9325528144836426,0.012101709842681885
87,39,1,Manhattan (G),0.9446545243263245,0.9226723909378052,0.021982133388519287
87,39,1,Manhattan (H),0.9446545243263245,0.9598225355148315,-0.01516801118850708
93,39,1,Minkowski (P),0.9885817170143127,0.9044052362442017,0.08417648077011108
93,39,1,Minkowski (G),0.9885817170143127,0.9138445854187012,0.07473713159561157
93,39,1,Minkowski (H),0.9885817170143127,0.9412646293640137,0.04731708765029907
93,39,1,Euclidiana (P),0.9885817170143127,0.8581672310829163,0.13041448593139648
93,39,1,Euclidiana (G),0.9885817170143127,0.8945668935775757,0.09401482343673706
93,39,1,Euclidiana (H),0.9885817170143127,0.9830945134162903,0.005487203598022461
93,39,1,Manhattan (P),0.9885817170143127,0.9762044548988342,0.012377262115478516
93,39,1,Manhattan (G),0.9885817170143127,0.9926542043685913,-0.0040724873542785645
93,39,1,Manhattan (H),0.9885817170143127,0.9960108995437622,-0.007429182529449463
107,39,1,Minkowski (P),0.9954662322998047,0.9745697379112244,0.020896494388580322
107,39,1,Minkowski (G),0.9954662322998047,0.9866793751716614,0.00878685712814331
107,39,1,Minkowski (H),0.9954662322998047,0.9819859266281128,0.013480305671691895
107,39,1,Euclidiana (P),0.9954662322998047,0.7067762613296509,0.2886899709701538
107,39,1,Euclidiana (G),0.9954662322998047,0.8138418197631836,0.1816244125366211
107,39,1,Euclidiana (H),0.9954662322998047,0.9119603633880615,0.08350586891174316
107,39,1,Manhattan (P),0.9954662322998047,0.9537470936775208,0.041719138622283936
107,39,1,Manhattan (G),0.9954662322998047,0.9817891716957092,0.013677060604095459
107,39,1,Manhattan (H),0.9954662322998047,0.9982312321662903,-0.0027649998664855957
121,39,1,Minkowski (P),0.9849011301994324,0.9434455037117004,0.041455626487731934
121,39,1,Minkowski (G),0.9849011301994324,0.9922972321510315,-0.007396101951599121
121,39,1,Minkowski (H),0.9849011301994324,0.9931913018226624,-0.00829017162322998
121,39,1,Euclidiana (P),0.9849011301994324,0.8798673748970032,0.1050337553024292
121,39,1,Euclidiana (G),0.9849011301994324,0.928937554359436,0.05596357583999634
121,39,1,Euclidiana (H),0.9849011301994324,0.9644677639007568,0.020433366298675537
121,39,1,Manhattan (P),0.9849011301994324,0.9557467103004456,0.029154419898986816
121,39,1,Manhattan (G),0.9849011301994324,0.9864358305931091,-0.0015347003936767578
121,39,1,Manhattan (H),0.9849011301994324,0.9955459833145142,-0.010644853115081787
7,40,1,Minkowski (P),0.9532474279403687,0.8384016752243042,0.11484575271606445
7,40,1,Minkowski (G),0.9532474279403687,0.7749887108802795,0.1782587170600891
7,40,1,Minkowski (H),0.9532474279403687,0.8979893326759338,0.055258095264434814
7,40,1,Euclidiana (P),0.9532474279403687,0.9367691874504089,0.016478240489959717
7,40,1,Euclidiana (G),0.9532474279403687,0.9658971428871155,-0.012649714946746826
7,40,1,Euclidiana (H),0.9532474279403687,0.9486944675445557,0.004552960395812988
7,40,1,Manhattan (P),0.9532474279403687,0.9877943992614746,-0.03454697132110596
7,40,1,Manhattan (G),0.9532474279403687,0.9795379042625427,-0.026290476322174072
7,40,1,Manhattan (H),0.9532474279403687,0.9928795695304871,-0.03963214159011841
12,40,1,Minkowski (P),0.9074652791023254,0.9428920745849609,-0.0354267954826355
12,40,1,Minkowski (G),0.9074652791023254,0.8976568579673767,0.00980842113494873
12,40,1,Minkowski (H),0.9074652791023254,0.8538907170295715,0.053574562072753906
12,40,1,Euclidiana (P),0.9074652791023254,0.920363187789917,-0.012897908687591553
12,40,1,Euclidiana (G),0.9074652791023254,0.9359084963798523,-0.028443217277526855
12,40,1,Euclidiana (H),0.9074652791023254,0.9297475218772888,-0.02228224277496338
12,40,1,Manhattan (P),0.9074652791023254,0.9218593835830688,-0.014394104480743408
12,40,1,Manhattan (G),0.9074652791023254,0.9536272883415222,-0.04616200923919678
12,40,1,Manhattan (H),0.9074652791023254,0.9533447027206421,-0.04587942361831665
42,40,1,Minkowski (P),0.799328625202179,0.5950677990913391,0.20426082611083984
42,40,1,Minkowski (G),0.799328625202179,0.6854225993156433,0.11390602588653564
42,40,1,Minkowski (H),0.799328625202179,0.7718656659126282,0.02746295928955078
42,40,1,Euclidiana (P),0.799328625202179,0.8714324235916138,-0.07210379838943481
42,40,1,Euclidiana (G),0.799328625202179,0.868133008480072,-0.06880438327789307
42,40,1,Euclidiana (H),0.799328625202179,0.871301531791687,-0.07197290658950806
42,40,1,Manhattan (P),0.799328625202179,0.9295181035995483,-0.13018947839736938
42,40,1,Manhattan (G),0.799328625202179,0.7900623679161072,0.009266257286071777
42,40,1,Manhattan (H),0.799328625202179,0.8694295883178711,-0.07010096311569214
65,40,1,Minkowski (P),0.9230111837387085,0.9067631959915161,0.016247987747192383
65,40,1,Minkowski (G),0.9230111837387085,0.8274545669555664,0.09555661678314209
65,40,1,Minkowski (H),0.9230111837387085,0.8690244555473328,0.05398672819137573
65,40,1,Euclidiana (P),0.9230111837387085,0.9189305305480957,0.004080653190612793
65,40,1,Euclidiana (G),0.9230111837387085,0.8378819823265076,0.08512920141220093
65,40,1,Euclidiana (H),0.9230111837387085,0.8668730854988098,0.05613809823989868
65,40,1,Manhattan (P),0.9230111837387085,0.9730710387229919,-0.05005985498428345
65,40,1,Manhattan (G),0.9230111837387085,0.9699932336807251,-0.0469820499420166
65,40,1,Manhattan (H),0.9230111837387085,0.967481255531311,-0.04447007179260254
87,40,1,Minkowski (P),0.9180523753166199,0.7844803333282471,0.1335720419883728
87,40,1,Minkowski (G),0.9180523753166199,0.7771285176277161,0.1409238576889038
87,40,1,Minkowski (H),0.9180523753166199,0.8346229195594788,0.08342945575714111
87,40,1,Euclidiana (P),0.9180523753166199,0.8688766360282898,0.04917573928833008
87,40,1,Euclidiana (G),0.9180523753166199,0.8435841798782349,0.07446819543838501
87,40,1,Euclidiana (H),0.9180523753166199,0.852532148361206,0.06552022695541382
87,40,1,Manhattan (P),0.9180523753166199,0.9286508560180664,-0.010598480701446533
87,40,1,Manhattan (G),0.9180523753166199,0.9287012219429016,-0.010648846626281738
87,40,1,Manhattan (H),0.9180523753166199,0.9421345591545105,-0.024082183837890625
93,40,1,Minkowski (P),0.9652243852615356,0.7965334057807922,0.1686909794807434
93,40,1,Minkowski (G),0.9652243852615356,0.6350661516189575,0.3301582336425781
93,40,1,Minkowski (H),0.9652243852615356,0.9384635090827942,0.026760876178741455
93,40,1,Euclidiana (P),0.9652243852615356,0.9249051809310913,0.040319204330444336
93,40,1,Euclidiana (G),0.9652243852615356,0.900335431098938,0.06488895416259766
93,40,1,Euclidiana (H),0.9652243852615356,0.9445834159851074,0.020640969276428223
93,40,1,Manhattan (P),0.9652243852615356,0.9585844278335571,0.006639957427978516
93,40,1,Manhattan (G),0.9652243852615356,0.991818904876709,-0.02659451961517334
93,40,1,Manhattan (H),0.9652243852615356,0.9907559752464294,-0.0255315899848938
107,40,1,Minkowski (P),0.9994451403617859,0.9954311847686768,0.004013955593109131
107,40,1,Minkowski (G),0.9994451403617859,0.8679401874542236,0.13150495290756226
107,40,1,Minkowski (H),0.9994451403617859,0.8791980743408203,0.12024706602096558
107,40,1,Euclidiana (P),0.9994451403617859,0.8124232292175293,0.1870219111442566
107,40,1,Euclidiana (G),0.9994451403617859,0.8234823346138,0.17596280574798584
107,40,1,Euclidiana (H),0.9994451403617859,0.9490121603012085,0.05043298006057739
107,40,1,Manhattan (P),0.9994451403617859,0.9789825677871704,0.02046257257461548
107,40,1,Manhattan (G),0.9994451403617859,0.9896014332771301,0.009843707084655762
107,40,1,Manhattan (H),0.9994451403617859,0.9975615739822388,0.0018835663795471191
121,40,1,Minkowski (P),0.9217329621315002,0.8044634461402893,0.11726951599121094
121,40,1,Minkowski (G),0.9217329621315002,0.8600502014160156,0.06168276071548462
121,40,1,Minkowski (H),0.9217329621315002,0.975461483001709,-0.05372852087020874
121,40,1,Euclidiana (P),0.9217329621315002,0.9058251976966858,0.015907764434814453
121,40,1,Euclidiana (G),0.9217329621315002,0.9803447127342224,-0.05861175060272217
121,40,1,Euclidiana (H),0.9217329621315002,0.9684480428695679,-0.04671508073806763
121,40,1,Manhattan (P),0.9217329621315002,0.9843660593032837,-0.06263309717178345
121,40,1,Manhattan (G),0.9217329621315002,0.9757394790649414,-0.05400651693344116
121,40,1,Manhattan (H),0.9217329621315002,0.973487377166748,-0.0517544150352478
7,41,1,Minkowski (P),0.990490198135376,0.889180600643158,0.10130959749221802
7,41,1,Minkowski (G),0.990490198135376,0.9336749315261841,0.056815266609191895
7,41,1,Minkowski (H),0.990490198135376,0.9587645530700684,0.03172564506530762
7,41,1,Euclidiana (P),0.990490198135376,0.8572586178779602,0.13323158025741577
7,41,1,Euclidiana (G),0.990490198135376,0.9618300199508667,0.028660178184509277
7,41,1,Euclidiana (H),0.990490198135376,0.9667726755142212,0.023717522621154785
7,41,1,Manhattan (P),0.990490198135376,0.9944540858268738,-0.003963887691497803
7,41,1,Manhattan (G),0.990490198135376,0.99471515417099,-0.004224956035614014
7,41,1,Manhattan (H),0.990490198135376,0.9974609613418579,-0.006970763206481934
12,41,1,Minkowski (P),0.9730117917060852,0.9798589944839478,-0.006847202777862549
12,41,1,Minkowski (G),0.9730117917060852,0.9553803205490112,0.017631471157073975
12,41,1,Minkowski (H),0.9730117917060852,0.9578587412834167,0.015153050422668457
12,41,1,Euclidiana (P),0.9730117917060852,0.8769803047180176,0.09603148698806763
12,41,1,Euclidiana (G),0.9730117917060852,0.9337913393974304,0.039220452308654785
12,41,1,Euclidiana (H),0.9730117917060852,0.9401987195014954,0.032813072204589844
12,41,1,Manhattan (P),0.9730117917060852,0.982272744178772,-0.009260952472686768
12,41,1,Manhattan (G),0.9730117917060852,0.9784837961196899,-0.005472004413604736
12,41,1,Manhattan (H),0.9730117917060852,0.9810020327568054,-0.007990241050720215
42,41,1,Minkowski (P),0.8761048913002014,0.719692587852478,0.1564123034477234
42,41,1,Minkowski (G),0.8761048913002014,0.8111466765403748,0.06495821475982666
42,41,1,Minkowski (H),0.8761048913002014,0.8655253648757935,0.010579526424407959
42,41,1,Euclidiana (P),0.8761048913002014,0.7923237681388855,0.08378112316131592
42,41,1,Euclidiana (G),0.8761048913002014,0.8344336152076721,0.0416712760925293
42,41,1,Euclidiana (H),0.8761048913002014,0.9083523750305176,-0.03224748373031616
42,41,1,Manhattan (P),0.8761048913002014,0.9172524809837341,-0.041147589683532715
42,41,1,Manhattan (G),0.8761048913002014,0.9559996128082275,-0.07989472150802612
42,41,1,Manhattan (H),0.8761048913002014,0.9645996689796448,-0.08849477767944336
65,41,1,Minkowski (P),0.9567024111747742,0.9063357710838318,0.05036664009094238
65,41,1,Minkowski (G),0.9567024111747742,0.7531791925430298,0.20352321863174438
65,41,1,Minkowski (H),0.9567024111747742,0.9117127656936646,0.04498964548110962
65,41,1,Euclidiana (P),0.9567024111747742,0.8813768029212952,0.075325608253479
65,41,1,Euclidiana (G),0.9567024111747742,0.8894679546356201,0.06723445653915405
65,41,1,Euclidiana (H),0.9567024111747742,0.9181849956512451,0.03851741552352905
65,41,1,Manhattan (P),0.9567024111747742,0.9744142889976501,-0.017711877822875977
65,41,1,Manhattan (G),0.9567024111747742,0.9715421795845032,-0.014839768409729004
65,41,1,Manhattan (H),0.9567024111747742,0.9933702945709229,-0.03666788339614868
87,41,1,Minkowski (P),0.9478060603141785,0.8710660934448242,0.07673996686935425
87,41,1,Minkowski (G),0.9478060603141785,0.8443600535392761,0.10344600677490234
87,41,1,Minkowski (H),0.9478060603141785,0.8755071759223938,0.07229888439178467
87,41,1,Euclidiana (P),0.9478060603141785,0.829826831817627,0.11797922849655151
87,41,1,Euclidiana (G),0.9478060603141785,0.8722580075263977,0.07554805278778076
87,41,1,Euclidiana (H),0.9478060603141785,0.9265508651733398,0.021255195140838623
87,41,1,Manhattan (P),0.9478060603141785,0.9601414799690247,-0.012335419654846191
87,41,1,Manhattan (G),0.9478060603141785,0.9555180072784424,-0.007711946964263916
87,41,1,Manhattan (H),0.9478060603141785,0.9792821407318115,-0.03147608041763306
93,41,1,Minkowski (P),0.9587330222129822,0.8566513061523438,0.10208171606063843
93,41,1,Minkowski (G),0.9587330222129822,0.7340273261070251,0.22470569610595703
93,41,1,Minkowski (H),0.9587330222129822,0.8934668302536011,0.0652661919593811
93,41,1,Euclidiana (P),0.9587330222129822,0.6952994465827942,0.263433575630188
93,41,1,Euclidiana (G),0.9587330222129822,0.8701944947242737,0.0885385274887085
93,41,1,Euclidiana (H),0.9587330222129822,0.859399676322937,0.09933334589004517
93,41,1,Manhattan (P),0.9587330222129822,0.9725720286369324,-0.013839006423950195
93,41,1,Manhattan (G),0.9587330222129822,0.981803297996521,-0.02307027578353882
93,41,1,Manhattan (H),0.9587330222129822,0.9863132238388062,-0.027580201625823975
107,41,1,Minkowski (P),0.998875081539154,0.9912775754928589,0.007597506046295166
107,41,1,Minkowski (G),0.998875081539154,0.973747193813324,0.025127887725830078
107,41,1,Minkowski (H),0.998875081539154,0.8966271877288818,0.10224789381027222
107,41,1,Euclidiana (P),0.998875081539154,0.6104304194450378,0.3884446620941162
107,41,1,Euclidiana (G),0.998875081539154,0.8415772318840027,0.15729784965515137
107,41,1,Euclidiana (H),0.998875081539154,0.9694264531135559,0.029448628425598145
107,41,1,Manhattan (P),0.998875081539154,0.9866582751274109,0.012216806411743164
107,41,1,Manhattan (G),0.998875081539154,0.9980542659759521,0.0008208155632019043
107,41,1,Manhattan (H),0.998875081539154,0.9996520280838013,-0.0007769465446472168
121,41,1,Minkowski (P),0.9942066669464111,0.9685210585594177,0.025685608386993408
121,41,1,Minkowski (G),0.9942066669464111,0.9717826843261719,0.022423982620239258
121,41,1,Minkowski (H),0.9942066669464111,0.9621106386184692,0.032096028327941895
121,41,1,Euclidiana (P),0.9942066669464111,0.74728924036026,0.24691742658615112
121,41,1,Euclidiana (G),0.9942066669464111,0.9672222137451172,0.026984453201293945
121,41,1,Euclidiana (H),0.9942066669464111,0.9878738522529602,0.006332814693450928
121,41,1,Manhattan (P),0.9942066669464111,0.991605281829834,0.0026013851165771484
121,41,1,Manhattan (G),0.9942066669464111,0.9986704587936401,-0.004463791847229004
121,41,1,Manhattan (H),0.9942066669464111,0.9988359808921814,-0.004629313945770264
7,42,1,Minkowski (P),0.9846414923667908,0.9280338883399963,0.056607604026794434
7,42,1,Minkowski (G),0.9846414923667908,0.9145706295967102,0.07007086277008057
7,42,1,Minkowski (H),0.9846414923667908,0.9646232724189758,0.02001821994781494
7,42,1,Euclidiana (P),0.9846414923667908,0.9476781487464905,0.03696334362030029
7,42,1,Euclidiana (G),0.9846414923667908,0.9668880105018616,0.0177534818649292
7,42,1,Euclidiana (H),0.9846414923667908,0.9447320103645325,0.0399094820022583
7,42,1,Manhattan (P),0.9846414923667908,0.9832495450973511,0.0013919472694396973
7,42,1,Manhattan (G),0.9846414923667908,0.9854273796081543,-0.0007858872413635254
7,42,1,Manhattan (H),0.9846414923667908,0.9888477325439453,-0.004206240177154541
12,42,1,Minkowski (P),0.9341235756874084,0.9571992754936218,-0.02307569980621338
12,42,1,Minkowski (G),0.9341235756874084,0.8689500093460083,0.06517356634140015
12,42,1,Minkowski (H),0.9341235756874084,0.8986147046089172,0.03550887107849121
12,42,1,Euclidiana (P),0.9341235756874084,0.7486978769302368,0.18542569875717163
12,42,1,Euclidiana (G),0.9341235756874084,0.9598178267478943,-0.02569425106048584
12,42,1,Euclidiana (H),0.9341235756874084,0.9131255745887756,0.020998001098632812
12,42,1,Manhattan (P),0.9341235756874084,0.9401566386222839,-0.006033062934875488
12,42,1,Manhattan (G),0.9341235756874084,0.9064533710479736,0.027670204639434814
12,42,1,Manhattan (H),0.9341235756874084,0.8986222147941589,0.03550136089324951
42,42,1,Minkowski (P),0.9414666295051575,0.9239089488983154,0.01755768060684204
42,42,1,Minkowski (G),0.9414666295051575,0.8838265538215637,0.05764007568359375
42,42,1,Minkowski (H),0.9414666295051575,0.8556995391845703,0.08576709032058716
42,42,1,Euclidiana (P),0.9414666295051575,0.8732215166091919,0.06824511289596558
42,42,1,Euclidiana (G),0.9414666295051575,0.899574339389801,0.041892290115356445
42,42,1,Euclidiana (H),0.9414666295051575,0.8544905185699463,0.08697611093521118
42,42,1,Manhattan (P),0.9414666295051575,0.900600254535675,0.04086637496948242
42,42,1,Manhattan (G),0.9414666295051575,0.9153770804405212,0.02608954906463623
42,42,1,Manhattan (H),0.9414666295051575,0.9395695924758911,0.0018970370292663574
65,42,1,Minkowski (P),0.964805006980896,0.9362442493438721,0.028560757637023926
65,42,1,Minkowski (G),0.964805006980896,0.8814941644668579,0.08331084251403809
65,42,1,Minkowski (H),0.964805006980896,0.8689399361610413,0.09586507081985474
65,42,1,Euclidiana (P),0.964805006980896,0.8966131806373596,0.06819182634353638
65,42,1,Euclidiana (G),0.964805006980896,0.9064102172851562,0.058394789695739746
65,42,1,Euclidiana (H),0.964805006980896,0.859216034412384,0.10558897256851196
65,42,1,Manhattan (P),0.964805006980896,0.9629213809967041,0.0018836259841918945
65,42,1,Manhattan (G),0.964805006980896,0.954980731010437,0.009824275970458984
65,42,1,Manhattan (H),0.964805006980896,0.9626967310905457,0.002108275890350342
87,42,1,Minkowski (P),0.9168320298194885,0.8367092609405518,0.08012276887893677
87,42,1,Minkowski (G),0.9168320298194885,0.8481359481811523,0.06869608163833618
87,42,1,Minkowski (H),0.9168320298194885,0.8723039031028748,0.04452812671661377
87,42,1,Euclidiana (P),0.9168320298194885,0.8432413339614868,0.07359069585800171
87,42,1,Euclidiana (G),0.9168320298194885,0.891251802444458,0.025580227375030518
87,42,1,Euclidiana (H),0.9168320298194885,0.8583152294158936,0.05851680040359497
87,42,1,Manhattan (P),0.9168320298194885,0.9328453540802002,-0.01601332426071167
87,42,1,Manhattan (G),0.9168320298194885,0.9036364555358887,0.013195574283599854
87,42,1,Manhattan (H),0.9168320298194885,0.9292081594467163,-0.012376129627227783
93,42,1,Minkowski (P),0.9911182522773743,0.9773308038711548,0.013787448406219482
93,42,1,Minkowski (G),0.9911182522773743,0.8496778011322021,0.14144045114517212
93,42,1,Minkowski (H),0.9911182522773743,0.8942802548408508,0.09683799743652344
93,42,1,Euclidiana (P),0.9911182522773743,0.8842012286186218,0.10691702365875244
93,42,1,Euclidiana (G),0.9911182522773743,0.9330694675445557,0.058048784732818604
93,42,1,Euclidiana (H),0.9911182522773743,0.9216617941856384,0.06945645809173584
93,42,1,Manhattan (P),0.9911182522773743,0.961275041103363,0.02984321117401123
93,42,1,Manhattan (G),0.9911182522773743,0.9801943302154541,0.010923922061920166
93,42,1,Manhattan (H),0.9911182522773743,0.9796039462089539,0.01151430606842041
107,42,1,Minkowski (P),0.9954020977020264,0.9946213960647583,0.0007807016372680664
107,42,1,Minkowski (G),0.9954020977020264,0.9390775561332703,0.056324541568756104
107,42,1,Minkowski (H),0.9954020977020264,0.7905677556991577,0.20483434200286865
107,42,1,Euclidiana (P),0.9954020977020264,0.8039500117301941,0.19145208597183228
107,42,1,Euclidiana (G),0.9954020977020264,0.8786724209785461,0.11672967672348022
107,42,1,Euclidiana (H),0.9954020977020264,0.9190524220466614,0.07634967565536499
107,42,1,Manhattan (P),0.9954020977020264,0.9736753106117249,0.021726787090301514
107,42,1,Manhattan (G),0.9954020977020264,0.9845569133758545,0.010845184326171875
107,42,1,Manhattan (H),0.9954020977020264,0.99225252866745,0.003149569034576416
121,42,1,Minkowski (P),0.9763522744178772,0.9653945565223694,0.010957717895507812
121,42,1,Minkowski (G),0.9763522744178772,0.9275572299957275,0.04879504442214966
121,42,1,Minkowski (H),0.9763522744178772,0.9186221957206726,0.05773007869720459
121,42,1,Euclidiana (P),0.9763522744178772,0.8054503798484802,0.17090189456939697
121,42,1,Euclidiana (G),0.9763522744178772,0.9742885828018188,0.0020636916160583496
121,42,1,Euclidiana (H),0.9763522744178772,0.9642981290817261,0.012054145336151123
121,42,1,Manhattan (P),0.9763522744178772,0.9804776310920715,-0.004125356674194336
121,42,1,Manhattan (G),0.9763522744178772,0.9811912178993225,-0.0048389434814453125
121,42,1,Manhattan (H),0.9763522744178772,0.9809955954551697,-0.0046433210372924805
7,43,1,Minkowski (P),0.08999685943126678,0.5111672282218933,-0.4211703687906265
7,43,1,Minkowski (G),0.08999685943126678,0.7794581651687622,-0.6894613057374954
7,43,1,Minkowski (H),0.08999685943126678,0.9374392032623291,-0.8474423438310623
7,43,1,Euclidiana (P),0.08999685943126678,0.8044084906578064,-0.7144116312265396
7,43,1,Euclidiana (G),0.08999685943126678,0.9478878974914551,-0.8578910380601883
7,43,1,Euclidiana (H),0.08999685943126678,0.7949127554893494,-0.7049158960580826
7,43,1,Manhattan (P),0.08999685943126678,0.4182625412940979,-0.3282656818628311
7,43,1,Manhattan (G),0.08999685943126678,0.36097434163093567,-0.2709774821996689
7,43,1,Manhattan (H),0.08999685943126678,0.4276587963104248,-0.337661936879158
12,43,1,Minkowski (P),0.1911470592021942,0.785764217376709,-0.5946171581745148
12,43,1,Minkowski (G),0.1911470592021942,0.7640957236289978,-0.5729486644268036
12,43,1,Minkowski (H),0.1911470592021942,0.7923638820648193,-0.6012168228626251
12,43,1,Euclidiana (P),0.1911470592021942,0.7567158341407776,-0.5655687749385834
12,43,1,Euclidiana (G),0.1911470592021942,0.8761187195777893,-0.6849716603755951
12,43,1,Euclidiana (H),0.1911470592021942,0.8307347893714905,-0.6395877301692963
12,43,1,Manhattan (P),0.1911470592021942,0.6632707715034485,-0.4721237123012543
12,43,1,Manhattan (G),0.1911470592021942,0.5421249866485596,-0.35097792744636536
12,43,1,Manhattan (H),0.1911470592021942,0.42287200689315796,-0.23172494769096375
42,43,1,Minkowski (P),0.33839648962020874,0.5192698240280151,-0.1808733344078064
42,43,1,Minkowski (G),0.33839648962020874,0.5167386531829834,-0.17834216356277466
42,43,1,Minkowski (H),0.33839648962020874,0.7722606062889099,-0.43386411666870117
42,43,1,Euclidiana (P),0.33839648962020874,0.7760472893714905,-0.43765079975128174
42,43,1,Euclidiana (G),0.33839648962020874,0.8866440057754517,-0.5482475161552429
42,43,1,Euclidiana (H),0.33839648962020874,0.8421534299850464,-0.5037569403648376
42,43,1,Manhattan (P),0.33839648962020874,0.7547081112861633,-0.4163116216659546
42,43,1,Manhattan (G),0.33839648962020874,0.5841671824455261,-0.24577069282531738
42,43,1,Manhattan (H),0.33839648962020874,0.5578003525733948,-0.21940386295318604
65,43,1,Minkowski (P),0.6236802339553833,0.8296729326248169,-0.2059926986694336
65,43,1,Minkowski (G),0.6236802339553833,0.7621937990188599,-0.13851356506347656
65,43,1,Minkowski (H),0.6236802339553833,0.9201056957244873,-0.296425461769104
65,43,1,Euclidiana (P),0.6236802339553833,0.7685017585754395,-0.14482152462005615
65,43,1,Euclidiana (G),0.6236802339553833,0.8525041341781616,-0.22882390022277832
65,43,1,Euclidiana (H),0.6236802339553833,0.7575269341468811,-0.1338467001914978
65,43,1,Manhattan (P),0.6236802339553833,0.7743707895278931,-0.15069055557250977
65,43,1,Manhattan (G),0.6236802339553833,0.7657750248908997,-0.14209479093551636
65,43,1,Manhattan (H),0.6236802339553833,0.7334184646606445,-0.10973823070526123
87,43,1,Minkowski (P),0.5250036716461182,0.611985445022583,-0.08698177337646484
87,43,1,Minkowski (G),0.5250036716461182,0.541550874710083,-0.016547203063964844
87,43,1,Minkowski (H),0.5250036716461182,0.8446329236030579,-0.3196292519569397
87,43,1,Euclidiana (P),0.5250036716461182,0.7753766179084778,-0.2503729462623596
87,43,1,Euclidiana (G),0.5250036716461182,0.8979356288909912,-0.37293195724487305
87,43,1,Euclidiana (H),0.5250036716461182,0.8484351634979248,-0.32343149185180664
87,43,1,Manhattan (P),0.5250036716461182,0.7673113942146301,-0.24230772256851196
87,43,1,Manhattan (G),0.5250036716461182,0.6905878186225891,-0.16558414697647095
87,43,1,Manhattan (H),0.5250036716461182,0.7674576044082642,-0.242453932762146
93,43,1,Minkowski (P),0.21786461770534515,0.5288869142532349,-0.3110222965478897
93,43,1,Minkowski (G),0.21786461770534515,0.5483351945877075,-0.33047057688236237
93,43,1,Minkowski (H),0.21786461770534515,0.8842230439186096,-0.6663584262132645
93,43,1,Euclidiana (P),0.21786461770534515,0.8756641149520874,-0.6577994972467422
93,43,1,Euclidiana (G),0.21786461770534515,0.9462908506393433,-0.7284262329339981
93,43,1,Euclidiana (H),0.21786461770534515,0.7510133385658264,-0.5331487208604813
93,43,1,Manhattan (P),0.21786461770534515,0.6571817994117737,-0.43931718170642853
93,43,1,Manhattan (G),0.21786461770534515,0.58495032787323,-0.3670857101678848
93,43,1,Manhattan (H),0.21786461770534515,0.7109681963920593,-0.4931035786867142
107,43,1,Minkowski (P),0.14334619045257568,0.8418172597885132,-0.6984710693359375
107,43,1,Minkowski (G),0.14334619045257568,0.7297528386116028,-0.5864066481590271
107,43,1,Minkowski (H),0.14334619045257568,0.8061401844024658,-0.6627939939498901
107,43,1,Euclidiana (P),0.14334619045257568,0.6597438454627991,-0.5163976550102234
107,43,1,Euclidiana (G),0.14334619045257568,0.832758903503418,-0.6894127130508423
107,43,1,Euclidiana (H),0.14334619045257568,0.5778419375419617,-0.434495747089386
107,43,1,Manhattan (P),0.14334619045257568,0.5097482204437256,-0.3664020299911499
107,43,1,Manhattan (G),0.14334619045257568,0.6865847706794739,-0.5432385802268982
107,43,1,Manhattan (H),0.14334619045257568,0.4787757098674774,-0.33542951941490173
121,43,1,Minkowski (P),0.3101885914802551,0.6678456664085388,-0.3576570749282837
121,43,1,Minkowski (G),0.3101885914802551,0.7763286828994751,-0.46614009141921997
121,43,1,Minkowski (H),0.3101885914802551,0.9651040434837341,-0.654915452003479
121,43,1,Euclidiana (P),0.3101885914802551,0.7058406472206116,-0.39565205574035645
121,43,1,Euclidiana (G),0.3101885914802551,0.983226478099823,-0.6730378866195679
121,43,1,Euclidiana (H),0.3101885914802551,0.6898676156997681,-0.37967902421951294
121,43,1,Manhattan (P),0.3101885914802551,0.8768476843833923,-0.5666590929031372
121,43,1,Manhattan (G),0.3101885914802551,0.8687441349029541,-0.558555543422699
121,43,1,Manhattan (H),0.3101885914802551,0.41712597012519836,-0.10693737864494324
7,44,1,Minkowski (P),0.9867619276046753,0.8056593537330627,0.18110257387161255
7,44,1,Minkowski (G),0.9867619276046753,0.9703192710876465,0.01644265651702881
7,44,1,Minkowski (H),0.9867619276046753,0.9599711298942566,0.0267907977104187
7,44,1,Euclidiana (P),0.9867619276046753,0.9738682508468628,0.0128936767578125
7,44,1,Euclidiana (G),0.9867619276046753,0.9477375745773315,0.03902435302734375
7,44,1,Euclidiana (H),0.9867619276046753,0.9905649423599243,-0.0038030147552490234
7,44,1,Manhattan (P),0.9867619276046753,0.955524742603302,0.03123718500137329
7,44,1,Manhattan (G),0.9867619276046753,0.9887143969535828,-0.0019524693489074707
7,44,1,Manhattan (H),0.9867619276046753,0.9965908527374268,-0.009828925132751465
12,44,1,Minkowski (P),0.9248829483985901,0.8675853610038757,0.057297587394714355
12,44,1,Minkowski (G),0.9248829483985901,0.9482602477073669,-0.023377299308776855
12,44,1,Minkowski (H),0.9248829483985901,0.9729516506195068,-0.04806870222091675
12,44,1,Euclidiana (P),0.9248829483985901,0.8361034989356995,0.08877944946289062
12,44,1,Euclidiana (G),0.9248829483985901,0.8888465166091919,0.03603643178939819
12,44,1,Euclidiana (H),0.9248829483985901,0.9773347973823547,-0.05245184898376465
12,44,1,Manhattan (P),0.9248829483985901,0.9297934770584106,-0.004910528659820557
12,44,1,Manhattan (G),0.9248829483985901,0.9546213150024414,-0.02973836660385132
12,44,1,Manhattan (H),0.9248829483985901,0.969689130783081,-0.04480618238449097
42,44,1,Minkowski (P),0.9569923281669617,0.8506808280944824,0.10631150007247925
42,44,1,Minkowski (G),0.9569923281669617,0.9333240389823914,0.023668289184570312
42,44,1,Minkowski (H),0.9569923281669617,0.9712908864021301,-0.014298558235168457
42,44,1,Euclidiana (P),0.9569923281669617,0.904909610748291,0.052082717418670654
42,44,1,Euclidiana (G),0.9569923281669617,0.9311034679412842,0.02588886022567749
42,44,1,Euclidiana (H),0.9569923281669617,0.9358386993408203,0.021153628826141357
42,44,1,Manhattan (P),0.9569923281669617,0.9337331056594849,0.023259222507476807
42,44,1,Manhattan (G),0.9569923281669617,0.9750348329544067,-0.01804250478744507
42,44,1,Manhattan (H),0.9569923281669617,0.9902895092964172,-0.033297181129455566
65,44,1,Minkowski (P),0.9593719244003296,0.8668411374092102,0.09253078699111938
65,44,1,Minkowski (G),0.9593719244003296,0.9303734302520752,0.028998494148254395
65,44,1,Minkowski (H),0.9593719244003296,0.9404357671737671,0.0189361572265625
65,44,1,Euclidiana (P),0.9593719244003296,0.9454309940338135,0.013940930366516113
65,44,1,Euclidiana (G),0.9593719244003296,0.90003502368927,0.05933690071105957
65,44,1,Euclidiana (H),0.9593719244003296,0.9664676785469055,-0.007095754146575928
65,44,1,Manhattan (P),0.9593719244003296,0.9417622685432434,0.01760965585708618
65,44,1,Manhattan (G),0.9593719244003296,0.9656478762626648,-0.006275951862335205
65,44,1,Manhattan (H),0.9593719244003296,0.9729774594306946,-0.01360553503036499
87,44,1,Minkowski (P),0.9293672442436218,0.8716364502906799,0.057730793952941895
87,44,1,Minkowski (G),0.9293672442436218,0.8975638151168823,0.0318034291267395
87,44,1,Minkowski (H),0.9293672442436218,0.925233781337738,0.004133462905883789
87,44,1,Euclidiana (P),0.9293672442436218,0.9162108898162842,0.013156354427337646
87,44,1,Euclidiana (G),0.9293672442436218,0.934853732585907,-0.005486488342285156
87,44,1,Euclidiana (H),0.9293672442436218,0.9340077042579651,-0.004640460014343262
87,44,1,Manhattan (P),0.9293672442436218,0.9462787508964539,-0.01691150665283203
87,44,1,Manhattan (G),0.9293672442436218,0.918259859085083,0.011107385158538818
87,44,1,Manhattan (H),0.9293672442436218,0.958828330039978,-0.0294610857963562
93,44,1,Minkowski (P),0.9905505180358887,0.8874428868293762,0.10310763120651245
93,44,1,Minkowski (G),0.9905505180358887,0.9302981495857239,0.060252368450164795
93,44,1,Minkowski (H),0.9905505180358887,0.9356505870819092,0.05489993095397949
93,44,1,Euclidiana (P),0.9905505180358887,0.9386678338050842,0.05188268423080444
93,44,1,Euclidiana (G),0.9905505180358887,0.9114266037940979,0.07912391424179077
93,44,1,Euclidiana (H),0.9905505180358887,0.9826008677482605,0.007949650287628174
93,44,1,Manhattan (P),0.9905505180358887,0.9194132685661316,0.07113724946975708
93,44,1,Manhattan (G),0.9905505180358887,0.9874985814094543,0.003051936626434326
93,44,1,Manhattan (H),0.9905505180358887,0.9945598244667053,-0.00400930643081665
107,44,1,Minkowski (P),0.9859786629676819,0.9601171612739563,0.025861501693725586
107,44,1,Minkowski (G),0.9859786629676819,0.981726348400116,0.004252314567565918
107,44,1,Minkowski (H),0.9859786629676819,0.9555325508117676,0.030446112155914307
107,44,1,Euclidiana (P),0.9859786629676819,0.8176947832107544,0.1682838797569275
107,44,1,Euclidiana (G),0.9859786629676819,0.8270903825759888,0.15888828039169312
107,44,1,Euclidiana (H),0.9859786629676819,0.9386052489280701,0.047373414039611816
107,44,1,Manhattan (P),0.9859786629676819,0.9188827276229858,0.06709593534469604
107,44,1,Manhattan (G),0.9859786629676819,0.9760687351226807,0.00990992784500122
107,44,1,Manhattan (H),0.9859786629676819,0.9966622591018677,-0.010683596134185791
121,44,1,Minkowski (P),0.971555233001709,0.93827885389328,0.033276379108428955
121,44,1,Minkowski (G),0.971555233001709,0.9882362484931946,-0.016681015491485596
121,44,1,Minkowski (H),0.971555233001709,0.9840037226676941,-0.012448489665985107
121,44,1,Euclidiana (P),0.971555233001709,0.9226841926574707,0.04887104034423828
121,44,1,Euclidiana (G),0.971555233001709,0.9270976185798645,0.04445761442184448
121,44,1,Euclidiana (H),0.971555233001709,0.9528956413269043,0.018659591674804688
121,44,1,Manhattan (P),0.971555233001709,0.9343855381011963,0.037169694900512695
121,44,1,Manhattan (G),0.971555233001709,0.9767318964004517,-0.005176663398742676
121,44,1,Manhattan (H),0.971555233001709,0.9929373860359192,-0.021382153034210205
7,45,1,Minkowski (P),0.9759160876274109,0.8362522721290588,0.13966381549835205
7,45,1,Minkowski (G),0.9759160876274109,0.8459234237670898,0.12999266386032104
7,45,1,Minkowski (H),0.9759160876274109,0.9599119424819946,0.01600414514541626
7,45,1,Euclidiana (P),0.9759160876274109,0.9786712527275085,-0.0027551651000976562
7,45,1,Euclidiana (G),0.9759160876274109,0.9559048414230347,0.02001124620437622
7,45,1,Euclidiana (H),0.9759160876274109,0.9923995137214661,-0.016483426094055176
7,45,1,Manhattan (P),0.9759160876274109,0.9936742782592773,-0.017758190631866455
7,45,1,Manhattan (G),0.9759160876274109,0.9799845814704895,-0.004068493843078613
7,45,1,Manhattan (H),0.9759160876274109,0.9908803701400757,-0.014964282512664795
12,45,1,Minkowski (P),0.9652831554412842,0.8833118081092834,0.08197134733200073
12,45,1,Minkowski (G),0.9652831554412842,0.906050443649292,0.05923271179199219
12,45,1,Minkowski (H),0.9652831554412842,0.9482077360153198,0.017075419425964355
12,45,1,Euclidiana (P),0.9652831554412842,0.899569034576416,0.06571412086486816
12,45,1,Euclidiana (G),0.9652831554412842,0.9344161748886108,0.03086698055267334
12,45,1,Euclidiana (H),0.9652831554412842,0.9608824849128723,0.004400670528411865
12,45,1,Manhattan (P),0.9652831554412842,0.9631782174110413,0.00210493803024292
12,45,1,Manhattan (G),0.9652831554412842,0.9702925682067871,-0.00500941276550293
12,45,1,Manhattan (H),0.9652831554412842,0.9670572876930237,-0.001774132251739502
42,45,1,Minkowski (P),0.9597942233085632,0.8654008507728577,0.09439337253570557
42,45,1,Minkowski (G),0.9597942233085632,0.889948308467865,0.06984591484069824
42,45,1,Minkowski (H),0.9597942233085632,0.9709493517875671,-0.011155128479003906
42,45,1,Euclidiana (P),0.9597942233085632,0.8646114468574524,0.09518277645111084
42,45,1,Euclidiana (G),0.9597942233085632,0.9492875337600708,0.010506689548492432
42,45,1,Euclidiana (H),0.9597942233085632,0.9682876467704773,-0.008493423461914062
42,45,1,Manhattan (P),0.9597942233085632,0.9688429832458496,-0.009048759937286377
42,45,1,Manhattan (G),0.9597942233085632,0.9326281547546387,0.02716606855392456
42,45,1,Manhattan (H),0.9597942233085632,0.9827744364738464,-0.022980213165283203
65,45,1,Minkowski (P),0.992939829826355,0.8800548315048218,0.1128849983215332
65,45,1,Minkowski (G),0.992939829826355,0.9079336524009705,0.08500617742538452
65,45,1,Minkowski (H),0.992939829826355,0.9759547114372253,0.01698511838912964
65,45,1,Euclidiana (P),0.992939829826355,0.9627675414085388,0.030172288417816162
65,45,1,Euclidiana (G),0.992939829826355,0.9587134122848511,0.034226417541503906
65,45,1,Euclidiana (H),0.992939829826355,0.9810671806335449,0.011872649192810059
65,45,1,Manhattan (P),0.992939829826355,0.9922141432762146,0.0007256865501403809
65,45,1,Manhattan (G),0.992939829826355,0.9829381108283997,0.010001718997955322
65,45,1,Manhattan (H),0.992939829826355,0.9928656816482544,7.414817810058594e-05
87,45,1,Minkowski (P),0.9393666386604309,0.8741015791893005,0.06526505947113037
87,45,1,Minkowski (G),0.9393666386604309,0.8818598389625549,0.05750679969787598
87,45,1,Minkowski (H),0.9393666386604309,0.9390150904655457,0.0003515481948852539
87,45,1,Euclidiana (P),0.9393666386604309,0.912123441696167,0.027243196964263916
87,45,1,Euclidiana (G),0.9393666386604309,0.9230718016624451,0.01629483699798584
87,45,1,Euclidiana (H),0.9393666386604309,0.9587579965591431,-0.019391357898712158
87,45,1,Manhattan (P),0.9393666386604309,0.9670928716659546,-0.02772623300552368
87,45,1,Manhattan (G),0.9393666386604309,0.9667503833770752,-0.027383744716644287
87,45,1,Manhattan (H),0.9393666386604309,0.9694514274597168,-0.03008478879928589
93,45,1,Minkowski (P),0.9810110926628113,0.876703143119812,0.10430794954299927
93,45,1,Minkowski (G),0.9810110926628113,0.8350636959075928,0.1459473967552185
93,45,1,Minkowski (H),0.9810110926628113,0.945186197757721,0.03582489490509033
93,45,1,Euclidiana (P),0.9810110926628113,0.9532593488693237,0.02775174379348755
93,45,1,Euclidiana (G),0.9810110926628113,0.9125915169715881,0.06841957569122314
93,45,1,Euclidiana (H),0.9810110926628113,0.9716988205909729,0.009312272071838379
93,45,1,Manhattan (P),0.9810110926628113,0.9888408780097961,-0.007829785346984863
93,45,1,Manhattan (G),0.9810110926628113,0.9564533829689026,0.02455770969390869
93,45,1,Manhattan (H),0.9810110926628113,0.9886924028396606,-0.007681310176849365
107,45,1,Minkowski (P),0.9887378215789795,0.9558403491973877,0.0328974723815918
107,45,1,Minkowski (G),0.9887378215789795,0.9629736542701721,0.025764167308807373
107,45,1,Minkowski (H),0.9887378215789795,0.9517671465873718,0.036970674991607666
107,45,1,Euclidiana (P),0.9887378215789795,0.8783437609672546,0.11039406061172485
107,45,1,Euclidiana (G),0.9887378215789795,0.8711514472961426,0.11758637428283691
107,45,1,Euclidiana (H),0.9887378215789795,0.9523290991783142,0.03640872240066528
107,45,1,Manhattan (P),0.9887378215789795,0.983226478099823,0.005511343479156494
107,45,1,Manhattan (G),0.9887378215789795,0.9783483147621155,0.010389506816864014
107,45,1,Manhattan (H),0.9887378215789795,0.996616780757904,-0.00787895917892456
121,45,1,Minkowski (P),0.982923686504364,0.8943577408790588,0.08856594562530518
121,45,1,Minkowski (G),0.982923686504364,0.9636418223381042,0.019281864166259766
121,45,1,Minkowski (H),0.982923686504364,0.9849479794502258,-0.0020242929458618164
121,45,1,Euclidiana (P),0.982923686504364,0.9505230188369751,0.032400667667388916
121,45,1,Euclidiana (G),0.982923686504364,0.9621115326881409,0.020812153816223145
121,45,1,Euclidiana (H),0.982923686504364,0.9782646894454956,0.004658997058868408
121,45,1,Manhattan (P),0.982923686504364,0.9839534759521484,-0.0010297894477844238
121,45,1,Manhattan (G),0.982923686504364,0.9764320850372314,0.006491601467132568
121,45,1,Manhattan (H),0.982923686504364,0.9914394617080688,-0.008515775203704834
