seed,sample,target_class,grupo,prob_base,prob_oclusa,queda_prob
7,0,0,Minkowski (P),0.1497899442911148,0.0076170009560883045,0.1421729433350265
7,0,0,Minkowski (G),0.1497899442911148,0.5866619944572449,-0.43687205016613007
7,0,0,Minkowski (H),0.1497899442911148,0.412034809589386,-0.2622448652982712
7,0,0,Euclidiana (P),0.1497899442911148,0.3153185248374939,-0.1655285805463791
7,0,0,Euclidiana (G),0.1497899442911148,0.41007110476493835,-0.26028116047382355
7,0,0,Euclidiana (H),0.1497899442911148,0.43728870153427124,-0.28749875724315643
7,0,0,Manhattan (P),0.1497899442911148,0.4967515766620636,-0.3469616323709488
7,0,0,Manhattan (G),0.1497899442911148,0.04098732769489288,0.10880261659622192
7,0,0,Manhattan (H),0.1497899442911148,0.5481123328208923,-0.3983223885297775
12,0,0,Minkowski (P),0.010205892845988274,0.00514451926574111,0.005061373580247164
12,0,0,Minkowski (G),0.010205892845988274,0.23698025941848755,-0.22677436657249928
12,0,0,Minkowski (H),0.010205892845988274,0.054128602147102356,-0.04392270930111408
12,0,0,Euclidiana (P),0.010205892845988274,0.047666873782873154,-0.03746098093688488
12,0,0,Euclidiana (G),0.010205892845988274,0.2654605209827423,-0.25525462813675404
12,0,0,Euclidiana (H),0.010205892845988274,0.1100454181432724,-0.09983952529728413
12,0,0,Manhattan (P),0.010205892845988274,0.11535793542861938,-0.10515204258263111
12,0,0,Manhattan (G),0.010205892845988274,0.012781376950442791,-0.0025754841044545174
12,0,0,Manhattan (H),0.010205892845988274,0.33693766593933105,-0.3267317730933428
42,0,0,Minkowski (P),0.3004298508167267,0.28221479058265686,0.018215060234069824
42,0,0,Minkowski (G),0.3004298508167267,0.04883819445967674,0.25159165635704994
42,0,0,Minkowski (H),0.3004298508167267,0.08896997570991516,0.21145987510681152
42,0,0,Euclidiana (P),0.3004298508167267,0.061574529856443405,0.23885532096028328
42,0,0,Euclidiana (G),0.3004298508167267,0.11033418029546738,0.1900956705212593
42,0,0,Euclidiana (H),0.3004298508167267,0.11908616125583649,0.1813436895608902
42,0,0,Manhattan (P),0.3004298508167267,0.04435194283723831,0.2560779079794884
42,0,0,Manhattan (G),0.3004298508167267,0.0413440465927124,0.2590858042240143
42,0,0,Manhattan (H),0.3004298508167267,0.0222002100199461,0.2782296407967806
65,0,0,Minkowski (P),0.2348736971616745,0.09361785650253296,0.14125584065914154
65,0,0,Minkowski (G),0.2348736971616745,0.08665382862091064,0.14821986854076385
65,0,0,Minkowski (H),0.2348736971616745,0.06050283834338188,0.17437085881829262
65,0,0,Euclidiana (P),0.2348736971616745,0.06620848178863525,0.16866521537303925
65,0,0,Euclidiana (G),0.2348736971616745,0.03484358265995979,0.2000301145017147
65,0,0,Euclidiana (H),0.2348736971616745,0.08191734552383423,0.15295635163784027
65,0,0,Manhattan (P),0.2348736971616745,0.07809072732925415,0.15678296983242035
65,0,0,Manhattan (G),0.2348736971616745,0.02627052552998066,0.20860317163169384
65,0,0,Manhattan (H),0.2348736971616745,0.03810558840632439,0.1967681087553501
87,0,0,Minkowski (P),0.05097692832350731,0.10415881872177124,-0.05318189039826393
87,0,0,Minkowski (G),0.05097692832350731,0.06951788812875748,-0.018540959805250168
87,0,0,Minkowski (H),0.05097692832350731,0.13516689836978912,-0.08418997004628181
87,0,0,Euclidiana (P),0.05097692832350731,0.12508678436279297,-0.07410985603928566
87,0,0,Euclidiana (G),0.05097692832350731,0.3066706955432892,-0.2556937672197819
87,0,0,Euclidiana (H),0.05097692832350731,0.20978455245494843,-0.15880762413144112
87,0,0,Manhattan (P),0.05097692832350731,0.3663908839225769,-0.3154139555990696
87,0,0,Manhattan (G),0.05097692832350731,0.034812621772289276,0.016164306551218033
87,0,0,Manhattan (H),0.05097692832350731,0.11504892259836197,-0.06407199427485466
93,0,0,Minkowski (P),0.3021541237831116,5.073480338069203e-07,0.30215361643507777
93,0,0,Minkowski (G),0.3021541237831116,0.28677064180374146,0.015383481979370117
93,0,0,Minkowski (H),0.3021541237831116,0.20289160311222076,0.09926252067089081
93,0,0,Euclidiana (P),0.3021541237831116,0.2738303244113922,0.02832379937171936
93,0,0,Euclidiana (G),0.3021541237831116,0.20946860313415527,0.0926855206489563
93,0,0,Euclidiana (H),0.3021541237831116,0.26474255323410034,0.03741157054901123
93,0,0,Manhattan (P),0.3021541237831116,0.24456094205379486,0.05759318172931671
93,0,0,Manhattan (G),0.3021541237831116,0.19451677799224854,0.10763734579086304
93,0,0,Manhattan (H),0.3021541237831116,0.08941082656383514,0.21274329721927643
107,0,0,Minkowski (P),0.21794158220291138,0.0816648006439209,0.13627678155899048
107,0,0,Minkowski (G),0.21794158220291138,0.015853004530072212,0.20208857767283916
107,0,0,Minkowski (H),0.21794158220291138,0.02830464392900467,0.1896369382739067
107,0,0,Euclidiana (P),0.21794158220291138,0.11946950107812881,0.09847208112478256
107,0,0,Euclidiana (G),0.21794158220291138,0.03806205838918686,0.17987952381372452
107,0,0,Euclidiana (H),0.21794158220291138,0.06878485530614853,0.14915672689676285
107,0,0,Manhattan (P),0.21794158220291138,0.060550905764102936,0.15739067643880844
107,0,0,Manhattan (G),0.21794158220291138,0.05283243581652641,0.16510914638638496
107,0,0,Manhattan (H),0.21794158220291138,0.0862170159816742,0.13172456622123718
121,0,0,Minkowski (P),0.09812388569116592,0.13809603452682495,-0.03997214883565903
121,0,0,Minkowski (G),0.09812388569116592,0.07229243218898773,0.025831453502178192
121,0,0,Minkowski (H),0.09812388569116592,0.024797817692160606,0.07332606799900532
121,0,0,Euclidiana (P),0.09812388569116592,0.09397825598716736,0.004145629703998566
121,0,0,Euclidiana (G),0.09812388569116592,0.07942356914281845,0.018700316548347473
121,0,0,Euclidiana (H),0.09812388569116592,0.014105546288192272,0.08401833940297365
121,0,0,Manhattan (P),0.09812388569116592,0.046573810279369354,0.05155007541179657
121,0,0,Manhattan (G),0.09812388569116592,0.014096285216510296,0.08402760047465563
121,0,0,Manhattan (H),0.09812388569116592,0.00013649761967826635,0.09798738807148766
7,1,0,Minkowski (P),0.038138724863529205,1.0277638011757517e-06,0.03813769709972803
7,1,0,Minkowski (G),0.038138724863529205,0.6035533547401428,-0.5654146298766136
7,1,0,Minkowski (H),0.038138724863529205,0.41362208127975464,-0.37548335641622543
7,1,0,Euclidiana (P),0.038138724863529205,0.29263365268707275,-0.25449492782354355
7,1,0,Euclidiana (G),0.038138724863529205,0.5309174656867981,-0.4927787408232689
7,1,0,Euclidiana (H),0.038138724863529205,0.37011438608169556,-0.33197566121816635
7,1,0,Manhattan (P),0.038138724863529205,0.19151993095874786,-0.15338120609521866
7,1,0,Manhattan (G),0.038138724863529205,0.4088505506515503,-0.3707118257880211
7,1,0,Manhattan (H),0.038138724863529205,0.519016444683075,-0.48087771981954575
12,1,0,Minkowski (P),0.2700299620628357,4.592396646611267e-16,0.27002996206283525
12,1,0,Minkowski (G),0.2700299620628357,0.18259336054325104,0.08743660151958466
12,1,0,Minkowski (H),0.2700299620628357,0.19545191526412964,0.07457804679870605
12,1,0,Euclidiana (P),0.2700299620628357,0.13234014809131622,0.13768981397151947
12,1,0,Euclidiana (G),0.2700299620628357,0.2409421056509018,0.0290878564119339
12,1,0,Euclidiana (H),0.2700299620628357,0.12419089674949646,0.14583906531333923
12,1,0,Manhattan (P),0.2700299620628357,0.2511521577835083,0.018877804279327393
12,1,0,Manhattan (G),0.2700299620628357,0.0516059510409832,0.2184240110218525
12,1,0,Manhattan (H),0.2700299620628357,0.28936687111854553,-0.01933690905570984
42,1,0,Minkowski (P),0.496823251247406,0.2835955321788788,0.21322771906852722
42,1,0,Minkowski (G),0.496823251247406,0.14646746218204498,0.350355789065361
42,1,0,Minkowski (H),0.496823251247406,0.07591117918491364,0.42091207206249237
42,1,0,Euclidiana (P),0.496823251247406,0.05246361717581749,0.4443596340715885
42,1,0,Euclidiana (G),0.496823251247406,0.1269456297159195,0.3698776215314865
42,1,0,Euclidiana (H),0.496823251247406,0.17734351754188538,0.31947973370552063
42,1,0,Manhattan (P),0.496823251247406,0.04645783081650734,0.45036542043089867
42,1,0,Manhattan (G),0.496823251247406,0.027291325852274895,0.4695319253951311
42,1,0,Manhattan (H),0.496823251247406,0.017763428390026093,0.4790598228573799
65,1,0,Minkowski (P),0.23780949413776398,0.16595230996608734,0.07185718417167664
65,1,0,Minkowski (G),0.23780949413776398,0.07099425792694092,0.16681523621082306
65,1,0,Minkowski (H),0.23780949413776398,0.008141888305544853,0.22966760583221912
65,1,0,Euclidiana (P),0.23780949413776398,0.11935637891292572,0.11845311522483826
65,1,0,Euclidiana (G),0.23780949413776398,0.06770004332065582,0.17010945081710815
65,1,0,Euclidiana (H),0.23780949413776398,0.013160454109311104,0.22464904002845287
65,1,0,Manhattan (P),0.23780949413776398,0.13072676956653595,0.10708272457122803
65,1,0,Manhattan (G),0.23780949413776398,0.04344949126243591,0.19436000287532806
65,1,0,Manhattan (H),0.23780949413776398,0.03806007653474808,0.1997494176030159
87,1,0,Minkowski (P),0.09482457488775253,0.8336666226387024,-0.7388420477509499
87,1,0,Minkowski (G),0.09482457488775253,0.14783859252929688,-0.05301401764154434
87,1,0,Minkowski (H),0.09482457488775253,0.20108731091022491,-0.10626273602247238
87,1,0,Euclidiana (P),0.09482457488775253,0.19237801432609558,-0.09755343943834305
87,1,0,Euclidiana (G),0.09482457488775253,0.2662242650985718,-0.17139969021081924
87,1,0,Euclidiana (H),0.09482457488775253,0.1818317323923111,-0.08700715750455856
87,1,0,Manhattan (P),0.09482457488775253,0.28468480706214905,-0.18986023217439651
87,1,0,Manhattan (G),0.09482457488775253,0.09488851577043533,-6.394088268280029e-05
87,1,0,Manhattan (H),0.09482457488775253,0.08973675966262817,0.005087815225124359
93,1,0,Minkowski (P),0.17594145238399506,0.0,0.17594145238399506
93,1,0,Minkowski (G),0.17594145238399506,0.28234782814979553,-0.10640637576580048
93,1,0,Minkowski (H),0.17594145238399506,0.20380659401416779,-0.02786514163017273
93,1,0,Euclidiana (P),0.17594145238399506,0.2014520764350891,-0.025510624051094055
93,1,0,Euclidiana (G),0.17594145238399506,0.2347734272480011,-0.05883197486400604
93,1,0,Euclidiana (H),0.17594145238399506,0.22968648374080658,-0.05374503135681152
93,1,0,Manhattan (P),0.17594145238399506,0.3189508616924286,-0.14300940930843353
93,1,0,Manhattan (G),0.17594145238399506,0.17315775156021118,0.0027837008237838745
93,1,0,Manhattan (H),0.17594145238399506,0.091291643679142,0.08464980870485306
107,1,0,Minkowski (P),0.34958332777023315,0.05212409421801567,0.2974592335522175
107,1,0,Minkowski (G),0.34958332777023315,0.012095214799046516,0.33748811297118664
107,1,0,Minkowski (H),0.34958332777023315,0.07969779521226883,0.2698855325579643
107,1,0,Euclidiana (P),0.34958332777023315,0.2183617204427719,0.13122160732746124
107,1,0,Euclidiana (G),0.34958332777023315,0.04088207706809044,0.3087012507021427
107,1,0,Euclidiana (H),0.34958332777023315,0.12085375189781189,0.22872957587242126
107,1,0,Manhattan (P),0.34958332777023315,0.057597771286964417,0.29198555648326874
107,1,0,Manhattan (G),0.34958332777023315,0.08865083009004593,0.2609324976801872
107,1,0,Manhattan (H),0.34958332777023315,0.14695081114768982,0.20263251662254333
121,1,0,Minkowski (P),0.11359620839357376,0.2725922465324402,-0.15899603813886642
121,1,0,Minkowski (G),0.11359620839357376,0.19163843989372253,-0.07804223150014877
121,1,0,Minkowski (H),0.11359620839357376,0.08606178313493729,0.027534425258636475
121,1,0,Euclidiana (P),0.11359620839357376,0.24650223553180695,-0.13290602713823318
121,1,0,Euclidiana (G),0.11359620839357376,0.11326205730438232,0.00033415108919143677
121,1,0,Euclidiana (H),0.11359620839357376,0.057417821139097214,0.05617838725447655
121,1,0,Manhattan (P),0.11359620839357376,0.08127619326114655,0.032320015132427216
121,1,0,Manhattan (G),0.11359620839357376,0.02983284927904606,0.0837633591145277
121,1,0,Manhattan (H),0.11359620839357376,0.056341156363487244,0.05725505203008652
7,2,0,Minkowski (P),0.2459644228219986,0.4500490427017212,-0.2040846198797226
7,2,0,Minkowski (G),0.2459644228219986,0.21052992343902588,0.03543449938297272
7,2,0,Minkowski (H),0.2459644228219986,0.14650627970695496,0.09945814311504364
7,2,0,Euclidiana (P),0.2459644228219986,0.14871148765087128,0.09725293517112732
7,2,0,Euclidiana (G),0.2459644228219986,0.3055419921875,-0.059577569365501404
7,2,0,Euclidiana (H),0.2459644228219986,0.10159553587436676,0.14436888694763184
7,2,0,Manhattan (P),0.2459644228219986,0.4294983446598053,-0.1835339218378067
7,2,0,Manhattan (G),0.2459644228219986,0.09668553620576859,0.14927888661623
7,2,0,Manhattan (H),0.2459644228219986,0.2924143671989441,-0.046449944376945496
12,2,0,Minkowski (P),0.3762522041797638,0.1614140272140503,0.2148381769657135
12,2,0,Minkowski (G),0.3762522041797638,0.3693711459636688,0.006881058216094971
12,2,0,Minkowski (H),0.3762522041797638,0.06662891805171967,0.30962328612804413
12,2,0,Euclidiana (P),0.3762522041797638,0.03426779434084892,0.34198440983891487
12,2,0,Euclidiana (G),0.3762522041797638,0.05521899834275246,0.32103320583701134
12,2,0,Euclidiana (H),0.3762522041797638,0.04295175522565842,0.3333004489541054
12,2,0,Manhattan (P),0.3762522041797638,0.1510484516620636,0.2252037525177002
12,2,0,Manhattan (G),0.3762522041797638,0.022961081936955452,0.35329112224280834
12,2,0,Manhattan (H),0.3762522041797638,0.04811419919133186,0.32813800498843193
42,2,0,Minkowski (P),0.67445307970047,0.05025383085012436,0.6241992488503456
42,2,0,Minkowski (G),0.67445307970047,0.016638223081827164,0.6578148566186428
42,2,0,Minkowski (H),0.67445307970047,0.11438100039958954,0.5600720793008804
42,2,0,Euclidiana (P),0.67445307970047,0.2094637155532837,0.4649893641471863
42,2,0,Euclidiana (G),0.67445307970047,0.049055375158786774,0.6253977045416832
42,2,0,Euclidiana (H),0.67445307970047,0.1375032663345337,0.5369498133659363
42,2,0,Manhattan (P),0.67445307970047,0.08489040285348892,0.589562676846981
42,2,0,Manhattan (G),0.67445307970047,0.16036556661128998,0.51408751308918
42,2,0,Manhattan (H),0.67445307970047,0.0897926315665245,0.5846604481339455
65,2,0,Minkowski (P),0.34442779421806335,0.026036741212010384,0.31839105300605297
65,2,0,Minkowski (G),0.34442779421806335,0.01982143521308899,0.32460635900497437
65,2,0,Minkowski (H),0.34442779421806335,0.04231228679418564,0.3021155074238777
65,2,0,Euclidiana (P),0.34442779421806335,0.07000797241926193,0.2744198217988014
65,2,0,Euclidiana (G),0.34442779421806335,0.030420314520597458,0.3140074796974659
65,2,0,Euclidiana (H),0.34442779421806335,0.043526243418455124,0.30090155079960823
65,2,0,Manhattan (P),0.34442779421806335,0.030369196087121964,0.3140585981309414
65,2,0,Manhattan (G),0.34442779421806335,0.030612723901867867,0.3138150703161955
65,2,0,Manhattan (H),0.34442779421806335,0.05646811053156853,0.2879596836864948
87,2,0,Minkowski (P),0.2310722917318344,0.41056394577026367,-0.17949165403842926
87,2,0,Minkowski (G),0.2310722917318344,0.6998825669288635,-0.4688102751970291
87,2,0,Minkowski (H),0.2310722917318344,0.07578941434621811,0.1552828773856163
87,2,0,Euclidiana (P),0.2310722917318344,0.07369527220726013,0.15737701952457428
87,2,0,Euclidiana (G),0.2310722917318344,0.10155637562274933,0.12951591610908508
87,2,0,Euclidiana (H),0.2310722917318344,0.07518051564693451,0.1558917760848999
87,2,0,Manhattan (P),0.2310722917318344,0.28960686922073364,-0.05853457748889923
87,2,0,Manhattan (G),0.2310722917318344,0.058214470744132996,0.17285782098770142
87,2,0,Manhattan (H),0.2310722917318344,0.11205123364925385,0.11902105808258057
93,2,0,Minkowski (P),0.31410810351371765,0.43402963876724243,-0.11992153525352478
93,2,0,Minkowski (G),0.31410810351371765,0.08118240535259247,0.23292569816112518
93,2,0,Minkowski (H),0.31410810351371765,0.17309437692165375,0.1410137265920639
93,2,0,Euclidiana (P),0.31410810351371765,0.12465202063322067,0.18945608288049698
93,2,0,Euclidiana (G),0.31410810351371765,0.1916397213935852,0.12246838212013245
93,2,0,Euclidiana (H),0.31410810351371765,0.15400438010692596,0.1601037234067917
93,2,0,Manhattan (P),0.31410810351371765,0.16701045632362366,0.147097647190094
93,2,0,Manhattan (G),0.31410810351371765,0.10665524005889893,0.20745286345481873
93,2,0,Manhattan (H),0.31410810351371765,0.15521587431430817,0.15889222919940948
107,2,0,Minkowski (P),0.3999491035938263,0.12375102192163467,0.2761980816721916
107,2,0,Minkowski (G),0.3999491035938263,0.006200644187629223,0.39374845940619707
107,2,0,Minkowski (H),0.3999491035938263,0.0965881422162056,0.3033609613776207
107,2,0,Euclidiana (P),0.3999491035938263,0.06775227189064026,0.33219683170318604
107,2,0,Euclidiana (G),0.3999491035938263,0.05976259708404541,0.3401865065097809
107,2,0,Euclidiana (H),0.3999491035938263,0.10907948017120361,0.2908696234226227
107,2,0,Manhattan (P),0.3999491035938263,0.038956280797719955,0.36099282279610634
107,2,0,Manhattan (G),0.3999491035938263,0.03861919417977333,0.36132990941405296
107,2,0,Manhattan (H),0.3999491035938263,0.014758304692804813,0.3851907989010215
121,2,0,Minkowski (P),0.6561776995658875,0.05428839474916458,0.6018893048167229
121,2,0,Minkowski (G),0.6561776995658875,0.026830550283193588,0.6293471492826939
121,2,0,Minkowski (H),0.6561776995658875,0.07277625799179077,0.5834014415740967
121,2,0,Euclidiana (P),0.6561776995658875,0.04579119384288788,0.6103865057229996
121,2,0,Euclidiana (G),0.6561776995658875,0.03049694187939167,0.6256807576864958
121,2,0,Euclidiana (H),0.6561776995658875,0.07298516482114792,0.5831925347447395
121,2,0,Manhattan (P),0.6561776995658875,0.0711202323436737,0.5850574672222137
121,2,0,Manhattan (G),0.6561776995658875,0.022873487323522568,0.6333042122423649
121,2,0,Manhattan (H),0.6561776995658875,0.15562015771865845,0.500557541847229
7,3,0,Minkowski (P),0.8017732501029968,0.011099062860012054,0.7906741872429848
7,3,0,Minkowski (G),0.8017732501029968,0.26304274797439575,0.5387305021286011
7,3,0,Minkowski (H),0.8017732501029968,0.34800514578819275,0.4537681043148041
7,3,0,Euclidiana (P),0.8017732501029968,0.3686580955982208,0.433115154504776
7,3,0,Euclidiana (G),0.8017732501029968,0.38225558400154114,0.4195176661014557
7,3,0,Euclidiana (H),0.8017732501029968,0.4109981060028076,0.3907751441001892
7,3,0,Manhattan (P),0.8017732501029968,0.5785757899284363,0.22319746017456055
7,3,0,Manhattan (G),0.8017732501029968,0.1401684731245041,0.6616047769784927
7,3,0,Manhattan (H),0.8017732501029968,0.453856498003006,0.34791675209999084
12,3,0,Minkowski (P),0.08088303357362747,0.00021719411597587168,0.0806658394576516
12,3,0,Minkowski (G),0.08088303357362747,0.19278019666671753,-0.11189716309309006
12,3,0,Minkowski (H),0.08088303357362747,0.1105688139796257,-0.02968578040599823
12,3,0,Euclidiana (P),0.08088303357362747,0.06664440780878067,0.014238625764846802
12,3,0,Euclidiana (G),0.08088303357362747,0.28823381662368774,-0.20735078305006027
12,3,0,Euclidiana (H),0.08088303357362747,0.09729482978582382,-0.01641179621219635
12,3,0,Manhattan (P),0.08088303357362747,0.15574510395526886,-0.07486207038164139
12,3,0,Manhattan (G),0.08088303357362747,0.01566649042069912,0.06521654315292835
12,3,0,Manhattan (H),0.08088303357362747,0.3376280665397644,-0.25674503296613693
42,3,0,Minkowski (P),0.9727064967155457,0.2924765944480896,0.680229902267456
42,3,0,Minkowski (G),0.9727064967155457,0.06120454519987106,0.9115019515156746
42,3,0,Minkowski (H),0.9727064967155457,0.09024729579687119,0.8824592009186745
42,3,0,Euclidiana (P),0.9727064967155457,0.05421365424990654,0.9184928424656391
42,3,0,Euclidiana (G),0.9727064967155457,0.11058398336172104,0.8621225133538246
42,3,0,Euclidiana (H),0.9727064967155457,0.1673305630683899,0.8053759336471558
42,3,0,Manhattan (P),0.9727064967155457,0.04802080616354942,0.9246856905519962
42,3,0,Manhattan (G),0.9727064967155457,0.050045087933540344,0.9226614087820053
42,3,0,Manhattan (H),0.9727064967155457,0.038344353437423706,0.934362143278122
65,3,0,Minkowski (P),0.4151172637939453,0.08766250312328339,0.3274547606706619
65,3,0,Minkowski (G),0.4151172637939453,0.088101327419281,0.3270159363746643
65,3,0,Minkowski (H),0.4151172637939453,0.03811100497841835,0.37700625881552696
65,3,0,Euclidiana (P),0.4151172637939453,0.08220578730106354,0.3329114764928818
65,3,0,Euclidiana (G),0.4151172637939453,0.039401229470968246,0.37571603432297707
65,3,0,Euclidiana (H),0.4151172637939453,0.013201325200498104,0.4019159385934472
65,3,0,Manhattan (P),0.4151172637939453,0.10416464507579803,0.3109526187181473
65,3,0,Manhattan (G),0.4151172637939453,0.053748976439237595,0.3613682873547077
65,3,0,Manhattan (H),0.4151172637939453,0.04009855538606644,0.3750187084078789
87,3,0,Minkowski (P),0.12291696667671204,0.11905335634946823,0.003863610327243805
87,3,0,Minkowski (G),0.12291696667671204,0.07948506623506546,0.043431900441646576
87,3,0,Minkowski (H),0.12291696667671204,0.14241193234920502,-0.01949496567249298
87,3,0,Euclidiana (P),0.12291696667671204,0.1299048662185669,-0.006987899541854858
87,3,0,Euclidiana (G),0.12291696667671204,0.2686123251914978,-0.14569535851478577
87,3,0,Euclidiana (H),0.12291696667671204,0.1443634331226349,-0.02144646644592285
87,3,0,Manhattan (P),0.12291696667671204,0.3719725012779236,-0.24905553460121155
87,3,0,Manhattan (G),0.12291696667671204,0.04951932281255722,0.07339764386415482
87,3,0,Manhattan (H),0.12291696667671204,0.1799369603395462,-0.05701999366283417
93,3,0,Minkowski (P),0.2790337800979614,0.0004647231544367969,0.27856905694352463
93,3,0,Minkowski (G),0.2790337800979614,0.30626189708709717,-0.027228116989135742
93,3,0,Minkowski (H),0.2790337800979614,0.25047311186790466,0.028560668230056763
93,3,0,Euclidiana (P),0.2790337800979614,0.280508428812027,-0.0014746487140655518
93,3,0,Euclidiana (G),0.2790337800979614,0.24270416796207428,0.036329612135887146
93,3,0,Euclidiana (H),0.2790337800979614,0.22003304958343506,0.05900073051452637
93,3,0,Manhattan (P),0.2790337800979614,0.2627736032009125,0.01626017689704895
93,3,0,Manhattan (G),0.2790337800979614,0.16797994077205658,0.11105383932590485
93,3,0,Manhattan (H),0.2790337800979614,0.08469585329294205,0.19433792680501938
107,3,0,Minkowski (P),0.4189360737800598,0.09481651335954666,0.32411956042051315
107,3,0,Minkowski (G),0.4189360737800598,0.01359541155397892,0.4053406622260809
107,3,0,Minkowski (H),0.4189360737800598,0.024196190759539604,0.3947398830205202
107,3,0,Euclidiana (P),0.4189360737800598,0.1247018352150917,0.2942342385649681
107,3,0,Euclidiana (G),0.4189360737800598,0.030180852860212326,0.3887552209198475
107,3,0,Euclidiana (H),0.4189360737800598,0.04830373078584671,0.3706323429942131
107,3,0,Manhattan (P),0.4189360737800598,0.0557820126414299,0.3631540611386299
107,3,0,Manhattan (G),0.4189360737800598,0.10206174105405807,0.31687433272600174
107,3,0,Manhattan (H),0.4189360737800598,0.09376652538776398,0.32516954839229584
121,3,0,Minkowski (P),0.06373822689056396,0.123847596347332,-0.060109369456768036
121,3,0,Minkowski (G),0.06373822689056396,0.056226860731840134,0.007511366158723831
121,3,0,Minkowski (H),0.06373822689056396,0.041926633566617966,0.021811593323946
121,3,0,Euclidiana (P),0.06373822689056396,0.15428124368190765,-0.09054301679134369
121,3,0,Euclidiana (G),0.06373822689056396,0.10770532488822937,-0.043967097997665405
121,3,0,Euclidiana (H),0.06373822689056396,0.014903026632964611,0.048835200257599354
121,3,0,Manhattan (P),0.06373822689056396,0.04575187712907791,0.017986349761486053
121,3,0,Manhattan (G),0.06373822689056396,0.02962576597929001,0.034112460911273956
121,3,0,Manhattan (H),0.06373822689056396,0.041162215173244476,0.02257601171731949
7,4,0,Minkowski (P),0.9902893304824829,0.37425366044044495,0.616035670042038
7,4,0,Minkowski (G),0.9902893304824829,0.21985214948654175,0.7704371809959412
7,4,0,Minkowski (H),0.9902893304824829,0.2426697164773941,0.7476196140050888
7,4,0,Euclidiana (P),0.9902893304824829,0.30867770314216614,0.6816116273403168
7,4,0,Euclidiana (G),0.9902893304824829,0.041872285306453705,0.9484170451760292
7,4,0,Euclidiana (H),0.9902893304824829,0.1224837601184845,0.8678055703639984
7,4,0,Manhattan (P),0.9902893304824829,0.45735329389572144,0.5329360365867615
7,4,0,Manhattan (G),0.9902893304824829,0.1318410038948059,0.858448326587677
7,4,0,Manhattan (H),0.9902893304824829,0.21240012347698212,0.7778892070055008
12,4,0,Minkowski (P),0.9988963603973389,0.22117705643177032,0.7777193039655685
12,4,0,Minkowski (G),0.9988963603973389,0.12006840854883194,0.8788279518485069
12,4,0,Minkowski (H),0.9988963603973389,0.0756928101181984,0.9232035502791405
12,4,0,Euclidiana (P),0.9988963603973389,0.03478887677192688,0.964107483625412
12,4,0,Euclidiana (G),0.9988963603973389,0.06303315609693527,0.9358632043004036
12,4,0,Euclidiana (H),0.9988963603973389,0.05835583806037903,0.9405405223369598
12,4,0,Manhattan (P),0.9988963603973389,0.08650064468383789,0.912395715713501
12,4,0,Manhattan (G),0.9988963603973389,0.06600162386894226,0.9328947365283966
12,4,0,Manhattan (H),0.9988963603973389,0.1286676526069641,0.8702287077903748
42,4,0,Minkowski (P),0.9948274493217468,0.08943568915128708,0.9053917601704597
42,4,0,Minkowski (G),0.9948274493217468,0.04262304678559303,0.9522044025361538
42,4,0,Minkowski (H),0.9948274493217468,0.49993187189102173,0.4948955774307251
42,4,0,Euclidiana (P),0.9948274493217468,0.4792642891407013,0.5155631601810455
42,4,0,Euclidiana (G),0.9948274493217468,0.1404145509004593,0.8544128984212875
42,4,0,Euclidiana (H),0.9948274493217468,0.28579461574554443,0.7090328335762024
42,4,0,Manhattan (P),0.9948274493217468,0.20326265692710876,0.7915647923946381
42,4,0,Manhattan (G),0.9948274493217468,0.38179484009742737,0.6130326092243195
42,4,0,Manhattan (H),0.9948274493217468,0.0493028424680233,0.9455246068537235
65,4,0,Minkowski (P),0.9960293769836426,0.07856304198503494,0.9174663349986076
65,4,0,Minkowski (G),0.9960293769836426,0.028462475165724754,0.9675669018179178
65,4,0,Minkowski (H),0.9960293769836426,0.09898963570594788,0.8970397412776947
65,4,0,Euclidiana (P),0.9960293769836426,0.11078283935785294,0.8852465376257896
65,4,0,Euclidiana (G),0.9960293769836426,0.034083735197782516,0.9619456417858601
65,4,0,Euclidiana (H),0.9960293769836426,0.014717250131070614,0.981312126852572
65,4,0,Manhattan (P),0.9960293769836426,0.13336968421936035,0.8626596927642822
65,4,0,Manhattan (G),0.9960293769836426,0.08095709979534149,0.9150722771883011
65,4,0,Manhattan (H),0.9960293769836426,0.020784955471754074,0.9752444215118885
87,4,0,Minkowski (P),0.9960071444511414,0.3071070611476898,0.6889000833034515
87,4,0,Minkowski (G),0.9960071444511414,0.3470146059989929,0.6489925384521484
87,4,0,Minkowski (H),0.9960071444511414,0.14261478185653687,0.8533923625946045
87,4,0,Euclidiana (P),0.9960071444511414,0.35782065987586975,0.6381864845752716
87,4,0,Euclidiana (G),0.9960071444511414,0.03363494202494621,0.9623722024261951
87,4,0,Euclidiana (H),0.9960071444511414,0.14524640142917633,0.850760743021965
87,4,0,Manhattan (P),0.9960071444511414,0.16098721325397491,0.8350199311971664
87,4,0,Manhattan (G),0.9960071444511414,0.2849600911140442,0.7110470533370972
87,4,0,Manhattan (H),0.9960071444511414,0.07904189825057983,0.9169652462005615
93,4,0,Minkowski (P),0.9885125160217285,0.39324572682380676,0.5952667891979218
93,4,0,Minkowski (G),0.9885125160217285,0.10681129992008209,0.8817012161016464
93,4,0,Minkowski (H),0.9885125160217285,0.21418870985507965,0.7743238061666489
93,4,0,Euclidiana (P),0.9885125160217285,0.14970700442790985,0.8388055115938187
93,4,0,Euclidiana (G),0.9885125160217285,0.18068678677082062,0.8078257292509079
93,4,0,Euclidiana (H),0.9885125160217285,0.20810024440288544,0.7804122716188431
93,4,0,Manhattan (P),0.9885125160217285,0.1661626398563385,0.82234987616539
93,4,0,Manhattan (G),0.9885125160217285,0.18252913653850555,0.805983379483223
93,4,0,Manhattan (H),0.9885125160217285,0.11482670158147812,0.8736858144402504
107,4,0,Minkowski (P),0.9896360039710999,0.12211292237043381,0.867523081600666
107,4,0,Minkowski (G),0.9896360039710999,0.016543524339795113,0.9730924796313047
107,4,0,Minkowski (H),0.9896360039710999,0.15623542666435242,0.8334005773067474
107,4,0,Euclidiana (P),0.9896360039710999,0.08497893810272217,0.9046570658683777
107,4,0,Euclidiana (G),0.9896360039710999,0.07846815139055252,0.9111678525805473
107,4,0,Euclidiana (H),0.9896360039710999,0.1839670091867447,0.8056689947843552
107,4,0,Manhattan (P),0.9896360039710999,0.05814209207892418,0.9314939118921757
107,4,0,Manhattan (G),0.9896360039710999,0.1389288604259491,0.8507071435451508
107,4,0,Manhattan (H),0.9896360039710999,0.018518373370170593,0.9711176306009293
121,4,0,Minkowski (P),0.995262861251831,0.04351538047194481,0.9517474807798862
121,4,0,Minkowski (G),0.995262861251831,0.02449876442551613,0.9707640968263149
121,4,0,Minkowski (H),0.995262861251831,0.21785685420036316,0.7774060070514679
121,4,0,Euclidiana (P),0.995262861251831,0.09677066653966904,0.898492194712162
121,4,0,Euclidiana (G),0.995262861251831,0.06395362317562103,0.93130923807621
121,4,0,Euclidiana (H),0.995262861251831,0.13196894526481628,0.8632939159870148
121,4,0,Manhattan (P),0.995262861251831,0.08235619217157364,0.9129066690802574
121,4,0,Manhattan (G),0.995262861251831,0.08400501310825348,0.9112578481435776
121,4,0,Manhattan (H),0.995262861251831,0.013336732983589172,0.9819261282682419
7,5,0,Minkowski (P),0.9943861961364746,0.3383724093437195,0.6560137867927551
7,5,0,Minkowski (G),0.9943861961364746,0.22080235183238983,0.7735838443040848
7,5,0,Minkowski (H),0.9943861961364746,0.29174742102622986,0.7026387751102448
7,5,0,Euclidiana (P),0.9943861961364746,0.19234532117843628,0.8020408749580383
7,5,0,Euclidiana (G),0.9943861961364746,0.43688449263572693,0.5575017035007477
7,5,0,Euclidiana (H),0.9943861961364746,0.09031833708286285,0.9040678590536118
7,5,0,Manhattan (P),0.9943861961364746,0.14010299742221832,0.8542831987142563
7,5,0,Manhattan (G),0.9943861961364746,0.1282251924276352,0.8661610037088394
7,5,0,Manhattan (H),0.9943861961364746,0.37682482600212097,0.6175613701343536
12,5,0,Minkowski (P),0.9973656535148621,0.20793193578720093,0.7894337177276611
12,5,0,Minkowski (G),0.9973656535148621,0.12423649430274963,0.8731291592121124
12,5,0,Minkowski (H),0.9973656535148621,0.08660980314016342,0.9107558503746986
12,5,0,Euclidiana (P),0.9973656535148621,0.0754190981388092,0.9219465553760529
12,5,0,Euclidiana (G),0.9973656535148621,0.011836042627692223,0.9855296108871698
12,5,0,Euclidiana (H),0.9973656535148621,0.04759148508310318,0.9497741684317589
12,5,0,Manhattan (P),0.9973656535148621,0.041292693465948105,0.956072960048914
12,5,0,Manhattan (G),0.9973656535148621,0.05070829018950462,0.9466573633253574
12,5,0,Manhattan (H),0.9973656535148621,0.1536760926246643,0.8436895608901978
42,5,0,Minkowski (P),0.9694350957870483,0.038987964391708374,0.93044713139534
42,5,0,Minkowski (G),0.9694350957870483,0.26607972383499146,0.7033553719520569
42,5,0,Minkowski (H),0.9694350957870483,0.5642219185829163,0.4052131772041321
42,5,0,Euclidiana (P),0.9694350957870483,0.5896494388580322,0.3797856569290161
42,5,0,Euclidiana (G),0.9694350957870483,0.340783029794693,0.6286520659923553
42,5,0,Euclidiana (H),0.9694350957870483,0.43154051899909973,0.5378945767879486
42,5,0,Manhattan (P),0.9694350957870483,0.2915961742401123,0.677838921546936
42,5,0,Manhattan (G),0.9694350957870483,0.36969608068466187,0.5997390151023865
42,5,0,Manhattan (H),0.9694350957870483,0.09266534447669983,0.8767697513103485
65,5,0,Minkowski (P),0.9777411222457886,0.0928652361035347,0.8848758861422539
65,5,0,Minkowski (G),0.9777411222457886,0.145161435008049,0.8325796872377396
65,5,0,Minkowski (H),0.9777411222457886,0.15392708778381348,0.8238140344619751
65,5,0,Euclidiana (P),0.9777411222457886,0.12392141669988632,0.8538197055459023
65,5,0,Euclidiana (G),0.9777411222457886,0.10004333406686783,0.8776977881789207
65,5,0,Euclidiana (H),0.9777411222457886,0.045666951686143875,0.9320741705596447
65,5,0,Manhattan (P),0.9777411222457886,0.12296056747436523,0.8547805547714233
65,5,0,Manhattan (G),0.9777411222457886,0.04081859812140465,0.9369225241243839
65,5,0,Manhattan (H),0.9777411222457886,0.05928417295217514,0.9184569492936134
87,5,0,Minkowski (P),0.9912418127059937,0.10209858417510986,0.8891432285308838
87,5,0,Minkowski (G),0.9912418127059937,0.09759458899497986,0.8936472237110138
87,5,0,Minkowski (H),0.9912418127059937,0.2661578059196472,0.7250840067863464
87,5,0,Euclidiana (P),0.9912418127059937,0.21446630358695984,0.7767755091190338
87,5,0,Euclidiana (G),0.9912418127059937,0.0433434396982193,0.9478983730077744
87,5,0,Euclidiana (H),0.9912418127059937,0.15224751830101013,0.8389942944049835
87,5,0,Manhattan (P),0.9912418127059937,0.06863012909889221,0.9226116836071014
87,5,0,Manhattan (G),0.9912418127059937,0.21471408009529114,0.7765277326107025
87,5,0,Manhattan (H),0.9912418127059937,0.04018081724643707,0.9510609954595566
93,5,0,Minkowski (P),0.9851300716400146,0.3621971011161804,0.6229329705238342
93,5,0,Minkowski (G),0.9851300716400146,0.1552046835422516,0.8299253880977631
93,5,0,Minkowski (H),0.9851300716400146,0.22401858866214752,0.7611114829778671
93,5,0,Euclidiana (P),0.9851300716400146,0.21154306828975677,0.7735870033502579
93,5,0,Euclidiana (G),0.9851300716400146,0.2888200581073761,0.6963100135326385
93,5,0,Euclidiana (H),0.9851300716400146,0.18070152401924133,0.8044285476207733
93,5,0,Manhattan (P),0.9851300716400146,0.23477144539356232,0.7503586262464523
93,5,0,Manhattan (G),0.9851300716400146,0.18549056351184845,0.7996395081281662
93,5,0,Manhattan (H),0.9851300716400146,0.18192993104457855,0.8032001405954361
107,5,0,Minkowski (P),0.9933478236198425,0.09490928053855896,0.8984385430812836
107,5,0,Minkowski (G),0.9933478236198425,0.04181378334760666,0.9515340402722359
107,5,0,Minkowski (H),0.9933478236198425,0.23614166676998138,0.7572061568498611
107,5,0,Euclidiana (P),0.9933478236198425,0.13532496988773346,0.8580228537321091
107,5,0,Euclidiana (G),0.9933478236198425,0.13496585190296173,0.8583819717168808
107,5,0,Euclidiana (H),0.9933478236198425,0.12467101216316223,0.8686768114566803
107,5,0,Manhattan (P),0.9933478236198425,0.05310389772057533,0.9402439258992672
107,5,0,Manhattan (G),0.9933478236198425,0.10110394656658173,0.8922438770532608
107,5,0,Manhattan (H),0.9933478236198425,0.030770618468523026,0.9625772051513195
121,5,0,Minkowski (P),0.9894759654998779,0.021719275042414665,0.9677566904574633
121,5,0,Minkowski (G),0.9894759654998779,0.13064897060394287,0.8588269948959351
121,5,0,Minkowski (H),0.9894759654998779,0.2532672584056854,0.7362087070941925
121,5,0,Euclidiana (P),0.9894759654998779,0.32794368267059326,0.6615322828292847
121,5,0,Euclidiana (G),0.9894759654998779,0.05332949012517929,0.9361464753746986
121,5,0,Euclidiana (H),0.9894759654998779,0.13894382119178772,0.8505321443080902
121,5,0,Manhattan (P),0.9894759654998779,0.09358775615692139,0.8958882093429565
121,5,0,Manhattan (G),0.9894759654998779,0.0970279797911644,0.8924479857087135
121,5,0,Manhattan (H),0.9894759654998779,0.0036691883578896523,0.9858067771419883
7,6,0,Minkowski (P),0.9979123473167419,0.3817361295223236,0.6161762177944183
7,6,0,Minkowski (G),0.9979123473167419,0.34028783440589905,0.6576245129108429
7,6,0,Minkowski (H),0.9979123473167419,0.22600704431533813,0.7719053030014038
7,6,0,Euclidiana (P),0.9979123473167419,0.21618647873401642,0.7817258685827255
7,6,0,Euclidiana (G),0.9979123473167419,0.09064172208309174,0.9072706252336502
7,6,0,Euclidiana (H),0.9979123473167419,0.06365165114402771,0.9342606961727142
7,6,0,Manhattan (P),0.9979123473167419,0.3560582101345062,0.6418541371822357
7,6,0,Manhattan (G),0.9979123473167419,0.07775213569402695,0.920160211622715
7,6,0,Manhattan (H),0.9979123473167419,0.2609882354736328,0.7369241118431091
12,6,0,Minkowski (P),0.9962466359138489,0.31844860315322876,0.6777980327606201
12,6,0,Minkowski (G),0.9962466359138489,0.013122430071234703,0.9831242058426142
12,6,0,Minkowski (H),0.9962466359138489,0.06719830632209778,0.9290483295917511
12,6,0,Euclidiana (P),0.9962466359138489,0.04106435924768448,0.9551822766661644
12,6,0,Euclidiana (G),0.9962466359138489,0.012785099446773529,0.9834615364670753
12,6,0,Euclidiana (H),0.9962466359138489,0.04800880327820778,0.9482378326356411
12,6,0,Manhattan (P),0.9962466359138489,0.14127756655216217,0.8549690693616867
12,6,0,Manhattan (G),0.9962466359138489,0.03795984759926796,0.9582867883145809
12,6,0,Manhattan (H),0.9962466359138489,0.10391566902399063,0.8923309668898582
42,6,0,Minkowski (P),0.9569861888885498,0.039728499948978424,0.9172576889395714
42,6,0,Minkowski (G),0.9569861888885498,0.06317891925573349,0.8938072696328163
42,6,0,Minkowski (H),0.9569861888885498,0.4054168462753296,0.5515693426132202
42,6,0,Euclidiana (P),0.9569861888885498,0.46136313676834106,0.49562305212020874
42,6,0,Euclidiana (G),0.9569861888885498,0.21084003150463104,0.7461461573839188
42,6,0,Euclidiana (H),0.9569861888885498,0.27285370230674744,0.6841324865818024
42,6,0,Manhattan (P),0.9569861888885498,0.1926082819700241,0.7643779069185257
42,6,0,Manhattan (G),0.9569861888885498,0.30357757210731506,0.6534086167812347
42,6,0,Manhattan (H),0.9569861888885498,0.06588427722454071,0.8911019116640091
65,6,0,Minkowski (P),0.990844190120697,0.09367704391479492,0.8971671462059021
65,6,0,Minkowski (G),0.990844190120697,0.047679685056209564,0.9431645050644875
65,6,0,Minkowski (H),0.990844190120697,0.14872214198112488,0.8421220481395721
65,6,0,Euclidiana (P),0.990844190120697,0.12471647560596466,0.8661277145147324
65,6,0,Euclidiana (G),0.990844190120697,0.05291091650724411,0.9379332736134529
65,6,0,Euclidiana (H),0.990844190120697,0.05298551544547081,0.9378586746752262
65,6,0,Manhattan (P),0.990844190120697,0.13636265695095062,0.8544815331697464
65,6,0,Manhattan (G),0.990844190120697,0.06640416383743286,0.9244400262832642
65,6,0,Manhattan (H),0.990844190120697,0.02207978069782257,0.9687644094228745
87,6,0,Minkowski (P),0.987396776676178,0.25399455428123474,0.7334022223949432
87,6,0,Minkowski (G),0.987396776676178,0.35932448506355286,0.6280722916126251
87,6,0,Minkowski (H),0.987396776676178,0.18466980755329132,0.8027269691228867
87,6,0,Euclidiana (P),0.987396776676178,0.30451542139053345,0.6828813552856445
87,6,0,Euclidiana (G),0.987396776676178,0.02774493396282196,0.959651842713356
87,6,0,Euclidiana (H),0.987396776676178,0.10347764939069748,0.8839191272854805
87,6,0,Manhattan (P),0.987396776676178,0.1612687110900879,0.8261280655860901
87,6,0,Manhattan (G),0.987396776676178,0.19776153564453125,0.7896352410316467
87,6,0,Manhattan (H),0.987396776676178,0.9616307616233826,0.02576601505279541
93,6,0,Minkowski (P),0.9740666151046753,0.3765087127685547,0.5975579023361206
93,6,0,Minkowski (G),0.9740666151046753,0.09328075498342514,0.8807858601212502
93,6,0,Minkowski (H),0.9740666151046753,0.1847069263458252,0.7893596887588501
93,6,0,Euclidiana (P),0.9740666151046753,0.154264897108078,0.8198017179965973
93,6,0,Euclidiana (G),0.9740666151046753,0.1956273466348648,0.7784392684698105
93,6,0,Euclidiana (H),0.9740666151046753,0.18623685836791992,0.7878297567367554
93,6,0,Manhattan (P),0.9740666151046753,0.18130604922771454,0.7927605658769608
93,6,0,Manhattan (G),0.9740666151046753,0.1490621715784073,0.825004443526268
93,6,0,Manhattan (H),0.9740666151046753,0.1331169605255127,0.8409496545791626
107,6,0,Minkowski (P),0.9955921769142151,0.07462219148874283,0.9209699854254723
107,6,0,Minkowski (G),0.9955921769142151,0.012102752923965454,0.9834894239902496
107,6,0,Minkowski (H),0.9955921769142151,0.2009941190481186,0.7945980578660965
107,6,0,Euclidiana (P),0.9955921769142151,0.11046065390110016,0.8851315230131149
107,6,0,Euclidiana (G),0.9955921769142151,0.07904382795095444,0.9165483489632607
107,6,0,Euclidiana (H),0.9955921769142151,0.10027740150690079,0.8953147754073143
107,6,0,Manhattan (P),0.9955921769142151,0.048835694789886475,0.9467564821243286
107,6,0,Manhattan (G),0.9955921769142151,0.07524266839027405,0.920349508523941
107,6,0,Manhattan (H),0.9955921769142151,0.011156811378896236,0.9844353655353189
121,6,0,Minkowski (P),0.9872283935546875,0.047540392726659775,0.9396880008280277
121,6,0,Minkowski (G),0.9872283935546875,0.02203013375401497,0.9651982598006725
121,6,0,Minkowski (H),0.9872283935546875,0.16877086460590363,0.8184575289487839
121,6,0,Euclidiana (P),0.9872283935546875,0.14039728045463562,0.8468311131000519
121,6,0,Euclidiana (G),0.9872283935546875,0.03693375363945961,0.9502946399152279
121,6,0,Euclidiana (H),0.9872283935546875,0.08864365518093109,0.8985847383737564
121,6,0,Manhattan (P),0.9872283935546875,0.07684215158224106,0.9103862419724464
121,6,0,Manhattan (G),0.9872283935546875,0.03798855096101761,0.9492398425936699
121,6,0,Manhattan (H),0.9872283935546875,0.002360942540690303,0.9848674510139972
7,7,0,Minkowski (P),0.03082301653921604,0.00015062015154398978,0.030672396387672052
7,7,0,Minkowski (G),0.03082301653921604,0.08603064715862274,-0.0552076306194067
7,7,0,Minkowski (H),0.03082301653921604,0.15696409344673157,-0.12614107690751553
7,7,0,Euclidiana (P),0.03082301653921604,0.16377268731594086,-0.13294967077672482
7,7,0,Euclidiana (G),0.03082301653921604,8.913771804008874e-11,0.030823016450078324
7,7,0,Euclidiana (H),0.03082301653921604,0.25019553303718567,-0.21937251649796963
7,7,0,Manhattan (P),0.03082301653921604,3.3790263387345476e-06,0.030819637512877307
7,7,0,Manhattan (G),0.03082301653921604,0.36894336342811584,-0.3381203468888998
7,7,0,Manhattan (H),0.03082301653921604,0.3909357786178589,-0.36011276207864285
12,7,0,Minkowski (P),0.03527150675654411,7.102917809476139e-09,0.035271499653626304
12,7,0,Minkowski (G),0.03527150675654411,0.00393185717985034,0.03133964957669377
12,7,0,Minkowski (H),0.03527150675654411,0.15985040366649628,-0.12457889690995216
12,7,0,Euclidiana (P),0.03527150675654411,0.10947082191705704,-0.07419931516051292
12,7,0,Euclidiana (G),0.03527150675654411,0.3238358795642853,-0.28856437280774117
12,7,0,Euclidiana (H),0.03527150675654411,0.3369094729423523,-0.3016379661858082
12,7,0,Manhattan (P),0.03527150675654411,0.17516452074050903,-0.13989301398396492
12,7,0,Manhattan (G),0.03527150675654411,0.11819205433130264,-0.08292054757475853
12,7,0,Manhattan (H),0.03527150675654411,0.26330292224884033,-0.22803141549229622
42,7,0,Minkowski (P),0.002795635722577572,0.06655652076005936,-0.06376088503748178
42,7,0,Minkowski (G),0.002795635722577572,0.09339078515768051,-0.09059514943510294
42,7,0,Minkowski (H),0.002795635722577572,0.023035909980535507,-0.020240274257957935
42,7,0,Euclidiana (P),0.002795635722577572,0.2561388313770294,-0.25334319565445185
42,7,0,Euclidiana (G),0.002795635722577572,0.09458991140127182,-0.09179427567869425
42,7,0,Euclidiana (H),0.002795635722577572,0.17031987011432648,-0.1675242343917489
42,7,0,Manhattan (P),0.002795635722577572,0.09544230997562408,-0.09264667425304651
42,7,0,Manhattan (G),0.002795635722577572,0.01232028566300869,-0.009524649940431118
42,7,0,Manhattan (H),0.002795635722577572,0.04616846144199371,-0.04337282571941614
65,7,0,Minkowski (P),0.01820608228445053,0.07445241510868073,-0.056246332824230194
65,7,0,Minkowski (G),0.01820608228445053,0.020680520683526993,-0.002474438399076462
65,7,0,Minkowski (H),0.01820608228445053,0.00019578583305701613,0.018010296451393515
65,7,0,Euclidiana (P),0.01820608228445053,0.015433409251272678,0.0027726730331778526
65,7,0,Euclidiana (G),0.01820608228445053,0.10110848397016525,-0.08290240168571472
65,7,0,Euclidiana (H),0.01820608228445053,0.0003066592907998711,0.01789942299365066
65,7,0,Manhattan (P),0.01820608228445053,0.007968801073729992,0.010237281210720539
65,7,0,Manhattan (G),0.01820608228445053,0.002716720337048173,0.015489361947402358
65,7,0,Manhattan (H),0.01820608228445053,0.04849834367632866,-0.030292261391878128
87,7,0,Minkowski (P),0.06684135645627975,0.26375311613082886,-0.1969117596745491
87,7,0,Minkowski (G),0.06684135645627975,0.14978209137916565,-0.0829407349228859
87,7,0,Minkowski (H),0.06684135645627975,0.28161418437957764,-0.21477282792329788
87,7,0,Euclidiana (P),0.06684135645627975,0.29217880964279175,-0.225337453186512
87,7,0,Euclidiana (G),0.06684135645627975,0.24041256308555603,-0.17357120662927628
87,7,0,Euclidiana (H),0.06684135645627975,0.14363786578178406,-0.0767965093255043
87,7,0,Manhattan (P),0.06684135645627975,0.19850724935531616,-0.1316658928990364
87,7,0,Manhattan (G),0.06684135645627975,0.21340292692184448,-0.14656157046556473
87,7,0,Manhattan (H),0.06684135645627975,0.24403859674930573,-0.17719724029302597
93,7,0,Minkowski (P),0.01152096688747406,5.75167086935835e-06,0.011515215216604702
93,7,0,Minkowski (G),0.01152096688747406,0.2800089120864868,-0.26848794519901276
93,7,0,Minkowski (H),0.01152096688747406,0.18458721041679382,-0.17306624352931976
93,7,0,Euclidiana (P),0.01152096688747406,0.12509402632713318,-0.11357305943965912
93,7,0,Euclidiana (G),0.01152096688747406,0.1745402067899704,-0.16301923990249634
93,7,0,Euclidiana (H),0.01152096688747406,0.18636532127857208,-0.17484435439109802
93,7,0,Manhattan (P),0.01152096688747406,0.06795312464237213,-0.05643215775489807
93,7,0,Manhattan (G),0.01152096688747406,0.19617174565792084,-0.18465077877044678
93,7,0,Manhattan (H),0.01152096688747406,0.15552973747253418,-0.14400877058506012
107,7,0,Minkowski (P),0.007235476281493902,0.23480676114559174,-0.22757128486409783
107,7,0,Minkowski (G),0.007235476281493902,0.12070965766906738,-0.11347418138757348
107,7,0,Minkowski (H),0.007235476281493902,0.18573668599128723,-0.17850120970979333
107,7,0,Euclidiana (P),0.007235476281493902,0.33933547139167786,-0.33209999511018395
107,7,0,Euclidiana (G),0.007235476281493902,0.04623469337821007,-0.038999217096716166
107,7,0,Euclidiana (H),0.007235476281493902,0.24133875966072083,-0.23410328337922692
107,7,0,Manhattan (P),0.007235476281493902,0.03439338505268097,-0.027157908771187067
107,7,0,Manhattan (G),0.007235476281493902,0.017989452928304672,-0.01075397664681077
107,7,0,Manhattan (H),0.007235476281493902,0.208892822265625,-0.2016573459841311
121,7,0,Minkowski (P),0.028968364000320435,0.1316320151090622,-0.10266365110874176
121,7,0,Minkowski (G),0.028968364000320435,0.003981719724833965,0.02498664427548647
121,7,0,Minkowski (H),0.028968364000320435,0.20528703927993774,-0.1763186752796173
121,7,0,Euclidiana (P),0.028968364000320435,0.2896733283996582,-0.26070496439933777
121,7,0,Euclidiana (G),0.028968364000320435,0.07681211829185486,-0.047843754291534424
121,7,0,Euclidiana (H),0.028968364000320435,0.05779223144054413,-0.028823867440223694
121,7,0,Manhattan (P),0.028968364000320435,0.1090846061706543,-0.08011624217033386
121,7,0,Manhattan (G),0.028968364000320435,0.1100616529583931,-0.08109328895807266
121,7,0,Manhattan (H),0.028968364000320435,0.06243463605642319,-0.03346627205610275
7,8,0,Minkowski (P),0.4552597999572754,2.1767573343822733e-06,0.455257623199941
7,8,0,Minkowski (G),0.4552597999572754,4.98470154042252e-10,0.45525979945880524
7,8,0,Minkowski (H),0.4552597999572754,0.2897787392139435,0.1654810607433319
7,8,0,Euclidiana (P),0.4552597999572754,0.27568453550338745,0.17957526445388794
7,8,0,Euclidiana (G),0.4552597999572754,1.8855382466219365e-36,0.4552597999572754
7,8,0,Euclidiana (H),0.4552597999572754,0.36128199100494385,0.09397780895233154
7,8,0,Manhattan (P),0.4552597999572754,2.925594912994711e-07,0.4552595073977841
7,8,0,Manhattan (G),0.4552597999572754,0.10957934707403183,0.34568045288324356
7,8,0,Manhattan (H),0.4552597999572754,0.5239061713218689,-0.0686463713645935
12,8,0,Minkowski (P),0.5616024136543274,0.0,0.5616024136543274
12,8,0,Minkowski (G),0.5616024136543274,0.34014734625816345,0.22145506739616394
12,8,0,Minkowski (H),0.5616024136543274,0.2560412287712097,0.3055611848831177
12,8,0,Euclidiana (P),0.5616024136543274,0.4462769627571106,0.1153254508972168
12,8,0,Euclidiana (G),0.5616024136543274,0.01291617937386036,0.548686234280467
12,8,0,Euclidiana (H),0.5616024136543274,0.4292066991329193,0.13239571452140808
12,8,0,Manhattan (P),0.5616024136543274,0.0012434563832357526,0.5603589572710916
12,8,0,Manhattan (G),0.5616024136543274,0.20795080065727234,0.35365161299705505
12,8,0,Manhattan (H),0.5616024136543274,0.1784997433423996,0.3831026703119278
42,8,0,Minkowski (P),0.9608176946640015,0.29630953073501587,0.6645081639289856
42,8,0,Minkowski (G),0.9608176946640015,0.23595814406871796,0.7248595505952835
42,8,0,Minkowski (H),0.9608176946640015,0.2528415322303772,0.7079761624336243
42,8,0,Euclidiana (P),0.9608176946640015,0.20560936629772186,0.7552083283662796
42,8,0,Euclidiana (G),0.9608176946640015,0.055021777749061584,0.9057959169149399
42,8,0,Euclidiana (H),0.9608176946640015,0.153042733669281,0.8077749609947205
42,8,0,Manhattan (P),0.9608176946640015,0.08280104398727417,0.8780166506767273
42,8,0,Manhattan (G),0.9608176946640015,0.06270997226238251,0.898107722401619
42,8,0,Manhattan (H),0.9608176946640015,0.21929070353507996,0.7415269911289215
65,8,0,Minkowski (P),0.717915952205658,0.09037865698337555,0.6275372952222824
65,8,0,Minkowski (G),0.717915952205658,0.048676349222660065,0.6692396029829979
65,8,0,Minkowski (H),0.717915952205658,0.009938811883330345,0.7079771403223276
65,8,0,Euclidiana (P),0.717915952205658,0.015856407582759857,0.7020595446228981
65,8,0,Euclidiana (G),0.717915952205658,0.08954192698001862,0.6283740252256393
65,8,0,Euclidiana (H),0.717915952205658,0.02943495102226734,0.6884810011833906
65,8,0,Manhattan (P),0.717915952205658,0.025332989171147346,0.6925829630345106
65,8,0,Manhattan (G),0.717915952205658,0.012592669576406479,0.7053232826292515
65,8,0,Manhattan (H),0.717915952205658,0.09084779024124146,0.6270681619644165
87,8,0,Minkowski (P),0.7945212721824646,0.38857996463775635,0.40594130754470825
87,8,0,Minkowski (G),0.7945212721824646,0.20122849941253662,0.593292772769928
87,8,0,Minkowski (H),0.7945212721824646,0.24513806402683258,0.549383208155632
87,8,0,Euclidiana (P),0.7945212721824646,0.1595369279384613,0.6349843442440033
87,8,0,Euclidiana (G),0.7945212721824646,0.20386970043182373,0.5906515717506409
87,8,0,Euclidiana (H),0.7945212721824646,0.17548136413097382,0.6190399080514908
87,8,0,Manhattan (P),0.7945212721824646,0.19190767407417297,0.6026135981082916
87,8,0,Manhattan (G),0.7945212721824646,0.20247091352939606,0.5920503586530685
87,8,0,Manhattan (H),0.7945212721824646,0.3532007336616516,0.441320538520813
93,8,0,Minkowski (P),0.6975412964820862,0.0,0.6975412964820862
93,8,0,Minkowski (G),0.6975412964820862,0.23603902757167816,0.461502268910408
93,8,0,Minkowski (H),0.6975412964820862,0.19123414158821106,0.5063071548938751
93,8,0,Euclidiana (P),0.6975412964820862,0.15522563457489014,0.542315661907196
93,8,0,Euclidiana (G),0.6975412964820862,0.07918450981378555,0.6183567866683006
93,8,0,Euclidiana (H),0.6975412964820862,0.20104050636291504,0.49650079011917114
93,8,0,Manhattan (P),0.6975412964820862,0.04537011310458183,0.6521711833775043
93,8,0,Manhattan (G),0.6975412964820862,0.2726508378982544,0.4248904585838318
93,8,0,Manhattan (H),0.6975412964820862,0.3539077639579773,0.3436335325241089
107,8,0,Minkowski (P),0.7811580896377563,0.1422422230243683,0.6389158666133881
107,8,0,Minkowski (G),0.7811580896377563,0.07408898323774338,0.707069106400013
107,8,0,Minkowski (H),0.7811580896377563,0.17336323857307434,0.607794851064682
107,8,0,Euclidiana (P),0.7811580896377563,0.10875439643859863,0.6724036931991577
107,8,0,Euclidiana (G),0.7811580896377563,0.10976371169090271,0.6713943779468536
107,8,0,Euclidiana (H),0.7811580896377563,0.2653009593486786,0.5158571302890778
107,8,0,Manhattan (P),0.7811580896377563,0.0867522582411766,0.6944058313965797
107,8,0,Manhattan (G),0.7811580896377563,0.1515665501356125,0.6295915395021439
107,8,0,Manhattan (H),0.7811580896377563,0.24064640700817108,0.5405116826295853
121,8,0,Minkowski (P),0.9027990102767944,0.17279565334320068,0.7300033569335938
121,8,0,Minkowski (G),0.9027990102767944,0.1562010645866394,0.746597945690155
121,8,0,Minkowski (H),0.9027990102767944,0.2837532162666321,0.6190457940101624
121,8,0,Euclidiana (P),0.9027990102767944,0.1096372902393341,0.7931617200374603
121,8,0,Euclidiana (G),0.9027990102767944,0.06178045645356178,0.8410185538232327
121,8,0,Euclidiana (H),0.9027990102767944,0.3353702425956726,0.5674287676811218
121,8,0,Manhattan (P),0.9027990102767944,0.10265699028968811,0.8001420199871063
121,8,0,Manhattan (G),0.9027990102767944,0.07698841392993927,0.8258105963468552
121,8,0,Manhattan (H),0.9027990102767944,0.05014030635356903,0.8526587039232254
7,9,0,Minkowski (P),0.3610497713088989,9.937708091456443e-05,0.36095039422798436
7,9,0,Minkowski (G),0.3610497713088989,5.979335855614583e-18,0.3610497713088989
7,9,0,Minkowski (H),0.3610497713088989,0.4934521019458771,-0.13240233063697815
7,9,0,Euclidiana (P),0.3610497713088989,0.24783988296985626,0.11320988833904266
7,9,0,Euclidiana (G),0.3610497713088989,3.3448894100729376e-05,0.3610163224147982
7,9,0,Euclidiana (H),0.3610497713088989,0.4798714518547058,-0.11882168054580688
7,9,0,Manhattan (P),0.3610497713088989,0.06020834669470787,0.30084142461419106
7,9,0,Manhattan (G),0.3610497713088989,0.5288332104682922,-0.1677834391593933
7,9,0,Manhattan (H),0.3610497713088989,0.3074968755245209,0.05355289578437805
12,9,0,Minkowski (P),0.4249495267868042,1.370062951977502e-09,0.42494952541674125
12,9,0,Minkowski (G),0.4249495267868042,0.3969615697860718,0.027987957000732422
12,9,0,Minkowski (H),0.4249495267868042,0.220291405916214,0.2046581208705902
12,9,0,Euclidiana (P),0.4249495267868042,0.3995000123977661,0.025449514389038086
12,9,0,Euclidiana (G),0.4249495267868042,0.26205968856811523,0.16288983821868896
12,9,0,Euclidiana (H),0.4249495267868042,0.2963278591632843,0.1286216676235199
12,9,0,Manhattan (P),0.4249495267868042,0.26525363326072693,0.15969589352607727
12,9,0,Manhattan (G),0.4249495267868042,0.1859222799539566,0.2390272468328476
12,9,0,Manhattan (H),0.4249495267868042,0.22544920444488525,0.19950032234191895
42,9,0,Minkowski (P),0.7891944050788879,0.3370024561882019,0.45219194889068604
42,9,0,Minkowski (G),0.7891944050788879,0.2361183613538742,0.5530760437250137
42,9,0,Minkowski (H),0.7891944050788879,0.26476046442985535,0.5244339406490326
42,9,0,Euclidiana (P),0.7891944050788879,0.17873845994472504,0.6104559451341629
42,9,0,Euclidiana (G),0.7891944050788879,0.13159608840942383,0.6575983166694641
42,9,0,Euclidiana (H),0.7891944050788879,0.29783734679222107,0.49135705828666687
42,9,0,Manhattan (P),0.7891944050788879,0.13474325835704803,0.6544511467218399
42,9,0,Manhattan (G),0.7891944050788879,0.059039097279310226,0.7301553077995777
42,9,0,Manhattan (H),0.7891944050788879,0.21620415151119232,0.5729902535676956
65,9,0,Minkowski (P),0.2155398279428482,0.1274188607931137,0.0881209671497345
65,9,0,Minkowski (G),0.2155398279428482,0.11979375034570694,0.09574607759714127
65,9,0,Minkowski (H),0.2155398279428482,0.023089637979865074,0.19245018996298313
65,9,0,Euclidiana (P),0.2155398279428482,0.025982288643717766,0.18955753929913044
65,9,0,Euclidiana (G),0.2155398279428482,0.06965258717536926,0.14588724076747894
65,9,0,Euclidiana (H),0.2155398279428482,0.030107609927654266,0.18543221801519394
65,9,0,Manhattan (P),0.2155398279428482,0.0322427973151207,0.1832970306277275
65,9,0,Manhattan (G),0.2155398279428482,0.014557074755430222,0.20098275318741798
65,9,0,Manhattan (H),0.2155398279428482,0.07224429398775101,0.1432955339550972
87,9,0,Minkowski (P),0.8489527106285095,0.32995936274528503,0.5189933478832245
87,9,0,Minkowski (G),0.8489527106285095,0.2228085994720459,0.6261441111564636
87,9,0,Minkowski (H),0.8489527106285095,0.23732733726501465,0.6116253733634949
87,9,0,Euclidiana (P),0.8489527106285095,0.16790428757667542,0.6810484230518341
87,9,0,Euclidiana (G),0.8489527106285095,0.23137938976287842,0.6175733208656311
87,9,0,Euclidiana (H),0.8489527106285095,0.21658897399902344,0.6323637366294861
87,9,0,Manhattan (P),0.8489527106285095,0.23303164541721344,0.6159210652112961
87,9,0,Manhattan (G),0.8489527106285095,0.189519003033638,0.6594337075948715
87,9,0,Manhattan (H),0.8489527106285095,0.25429287552833557,0.594659835100174
93,9,0,Minkowski (P),0.5677962899208069,0.0,0.5677962899208069
93,9,0,Minkowski (G),0.5677962899208069,0.2539573907852173,0.3138388991355896
93,9,0,Minkowski (H),0.5677962899208069,0.1397799402475357,0.4280163496732712
93,9,0,Euclidiana (P),0.5677962899208069,0.15556465089321136,0.4122316390275955
93,9,0,Euclidiana (G),0.5677962899208069,0.24060703814029694,0.32718925178050995
93,9,0,Euclidiana (H),0.5677962899208069,0.17326559126377106,0.3945306986570358
93,9,0,Manhattan (P),0.5677962899208069,0.0224745012819767,0.5453217886388302
93,9,0,Manhattan (G),0.5677962899208069,0.28316056728363037,0.2846357226371765
93,9,0,Manhattan (H),0.5677962899208069,0.43221837282180786,0.13557791709899902
107,9,0,Minkowski (P),0.4294992983341217,0.22662150859832764,0.20287778973579407
107,9,0,Minkowski (G),0.4294992983341217,0.10412667691707611,0.3253726214170456
107,9,0,Minkowski (H),0.4294992983341217,0.08768729865550995,0.34181199967861176
107,9,0,Euclidiana (P),0.4294992983341217,0.3802839517593384,0.049215346574783325
107,9,0,Euclidiana (G),0.4294992983341217,0.15288791060447693,0.2766113877296448
107,9,0,Euclidiana (H),0.4294992983341217,0.2533353865146637,0.176163911819458
107,9,0,Manhattan (P),0.4294992983341217,0.09234926849603653,0.3371500298380852
107,9,0,Manhattan (G),0.4294992983341217,0.20135042071342468,0.22814887762069702
107,9,0,Manhattan (H),0.4294992983341217,0.30649611353874207,0.12300318479537964
121,9,0,Minkowski (P),0.7621563076972961,0.16856946051120758,0.5935868471860886
121,9,0,Minkowski (G),0.7621563076972961,0.17511621117591858,0.5870400965213776
121,9,0,Minkowski (H),0.7621563076972961,0.2266530692577362,0.5355032384395599
121,9,0,Euclidiana (P),0.7621563076972961,0.21917684376239777,0.5429794639348984
121,9,0,Euclidiana (G),0.7621563076972961,0.06994003802537918,0.692216269671917
121,9,0,Euclidiana (H),0.7621563076972961,0.33190837502479553,0.4302479326725006
121,9,0,Manhattan (P),0.7621563076972961,0.10246245563030243,0.6596938520669937
121,9,0,Manhattan (G),0.7621563076972961,0.04839454963803291,0.7137617580592632
121,9,0,Manhattan (H),0.7621563076972961,0.060446690768003464,0.7017096169292927
7,10,0,Minkowski (P),0.9550971984863281,0.4287194311618805,0.5263777673244476
7,10,0,Minkowski (G),0.9550971984863281,0.35644304752349854,0.5986541509628296
7,10,0,Minkowski (H),0.9550971984863281,0.4529055953025818,0.5021916031837463
7,10,0,Euclidiana (P),0.9550971984863281,0.34200286865234375,0.6130943298339844
7,10,0,Euclidiana (G),0.9550971984863281,0.11835547536611557,0.8367417231202126
7,10,0,Euclidiana (H),0.9550971984863281,0.1305350810289383,0.8245621174573898
7,10,0,Manhattan (P),0.9550971984863281,0.4833054542541504,0.47179174423217773
7,10,0,Manhattan (G),0.9550971984863281,0.19917158782482147,0.7559256106615067
7,10,0,Manhattan (H),0.9550971984863281,0.03472452238202095,0.9203726761043072
12,10,0,Minkowski (P),0.9985767602920532,0.22999338805675507,0.7685833722352982
12,10,0,Minkowski (G),0.9985767602920532,0.009263171814382076,0.9893135884776711
12,10,0,Minkowski (H),0.9985767602920532,0.11980567872524261,0.8787710815668106
12,10,0,Euclidiana (P),0.9985767602920532,0.16396644711494446,0.8346103131771088
12,10,0,Euclidiana (G),0.9985767602920532,0.06583628058433533,0.9327404797077179
12,10,0,Euclidiana (H),0.9985767602920532,0.07998008280992508,0.9185966774821281
12,10,0,Manhattan (P),0.9985767602920532,0.151384636759758,0.8471921235322952
12,10,0,Manhattan (G),0.9985767602920532,0.04465332627296448,0.9539234340190887
12,10,0,Manhattan (H),0.9985767602920532,0.22440722584724426,0.774169534444809
42,10,0,Minkowski (P),0.9966973066329956,0.06429482996463776,0.9324024766683578
42,10,0,Minkowski (G),0.9966973066329956,0.21446728706359863,0.782230019569397
42,10,0,Minkowski (H),0.9966973066329956,0.5985233187675476,0.398173987865448
42,10,0,Euclidiana (P),0.9966973066329956,0.7745286226272583,0.2221686840057373
42,10,0,Euclidiana (G),0.9966973066329956,0.2757781147956848,0.7209191918373108
42,10,0,Euclidiana (H),0.9966973066329956,0.3702605962753296,0.626436710357666
42,10,0,Manhattan (P),0.9966973066329956,0.38962915539741516,0.6070681512355804
42,10,0,Manhattan (G),0.9966973066329956,0.4719359278678894,0.5247613787651062
42,10,0,Manhattan (H),0.9966973066329956,0.07083085924386978,0.9258664473891258
65,10,0,Minkowski (P),0.9788326025009155,0.1152002215385437,0.8636323809623718
65,10,0,Minkowski (G),0.9788326025009155,0.10866731405258179,0.8701652884483337
65,10,0,Minkowski (H),0.9788326025009155,0.1163756400346756,0.8624569624662399
65,10,0,Euclidiana (P),0.9788326025009155,0.15040111541748047,0.8284314870834351
65,10,0,Euclidiana (G),0.9788326025009155,0.08850987255573273,0.8903227299451828
65,10,0,Euclidiana (H),0.9788326025009155,0.04033881053328514,0.9384937919676304
65,10,0,Manhattan (P),0.9788326025009155,0.16022679209709167,0.8186058104038239
65,10,0,Manhattan (G),0.9788326025009155,0.07653654366731644,0.9022960588335991
65,10,0,Manhattan (H),0.9788326025009155,0.03418511524796486,0.9446474872529507
87,10,0,Minkowski (P),0.998060405254364,0.43468788266181946,0.5633725225925446
87,10,0,Minkowski (G),0.998060405254364,0.23249953985214233,0.7655608654022217
87,10,0,Minkowski (H),0.998060405254364,0.20495657622814178,0.7931038290262222
87,10,0,Euclidiana (P),0.998060405254364,0.3504055142402649,0.6476548910140991
87,10,0,Euclidiana (G),0.998060405254364,0.024689964950084686,0.9733704403042793
87,10,0,Euclidiana (H),0.998060405254364,0.22910743951797485,0.7689529657363892
87,10,0,Manhattan (P),0.998060405254364,0.09735977649688721,0.9007006287574768
87,10,0,Manhattan (G),0.998060405254364,0.31726863980293274,0.6807917654514313
87,10,0,Manhattan (H),0.998060405254364,0.045617394149303436,0.9524430111050606
93,10,0,Minkowski (P),0.9913840293884277,0.4115012586116791,0.5798827707767487
93,10,0,Minkowski (G),0.9913840293884277,0.21057084202766418,0.7808131873607635
93,10,0,Minkowski (H),0.9913840293884277,0.23573382198810577,0.755650207400322
93,10,0,Euclidiana (P),0.9913840293884277,0.22361448407173157,0.7677695453166962
93,10,0,Euclidiana (G),0.9913840293884277,0.21942956745624542,0.7719544619321823
93,10,0,Euclidiana (H),0.9913840293884277,0.29254522919654846,0.6988388001918793
93,10,0,Manhattan (P),0.9913840293884277,0.27207618951797485,0.7193078398704529
93,10,0,Manhattan (G),0.9913840293884277,0.1962444931268692,0.7951395362615585
93,10,0,Manhattan (H),0.9913840293884277,0.14950846135616302,0.8418755680322647
107,10,0,Minkowski (P),0.9849222898483276,0.12582159042358398,0.8591006994247437
107,10,0,Minkowski (G),0.9849222898483276,0.030152518302202225,0.9547697715461254
107,10,0,Minkowski (H),0.9849222898483276,0.1555079221725464,0.8294143676757812
107,10,0,Euclidiana (P),0.9849222898483276,0.10740495473146439,0.8775173351168633
107,10,0,Euclidiana (G),0.9849222898483276,0.052312374114990234,0.9326099157333374
107,10,0,Euclidiana (H),0.9849222898483276,0.13718457520008087,0.8477377146482468
107,10,0,Manhattan (P),0.9849222898483276,0.1053151786327362,0.8796071112155914
107,10,0,Manhattan (G),0.9849222898483276,0.15956366062164307,0.8253586292266846
107,10,0,Manhattan (H),0.9849222898483276,0.027036547660827637,0.9578857421875
121,10,0,Minkowski (P),0.9871583580970764,0.04885537922382355,0.9383029788732529
121,10,0,Minkowski (G),0.9871583580970764,0.06307434290647507,0.9240840151906013
121,10,0,Minkowski (H),0.9871583580970764,0.22526875138282776,0.7618896067142487
121,10,0,Euclidiana (P),0.9871583580970764,0.46940740942955017,0.5177509486675262
121,10,0,Euclidiana (G),0.9871583580970764,0.06380920857191086,0.9233491495251656
121,10,0,Euclidiana (H),0.9871583580970764,0.16552013158798218,0.8216382265090942
121,10,0,Manhattan (P),0.9871583580970764,0.11889917403459549,0.8682591840624809
121,10,0,Manhattan (G),0.9871583580970764,0.08489014953374863,0.9022682085633278
121,10,0,Manhattan (H),0.9871583580970764,0.0021588110830634832,0.9849995470140129
7,11,0,Minkowski (P),0.03742660954594612,0.009884490631520748,0.027542118914425373
7,11,0,Minkowski (G),0.03742660954594612,0.8431344032287598,-0.8057077936828136
7,11,0,Minkowski (H),0.03742660954594612,0.049253422766923904,-0.011826813220977783
7,11,0,Euclidiana (P),0.03742660954594612,0.33106571435928345,-0.2936391048133373
7,11,0,Euclidiana (G),0.03742660954594612,0.6168299317359924,-0.5794033221900463
7,11,0,Euclidiana (H),0.03742660954594612,0.5004518032073975,-0.46302519366145134
7,11,0,Manhattan (P),0.03742660954594612,0.6459559202194214,-0.6085293106734753
7,11,0,Manhattan (G),0.03742660954594612,0.49018022418022156,-0.45275361463427544
7,11,0,Manhattan (H),0.03742660954594612,0.3290463984012604,-0.29161978885531425
12,11,0,Minkowski (P),0.011067000217735767,0.0007240111008286476,0.01034298911690712
12,11,0,Minkowski (G),0.011067000217735767,0.2398092895746231,-0.22874228935688734
12,11,0,Minkowski (H),0.011067000217735767,0.32457804679870605,-0.3135110465809703
12,11,0,Euclidiana (P),0.011067000217735767,0.1566089540719986,-0.14554195385426283
12,11,0,Euclidiana (G),0.011067000217735767,0.15506429970264435,-0.14399729948490858
12,11,0,Euclidiana (H),0.011067000217735767,0.46528106927871704,-0.4542140690609813
12,11,0,Manhattan (P),0.011067000217735767,0.2558404803276062,-0.24477348010987043
12,11,0,Manhattan (G),0.011067000217735767,0.08112160116434097,-0.0700546009466052
12,11,0,Manhattan (H),0.011067000217735767,0.24121710658073425,-0.23015010636299849
42,11,0,Minkowski (P),0.2832193970680237,0.19564850628376007,0.08757089078426361
42,11,0,Minkowski (G),0.2832193970680237,0.13291257619857788,0.1503068208694458
42,11,0,Minkowski (H),0.2832193970680237,0.172247052192688,0.1109723448753357
42,11,0,Euclidiana (P),0.2832193970680237,0.033547572791576385,0.2496718242764473
42,11,0,Euclidiana (G),0.2832193970680237,0.16595739126205444,0.11726200580596924
42,11,0,Euclidiana (H),0.2832193970680237,0.1047893837094307,0.178430013358593
42,11,0,Manhattan (P),0.2832193970680237,0.08617118000984192,0.19704821705818176
42,11,0,Manhattan (G),0.2832193970680237,0.01889212615787983,0.26432727091014385
42,11,0,Manhattan (H),0.2832193970680237,1.974420342776284e-07,0.2832191996259894
65,11,0,Minkowski (P),0.11481761187314987,0.0876610204577446,0.027156591415405273
65,11,0,Minkowski (G),0.11481761187314987,0.12655319273471832,-0.011735580861568451
65,11,0,Minkowski (H),0.11481761187314987,0.13453680276870728,-0.019719190895557404
65,11,0,Euclidiana (P),0.11481761187314987,0.04194056987762451,0.07287704199552536
65,11,0,Euclidiana (G),0.11481761187314987,0.11148609966039658,0.003331512212753296
65,11,0,Euclidiana (H),0.11481761187314987,0.011344725266098976,0.1034728866070509
65,11,0,Manhattan (P),0.11481761187314987,0.12666930258274078,-0.011851690709590912
65,11,0,Manhattan (G),0.11481761187314987,0.06461579352617264,0.050201818346977234
65,11,0,Manhattan (H),0.11481761187314987,0.07863853871822357,0.0361790731549263
87,11,0,Minkowski (P),0.1319221407175064,0.1058172732591629,0.026104867458343506
87,11,0,Minkowski (G),0.1319221407175064,0.15859360992908478,-0.02667146921157837
87,11,0,Minkowski (H),0.1319221407175064,0.19321005046367645,-0.061287909746170044
87,11,0,Euclidiana (P),0.1319221407175064,0.23319432139396667,-0.10127218067646027
87,11,0,Euclidiana (G),0.1319221407175064,0.21189647912979126,-0.07997433841228485
87,11,0,Euclidiana (H),0.1319221407175064,0.21371887624263763,-0.08179673552513123
87,11,0,Manhattan (P),0.1319221407175064,0.24543772637844086,-0.11351558566093445
87,11,0,Manhattan (G),0.1319221407175064,0.2084929347038269,-0.0765707939863205
87,11,0,Manhattan (H),0.1319221407175064,0.07245251536369324,0.05946962535381317
93,11,0,Minkowski (P),0.09418933093547821,0.0021462473087012768,0.09204308362677693
93,11,0,Minkowski (G),0.09418933093547821,0.35413461923599243,-0.2599452883005142
93,11,0,Minkowski (H),0.09418933093547821,0.22620366513729095,-0.13201433420181274
93,11,0,Euclidiana (P),0.09418933093547821,0.33482715487480164,-0.24063782393932343
93,11,0,Euclidiana (G),0.09418933093547821,0.2568637728691101,-0.1626744419336319
93,11,0,Euclidiana (H),0.09418933093547821,0.14584001898765564,-0.05165068805217743
93,11,0,Manhattan (P),0.09418933093547821,0.3205690383911133,-0.22637970745563507
93,11,0,Manhattan (G),0.09418933093547821,0.14918746054172516,-0.05499812960624695
93,11,0,Manhattan (H),0.09418933093547821,0.09584702551364899,-0.0016576945781707764
107,11,0,Minkowski (P),0.17774686217308044,0.1703827828168869,0.0073640793561935425
107,11,0,Minkowski (G),0.17774686217308044,0.08148020505905151,0.09626665711402893
107,11,0,Minkowski (H),0.17774686217308044,0.13193224370479584,0.04581461846828461
107,11,0,Euclidiana (P),0.17774686217308044,0.221232071518898,-0.043485209345817566
107,11,0,Euclidiana (G),0.17774686217308044,0.15658436715602875,0.021162495017051697
107,11,0,Euclidiana (H),0.17774686217308044,0.1282404065132141,0.04950645565986633
107,11,0,Manhattan (P),0.17774686217308044,0.10176575928926468,0.07598110288381577
107,11,0,Manhattan (G),0.17774686217308044,0.08059126138687134,0.0971556007862091
107,11,0,Manhattan (H),0.17774686217308044,0.11150171607732773,0.06624514609575272
121,11,0,Minkowski (P),0.042841460555791855,0.11810790002346039,-0.07526643946766853
121,11,0,Minkowski (G),0.042841460555791855,0.3488381505012512,-0.30599668994545937
121,11,0,Minkowski (H),0.042841460555791855,0.19420523941516876,-0.1513637788593769
121,11,0,Euclidiana (P),0.042841460555791855,0.32667943835258484,-0.283837977796793
121,11,0,Euclidiana (G),0.042841460555791855,0.17724564671516418,-0.13440418615937233
121,11,0,Euclidiana (H),0.042841460555791855,0.2951480746269226,-0.25230661407113075
121,11,0,Manhattan (P),0.042841460555791855,0.11280646175146103,-0.06996500119566917
121,11,0,Manhattan (G),0.042841460555791855,0.043000079691410065,-0.00015861913561820984
121,11,0,Manhattan (H),0.042841460555791855,0.036442093551158905,0.00639936700463295
7,12,0,Minkowski (P),0.3717961609363556,0.7504342198371887,-0.37863805890083313
7,12,0,Minkowski (G),0.3717961609363556,0.32796531915664673,0.04383084177970886
7,12,0,Minkowski (H),0.3717961609363556,0.2845606207847595,0.08723554015159607
7,12,0,Euclidiana (P),0.3717961609363556,0.21642515063285828,0.15537101030349731
7,12,0,Euclidiana (G),0.3717961609363556,0.3473588526248932,0.024437308311462402
7,12,0,Euclidiana (H),0.3717961609363556,0.39752522110939026,-0.025729060173034668
7,12,0,Manhattan (P),0.3717961609363556,0.45841091871261597,-0.08661475777626038
7,12,0,Manhattan (G),0.3717961609363556,0.08311629295349121,0.2886798679828644
7,12,0,Manhattan (H),0.3717961609363556,0.28864067792892456,0.08315548300743103
12,12,0,Minkowski (P),0.9964392781257629,0.012978004291653633,0.9834612738341093
12,12,0,Minkowski (G),0.9964392781257629,0.15256056189537048,0.8438787162303925
12,12,0,Minkowski (H),0.9964392781257629,0.06750821322202682,0.9289310649037361
12,12,0,Euclidiana (P),0.9964392781257629,0.05945725366473198,0.936982024461031
12,12,0,Euclidiana (G),0.9964392781257629,0.27808287739753723,0.7183564007282257
12,12,0,Euclidiana (H),0.9964392781257629,0.15491436421871185,0.8415249139070511
12,12,0,Manhattan (P),0.9964392781257629,0.13536123931407928,0.8610780388116837
12,12,0,Manhattan (G),0.9964392781257629,0.023779580369591713,0.9726596977561712
12,12,0,Manhattan (H),0.9964392781257629,0.15440599620342255,0.8420332819223404
42,12,0,Minkowski (P),0.9581153988838196,0.1027248278260231,0.8553905710577965
42,12,0,Minkowski (G),0.9581153988838196,0.06597194820642471,0.8921434506773949
42,12,0,Minkowski (H),0.9581153988838196,0.09064983576536179,0.8674655631184578
42,12,0,Euclidiana (P),0.9581153988838196,0.09926743060350418,0.8588479682803154
42,12,0,Euclidiana (G),0.9581153988838196,0.12335168570280075,0.8347637131810188
42,12,0,Euclidiana (H),0.9581153988838196,0.22695280611515045,0.7311625927686691
42,12,0,Manhattan (P),0.9581153988838196,0.11414512991905212,0.8439702689647675
42,12,0,Manhattan (G),0.9581153988838196,0.10405625402927399,0.8540591448545456
42,12,0,Manhattan (H),0.9581153988838196,0.05010523647069931,0.9080101624131203
65,12,0,Minkowski (P),0.9587991833686829,0.04695604369044304,0.9118431396782398
65,12,0,Minkowski (G),0.9587991833686829,0.018486838787794113,0.9403123445808887
65,12,0,Minkowski (H),0.9587991833686829,0.1107993870973587,0.8479997962713242
65,12,0,Euclidiana (P),0.9587991833686829,0.03035922162234783,0.928439961746335
65,12,0,Euclidiana (G),0.9587991833686829,0.0530761294066906,0.9057230539619923
65,12,0,Euclidiana (H),0.9587991833686829,0.012405953370034695,0.9463932299986482
65,12,0,Manhattan (P),0.9587991833686829,0.021390676498413086,0.9374085068702698
65,12,0,Manhattan (G),0.9587991833686829,0.11367426812648773,0.8451249152421951
65,12,0,Manhattan (H),0.9587991833686829,0.07823245972394943,0.8805667236447334
87,12,0,Minkowski (P),0.25099578499794006,0.5936383008956909,-0.34264251589775085
87,12,0,Minkowski (G),0.25099578499794006,0.11932884156703949,0.13166694343090057
87,12,0,Minkowski (H),0.25099578499794006,0.14400716125965118,0.10698862373828888
87,12,0,Euclidiana (P),0.25099578499794006,0.10019169002771378,0.1508040949702263
87,12,0,Euclidiana (G),0.25099578499794006,0.19986365735530853,0.05113212764263153
87,12,0,Euclidiana (H),0.25099578499794006,0.14174771308898926,0.1092480719089508
87,12,0,Manhattan (P),0.25099578499794006,0.31060880422592163,-0.05961301922798157
87,12,0,Manhattan (G),0.25099578499794006,0.12621915340423584,0.12477663159370422
87,12,0,Manhattan (H),0.25099578499794006,0.05109664797782898,0.19989913702011108
93,12,0,Minkowski (P),0.7669770121574402,8.241245552653709e-08,0.7669769297449847
93,12,0,Minkowski (G),0.7669770121574402,0.22860336303710938,0.5383736491203308
93,12,0,Minkowski (H),0.7669770121574402,0.2733221650123596,0.49365484714508057
93,12,0,Euclidiana (P),0.7669770121574402,0.26154473423957825,0.5054322779178619
93,12,0,Euclidiana (G),0.7669770121574402,0.2061755508184433,0.5608014613389969
93,12,0,Euclidiana (H),0.7669770121574402,0.1619490087032318,0.6050280034542084
93,12,0,Manhattan (P),0.7669770121574402,0.3072640299797058,0.4597129821777344
93,12,0,Manhattan (G),0.7669770121574402,0.182123064994812,0.5848539471626282
93,12,0,Manhattan (H),0.7669770121574402,0.12549524009227753,0.6414817720651627
107,12,0,Minkowski (P),0.9883134365081787,0.15999266505241394,0.8283207714557648
107,12,0,Minkowski (G),0.9883134365081787,0.020412296056747437,0.9679011404514313
107,12,0,Minkowski (H),0.9883134365081787,0.1221698746085167,0.866143561899662
107,12,0,Euclidiana (P),0.9883134365081787,0.10268386453390121,0.8856295719742775
107,12,0,Euclidiana (G),0.9883134365081787,0.12096859514713287,0.8673448413610458
107,12,0,Euclidiana (H),0.9883134365081787,0.1384899914264679,0.8498234450817108
107,12,0,Manhattan (P),0.9883134365081787,0.07727499306201935,0.9110384434461594
107,12,0,Manhattan (G),0.9883134365081787,0.057865697890520096,0.9304477386176586
107,12,0,Manhattan (H),0.9883134365081787,0.06412460654973984,0.9241888299584389
121,12,0,Minkowski (P),0.961911141872406,0.1171659529209137,0.8447451889514923
121,12,0,Minkowski (G),0.961911141872406,0.028563812375068665,0.9333473294973373
121,12,0,Minkowski (H),0.961911141872406,0.09504842758178711,0.8668627142906189
121,12,0,Euclidiana (P),0.961911141872406,0.07384566217660904,0.888065479695797
121,12,0,Euclidiana (G),0.961911141872406,0.09851101785898209,0.8634001240134239
121,12,0,Euclidiana (H),0.961911141872406,0.053574468940496445,0.9083366729319096
121,12,0,Manhattan (P),0.961911141872406,0.07016007602214813,0.8917510658502579
121,12,0,Manhattan (G),0.961911141872406,0.041294533759355545,0.9206166081130505
121,12,0,Manhattan (H),0.961911141872406,0.0074639469385147095,0.9544471949338913
7,13,0,Minkowski (P),0.10304536670446396,0.48408398032188416,-0.3810386136174202
7,13,0,Minkowski (G),0.10304536670446396,0.4933720827102661,-0.39032671600580215
7,13,0,Minkowski (H),0.10304536670446396,0.09928305447101593,0.0037623122334480286
7,13,0,Euclidiana (P),0.10304536670446396,0.06716684252023697,0.03587852418422699
7,13,0,Euclidiana (G),0.10304536670446396,0.4687107801437378,-0.36566541343927383
7,13,0,Euclidiana (H),0.10304536670446396,0.12107044458389282,-0.018025077879428864
7,13,0,Manhattan (P),0.10304536670446396,0.4777958393096924,-0.3747504726052284
7,13,0,Manhattan (G),0.10304536670446396,0.04383645951747894,0.059208907186985016
7,13,0,Manhattan (H),0.10304536670446396,0.26712608337402344,-0.16408071666955948
12,13,0,Minkowski (P),0.9082648754119873,0.1155252680182457,0.7927396073937416
12,13,0,Minkowski (G),0.9082648754119873,0.16499468684196472,0.7432701885700226
12,13,0,Minkowski (H),0.9082648754119873,0.058242861181497574,0.8500220142304897
12,13,0,Euclidiana (P),0.9082648754119873,0.05164589360356331,0.856618981808424
12,13,0,Euclidiana (G),0.9082648754119873,0.12152023613452911,0.7867446392774582
12,13,0,Euclidiana (H),0.9082648754119873,0.055138081312179565,0.8531267940998077
12,13,0,Manhattan (P),0.9082648754119873,0.1033615842461586,0.8049032911658287
12,13,0,Manhattan (G),0.9082648754119873,0.007743568159639835,0.9005213072523475
12,13,0,Manhattan (H),0.9082648754119873,0.0542059950530529,0.8540588803589344
42,13,0,Minkowski (P),0.31354090571403503,0.05406371131539345,0.2594771943986416
42,13,0,Minkowski (G),0.31354090571403503,0.04511715844273567,0.26842374727129936
42,13,0,Minkowski (H),0.31354090571403503,0.09281138330698013,0.2207295224070549
42,13,0,Euclidiana (P),0.31354090571403503,0.0879424437880516,0.22559846192598343
42,13,0,Euclidiana (G),0.31354090571403503,0.07892043143510818,0.23462047427892685
42,13,0,Euclidiana (H),0.31354090571403503,0.16761451959609985,0.14592638611793518
42,13,0,Manhattan (P),0.31354090571403503,0.09859822690486908,0.21494267880916595
42,13,0,Manhattan (G),0.31354090571403503,0.13322994112968445,0.18031096458435059
42,13,0,Manhattan (H),0.31354090571403503,0.10613296180963516,0.20740794390439987
65,13,0,Minkowski (P),0.6948965787887573,0.027151770889759064,0.6677448078989983
65,13,0,Minkowski (G),0.6948965787887573,0.01708836294710636,0.677808215841651
65,13,0,Minkowski (H),0.6948965787887573,0.024754999205470085,0.6701415795832872
65,13,0,Euclidiana (P),0.6948965787887573,0.07201240956783295,0.6228841692209244
65,13,0,Euclidiana (G),0.6948965787887573,0.03830112889409065,0.6565954498946667
65,13,0,Euclidiana (H),0.6948965787887573,0.010669408366084099,0.6842271704226732
65,13,0,Manhattan (P),0.6948965787887573,0.023321228101849556,0.6715753506869078
65,13,0,Manhattan (G),0.6948965787887573,0.018254857510328293,0.676641721278429
65,13,0,Manhattan (H),0.6948965787887573,0.08361651748418808,0.6112800613045692
87,13,0,Minkowski (P),0.035181161016225815,0.07884926348924637,-0.043668102473020554
87,13,0,Minkowski (G),0.035181161016225815,0.0790272057056427,-0.043846044689416885
87,13,0,Minkowski (H),0.035181161016225815,0.04244067519903183,-0.007259514182806015
87,13,0,Euclidiana (P),0.035181161016225815,0.054164059460163116,-0.0189828984439373
87,13,0,Euclidiana (G),0.035181161016225815,0.13658368587493896,-0.10140252485871315
87,13,0,Euclidiana (H),0.035181161016225815,0.06584031879901886,-0.030659157782793045
87,13,0,Manhattan (P),0.035181161016225815,0.07012221962213516,-0.03494105860590935
87,13,0,Manhattan (G),0.035181161016225815,0.08856798708438873,-0.05338682606816292
87,13,0,Manhattan (H),0.035181161016225815,0.04670523852109909,-0.011524077504873276
93,13,0,Minkowski (P),0.39023086428642273,0.06703070551156998,0.32320015877485275
93,13,0,Minkowski (G),0.39023086428642273,0.23924998939037323,0.1509808748960495
93,13,0,Minkowski (H),0.39023086428642273,0.21947455406188965,0.17075631022453308
93,13,0,Euclidiana (P),0.39023086428642273,0.15889914333820343,0.2313317209482193
93,13,0,Euclidiana (G),0.39023086428642273,0.1828598827123642,0.20737098157405853
93,13,0,Euclidiana (H),0.39023086428642273,0.11804600059986115,0.2721848636865616
93,13,0,Manhattan (P),0.39023086428642273,0.21916449069976807,0.17106637358665466
93,13,0,Manhattan (G),0.39023086428642273,0.12164053320884705,0.2685903310775757
93,13,0,Manhattan (H),0.39023086428642273,0.09823453426361084,0.2919963300228119
107,13,0,Minkowski (P),0.14883217215538025,0.13198907673358917,0.016843095421791077
107,13,0,Minkowski (G),0.14883217215538025,0.008341699838638306,0.14049047231674194
107,13,0,Minkowski (H),0.14883217215538025,0.055776309221982956,0.0930558629333973
107,13,0,Euclidiana (P),0.14883217215538025,0.07355412095785141,0.07527805119752884
107,13,0,Euclidiana (G),0.14883217215538025,0.048608142882585526,0.10022402927279472
107,13,0,Euclidiana (H),0.14883217215538025,0.0934697762131691,0.05536239594221115
107,13,0,Manhattan (P),0.14883217215538025,0.05599255859851837,0.09283961355686188
107,13,0,Manhattan (G),0.14883217215538025,0.03397784009575844,0.11485433205962181
107,13,0,Manhattan (H),0.14883217215538025,0.025513486936688423,0.12331868521869183
121,13,0,Minkowski (P),0.4525009095668793,0.05997372418642044,0.39252718538045883
121,13,0,Minkowski (G),0.4525009095668793,0.03630170598626137,0.4161992035806179
121,13,0,Minkowski (H),0.4525009095668793,0.06511282920837402,0.38738808035850525
121,13,0,Euclidiana (P),0.4525009095668793,0.0184006504714489,0.4341002590954304
121,13,0,Euclidiana (G),0.4525009095668793,0.06073232740163803,0.39176858216524124
121,13,0,Euclidiana (H),0.4525009095668793,0.0467943511903286,0.4057065583765507
121,13,0,Manhattan (P),0.4525009095668793,0.0644637867808342,0.3880371227860451
121,13,0,Manhattan (G),0.4525009095668793,0.018748249858617783,0.4337526597082615
121,13,0,Manhattan (H),0.4525009095668793,0.09883451461791992,0.35366639494895935
7,14,0,Minkowski (P),0.9726846814155579,0.4937915503978729,0.47889313101768494
7,14,0,Minkowski (G),0.9726846814155579,0.455321729183197,0.5173629522323608
7,14,0,Minkowski (H),0.9726846814155579,0.733147144317627,0.2395375370979309
7,14,0,Euclidiana (P),0.9726846814155579,0.32068881392478943,0.6519958674907684
7,14,0,Euclidiana (G),0.9726846814155579,0.44067901372909546,0.5320056676864624
7,14,0,Euclidiana (H),0.9726846814155579,0.39697304368019104,0.5757116377353668
7,14,0,Manhattan (P),0.9726846814155579,0.5125465393066406,0.46013814210891724
7,14,0,Manhattan (G),0.9726846814155579,0.11636090278625488,0.856323778629303
7,14,0,Manhattan (H),0.9726846814155579,0.40510374307632446,0.5675809383392334
12,14,0,Minkowski (P),0.9557843804359436,0.0198272205889225,0.9359571598470211
12,14,0,Minkowski (G),0.9557843804359436,0.2608383893966675,0.6949459910392761
12,14,0,Minkowski (H),0.9557843804359436,0.2083277702331543,0.7474566102027893
12,14,0,Euclidiana (P),0.9557843804359436,0.09849601984024048,0.8572883605957031
12,14,0,Euclidiana (G),0.9557843804359436,0.2664773464202881,0.6893070340156555
12,14,0,Euclidiana (H),0.9557843804359436,0.19182704389095306,0.7639573365449905
12,14,0,Manhattan (P),0.9557843804359436,0.16072598099708557,0.795058399438858
12,14,0,Manhattan (G),0.9557843804359436,0.05415709316730499,0.9016272872686386
12,14,0,Manhattan (H),0.9557843804359436,0.1775946319103241,0.7781897485256195
42,14,0,Minkowski (P),0.9703907370567322,0.08875804394483566,0.8816326931118965
42,14,0,Minkowski (G),0.9703907370567322,0.046703994274139404,0.9236867427825928
42,14,0,Minkowski (H),0.9703907370567322,0.17520445585250854,0.7951862812042236
42,14,0,Euclidiana (P),0.9703907370567322,0.10825195908546448,0.8621387779712677
42,14,0,Euclidiana (G),0.9703907370567322,0.16232016682624817,0.808070570230484
42,14,0,Euclidiana (H),0.9703907370567322,0.1447841227054596,0.8256066143512726
42,14,0,Manhattan (P),0.9703907370567322,0.11537522822618484,0.8550155088305473
42,14,0,Manhattan (G),0.9703907370567322,0.07254113256931305,0.8978496044874191
42,14,0,Manhattan (H),0.9703907370567322,0.18359288573265076,0.7867978513240814
65,14,0,Minkowski (P),0.9022904634475708,0.036121681332588196,0.8661687821149826
65,14,0,Minkowski (G),0.9022904634475708,0.02734549157321453,0.8749449718743563
65,14,0,Minkowski (H),0.9022904634475708,0.03941642865538597,0.8628740347921848
65,14,0,Euclidiana (P),0.9022904634475708,0.014028387144207954,0.8882620763033628
65,14,0,Euclidiana (G),0.9022904634475708,0.04321799799799919,0.8590724654495716
65,14,0,Euclidiana (H),0.9022904634475708,0.04763191193342209,0.8546585515141487
65,14,0,Manhattan (P),0.9022904634475708,0.06125838682055473,0.8410320766270161
65,14,0,Manhattan (G),0.9022904634475708,0.14114631712436676,0.761144146323204
65,14,0,Manhattan (H),0.9022904634475708,0.04500093683600426,0.8572895266115665
87,14,0,Minkowski (P),0.9890212416648865,0.3374466001987457,0.6515746414661407
87,14,0,Minkowski (G),0.9890212416648865,0.12526242434978485,0.8637588173151016
87,14,0,Minkowski (H),0.9890212416648865,0.15779909491539001,0.8312221467494965
87,14,0,Euclidiana (P),0.9890212416648865,0.1648937314748764,0.8241275101900101
87,14,0,Euclidiana (G),0.9890212416648865,0.11436445266008377,0.8746567890048027
87,14,0,Euclidiana (H),0.9890212416648865,0.1521776169538498,0.8368436247110367
87,14,0,Manhattan (P),0.9890212416648865,0.24483756721019745,0.744183674454689
87,14,0,Manhattan (G),0.9890212416648865,0.131661519408226,0.8573597222566605
87,14,0,Manhattan (H),0.9890212416648865,0.11257927864789963,0.8764419630169868
93,14,0,Minkowski (P),0.9608811736106873,0.021165059879422188,0.9397161137312651
93,14,0,Minkowski (G),0.9608811736106873,0.23727045953273773,0.7236107140779495
93,14,0,Minkowski (H),0.9608811736106873,0.2080882489681244,0.7527929246425629
93,14,0,Euclidiana (P),0.9608811736106873,0.2514156997203827,0.7094654738903046
93,14,0,Euclidiana (G),0.9608811736106873,0.23586224019527435,0.7250189334154129
93,14,0,Euclidiana (H),0.9608811736106873,0.1858353465795517,0.7750458270311356
93,14,0,Manhattan (P),0.9608811736106873,0.2658618986606598,0.6950192749500275
93,14,0,Manhattan (G),0.9608811736106873,0.2329058051109314,0.7279753684997559
93,14,0,Manhattan (H),0.9608811736106873,0.15609849989414215,0.8047826737165451
107,14,0,Minkowski (P),0.9657080173492432,0.12464719265699387,0.8410608246922493
107,14,0,Minkowski (G),0.9657080173492432,0.02731875330209732,0.9383892640471458
107,14,0,Minkowski (H),0.9657080173492432,0.1367790699005127,0.8289289474487305
107,14,0,Euclidiana (P),0.9657080173492432,0.16485236585140228,0.8008556514978409
107,14,0,Euclidiana (G),0.9657080173492432,0.166640967130661,0.7990670502185822
107,14,0,Euclidiana (H),0.9657080173492432,0.1486913412809372,0.817016676068306
107,14,0,Manhattan (P),0.9657080173492432,0.09659062325954437,0.8691173940896988
107,14,0,Manhattan (G),0.9657080173492432,0.06276416033506393,0.9029438570141792
107,14,0,Manhattan (H),0.9657080173492432,0.36019524931907654,0.6055127680301666
121,14,0,Minkowski (P),0.9242956638336182,0.14971262216567993,0.7745830416679382
121,14,0,Minkowski (G),0.9242956638336182,0.05656898021697998,0.8677266836166382
121,14,0,Minkowski (H),0.9242956638336182,0.19327130913734436,0.7310243546962738
121,14,0,Euclidiana (P),0.9242956638336182,0.1416173130273819,0.7826783508062363
121,14,0,Euclidiana (G),0.9242956638336182,0.15900538861751556,0.7652902752161026
121,14,0,Euclidiana (H),0.9242956638336182,0.23390550911426544,0.6903901547193527
121,14,0,Manhattan (P),0.9242956638336182,0.1046312004327774,0.8196644634008408
121,14,0,Manhattan (G),0.9242956638336182,0.04501397907733917,0.879281684756279
121,14,0,Manhattan (H),0.9242956638336182,0.0033718151971697807,0.9209238486364484
7,15,0,Minkowski (P),0.11834732443094254,0.0004190490290056914,0.11792827540193684
7,15,0,Minkowski (G),0.11834732443094254,9.616435425741088e-11,0.11834732433477818
7,15,0,Minkowski (H),0.11834732443094254,0.4833865761756897,-0.36503925174474716
7,15,0,Euclidiana (P),0.11834732443094254,0.47826409339904785,-0.3599167689681053
7,15,0,Euclidiana (G),0.11834732443094254,0.5410680174827576,-0.42272069305181503
7,15,0,Euclidiana (H),0.11834732443094254,0.27056682109832764,-0.1522194966673851
7,15,0,Manhattan (P),0.11834732443094254,0.0010822414187714458,0.11726508301217109
7,15,0,Manhattan (G),0.11834732443094254,0.34276217222213745,-0.22441484779119492
7,15,0,Manhattan (H),0.11834732443094254,0.42631468176841736,-0.3079673573374748
12,15,0,Minkowski (P),0.009808999486267567,1.0257944268232677e-05,0.009798741541999334
12,15,0,Minkowski (G),0.009808999486267567,0.12587450444698334,-0.11606550496071577
12,15,0,Minkowski (H),0.009808999486267567,0.24456652998924255,-0.234757530502975
12,15,0,Euclidiana (P),0.009808999486267567,0.42685776948928833,-0.41704877000302076
12,15,0,Euclidiana (G),0.009808999486267567,0.1336403638124466,-0.12383136432617903
12,15,0,Euclidiana (H),0.009808999486267567,0.40897443890571594,-0.3991654394194484
12,15,0,Manhattan (P),0.009808999486267567,0.2151438444852829,-0.20533484499901533
12,15,0,Manhattan (G),0.009808999486267567,0.08414565026760101,-0.07433665078133345
12,15,0,Manhattan (H),0.009808999486267567,0.35566386580467224,-0.3458548663184047
42,15,0,Minkowski (P),0.12434347718954086,0.40006330609321594,-0.2757198289036751
42,15,0,Minkowski (G),0.12434347718954086,0.1922299712896347,-0.06788649410009384
42,15,0,Minkowski (H),0.12434347718954086,0.048440854996442795,0.07590262219309807
42,15,0,Euclidiana (P),0.12434347718954086,0.08239070326089859,0.04195277392864227
42,15,0,Euclidiana (G),0.12434347718954086,0.1300823986530304,-0.0057389214634895325
42,15,0,Euclidiana (H),0.12434347718954086,0.2524576485157013,-0.12811417132616043
42,15,0,Manhattan (P),0.12434347718954086,0.05123051628470421,0.07311296090483665
42,15,0,Manhattan (G),0.12434347718954086,0.005453929305076599,0.11888954788446426
42,15,0,Manhattan (H),0.12434347718954086,0.0423913300037384,0.08195214718580246
65,15,0,Minkowski (P),0.08862031996250153,0.0934349074959755,-0.0048145875334739685
65,15,0,Minkowski (G),0.08862031996250153,0.08262611925601959,0.005994200706481934
65,15,0,Minkowski (H),0.08862031996250153,0.020177392289042473,0.06844292767345905
65,15,0,Euclidiana (P),0.08862031996250153,0.17987602949142456,-0.09125570952892303
65,15,0,Euclidiana (G),0.08862031996250153,0.0981852188706398,-0.009564898908138275
65,15,0,Euclidiana (H),0.08862031996250153,0.0127910440787673,0.07582927588373423
65,15,0,Manhattan (P),0.08862031996250153,0.08619038760662079,0.0024299323558807373
65,15,0,Manhattan (G),0.08862031996250153,0.035726048052310944,0.05289427191019058
65,15,0,Manhattan (H),0.08862031996250153,0.04606872797012329,0.042551591992378235
87,15,0,Minkowski (P),0.014686472713947296,0.25925689935684204,-0.24457042664289474
87,15,0,Minkowski (G),0.014686472713947296,0.1654376983642578,-0.15075122565031052
87,15,0,Minkowski (H),0.014686472713947296,0.24965718388557434,-0.23497071117162704
87,15,0,Euclidiana (P),0.014686472713947296,0.11543641984462738,-0.10074994713068008
87,15,0,Euclidiana (G),0.014686472713947296,0.24563373625278473,-0.23094726353883743
87,15,0,Euclidiana (H),0.014686472713947296,0.20605909824371338,-0.19137262552976608
87,15,0,Manhattan (P),0.014686472713947296,0.19551241397857666,-0.18082594126462936
87,15,0,Manhattan (G),0.014686472713947296,0.184747114777565,-0.1700606420636177
87,15,0,Manhattan (H),0.014686472713947296,0.06340621411800385,-0.04871974140405655
93,15,0,Minkowski (P),0.0954761952161789,0.0,0.0954761952161789
93,15,0,Minkowski (G),0.0954761952161789,0.2641505300998688,-0.16867433488368988
93,15,0,Minkowski (H),0.0954761952161789,0.3225763142108917,-0.22710011899471283
93,15,0,Euclidiana (P),0.0954761952161789,0.08500391244888306,0.010472282767295837
93,15,0,Euclidiana (G),0.0954761952161789,0.22103896737098694,-0.12556277215480804
93,15,0,Euclidiana (H),0.0954761952161789,0.22426198422908783,-0.12878578901290894
93,15,0,Manhattan (P),0.0954761952161789,0.44643619656562805,-0.35096000134944916
93,15,0,Manhattan (G),0.0954761952161789,0.3011062443256378,-0.20563004910945892
93,15,0,Manhattan (H),0.0954761952161789,0.06634882092475891,0.029127374291419983
107,15,0,Minkowski (P),0.030506078153848648,0.04509766027331352,-0.014591582119464874
107,15,0,Minkowski (G),0.030506078153848648,0.053590014576911926,-0.023083936423063278
107,15,0,Minkowski (H),0.030506078153848648,0.025496460497379303,0.005009617656469345
107,15,0,Euclidiana (P),0.030506078153848648,0.20922474563121796,-0.1787186674773693
107,15,0,Euclidiana (G),0.030506078153848648,0.07384493947029114,-0.04333886131644249
107,15,0,Euclidiana (H),0.030506078153848648,0.13676558434963226,-0.10625950619578362
107,15,0,Manhattan (P),0.030506078153848648,0.06382597237825394,-0.03331989422440529
107,15,0,Manhattan (G),0.030506078153848648,0.01180750411003828,0.018698574043810368
107,15,0,Manhattan (H),0.030506078153848648,0.1811637133359909,-0.15065763518214226
121,15,0,Minkowski (P),0.037135832011699677,8.678354665751439e-14,0.03713583201161289
121,15,0,Minkowski (G),0.037135832011699677,0.3857189416885376,-0.3485831096768379
121,15,0,Minkowski (H),0.037135832011699677,0.1299903392791748,-0.09285450726747513
121,15,0,Euclidiana (P),0.037135832011699677,0.24291673302650452,-0.20578090101480484
121,15,0,Euclidiana (G),0.037135832011699677,0.11093336343765259,-0.07379753142595291
121,15,0,Euclidiana (H),0.037135832011699677,0.24116374552249908,-0.2040279135107994
121,15,0,Manhattan (P),0.037135832011699677,0.10534688085317612,-0.06821104884147644
121,15,0,Manhattan (G),0.037135832011699677,0.015417695045471191,0.021718136966228485
121,15,0,Manhattan (H),0.037135832011699677,0.036279432475566864,0.0008563995361328125
7,16,0,Minkowski (P),0.3990136384963989,0.00024253141600638628,0.39877110708039254
7,16,0,Minkowski (G),0.3990136384963989,3.2702331381706583e-28,0.3990136384963989
7,16,0,Minkowski (H),0.3990136384963989,0.2137191891670227,0.18529444932937622
7,16,0,Euclidiana (P),0.3990136384963989,0.12756049633026123,0.2714531421661377
7,16,0,Euclidiana (G),0.3990136384963989,0.016466189175844193,0.38254744932055473
7,16,0,Euclidiana (H),0.3990136384963989,0.31604957580566406,0.08296406269073486
7,16,0,Manhattan (P),0.3990136384963989,6.081931047674516e-08,0.39901357767708845
7,16,0,Manhattan (G),0.3990136384963989,0.4338567554950714,-0.034843116998672485
7,16,0,Manhattan (H),0.3990136384963989,0.08169946074485779,0.31731417775154114
12,16,0,Minkowski (P),0.9571936726570129,0.015005695633590221,0.9421879770234227
12,16,0,Minkowski (G),0.9571936726570129,0.3858952224254608,0.5712984502315521
12,16,0,Minkowski (H),0.9571936726570129,0.2299865335226059,0.727207139134407
12,16,0,Euclidiana (P),0.9571936726570129,0.469317227602005,0.48787644505500793
12,16,0,Euclidiana (G),0.9571936726570129,0.09843757748603821,0.8587560951709747
12,16,0,Euclidiana (H),0.9571936726570129,0.3094719648361206,0.6477217078208923
12,16,0,Manhattan (P),0.9571936726570129,0.05779586732387543,0.8993978053331375
12,16,0,Manhattan (G),0.9571936726570129,0.28468725085258484,0.6725064218044281
12,16,0,Manhattan (H),0.9571936726570129,0.028760531917214394,0.9284331407397985
42,16,0,Minkowski (P),0.5319185853004456,0.33450111746788025,0.1974174678325653
42,16,0,Minkowski (G),0.5319185853004456,0.02476751245558262,0.5071510728448629
42,16,0,Minkowski (H),0.5319185853004456,0.30891066789627075,0.2230079174041748
42,16,0,Euclidiana (P),0.5319185853004456,0.2853177785873413,0.24660080671310425
42,16,0,Euclidiana (G),0.5319185853004456,0.15423303842544556,0.377685546875
42,16,0,Euclidiana (H),0.5319185853004456,0.26067009568214417,0.2712484896183014
42,16,0,Manhattan (P),0.5319185853004456,0.28084197640419006,0.2510766088962555
42,16,0,Manhattan (G),0.5319185853004456,0.08333327621221542,0.44858530908823013
42,16,0,Manhattan (H),0.5319185853004456,0.2918618619441986,0.24005672335624695
65,16,0,Minkowski (P),0.3768518269062042,0.0667843297123909,0.3100674971938133
65,16,0,Minkowski (G),0.3768518269062042,0.013461127877235413,0.3633906990289688
65,16,0,Minkowski (H),0.3768518269062042,0.006340527441352606,0.3705112994648516
65,16,0,Euclidiana (P),0.3768518269062042,0.03043835237622261,0.3464134745299816
65,16,0,Euclidiana (G),0.3768518269062042,0.07445259392261505,0.3023992329835892
65,16,0,Euclidiana (H),0.3768518269062042,0.05170108377933502,0.3251507431268692
65,16,0,Manhattan (P),0.3768518269062042,0.09545644372701645,0.2813953831791878
65,16,0,Manhattan (G),0.3768518269062042,0.010789715684950352,0.36606211122125387
65,16,0,Manhattan (H),0.3768518269062042,0.1228271871805191,0.2540246397256851
87,16,0,Minkowski (P),0.9019287824630737,0.4057026505470276,0.49622613191604614
87,16,0,Minkowski (G),0.9019287824630737,0.1865667998790741,0.7153619825839996
87,16,0,Minkowski (H),0.9019287824630737,0.2524168789386749,0.6495119035243988
87,16,0,Euclidiana (P),0.9019287824630737,0.10849542915821075,0.793433353304863
87,16,0,Euclidiana (G),0.9019287824630737,0.21018750965595245,0.6917412728071213
87,16,0,Euclidiana (H),0.9019287824630737,0.14171308279037476,0.760215699672699
87,16,0,Manhattan (P),0.9019287824630737,0.22613240778446198,0.6757963746786118
87,16,0,Manhattan (G),0.9019287824630737,0.20895329117774963,0.6929754912853241
87,16,0,Manhattan (H),0.9019287824630737,0.3729155361652374,0.5290132462978363
93,16,0,Minkowski (P),0.2949015200138092,0.0,0.2949015200138092
93,16,0,Minkowski (G),0.2949015200138092,0.07412020862102509,0.22078131139278412
93,16,0,Minkowski (H),0.2949015200138092,0.250191330909729,0.0447101891040802
93,16,0,Euclidiana (P),0.2949015200138092,0.1523892730474472,0.142512246966362
93,16,0,Euclidiana (G),0.2949015200138092,0.2898543179035187,0.005047202110290527
93,16,0,Euclidiana (H),0.2949015200138092,0.24092277884483337,0.05397874116897583
93,16,0,Manhattan (P),0.2949015200138092,0.14887286722660065,0.14602865278720856
93,16,0,Manhattan (G),0.2949015200138092,0.1863364279270172,0.10856509208679199
93,16,0,Manhattan (H),0.2949015200138092,0.3396380543708801,-0.04473653435707092
107,16,0,Minkowski (P),0.878775417804718,0.12461744993925095,0.7541579678654671
107,16,0,Minkowski (G),0.878775417804718,0.13367336988449097,0.745102047920227
107,16,0,Minkowski (H),0.878775417804718,0.30760079622268677,0.5711746215820312
107,16,0,Euclidiana (P),0.878775417804718,0.429593563079834,0.44918185472488403
107,16,0,Euclidiana (G),0.878775417804718,0.14167599380016327,0.7370994240045547
107,16,0,Euclidiana (H),0.878775417804718,0.11933694779872894,0.7594384700059891
107,16,0,Manhattan (P),0.878775417804718,0.13968990743160248,0.7390855103731155
107,16,0,Manhattan (G),0.878775417804718,0.1598743498325348,0.7189010679721832
107,16,0,Manhattan (H),0.878775417804718,0.2709582448005676,0.6078171730041504
121,16,0,Minkowski (P),0.20161966979503632,0.4094538986682892,-0.20783422887325287
121,16,0,Minkowski (G),0.20161966979503632,0.02054298110306263,0.1810766886919737
121,16,0,Minkowski (H),0.20161966979503632,0.13171935081481934,0.06990031898021698
121,16,0,Euclidiana (P),0.20161966979503632,0.24754522740840912,-0.0459255576133728
121,16,0,Euclidiana (G),0.20161966979503632,0.1063181459903717,0.09530152380466461
121,16,0,Euclidiana (H),0.20161966979503632,0.2994931936264038,-0.09787352383136749
121,16,0,Manhattan (P),0.20161966979503632,0.22411254048347473,-0.022492870688438416
121,16,0,Manhattan (G),0.20161966979503632,0.16555075347423553,0.03606891632080078
121,16,0,Manhattan (H),0.20161966979503632,0.21374407410621643,-0.012124404311180115
7,17,0,Minkowski (P),0.9660388231277466,0.38415834307670593,0.5818804800510406
7,17,0,Minkowski (G),0.9660388231277466,0.3462231457233429,0.6198156774044037
7,17,0,Minkowski (H),0.9660388231277466,0.3581155836582184,0.6079232394695282
7,17,0,Euclidiana (P),0.9660388231277466,0.2799800634384155,0.686058759689331
7,17,0,Euclidiana (G),0.9660388231277466,0.2450220286846161,0.7210167944431305
7,17,0,Euclidiana (H),0.9660388231277466,0.16647392511367798,0.7995648980140686
7,17,0,Manhattan (P),0.9660388231277466,0.40410345792770386,0.5619353652000427
7,17,0,Manhattan (G),0.9660388231277466,0.16973403096199036,0.7963047921657562
7,17,0,Manhattan (H),0.9660388231277466,0.05681153014302254,0.909227292984724
12,17,0,Minkowski (P),0.995914876461029,0.22261378169059753,0.7733010947704315
12,17,0,Minkowski (G),0.995914876461029,0.013175287283957005,0.982739589177072
12,17,0,Minkowski (H),0.995914876461029,0.04545067623257637,0.9504642002284527
12,17,0,Euclidiana (P),0.995914876461029,0.03453745320439339,0.9613774232566357
12,17,0,Euclidiana (G),0.995914876461029,0.019374554976820946,0.9765403214842081
12,17,0,Euclidiana (H),0.995914876461029,0.054825130850076675,0.9410897456109524
12,17,0,Manhattan (P),0.995914876461029,0.04515205696225166,0.9507628194987774
12,17,0,Manhattan (G),0.995914876461029,0.07721873372793198,0.9186961427330971
12,17,0,Manhattan (H),0.995914876461029,0.13512499630451202,0.860789880156517
42,17,0,Minkowski (P),0.978050947189331,0.04998806491494179,0.9280628822743893
42,17,0,Minkowski (G),0.978050947189331,0.24842184782028198,0.7296290993690491
42,17,0,Minkowski (H),0.978050947189331,0.6500920653343201,0.327958881855011
42,17,0,Euclidiana (P),0.978050947189331,0.7410533428192139,0.2369976043701172
42,17,0,Euclidiana (G),0.978050947189331,0.38720202445983887,0.5908489227294922
42,17,0,Euclidiana (H),0.978050947189331,0.429840087890625,0.548210859298706
42,17,0,Manhattan (P),0.978050947189331,0.2388763576745987,0.7391745895147324
42,17,0,Manhattan (G),0.978050947189331,0.46711644530296326,0.5109345018863678
42,17,0,Manhattan (H),0.978050947189331,0.05974748730659485,0.9183034598827362
65,17,0,Minkowski (P),0.9841769933700562,0.06921380758285522,0.9149631857872009
65,17,0,Minkowski (G),0.9841769933700562,0.11926250904798508,0.8649144843220711
65,17,0,Minkowski (H),0.9841769933700562,0.12133532762527466,0.8628416657447815
65,17,0,Euclidiana (P),0.9841769933700562,0.1264326423406601,0.8577443510293961
65,17,0,Euclidiana (G),0.9841769933700562,0.07951391488313675,0.9046630784869194
65,17,0,Euclidiana (H),0.9841769933700562,0.03851402550935745,0.9456629678606987
65,17,0,Manhattan (P),0.9841769933700562,0.10143297910690308,0.8827440142631531
65,17,0,Manhattan (G),0.9841769933700562,0.10302722454071045,0.8811497688293457
65,17,0,Manhattan (H),0.9841769933700562,0.04072163626551628,0.9434553571045399
87,17,0,Minkowski (P),0.9837759137153625,0.425624281167984,0.5581516325473785
87,17,0,Minkowski (G),0.9837759137153625,0.09716019034385681,0.8866157233715057
87,17,0,Minkowski (H),0.9837759137153625,0.22371356189250946,0.7600623518228531
87,17,0,Euclidiana (P),0.9837759137153625,0.49978193640708923,0.4839939773082733
87,17,0,Euclidiana (G),0.9837759137153625,0.06146550178527832,0.9223104119300842
87,17,0,Euclidiana (H),0.9837759137153625,0.2661688029766083,0.7176071107387543
87,17,0,Manhattan (P),0.9837759137153625,0.27362746000289917,0.7101484537124634
87,17,0,Manhattan (G),0.9837759137153625,0.29167789220809937,0.6920980215072632
87,17,0,Manhattan (H),0.9837759137153625,0.4104982316493988,0.5732776820659637
93,17,0,Minkowski (P),0.9651442170143127,0.3434831500053406,0.6216610670089722
93,17,0,Minkowski (G),0.9651442170143127,0.13112254440784454,0.8340216726064682
93,17,0,Minkowski (H),0.9651442170143127,0.2464357316493988,0.7187084853649139
93,17,0,Euclidiana (P),0.9651442170143127,0.18579013645648956,0.7793540805578232
93,17,0,Euclidiana (G),0.9651442170143127,0.204501673579216,0.7606425434350967
93,17,0,Euclidiana (H),0.9651442170143127,0.19436080753803253,0.7707834094762802
93,17,0,Manhattan (P),0.9651442170143127,0.1260191947221756,0.8391250222921371
93,17,0,Manhattan (G),0.9651442170143127,0.22128671407699585,0.7438575029373169
93,17,0,Manhattan (H),0.9651442170143127,0.09693629294633865,0.8682079240679741
107,17,0,Minkowski (P),0.9949502944946289,0.08468279987573624,0.9102674946188927
107,17,0,Minkowski (G),0.9949502944946289,0.024073505774140358,0.9708767887204885
107,17,0,Minkowski (H),0.9949502944946289,0.23530130088329315,0.7596489936113358
107,17,0,Euclidiana (P),0.9949502944946289,0.1725911945104599,0.822359099984169
107,17,0,Euclidiana (G),0.9949502944946289,0.0954439640045166,0.8995063304901123
107,17,0,Euclidiana (H),0.9949502944946289,0.15800108015537262,0.8369492143392563
107,17,0,Manhattan (P),0.9949502944946289,0.07996080815792084,0.9149894863367081
107,17,0,Manhattan (G),0.9949502944946289,0.13057078421115875,0.8643795102834702
107,17,0,Manhattan (H),0.9949502944946289,0.01219449657946825,0.9827557979151607
121,17,0,Minkowski (P),0.9832147359848022,0.04982805252075195,0.9333866834640503
121,17,0,Minkowski (G),0.9832147359848022,0.05462964251637459,0.9285850934684277
121,17,0,Minkowski (H),0.9832147359848022,0.313972145318985,0.6692425906658173
121,17,0,Euclidiana (P),0.9832147359848022,0.33751770853996277,0.6456970274448395
121,17,0,Euclidiana (G),0.9832147359848022,0.07475873827934265,0.9084559977054596
121,17,0,Euclidiana (H),0.9832147359848022,0.11090189218521118,0.8723128437995911
121,17,0,Manhattan (P),0.9832147359848022,0.0698540136218071,0.9133607223629951
121,17,0,Manhattan (G),0.9832147359848022,0.09626881778240204,0.8869459182024002
121,17,0,Manhattan (H),0.9832147359848022,0.0012334182392805815,0.9819813177455217
7,18,1,Minkowski (P),0.5647221803665161,0.9999783039093018,-0.43525612354278564
7,18,1,Minkowski (G),0.5647221803665161,1.0,-0.4352778196334839
7,18,1,Minkowski (H),0.5647221803665161,0.8536596894264221,-0.288937509059906
7,18,1,Euclidiana (P),0.5647221803665161,0.6799811720848083,-0.11525899171829224
7,18,1,Euclidiana (G),0.5647221803665161,1.3167978929473634e-09,0.5647221790497182
7,18,1,Euclidiana (H),0.5647221803665161,0.4817824363708496,0.0829397439956665
7,18,1,Manhattan (P),0.5647221803665161,0.9798015356063843,-0.41507935523986816
7,18,1,Manhattan (G),0.5647221803665161,0.23822897672653198,0.32649320363998413
7,18,1,Manhattan (H),0.5647221803665161,0.39729025959968567,0.16743192076683044
12,18,1,Minkowski (P),0.36550310254096985,0.9999996423721313,-0.6344965398311615
12,18,1,Minkowski (G),0.36550310254096985,0.9054378271102905,-0.5399347245693207
12,18,1,Minkowski (H),0.36550310254096985,0.3537701368331909,0.01173296570777893
12,18,1,Euclidiana (P),0.36550310254096985,0.41413384675979614,-0.048630744218826294
12,18,1,Euclidiana (G),0.36550310254096985,0.24694512784481049,0.11855797469615936
12,18,1,Euclidiana (H),0.36550310254096985,0.22243966162204742,0.14306344091892242
12,18,1,Manhattan (P),0.36550310254096985,0.19457973539829254,0.1709233671426773
12,18,1,Manhattan (G),0.36550310254096985,0.4742065668106079,-0.10870346426963806
12,18,1,Manhattan (H),0.36550310254096985,0.34275534749031067,0.02274775505065918
42,18,1,Minkowski (P),0.9810718894004822,0.41831812262535095,0.5627537667751312
42,18,1,Minkowski (G),0.9810718894004822,0.8119836449623108,0.1690882444381714
42,18,1,Minkowski (H),0.9810718894004822,0.9039645195007324,0.07710736989974976
42,18,1,Euclidiana (P),0.9810718894004822,0.5512040257453918,0.42986786365509033
42,18,1,Euclidiana (G),0.9810718894004822,0.8512994647026062,0.12977242469787598
42,18,1,Euclidiana (H),0.9810718894004822,0.6105016469955444,0.37057024240493774
42,18,1,Manhattan (P),0.9810718894004822,0.8857730031013489,0.0952988862991333
42,18,1,Manhattan (G),0.9810718894004822,0.9845676422119141,-0.0034957528114318848
42,18,1,Manhattan (H),0.9810718894004822,0.9210760593414307,0.059995830059051514
65,18,1,Minkowski (P),0.9843115210533142,0.8417678475379944,0.14254367351531982
65,18,1,Minkowski (G),0.9843115210533142,0.9760194420814514,0.008292078971862793
65,18,1,Minkowski (H),0.9843115210533142,0.9987877011299133,-0.014476180076599121
65,18,1,Euclidiana (P),0.9843115210533142,0.9698281288146973,0.014483392238616943
65,18,1,Euclidiana (G),0.9843115210533142,0.8160545825958252,0.168256938457489
65,18,1,Euclidiana (H),0.9843115210533142,0.9097380638122559,0.07457345724105835
65,18,1,Manhattan (P),0.9843115210533142,0.9412983655929565,0.043013155460357666
65,18,1,Manhattan (G),0.9843115210533142,0.9826432466506958,0.0016682744026184082
65,18,1,Manhattan (H),0.9843115210533142,0.9000828862190247,0.08422863483428955
87,18,1,Minkowski (P),0.9568330645561218,0.3549567759037018,0.60187628865242
87,18,1,Minkowski (G),0.9568330645561218,0.6765122413635254,0.28032082319259644
87,18,1,Minkowski (H),0.9568330645561218,0.46758589148521423,0.4892471730709076
87,18,1,Euclidiana (P),0.9568330645561218,0.7835652232170105,0.17326784133911133
87,18,1,Euclidiana (G),0.9568330645561218,0.46895742416381836,0.48787564039230347
87,18,1,Euclidiana (H),0.9568330645561218,0.6703241467475891,0.2865089178085327
87,18,1,Manhattan (P),0.9568330645561218,0.5188159942626953,0.4380170702934265
87,18,1,Manhattan (G),0.9568330645561218,0.5488054752349854,0.4080275893211365
87,18,1,Manhattan (H),0.9568330645561218,0.5671224594116211,0.38971060514450073
93,18,1,Minkowski (P),0.86778324842453,1.0,-0.13221675157546997
93,18,1,Minkowski (G),0.86778324842453,0.7152150273323059,0.15256822109222412
93,18,1,Minkowski (H),0.86778324842453,0.6137749552726746,0.25400829315185547
93,18,1,Euclidiana (P),0.86778324842453,0.6733189821243286,0.19446426630020142
93,18,1,Euclidiana (G),0.86778324842453,0.5311724543571472,0.3366107940673828
93,18,1,Euclidiana (H),0.86778324842453,0.5629127621650696,0.30487048625946045
93,18,1,Manhattan (P),0.86778324842453,0.719815194606781,0.14796805381774902
93,18,1,Manhattan (G),0.86778324842453,0.6048352122306824,0.26294803619384766
93,18,1,Manhattan (H),0.86778324842453,0.5973320007324219,0.27045124769210815
107,18,1,Minkowski (P),0.9686087369918823,0.38876160979270935,0.579847127199173
107,18,1,Minkowski (G),0.9686087369918823,0.8998900055885315,0.06871873140335083
107,18,1,Minkowski (H),0.9686087369918823,0.44831013679504395,0.5202986001968384
107,18,1,Euclidiana (P),0.9686087369918823,0.410879909992218,0.5577288269996643
107,18,1,Euclidiana (G),0.9686087369918823,0.897071123123169,0.07153761386871338
107,18,1,Euclidiana (H),0.9686087369918823,0.6028218865394592,0.3657868504524231
107,18,1,Manhattan (P),0.9686087369918823,0.8955981731414795,0.07301056385040283
107,18,1,Manhattan (G),0.9686087369918823,0.8639757037162781,0.10463303327560425
107,18,1,Manhattan (H),0.9686087369918823,0.49075955152511597,0.47784918546676636
121,18,1,Minkowski (P),0.9867640137672424,0.2561274468898773,0.7306365668773651
121,18,1,Minkowski (G),0.9867640137672424,0.5047020316123962,0.4820619821548462
121,18,1,Minkowski (H),0.9867640137672424,0.5781059265136719,0.40865808725357056
121,18,1,Euclidiana (P),0.9867640137672424,0.461783230304718,0.5249807834625244
121,18,1,Euclidiana (G),0.9867640137672424,0.8336340188980103,0.15312999486923218
121,18,1,Euclidiana (H),0.9867640137672424,0.9311395287513733,0.05562448501586914
121,18,1,Manhattan (P),0.9867640137672424,0.7845256328582764,0.20223838090896606
121,18,1,Manhattan (G),0.9867640137672424,0.6237117648124695,0.36305224895477295
121,18,1,Manhattan (H),0.9867640137672424,0.9180219173431396,0.06874209642410278
7,19,1,Minkowski (P),0.9984801411628723,0.025187088176608086,0.9732930529862642
7,19,1,Minkowski (G),0.9984801411628723,0.10726433992385864,0.8912158012390137
7,19,1,Minkowski (H),0.9984801411628723,0.3258695602416992,0.6726105809211731
7,19,1,Euclidiana (P),0.9984801411628723,0.32578691840171814,0.6726932227611542
7,19,1,Euclidiana (G),0.9984801411628723,0.37279579043388367,0.6256843507289886
7,19,1,Euclidiana (H),0.9984801411628723,0.23701031506061554,0.7614698261022568
7,19,1,Manhattan (P),0.9984801411628723,0.3582760691642761,0.6402040719985962
7,19,1,Manhattan (G),0.9984801411628723,0.4786472022533417,0.5198329389095306
7,19,1,Manhattan (H),0.9984801411628723,0.6007897257804871,0.39769041538238525
12,19,1,Minkowski (P),0.9965981841087341,0.9598435163497925,0.03675466775894165
12,19,1,Minkowski (G),0.9965981841087341,0.34588634967803955,0.6507118344306946
12,19,1,Minkowski (H),0.9965981841087341,0.28588682413101196,0.7107113599777222
12,19,1,Euclidiana (P),0.9965981841087341,0.4174107611179352,0.579187422990799
12,19,1,Euclidiana (G),0.9965981841087341,0.24627716839313507,0.7503210157155991
12,19,1,Euclidiana (H),0.9965981841087341,0.31163787841796875,0.6849603056907654
12,19,1,Manhattan (P),0.9965981841087341,0.26271435618400574,0.7338838279247284
12,19,1,Manhattan (G),0.9965981841087341,0.7664902210235596,0.23010796308517456
12,19,1,Manhattan (H),0.9965981841087341,0.387432724237442,0.6091654598712921
42,19,1,Minkowski (P),0.9955734014511108,0.35774511098861694,0.6378282904624939
42,19,1,Minkowski (G),0.9955734014511108,0.8978132009506226,0.09776020050048828
42,19,1,Minkowski (H),0.9955734014511108,0.9382097125053406,0.057363688945770264
42,19,1,Euclidiana (P),0.9955734014511108,0.8837096095085144,0.11186379194259644
42,19,1,Euclidiana (G),0.9955734014511108,0.845501184463501,0.15007221698760986
42,19,1,Euclidiana (H),0.9955734014511108,0.9083870053291321,0.08718639612197876
42,19,1,Manhattan (P),0.9955734014511108,0.8915469646453857,0.1040264368057251
42,19,1,Manhattan (G),0.9955734014511108,0.984083354473114,0.011490046977996826
42,19,1,Manhattan (H),0.9955734014511108,0.6479032635688782,0.34767013788223267
65,19,1,Minkowski (P),0.9825937151908875,0.7039352655410767,0.2786584496498108
65,19,1,Minkowski (G),0.9825937151908875,0.7682775855064392,0.21431612968444824
65,19,1,Minkowski (H),0.9825937151908875,0.7853144407272339,0.19727927446365356
65,19,1,Euclidiana (P),0.9825937151908875,0.8083254098892212,0.17426830530166626
65,19,1,Euclidiana (G),0.9825937151908875,0.8835912942886353,0.0990024209022522
65,19,1,Euclidiana (H),0.9825937151908875,0.949977457523346,0.032616257667541504
65,19,1,Manhattan (P),0.9825937151908875,0.8225305080413818,0.16006320714950562
65,19,1,Manhattan (G),0.9825937151908875,0.9997740387916565,-0.017180323600769043
65,19,1,Manhattan (H),0.9825937151908875,0.9090446829795837,0.07354903221130371
87,19,1,Minkowski (P),0.9921014904975891,0.675979733467102,0.31612175703048706
87,19,1,Minkowski (G),0.9921014904975891,0.8406336903572083,0.15146780014038086
87,19,1,Minkowski (H),0.9921014904975891,0.44707196950912476,0.5450295209884644
87,19,1,Euclidiana (P),0.9921014904975891,0.6093019247055054,0.38279956579208374
87,19,1,Euclidiana (G),0.9921014904975891,0.5108526349067688,0.4812488555908203
87,19,1,Euclidiana (H),0.9921014904975891,0.5070008039474487,0.4851006865501404
87,19,1,Manhattan (P),0.9921014904975891,0.5470554828643799,0.44504600763320923
87,19,1,Manhattan (G),0.9921014904975891,0.8265330791473389,0.16556841135025024
87,19,1,Manhattan (H),0.9921014904975891,0.9338995814323425,0.05820190906524658
93,19,1,Minkowski (P),0.9932158589363098,1.0,-0.0067841410636901855
93,19,1,Minkowski (G),0.9932158589363098,0.7725813984870911,0.22063446044921875
93,19,1,Minkowski (H),0.9932158589363098,0.47899550199508667,0.5142203569412231
93,19,1,Euclidiana (P),0.9932158589363098,0.4252783954143524,0.5679374635219574
93,19,1,Euclidiana (G),0.9932158589363098,0.7317296266555786,0.2614862322807312
93,19,1,Euclidiana (H),0.9932158589363098,0.5757108330726624,0.41750502586364746
93,19,1,Manhattan (P),0.9932158589363098,0.8602017760276794,0.13301408290863037
93,19,1,Manhattan (G),0.9932158589363098,0.5902442336082458,0.40297162532806396
93,19,1,Manhattan (H),0.9932158589363098,0.9419552683830261,0.05126059055328369
107,19,1,Minkowski (P),0.9909720420837402,0.423106849193573,0.5678651928901672
107,19,1,Minkowski (G),0.9909720420837402,0.895597517490387,0.09537452459335327
107,19,1,Minkowski (H),0.9909720420837402,0.8736281394958496,0.11734390258789062
107,19,1,Euclidiana (P),0.9909720420837402,0.7705048322677612,0.220467209815979
107,19,1,Euclidiana (G),0.9909720420837402,0.8642926812171936,0.12667936086654663
107,19,1,Euclidiana (H),0.9909720420837402,0.8587541580200195,0.1322178840637207
107,19,1,Manhattan (P),0.9909720420837402,0.8491581082344055,0.14181393384933472
107,19,1,Manhattan (G),0.9909720420837402,0.9303571581840515,0.06061488389968872
107,19,1,Manhattan (H),0.9909720420837402,0.8035206198692322,0.18745142221450806
121,19,1,Minkowski (P),0.9978524446487427,0.9999473094940186,-0.002094864845275879
121,19,1,Minkowski (G),0.9978524446487427,0.8027979135513306,0.1950545310974121
121,19,1,Minkowski (H),0.9978524446487427,0.8219203352928162,0.1759321093559265
121,19,1,Euclidiana (P),0.9978524446487427,0.5656392574310303,0.4322131872177124
121,19,1,Euclidiana (G),0.9978524446487427,0.8431201577186584,0.15473228693008423
121,19,1,Euclidiana (H),0.9978524446487427,0.7454783916473389,0.2523740530014038
121,19,1,Manhattan (P),0.9978524446487427,0.7478421926498413,0.25001025199890137
121,19,1,Manhattan (G),0.9978524446487427,0.9637772440910339,0.03407520055770874
121,19,1,Manhattan (H),0.9978524446487427,0.8960587382316589,0.10179370641708374
7,20,1,Minkowski (P),0.9289449453353882,0.6836666464805603,0.24527829885482788
7,20,1,Minkowski (G),0.9289449453353882,1.0,-0.07105505466461182
7,20,1,Minkowski (H),0.9289449453353882,0.5689902305603027,0.35995471477508545
7,20,1,Euclidiana (P),0.9289449453353882,0.5893169045448303,0.33962804079055786
7,20,1,Euclidiana (G),0.9289449453353882,0.00825145561248064,0.9206934897229075
7,20,1,Euclidiana (H),0.9289449453353882,0.45871230959892273,0.47023263573646545
7,20,1,Manhattan (P),0.9289449453353882,0.9929267764091492,-0.06398183107376099
7,20,1,Manhattan (G),0.9289449453353882,0.6466993093490601,0.2822456359863281
7,20,1,Manhattan (H),0.9289449453353882,0.47239962220191956,0.45654532313346863
12,20,1,Minkowski (P),0.836763858795166,0.3679371476173401,0.4688267111778259
12,20,1,Minkowski (G),0.836763858795166,0.9913539290428162,-0.15459007024765015
12,20,1,Minkowski (H),0.836763858795166,0.7550102472305298,0.08175361156463623
12,20,1,Euclidiana (P),0.836763858795166,0.6286436915397644,0.2081201672554016
12,20,1,Euclidiana (G),0.836763858795166,0.4032536447048187,0.4335102140903473
12,20,1,Euclidiana (H),0.836763858795166,0.33233413100242615,0.5044297277927399
12,20,1,Manhattan (P),0.836763858795166,0.19592949748039246,0.6408343613147736
12,20,1,Manhattan (G),0.836763858795166,0.4130489230155945,0.42371493577957153
12,20,1,Manhattan (H),0.836763858795166,0.33728042244911194,0.4994834363460541
42,20,1,Minkowski (P),0.951297402381897,0.8684506416320801,0.0828467607498169
42,20,1,Minkowski (G),0.951297402381897,0.9273489713668823,0.02394843101501465
42,20,1,Minkowski (H),0.951297402381897,0.8580102920532227,0.09328711032867432
42,20,1,Euclidiana (P),0.951297402381897,0.627059280872345,0.324238121509552
42,20,1,Euclidiana (G),0.951297402381897,0.7508233189582825,0.2004740834236145
42,20,1,Euclidiana (H),0.951297402381897,0.5742719173431396,0.3770254850387573
42,20,1,Manhattan (P),0.951297402381897,0.5170279145240784,0.4342694878578186
42,20,1,Manhattan (G),0.951297402381897,0.4212517738342285,0.5300456285476685
42,20,1,Manhattan (H),0.951297402381897,0.9998205304145813,-0.048523128032684326
65,20,1,Minkowski (P),0.8522084355354309,0.8997364044189453,-0.047527968883514404
65,20,1,Minkowski (G),0.8522084355354309,0.8274202942848206,0.02478814125061035
65,20,1,Minkowski (H),0.8522084355354309,0.9906755685806274,-0.13846713304519653
65,20,1,Euclidiana (P),0.8522084355354309,0.9797269105911255,-0.12751847505569458
65,20,1,Euclidiana (G),0.8522084355354309,0.8472642302513123,0.004944205284118652
65,20,1,Euclidiana (H),0.8522084355354309,0.9968994855880737,-0.14469105005264282
65,20,1,Manhattan (P),0.8522084355354309,0.954588770866394,-0.10238033533096313
65,20,1,Manhattan (G),0.8522084355354309,0.986255407333374,-0.13404697179794312
65,20,1,Manhattan (H),0.8522084355354309,0.9096766710281372,-0.0574682354927063
87,20,1,Minkowski (P),0.8035454750061035,0.3905337154865265,0.413011759519577
87,20,1,Minkowski (G),0.8035454750061035,0.9737093448638916,-0.17016386985778809
87,20,1,Minkowski (H),0.8035454750061035,0.5326732993125916,0.27087217569351196
87,20,1,Euclidiana (P),0.8035454750061035,0.5201718211174011,0.2833736538887024
87,20,1,Euclidiana (G),0.8035454750061035,0.4404545724391937,0.3630909025669098
87,20,1,Euclidiana (H),0.8035454750061035,0.6269980669021606,0.17654740810394287
87,20,1,Manhattan (P),0.8035454750061035,0.5673657655715942,0.23617970943450928
87,20,1,Manhattan (G),0.8035454750061035,0.6297375559806824,0.17380791902542114
87,20,1,Manhattan (H),0.8035454750061035,0.7630762457847595,0.040469229221343994
93,20,1,Minkowski (P),0.8523381352424622,1.0,-0.14766186475753784
93,20,1,Minkowski (G),0.8523381352424622,0.6704527735710144,0.18188536167144775
93,20,1,Minkowski (H),0.8523381352424622,0.6009367108345032,0.251401424407959
93,20,1,Euclidiana (P),0.8523381352424622,0.5420611500740051,0.31027698516845703
93,20,1,Euclidiana (G),0.8523381352424622,0.529701828956604,0.32263630628585815
93,20,1,Euclidiana (H),0.8523381352424622,0.6231980919837952,0.229140043258667
93,20,1,Manhattan (P),0.8523381352424622,0.6889948844909668,0.16334325075149536
93,20,1,Manhattan (G),0.8523381352424622,0.5432040095329285,0.3091341257095337
93,20,1,Manhattan (H),0.8523381352424622,0.5598984956741333,0.29243963956832886
107,20,1,Minkowski (P),0.8818671703338623,0.4398607909679413,0.442006379365921
107,20,1,Minkowski (G),0.8818671703338623,0.5752732157707214,0.30659395456314087
107,20,1,Minkowski (H),0.8818671703338623,0.4456874132156372,0.4361797571182251
107,20,1,Euclidiana (P),0.8818671703338623,0.5054400563240051,0.3764271140098572
107,20,1,Euclidiana (G),0.8818671703338623,0.765332043170929,0.11653512716293335
107,20,1,Euclidiana (H),0.8818671703338623,0.7402783632278442,0.14158880710601807
107,20,1,Manhattan (P),0.8818671703338623,0.9207241535186768,-0.03885698318481445
107,20,1,Manhattan (G),0.8818671703338623,0.41906988620758057,0.46279728412628174
107,20,1,Manhattan (H),0.8818671703338623,0.5887258648872375,0.29314130544662476
121,20,1,Minkowski (P),0.8698420524597168,0.3127674460411072,0.5570746064186096
121,20,1,Minkowski (G),0.8698420524597168,0.9971633553504944,-0.1273213028907776
121,20,1,Minkowski (H),0.8698420524597168,0.5452067852020264,0.32463526725769043
121,20,1,Euclidiana (P),0.8698420524597168,0.49856942892074585,0.37127262353897095
121,20,1,Euclidiana (G),0.8698420524597168,0.6334632635116577,0.23637878894805908
121,20,1,Euclidiana (H),0.8698420524597168,0.7450026869773865,0.12483936548233032
121,20,1,Manhattan (P),0.8698420524597168,0.5707723498344421,0.29906970262527466
121,20,1,Manhattan (G),0.8698420524597168,0.5677258968353271,0.30211615562438965
121,20,1,Manhattan (H),0.8698420524597168,0.9998142123222351,-0.1299721598625183
7,21,1,Minkowski (P),0.9974220991134644,0.3528423309326172,0.6445797681808472
7,21,1,Minkowski (G),0.9974220991134644,1.0,-0.0025779008865356445
7,21,1,Minkowski (H),0.9974220991134644,0.40367045998573303,0.5937516391277313
7,21,1,Euclidiana (P),0.9974220991134644,0.44648292660713196,0.5509391725063324
7,21,1,Euclidiana (G),0.9974220991134644,0.024072391912341118,0.9733497072011232
7,21,1,Euclidiana (H),0.9974220991134644,0.5829389691352844,0.41448312997817993
7,21,1,Manhattan (P),0.9974220991134644,0.7834905982017517,0.21393150091171265
7,21,1,Manhattan (G),0.9974220991134644,0.5240393280982971,0.47338277101516724
7,21,1,Manhattan (H),0.9974220991134644,0.5558270215988159,0.44159507751464844
12,21,1,Minkowski (P),0.9584771990776062,0.00020541193953249604,0.9582717871380737
12,21,1,Minkowski (G),0.9584771990776062,0.47445419430732727,0.48402300477027893
12,21,1,Minkowski (H),0.9584771990776062,0.39053875207901,0.5679384469985962
12,21,1,Euclidiana (P),0.9584771990776062,0.22211410105228424,0.736363098025322
12,21,1,Euclidiana (G),0.9584771990776062,0.30032265186309814,0.6581545472145081
12,21,1,Euclidiana (H),0.9584771990776062,0.2511237561702728,0.7073534429073334
12,21,1,Manhattan (P),0.9584771990776062,0.21512600779533386,0.7433511912822723
12,21,1,Manhattan (G),0.9584771990776062,0.30506226420402527,0.6534149348735809
12,21,1,Manhattan (H),0.9584771990776062,0.36355096101760864,0.5949262380599976
42,21,1,Minkowski (P),0.6104681491851807,0.3102878928184509,0.30018025636672974
42,21,1,Minkowski (G),0.6104681491851807,0.5704575777053833,0.04001057147979736
42,21,1,Minkowski (H),0.6104681491851807,0.4895368218421936,0.12093132734298706
42,21,1,Euclidiana (P),0.6104681491851807,0.5750821828842163,0.035385966300964355
42,21,1,Euclidiana (G),0.6104681491851807,0.8455606698989868,-0.23509252071380615
42,21,1,Euclidiana (H),0.6104681491851807,0.5544353723526001,0.056032776832580566
42,21,1,Manhattan (P),0.6104681491851807,0.5472652912139893,0.0632028579711914
42,21,1,Manhattan (G),0.6104681491851807,0.7450992465019226,-0.13463109731674194
42,21,1,Manhattan (H),0.6104681491851807,0.6716852784156799,-0.06121712923049927
65,21,1,Minkowski (P),0.5429018139839172,0.8730979561805725,-0.3301961421966553
65,21,1,Minkowski (G),0.5429018139839172,0.7195383310317993,-0.17663651704788208
65,21,1,Minkowski (H),0.5429018139839172,0.9994470477104187,-0.45654523372650146
65,21,1,Euclidiana (P),0.5429018139839172,0.9578862190246582,-0.41498440504074097
65,21,1,Euclidiana (G),0.5429018139839172,0.8632553815841675,-0.32035356760025024
65,21,1,Euclidiana (H),0.5429018139839172,0.947821319103241,-0.40491950511932373
65,21,1,Manhattan (P),0.5429018139839172,0.9566664099693298,-0.4137645959854126
65,21,1,Manhattan (G),0.5429018139839172,0.9876852035522461,-0.44478338956832886
65,21,1,Manhattan (H),0.5429018139839172,0.8201016187667847,-0.27719980478286743
87,21,1,Minkowski (P),0.9799492955207825,0.46572211384773254,0.5142271816730499
87,21,1,Minkowski (G),0.9799492955207825,0.6686863899230957,0.31126290559768677
87,21,1,Minkowski (H),0.9799492955207825,0.5273232460021973,0.4526260495185852
87,21,1,Euclidiana (P),0.9799492955207825,0.6065337657928467,0.3734155297279358
87,21,1,Euclidiana (G),0.9799492955207825,0.47668585181236267,0.5032634437084198
87,21,1,Euclidiana (H),0.9799492955207825,0.439011812210083,0.5409374833106995
87,21,1,Manhattan (P),0.9799492955207825,0.3977701961994171,0.5821790993213654
87,21,1,Manhattan (G),0.9799492955207825,0.42067408561706543,0.559275209903717
87,21,1,Manhattan (H),0.9799492955207825,0.7887674570083618,0.19118183851242065
93,21,1,Minkowski (P),0.9806124567985535,1.0,-0.019387543201446533
93,21,1,Minkowski (G),0.9806124567985535,0.8042266964912415,0.176385760307312
93,21,1,Minkowski (H),0.9806124567985535,0.5272049307823181,0.45340752601623535
93,21,1,Euclidiana (P),0.9806124567985535,0.7436012029647827,0.23701125383377075
93,21,1,Euclidiana (G),0.9806124567985535,0.6442767381668091,0.3363357186317444
93,21,1,Euclidiana (H),0.9806124567985535,0.6392854452133179,0.3413270115852356
93,21,1,Manhattan (P),0.9806124567985535,0.6224590539932251,0.35815340280532837
93,21,1,Manhattan (G),0.9806124567985535,0.884056806564331,0.09655565023422241
93,21,1,Manhattan (H),0.9806124567985535,0.4466457664966583,0.5339666903018951
107,21,1,Minkowski (P),0.9923116564750671,0.439945787191391,0.5523658692836761
107,21,1,Minkowski (G),0.9923116564750671,0.7198455333709717,0.27246612310409546
107,21,1,Minkowski (H),0.9923116564750671,0.3027642071247101,0.6895474493503571
107,21,1,Euclidiana (P),0.9923116564750671,0.3149690628051758,0.6773425936698914
107,21,1,Euclidiana (G),0.9923116564750671,0.8033310770988464,0.1889805793762207
107,21,1,Euclidiana (H),0.9923116564750671,0.34753212332725525,0.6447795331478119
107,21,1,Manhattan (P),0.9923116564750671,0.7397627830505371,0.25254887342453003
107,21,1,Manhattan (G),0.9923116564750671,0.6467664837837219,0.3455451726913452
107,21,1,Manhattan (H),0.9923116564750671,0.5512047410011292,0.441106915473938
121,21,1,Minkowski (P),0.9927588701248169,0.2522242069244385,0.7405346632003784
121,21,1,Minkowski (G),0.9927588701248169,0.39721718430519104,0.5955416858196259
121,21,1,Minkowski (H),0.9927588701248169,0.3302576243877411,0.6625012457370758
121,21,1,Euclidiana (P),0.9927588701248169,0.36470291018486023,0.6280559599399567
121,21,1,Euclidiana (G),0.9927588701248169,0.7913546562194824,0.20140421390533447
121,21,1,Euclidiana (H),0.9927588701248169,0.3759453296661377,0.6168135404586792
121,21,1,Manhattan (P),0.9927588701248169,0.5425682067871094,0.4501906633377075
121,21,1,Manhattan (G),0.9927588701248169,0.47087669372558594,0.521882176399231
121,21,1,Manhattan (H),0.9927588701248169,0.8545597195625305,0.13819915056228638
7,22,1,Minkowski (P),0.982662558555603,0.38758355379104614,0.5950790047645569
7,22,1,Minkowski (G),0.982662558555603,0.35591402649879456,0.6267485320568085
7,22,1,Minkowski (H),0.982662558555603,0.2639722228050232,0.7186903357505798
7,22,1,Euclidiana (P),0.982662558555603,0.32190248370170593,0.6607600748538971
7,22,1,Euclidiana (G),0.982662558555603,0.5330880284309387,0.4495745301246643
7,22,1,Euclidiana (H),0.982662558555603,0.4478894770145416,0.5347730815410614
7,22,1,Manhattan (P),0.982662558555603,0.33138227462768555,0.6512802839279175
7,22,1,Manhattan (G),0.982662558555603,0.8304400444030762,0.15222251415252686
7,22,1,Manhattan (H),0.982662558555603,0.6279048323631287,0.35475772619247437
12,22,1,Minkowski (P),0.9956554174423218,0.9999783039093018,-0.0043228864669799805
12,22,1,Minkowski (G),0.9956554174423218,0.43099263310432434,0.5646627843379974
12,22,1,Minkowski (H),0.9956554174423218,0.4814999997615814,0.5141554176807404
12,22,1,Euclidiana (P),0.9956554174423218,0.5519642233848572,0.4436911940574646
12,22,1,Euclidiana (G),0.9956554174423218,0.26880279183387756,0.7268526256084442
12,22,1,Euclidiana (H),0.9956554174423218,0.37812286615371704,0.6175325512886047
12,22,1,Manhattan (P),0.9956554174423218,0.3895004391670227,0.6061549782752991
12,22,1,Manhattan (G),0.9956554174423218,0.8833289742469788,0.11232644319534302
12,22,1,Manhattan (H),0.9956554174423218,0.5450643301010132,0.4505910873413086
42,22,1,Minkowski (P),0.9887551069259644,0.9284417033195496,0.060313403606414795
42,22,1,Minkowski (G),0.9887551069259644,0.9190218448638916,0.06973326206207275
42,22,1,Minkowski (H),0.9887551069259644,0.812263548374176,0.17649155855178833
42,22,1,Euclidiana (P),0.9887551069259644,0.9717879891395569,0.01696711778640747
42,22,1,Euclidiana (G),0.9887551069259644,0.8038185834884644,0.1849365234375
42,22,1,Euclidiana (H),0.9887551069259644,0.829512357711792,0.15924274921417236
42,22,1,Manhattan (P),0.9887551069259644,0.8443876504898071,0.14436745643615723
42,22,1,Manhattan (G),0.9887551069259644,0.9839388728141785,0.004816234111785889
42,22,1,Manhattan (H),0.9887551069259644,0.4979480504989624,0.49080705642700195
65,22,1,Minkowski (P),0.9070863723754883,0.8338457942008972,0.07324057817459106
65,22,1,Minkowski (G),0.9070863723754883,0.8781222701072693,0.028964102268218994
65,22,1,Minkowski (H),0.9070863723754883,0.6509164571762085,0.2561699151992798
65,22,1,Euclidiana (P),0.9070863723754883,0.7629844546318054,0.14410191774368286
65,22,1,Euclidiana (G),0.9070863723754883,0.8992945551872253,0.0077918171882629395
65,22,1,Euclidiana (H),0.9070863723754883,0.7282903790473938,0.17879599332809448
65,22,1,Manhattan (P),0.9070863723754883,0.9304355978965759,-0.023349225521087646
65,22,1,Manhattan (G),0.9070863723754883,0.7599053978919983,0.14718097448349
65,22,1,Manhattan (H),0.9070863723754883,0.9456775188446045,-0.03859114646911621
87,22,1,Minkowski (P),0.9635462760925293,0.8659235239028931,0.09762275218963623
87,22,1,Minkowski (G),0.9635462760925293,0.7815392017364502,0.1820070743560791
87,22,1,Minkowski (H),0.9635462760925293,0.6830753684043884,0.28047090768814087
87,22,1,Euclidiana (P),0.9635462760925293,0.6374935507774353,0.326052725315094
87,22,1,Euclidiana (G),0.9635462760925293,0.3746706545352936,0.5888756215572357
87,22,1,Euclidiana (H),0.9635462760925293,0.6459093689918518,0.3176369071006775
87,22,1,Manhattan (P),0.9635462760925293,0.6210724115371704,0.3424738645553589
87,22,1,Manhattan (G),0.9635462760925293,0.642431378364563,0.3211148977279663
87,22,1,Manhattan (H),0.9635462760925293,0.7613062858581543,0.202239990234375
93,22,1,Minkowski (P),0.9858015179634094,0.9954752326011658,-0.009673714637756348
93,22,1,Minkowski (G),0.9858015179634094,0.5720006227493286,0.4138008952140808
93,22,1,Minkowski (H),0.9858015179634094,0.53971266746521,0.44608885049819946
93,22,1,Euclidiana (P),0.9858015179634094,0.6396802663803101,0.34612125158309937
93,22,1,Euclidiana (G),0.9858015179634094,0.529452383518219,0.45634913444519043
93,22,1,Euclidiana (H),0.9858015179634094,0.8407750725746155,0.14502644538879395
93,22,1,Manhattan (P),0.9858015179634094,0.5945839881896973,0.39121752977371216
93,22,1,Manhattan (G),0.9858015179634094,0.7602826952934265,0.2255188226699829
93,22,1,Manhattan (H),0.9858015179634094,0.838301420211792,0.14750009775161743
107,22,1,Minkowski (P),0.9930511713027954,0.4709159731864929,0.5221351981163025
107,22,1,Minkowski (G),0.9930511713027954,0.7075082063674927,0.28554296493530273
107,22,1,Minkowski (H),0.9930511713027954,0.8067742586135864,0.18627691268920898
107,22,1,Euclidiana (P),0.9930511713027954,0.7561833262443542,0.23686784505844116
107,22,1,Euclidiana (G),0.9930511713027954,0.8223942518234253,0.17065691947937012
107,22,1,Euclidiana (H),0.9930511713027954,0.6742442846298218,0.31880688667297363
107,22,1,Manhattan (P),0.9930511713027954,0.8477556109428406,0.14529556035995483
107,22,1,Manhattan (G),0.9930511713027954,0.8866212964057922,0.10642987489700317
107,22,1,Manhattan (H),0.9930511713027954,0.34767386317253113,0.6453773081302643
121,22,1,Minkowski (P),0.9891040325164795,0.45757079124450684,0.5315332412719727
121,22,1,Minkowski (G),0.9891040325164795,0.7767583727836609,0.2123456597328186
121,22,1,Minkowski (H),0.9891040325164795,0.735524594783783,0.25357943773269653
121,22,1,Euclidiana (P),0.9891040325164795,0.6648457050323486,0.32425832748413086
121,22,1,Euclidiana (G),0.9891040325164795,0.8195489645004272,0.16955506801605225
121,22,1,Euclidiana (H),0.9891040325164795,0.7083995342254639,0.2807044982910156
121,22,1,Manhattan (P),0.9891040325164795,0.7929736971855164,0.19613033533096313
121,22,1,Manhattan (G),0.9891040325164795,0.931740403175354,0.05736362934112549
121,22,1,Manhattan (H),0.9891040325164795,0.9954190254211426,-0.006314992904663086
7,23,1,Minkowski (P),0.20317240059375763,0.35301339626312256,-0.14984099566936493
7,23,1,Minkowski (G),0.20317240059375763,0.7323036193847656,-0.529131218791008
7,23,1,Minkowski (H),0.20317240059375763,0.6425114870071411,-0.4393390864133835
7,23,1,Euclidiana (P),0.20317240059375763,0.6078426241874695,-0.40467022359371185
7,23,1,Euclidiana (G),0.20317240059375763,0.7171468734741211,-0.5139744728803635
7,23,1,Euclidiana (H),0.20317240059375763,0.751464307308197,-0.5482919067144394
7,23,1,Manhattan (P),0.20317240059375763,0.46076539158821106,-0.25759299099445343
7,23,1,Manhattan (G),0.20317240059375763,0.9305535554885864,-0.7273811548948288
7,23,1,Manhattan (H),0.20317240059375763,0.6136580109596252,-0.4104856103658676
12,23,1,Minkowski (P),0.3272148668766022,0.3965012729167938,-0.06928640604019165
12,23,1,Minkowski (G),0.3272148668766022,0.38906002044677734,-0.06184515357017517
12,23,1,Minkowski (H),0.3272148668766022,0.8095800876617432,-0.482365220785141
12,23,1,Euclidiana (P),0.3272148668766022,0.8588869571685791,-0.5316720902919769
12,23,1,Euclidiana (G),0.3272148668766022,0.7957016825675964,-0.46848681569099426
12,23,1,Euclidiana (H),0.3272148668766022,0.8158507943153381,-0.48863592743873596
12,23,1,Manhattan (P),0.3272148668766022,0.7180401682853699,-0.3908253014087677
12,23,1,Manhattan (G),0.3272148668766022,0.9081600308418274,-0.5809451639652252
12,23,1,Manhattan (H),0.3272148668766022,0.7329199910163879,-0.40570512413978577
42,23,1,Minkowski (P),0.9486986398696899,0.9191371202468872,0.029561519622802734
42,23,1,Minkowski (G),0.9486986398696899,0.9846282005310059,-0.03592956066131592
42,23,1,Minkowski (H),0.9486986398696899,0.6688441634178162,0.2798544764518738
42,23,1,Euclidiana (P),0.9486986398696899,0.7602024674415588,0.1884961724281311
42,23,1,Euclidiana (G),0.9486986398696899,0.8587748408317566,0.08992379903793335
42,23,1,Euclidiana (H),0.9486986398696899,0.7611222267150879,0.18757641315460205
42,23,1,Manhattan (P),0.9486986398696899,0.8217983841896057,0.12690025568008423
42,23,1,Manhattan (G),0.9486986398696899,0.7060346007347107,0.24266403913497925
42,23,1,Manhattan (H),0.9486986398696899,0.8588848114013672,0.08981382846832275
65,23,1,Minkowski (P),0.23168669641017914,0.9185274243354797,-0.6868407279253006
65,23,1,Minkowski (G),0.23168669641017914,0.955978274345398,-0.7242915779352188
65,23,1,Minkowski (H),0.23168669641017914,0.8547202348709106,-0.6230335384607315
65,23,1,Euclidiana (P),0.23168669641017914,0.8204097747802734,-0.5887230783700943
65,23,1,Euclidiana (G),0.23168669641017914,0.9270811080932617,-0.6953944116830826
65,23,1,Euclidiana (H),0.23168669641017914,0.9518433809280396,-0.7201566845178604
65,23,1,Manhattan (P),0.23168669641017914,0.8567129969596863,-0.6250263005495071
65,23,1,Manhattan (G),0.23168669641017914,0.8851147890090942,-0.6534280925989151
65,23,1,Manhattan (H),0.23168669641017914,0.9382145404815674,-0.7065278440713882
87,23,1,Minkowski (P),0.9646735191345215,0.4630313813686371,0.5016421377658844
87,23,1,Minkowski (G),0.9646735191345215,0.15405969321727753,0.810613825917244
87,23,1,Minkowski (H),0.9646735191345215,0.781193733215332,0.18347978591918945
87,23,1,Euclidiana (P),0.9646735191345215,0.8465509414672852,0.11812257766723633
87,23,1,Euclidiana (G),0.9646735191345215,0.9003098011016846,0.06436371803283691
87,23,1,Euclidiana (H),0.9646735191345215,0.7605589628219604,0.20411455631256104
87,23,1,Manhattan (P),0.9646735191345215,0.5378670692443848,0.4268064498901367
87,23,1,Manhattan (G),0.9646735191345215,0.8401997685432434,0.12447375059127808
87,23,1,Manhattan (H),0.9646735191345215,0.874260663986206,0.09041285514831543
93,23,1,Minkowski (P),0.14436334371566772,0.36419185996055603,-0.2198285162448883
93,23,1,Minkowski (G),0.14436334371566772,0.9146234393119812,-0.7702600955963135
93,23,1,Minkowski (H),0.14436334371566772,0.585112988948822,-0.4407496452331543
93,23,1,Euclidiana (P),0.14436334371566772,0.6942881941795349,-0.5499248504638672
93,23,1,Euclidiana (G),0.14436334371566772,0.6942238211631775,-0.5498604774475098
93,23,1,Euclidiana (H),0.14436334371566772,0.6010266542434692,-0.4566633105278015
93,23,1,Manhattan (P),0.14436334371566772,0.7830963730812073,-0.6387330293655396
93,23,1,Manhattan (G),0.14436334371566772,0.6840988993644714,-0.5397355556488037
93,23,1,Manhattan (H),0.14436334371566772,0.8771702647209167,-0.732806921005249
107,23,1,Minkowski (P),0.1898333877325058,0.5580365061759949,-0.3682031184434891
107,23,1,Minkowski (G),0.1898333877325058,0.9660838842391968,-0.776250496506691
107,23,1,Minkowski (H),0.1898333877325058,0.6017804145812988,-0.41194702684879303
107,23,1,Euclidiana (P),0.1898333877325058,0.8206276893615723,-0.6307943016290665
107,23,1,Euclidiana (G),0.1898333877325058,0.8445734977722168,-0.654740110039711
107,23,1,Euclidiana (H),0.1898333877325058,0.7178648114204407,-0.5280314236879349
107,23,1,Manhattan (P),0.1898333877325058,0.9201614856719971,-0.7303280979394913
107,23,1,Manhattan (G),0.1898333877325058,0.9286538362503052,-0.7388204485177994
107,23,1,Manhattan (H),0.1898333877325058,0.9506720900535583,-0.7608387023210526
121,23,1,Minkowski (P),0.4778730273246765,0.6034122109413147,-0.12553918361663818
121,23,1,Minkowski (G),0.4778730273246765,0.9057217240333557,-0.4278486967086792
121,23,1,Minkowski (H),0.4778730273246765,0.7224030494689941,-0.24453002214431763
121,23,1,Euclidiana (P),0.4778730273246765,0.8844433426856995,-0.40657031536102295
121,23,1,Euclidiana (G),0.4778730273246765,0.8936959505081177,-0.41582292318344116
121,23,1,Euclidiana (H),0.4778730273246765,0.8400012850761414,-0.36212825775146484
121,23,1,Manhattan (P),0.4778730273246765,0.8136394619941711,-0.33576643466949463
121,23,1,Manhattan (G),0.4778730273246765,0.9145865440368652,-0.4367135167121887
121,23,1,Manhattan (H),0.4778730273246765,0.7591372728347778,-0.2812642455101013
7,24,1,Minkowski (P),0.9979488253593445,0.28557994961738586,0.7123688757419586
7,24,1,Minkowski (G),0.9979488253593445,0.03945890814065933,0.9584899172186852
7,24,1,Minkowski (H),0.9979488253593445,0.3857121169567108,0.6122367084026337
7,24,1,Euclidiana (P),0.9979488253593445,0.4413534998893738,0.5565953254699707
7,24,1,Euclidiana (G),0.9979488253593445,0.5154354572296143,0.4825133681297302
7,24,1,Euclidiana (H),0.9979488253593445,0.34922319650650024,0.6487256288528442
7,24,1,Manhattan (P),0.9979488253593445,0.28888949751853943,0.709059327840805
7,24,1,Manhattan (G),0.9979488253593445,0.3562737703323364,0.6416750550270081
7,24,1,Manhattan (H),0.9979488253593445,0.3859948217868805,0.611954003572464
12,24,1,Minkowski (P),0.9925357103347778,1.0,-0.007464289665222168
12,24,1,Minkowski (G),0.9925357103347778,0.38196560740470886,0.610570102930069
12,24,1,Minkowski (H),0.9925357103347778,0.30725061893463135,0.6852850914001465
12,24,1,Euclidiana (P),0.9925357103347778,0.45322149991989136,0.5393142104148865
12,24,1,Euclidiana (G),0.9925357103347778,0.19684895873069763,0.7956867516040802
12,24,1,Euclidiana (H),0.9925357103347778,0.36727896332740784,0.62525674700737
12,24,1,Manhattan (P),0.9925357103347778,0.24951693415641785,0.74301877617836
12,24,1,Manhattan (G),0.9925357103347778,0.6907014846801758,0.30183422565460205
12,24,1,Manhattan (H),0.9925357103347778,0.3535856604576111,0.6389500498771667
42,24,1,Minkowski (P),0.9952877759933472,0.26543569564819336,0.7298520803451538
42,24,1,Minkowski (G),0.9952877759933472,0.8816956877708435,0.11359208822250366
42,24,1,Minkowski (H),0.9952877759933472,0.8319759368896484,0.16331183910369873
42,24,1,Euclidiana (P),0.9952877759933472,0.895027756690979,0.10026001930236816
42,24,1,Euclidiana (G),0.9952877759933472,0.9024935364723206,0.09279423952102661
42,24,1,Euclidiana (H),0.9952877759933472,0.7800553441047668,0.21523243188858032
42,24,1,Manhattan (P),0.9952877759933472,0.8264838457107544,0.16880393028259277
42,24,1,Manhattan (G),0.9952877759933472,0.8860715627670288,0.10921621322631836
42,24,1,Manhattan (H),0.9952877759933472,0.8693035244941711,0.12598425149917603
65,24,1,Minkowski (P),0.9838652014732361,0.6146146059036255,0.3692505955696106
65,24,1,Minkowski (G),0.9838652014732361,0.7876180410385132,0.1962471604347229
65,24,1,Minkowski (H),0.9838652014732361,0.9743443727493286,0.00952082872390747
65,24,1,Euclidiana (P),0.9838652014732361,0.8942350745201111,0.089630126953125
65,24,1,Euclidiana (G),0.9838652014732361,0.8653887510299683,0.11847645044326782
65,24,1,Euclidiana (H),0.9838652014732361,0.9371771216392517,0.046688079833984375
65,24,1,Manhattan (P),0.9838652014732361,0.8830106258392334,0.10085457563400269
65,24,1,Manhattan (G),0.9838652014732361,0.8528151512145996,0.13105005025863647
65,24,1,Manhattan (H),0.9838652014732361,0.9376557469367981,0.04620945453643799
87,24,1,Minkowski (P),0.9698829650878906,1.0,-0.030117034912109375
87,24,1,Minkowski (G),0.9698829650878906,0.27448055148124695,0.6954024136066437
87,24,1,Minkowski (H),0.9698829650878906,0.5897536277770996,0.380129337310791
87,24,1,Euclidiana (P),0.9698829650878906,0.7409844398498535,0.2288985252380371
87,24,1,Euclidiana (G),0.9698829650878906,0.4688573479652405,0.5010256171226501
87,24,1,Euclidiana (H),0.9698829650878906,0.6624543070793152,0.30742865800857544
87,24,1,Manhattan (P),0.9698829650878906,0.6538572311401367,0.3160257339477539
87,24,1,Manhattan (G),0.9698829650878906,0.8415009379386902,0.12838202714920044
87,24,1,Manhattan (H),0.9698829650878906,0.7826336622238159,0.1872493028640747
93,24,1,Minkowski (P),0.9412462711334229,1.0,-0.05875372886657715
93,24,1,Minkowski (G),0.9412462711334229,0.7207186818122864,0.22052758932113647
93,24,1,Minkowski (H),0.9412462711334229,0.6273293495178223,0.3139169216156006
93,24,1,Euclidiana (P),0.9412462711334229,0.7468624114990234,0.19438385963439941
93,24,1,Euclidiana (G),0.9412462711334229,0.7028205990791321,0.23842567205429077
93,24,1,Euclidiana (H),0.9412462711334229,0.6667670011520386,0.2744792699813843
93,24,1,Manhattan (P),0.9412462711334229,0.43820685148239136,0.5030394196510315
93,24,1,Manhattan (G),0.9412462711334229,0.6402105093002319,0.3010357618331909
93,24,1,Manhattan (H),0.9412462711334229,0.861333429813385,0.07991284132003784
107,24,1,Minkowski (P),0.9809374213218689,0.3084971606731415,0.6724402606487274
107,24,1,Minkowski (G),0.9809374213218689,0.8306904435157776,0.1502469778060913
107,24,1,Minkowski (H),0.9809374213218689,0.7264961004257202,0.2544413208961487
107,24,1,Euclidiana (P),0.9809374213218689,0.7404659986495972,0.24047142267227173
107,24,1,Euclidiana (G),0.9809374213218689,0.8057841658592224,0.17515325546264648
107,24,1,Euclidiana (H),0.9809374213218689,0.6513721346855164,0.32956528663635254
107,24,1,Manhattan (P),0.9809374213218689,0.7359527945518494,0.24498462677001953
107,24,1,Manhattan (G),0.9809374213218689,0.7423080205917358,0.23862940073013306
107,24,1,Manhattan (H),0.9809374213218689,0.6994319558143616,0.2815054655075073
121,24,1,Minkowski (P),0.9978601336479187,0.9999034404754639,-0.002043306827545166
121,24,1,Minkowski (G),0.9978601336479187,0.6302659511566162,0.3675941824913025
121,24,1,Minkowski (H),0.9978601336479187,0.8171049952507019,0.1807551383972168
121,24,1,Euclidiana (P),0.9978601336479187,0.6411024332046509,0.3567577004432678
121,24,1,Euclidiana (G),0.9978601336479187,0.7827324867248535,0.21512764692306519
121,24,1,Euclidiana (H),0.9978601336479187,0.7383794188499451,0.25948071479797363
121,24,1,Manhattan (P),0.9978601336479187,0.859682559967041,0.13817757368087769
121,24,1,Manhattan (G),0.9978601336479187,0.9504432082176208,0.04741692543029785
121,24,1,Manhattan (H),0.9978601336479187,0.9153148531913757,0.08254528045654297
7,25,1,Minkowski (P),0.9988382458686829,0.343845397233963,0.6549928486347198
7,25,1,Minkowski (G),0.9988382458686829,0.0435311533510685,0.9553070925176144
7,25,1,Minkowski (H),0.9988382458686829,0.4046747386455536,0.5941635072231293
7,25,1,Euclidiana (P),0.9988382458686829,0.3121987581253052,0.6866394877433777
7,25,1,Euclidiana (G),0.9988382458686829,0.3875330686569214,0.6113051772117615
7,25,1,Euclidiana (H),0.9988382458686829,0.3459138572216034,0.6529243886470795
7,25,1,Manhattan (P),0.9988382458686829,0.2606707215309143,0.7381675243377686
7,25,1,Manhattan (G),0.9988382458686829,0.3846893310546875,0.6141489148139954
7,25,1,Manhattan (H),0.9988382458686829,0.46410486102104187,0.534733384847641
12,25,1,Minkowski (P),0.9989340901374817,1.0,-0.0010659098625183105
12,25,1,Minkowski (G),0.9989340901374817,0.3680436313152313,0.6308904588222504
12,25,1,Minkowski (H),0.9989340901374817,0.2714987099170685,0.7274353802204132
12,25,1,Euclidiana (P),0.9989340901374817,0.49208173155784607,0.5068523585796356
12,25,1,Euclidiana (G),0.9989340901374817,0.21905268728733063,0.7798814028501511
12,25,1,Euclidiana (H),0.9989340901374817,0.372636079788208,0.6262980103492737
12,25,1,Manhattan (P),0.9989340901374817,0.2397681474685669,0.7591659426689148
12,25,1,Manhattan (G),0.9989340901374817,0.7504562735557556,0.24847781658172607
12,25,1,Manhattan (H),0.9989340901374817,0.4117826819419861,0.5871514081954956
42,25,1,Minkowski (P),0.9996699094772339,0.2432885766029358,0.7563813328742981
42,25,1,Minkowski (G),0.9996699094772339,0.8908778429031372,0.10879206657409668
42,25,1,Minkowski (H),0.9996699094772339,0.9054664373397827,0.09420347213745117
42,25,1,Euclidiana (P),0.9996699094772339,0.9114028215408325,0.08826708793640137
42,25,1,Euclidiana (G),0.9996699094772339,0.8939287662506104,0.10574114322662354
42,25,1,Euclidiana (H),0.9996699094772339,0.7521402835845947,0.24752962589263916
42,25,1,Manhattan (P),0.9996699094772339,0.8845013380050659,0.11516857147216797
42,25,1,Manhattan (G),0.9996699094772339,0.9325257539749146,0.06714415550231934
42,25,1,Manhattan (H),0.9996699094772339,0.6753775477409363,0.3242923617362976
65,25,1,Minkowski (P),0.9592514634132385,0.643583357334137,0.31566810607910156
65,25,1,Minkowski (G),0.9592514634132385,0.7834485769271851,0.17580288648605347
65,25,1,Minkowski (H),0.9592514634132385,0.7853244543075562,0.17392700910568237
65,25,1,Euclidiana (P),0.9592514634132385,0.6993271112442017,0.25992435216903687
65,25,1,Euclidiana (G),0.9592514634132385,0.868096113204956,0.09115535020828247
65,25,1,Euclidiana (H),0.9592514634132385,0.9654538035392761,-0.006202340126037598
65,25,1,Manhattan (P),0.9592514634132385,0.793313205242157,0.16593825817108154
65,25,1,Manhattan (G),0.9592514634132385,0.9999645948410034,-0.04071313142776489
65,25,1,Manhattan (H),0.9592514634132385,0.9267582893371582,0.03249317407608032
87,25,1,Minkowski (P),0.9076022505760193,1.0,-0.09239774942398071
87,25,1,Minkowski (G),0.9076022505760193,0.5844610929489136,0.3231411576271057
87,25,1,Minkowski (H),0.9076022505760193,0.5025752782821655,0.40502697229385376
87,25,1,Euclidiana (P),0.9076022505760193,0.6862967610359192,0.2213054895401001
87,25,1,Euclidiana (G),0.9076022505760193,0.49712032079696655,0.41048192977905273
87,25,1,Euclidiana (H),0.9076022505760193,0.6467966437339783,0.260805606842041
87,25,1,Manhattan (P),0.9076022505760193,0.6280242204666138,0.2795780301094055
87,25,1,Manhattan (G),0.9076022505760193,0.8707403540611267,0.03686189651489258
87,25,1,Manhattan (H),0.9076022505760193,0.856426477432251,0.05117577314376831
93,25,1,Minkowski (P),0.9925081133842468,1.0,-0.007491886615753174
93,25,1,Minkowski (G),0.9925081133842468,0.6120688915252686,0.38043922185897827
93,25,1,Minkowski (H),0.9925081133842468,0.6809238791465759,0.3115842342376709
93,25,1,Euclidiana (P),0.9925081133842468,0.7292860150337219,0.2632220983505249
93,25,1,Euclidiana (G),0.9925081133842468,0.7207678556442261,0.27174025774002075
93,25,1,Euclidiana (H),0.9925081133842468,0.6718146204948425,0.3206934928894043
93,25,1,Manhattan (P),0.9925081133842468,0.5482754111289978,0.444232702255249
93,25,1,Manhattan (G),0.9925081133842468,0.6237502694129944,0.36875784397125244
93,25,1,Manhattan (H),0.9925081133842468,0.9298812747001648,0.06262683868408203
107,25,1,Minkowski (P),0.9874103665351868,0.27468758821487427,0.7127227783203125
107,25,1,Minkowski (G),0.9874103665351868,0.8933066725730896,0.09410369396209717
107,25,1,Minkowski (H),0.9874103665351868,0.7576264142990112,0.22978395223617554
107,25,1,Euclidiana (P),0.9874103665351868,0.722873866558075,0.2645364999771118
107,25,1,Euclidiana (G),0.9874103665351868,0.8450776934623718,0.14233267307281494
107,25,1,Euclidiana (H),0.9874103665351868,0.7547134160995483,0.23269695043563843
107,25,1,Manhattan (P),0.9874103665351868,0.7660487294197083,0.22136163711547852
107,25,1,Manhattan (G),0.9874103665351868,0.7520169615745544,0.23539340496063232
107,25,1,Manhattan (H),0.9874103665351868,0.6409516334533691,0.3464587330818176
121,25,1,Minkowski (P),0.9684129357337952,0.9999866485595703,-0.031573712825775146
121,25,1,Minkowski (G),0.9684129357337952,0.6315839290618896,0.3368290066719055
121,25,1,Minkowski (H),0.9684129357337952,0.7546648383140564,0.21374809741973877
121,25,1,Euclidiana (P),0.9684129357337952,0.6469115018844604,0.3215014338493347
121,25,1,Euclidiana (G),0.9684129357337952,0.8126985430717468,0.15571439266204834
121,25,1,Euclidiana (H),0.9684129357337952,0.6818514466285706,0.2865614891052246
121,25,1,Manhattan (P),0.9684129357337952,0.7772887945175171,0.19112414121627808
121,25,1,Manhattan (G),0.9684129357337952,0.9468242526054382,0.021588683128356934
121,25,1,Manhattan (H),0.9684129357337952,0.9147383570671082,0.05367457866668701
7,26,1,Minkowski (P),0.9839226603507996,0.858124852180481,0.1257978081703186
7,26,1,Minkowski (G),0.9839226603507996,1.0,-0.01607733964920044
7,26,1,Minkowski (H),0.9839226603507996,0.6768403053283691,0.3070823550224304
7,26,1,Euclidiana (P),0.9839226603507996,0.7167144417762756,0.2672082185745239
7,26,1,Euclidiana (G),0.9839226603507996,1.0,-0.01607733964920044
7,26,1,Euclidiana (H),0.9839226603507996,0.31087204813957214,0.6730506122112274
7,26,1,Manhattan (P),0.9839226603507996,0.6203500032424927,0.3635726571083069
7,26,1,Manhattan (G),0.9839226603507996,0.5669857859611511,0.41693687438964844
7,26,1,Manhattan (H),0.9839226603507996,0.5022956728935242,0.4816269874572754
12,26,1,Minkowski (P),0.2844350337982178,1.0,-0.7155649662017822
12,26,1,Minkowski (G),0.2844350337982178,0.6181597113609314,-0.3337246775627136
12,26,1,Minkowski (H),0.2844350337982178,0.6996338367462158,-0.41519880294799805
12,26,1,Euclidiana (P),0.2844350337982178,0.24288056790828705,0.041554465889930725
12,26,1,Euclidiana (G),0.2844350337982178,0.5270648002624512,-0.2426297664642334
12,26,1,Euclidiana (H),0.2844350337982178,0.22760003805160522,0.05683499574661255
12,26,1,Manhattan (P),0.2844350337982178,0.31324049830436707,-0.028805464506149292
12,26,1,Manhattan (G),0.2844350337982178,0.40310636162757874,-0.11867132782936096
12,26,1,Manhattan (H),0.2844350337982178,0.4760113060474396,-0.1915762722492218
42,26,1,Minkowski (P),0.9682037234306335,0.8004090189933777,0.16779470443725586
42,26,1,Minkowski (G),0.9682037234306335,0.5838412642478943,0.38436245918273926
42,26,1,Minkowski (H),0.9682037234306335,0.5727246999740601,0.3954790234565735
42,26,1,Euclidiana (P),0.9682037234306335,0.41622474789619446,0.5519789755344391
42,26,1,Euclidiana (G),0.9682037234306335,0.8125371336936951,0.15566658973693848
42,26,1,Euclidiana (H),0.9682037234306335,0.5735021233558655,0.39470160007476807
42,26,1,Manhattan (P),0.9682037234306335,0.45485934615135193,0.5133443772792816
42,26,1,Manhattan (G),0.9682037234306335,0.9379963278770447,0.030207395553588867
42,26,1,Manhattan (H),0.9682037234306335,0.6264872550964355,0.341716468334198
65,26,1,Minkowski (P),0.807305097579956,0.9284726977348328,-0.12116760015487671
65,26,1,Minkowski (G),0.807305097579956,0.9088286757469177,-0.10152357816696167
65,26,1,Minkowski (H),0.807305097579956,0.9994997978210449,-0.19219470024108887
65,26,1,Euclidiana (P),0.807305097579956,0.9372512698173523,-0.12994617223739624
65,26,1,Euclidiana (G),0.807305097579956,0.8498928546905518,-0.0425877571105957
65,26,1,Euclidiana (H),0.807305097579956,0.8361767530441284,-0.028871655464172363
65,26,1,Manhattan (P),0.807305097579956,0.9017703533172607,-0.09446525573730469
65,26,1,Manhattan (G),0.807305097579956,0.9977303147315979,-0.19042521715164185
65,26,1,Manhattan (H),0.807305097579956,0.6948163509368896,0.1124887466430664
87,26,1,Minkowski (P),0.9071648716926575,0.5567415952682495,0.35042327642440796
87,26,1,Minkowski (G),0.9071648716926575,0.41445475816726685,0.4927101135253906
87,26,1,Minkowski (H),0.9071648716926575,0.5043882727622986,0.4027765989303589
87,26,1,Euclidiana (P),0.9071648716926575,0.6798507571220398,0.22731411457061768
87,26,1,Euclidiana (G),0.9071648716926575,0.47949719429016113,0.42766767740249634
87,26,1,Euclidiana (H),0.9071648716926575,0.5027578473091125,0.4044070243835449
87,26,1,Manhattan (P),0.9071648716926575,0.4743814170360565,0.43278345465660095
87,26,1,Manhattan (G),0.9071648716926575,0.5042291879653931,0.4029356837272644
87,26,1,Manhattan (H),0.9071648716926575,0.44166943430900574,0.46549543738365173
93,26,1,Minkowski (P),0.5671460628509521,0.9990479350090027,-0.43190187215805054
93,26,1,Minkowski (G),0.5671460628509521,0.8917413949966431,-0.3245953321456909
93,26,1,Minkowski (H),0.5671460628509521,0.5870985388755798,-0.019952476024627686
93,26,1,Euclidiana (P),0.5671460628509521,0.7317968606948853,-0.1646507978439331
93,26,1,Euclidiana (G),0.5671460628509521,0.5180075764656067,0.04913848638534546
93,26,1,Euclidiana (H),0.5671460628509521,0.5499674677848816,0.017178595066070557
93,26,1,Manhattan (P),0.5671460628509521,0.7608259916305542,-0.19367992877960205
93,26,1,Manhattan (G),0.5671460628509521,0.6826026439666748,-0.11545658111572266
93,26,1,Manhattan (H),0.5671460628509521,0.6202035546302795,-0.05305749177932739
107,26,1,Minkowski (P),0.9233413934707642,0.4583434462547302,0.46499794721603394
107,26,1,Minkowski (G),0.9233413934707642,0.9090215563774109,0.014319837093353271
107,26,1,Minkowski (H),0.9233413934707642,0.42466768622398376,0.4986737072467804
107,26,1,Euclidiana (P),0.9233413934707642,0.47193580865859985,0.4514055848121643
107,26,1,Euclidiana (G),0.9233413934707642,0.7718410491943359,0.15150034427642822
107,26,1,Euclidiana (H),0.9233413934707642,0.6433430314064026,0.2799983620643616
107,26,1,Manhattan (P),0.9233413934707642,0.7234932780265808,0.19984811544418335
107,26,1,Manhattan (G),0.9233413934707642,0.6382749080657959,0.28506648540496826
107,26,1,Manhattan (H),0.9233413934707642,0.4873783588409424,0.4359630346298218
121,26,1,Minkowski (P),0.35096150636672974,0.28632983565330505,0.06463167071342468
121,26,1,Minkowski (G),0.35096150636672974,0.7961114645004272,-0.4451499581336975
121,26,1,Minkowski (H),0.35096150636672974,0.6846839189529419,-0.33372241258621216
121,26,1,Euclidiana (P),0.35096150636672974,0.4513406455516815,-0.10037913918495178
121,26,1,Euclidiana (G),0.35096150636672974,0.8069692254066467,-0.456007719039917
121,26,1,Euclidiana (H),0.35096150636672974,0.349443644285202,0.00151786208152771
121,26,1,Manhattan (P),0.35096150636672974,0.641616940498352,-0.2906554341316223
121,26,1,Manhattan (G),0.35096150636672974,0.515021562576294,-0.1640600562095642
121,26,1,Manhattan (H),0.35096150636672974,0.6467337012290955,-0.2957721948623657
7,27,1,Minkowski (P),0.6157628297805786,0.9843313694000244,-0.3685685396194458
7,27,1,Minkowski (G),0.6157628297805786,0.31121188402175903,0.3045509457588196
7,27,1,Minkowski (H),0.6157628297805786,0.38764557242393494,0.22811725735664368
7,27,1,Euclidiana (P),0.6157628297805786,0.4299699068069458,0.1857929229736328
7,27,1,Euclidiana (G),0.6157628297805786,0.3568030595779419,0.2589597702026367
7,27,1,Euclidiana (H),0.6157628297805786,0.5620973706245422,0.05366545915603638
7,27,1,Manhattan (P),0.6157628297805786,0.36227548122406006,0.25348734855651855
7,27,1,Manhattan (G),0.6157628297805786,0.5225182175636292,0.09324461221694946
7,27,1,Manhattan (H),0.6157628297805786,0.6414077877998352,-0.025644958019256592
12,27,1,Minkowski (P),0.7719230055809021,1.0,-0.2280769944190979
12,27,1,Minkowski (G),0.7719230055809021,0.29867157340049744,0.47325143218040466
12,27,1,Minkowski (H),0.7719230055809021,0.36536094546318054,0.40656206011772156
12,27,1,Euclidiana (P),0.7719230055809021,0.42301034927368164,0.34891265630722046
12,27,1,Euclidiana (G),0.7719230055809021,0.26721882820129395,0.5047041773796082
12,27,1,Euclidiana (H),0.7719230055809021,0.3733612596988678,0.3985617458820343
12,27,1,Manhattan (P),0.7719230055809021,0.31060758233070374,0.46131542325019836
12,27,1,Manhattan (G),0.7719230055809021,0.4934685528278351,0.278454452753067
12,27,1,Manhattan (H),0.7719230055809021,0.307136595249176,0.4647864103317261
42,27,1,Minkowski (P),0.8370702266693115,0.7596563696861267,0.07741385698318481
42,27,1,Minkowski (G),0.8370702266693115,0.747983455657959,0.08908677101135254
42,27,1,Minkowski (H),0.8370702266693115,0.7856306433677673,0.05143958330154419
42,27,1,Euclidiana (P),0.8370702266693115,0.5399157404899597,0.2971544861793518
42,27,1,Euclidiana (G),0.8370702266693115,0.8108433485031128,0.02622687816619873
42,27,1,Euclidiana (H),0.8370702266693115,0.6915416717529297,0.14552855491638184
42,27,1,Manhattan (P),0.8370702266693115,0.7178998589515686,0.11917036771774292
42,27,1,Manhattan (G),0.8370702266693115,0.8922919631004333,-0.055221736431121826
42,27,1,Manhattan (H),0.8370702266693115,0.777730405330658,0.059339821338653564
65,27,1,Minkowski (P),0.38115835189819336,0.93523770570755,-0.5540793538093567
65,27,1,Minkowski (G),0.38115835189819336,0.7904254794120789,-0.4092671275138855
65,27,1,Minkowski (H),0.38115835189819336,0.9124341011047363,-0.531275749206543
65,27,1,Euclidiana (P),0.38115835189819336,0.9156474471092224,-0.534489095211029
65,27,1,Euclidiana (G),0.38115835189819336,0.9229019284248352,-0.5417435765266418
65,27,1,Euclidiana (H),0.38115835189819336,0.8959934711456299,-0.5148351192474365
65,27,1,Manhattan (P),0.38115835189819336,0.7644426226615906,-0.3832842707633972
65,27,1,Manhattan (G),0.38115835189819336,0.957934558391571,-0.5767762064933777
65,27,1,Manhattan (H),0.38115835189819336,0.9132535457611084,-0.532095193862915
87,27,1,Minkowski (P),0.9861171841621399,0.48484355211257935,0.5012736320495605
87,27,1,Minkowski (G),0.9861171841621399,0.5404285788536072,0.4456886053085327
87,27,1,Minkowski (H),0.9861171841621399,0.6299945712089539,0.35612261295318604
87,27,1,Euclidiana (P),0.9861171841621399,0.7710922956466675,0.2150248885154724
87,27,1,Euclidiana (G),0.9861171841621399,0.7072792649269104,0.2788379192352295
87,27,1,Euclidiana (H),0.9861171841621399,0.4941992461681366,0.4919179379940033
87,27,1,Manhattan (P),0.9861171841621399,0.6988765001296997,0.2872406840324402
87,27,1,Manhattan (G),0.9861171841621399,0.7053014039993286,0.2808157801628113
87,27,1,Manhattan (H),0.9861171841621399,0.7563780546188354,0.22973912954330444
93,27,1,Minkowski (P),0.5674870610237122,0.9969745874404907,-0.42948752641677856
93,27,1,Minkowski (G),0.5674870610237122,0.5453605055809021,0.02212655544281006
93,27,1,Minkowski (H),0.5674870610237122,0.7171642780303955,-0.14967721700668335
93,27,1,Euclidiana (P),0.5674870610237122,0.686227560043335,-0.1187404990196228
93,27,1,Euclidiana (G),0.5674870610237122,0.6349794864654541,-0.06749242544174194
93,27,1,Euclidiana (H),0.5674870610237122,0.7492368221282959,-0.18174976110458374
93,27,1,Manhattan (P),0.5674870610237122,0.6495615243911743,-0.08207446336746216
93,27,1,Manhattan (G),0.5674870610237122,0.5436423420906067,0.02384471893310547
93,27,1,Manhattan (H),0.5674870610237122,0.5836874842643738,-0.01620042324066162
107,27,1,Minkowski (P),0.7527247071266174,0.579885721206665,0.1728389859199524
107,27,1,Minkowski (G),0.7527247071266174,0.786307156085968,-0.033582448959350586
107,27,1,Minkowski (H),0.7527247071266174,0.7011967301368713,0.051527976989746094
107,27,1,Euclidiana (P),0.7527247071266174,0.3512674570083618,0.4014572501182556
107,27,1,Euclidiana (G),0.7527247071266174,0.8079826235771179,-0.05525791645050049
107,27,1,Euclidiana (H),0.7527247071266174,0.5197232961654663,0.23300141096115112
107,27,1,Manhattan (P),0.7527247071266174,0.8153569102287292,-0.06263220310211182
107,27,1,Manhattan (G),0.7527247071266174,0.643747866153717,0.10897684097290039
107,27,1,Manhattan (H),0.7527247071266174,0.6169967651367188,0.13572794198989868
121,27,1,Minkowski (P),0.7820641994476318,0.3202410042285919,0.4618231952190399
121,27,1,Minkowski (G),0.7820641994476318,0.5942941308021545,0.1877700686454773
121,27,1,Minkowski (H),0.7820641994476318,0.6990708112716675,0.08299338817596436
121,27,1,Euclidiana (P),0.7820641994476318,0.33976083993911743,0.4423033595085144
121,27,1,Euclidiana (G),0.7820641994476318,0.8395439386367798,-0.05747973918914795
121,27,1,Euclidiana (H),0.7820641994476318,0.5795862674713135,0.20247793197631836
121,27,1,Manhattan (P),0.7820641994476318,0.8098781704902649,-0.027813971042633057
121,27,1,Manhattan (G),0.7820641994476318,0.9073686599731445,-0.1253044605255127
121,27,1,Manhattan (H),0.7820641994476318,0.9756778478622437,-0.19361364841461182
7,28,1,Minkowski (P),0.9336693286895752,0.9998658895492554,-0.06619656085968018
7,28,1,Minkowski (G),0.9336693286895752,1.0,-0.0663306713104248
7,28,1,Minkowski (H),0.9336693286895752,1.0,-0.0663306713104248
7,28,1,Euclidiana (P),0.9336693286895752,0.6994850039482117,0.23418432474136353
7,28,1,Euclidiana (G),0.9336693286895752,6.078513387075546e-11,0.93366932862879
7,28,1,Euclidiana (H),0.9336693286895752,0.4855741560459137,0.4480951726436615
7,28,1,Manhattan (P),0.9336693286895752,0.49218347668647766,0.44148585200309753
7,28,1,Manhattan (G),0.9336693286895752,0.28095510601997375,0.6527142226696014
7,28,1,Manhattan (H),0.9336693286895752,0.6805034279823303,0.2531659007072449
12,28,1,Minkowski (P),0.9517058730125427,1.0,-0.048294126987457275
12,28,1,Minkowski (G),0.9517058730125427,1.0,-0.048294126987457275
12,28,1,Minkowski (H),0.9517058730125427,0.6532412767410278,0.2984645962715149
12,28,1,Euclidiana (P),0.9517058730125427,0.4907185435295105,0.4609873294830322
12,28,1,Euclidiana (G),0.9517058730125427,0.9951989054679871,-0.043493032455444336
12,28,1,Euclidiana (H),0.9517058730125427,0.49607473611831665,0.4556311368942261
12,28,1,Manhattan (P),0.9517058730125427,0.8322352170944214,0.11947065591812134
12,28,1,Manhattan (G),0.9517058730125427,0.983763575553894,-0.03205770254135132
12,28,1,Manhattan (H),0.9517058730125427,0.8836012482643127,0.06810462474822998
42,28,1,Minkowski (P),0.9385615587234497,0.4099445641040802,0.5286169946193695
42,28,1,Minkowski (G),0.9385615587234497,0.9930620789527893,-0.0545005202293396
42,28,1,Minkowski (H),0.9385615587234497,0.4415925145149231,0.4969690442085266
42,28,1,Euclidiana (P),0.9385615587234497,0.831850528717041,0.10671103000640869
42,28,1,Euclidiana (G),0.9385615587234497,0.8156474828720093,0.12291407585144043
42,28,1,Euclidiana (H),0.9385615587234497,0.3782860338687897,0.56027552485466
42,28,1,Manhattan (P),0.9385615587234497,0.42281845211982727,0.5157431066036224
42,28,1,Manhattan (G),0.9385615587234497,0.7147822380065918,0.2237793207168579
42,28,1,Manhattan (H),0.9385615587234497,0.9859522581100464,-0.04739069938659668
65,28,1,Minkowski (P),0.9814060926437378,0.7446786761283875,0.23672741651535034
65,28,1,Minkowski (G),0.9814060926437378,0.9627298712730408,0.01867622137069702
65,28,1,Minkowski (H),0.9814060926437378,0.9639192223548889,0.017486870288848877
65,28,1,Euclidiana (P),0.9814060926437378,0.9539535641670227,0.027452528476715088
65,28,1,Euclidiana (G),0.9814060926437378,0.8594585061073303,0.12194758653640747
65,28,1,Euclidiana (H),0.9814060926437378,0.9812701940536499,0.00013589859008789062
65,28,1,Manhattan (P),0.9814060926437378,0.9445491433143616,0.03685694932937622
65,28,1,Manhattan (G),0.9814060926437378,0.9966856837272644,-0.015279591083526611
65,28,1,Manhattan (H),0.9814060926437378,0.7878456115722656,0.19356048107147217
87,28,1,Minkowski (P),0.9886218905448914,0.5090367197990417,0.4795851707458496
87,28,1,Minkowski (G),0.9886218905448914,0.5881370902061462,0.4004848003387451
87,28,1,Minkowski (H),0.9886218905448914,0.4416772425174713,0.54694464802742
87,28,1,Euclidiana (P),0.9886218905448914,0.7054852843284607,0.28313660621643066
87,28,1,Euclidiana (G),0.9886218905448914,0.5689697861671448,0.4196521043777466
87,28,1,Euclidiana (H),0.9886218905448914,0.5750541090965271,0.41356778144836426
87,28,1,Manhattan (P),0.9886218905448914,0.45529627799987793,0.5333256125450134
87,28,1,Manhattan (G),0.9886218905448914,0.48314979672431946,0.5054720938205719
87,28,1,Manhattan (H),0.9886218905448914,0.7791935205459595,0.20942836999893188
93,28,1,Minkowski (P),0.9193835258483887,1.0,-0.08061647415161133
93,28,1,Minkowski (G),0.9193835258483887,0.8096615076065063,0.10972201824188232
93,28,1,Minkowski (H),0.9193835258483887,0.6364599466323853,0.2829235792160034
93,28,1,Euclidiana (P),0.9193835258483887,0.7159461379051208,0.20343738794326782
93,28,1,Euclidiana (G),0.9193835258483887,0.6651389002799988,0.2542446255683899
93,28,1,Euclidiana (H),0.9193835258483887,0.5585454702377319,0.36083805561065674
93,28,1,Manhattan (P),0.9193835258483887,0.6363646388053894,0.28301888704299927
93,28,1,Manhattan (G),0.9193835258483887,0.6650030016899109,0.2543805241584778
93,28,1,Manhattan (H),0.9193835258483887,0.9999986886978149,-0.08061516284942627
107,28,1,Minkowski (P),0.8788596391677856,0.5014387369155884,0.37742090225219727
107,28,1,Minkowski (G),0.8788596391677856,0.542823076248169,0.3360365629196167
107,28,1,Minkowski (H),0.8788596391677856,0.4271389842033386,0.451720654964447
107,28,1,Euclidiana (P),0.8788596391677856,0.5183429718017578,0.36051666736602783
107,28,1,Euclidiana (G),0.8788596391677856,0.7023258805274963,0.1765337586402893
107,28,1,Euclidiana (H),0.8788596391677856,0.9275278449058533,-0.04866820573806763
107,28,1,Manhattan (P),0.8788596391677856,0.543058454990387,0.3358011841773987
107,28,1,Manhattan (G),0.8788596391677856,0.30812355875968933,0.5707360804080963
107,28,1,Manhattan (H),0.8788596391677856,0.2671927511692047,0.6116668879985809
121,28,1,Minkowski (P),0.9665570855140686,0.34255674481391907,0.6240003407001495
121,28,1,Minkowski (G),0.9665570855140686,0.9999957084655762,-0.03343862295150757
121,28,1,Minkowski (H),0.9665570855140686,0.8780826330184937,0.08847445249557495
121,28,1,Euclidiana (P),0.9665570855140686,0.5428135395050049,0.4237435460090637
121,28,1,Euclidiana (G),0.9665570855140686,0.5498484969139099,0.4167085886001587
121,28,1,Euclidiana (H),0.9665570855140686,0.5343153476715088,0.4322417378425598
121,28,1,Manhattan (P),0.9665570855140686,0.29280123114585876,0.6737558543682098
121,28,1,Manhattan (G),0.9665570855140686,0.4594157934188843,0.5071412920951843
121,28,1,Manhattan (H),0.9665570855140686,0.4434698820114136,0.523087203502655
7,29,1,Minkowski (P),0.9279457330703735,0.9999994039535522,-0.07205367088317871
7,29,1,Minkowski (G),0.9279457330703735,0.999996542930603,-0.07205080986022949
7,29,1,Minkowski (H),0.9279457330703735,0.5380188226699829,0.3899269104003906
7,29,1,Euclidiana (P),0.9279457330703735,0.5952715277671814,0.33267420530319214
7,29,1,Euclidiana (G),0.9279457330703735,0.026655148714780807,0.9012905843555927
7,29,1,Euclidiana (H),0.9279457330703735,0.37772589921951294,0.5502198338508606
7,29,1,Manhattan (P),0.9279457330703735,0.5376546382904053,0.39029109477996826
7,29,1,Manhattan (G),0.9279457330703735,0.5070759654045105,0.42086976766586304
7,29,1,Manhattan (H),0.9279457330703735,0.4267885386943817,0.5011571943759918
12,29,1,Minkowski (P),0.9991936087608337,0.9344442486763,0.06474936008453369
12,29,1,Minkowski (G),0.9991936087608337,0.9958527088165283,0.00334089994430542
12,29,1,Minkowski (H),0.9991936087608337,0.32236042618751526,0.6768331825733185
12,29,1,Euclidiana (P),0.9991936087608337,0.5622659921646118,0.4369276165962219
12,29,1,Euclidiana (G),0.9991936087608337,0.1714676469564438,0.82772596180439
12,29,1,Euclidiana (H),0.9991936087608337,0.23579877614974976,0.763394832611084
12,29,1,Manhattan (P),0.9991936087608337,0.23186485469341278,0.767328754067421
12,29,1,Manhattan (G),0.9991936087608337,0.5567989349365234,0.4423946738243103
12,29,1,Manhattan (H),0.9991936087608337,0.4502658247947693,0.5489277839660645
42,29,1,Minkowski (P),0.9733778238296509,0.36287057399749756,0.6105072498321533
42,29,1,Minkowski (G),0.9733778238296509,0.7356598377227783,0.23771798610687256
42,29,1,Minkowski (H),0.9733778238296509,0.9453211426734924,0.028056681156158447
42,29,1,Euclidiana (P),0.9733778238296509,0.9081418514251709,0.06523597240447998
42,29,1,Euclidiana (G),0.9733778238296509,0.8282468914985657,0.1451309323310852
42,29,1,Euclidiana (H),0.9733778238296509,0.8789194226264954,0.09445840120315552
42,29,1,Manhattan (P),0.9733778238296509,0.9234934449195862,0.0498843789100647
42,29,1,Manhattan (G),0.9733778238296509,0.9959757924079895,-0.022597968578338623
42,29,1,Manhattan (H),0.9733778238296509,0.8629109859466553,0.1104668378829956
65,29,1,Minkowski (P),0.9469149708747864,0.8766115307807922,0.07030344009399414
65,29,1,Minkowski (G),0.9469149708747864,0.7747892737388611,0.1721256971359253
65,29,1,Minkowski (H),0.9469149708747864,0.9729120135307312,-0.025997042655944824
65,29,1,Euclidiana (P),0.9469149708747864,0.9726485013961792,-0.025733530521392822
65,29,1,Euclidiana (G),0.9469149708747864,0.8486636877059937,0.09825128316879272
65,29,1,Euclidiana (H),0.9469149708747864,0.9648253321647644,-0.017910361289978027
65,29,1,Manhattan (P),0.9469149708747864,0.9811339378356934,-0.03421896696090698
65,29,1,Manhattan (G),0.9469149708747864,0.9697906970977783,-0.022875726222991943
65,29,1,Manhattan (H),0.9469149708747864,0.9554019570350647,-0.00848698616027832
87,29,1,Minkowski (P),0.8342269062995911,0.24032387137413025,0.5939030349254608
87,29,1,Minkowski (G),0.8342269062995911,0.6688600182533264,0.16536688804626465
87,29,1,Minkowski (H),0.8342269062995911,0.6028424501419067,0.23138445615768433
87,29,1,Euclidiana (P),0.8342269062995911,0.6090810894966125,0.22514581680297852
87,29,1,Euclidiana (G),0.8342269062995911,0.5174218416213989,0.31680506467819214
87,29,1,Euclidiana (H),0.8342269062995911,0.58738112449646,0.2468457818031311
87,29,1,Manhattan (P),0.8342269062995911,0.5805597901344299,0.25366711616516113
87,29,1,Manhattan (G),0.8342269062995911,0.7594898343086243,0.0747370719909668
87,29,1,Manhattan (H),0.8342269062995911,0.8773120641708374,-0.04308515787124634
93,29,1,Minkowski (P),0.9260161519050598,1.0,-0.07398384809494019
93,29,1,Minkowski (G),0.9260161519050598,0.8694785237312317,0.056537628173828125
93,29,1,Minkowski (H),0.9260161519050598,0.57015061378479,0.3558655381202698
93,29,1,Euclidiana (P),0.9260161519050598,0.7807096242904663,0.1453065276145935
93,29,1,Euclidiana (G),0.9260161519050598,0.632336437702179,0.29367971420288086
93,29,1,Euclidiana (H),0.9260161519050598,0.5535698533058167,0.37244629859924316
93,29,1,Manhattan (P),0.9260161519050598,0.4763976037502289,0.44961854815483093
93,29,1,Manhattan (G),0.9260161519050598,0.8424864411354065,0.08352971076965332
93,29,1,Manhattan (H),0.9260161519050598,0.8838469386100769,0.04216921329498291
107,29,1,Minkowski (P),0.9144633412361145,0.41988617181777954,0.49457716941833496
107,29,1,Minkowski (G),0.9144633412361145,0.940997838973999,-0.02653449773788452
107,29,1,Minkowski (H),0.9144633412361145,0.77321457862854,0.14124876260757446
107,29,1,Euclidiana (P),0.9144633412361145,0.9403201341629028,-0.02585679292678833
107,29,1,Euclidiana (G),0.9144633412361145,0.8493759036064148,0.06508743762969971
107,29,1,Euclidiana (H),0.9144633412361145,0.8020606637001038,0.11240267753601074
107,29,1,Manhattan (P),0.9144633412361145,0.9061701893806458,0.00829315185546875
107,29,1,Manhattan (G),0.9144633412361145,0.9689332246780396,-0.05446988344192505
107,29,1,Manhattan (H),0.9144633412361145,0.7798356413841248,0.13462769985198975
121,29,1,Minkowski (P),0.9379493594169617,0.28637492656707764,0.651574432849884
121,29,1,Minkowski (G),0.9379493594169617,0.4310077428817749,0.5069416165351868
121,29,1,Minkowski (H),0.9379493594169617,0.8868229985237122,0.05112636089324951
121,29,1,Euclidiana (P),0.9379493594169617,0.5170148015022278,0.4209345579147339
121,29,1,Euclidiana (G),0.9379493594169617,0.7589702010154724,0.17897915840148926
121,29,1,Euclidiana (H),0.9379493594169617,0.8777123093605042,0.06023705005645752
121,29,1,Manhattan (P),0.9379493594169617,0.799685001373291,0.13826435804367065
121,29,1,Manhattan (G),0.9379493594169617,0.9746355414390564,-0.03668618202209473
121,29,1,Manhattan (H),0.9379493594169617,0.6709541082382202,0.26699525117874146
7,30,1,Minkowski (P),0.998576283454895,0.9998939037322998,-0.0013176202774047852
7,30,1,Minkowski (G),0.998576283454895,0.0018478984711691737,0.9967283849837258
7,30,1,Minkowski (H),0.998576283454895,0.5272353887557983,0.4713408946990967
7,30,1,Euclidiana (P),0.998576283454895,0.4165757894515991,0.5820004940032959
7,30,1,Euclidiana (G),0.998576283454895,0.05926206707954407,0.939314216375351
7,30,1,Euclidiana (H),0.998576283454895,0.4772638976573944,0.5213123857975006
7,30,1,Manhattan (P),0.998576283454895,0.3272119164466858,0.6713643670082092
7,30,1,Manhattan (G),0.998576283454895,0.48250144720077515,0.5160748362541199
7,30,1,Manhattan (H),0.998576283454895,0.3907087445259094,0.6078675389289856
12,30,1,Minkowski (P),0.9990405440330505,1.0,-0.0009594559669494629
12,30,1,Minkowski (G),0.9990405440330505,0.7347637414932251,0.26427680253982544
12,30,1,Minkowski (H),0.9990405440330505,0.33944159746170044,0.6595989465713501
12,30,1,Euclidiana (P),0.9990405440330505,0.27473700046539307,0.7243035435676575
12,30,1,Euclidiana (G),0.9990405440330505,0.2735757827758789,0.7254647612571716
12,30,1,Euclidiana (H),0.9990405440330505,0.3162059783935547,0.6828345656394958
12,30,1,Manhattan (P),0.9990405440330505,0.2477463036775589,0.7512942403554916
12,30,1,Manhattan (G),0.9990405440330505,0.5859997868537903,0.41304075717926025
12,30,1,Manhattan (H),0.9990405440330505,0.3872224986553192,0.6118180453777313
42,30,1,Minkowski (P),0.9957650899887085,0.34628719091415405,0.6494778990745544
42,30,1,Minkowski (G),0.9957650899887085,0.8552935719490051,0.14047151803970337
42,30,1,Minkowski (H),0.9957650899887085,0.8849190473556519,0.11084604263305664
42,30,1,Euclidiana (P),0.9957650899887085,0.9043921232223511,0.09137296676635742
42,30,1,Euclidiana (G),0.9957650899887085,0.9194934964179993,0.07627159357070923
42,30,1,Euclidiana (H),0.9957650899887085,0.7981188893318176,0.19764620065689087
42,30,1,Manhattan (P),0.9957650899887085,0.9034940600395203,0.09227102994918823
42,30,1,Manhattan (G),0.9957650899887085,0.9332444667816162,0.06252062320709229
42,30,1,Manhattan (H),0.9957650899887085,0.8092949986457825,0.18647009134292603
65,30,1,Minkowski (P),0.9736228585243225,0.6918466687202454,0.28177618980407715
65,30,1,Minkowski (G),0.9736228585243225,0.7203649878501892,0.2532578706741333
65,30,1,Minkowski (H),0.9736228585243225,0.9774509072303772,-0.0038280487060546875
65,30,1,Euclidiana (P),0.9736228585243225,0.8535290956497192,0.12009376287460327
65,30,1,Euclidiana (G),0.9736228585243225,0.8322229981422424,0.14139986038208008
65,30,1,Euclidiana (H),0.9736228585243225,0.9533840417861938,0.020238816738128662
65,30,1,Manhattan (P),0.9736228585243225,0.9658877849578857,0.007735073566436768
65,30,1,Manhattan (G),0.9736228585243225,0.9999347925186157,-0.026311933994293213
65,30,1,Manhattan (H),0.9736228585243225,0.9025577306747437,0.07106512784957886
87,30,1,Minkowski (P),0.8621240854263306,0.1511162370443344,0.7110078483819962
87,30,1,Minkowski (G),0.8621240854263306,0.35295677185058594,0.5091673135757446
87,30,1,Minkowski (H),0.8621240854263306,0.5642296671867371,0.2978944182395935
87,30,1,Euclidiana (P),0.8621240854263306,0.6418282985687256,0.22029578685760498
87,30,1,Euclidiana (G),0.8621240854263306,0.5819762945175171,0.2801477909088135
87,30,1,Euclidiana (H),0.8621240854263306,0.5331246256828308,0.32899945974349976
87,30,1,Manhattan (P),0.8621240854263306,0.6313982605934143,0.23072582483291626
87,30,1,Manhattan (G),0.8621240854263306,0.747021496295929,0.11510258913040161
87,30,1,Manhattan (H),0.8621240854263306,0.870964527130127,-0.008840441703796387
93,30,1,Minkowski (P),0.965039074420929,1.0,-0.034960925579071045
93,30,1,Minkowski (G),0.965039074420929,0.7119805216789246,0.2530585527420044
93,30,1,Minkowski (H),0.965039074420929,0.6876983642578125,0.27734071016311646
93,30,1,Euclidiana (P),0.965039074420929,0.7518338561058044,0.2132052183151245
93,30,1,Euclidiana (G),0.965039074420929,0.5971891283988953,0.3678499460220337
93,30,1,Euclidiana (H),0.965039074420929,0.660940408706665,0.3040986657142639
93,30,1,Manhattan (P),0.965039074420929,0.5717720985412598,0.3932669758796692
93,30,1,Manhattan (G),0.965039074420929,0.6490921974182129,0.31594687700271606
93,30,1,Manhattan (H),0.965039074420929,0.8639301657676697,0.10110890865325928
107,30,1,Minkowski (P),0.9829528331756592,0.6736026406288147,0.3093501925468445
107,30,1,Minkowski (G),0.9829528331756592,0.8524259924888611,0.1305268406867981
107,30,1,Minkowski (H),0.9829528331756592,0.8005162477493286,0.18243658542633057
107,30,1,Euclidiana (P),0.9829528331756592,0.7561041712760925,0.22684866189956665
107,30,1,Euclidiana (G),0.9829528331756592,0.763925313949585,0.21902751922607422
107,30,1,Euclidiana (H),0.9829528331756592,0.7591437101364136,0.2238091230392456
107,30,1,Manhattan (P),0.9829528331756592,0.7993183732032776,0.1836344599723816
107,30,1,Manhattan (G),0.9829528331756592,0.6854106783866882,0.29754215478897095
107,30,1,Manhattan (H),0.9829528331756592,0.5815756320953369,0.40137720108032227
121,30,1,Minkowski (P),0.9162631630897522,0.8334416151046753,0.0828215479850769
121,30,1,Minkowski (G),0.9162631630897522,0.6325517892837524,0.28371137380599976
121,30,1,Minkowski (H),0.9162631630897522,0.7112107276916504,0.2050524353981018
121,30,1,Euclidiana (P),0.9162631630897522,0.650966227054596,0.26529693603515625
121,30,1,Euclidiana (G),0.9162631630897522,0.8411852717399597,0.07507789134979248
121,30,1,Euclidiana (H),0.9162631630897522,0.6502364277839661,0.26602673530578613
121,30,1,Manhattan (P),0.9162631630897522,0.7930148839950562,0.12324827909469604
121,30,1,Manhattan (G),0.9162631630897522,0.9556841254234314,-0.0394209623336792
121,30,1,Manhattan (H),0.9162631630897522,0.9453146457672119,-0.029051482677459717
7,31,1,Minkowski (P),0.9978349804878235,0.9996123909950256,-0.0017774105072021484
7,31,1,Minkowski (G),0.9978349804878235,0.25151780247688293,0.7463171780109406
7,31,1,Minkowski (H),0.9978349804878235,0.5317215323448181,0.46611344814300537
7,31,1,Euclidiana (P),0.9978349804878235,0.357784628868103,0.6400503516197205
7,31,1,Euclidiana (G),0.9978349804878235,0.4651055932044983,0.5327293872833252
7,31,1,Euclidiana (H),0.9978349804878235,0.5251865386962891,0.4726484417915344
7,31,1,Manhattan (P),0.9978349804878235,0.4317498207092285,0.566085159778595
7,31,1,Manhattan (G),0.9978349804878235,0.8152727484703064,0.1825622320175171
7,31,1,Manhattan (H),0.9978349804878235,0.5826308131217957,0.41520416736602783
12,31,1,Minkowski (P),0.9976956248283386,0.9987769722938538,-0.0010813474655151367
12,31,1,Minkowski (G),0.9976956248283386,0.4012455344200134,0.5964500904083252
12,31,1,Minkowski (H),0.9976956248283386,0.546987771987915,0.4507078528404236
12,31,1,Euclidiana (P),0.9976956248283386,0.4893089532852173,0.5083866715431213
12,31,1,Euclidiana (G),0.9976956248283386,0.30341655015945435,0.6942790746688843
12,31,1,Euclidiana (H),0.9976956248283386,0.502230703830719,0.49546492099761963
12,31,1,Manhattan (P),0.9976956248283386,0.2422814965248108,0.7554141283035278
12,31,1,Manhattan (G),0.9976956248283386,0.9086636900901794,0.08903193473815918
12,31,1,Manhattan (H),0.9976956248283386,0.38785868883132935,0.6098369359970093
42,31,1,Minkowski (P),0.9986945986747742,0.27981480956077576,0.7188797891139984
42,31,1,Minkowski (G),0.9986945986747742,0.9346864223480225,0.06400817632675171
42,31,1,Minkowski (H),0.9986945986747742,0.809982180595398,0.18871241807937622
42,31,1,Euclidiana (P),0.9986945986747742,0.9027919173240662,0.09590268135070801
42,31,1,Euclidiana (G),0.9986945986747742,0.9171044826507568,0.08159011602401733
42,31,1,Euclidiana (H),0.9986945986747742,0.8710916042327881,0.12760299444198608
42,31,1,Manhattan (P),0.9986945986747742,0.8853598237037659,0.1133347749710083
42,31,1,Manhattan (G),0.9986945986747742,0.9187659621238708,0.07992863655090332
42,31,1,Manhattan (H),0.9986945986747742,0.7553067207336426,0.2433878779411316
65,31,1,Minkowski (P),0.9870976805686951,0.7263611555099487,0.26073652505874634
65,31,1,Minkowski (G),0.9870976805686951,0.8482428789138794,0.13885480165481567
65,31,1,Minkowski (H),0.9870976805686951,0.8202024102210999,0.16689527034759521
65,31,1,Euclidiana (P),0.9870976805686951,0.6877331137657166,0.2993645668029785
65,31,1,Euclidiana (G),0.9870976805686951,0.928220808506012,0.058876872062683105
65,31,1,Euclidiana (H),0.9870976805686951,0.9637652635574341,0.023332417011260986
65,31,1,Manhattan (P),0.9870976805686951,0.8706285357475281,0.11646914482116699
65,31,1,Manhattan (G),0.9870976805686951,0.8178948163986206,0.16920286417007446
65,31,1,Manhattan (H),0.9870976805686951,0.9536117911338806,0.03348588943481445
87,31,1,Minkowski (P),0.9748919606208801,1.0,-0.025108039379119873
87,31,1,Minkowski (G),0.9748919606208801,0.3092425465583801,0.6656494140625
87,31,1,Minkowski (H),0.9748919606208801,0.7746005654335022,0.20029139518737793
87,31,1,Euclidiana (P),0.9748919606208801,0.723755955696106,0.25113600492477417
87,31,1,Euclidiana (G),0.9748919606208801,0.4659995138645172,0.5088924467563629
87,31,1,Euclidiana (H),0.9748919606208801,0.694021463394165,0.2808704972267151
87,31,1,Manhattan (P),0.9748919606208801,0.5998827219009399,0.3750092387199402
87,31,1,Manhattan (G),0.9748919606208801,0.8914203643798828,0.08347159624099731
87,31,1,Manhattan (H),0.9748919606208801,0.6562381386756897,0.31865382194519043
93,31,1,Minkowski (P),0.9857914447784424,1.0,-0.014208555221557617
93,31,1,Minkowski (G),0.9857914447784424,0.40011024475097656,0.5856812000274658
93,31,1,Minkowski (H),0.9857914447784424,0.7079848051071167,0.2778066396713257
93,31,1,Euclidiana (P),0.9857914447784424,0.6926410794258118,0.2931503653526306
93,31,1,Euclidiana (G),0.9857914447784424,0.7371732592582703,0.24861818552017212
93,31,1,Euclidiana (H),0.9857914447784424,0.697950541973114,0.28784090280532837
93,31,1,Manhattan (P),0.9857914447784424,0.47389960289001465,0.5118918418884277
93,31,1,Manhattan (G),0.9857914447784424,0.669141411781311,0.31665003299713135
93,31,1,Manhattan (H),0.9857914447784424,0.8677142858505249,0.11807715892791748
107,31,1,Minkowski (P),0.9735853672027588,0.31006675958633423,0.6635186076164246
107,31,1,Minkowski (G),0.9735853672027588,0.8984772562980652,0.0751081109046936
107,31,1,Minkowski (H),0.9735853672027588,0.8233465552330017,0.15023881196975708
107,31,1,Euclidiana (P),0.9735853672027588,0.7840821743011475,0.18950319290161133
107,31,1,Euclidiana (G),0.9735853672027588,0.9094976782798767,0.06408768892288208
107,31,1,Euclidiana (H),0.9735853672027588,0.8264382481575012,0.14714711904525757
107,31,1,Manhattan (P),0.9735853672027588,0.7890782356262207,0.18450713157653809
107,31,1,Manhattan (G),0.9735853672027588,0.8163059949874878,0.157279372215271
107,31,1,Manhattan (H),0.9735853672027588,0.8640754818916321,0.10950988531112671
121,31,1,Minkowski (P),0.9952036142349243,0.38331684470176697,0.6118867695331573
121,31,1,Minkowski (G),0.9952036142349243,0.7310630679130554,0.2641405463218689
121,31,1,Minkowski (H),0.9952036142349243,0.9021609425544739,0.09304267168045044
121,31,1,Euclidiana (P),0.9952036142349243,0.6914780735969543,0.30372554063796997
121,31,1,Euclidiana (G),0.9952036142349243,0.8225573301315308,0.17264628410339355
121,31,1,Euclidiana (H),0.9952036142349243,0.9328124523162842,0.06239116191864014
121,31,1,Manhattan (P),0.9952036142349243,0.8756891489028931,0.11951446533203125
121,31,1,Manhattan (G),0.9952036142349243,0.9472702741622925,0.047933340072631836
121,31,1,Manhattan (H),0.9952036142349243,0.8928504586219788,0.10235315561294556
7,32,1,Minkowski (P),0.9913368225097656,0.9996720552444458,-0.008335232734680176
7,32,1,Minkowski (G),0.9913368225097656,0.04900064691901207,0.9423361755907536
7,32,1,Minkowski (H),0.9913368225097656,0.4704820215702057,0.5208548009395599
7,32,1,Euclidiana (P),0.9913368225097656,0.41059961915016174,0.5807372033596039
7,32,1,Euclidiana (G),0.9913368225097656,0.1867072582244873,0.8046295642852783
7,32,1,Euclidiana (H),0.9913368225097656,0.5042828917503357,0.48705393075942993
7,32,1,Manhattan (P),0.9913368225097656,0.35099464654922485,0.6403421759605408
7,32,1,Manhattan (G),0.9913368225097656,0.4241102337837219,0.5672265887260437
7,32,1,Manhattan (H),0.9913368225097656,0.4872388541698456,0.50409796833992
12,32,1,Minkowski (P),0.9943482279777527,1.0,-0.0056517720222473145
12,32,1,Minkowski (G),0.9943482279777527,0.3413885831832886,0.6529596447944641
12,32,1,Minkowski (H),0.9943482279777527,0.3322867751121521,0.6620614528656006
12,32,1,Euclidiana (P),0.9943482279777527,0.46941354870796204,0.5249346792697906
12,32,1,Euclidiana (G),0.9943482279777527,0.3018265962600708,0.6925216317176819
12,32,1,Euclidiana (H),0.9943482279777527,0.47222697734832764,0.522121250629425
12,32,1,Manhattan (P),0.9943482279777527,0.25470030307769775,0.7396479249000549
12,32,1,Manhattan (G),0.9943482279777527,0.6958428025245667,0.29850542545318604
12,32,1,Manhattan (H),0.9943482279777527,0.3432900905609131,0.6510581374168396
42,32,1,Minkowski (P),0.995680570602417,0.29067322611808777,0.7050073444843292
42,32,1,Minkowski (G),0.995680570602417,0.8628094792366028,0.1328710913658142
42,32,1,Minkowski (H),0.995680570602417,0.7282818555831909,0.2673987150192261
42,32,1,Euclidiana (P),0.995680570602417,0.899748682975769,0.09593188762664795
42,32,1,Euclidiana (G),0.995680570602417,0.877938449382782,0.11774212121963501
42,32,1,Euclidiana (H),0.995680570602417,0.7579293847084045,0.23775118589401245
42,32,1,Manhattan (P),0.995680570602417,0.7370314598083496,0.2586491107940674
42,32,1,Manhattan (G),0.995680570602417,0.8528121113777161,0.14286845922470093
42,32,1,Manhattan (H),0.995680570602417,0.9191448092460632,0.07653576135635376
65,32,1,Minkowski (P),0.9584534764289856,0.6426565647125244,0.3157969117164612
65,32,1,Minkowski (G),0.9584534764289856,0.7746852040290833,0.18376827239990234
65,32,1,Minkowski (H),0.9584534764289856,0.9380272626876831,0.02042621374130249
65,32,1,Euclidiana (P),0.9584534764289856,0.9884858131408691,-0.030032336711883545
65,32,1,Euclidiana (G),0.9584534764289856,0.9043607711791992,0.05409270524978638
65,32,1,Euclidiana (H),0.9584534764289856,0.9135379791259766,0.04491549730300903
65,32,1,Manhattan (P),0.9584534764289856,0.9517632126808167,0.006690263748168945
65,32,1,Manhattan (G),0.9584534764289856,0.9997138381004333,-0.041260361671447754
65,32,1,Manhattan (H),0.9584534764289856,0.9307054281234741,0.027748048305511475
87,32,1,Minkowski (P),0.9845596551895142,1.0,-0.01544034481048584
87,32,1,Minkowski (G),0.9845596551895142,0.34867727756500244,0.6358823776245117
87,32,1,Minkowski (H),0.9845596551895142,0.6374044418334961,0.34715521335601807
87,32,1,Euclidiana (P),0.9845596551895142,0.812554657459259,0.17200499773025513
87,32,1,Euclidiana (G),0.9845596551895142,0.5261654853820801,0.4583941698074341
87,32,1,Euclidiana (H),0.9845596551895142,0.6847689151763916,0.29979074001312256
87,32,1,Manhattan (P),0.9845596551895142,0.7068809866905212,0.2776786684989929
87,32,1,Manhattan (G),0.9845596551895142,0.8473114371299744,0.1372482180595398
87,32,1,Manhattan (H),0.9845596551895142,0.764482319355011,0.22007733583450317
93,32,1,Minkowski (P),0.8341173529624939,1.0,-0.1658826470375061
93,32,1,Minkowski (G),0.8341173529624939,0.39915674924850464,0.43496060371398926
93,32,1,Minkowski (H),0.8341173529624939,0.6271229386329651,0.2069944143295288
93,32,1,Euclidiana (P),0.8341173529624939,0.6098042130470276,0.2243131399154663
93,32,1,Euclidiana (G),0.8341173529624939,0.6635273694992065,0.17058998346328735
93,32,1,Euclidiana (H),0.8341173529624939,0.7871642708778381,0.04695308208465576
93,32,1,Manhattan (P),0.8341173529624939,0.4652930200099945,0.3688243329524994
93,32,1,Manhattan (G),0.8341173529624939,0.6116992831230164,0.22241806983947754
93,32,1,Manhattan (H),0.8341173529624939,0.8859885931015015,-0.05187124013900757
107,32,1,Minkowski (P),0.9546352624893188,0.3772922456264496,0.5773430168628693
107,32,1,Minkowski (G),0.9546352624893188,0.8423851728439331,0.11225008964538574
107,32,1,Minkowski (H),0.9546352624893188,0.6847167015075684,0.2699185609817505
107,32,1,Euclidiana (P),0.9546352624893188,0.6708794236183167,0.2837558388710022
107,32,1,Euclidiana (G),0.9546352624893188,0.8297263979911804,0.12490886449813843
107,32,1,Euclidiana (H),0.9546352624893188,0.5547270178794861,0.39990824460983276
107,32,1,Manhattan (P),0.9546352624893188,0.7965161800384521,0.1581190824508667
107,32,1,Manhattan (G),0.9546352624893188,0.7315147519111633,0.22312051057815552
107,32,1,Manhattan (H),0.9546352624893188,0.8038560748100281,0.15077918767929077
121,32,1,Minkowski (P),0.9844565987586975,1.0,-0.01554340124130249
121,32,1,Minkowski (G),0.9844565987586975,0.6526206731796265,0.33183592557907104
121,32,1,Minkowski (H),0.9844565987586975,0.6594486832618713,0.32500791549682617
121,32,1,Euclidiana (P),0.9844565987586975,0.4705604016780853,0.5138961970806122
121,32,1,Euclidiana (G),0.9844565987586975,0.8067787289619446,0.17767786979675293
121,32,1,Euclidiana (H),0.9844565987586975,0.7453485131263733,0.23910808563232422
121,32,1,Manhattan (P),0.9844565987586975,0.8831234574317932,0.1013331413269043
121,32,1,Manhattan (G),0.9844565987586975,0.9240981340408325,0.06035846471786499
121,32,1,Manhattan (H),0.9844565987586975,0.9238300919532776,0.06062650680541992
7,33,1,Minkowski (P),0.998305082321167,0.4026991128921509,0.5956059694290161
7,33,1,Minkowski (G),0.998305082321167,0.039332058280706406,0.9589730240404606
7,33,1,Minkowski (H),0.998305082321167,0.6407272219657898,0.3575778603553772
7,33,1,Euclidiana (P),0.998305082321167,0.26599031686782837,0.7323147654533386
7,33,1,Euclidiana (G),0.998305082321167,0.1996590793132782,0.7986460030078888
7,33,1,Euclidiana (H),0.998305082321167,0.4188099801540375,0.5794951021671295
7,33,1,Manhattan (P),0.998305082321167,0.1778789609670639,0.8204261213541031
7,33,1,Manhattan (G),0.998305082321167,0.417904257774353,0.580400824546814
7,33,1,Manhattan (H),0.998305082321167,0.4604879319667816,0.5378171503543854
12,33,1,Minkowski (P),0.9986887574195862,1.0,-0.0013112425804138184
12,33,1,Minkowski (G),0.9986887574195862,0.6250779032707214,0.37361085414886475
12,33,1,Minkowski (H),0.9986887574195862,0.2892345190048218,0.7094542384147644
12,33,1,Euclidiana (P),0.9986887574195862,0.48146852850914,0.5172202289104462
12,33,1,Euclidiana (G),0.9986887574195862,0.24125568568706512,0.7574330717325211
12,33,1,Euclidiana (H),0.9986887574195862,0.399585098028183,0.5991036593914032
12,33,1,Manhattan (P),0.9986887574195862,0.2260153889656067,0.7726733684539795
12,33,1,Manhattan (G),0.9986887574195862,0.7508902549743652,0.24779850244522095
12,33,1,Manhattan (H),0.9986887574195862,0.41141247749328613,0.5872762799263
42,33,1,Minkowski (P),0.9984190464019775,0.2568051815032959,0.7416138648986816
42,33,1,Minkowski (G),0.9984190464019775,0.8910046219825745,0.10741442441940308
42,33,1,Minkowski (H),0.9984190464019775,0.8442509770393372,0.15416806936264038
42,33,1,Euclidiana (P),0.9984190464019775,0.8772692084312439,0.12114983797073364
42,33,1,Euclidiana (G),0.9984190464019775,0.8908347487449646,0.10758429765701294
42,33,1,Euclidiana (H),0.9984190464019775,0.7785206437110901,0.21989840269088745
42,33,1,Manhattan (P),0.9984190464019775,0.8513493537902832,0.14706969261169434
42,33,1,Manhattan (G),0.9984190464019775,0.8913574814796448,0.10706156492233276
42,33,1,Manhattan (H),0.9984190464019775,0.7831665277481079,0.21525251865386963
65,33,1,Minkowski (P),0.9741938710212708,0.5860238671302795,0.3881700038909912
65,33,1,Minkowski (G),0.9741938710212708,0.7436817288398743,0.23051214218139648
65,33,1,Minkowski (H),0.9741938710212708,0.8554316163063049,0.11876225471496582
65,33,1,Euclidiana (P),0.9741938710212708,0.7400047779083252,0.23418909311294556
65,33,1,Euclidiana (G),0.9741938710212708,0.8679722547531128,0.10622161626815796
65,33,1,Euclidiana (H),0.9741938710212708,0.8906704783439636,0.08352339267730713
65,33,1,Manhattan (P),0.9741938710212708,0.8270019888877869,0.1471918821334839
65,33,1,Manhattan (G),0.9741938710212708,0.7387387752532959,0.23545509576797485
65,33,1,Manhattan (H),0.9741938710212708,0.9190154075622559,0.05517846345901489
87,33,1,Minkowski (P),0.9547876715660095,1.0,-0.04521232843399048
87,33,1,Minkowski (G),0.9547876715660095,0.25599706172943115,0.6987906098365784
87,33,1,Minkowski (H),0.9547876715660095,0.6004746556282043,0.3543130159378052
87,33,1,Euclidiana (P),0.9547876715660095,0.7640592455863953,0.19072842597961426
87,33,1,Euclidiana (G),0.9547876715660095,0.4809386134147644,0.4738490581512451
87,33,1,Euclidiana (H),0.9547876715660095,0.6976068615913391,0.2571808099746704
87,33,1,Manhattan (P),0.9547876715660095,0.7118595838546753,0.24292808771133423
87,33,1,Manhattan (G),0.9547876715660095,0.879240095615387,0.07554757595062256
87,33,1,Manhattan (H),0.9547876715660095,0.8669567704200745,0.08783090114593506
93,33,1,Minkowski (P),0.9663953185081482,1.0,-0.03360468149185181
93,33,1,Minkowski (G),0.9663953185081482,0.5759479403495789,0.39044737815856934
93,33,1,Minkowski (H),0.9663953185081482,0.634624183177948,0.3317711353302002
93,33,1,Euclidiana (P),0.9663953185081482,0.708621621131897,0.2577736973762512
93,33,1,Euclidiana (G),0.9663953185081482,0.7300838828086853,0.2363114356994629
93,33,1,Euclidiana (H),0.9663953185081482,0.6829001903533936,0.28349512815475464
93,33,1,Manhattan (P),0.9663953185081482,0.5249793529510498,0.4414159655570984
93,33,1,Manhattan (G),0.9663953185081482,0.6522871255874634,0.3141081929206848
93,33,1,Manhattan (H),0.9663953185081482,0.9307480454444885,0.03564727306365967
107,33,1,Minkowski (P),0.9815022349357605,0.2290685772895813,0.7524336576461792
107,33,1,Minkowski (G),0.9815022349357605,0.7820689678192139,0.19943326711654663
107,33,1,Minkowski (H),0.9815022349357605,0.7436561584472656,0.23784607648849487
107,33,1,Euclidiana (P),0.9815022349357605,0.7804690599441528,0.20103317499160767
107,33,1,Euclidiana (G),0.9815022349357605,0.8568925857543945,0.12460964918136597
107,33,1,Euclidiana (H),0.9815022349357605,0.7481447458267212,0.2333574891090393
107,33,1,Manhattan (P),0.9815022349357605,0.7539818286895752,0.2275204062461853
107,33,1,Manhattan (G),0.9815022349357605,0.7397355437278748,0.24176669120788574
107,33,1,Manhattan (H),0.9815022349357605,0.754636287689209,0.2268659472465515
121,33,1,Minkowski (P),0.9932742118835449,0.9987016916275024,-0.0054274797439575195
121,33,1,Minkowski (G),0.9932742118835449,0.6743091940879822,0.31896501779556274
121,33,1,Minkowski (H),0.9932742118835449,0.775781512260437,0.2174926996231079
121,33,1,Euclidiana (P),0.9932742118835449,0.6667506098747253,0.3265236020088196
121,33,1,Euclidiana (G),0.9932742118835449,0.7727460861206055,0.22052812576293945
121,33,1,Euclidiana (H),0.9932742118835449,0.8038565516471863,0.18941766023635864
121,33,1,Manhattan (P),0.9932742118835449,0.8228516578674316,0.17042255401611328
121,33,1,Manhattan (G),0.9932742118835449,0.942163348197937,0.05111086368560791
121,33,1,Manhattan (H),0.9932742118835449,0.9224206805229187,0.07085353136062622
7,34,1,Minkowski (P),0.936996340751648,0.9039893746376038,0.03300696611404419
7,34,1,Minkowski (G),0.936996340751648,0.08353517949581146,0.8534611612558365
7,34,1,Minkowski (H),0.936996340751648,0.42259010672569275,0.5144062340259552
7,34,1,Euclidiana (P),0.936996340751648,0.435138463973999,0.5018578767776489
7,34,1,Euclidiana (G),0.936996340751648,0.08161090314388275,0.8553854376077652
7,34,1,Euclidiana (H),0.936996340751648,0.5135746002197266,0.4234217405319214
7,34,1,Manhattan (P),0.936996340751648,0.5015190243721008,0.4354773163795471
7,34,1,Manhattan (G),0.936996340751648,0.9232696294784546,0.01372671127319336
7,34,1,Manhattan (H),0.936996340751648,0.4886247515678406,0.4483715891838074
12,34,1,Minkowski (P),0.9910362958908081,1.0,-0.008963704109191895
12,34,1,Minkowski (G),0.9910362958908081,0.24935345351696014,0.741682842373848
12,34,1,Minkowski (H),0.9910362958908081,0.6577823758125305,0.3332539200782776
12,34,1,Euclidiana (P),0.9910362958908081,0.5755371451377869,0.41549915075302124
12,34,1,Euclidiana (G),0.9910362958908081,0.3168887495994568,0.6741475462913513
12,34,1,Euclidiana (H),0.9910362958908081,0.46810677647590637,0.5229295194149017
12,34,1,Manhattan (P),0.9910362958908081,0.2738597095012665,0.7171765863895416
12,34,1,Manhattan (G),0.9910362958908081,0.8796737790107727,0.1113625168800354
12,34,1,Manhattan (H),0.9910362958908081,0.32655030488967896,0.6644859910011292
42,34,1,Minkowski (P),0.9672068357467651,0.3211236298084259,0.6460832059383392
42,34,1,Minkowski (G),0.9672068357467651,0.9118159413337708,0.055390894412994385
42,34,1,Minkowski (H),0.9672068357467651,0.8470408320426941,0.12016600370407104
42,34,1,Euclidiana (P),0.9672068357467651,0.9206128716468811,0.04659396409988403
42,34,1,Euclidiana (G),0.9672068357467651,0.8815566301345825,0.08565020561218262
42,34,1,Euclidiana (H),0.9672068357467651,0.7223150730133057,0.24489176273345947
42,34,1,Manhattan (P),0.9672068357467651,0.8157840371131897,0.15142279863357544
42,34,1,Manhattan (G),0.9672068357467651,0.8632748126983643,0.10393202304840088
42,34,1,Manhattan (H),0.9672068357467651,0.7057070136070251,0.26149982213974
65,34,1,Minkowski (P),0.8378525972366333,0.6002402901649475,0.2376123070716858
65,34,1,Minkowski (G),0.8378525972366333,0.7976535558700562,0.04019904136657715
65,34,1,Minkowski (H),0.8378525972366333,0.8074741363525391,0.03037846088409424
65,34,1,Euclidiana (P),0.8378525972366333,0.7811649441719055,0.05668765306472778
65,34,1,Euclidiana (G),0.8378525972366333,0.923612117767334,-0.08575952053070068
65,34,1,Euclidiana (H),0.8378525972366333,0.9706089496612549,-0.13275635242462158
65,34,1,Manhattan (P),0.8378525972366333,0.9471588730812073,-0.10930627584457397
65,34,1,Manhattan (G),0.8378525972366333,0.7540517449378967,0.08380085229873657
65,34,1,Manhattan (H),0.8378525972366333,0.9409834742546082,-0.10313087701797485
87,34,1,Minkowski (P),0.914567232131958,1.0,-0.08543276786804199
87,34,1,Minkowski (G),0.914567232131958,0.8689060211181641,0.045661211013793945
87,34,1,Minkowski (H),0.914567232131958,0.7871123552322388,0.12745487689971924
87,34,1,Euclidiana (P),0.914567232131958,0.8669546246528625,0.04761260747909546
87,34,1,Euclidiana (G),0.914567232131958,0.5281417369842529,0.3864254951477051
87,34,1,Euclidiana (H),0.914567232131958,0.6714121699333191,0.24315506219863892
87,34,1,Manhattan (P),0.914567232131958,0.6834233999252319,0.23114383220672607
87,34,1,Manhattan (G),0.914567232131958,0.8816139698028564,0.03295326232910156
87,34,1,Manhattan (H),0.914567232131958,0.9187883138656616,-0.004221081733703613
93,34,1,Minkowski (P),0.8729057908058167,1.0,-0.12709420919418335
93,34,1,Minkowski (G),0.8729057908058167,0.5129073262214661,0.3599984645843506
93,34,1,Minkowski (H),0.8729057908058167,0.6458979249000549,0.22700786590576172
93,34,1,Euclidiana (P),0.8729057908058167,0.6758161187171936,0.19708967208862305
93,34,1,Euclidiana (G),0.8729057908058167,0.6831943392753601,0.18971145153045654
93,34,1,Euclidiana (H),0.8729057908058167,0.6933666467666626,0.17953914403915405
93,34,1,Manhattan (P),0.8729057908058167,0.5686057806015015,0.3043000102043152
93,34,1,Manhattan (G),0.8729057908058167,0.7664496898651123,0.10645610094070435
93,34,1,Manhattan (H),0.8729057908058167,0.834213137626648,0.0386926531791687
107,34,1,Minkowski (P),0.882378101348877,0.4357730448246002,0.44660505652427673
107,34,1,Minkowski (G),0.882378101348877,0.9252873659133911,-0.04290926456451416
107,34,1,Minkowski (H),0.882378101348877,0.8705838918685913,0.011794209480285645
107,34,1,Euclidiana (P),0.882378101348877,0.8015578389167786,0.08082026243209839
107,34,1,Euclidiana (G),0.882378101348877,0.9243540167808533,-0.04197591543197632
107,34,1,Euclidiana (H),0.882378101348877,0.7717551589012146,0.11062294244766235
107,34,1,Manhattan (P),0.882378101348877,0.9140006303787231,-0.03162252902984619
107,34,1,Manhattan (G),0.882378101348877,0.7839486598968506,0.09842944145202637
107,34,1,Manhattan (H),0.882378101348877,0.8757880330085754,0.006590068340301514
121,34,1,Minkowski (P),0.8297021389007568,0.2366212159395218,0.593080922961235
121,34,1,Minkowski (G),0.8297021389007568,0.7077625393867493,0.12193959951400757
121,34,1,Minkowski (H),0.8297021389007568,0.8040602803230286,0.02564185857772827
121,34,1,Euclidiana (P),0.8297021389007568,0.7385580539703369,0.09114408493041992
121,34,1,Euclidiana (G),0.8297021389007568,0.8809371590614319,-0.05123502016067505
121,34,1,Euclidiana (H),0.8297021389007568,0.8842917084693909,-0.05458956956863403
121,34,1,Manhattan (P),0.8297021389007568,0.930674135684967,-0.1009719967842102
121,34,1,Manhattan (G),0.8297021389007568,0.9078661799430847,-0.07816404104232788
121,34,1,Manhattan (H),0.8297021389007568,0.7795098423957825,0.050192296504974365
7,35,1,Minkowski (P),0.9961850047111511,0.9740729331970215,0.02211207151412964
7,35,1,Minkowski (G),0.9961850047111511,0.16044698655605316,0.835738018155098
7,35,1,Minkowski (H),0.9961850047111511,0.49305593967437744,0.5031290650367737
7,35,1,Euclidiana (P),0.9961850047111511,0.47374990582466125,0.5224350988864899
7,35,1,Euclidiana (G),0.9961850047111511,0.2098075896501541,0.786377415060997
7,35,1,Euclidiana (H),0.9961850047111511,0.39064058661460876,0.6055444180965424
7,35,1,Manhattan (P),0.9961850047111511,0.3057340383529663,0.6904509663581848
7,35,1,Manhattan (G),0.9961850047111511,0.9263572692871094,0.06982773542404175
7,35,1,Manhattan (H),0.9961850047111511,0.4824337363243103,0.5137512683868408
12,35,1,Minkowski (P),0.9992988109588623,1.0,-0.0007011890411376953
12,35,1,Minkowski (G),0.9992988109588623,0.2512653172016144,0.7480334937572479
12,35,1,Minkowski (H),0.9992988109588623,0.7411119937896729,0.25818681716918945
12,35,1,Euclidiana (P),0.9992988109588623,0.6656733751296997,0.3336254358291626
12,35,1,Euclidiana (G),0.9992988109588623,0.391845703125,0.6074531078338623
12,35,1,Euclidiana (H),0.9992988109588623,0.5592443943023682,0.44005441665649414
12,35,1,Manhattan (P),0.9992988109588623,0.29300013184547424,0.7062986791133881
12,35,1,Manhattan (G),0.9992988109588623,0.9173653721809387,0.08193343877792358
12,35,1,Manhattan (H),0.9992988109588623,0.45151257514953613,0.5477862358093262
42,35,1,Minkowski (P),0.9992650151252747,0.3533342182636261,0.6459307968616486
42,35,1,Minkowski (G),0.9992650151252747,0.9210876822471619,0.07817733287811279
42,35,1,Minkowski (H),0.9992650151252747,0.865095317363739,0.13416969776153564
42,35,1,Euclidiana (P),0.9992650151252747,0.9232531785964966,0.07601183652877808
42,35,1,Euclidiana (G),0.9992650151252747,0.8636103868484497,0.13565462827682495
42,35,1,Euclidiana (H),0.9992650151252747,0.7012138962745667,0.298051118850708
42,35,1,Manhattan (P),0.9992650151252747,0.8380550742149353,0.16120994091033936
42,35,1,Manhattan (G),0.9992650151252747,0.8744701743125916,0.1247948408126831
42,35,1,Manhattan (H),0.9992650151252747,0.6145612001419067,0.3847038149833679
65,35,1,Minkowski (P),0.9533727765083313,0.6176592111587524,0.33571356534957886
65,35,1,Minkowski (G),0.9533727765083313,0.8226128816604614,0.13075989484786987
65,35,1,Minkowski (H),0.9533727765083313,0.7800016403198242,0.17337113618850708
65,35,1,Euclidiana (P),0.9533727765083313,0.8153407573699951,0.13803201913833618
65,35,1,Euclidiana (G),0.9533727765083313,0.9213417768478394,0.03203099966049194
65,35,1,Euclidiana (H),0.9533727765083313,0.9119449853897095,0.041427791118621826
65,35,1,Manhattan (P),0.9533727765083313,0.9464147686958313,0.0069580078125
65,35,1,Manhattan (G),0.9533727765083313,0.8230151534080505,0.13035762310028076
65,35,1,Manhattan (H),0.9533727765083313,0.9438889026641846,0.009483873844146729
87,35,1,Minkowski (P),0.9945360422134399,1.0,-0.005463957786560059
87,35,1,Minkowski (G),0.9945360422134399,0.8995180726051331,0.09501796960830688
87,35,1,Minkowski (H),0.9945360422134399,0.767966091632843,0.22656995058059692
87,35,1,Euclidiana (P),0.9945360422134399,0.8767229318618774,0.1178131103515625
87,35,1,Euclidiana (G),0.9945360422134399,0.5613622069358826,0.4331738352775574
87,35,1,Euclidiana (H),0.9945360422134399,0.7206346392631531,0.27390140295028687
87,35,1,Manhattan (P),0.9945360422134399,0.7030593752861023,0.29147666692733765
87,35,1,Manhattan (G),0.9945360422134399,0.9010618329048157,0.09347420930862427
87,35,1,Manhattan (H),0.9945360422134399,0.9235833883285522,0.0709526538848877
93,35,1,Minkowski (P),0.9716410040855408,1.0,-0.02835899591445923
93,35,1,Minkowski (G),0.9716410040855408,0.4309515357017517,0.5406894683837891
93,35,1,Minkowski (H),0.9716410040855408,0.6094188690185547,0.3622221350669861
93,35,1,Euclidiana (P),0.9716410040855408,0.6343722939491272,0.3372687101364136
93,35,1,Euclidiana (G),0.9716410040855408,0.6735044121742249,0.2981365919113159
93,35,1,Euclidiana (H),0.9716410040855408,0.7209365367889404,0.25070446729660034
93,35,1,Manhattan (P),0.9716410040855408,0.5263530611991882,0.44528794288635254
93,35,1,Manhattan (G),0.9716410040855408,0.7622253894805908,0.20941561460494995
93,35,1,Manhattan (H),0.9716410040855408,0.826117217540741,0.1455237865447998
107,35,1,Minkowski (P),0.9965253472328186,0.46379369497299194,0.5327316522598267
107,35,1,Minkowski (G),0.9965253472328186,0.9068312644958496,0.089694082736969
107,35,1,Minkowski (H),0.9965253472328186,0.8633066415786743,0.1332187056541443
107,35,1,Euclidiana (P),0.9965253472328186,0.8175948262214661,0.17893052101135254
107,35,1,Euclidiana (G),0.9965253472328186,0.9319638013839722,0.06456154584884644
107,35,1,Euclidiana (H),0.9965253472328186,0.8610231280326843,0.13550221920013428
107,35,1,Manhattan (P),0.9965253472328186,0.9161927103996277,0.08033263683319092
107,35,1,Manhattan (G),0.9965253472328186,0.8207557201385498,0.1757696270942688
107,35,1,Manhattan (H),0.9965253472328186,0.8991913199424744,0.09733402729034424
121,35,1,Minkowski (P),0.9885658621788025,0.30046388506889343,0.6881019771099091
121,35,1,Minkowski (G),0.9885658621788025,0.7342774868011475,0.25428837537765503
121,35,1,Minkowski (H),0.9885658621788025,0.8184349536895752,0.1701309084892273
121,35,1,Euclidiana (P),0.9885658621788025,0.7762737274169922,0.2122921347618103
121,35,1,Euclidiana (G),0.9885658621788025,0.8891107439994812,0.09945511817932129
121,35,1,Euclidiana (H),0.9885658621788025,0.9149320125579834,0.07363384962081909
121,35,1,Manhattan (P),0.9885658621788025,0.9091838002204895,0.07938206195831299
121,35,1,Manhattan (G),0.9885658621788025,0.9285886287689209,0.05997723340988159
121,35,1,Manhattan (H),0.9885658621788025,0.6064345836639404,0.38213127851486206
7,36,1,Minkowski (P),0.046925488859415054,0.46002599596977234,-0.4131005071103573
7,36,1,Minkowski (G),0.046925488859415054,0.3527679145336151,-0.30584242567420006
7,36,1,Minkowski (H),0.046925488859415054,0.830167293548584,-0.7832418046891689
7,36,1,Euclidiana (P),0.046925488859415054,0.7688133716583252,-0.7218878827989101
7,36,1,Euclidiana (G),0.046925488859415054,0.3758735954761505,-0.32894810661673546
7,36,1,Euclidiana (H),0.046925488859415054,0.42569026350975037,-0.3787647746503353
7,36,1,Manhattan (P),0.046925488859415054,0.4030485451221466,-0.35612305626273155
7,36,1,Manhattan (G),0.046925488859415054,0.9306125044822693,-0.8836870156228542
7,36,1,Manhattan (H),0.046925488859415054,0.5300844311714172,-0.4831589423120022
12,36,1,Minkowski (P),0.0012091656681150198,0.9195553660392761,-0.9183462003711611
12,36,1,Minkowski (G),0.0012091656681150198,0.3348127603530884,-0.33360359468497336
12,36,1,Minkowski (H),0.0012091656681150198,0.9055812954902649,-0.9043721298221499
12,36,1,Euclidiana (P),0.0012091656681150198,0.8564536571502686,-0.8552444914821535
12,36,1,Euclidiana (G),0.0012091656681150198,0.3126821517944336,-0.3114729861263186
12,36,1,Euclidiana (H),0.0012091656681150198,0.9139672517776489,-0.9127580861095339
12,36,1,Manhattan (P),0.0012091656681150198,0.6833541393280029,-0.6821449736598879
12,36,1,Manhattan (G),0.0012091656681150198,0.9226902723312378,-0.9214811066631228
12,36,1,Manhattan (H),0.0012091656681150198,0.31359249353408813,-0.3123833278659731
42,36,1,Minkowski (P),0.010536874644458294,0.59712153673172,-0.5865846620872617
42,36,1,Minkowski (G),0.010536874644458294,0.912117600440979,-0.9015807257965207
42,36,1,Minkowski (H),0.010536874644458294,0.7373632192611694,-0.7268263446167111
42,36,1,Euclidiana (P),0.010536874644458294,0.9253796339035034,-0.9148427592590451
42,36,1,Euclidiana (G),0.010536874644458294,0.889823317527771,-0.8792864428833127
42,36,1,Euclidiana (H),0.010536874644458294,0.7379034757614136,-0.7273666011169553
42,36,1,Manhattan (P),0.010536874644458294,0.9241241216659546,-0.9135872470214963
42,36,1,Manhattan (G),0.010536874644458294,0.9220789074897766,-0.9115420328453183
42,36,1,Manhattan (H),0.010536874644458294,0.7142139673233032,-0.7036770926788449
65,36,1,Minkowski (P),0.11199306696653366,0.8180479407310486,-0.7060548737645149
65,36,1,Minkowski (G),0.11199306696653366,0.8872462511062622,-0.7752531841397285
65,36,1,Minkowski (H),0.11199306696653366,0.8672072291374207,-0.755214162170887
65,36,1,Euclidiana (P),0.11199306696653366,0.8390346765518188,-0.7270416095852852
65,36,1,Euclidiana (G),0.11199306696653366,0.9665207862854004,-0.8545277193188667
65,36,1,Euclidiana (H),0.11199306696653366,0.8982771635055542,-0.7862840965390205
65,36,1,Manhattan (P),0.11199306696653366,0.8808208107948303,-0.7688277438282967
65,36,1,Manhattan (G),0.11199306696653366,0.859036386013031,-0.7470433190464973
65,36,1,Manhattan (H),0.11199306696653366,0.9111626744270325,-0.7991696074604988
87,36,1,Minkowski (P),0.023818571120500565,0.024835307151079178,-0.0010167360305786133
87,36,1,Minkowski (G),0.023818571120500565,0.8721305727958679,-0.8483120016753674
87,36,1,Minkowski (H),0.023818571120500565,0.8050247430801392,-0.7812061719596386
87,36,1,Euclidiana (P),0.023818571120500565,0.9215545654296875,-0.8977359943091869
87,36,1,Euclidiana (G),0.023818571120500565,0.5954301953315735,-0.5716116242110729
87,36,1,Euclidiana (H),0.023818571120500565,0.7851899862289429,-0.7613714151084423
87,36,1,Manhattan (P),0.023818571120500565,0.7556712031364441,-0.7318526320159435
87,36,1,Manhattan (G),0.023818571120500565,0.9335780739784241,-0.9097595028579235
87,36,1,Manhattan (H),0.023818571120500565,0.9222347736358643,-0.8984162025153637
93,36,1,Minkowski (P),0.07734690606594086,0.999984622001648,-0.9226377159357071
93,36,1,Minkowski (G),0.07734690606594086,0.3983917236328125,-0.32104481756687164
93,36,1,Minkowski (H),0.07734690606594086,0.7627887725830078,-0.685441866517067
93,36,1,Euclidiana (P),0.07734690606594086,0.6818283200263977,-0.6044814139604568
93,36,1,Euclidiana (G),0.07734690606594086,0.677900493144989,-0.6005535870790482
93,36,1,Euclidiana (H),0.07734690606594086,0.7481384873390198,-0.6707915812730789
93,36,1,Manhattan (P),0.07734690606594086,0.5846191048622131,-0.5072721987962723
93,36,1,Manhattan (G),0.07734690606594086,0.7323710918426514,-0.6550241857767105
93,36,1,Manhattan (H),0.07734690606594086,0.7840394973754883,-0.7066925913095474
107,36,1,Minkowski (P),0.06768112629652023,0.5388708114624023,-0.4711896851658821
107,36,1,Minkowski (G),0.06768112629652023,0.9536422491073608,-0.8859611228108406
107,36,1,Minkowski (H),0.06768112629652023,0.9213221669197083,-0.853641040623188
107,36,1,Euclidiana (P),0.06768112629652023,0.8595470190048218,-0.7918658927083015
107,36,1,Euclidiana (G),0.06768112629652023,0.9389262199401855,-0.8712450936436653
107,36,1,Euclidiana (H),0.06768112629652023,0.8870745301246643,-0.8193934038281441
107,36,1,Manhattan (P),0.06768112629652023,0.8822276592254639,-0.8145465329289436
107,36,1,Manhattan (G),0.06768112629652023,0.8605846166610718,-0.7929034903645515
107,36,1,Manhattan (H),0.06768112629652023,0.8873878717422485,-0.8197067454457283
121,36,1,Minkowski (P),0.09503405541181564,0.2541636824607849,-0.15912962704896927
121,36,1,Minkowski (G),0.09503405541181564,0.8249450325965881,-0.7299109771847725
121,36,1,Minkowski (H),0.09503405541181564,0.8399624824523926,-0.7449284270405769
121,36,1,Euclidiana (P),0.09503405541181564,0.8689783811569214,-0.7739443257451057
121,36,1,Euclidiana (G),0.09503405541181564,0.9071072936058044,-0.8120732381939888
121,36,1,Euclidiana (H),0.09503405541181564,0.9501731991767883,-0.8551391437649727
121,36,1,Manhattan (P),0.09503405541181564,0.9258600473403931,-0.8308259919285774
121,36,1,Manhattan (G),0.09503405541181564,0.9695789217948914,-0.8745448663830757
121,36,1,Manhattan (H),0.09503405541181564,0.8062406182289124,-0.7112065628170967
7,37,1,Minkowski (P),0.9971197843551636,0.9991558790206909,-0.0020360946655273438
7,37,1,Minkowski (G),0.9971197843551636,0.05370417237281799,0.9434156119823456
7,37,1,Minkowski (H),0.9971197843551636,0.9999961853027344,-0.0028764009475708008
7,37,1,Euclidiana (P),0.9971197843551636,0.26244857907295227,0.7346712052822113
7,37,1,Euclidiana (G),0.9971197843551636,1.0,-0.0028802156448364258
7,37,1,Euclidiana (H),0.9971197843551636,0.18931545317173004,0.8078043311834335
7,37,1,Manhattan (P),0.9971197843551636,0.9520248770713806,0.04509490728378296
7,37,1,Manhattan (G),0.9971197843551636,0.1760292500257492,0.8210905343294144
7,37,1,Manhattan (H),0.9971197843551636,0.5170181393623352,0.48010164499282837
12,37,1,Minkowski (P),0.9996806383132935,0.9999996423721313,-0.0003190040588378906
12,37,1,Minkowski (G),0.9996806383132935,0.30111780762672424,0.6985628306865692
12,37,1,Minkowski (H),0.9996806383132935,0.7511634826660156,0.24851715564727783
12,37,1,Euclidiana (P),0.9996806383132935,0.730695903301239,0.26898473501205444
12,37,1,Euclidiana (G),0.9996806383132935,0.9999991655349731,-0.0003185272216796875
12,37,1,Euclidiana (H),0.9996806383132935,0.5569967031478882,0.4426839351654053
12,37,1,Manhattan (P),0.9996806383132935,0.22578385472297668,0.7738967835903168
12,37,1,Manhattan (G),0.9996806383132935,0.23406659066677094,0.7656140476465225
12,37,1,Manhattan (H),0.9996806383132935,0.4617493152618408,0.5379313230514526
42,37,1,Minkowski (P),0.9985092282295227,0.4546089470386505,0.5439002811908722
42,37,1,Minkowski (G),0.9985092282295227,0.7479338645935059,0.25057536363601685
42,37,1,Minkowski (H),0.9985092282295227,0.6050202250480652,0.3934890031814575
42,37,1,Euclidiana (P),0.9985092282295227,0.8225922584533691,0.17591696977615356
42,37,1,Euclidiana (G),0.9985092282295227,0.8027464151382446,0.19576281309127808
42,37,1,Euclidiana (H),0.9985092282295227,0.6871426105499268,0.31136661767959595
42,37,1,Manhattan (P),0.9985092282295227,0.8782699108123779,0.12023931741714478
42,37,1,Manhattan (G),0.9985092282295227,0.9127510190010071,0.08575820922851562
42,37,1,Manhattan (H),0.9985092282295227,0.6378083229064941,0.36070090532302856
65,37,1,Minkowski (P),0.9899991154670715,0.7636388540267944,0.2263602614402771
65,37,1,Minkowski (G),0.9899991154670715,0.6682468056678772,0.32175230979919434
65,37,1,Minkowski (H),0.9899991154670715,0.8935042023658752,0.09649491310119629
65,37,1,Euclidiana (P),0.9899991154670715,0.9809396266937256,0.009059488773345947
65,37,1,Euclidiana (G),0.9899991154670715,0.7120150327682495,0.277984082698822
65,37,1,Euclidiana (H),0.9899991154670715,0.6126489043235779,0.37735021114349365
65,37,1,Manhattan (P),0.9899991154670715,0.7517520785331726,0.23824703693389893
65,37,1,Manhattan (G),0.9899991154670715,0.6092090010643005,0.380790114402771
65,37,1,Manhattan (H),0.9899991154670715,0.7334063649177551,0.2565927505493164
87,37,1,Minkowski (P),0.9965413212776184,1.0,-0.003458678722381592
87,37,1,Minkowski (G),0.9965413212776184,0.46497079730033875,0.5315705239772797
87,37,1,Minkowski (H),0.9965413212776184,0.6990892291069031,0.29745209217071533
87,37,1,Euclidiana (P),0.9965413212776184,0.6894101500511169,0.30713117122650146
87,37,1,Euclidiana (G),0.9965413212776184,0.277070552110672,0.7194707691669464
87,37,1,Euclidiana (H),0.9965413212776184,0.5162079334259033,0.4803333878517151
87,37,1,Manhattan (P),0.9965413212776184,0.41920194029808044,0.577339380979538
87,37,1,Manhattan (G),0.9965413212776184,0.7554342150688171,0.24110710620880127
87,37,1,Manhattan (H),0.9965413212776184,0.7987194061279297,0.19782191514968872
93,37,1,Minkowski (P),0.9669029116630554,1.0,-0.03309708833694458
93,37,1,Minkowski (G),0.9669029116630554,0.91945880651474,0.04744410514831543
93,37,1,Minkowski (H),0.9669029116630554,0.9999513626098633,-0.03304845094680786
93,37,1,Euclidiana (P),0.9669029116630554,0.886735737323761,0.08016717433929443
93,37,1,Euclidiana (G),0.9669029116630554,0.9392440319061279,0.02765887975692749
93,37,1,Euclidiana (H),0.9669029116630554,0.793869137763977,0.17303377389907837
93,37,1,Manhattan (P),0.9669029116630554,0.8652507066726685,0.10165220499038696
93,37,1,Manhattan (G),0.9669029116630554,0.6649304032325745,0.30197250843048096
93,37,1,Manhattan (H),0.9669029116630554,0.6358181834220886,0.3310847282409668
107,37,1,Minkowski (P),0.9854592084884644,0.3910204768180847,0.5944387316703796
107,37,1,Minkowski (G),0.9854592084884644,0.7060712575912476,0.2793879508972168
107,37,1,Minkowski (H),0.9854592084884644,0.5519310235977173,0.43352818489074707
107,37,1,Euclidiana (P),0.9854592084884644,0.7494841814041138,0.23597502708435059
107,37,1,Euclidiana (G),0.9854592084884644,0.31272614002227783,0.6727330684661865
107,37,1,Euclidiana (H),0.9854592084884644,0.7260134220123291,0.25944578647613525
107,37,1,Manhattan (P),0.9854592084884644,0.7202250361442566,0.26523417234420776
107,37,1,Manhattan (G),0.9854592084884644,0.8052424192428589,0.18021678924560547
107,37,1,Manhattan (H),0.9854592084884644,0.6479036211967468,0.33755558729171753
121,37,1,Minkowski (P),0.9955678582191467,1.0,-0.0044321417808532715
121,37,1,Minkowski (G),0.9955678582191467,0.7286520600318909,0.26691579818725586
121,37,1,Minkowski (H),0.9955678582191467,0.4717094302177429,0.5238584280014038
121,37,1,Euclidiana (P),0.9955678582191467,0.6433396935462952,0.35222816467285156
121,37,1,Euclidiana (G),0.9955678582191467,0.35308894515037537,0.6424789130687714
121,37,1,Euclidiana (H),0.9955678582191467,0.7275490760803223,0.26801878213882446
121,37,1,Manhattan (P),0.9955678582191467,0.5886583924293518,0.4069094657897949
121,37,1,Manhattan (G),0.9955678582191467,0.8904581069946289,0.10510975122451782
121,37,1,Manhattan (H),0.9955678582191467,0.6400961875915527,0.355471670627594
7,38,1,Minkowski (P),0.9879289865493774,0.9997139573097229,-0.011784970760345459
7,38,1,Minkowski (G),0.9879289865493774,1.0,-0.012071013450622559
7,38,1,Minkowski (H),0.9879289865493774,0.12403198331594467,0.8638970032334328
7,38,1,Euclidiana (P),0.9879289865493774,0.4338112473487854,0.554117739200592
7,38,1,Euclidiana (G),0.9879289865493774,0.0009401340503245592,0.9869888524990529
7,38,1,Euclidiana (H),0.9879289865493774,0.49112364649772644,0.496805340051651
7,38,1,Manhattan (P),0.9879289865493774,0.9999980926513672,-0.012069106101989746
7,38,1,Manhattan (G),0.9879289865493774,0.26498833298683167,0.7229406535625458
7,38,1,Manhattan (H),0.9879289865493774,0.5949451327323914,0.3929838538169861
12,38,1,Minkowski (P),0.9976964592933655,0.9999964237213135,-0.002299964427947998
12,38,1,Minkowski (G),0.9976964592933655,0.9998595714569092,-0.002163112163543701
12,38,1,Minkowski (H),0.9976964592933655,0.23438894748687744,0.763307511806488
12,38,1,Euclidiana (P),0.9976964592933655,0.22459745407104492,0.7730990052223206
12,38,1,Euclidiana (G),0.9976964592933655,0.21993835270404816,0.7777581065893173
12,38,1,Euclidiana (H),0.9976964592933655,0.24177993834018707,0.7559165209531784
12,38,1,Manhattan (P),0.9976964592933655,0.7797765135765076,0.2179199457168579
12,38,1,Manhattan (G),0.9976964592933655,0.5210316777229309,0.47666478157043457
12,38,1,Manhattan (H),0.9976964592933655,0.3398871421813965,0.657809317111969
42,38,1,Minkowski (P),0.8624527454376221,0.419727623462677,0.44272512197494507
42,38,1,Minkowski (G),0.8624527454376221,0.5426551103591919,0.3197976350784302
42,38,1,Minkowski (H),0.8624527454376221,0.8426438570022583,0.01980888843536377
42,38,1,Euclidiana (P),0.8624527454376221,0.4790842533111572,0.38336849212646484
42,38,1,Euclidiana (G),0.8624527454376221,0.8449472784996033,0.0175054669380188
42,38,1,Euclidiana (H),0.8624527454376221,0.7961364388465881,0.06631630659103394
42,38,1,Manhattan (P),0.8624527454376221,0.901671290397644,-0.03921854496002197
42,38,1,Manhattan (G),0.8624527454376221,0.971155047416687,-0.10870230197906494
42,38,1,Manhattan (H),0.8624527454376221,0.7708027958869934,0.09164994955062866
65,38,1,Minkowski (P),0.8762274980545044,0.8039767146110535,0.07225078344345093
65,38,1,Minkowski (G),0.8762274980545044,0.7363454699516296,0.13988202810287476
65,38,1,Minkowski (H),0.8762274980545044,0.9244022965431213,-0.04817479848861694
65,38,1,Euclidiana (P),0.8762274980545044,0.9479700922966003,-0.07174259424209595
65,38,1,Euclidiana (G),0.8762274980545044,0.8464889526367188,0.029738545417785645
65,38,1,Euclidiana (H),0.8762274980545044,0.8946858644485474,-0.01845836639404297
65,38,1,Manhattan (P),0.8762274980545044,0.9700514078140259,-0.09382390975952148
65,38,1,Manhattan (G),0.8762274980545044,0.9526228308677673,-0.07639533281326294
65,38,1,Manhattan (H),0.8762274980545044,0.9036802649497986,-0.02745276689529419
87,38,1,Minkowski (P),0.904341459274292,0.2689151167869568,0.6354263424873352
87,38,1,Minkowski (G),0.904341459274292,0.733095109462738,0.17124634981155396
87,38,1,Minkowski (H),0.904341459274292,0.49466103315353394,0.40968042612075806
87,38,1,Euclidiana (P),0.904341459274292,0.725677490234375,0.178663969039917
87,38,1,Euclidiana (G),0.904341459274292,0.5146206617355347,0.3897207975387573
87,38,1,Euclidiana (H),0.904341459274292,0.5344502925872803,0.3698911666870117
87,38,1,Manhattan (P),0.904341459274292,0.5522421002388,0.35209935903549194
87,38,1,Manhattan (G),0.904341459274292,0.5203585028648376,0.38398295640945435
87,38,1,Manhattan (H),0.904341459274292,0.8146660923957825,0.08967536687850952
93,38,1,Minkowski (P),0.8341915607452393,1.0,-0.16580843925476074
93,38,1,Minkowski (G),0.8341915607452393,0.6864736676216125,0.1477178931236267
93,38,1,Minkowski (H),0.8341915607452393,0.7175303101539612,0.11666125059127808
93,38,1,Euclidiana (P),0.8341915607452393,0.4779191017150879,0.35627245903015137
93,38,1,Euclidiana (G),0.8341915607452393,0.6056622266769409,0.22852933406829834
93,38,1,Euclidiana (H),0.8341915607452393,0.6437163949012756,0.19047516584396362
93,38,1,Manhattan (P),0.8341915607452393,0.9973892569541931,-0.16319769620895386
93,38,1,Manhattan (G),0.8341915607452393,0.36069175601005554,0.4734998047351837
93,38,1,Manhattan (H),0.8341915607452393,0.5871063470840454,0.24708521366119385
107,38,1,Minkowski (P),0.7868069410324097,0.4634111821651459,0.3233957588672638
107,38,1,Minkowski (G),0.7868069410324097,0.841931164264679,-0.05512422323226929
107,38,1,Minkowski (H),0.7868069410324097,0.776646077632904,0.010160863399505615
107,38,1,Euclidiana (P),0.7868069410324097,0.7995815277099609,-0.01277458667755127
107,38,1,Euclidiana (G),0.7868069410324097,0.8111538887023926,-0.02434694766998291
107,38,1,Euclidiana (H),0.7868069410324097,0.45279496908187866,0.334011971950531
107,38,1,Manhattan (P),0.7868069410324097,0.8381649851799011,-0.051358044147491455
107,38,1,Manhattan (G),0.7868069410324097,0.8852406740188599,-0.0984337329864502
107,38,1,Manhattan (H),0.7868069410324097,0.6056651473045349,0.18114179372787476
121,38,1,Minkowski (P),0.9554467797279358,0.937696635723114,0.017750144004821777
121,38,1,Minkowski (G),0.9554467797279358,0.6188899874687195,0.3365567922592163
121,38,1,Minkowski (H),0.9554467797279358,0.5143953561782837,0.4410514235496521
121,38,1,Euclidiana (P),0.9554467797279358,0.7419173121452332,0.21352946758270264
121,38,1,Euclidiana (G),0.9554467797279358,0.8242331147193909,0.13121366500854492
121,38,1,Euclidiana (H),0.9554467797279358,0.5153420567512512,0.44010472297668457
121,38,1,Manhattan (P),0.9554467797279358,0.8224558234214783,0.13299095630645752
121,38,1,Manhattan (G),0.9554467797279358,0.9322346448898315,0.023212134838104248
121,38,1,Manhattan (H),0.9554467797279358,0.9320790767669678,0.023367702960968018
7,39,1,Minkowski (P),0.9102491736412048,1.0,-0.08975082635879517
7,39,1,Minkowski (G),0.9102491736412048,0.9999998807907104,-0.08975070714950562
7,39,1,Minkowski (H),0.9102491736412048,0.4126778244972229,0.49757134914398193
7,39,1,Euclidiana (P),0.9102491736412048,0.6514996886253357,0.25874948501586914
7,39,1,Euclidiana (G),0.9102491736412048,1.0,-0.08975082635879517
7,39,1,Euclidiana (H),0.9102491736412048,0.29168984293937683,0.618559330701828
7,39,1,Manhattan (P),0.9102491736412048,0.9999353885650635,-0.08968621492385864
7,39,1,Manhattan (G),0.9102491736412048,0.2778088450431824,0.6324403285980225
7,39,1,Manhattan (H),0.9102491736412048,0.6552722454071045,0.25497692823410034
12,39,1,Minkowski (P),0.9167947769165039,0.8033043146133423,0.11349046230316162
12,39,1,Minkowski (G),0.9167947769165039,0.896920919418335,0.019873857498168945
12,39,1,Minkowski (H),0.9167947769165039,0.25998273491859436,0.6568120419979095
12,39,1,Euclidiana (P),0.9167947769165039,0.2317734807729721,0.6850212961435318
12,39,1,Euclidiana (G),0.9167947769165039,0.21974653005599976,0.6970482468605042
12,39,1,Euclidiana (H),0.9167947769165039,0.2503944933414459,0.666400283575058
12,39,1,Manhattan (P),0.9167947769165039,0.9335407018661499,-0.016745924949645996
12,39,1,Manhattan (G),0.9167947769165039,0.4848051071166992,0.4319896697998047
12,39,1,Manhattan (H),0.9167947769165039,0.3426898419857025,0.5741049349308014
42,39,1,Minkowski (P),0.8626713752746582,0.39260897040367126,0.47006240487098694
42,39,1,Minkowski (G),0.8626713752746582,0.5565629005432129,0.3061084747314453
42,39,1,Minkowski (H),0.8626713752746582,0.6572245359420776,0.20544683933258057
42,39,1,Euclidiana (P),0.8626713752746582,0.4936523735523224,0.3690190017223358
42,39,1,Euclidiana (G),0.8626713752746582,0.8217597603797913,0.04091161489486694
42,39,1,Euclidiana (H),0.8626713752746582,0.6619614362716675,0.20070993900299072
42,39,1,Manhattan (P),0.8626713752746582,0.9060558080673218,-0.043384432792663574
42,39,1,Manhattan (G),0.8626713752746582,0.9790720343589783,-0.11640065908432007
42,39,1,Manhattan (H),0.8626713752746582,0.748932421207428,0.11373895406723022
65,39,1,Minkowski (P),0.7900145053863525,0.8920754194259644,-0.10206091403961182
65,39,1,Minkowski (G),0.7900145053863525,0.8275464773178101,-0.03753197193145752
65,39,1,Minkowski (H),0.7900145053863525,0.9779350161552429,-0.18792051076889038
65,39,1,Euclidiana (P),0.7900145053863525,0.9388880729675293,-0.14887356758117676
65,39,1,Euclidiana (G),0.7900145053863525,0.8391715288162231,-0.049157023429870605
65,39,1,Euclidiana (H),0.7900145053863525,0.933669924736023,-0.1436554193496704
65,39,1,Manhattan (P),0.7900145053863525,0.9902230501174927,-0.20020854473114014
65,39,1,Manhattan (G),0.7900145053863525,0.968035876750946,-0.1780213713645935
65,39,1,Manhattan (H),0.7900145053863525,0.9368226528167725,-0.14680814743041992
87,39,1,Minkowski (P),0.9663918614387512,0.4574795067310333,0.5089123547077179
87,39,1,Minkowski (G),0.9663918614387512,0.5933135151863098,0.3730783462524414
87,39,1,Minkowski (H),0.9663918614387512,0.5035235285758972,0.462868332862854
87,39,1,Euclidiana (P),0.9663918614387512,0.7034251689910889,0.26296669244766235
87,39,1,Euclidiana (G),0.9663918614387512,0.5094258785247803,0.45696598291397095
87,39,1,Euclidiana (H),0.9663918614387512,0.6474084854125977,0.31898337602615356
87,39,1,Manhattan (P),0.9663918614387512,0.6096483469009399,0.3567435145378113
87,39,1,Manhattan (G),0.9663918614387512,0.5471651554107666,0.4192267060279846
87,39,1,Manhattan (H),0.9663918614387512,0.6984860897064209,0.2679057717323303
93,39,1,Minkowski (P),0.39449384808540344,1.0,-0.6055061519145966
93,39,1,Minkowski (G),0.39449384808540344,0.6932327151298523,-0.29873886704444885
93,39,1,Minkowski (H),0.39449384808540344,0.7312214374542236,-0.3367275893688202
93,39,1,Euclidiana (P),0.39449384808540344,0.6187052130699158,-0.22421136498451233
93,39,1,Euclidiana (G),0.39449384808540344,0.6088695526123047,-0.21437570452690125
93,39,1,Euclidiana (H),0.39449384808540344,0.5810442566871643,-0.18655040860176086
93,39,1,Manhattan (P),0.39449384808540344,0.9967784285545349,-0.6022845804691315
93,39,1,Manhattan (G),0.39449384808540344,0.6675859689712524,-0.273092120885849
93,39,1,Manhattan (H),0.39449384808540344,0.6484832167625427,-0.2539893686771393
107,39,1,Minkowski (P),0.3518766462802887,0.6856444478034973,-0.3337678015232086
107,39,1,Minkowski (G),0.3518766462802887,0.8151420950889587,-0.46326544880867004
107,39,1,Minkowski (H),0.3518766462802887,0.45312783122062683,-0.10125118494033813
107,39,1,Euclidiana (P),0.3518766462802887,0.45668745040893555,-0.10481080412864685
107,39,1,Euclidiana (G),0.3518766462802887,0.8157108426094055,-0.4638341963291168
107,39,1,Euclidiana (H),0.3518766462802887,0.49404507875442505,-0.14216843247413635
107,39,1,Manhattan (P),0.3518766462802887,0.8915145397186279,-0.5396378934383392
107,39,1,Manhattan (G),0.3518766462802887,0.9141109585762024,-0.5622343122959137
107,39,1,Manhattan (H),0.3518766462802887,0.6409817337989807,-0.289105087518692
121,39,1,Minkowski (P),0.9004532694816589,0.7146490216255188,0.18580424785614014
121,39,1,Minkowski (G),0.9004532694816589,0.5777877569198608,0.3226655125617981
121,39,1,Minkowski (H),0.9004532694816589,0.4439418911933899,0.45651137828826904
121,39,1,Euclidiana (P),0.9004532694816589,0.6778390407562256,0.22261422872543335
121,39,1,Euclidiana (G),0.9004532694816589,0.8252551555633545,0.07519811391830444
121,39,1,Euclidiana (H),0.9004532694816589,0.881454348564148,0.018998920917510986
121,39,1,Manhattan (P),0.9004532694816589,0.8440235257148743,0.05642974376678467
121,39,1,Manhattan (G),0.9004532694816589,0.9138966202735901,-0.013443350791931152
121,39,1,Manhattan (H),0.9004532694816589,0.9581323862075806,-0.05767911672592163
7,40,1,Minkowski (P),0.9257968068122864,0.9999996423721313,-0.07420283555984497
7,40,1,Minkowski (G),0.9257968068122864,0.969987154006958,-0.04419034719467163
7,40,1,Minkowski (H),0.9257968068122864,0.8267326951026917,0.09906411170959473
7,40,1,Euclidiana (P),0.9257968068122864,0.5083805918693542,0.41741621494293213
7,40,1,Euclidiana (G),0.9257968068122864,0.442255437374115,0.4835413694381714
7,40,1,Euclidiana (H),0.9257968068122864,0.45489561557769775,0.4709011912345886
7,40,1,Manhattan (P),0.9257968068122864,0.6891602277755737,0.23663657903671265
7,40,1,Manhattan (G),0.9257968068122864,0.7563684582710266,0.16942834854125977
7,40,1,Manhattan (H),0.9257968068122864,0.4684925973415375,0.4573042094707489
12,40,1,Minkowski (P),0.9555119872093201,0.41721856594085693,0.5382934212684631
12,40,1,Minkowski (G),0.9555119872093201,0.9772834181785583,-0.02177143096923828
12,40,1,Minkowski (H),0.9555119872093201,0.4975773096084595,0.4579346776008606
12,40,1,Euclidiana (P),0.9555119872093201,0.5720198750495911,0.383492112159729
12,40,1,Euclidiana (G),0.9555119872093201,0.4293946623802185,0.5261173248291016
12,40,1,Euclidiana (H),0.9555119872093201,0.2167130708694458,0.7387989163398743
12,40,1,Manhattan (P),0.9555119872093201,0.2555449903011322,0.6999669969081879
12,40,1,Manhattan (G),0.9555119872093201,0.3498671352863312,0.6056448519229889
12,40,1,Manhattan (H),0.9555119872093201,0.3784192204475403,0.5770927667617798
42,40,1,Minkowski (P),0.9890528321266174,0.9088530540466309,0.08019977807998657
42,40,1,Minkowski (G),0.9890528321266174,0.9999949932098389,-0.010942161083221436
42,40,1,Minkowski (H),0.9890528321266174,0.5848914980888367,0.40416133403778076
42,40,1,Euclidiana (P),0.9890528321266174,0.5711125731468201,0.41794025897979736
42,40,1,Euclidiana (G),0.9890528321266174,0.7199046015739441,0.26914823055267334
42,40,1,Euclidiana (H),0.9890528321266174,0.5104864239692688,0.47856640815734863
42,40,1,Manhattan (P),0.9890528321266174,0.46033549308776855,0.5287173390388489
42,40,1,Manhattan (G),0.9890528321266174,0.5048050880432129,0.48424774408340454
42,40,1,Manhattan (H),0.9890528321266174,0.9999889135360718,-0.010936081409454346
65,40,1,Minkowski (P),0.9734993577003479,0.9184471964836121,0.05505216121673584
65,40,1,Minkowski (G),0.9734993577003479,0.9033161997795105,0.0701831579208374
65,40,1,Minkowski (H),0.9734993577003479,0.9997593760490417,-0.026260018348693848
65,40,1,Euclidiana (P),0.9734993577003479,0.9601127505302429,0.01338660717010498
65,40,1,Euclidiana (G),0.9734993577003479,0.8961644172668457,0.0773349404335022
65,40,1,Euclidiana (H),0.9734993577003479,0.9748677015304565,-0.0013683438301086426
65,40,1,Manhattan (P),0.9734993577003479,0.9390147924423218,0.03448456525802612
65,40,1,Manhattan (G),0.9734993577003479,0.9815265536308289,-0.008027195930480957
65,40,1,Manhattan (H),0.9734993577003479,0.8492738604545593,0.12422549724578857
87,40,1,Minkowski (P),0.62491375207901,0.3970393240451813,0.22787442803382874
87,40,1,Minkowski (G),0.62491375207901,0.9817860722541809,-0.3568723201751709
87,40,1,Minkowski (H),0.62491375207901,0.3815254271030426,0.2433883249759674
87,40,1,Euclidiana (P),0.62491375207901,0.9909432530403137,-0.3660295009613037
87,40,1,Euclidiana (G),0.62491375207901,0.3809811472892761,0.2439326047897339
87,40,1,Euclidiana (H),0.62491375207901,0.6938969492912292,-0.06898319721221924
87,40,1,Manhattan (P),0.62491375207901,0.524836003780365,0.10007774829864502
87,40,1,Manhattan (G),0.62491375207901,0.49882978200912476,0.12608397006988525
87,40,1,Manhattan (H),0.62491375207901,0.7943642735481262,-0.1694505214691162
93,40,1,Minkowski (P),0.9688332676887512,0.4855141043663025,0.48331916332244873
93,40,1,Minkowski (G),0.9688332676887512,0.7410416603088379,0.22779160737991333
93,40,1,Minkowski (H),0.9688332676887512,0.7379359006881714,0.23089736700057983
93,40,1,Euclidiana (P),0.9688332676887512,0.7297081351280212,0.23912513256072998
93,40,1,Euclidiana (G),0.9688332676887512,0.47222453355789185,0.4966087341308594
93,40,1,Euclidiana (H),0.9688332676887512,0.7686119079589844,0.20022135972976685
93,40,1,Manhattan (P),0.9688332676887512,0.6953817009925842,0.273451566696167
93,40,1,Manhattan (G),0.9688332676887512,0.5786036252975464,0.39022964239120483
93,40,1,Manhattan (H),0.9688332676887512,0.43824002146720886,0.5305932462215424
107,40,1,Minkowski (P),0.981650710105896,0.4789751470088959,0.5026755630970001
107,40,1,Minkowski (G),0.981650710105896,0.6800466775894165,0.3016040325164795
107,40,1,Minkowski (H),0.981650710105896,0.4336058497428894,0.5480448603630066
107,40,1,Euclidiana (P),0.981650710105896,0.6102968454360962,0.3713538646697998
107,40,1,Euclidiana (G),0.981650710105896,0.5362557768821716,0.44539493322372437
107,40,1,Euclidiana (H),0.981650710105896,0.4245540499687195,0.5570966601371765
107,40,1,Manhattan (P),0.981650710105896,0.8791677355766296,0.10248297452926636
107,40,1,Manhattan (G),0.981650710105896,0.5146762132644653,0.46697449684143066
107,40,1,Manhattan (H),0.981650710105896,0.3388625681400299,0.6427881419658661
121,40,1,Minkowski (P),0.970258891582489,0.40398404002189636,0.5662748515605927
121,40,1,Minkowski (G),0.970258891582489,0.9999997615814209,-0.029740869998931885
121,40,1,Minkowski (H),0.970258891582489,0.844618558883667,0.12564033269882202
121,40,1,Euclidiana (P),0.970258891582489,0.54263836145401,0.427620530128479
121,40,1,Euclidiana (G),0.970258891582489,0.6024326086044312,0.36782628297805786
121,40,1,Euclidiana (H),0.970258891582489,0.5340086221694946,0.4362502694129944
121,40,1,Manhattan (P),0.970258891582489,0.5565434694290161,0.4137154221534729
121,40,1,Manhattan (G),0.970258891582489,0.7667935490608215,0.20346534252166748
121,40,1,Manhattan (H),0.970258891582489,0.7672269940376282,0.20303189754486084
7,41,1,Minkowski (P),0.03798145800828934,0.9999895095825195,-0.9620080515742302
7,41,1,Minkowski (G),0.03798145800828934,0.999653697013855,-0.9616722390055656
7,41,1,Minkowski (H),0.03798145800828934,0.3866325616836548,-0.34865110367536545
7,41,1,Euclidiana (P),0.03798145800828934,0.07370194792747498,-0.03572048991918564
7,41,1,Euclidiana (G),0.03798145800828934,1.0,-0.9620185419917107
7,41,1,Euclidiana (H),0.03798145800828934,0.4978737533092499,-0.45989229530096054
7,41,1,Manhattan (P),0.03798145800828934,0.2569114863872528,-0.21893002837896347
7,41,1,Manhattan (G),0.03798145800828934,0.3028898537158966,-0.26490839570760727
7,41,1,Manhattan (H),0.03798145800828934,0.5750232338905334,-0.5370417758822441
12,41,1,Minkowski (P),0.000837066094391048,0.8665447235107422,-0.8657076574163511
12,41,1,Minkowski (G),0.000837066094391048,0.4161713719367981,-0.41533430584240705
12,41,1,Minkowski (H),0.000837066094391048,0.6898520588874817,-0.6890149927930906
12,41,1,Euclidiana (P),0.000837066094391048,0.43413010239601135,-0.4332930363016203
12,41,1,Euclidiana (G),0.000837066094391048,0.9718793034553528,-0.9710422373609617
12,41,1,Euclidiana (H),0.000837066094391048,0.3412666618824005,-0.34042959578800946
12,41,1,Manhattan (P),0.000837066094391048,0.21870410442352295,-0.2178670383291319
12,41,1,Manhattan (G),0.000837066094391048,0.34953975677490234,-0.3487026906805113
12,41,1,Manhattan (H),0.000837066094391048,0.48469164967536926,-0.4838545835809782
42,41,1,Minkowski (P),0.006174106616526842,0.8491732478141785,-0.8429991411976516
42,41,1,Minkowski (G),0.006174106616526842,0.7768996357917786,-0.7707255291752517
42,41,1,Minkowski (H),0.006174106616526842,0.6545045375823975,-0.6483304309658706
42,41,1,Euclidiana (P),0.006174106616526842,0.6085496544837952,-0.6023755478672683
42,41,1,Euclidiana (G),0.006174106616526842,0.7411679625511169,-0.7349938559345901
42,41,1,Euclidiana (H),0.006174106616526842,0.8300393223762512,-0.8238652157597244
42,41,1,Manhattan (P),0.006174106616526842,0.6145604848861694,-0.6083863782696426
42,41,1,Manhattan (G),0.006174106616526842,0.8967077732086182,-0.8905336665920913
42,41,1,Manhattan (H),0.006174106616526842,0.4851951003074646,-0.47902099369093776
65,41,1,Minkowski (P),0.0347832515835762,0.7161703109741211,-0.6813870593905449
65,41,1,Minkowski (G),0.0347832515835762,0.8440888524055481,-0.8093056008219719
65,41,1,Minkowski (H),0.0347832515835762,0.9885725975036621,-0.9537893459200859
65,41,1,Euclidiana (P),0.0347832515835762,0.9214973449707031,-0.8867140933871269
65,41,1,Euclidiana (G),0.0347832515835762,0.8971607089042664,-0.8623774573206902
65,41,1,Euclidiana (H),0.0347832515835762,0.9228656888008118,-0.8880824372172356
65,41,1,Manhattan (P),0.0347832515835762,0.6267431974411011,-0.5919599458575249
65,41,1,Manhattan (G),0.0347832515835762,0.9115407466888428,-0.8767574951052666
65,41,1,Manhattan (H),0.0347832515835762,0.7214595079421997,-0.6866762563586235
87,41,1,Minkowski (P),0.0033336589112877846,0.5022728443145752,-0.4989391854032874
87,41,1,Minkowski (G),0.0033336589112877846,0.5809256434440613,-0.5775919845327735
87,41,1,Minkowski (H),0.0033336589112877846,0.685839056968689,-0.6825053980574012
87,41,1,Euclidiana (P),0.0033336589112877846,0.7530957460403442,-0.7497620871290565
87,41,1,Euclidiana (G),0.0033336589112877846,0.6348513960838318,-0.631517737172544
87,41,1,Euclidiana (H),0.0033336589112877846,0.7955890893936157,-0.7922554304823279
87,41,1,Manhattan (P),0.0033336589112877846,0.5528083443641663,-0.5494746854528785
87,41,1,Manhattan (G),0.0033336589112877846,0.7076306343078613,-0.7042969753965735
87,41,1,Manhattan (H),0.0033336589112877846,0.7949541211128235,-0.7916204622015357
93,41,1,Minkowski (P),0.030299175530672073,0.9964145421981812,-0.9661153666675091
93,41,1,Minkowski (G),0.030299175530672073,0.43614834547042847,-0.4058491699397564
93,41,1,Minkowski (H),0.030299175530672073,0.5797393321990967,-0.5494401566684246
93,41,1,Euclidiana (P),0.030299175530672073,0.7400858402252197,-0.7097866646945477
93,41,1,Euclidiana (G),0.030299175530672073,0.5118401050567627,-0.4815409295260906
93,41,1,Euclidiana (H),0.030299175530672073,0.7079874873161316,-0.6776883117854595
93,41,1,Manhattan (P),0.030299175530672073,0.7696876525878906,-0.7393884770572186
93,41,1,Manhattan (G),0.030299175530672073,0.48683154582977295,-0.4565323702991009
93,41,1,Manhattan (H),0.030299175530672073,0.45950427651405334,-0.42920510098338127
107,41,1,Minkowski (P),0.008935204707086086,0.5667091012001038,-0.5577738964930177
107,41,1,Minkowski (G),0.008935204707086086,0.8388997316360474,-0.8299645269289613
107,41,1,Minkowski (H),0.008935204707086086,0.39307695627212524,-0.38414175156503916
107,41,1,Euclidiana (P),0.008935204707086086,0.5320858955383301,-0.523150690831244
107,41,1,Euclidiana (G),0.008935204707086086,0.5867521166801453,-0.5778169119730592
107,41,1,Euclidiana (H),0.008935204707086086,0.41592955589294434,-0.40699435118585825
107,41,1,Manhattan (P),0.008935204707086086,0.5688543319702148,-0.5599191272631288
107,41,1,Manhattan (G),0.008935204707086086,0.5755877494812012,-0.5666525447741151
107,41,1,Manhattan (H),0.008935204707086086,0.41546306014060974,-0.40652785543352365
121,41,1,Minkowski (P),0.017287027090787888,0.6522800922393799,-0.634993065148592
121,41,1,Minkowski (G),0.017287027090787888,0.5125274062156677,-0.49524037912487984
121,41,1,Minkowski (H),0.017287027090787888,0.5413696765899658,-0.5240826494991779
121,41,1,Euclidiana (P),0.017287027090787888,0.5705543756484985,-0.5532673485577106
121,41,1,Euclidiana (G),0.017287027090787888,0.8121784925460815,-0.7948914654552937
121,41,1,Euclidiana (H),0.017287027090787888,0.4736776053905487,-0.4563905782997608
121,41,1,Manhattan (P),0.017287027090787888,0.6338789463043213,-0.6165919192135334
121,41,1,Manhattan (G),0.017287027090787888,0.748059868812561,-0.7307728417217731
121,41,1,Manhattan (H),0.017287027090787888,0.5344252586364746,-0.5171382315456867
7,42,1,Minkowski (P),0.9996155500411987,0.8501444458961487,0.14947110414505005
7,42,1,Minkowski (G),0.9996155500411987,0.38881346583366394,0.6108020842075348
7,42,1,Minkowski (H),0.9996155500411987,0.4950101375579834,0.5046054124832153
7,42,1,Euclidiana (P),0.9996155500411987,0.4880988895893097,0.511516660451889
7,42,1,Euclidiana (G),0.9996155500411987,0.39264988899230957,0.6069656610488892
7,42,1,Euclidiana (H),0.9996155500411987,0.42876556515693665,0.5708499848842621
7,42,1,Manhattan (P),0.9996155500411987,0.16756801307201385,0.8320475369691849
7,42,1,Manhattan (G),0.9996155500411987,0.36070048809051514,0.6389150619506836
7,42,1,Manhattan (H),0.9996155500411987,0.4813298285007477,0.518285721540451
12,42,1,Minkowski (P),0.9969235062599182,0.9196405410766602,0.07728296518325806
12,42,1,Minkowski (G),0.9969235062599182,0.266160249710083,0.7307632565498352
12,42,1,Minkowski (H),0.9969235062599182,0.24099375307559967,0.7559297531843185
12,42,1,Euclidiana (P),0.9969235062599182,0.3340972661972046,0.6628262400627136
12,42,1,Euclidiana (G),0.9969235062599182,0.13946779072284698,0.8574557155370712
12,42,1,Euclidiana (H),0.9969235062599182,0.31754618883132935,0.6793773174285889
12,42,1,Manhattan (P),0.9969235062599182,0.2503723204135895,0.7465511858463287
12,42,1,Manhattan (G),0.9969235062599182,0.6219767332077026,0.3749467730522156
12,42,1,Manhattan (H),0.9969235062599182,0.5573911070823669,0.43953239917755127
42,42,1,Minkowski (P),0.9969534873962402,0.8935614824295044,0.10339200496673584
42,42,1,Minkowski (G),0.9969534873962402,0.5794234871864319,0.41753000020980835
42,42,1,Minkowski (H),0.9969534873962402,0.8055989146232605,0.19135457277297974
42,42,1,Euclidiana (P),0.9969534873962402,0.8246282935142517,0.17232519388198853
42,42,1,Euclidiana (G),0.9969534873962402,0.7234505414962769,0.2735029458999634
42,42,1,Euclidiana (H),0.9969534873962402,0.8056682348251343,0.19128525257110596
42,42,1,Manhattan (P),0.9969534873962402,0.9221540093421936,0.07479947805404663
42,42,1,Manhattan (G),0.9969534873962402,0.9847260117530823,0.012227475643157959
42,42,1,Manhattan (H),0.9969534873962402,0.9824339747428894,0.01451951265335083
65,42,1,Minkowski (P),0.9956806898117065,0.9127594232559204,0.08292126655578613
65,42,1,Minkowski (G),0.9956806898117065,0.8629754185676575,0.13270527124404907
65,42,1,Minkowski (H),0.9956806898117065,0.43209022283554077,0.5635904669761658
65,42,1,Euclidiana (P),0.9956806898117065,0.7959927916526794,0.1996878981590271
65,42,1,Euclidiana (G),0.9956806898117065,0.8506771922111511,0.14500349760055542
65,42,1,Euclidiana (H),0.9956806898117065,0.8621528148651123,0.13352787494659424
65,42,1,Manhattan (P),0.9956806898117065,0.8865151405334473,0.10916554927825928
65,42,1,Manhattan (G),0.9956806898117065,0.5960547924041748,0.39962589740753174
65,42,1,Manhattan (H),0.9956806898117065,0.9316702485084534,0.06401044130325317
87,42,1,Minkowski (P),0.9954433441162109,0.5172905921936035,0.4781527519226074
87,42,1,Minkowski (G),0.9954433441162109,0.7002896666526794,0.2951536774635315
87,42,1,Minkowski (H),0.9954433441162109,0.7434263825416565,0.25201696157455444
87,42,1,Euclidiana (P),0.9954433441162109,0.5731000304222107,0.42234331369400024
87,42,1,Euclidiana (G),0.9954433441162109,0.7261449098587036,0.2692984342575073
87,42,1,Euclidiana (H),0.9954433441162109,0.6261040568351746,0.3693392872810364
87,42,1,Manhattan (P),0.9954433441162109,0.584701418876648,0.410741925239563
87,42,1,Manhattan (G),0.9954433441162109,0.6691810488700867,0.32626229524612427
87,42,1,Manhattan (H),0.9954433441162109,0.8034668564796448,0.19197648763656616
93,42,1,Minkowski (P),0.9702941179275513,0.9999074935913086,-0.029613375663757324
93,42,1,Minkowski (G),0.9702941179275513,0.34755948185920715,0.6227346360683441
93,42,1,Minkowski (H),0.9702941179275513,0.44368845224380493,0.5266056656837463
93,42,1,Euclidiana (P),0.9702941179275513,0.8564327359199524,0.11386138200759888
93,42,1,Euclidiana (G),0.9702941179275513,0.3882026672363281,0.5820914506912231
93,42,1,Euclidiana (H),0.9702941179275513,0.8526308536529541,0.11766326427459717
93,42,1,Manhattan (P),0.9702941179275513,0.5828092098236084,0.38748490810394287
93,42,1,Manhattan (G),0.9702941179275513,0.893248438835144,0.07704567909240723
93,42,1,Manhattan (H),0.9702941179275513,0.9170365929603577,0.053257524967193604
107,42,1,Minkowski (P),0.98985356092453,0.6046010851860046,0.3852524757385254
107,42,1,Minkowski (G),0.98985356092453,0.754105269908905,0.235748291015625
107,42,1,Minkowski (H),0.98985356092453,0.7397255897521973,0.25012797117233276
107,42,1,Euclidiana (P),0.98985356092453,0.4371727406978607,0.5526808202266693
107,42,1,Euclidiana (G),0.98985356092453,0.6899887323379517,0.29986482858657837
107,42,1,Euclidiana (H),0.98985356092453,0.6123418807983398,0.3775116801261902
107,42,1,Manhattan (P),0.98985356092453,0.8179202675819397,0.17193329334259033
107,42,1,Manhattan (G),0.98985356092453,0.8369952440261841,0.15285831689834595
107,42,1,Manhattan (H),0.98985356092453,0.24585840106010437,0.7439951598644257
121,42,1,Minkowski (P),0.997527539730072,0.29871127009391785,0.6988162696361542
121,42,1,Minkowski (G),0.997527539730072,0.5187007784843445,0.47882676124572754
121,42,1,Minkowski (H),0.997527539730072,0.7068970799446106,0.2906304597854614
121,42,1,Euclidiana (P),0.997527539730072,0.788815975189209,0.20871156454086304
121,42,1,Euclidiana (G),0.997527539730072,0.5931577086448669,0.4043698310852051
121,42,1,Euclidiana (H),0.997527539730072,0.5487194061279297,0.44880813360214233
121,42,1,Manhattan (P),0.997527539730072,0.6049724817276001,0.3925550580024719
121,42,1,Manhattan (G),0.997527539730072,0.9356670379638672,0.061860501766204834
121,42,1,Manhattan (H),0.997527539730072,0.9964573979377747,0.0010701417922973633
7,43,1,Minkowski (P),0.15409375727176666,0.6218494176864624,-0.46775566041469574
7,43,1,Minkowski (G),0.15409375727176666,0.4604170024394989,-0.30632324516773224
7,43,1,Minkowski (H),0.15409375727176666,0.6410874128341675,-0.4869936555624008
7,43,1,Euclidiana (P),0.15409375727176666,0.4725242555141449,-0.31843049824237823
7,43,1,Euclidiana (G),0.15409375727176666,0.41111159324645996,-0.2570178359746933
7,43,1,Euclidiana (H),0.15409375727176666,0.5281599164009094,-0.37406615912914276
7,43,1,Manhattan (P),0.15409375727176666,0.36072400212287903,-0.20663024485111237
7,43,1,Manhattan (G),0.15409375727176666,0.6964108347892761,-0.5423170775175095
7,43,1,Manhattan (H),0.15409375727176666,0.4624565839767456,-0.30836282670497894
12,43,1,Minkowski (P),0.9282540678977966,0.7841758131980896,0.14407825469970703
12,43,1,Minkowski (G),0.9282540678977966,0.2629649341106415,0.6652891337871552
12,43,1,Minkowski (H),0.9282540678977966,0.4801441431045532,0.4481099247932434
12,43,1,Euclidiana (P),0.9282540678977966,0.5491889119148254,0.3790651559829712
12,43,1,Euclidiana (G),0.9282540678977966,0.27446824312210083,0.6537858247756958
12,43,1,Euclidiana (H),0.9282540678977966,0.3374289870262146,0.590825080871582
12,43,1,Manhattan (P),0.9282540678977966,0.5763458609580994,0.35190820693969727
12,43,1,Manhattan (G),0.9282540678977966,0.6898261904716492,0.23842787742614746
12,43,1,Manhattan (H),0.9282540678977966,0.3309909999370575,0.5972630679607391
42,43,1,Minkowski (P),0.8200507760047913,0.8410918116569519,-0.021041035652160645
42,43,1,Minkowski (G),0.8200507760047913,0.8472068905830383,-0.02715611457824707
42,43,1,Minkowski (H),0.8200507760047913,0.742492139339447,0.07755863666534424
42,43,1,Euclidiana (P),0.8200507760047913,0.8688963055610657,-0.048845529556274414
42,43,1,Euclidiana (G),0.8200507760047913,0.6771632432937622,0.14288753271102905
42,43,1,Euclidiana (H),0.8200507760047913,0.7976700067520142,0.0223807692527771
42,43,1,Manhattan (P),0.8200507760047913,0.8711771965026855,-0.05112642049789429
42,43,1,Manhattan (G),0.8200507760047913,0.9270679950714111,-0.10701721906661987
42,43,1,Manhattan (H),0.8200507760047913,0.9999922513961792,-0.17994147539138794
65,43,1,Minkowski (P),0.4429754614830017,0.9138456583023071,-0.4708701968193054
65,43,1,Minkowski (G),0.4429754614830017,0.8076918721199036,-0.36471641063690186
65,43,1,Minkowski (H),0.4429754614830017,0.8918352723121643,-0.4488598108291626
65,43,1,Euclidiana (P),0.4429754614830017,0.9566879272460938,-0.513712465763092
65,43,1,Euclidiana (G),0.4429754614830017,0.9121810793876648,-0.4692056179046631
65,43,1,Euclidiana (H),0.4429754614830017,0.9273142218589783,-0.48433876037597656
65,43,1,Manhattan (P),0.4429754614830017,0.8839457631111145,-0.4409703016281128
65,43,1,Manhattan (G),0.4429754614830017,0.6634495258331299,-0.22047406435012817
65,43,1,Manhattan (H),0.4429754614830017,0.8443547487258911,-0.4013792872428894
87,43,1,Minkowski (P),0.11466051638126373,0.34269794821739197,-0.22803743183612823
87,43,1,Minkowski (G),0.11466051638126373,0.51838618516922,-0.40372566878795624
87,43,1,Minkowski (H),0.11466051638126373,0.7346914410591125,-0.6200309246778488
87,43,1,Euclidiana (P),0.11466051638126373,0.6339970827102661,-0.5193365663290024
87,43,1,Euclidiana (G),0.11466051638126373,0.7560227513313293,-0.6413622349500656
87,43,1,Euclidiana (H),0.11466051638126373,0.6573829054832458,-0.5427223891019821
87,43,1,Manhattan (P),0.11466051638126373,0.6327950358390808,-0.5181345194578171
87,43,1,Manhattan (G),0.11466051638126373,0.6500589847564697,-0.535398468375206
87,43,1,Manhattan (H),0.11466051638126373,0.8853998184204102,-0.7707393020391464
93,43,1,Minkowski (P),0.2555442154407501,0.9950836896896362,-0.7395394742488861
93,43,1,Minkowski (G),0.2555442154407501,0.9721314907073975,-0.7165872752666473
93,43,1,Minkowski (H),0.2555442154407501,0.7228167653083801,-0.46727254986763
93,43,1,Euclidiana (P),0.2555442154407501,0.7190905213356018,-0.4635463058948517
93,43,1,Euclidiana (G),0.2555442154407501,0.47575443983078003,-0.2202102243900299
93,43,1,Euclidiana (H),0.2555442154407501,0.7374886870384216,-0.4819444715976715
93,43,1,Manhattan (P),0.2555442154407501,0.5179385542869568,-0.26239433884620667
93,43,1,Manhattan (G),0.2555442154407501,0.6577389240264893,-0.40219470858573914
93,43,1,Manhattan (H),0.2555442154407501,0.908838152885437,-0.6532939374446869
107,43,1,Minkowski (P),0.5252879858016968,0.6181349158287048,-0.09284693002700806
107,43,1,Minkowski (G),0.5252879858016968,0.8238170146942139,-0.2985290288925171
107,43,1,Minkowski (H),0.5252879858016968,0.6645777225494385,-0.1392897367477417
107,43,1,Euclidiana (P),0.5252879858016968,0.6058005690574646,-0.08051258325576782
107,43,1,Euclidiana (G),0.5252879858016968,0.658432126045227,-0.13314414024353027
107,43,1,Euclidiana (H),0.5252879858016968,0.6548227667808533,-0.1295347809791565
107,43,1,Manhattan (P),0.5252879858016968,0.7682512402534485,-0.2429632544517517
107,43,1,Manhattan (G),0.5252879858016968,0.789438009262085,-0.2641500234603882
107,43,1,Manhattan (H),0.5252879858016968,0.42732110619544983,0.09796687960624695
121,43,1,Minkowski (P),0.5677711367607117,0.3419191837310791,0.22585195302963257
121,43,1,Minkowski (G),0.5677711367607117,0.8544452786445618,-0.2866741418838501
121,43,1,Minkowski (H),0.5677711367607117,0.6349708437919617,-0.06719970703125
121,43,1,Euclidiana (P),0.5677711367607117,0.49860095977783203,0.06917017698287964
121,43,1,Euclidiana (G),0.5677711367607117,0.6554185152053833,-0.08764737844467163
121,43,1,Euclidiana (H),0.5677711367607117,0.5144137740135193,0.05335736274719238
121,43,1,Manhattan (P),0.5677711367607117,0.6711580157279968,-0.10338687896728516
121,43,1,Manhattan (G),0.5677711367607117,0.9113444685935974,-0.34357333183288574
121,43,1,Manhattan (H),0.5677711367607117,0.9999122619628906,-0.43214112520217896
7,44,1,Minkowski (P),0.9870397448539734,0.9999020099639893,-0.01286226511001587
7,44,1,Minkowski (G),0.9870397448539734,0.9999974966049194,-0.012957751750946045
7,44,1,Minkowski (H),0.9870397448539734,0.867827832698822,0.11921191215515137
7,44,1,Euclidiana (P),0.9870397448539734,0.500846803188324,0.4861929416656494
7,44,1,Euclidiana (G),0.9870397448539734,0.18769799172878265,0.7993417531251907
7,44,1,Euclidiana (H),0.9870397448539734,0.35926857590675354,0.6277711689472198
7,44,1,Manhattan (P),0.9870397448539734,0.9941321015357971,-0.0070923566818237305
7,44,1,Manhattan (G),0.9870397448539734,0.5517991185188293,0.43524062633514404
7,44,1,Manhattan (H),0.9870397448539734,0.6833306550979614,0.30370908975601196
12,44,1,Minkowski (P),0.9934953451156616,1.0,-0.006504654884338379
12,44,1,Minkowski (G),0.9934953451156616,0.8295876979827881,0.16390764713287354
12,44,1,Minkowski (H),0.9934953451156616,0.9751298427581787,0.01836550235748291
12,44,1,Euclidiana (P),0.9934953451156616,0.3810585141181946,0.612436830997467
12,44,1,Euclidiana (G),0.9934953451156616,0.8845065832138062,0.10898876190185547
12,44,1,Euclidiana (H),0.9934953451156616,0.8242766857147217,0.16921865940093994
12,44,1,Manhattan (P),0.9934953451156616,0.9289005398750305,0.0645948052406311
12,44,1,Manhattan (G),0.9934953451156616,0.5021567344665527,0.4913386106491089
12,44,1,Manhattan (H),0.9934953451156616,0.31195348501205444,0.6815418601036072
42,44,1,Minkowski (P),0.9563170075416565,0.8982864022254944,0.05803060531616211
42,44,1,Minkowski (G),0.9563170075416565,0.7991325855255127,0.1571844220161438
42,44,1,Minkowski (H),0.9563170075416565,0.46058398485183716,0.49573302268981934
42,44,1,Euclidiana (P),0.9563170075416565,0.5799760818481445,0.37634092569351196
42,44,1,Euclidiana (G),0.9563170075416565,0.7242966294288635,0.23202037811279297
42,44,1,Euclidiana (H),0.9563170075416565,0.7064258456230164,0.24989116191864014
42,44,1,Manhattan (P),0.9563170075416565,0.38717496395111084,0.5691420435905457
42,44,1,Manhattan (G),0.9563170075416565,0.8021360635757446,0.15418094396591187
42,44,1,Manhattan (H),0.9563170075416565,1.0,-0.043682992458343506
65,44,1,Minkowski (P),0.9214542508125305,0.9535200595855713,-0.03206580877304077
65,44,1,Minkowski (G),0.9214542508125305,0.9855403304100037,-0.06408607959747314
65,44,1,Minkowski (H),0.9214542508125305,0.9987562894821167,-0.07730203866958618
65,44,1,Euclidiana (P),0.9214542508125305,0.9992795586585999,-0.07782530784606934
65,44,1,Euclidiana (G),0.9214542508125305,0.927620530128479,-0.006166279315948486
65,44,1,Euclidiana (H),0.9214542508125305,0.9993709921836853,-0.07791674137115479
65,44,1,Manhattan (P),0.9214542508125305,0.8839805126190186,0.03747373819351196
65,44,1,Manhattan (G),0.9214542508125305,0.9982954859733582,-0.07684123516082764
65,44,1,Manhattan (H),0.9214542508125305,0.7114667296409607,0.20998752117156982
87,44,1,Minkowski (P),0.9742953777313232,0.3402305543422699,0.6340648233890533
87,44,1,Minkowski (G),0.9742953777313232,0.7526242733001709,0.22167110443115234
87,44,1,Minkowski (H),0.9742953777313232,0.4629882872104645,0.5113070905208588
87,44,1,Euclidiana (P),0.9742953777313232,0.9719291925430298,0.002366185188293457
87,44,1,Euclidiana (G),0.9742953777313232,0.5172865986824036,0.4570087790489197
87,44,1,Euclidiana (H),0.9742953777313232,0.6432942152023315,0.3310011625289917
87,44,1,Manhattan (P),0.9742953777313232,0.42824941873550415,0.5460459589958191
87,44,1,Manhattan (G),0.9742953777313232,0.5830180048942566,0.39127737283706665
87,44,1,Manhattan (H),0.9742953777313232,0.7652790546417236,0.2090163230895996
93,44,1,Minkowski (P),0.9296983480453491,1.0,-0.07030165195465088
93,44,1,Minkowski (G),0.9296983480453491,0.5835562348365784,0.34614211320877075
93,44,1,Minkowski (H),0.9296983480453491,0.5912692546844482,0.3384290933609009
93,44,1,Euclidiana (P),0.9296983480453491,0.8794519901275635,0.050246357917785645
93,44,1,Euclidiana (G),0.9296983480453491,0.5235697627067566,0.40612858533859253
93,44,1,Euclidiana (H),0.9296983480453491,0.49896514415740967,0.43073320388793945
93,44,1,Manhattan (P),0.9296983480453491,0.7277104258537292,0.20198792219161987
93,44,1,Manhattan (G),0.9296983480453491,0.5733692049980164,0.35632914304733276
93,44,1,Manhattan (H),0.9296983480453491,0.5391860008239746,0.3905123472213745
107,44,1,Minkowski (P),0.970095157623291,0.32131677865982056,0.6487783789634705
107,44,1,Minkowski (G),0.970095157623291,0.5191648006439209,0.4509303569793701
107,44,1,Minkowski (H),0.970095157623291,0.3977445960044861,0.5723505616188049
107,44,1,Euclidiana (P),0.970095157623291,0.8125459551811218,0.1575492024421692
107,44,1,Euclidiana (G),0.970095157623291,0.7266653776168823,0.2434297800064087
107,44,1,Euclidiana (H),0.970095157623291,0.8144171237945557,0.15567803382873535
107,44,1,Manhattan (P),0.970095157623291,0.8145480155944824,0.1555471420288086
107,44,1,Manhattan (G),0.970095157623291,0.44919946789741516,0.5208956897258759
107,44,1,Manhattan (H),0.970095157623291,0.30269426107406616,0.6674008965492249
121,44,1,Minkowski (P),0.9048306345939636,0.4968241751194,0.4080064594745636
121,44,1,Minkowski (G),0.9048306345939636,0.7933802604675293,0.11145037412643433
121,44,1,Minkowski (H),0.9048306345939636,0.7975218296051025,0.10730880498886108
121,44,1,Euclidiana (P),0.9048306345939636,0.5611412525177002,0.3436893820762634
121,44,1,Euclidiana (G),0.9048306345939636,0.4604882597923279,0.44434237480163574
121,44,1,Euclidiana (H),0.9048306345939636,0.5031193494796753,0.40171128511428833
121,44,1,Manhattan (P),0.9048306345939636,0.37277737259864807,0.5320532619953156
121,44,1,Manhattan (G),0.9048306345939636,0.7896648645401001,0.11516577005386353
121,44,1,Manhattan (H),0.9048306345939636,0.9954745173454285,-0.09064388275146484
7,45,1,Minkowski (P),0.1968824565410614,0.38707634806632996,-0.19019389152526855
7,45,1,Minkowski (G),0.1968824565410614,0.33688294887542725,-0.14000049233436584
7,45,1,Minkowski (H),0.1968824565410614,0.490224152803421,-0.2933416962623596
7,45,1,Euclidiana (P),0.1968824565410614,0.8483803868293762,-0.6514979302883148
7,45,1,Euclidiana (G),0.1968824565410614,0.2956068217754364,-0.098724365234375
7,45,1,Euclidiana (H),0.1968824565410614,0.5077309012413025,-0.3108484447002411
7,45,1,Manhattan (P),0.1968824565410614,0.2908537983894348,-0.09397134184837341
7,45,1,Manhattan (G),0.1968824565410614,0.8576020002365112,-0.6607195436954498
7,45,1,Manhattan (H),0.1968824565410614,0.5421323776245117,-0.3452499210834503
12,45,1,Minkowski (P),0.8023991584777832,0.8241370916366577,-0.02173793315887451
12,45,1,Minkowski (G),0.8023991584777832,0.6602115035057068,0.14218765497207642
12,45,1,Minkowski (H),0.8023991584777832,0.732312798500061,0.07008635997772217
12,45,1,Euclidiana (P),0.8023991584777832,0.7112746834754944,0.09112447500228882
12,45,1,Euclidiana (G),0.8023991584777832,0.4351579546928406,0.3672412037849426
12,45,1,Euclidiana (H),0.8023991584777832,0.5439104437828064,0.2584887146949768
12,45,1,Manhattan (P),0.8023991584777832,0.6270020008087158,0.17539715766906738
12,45,1,Manhattan (G),0.8023991584777832,0.7788911461830139,0.023508012294769287
12,45,1,Manhattan (H),0.8023991584777832,0.3232516944408417,0.47914746403694153
42,45,1,Minkowski (P),0.6989052891731262,0.8396878838539124,-0.14078259468078613
42,45,1,Minkowski (G),0.6989052891731262,0.9432173371315002,-0.24431204795837402
42,45,1,Minkowski (H),0.6989052891731262,0.7090420126914978,-0.010136723518371582
42,45,1,Euclidiana (P),0.6989052891731262,0.8931070566177368,-0.1942017674446106
42,45,1,Euclidiana (G),0.6989052891731262,0.8354008793830872,-0.13649559020996094
42,45,1,Euclidiana (H),0.6989052891731262,0.710006594657898,-0.011101305484771729
42,45,1,Manhattan (P),0.6989052891731262,0.789838969707489,-0.09093368053436279
42,45,1,Manhattan (G),0.6989052891731262,0.8027583360671997,-0.10385304689407349
42,45,1,Manhattan (H),0.6989052891731262,0.48835229873657227,0.21055299043655396
65,45,1,Minkowski (P),0.20091989636421204,0.7668481469154358,-0.5659282505512238
65,45,1,Minkowski (G),0.20091989636421204,0.9386369585990906,-0.7377170622348785
65,45,1,Minkowski (H),0.20091989636421204,0.9050734639167786,-0.7041535675525665
65,45,1,Euclidiana (P),0.20091989636421204,0.9525126218795776,-0.7515927255153656
65,45,1,Euclidiana (G),0.20091989636421204,0.9362355470657349,-0.7353156507015228
65,45,1,Euclidiana (H),0.20091989636421204,0.7317160367965698,-0.5307961404323578
65,45,1,Manhattan (P),0.20091989636421204,0.9249579310417175,-0.7240380346775055
65,45,1,Manhattan (G),0.20091989636421204,0.9241281747817993,-0.7232082784175873
65,45,1,Manhattan (H),0.20091989636421204,0.8554692268371582,-0.6545493304729462
87,45,1,Minkowski (P),0.6926899552345276,0.5441238880157471,0.14856606721878052
87,45,1,Minkowski (G),0.6926899552345276,0.5640194416046143,0.12867051362991333
87,45,1,Minkowski (H),0.6926899552345276,0.7429624199867249,-0.050272464752197266
87,45,1,Euclidiana (P),0.6926899552345276,0.8119484186172485,-0.11925846338272095
87,45,1,Euclidiana (G),0.6926899552345276,0.6679608821868896,0.02472907304763794
87,45,1,Euclidiana (H),0.6926899552345276,0.6516432762145996,0.04104667901992798
87,45,1,Manhattan (P),0.6926899552345276,0.7651600241661072,-0.07247006893157959
87,45,1,Manhattan (G),0.6926899552345276,0.5909743309020996,0.10171562433242798
87,45,1,Manhattan (H),0.6926899552345276,0.85895836353302,-0.16626840829849243
93,45,1,Minkowski (P),0.4960981011390686,0.9729778170585632,-0.47687971591949463
93,45,1,Minkowski (G),0.4960981011390686,0.8164094686508179,-0.32031136751174927
93,45,1,Minkowski (H),0.4960981011390686,0.40584897994995117,0.09024912118911743
93,45,1,Euclidiana (P),0.4960981011390686,0.4777856469154358,0.018312454223632812
93,45,1,Euclidiana (G),0.4960981011390686,0.7971813678741455,-0.3010832667350769
93,45,1,Euclidiana (H),0.4960981011390686,0.6190007925033569,-0.12290269136428833
93,45,1,Manhattan (P),0.4960981011390686,0.5546731352806091,-0.05857503414154053
93,45,1,Manhattan (G),0.4960981011390686,0.6535720229148865,-0.15747392177581787
93,45,1,Manhattan (H),0.4960981011390686,0.8803386688232422,-0.3842405676841736
107,45,1,Minkowski (P),0.798002302646637,0.5644981265068054,0.23350417613983154
107,45,1,Minkowski (G),0.798002302646637,0.8718874454498291,-0.07388514280319214
107,45,1,Minkowski (H),0.798002302646637,0.8121123909950256,-0.014110088348388672
107,45,1,Euclidiana (P),0.798002302646637,0.7270178198814392,0.07098448276519775
107,45,1,Euclidiana (G),0.798002302646637,0.8417973518371582,-0.04379504919052124
107,45,1,Euclidiana (H),0.798002302646637,0.6426545977592468,0.15534770488739014
107,45,1,Manhattan (P),0.798002302646637,0.8805397152900696,-0.08253741264343262
107,45,1,Manhattan (G),0.798002302646637,0.8428617119789124,-0.04485940933227539
107,45,1,Manhattan (H),0.798002302646637,0.8141762018203735,-0.016173899173736572
121,45,1,Minkowski (P),0.5534530878067017,0.573948860168457,-0.02049577236175537
121,45,1,Minkowski (G),0.5534530878067017,0.811829149723053,-0.2583760619163513
121,45,1,Minkowski (H),0.5534530878067017,0.7745108604431152,-0.22105777263641357
121,45,1,Euclidiana (P),0.5534530878067017,0.9047772884368896,-0.351324200630188
121,45,1,Euclidiana (G),0.5534530878067017,0.8391506671905518,-0.2856975793838501
121,45,1,Euclidiana (H),0.5534530878067017,0.7843421697616577,-0.23088908195495605
121,45,1,Manhattan (P),0.5534530878067017,0.8749117851257324,-0.32145869731903076
121,45,1,Manhattan (G),0.5534530878067017,0.9036849141120911,-0.3502318263053894
121,45,1,Manhattan (H),0.5534530878067017,0.45341920852661133,0.10003387928009033
7,46,1,Minkowski (P),0.9986843466758728,0.9991135001182556,-0.0004291534423828125
7,46,1,Minkowski (G),0.9986843466758728,1.0,-0.0013156533241271973
7,46,1,Minkowski (H),0.9986843466758728,0.23463858664035797,0.7640457600355148
7,46,1,Euclidiana (P),0.9986843466758728,0.6492743492126465,0.3494099974632263
7,46,1,Euclidiana (G),0.9986843466758728,0.9999996423721313,-0.001315295696258545
7,46,1,Euclidiana (H),0.9986843466758728,0.6508657932281494,0.3478185534477234
7,46,1,Manhattan (P),0.9986843466758728,1.0,-0.0013156533241271973
7,46,1,Manhattan (G),0.9986843466758728,0.37839096784591675,0.620293378829956
7,46,1,Manhattan (H),0.9986843466758728,0.7727986574172974,0.22588568925857544
12,46,1,Minkowski (P),0.9997170567512512,1.0,-0.0002829432487487793
12,46,1,Minkowski (G),0.9997170567512512,1.3552215929363332e-18,0.9997170567512512
12,46,1,Minkowski (H),0.9997170567512512,1.0,-0.0002829432487487793
12,46,1,Euclidiana (P),0.9997170567512512,0.2159634679555893,0.7837535887956619
12,46,1,Euclidiana (G),0.9997170567512512,0.6501497030258179,0.34956735372543335
12,46,1,Euclidiana (H),0.9997170567512512,0.8825429677963257,0.11717408895492554
12,46,1,Manhattan (P),0.9997170567512512,0.7977645397186279,0.2019525170326233
12,46,1,Manhattan (G),0.9997170567512512,0.4054049253463745,0.5943121314048767
12,46,1,Manhattan (H),0.9997170567512512,0.28226691484451294,0.7174501419067383
42,46,1,Minkowski (P),0.9982732534408569,0.45044416189193726,0.5478290915489197
42,46,1,Minkowski (G),0.9982732534408569,1.0,-0.0017267465591430664
42,46,1,Minkowski (H),0.9982732534408569,0.7894296646118164,0.20884358882904053
42,46,1,Euclidiana (P),0.9982732534408569,0.42878228425979614,0.5694909691810608
42,46,1,Euclidiana (G),0.9982732534408569,0.5993399024009705,0.3989333510398865
42,46,1,Euclidiana (H),0.9982732534408569,0.7794599533081055,0.21881330013275146
42,46,1,Manhattan (P),0.9982732534408569,0.9308720231056213,0.0674012303352356
42,46,1,Manhattan (G),0.9982732534408569,0.6082976460456848,0.3899756073951721
42,46,1,Manhattan (H),0.9982732534408569,0.9999927282333374,-0.0017194747924804688
65,46,1,Minkowski (P),0.9883984923362732,0.6998186111450195,0.28857988119125366
65,46,1,Minkowski (G),0.9883984923362732,0.948648989200592,0.03974950313568115
65,46,1,Minkowski (H),0.9883984923362732,0.5817035436630249,0.4066949486732483
65,46,1,Euclidiana (P),0.9883984923362732,0.9528464078903198,0.03555208444595337
65,46,1,Euclidiana (G),0.9883984923362732,0.886117160320282,0.10228133201599121
65,46,1,Euclidiana (H),0.9883984923362732,0.8961135745048523,0.0922849178314209
65,46,1,Manhattan (P),0.9883984923362732,0.9636701345443726,0.024728357791900635
65,46,1,Manhattan (G),0.9883984923362732,0.9810302257537842,0.007368266582489014
65,46,1,Manhattan (H),0.9883984923362732,0.8570175766944885,0.13138091564178467
87,46,1,Minkowski (P),0.9857327342033386,0.7592259049415588,0.22650682926177979
87,46,1,Minkowski (G),0.9857327342033386,0.6852115392684937,0.30052119493484497
87,46,1,Minkowski (H),0.9857327342033386,0.4843149483203888,0.5014177858829498
87,46,1,Euclidiana (P),0.9857327342033386,0.6841075420379639,0.30162519216537476
87,46,1,Euclidiana (G),0.9857327342033386,0.5189641118049622,0.46676862239837646
87,46,1,Euclidiana (H),0.9857327342033386,0.5748847723007202,0.4108479619026184
87,46,1,Manhattan (P),0.9857327342033386,0.4930999279022217,0.49263280630111694
87,46,1,Manhattan (G),0.9857327342033386,0.5799399614334106,0.405792772769928
87,46,1,Manhattan (H),0.9857327342033386,0.7529139518737793,0.23281878232955933
93,46,1,Minkowski (P),0.9903556108474731,1.0,-0.009644389152526855
93,46,1,Minkowski (G),0.9903556108474731,0.9880185127258301,0.0023370981216430664
93,46,1,Minkowski (H),0.9903556108474731,1.0,-0.009644389152526855
93,46,1,Euclidiana (P),0.9903556108474731,0.6760128736495972,0.314342737197876
93,46,1,Euclidiana (G),0.9903556108474731,0.4561398923397064,0.5342157185077667
93,46,1,Euclidiana (H),0.9903556108474731,0.5305161476135254,0.45983946323394775
93,46,1,Manhattan (P),0.9903556108474731,0.8401681780815125,0.1501874327659607
93,46,1,Manhattan (G),0.9903556108474731,0.5519827604293823,0.4383728504180908
93,46,1,Manhattan (H),0.9903556108474731,0.6107860207557678,0.3795695900917053
107,46,1,Minkowski (P),0.9961689114570618,0.6824729442596436,0.3136959671974182
107,46,1,Minkowski (G),0.9961689114570618,0.9562967419624329,0.039872169494628906
107,46,1,Minkowski (H),0.9961689114570618,0.7129897475242615,0.2831791639328003
107,46,1,Euclidiana (P),0.9961689114570618,0.5665633082389832,0.4296056032180786
107,46,1,Euclidiana (G),0.9961689114570618,0.6724901795387268,0.32367873191833496
107,46,1,Euclidiana (H),0.9961689114570618,0.6690027117729187,0.32716619968414307
107,46,1,Manhattan (P),0.9961689114570618,0.80682772397995,0.18934118747711182
107,46,1,Manhattan (G),0.9961689114570618,0.4263642430305481,0.5698046684265137
107,46,1,Manhattan (H),0.9961689114570618,0.7081596255302429,0.28800928592681885
121,46,1,Minkowski (P),0.9802348613739014,1.0,-0.019765138626098633
121,46,1,Minkowski (G),0.9802348613739014,0.9706569910049438,0.00957787036895752
121,46,1,Minkowski (H),0.9802348613739014,0.4748825132846832,0.5053523480892181
121,46,1,Euclidiana (P),0.9802348613739014,0.5441123843193054,0.43612247705459595
121,46,1,Euclidiana (G),0.9802348613739014,0.5137979984283447,0.46643686294555664
121,46,1,Euclidiana (H),0.9802348613739014,0.5299853682518005,0.45024949312210083
121,46,1,Manhattan (P),0.9802348613739014,0.5413972735404968,0.43883758783340454
121,46,1,Manhattan (G),0.9802348613739014,0.5781779289245605,0.4020569324493408
121,46,1,Manhattan (H),0.9802348613739014,0.6610528826713562,0.31918197870254517
7,47,2,Minkowski (P),0.9798418283462524,0.2162012904882431,0.7636405378580093
7,47,2,Minkowski (G),0.9798418283462524,0.026276549324393272,0.9535652790218592
7,47,2,Minkowski (H),0.9798418283462524,0.061859890818595886,0.9179819375276566
7,47,2,Euclidiana (P),0.9798418283462524,0.05521964654326439,0.924622181802988
7,47,2,Euclidiana (G),0.9798418283462524,0.05950288847088814,0.9203389398753643
7,47,2,Euclidiana (H),0.9798418283462524,0.045416880398988724,0.9344249479472637
7,47,2,Manhattan (P),0.9798418283462524,0.09203854203224182,0.8878032863140106
7,47,2,Manhattan (G),0.9798418283462524,0.029767245054244995,0.9500745832920074
7,47,2,Manhattan (H),0.9798418283462524,0.1671086847782135,0.8127331435680389
12,47,2,Minkowski (P),0.9904366135597229,0.472898006439209,0.5175386071205139
12,47,2,Minkowski (G),0.9904366135597229,0.2700577676296234,0.7203788459300995
12,47,2,Minkowski (H),0.9904366135597229,0.13836680352687836,0.8520698100328445
12,47,2,Euclidiana (P),0.9904366135597229,0.1062406450510025,0.8841959685087204
12,47,2,Euclidiana (G),0.9904366135597229,0.12695521116256714,0.8634814023971558
12,47,2,Euclidiana (H),0.9904366135597229,0.1663731187582016,0.8240634948015213
12,47,2,Manhattan (P),0.9904366135597229,0.20075957477092743,0.7896770387887955
12,47,2,Manhattan (G),0.9904366135597229,0.027148010209202766,0.9632886033505201
12,47,2,Manhattan (H),0.9904366135597229,0.13229034841060638,0.8581462651491165
42,47,2,Minkowski (P),0.9830907583236694,0.05348621681332588,0.9296045415103436
42,47,2,Minkowski (G),0.9830907583236694,0.01644212193787098,0.9666486363857985
42,47,2,Minkowski (H),0.9830907583236694,0.10715214163064957,0.8759386166930199
42,47,2,Euclidiana (P),0.9830907583236694,0.14832386374473572,0.8347668945789337
42,47,2,Euclidiana (G),0.9830907583236694,0.0909578800201416,0.8921328783035278
42,47,2,Euclidiana (H),0.9830907583236694,0.21137861907482147,0.771712139248848
42,47,2,Manhattan (P),0.9830907583236694,0.046404946595430374,0.9366858117282391
42,47,2,Manhattan (G),0.9830907583236694,0.10477457195520401,0.8783161863684654
42,47,2,Manhattan (H),0.9830907583236694,0.283266544342041,0.6998242139816284
65,47,2,Minkowski (P),0.8387705683708191,0.023135311901569366,0.8156352564692497
65,47,2,Minkowski (G),0.8387705683708191,0.013322525657713413,0.8254480427131057
65,47,2,Minkowski (H),0.8387705683708191,0.024394236505031586,0.8143763318657875
65,47,2,Euclidiana (P),0.8387705683708191,0.0769505500793457,0.7618200182914734
65,47,2,Euclidiana (G),0.8387705683708191,0.013076777569949627,0.8256937908008695
65,47,2,Euclidiana (H),0.8387705683708191,0.034956399351358414,0.8038141690194607
65,47,2,Manhattan (P),0.8387705683708191,0.021130196750164032,0.8176403716206551
65,47,2,Manhattan (G),0.8387705683708191,0.02960696630179882,0.8091636020690203
65,47,2,Manhattan (H),0.8387705683708191,0.04108481481671333,0.7976857535541058
87,47,2,Minkowski (P),0.9906687140464783,0.14908458292484283,0.8415841311216354
87,47,2,Minkowski (G),0.9906687140464783,0.09419672191143036,0.8964719921350479
87,47,2,Minkowski (H),0.9906687140464783,0.05994609743356705,0.9307226166129112
87,47,2,Euclidiana (P),0.9906687140464783,0.030443063005805016,0.9602256510406733
87,47,2,Euclidiana (G),0.9906687140464783,0.044530823826789856,0.9461378902196884
87,47,2,Euclidiana (H),0.9906687140464783,0.08427941054105759,0.9063893035054207
87,47,2,Manhattan (P),0.9906687140464783,0.048034172505140305,0.942634541541338
87,47,2,Manhattan (G),0.9906687140464783,0.12489251047372818,0.8657762035727501
87,47,2,Manhattan (H),0.9906687140464783,0.041373640298843384,0.9492950737476349
93,47,2,Minkowski (P),0.964126706123352,0.013659697957336903,0.9504670081660151
93,47,2,Minkowski (G),0.964126706123352,0.047736138105392456,0.9163905680179596
93,47,2,Minkowski (H),0.964126706123352,0.16018977761268616,0.8039369285106659
93,47,2,Euclidiana (P),0.964126706123352,0.15083259344100952,0.8132941126823425
93,47,2,Euclidiana (G),0.964126706123352,0.10083469748497009,0.863292008638382
93,47,2,Euclidiana (H),0.964126706123352,0.13244184851646423,0.8316848576068878
93,47,2,Manhattan (P),0.964126706123352,0.12386079132556915,0.8402659147977829
93,47,2,Manhattan (G),0.964126706123352,0.1442340910434723,0.8198926150798798
93,47,2,Manhattan (H),0.964126706123352,0.16671700775623322,0.7974096983671188
107,47,2,Minkowski (P),0.9878888726234436,0.20762258768081665,0.780266284942627
107,47,2,Minkowski (G),0.9878888726234436,0.03490130603313446,0.9529875665903091
107,47,2,Minkowski (H),0.9878888726234436,0.10932200402021408,0.8785668686032295
107,47,2,Euclidiana (P),0.9878888726234436,0.12170565873384476,0.8661832138895988
107,47,2,Euclidiana (G),0.9878888726234436,0.0601956732571125,0.9276931993663311
107,47,2,Euclidiana (H),0.9878888726234436,0.18358607590198517,0.8043027967214584
107,47,2,Manhattan (P),0.9878888726234436,0.0679970234632492,0.9198918491601944
107,47,2,Manhattan (G),0.9878888726234436,0.06850436329841614,0.9193845093250275
107,47,2,Manhattan (H),0.9878888726234436,0.06618662178516388,0.9217022508382797
121,47,2,Minkowski (P),0.8243783712387085,0.32702311873435974,0.49735525250434875
121,47,2,Minkowski (G),0.8243783712387085,0.10310477018356323,0.7212736010551453
121,47,2,Minkowski (H),0.8243783712387085,0.15589848160743713,0.6684798896312714
121,47,2,Euclidiana (P),0.8243783712387085,0.10170623660087585,0.7226721346378326
121,47,2,Euclidiana (G),0.8243783712387085,0.0689474418759346,0.7554309293627739
121,47,2,Euclidiana (H),0.8243783712387085,0.18850217759609222,0.6358761936426163
121,47,2,Manhattan (P),0.8243783712387085,0.11871453374624252,0.705663837492466
121,47,2,Manhattan (G),0.8243783712387085,0.035984765738248825,0.7883936055004597
121,47,2,Manhattan (H),0.8243783712387085,0.35543668270111084,0.46894168853759766
7,48,2,Minkowski (P),0.989281415939331,0.1877116858959198,0.8015697300434113
7,48,2,Minkowski (G),0.989281415939331,0.0240783654153347,0.9652030505239964
7,48,2,Minkowski (H),0.989281415939331,0.06797602772712708,0.921305388212204
7,48,2,Euclidiana (P),0.989281415939331,0.056043677031993866,0.9332377389073372
7,48,2,Euclidiana (G),0.989281415939331,0.06059166416525841,0.9286897517740726
7,48,2,Euclidiana (H),0.989281415939331,0.05086353048682213,0.9384178854525089
7,48,2,Manhattan (P),0.989281415939331,0.07267000526189804,0.916611410677433
7,48,2,Manhattan (G),0.989281415939331,0.032189447432756424,0.9570919685065746
7,48,2,Manhattan (H),0.989281415939331,0.13220550119876862,0.8570759147405624
12,48,2,Minkowski (P),0.9962678551673889,0.4958474338054657,0.5004204213619232
12,48,2,Minkowski (G),0.9962678551673889,0.26677918434143066,0.7294886708259583
12,48,2,Minkowski (H),0.9962678551673889,0.10420423746109009,0.8920636177062988
12,48,2,Euclidiana (P),0.9962678551673889,0.09297691285610199,0.9032909423112869
12,48,2,Euclidiana (G),0.9962678551673889,0.12365107983350754,0.8726167753338814
12,48,2,Euclidiana (H),0.9962678551673889,0.17591021955013275,0.8203576356172562
12,48,2,Manhattan (P),0.9962678551673889,0.16834375262260437,0.8279241025447845
12,48,2,Manhattan (G),0.9962678551673889,0.04135476052761078,0.9549130946397781
12,48,2,Manhattan (H),0.9962678551673889,0.12030234932899475,0.8759655058383942
42,48,2,Minkowski (P),0.983986496925354,0.05817102640867233,0.9258154705166817
42,48,2,Minkowski (G),0.983986496925354,0.01424343790858984,0.9697430590167642
42,48,2,Minkowski (H),0.983986496925354,0.11745410412549973,0.8665323927998543
42,48,2,Euclidiana (P),0.983986496925354,0.18573935329914093,0.7982471436262131
42,48,2,Euclidiana (G),0.983986496925354,0.0989273265004158,0.8850591704249382
42,48,2,Euclidiana (H),0.983986496925354,0.25980979204177856,0.7241767048835754
42,48,2,Manhattan (P),0.983986496925354,0.06677534431219101,0.917211152613163
42,48,2,Manhattan (G),0.983986496925354,0.10432498902082443,0.8796615079045296
42,48,2,Manhattan (H),0.983986496925354,0.08100654929876328,0.9029799476265907
65,48,2,Minkowski (P),0.867874264717102,0.03379875048995018,0.8340755142271519
65,48,2,Minkowski (G),0.867874264717102,0.0197331290692091,0.848141135647893
65,48,2,Minkowski (H),0.867874264717102,0.035450585186481476,0.8324236795306206
65,48,2,Euclidiana (P),0.867874264717102,0.09495140612125397,0.7729228585958481
65,48,2,Euclidiana (G),0.867874264717102,0.015287133865058422,0.8525871308520436
65,48,2,Euclidiana (H),0.867874264717102,0.04871927201747894,0.8191549926996231
65,48,2,Manhattan (P),0.867874264717102,0.02518322318792343,0.8426910415291786
65,48,2,Manhattan (G),0.867874264717102,0.0384187251329422,0.8294555395841599
65,48,2,Manhattan (H),0.867874264717102,0.05148954689502716,0.8163847178220749
87,48,2,Minkowski (P),0.9834350943565369,0.12599144876003265,0.8574436455965042
87,48,2,Minkowski (G),0.9834350943565369,0.13567203283309937,0.8477630615234375
87,48,2,Minkowski (H),0.9834350943565369,0.059707581996917725,0.9237275123596191
87,48,2,Euclidiana (P),0.9834350943565369,0.030870575457811356,0.9525645188987255
87,48,2,Euclidiana (G),0.9834350943565369,0.026300698518753052,0.9571343958377838
87,48,2,Euclidiana (H),0.9834350943565369,0.07799337804317474,0.9054417163133621
87,48,2,Manhattan (P),0.9834350943565369,0.026368971914052963,0.9570661224424839
87,48,2,Manhattan (G),0.9834350943565369,0.13700060546398163,0.8464344888925552
87,48,2,Manhattan (H),0.9834350943565369,0.030162643641233444,0.9532724507153034
93,48,2,Minkowski (P),0.9577949643135071,0.1330403834581375,0.8247545808553696
93,48,2,Minkowski (G),0.9577949643135071,0.07401872426271439,0.8837762400507927
93,48,2,Minkowski (H),0.9577949643135071,0.18154552578926086,0.7762494385242462
93,48,2,Euclidiana (P),0.9577949643135071,0.16745461523532867,0.7903403490781784
93,48,2,Euclidiana (G),0.9577949643135071,0.11155808717012405,0.846236877143383
93,48,2,Euclidiana (H),0.9577949643135071,0.1648179441690445,0.7929770201444626
93,48,2,Manhattan (P),0.9577949643135071,0.10979867726564407,0.847996287047863
93,48,2,Manhattan (G),0.9577949643135071,0.18973778188228607,0.768057182431221
93,48,2,Manhattan (H),0.9577949643135071,0.18410521745681763,0.7736897468566895
107,48,2,Minkowski (P),0.9929606318473816,0.18041245639324188,0.8125481754541397
107,48,2,Minkowski (G),0.9929606318473816,0.03645339235663414,0.9565072394907475
107,48,2,Minkowski (H),0.9929606318473816,0.15587309002876282,0.8370875418186188
107,48,2,Euclidiana (P),0.9929606318473816,0.1350577473640442,0.8579028844833374
107,48,2,Euclidiana (G),0.9929606318473816,0.06984251737594604,0.9231181144714355
107,48,2,Euclidiana (H),0.9929606318473816,0.19770760834217072,0.7952530235052109
107,48,2,Manhattan (P),0.9929606318473816,0.06915168464183807,0.9238089472055435
107,48,2,Manhattan (G),0.9929606318473816,0.06659819930791855,0.926362432539463
107,48,2,Manhattan (H),0.9929606318473816,0.08590094745159149,0.9070596843957901
121,48,2,Minkowski (P),0.8741214871406555,0.35581257939338684,0.5183089077472687
121,48,2,Minkowski (G),0.8741214871406555,0.09805960953235626,0.7760618776082993
121,48,2,Minkowski (H),0.8741214871406555,0.17026814818382263,0.7038533389568329
121,48,2,Euclidiana (P),0.8741214871406555,0.15535026788711548,0.71877121925354
121,48,2,Euclidiana (G),0.8741214871406555,0.08514074236154556,0.78898074477911
121,48,2,Euclidiana (H),0.8741214871406555,0.1868467628955841,0.6872747242450714
121,48,2,Manhattan (P),0.8741214871406555,0.15716630220413208,0.7169551849365234
121,48,2,Manhattan (G),0.8741214871406555,0.051204901188611984,0.8229165859520435
121,48,2,Manhattan (H),0.8741214871406555,0.1690816432237625,0.705039843916893
7,49,2,Minkowski (P),0.005945928860455751,1.3638912319414304e-13,0.005945928860319362
7,49,2,Minkowski (G),0.005945928860455751,0.0,0.005945928860455751
7,49,2,Minkowski (H),0.005945928860455751,0.005701648071408272,0.00024428078904747963
7,49,2,Euclidiana (P),0.005945928860455751,0.2830822765827179,-0.27713634772226214
7,49,2,Euclidiana (G),0.005945928860455751,3.6269696962808355e-25,0.005945928860455751
7,49,2,Euclidiana (H),0.005945928860455751,0.15853683650493622,-0.15259090764448047
7,49,2,Manhattan (P),0.005945928860455751,5.5910561059135944e-05,0.0058900182993966155
7,49,2,Manhattan (G),0.005945928860455751,0.1926913857460022,-0.18674545688554645
7,49,2,Manhattan (H),0.005945928860455751,0.07231451570987701,-0.06636858684942126
12,49,2,Minkowski (P),0.019126703962683678,0.3746287524700165,-0.3555020485073328
12,49,2,Minkowski (G),0.019126703962683678,0.0032826890237629414,0.015844014938920736
12,49,2,Minkowski (H),0.019126703962683678,0.508644700050354,-0.4895179960876703
12,49,2,Euclidiana (P),0.019126703962683678,0.36652871966362,-0.3474020157009363
12,49,2,Euclidiana (G),0.019126703962683678,0.04523927718400955,-0.026112573221325874
12,49,2,Euclidiana (H),0.019126703962683678,0.3628111779689789,-0.3436844740062952
12,49,2,Manhattan (P),0.019126703962683678,0.4432853162288666,-0.4241586122661829
12,49,2,Manhattan (G),0.019126703962683678,0.29069042205810547,-0.2715637180954218
12,49,2,Manhattan (H),0.019126703962683678,0.4522862732410431,-0.4331595692783594
42,49,2,Minkowski (P),0.0014083911664783955,0.34680038690567017,-0.34539199573919177
42,49,2,Minkowski (G),0.0014083911664783955,0.18501126766204834,-0.18360287649556994
42,49,2,Minkowski (H),0.0014083911664783955,0.13685378432273865,-0.13544539315626025
42,49,2,Euclidiana (P),0.0014083911664783955,0.032712649554014206,-0.03130425838753581
42,49,2,Euclidiana (G),0.0014083911664783955,0.028648169711232185,-0.02723977854475379
42,49,2,Euclidiana (H),0.0014083911664783955,0.28159815073013306,-0.28018975956365466
42,49,2,Manhattan (P),0.0014083911664783955,0.01599046029150486,-0.014582069125026464
42,49,2,Manhattan (G),0.0014083911664783955,0.031571824103593826,-0.03016343293711543
42,49,2,Manhattan (H),0.0014083911664783955,0.11928516626358032,-0.11787677509710193
65,49,2,Minkowski (P),0.003602947574108839,0.09105122834444046,-0.08744828077033162
65,49,2,Minkowski (G),0.003602947574108839,0.15895651280879974,-0.1553535652346909
65,49,2,Minkowski (H),0.003602947574108839,0.01154814288020134,-0.0079451953060925
65,49,2,Euclidiana (P),0.003602947574108839,0.018853412941098213,-0.015250465366989374
65,49,2,Euclidiana (G),0.003602947574108839,0.061735834926366806,-0.05813288735225797
65,49,2,Euclidiana (H),0.003602947574108839,0.07105223834514618,-0.06744929077103734
65,49,2,Manhattan (P),0.003602947574108839,0.005237822886556387,-0.001634875312447548
65,49,2,Manhattan (G),0.003602947574108839,0.006757192779332399,-0.0031542452052235603
65,49,2,Manhattan (H),0.003602947574108839,0.06592831760644913,-0.06232537003234029
87,49,2,Minkowski (P),0.02232132852077484,0.24282601475715637,-0.22050468623638153
87,49,2,Minkowski (G),0.02232132852077484,0.19090956449508667,-0.16858823597431183
87,49,2,Minkowski (H),0.02232132852077484,0.29888126254081726,-0.2765599340200424
87,49,2,Euclidiana (P),0.02232132852077484,0.1974705457687378,-0.17514921724796295
87,49,2,Euclidiana (G),0.02232132852077484,0.22861316800117493,-0.20629183948040009
87,49,2,Euclidiana (H),0.02232132852077484,0.3328688442707062,-0.31054751574993134
87,49,2,Manhattan (P),0.02232132852077484,0.2748960554599762,-0.25257472693920135
87,49,2,Manhattan (G),0.02232132852077484,0.311198353767395,-0.2888770252466202
87,49,2,Manhattan (H),0.02232132852077484,0.05636432021856308,-0.03404299169778824
93,49,2,Minkowski (P),0.022919997572898865,0.0,0.022919997572898865
93,49,2,Minkowski (G),0.022919997572898865,0.08169528096914291,-0.05877528339624405
93,49,2,Minkowski (H),0.022919997572898865,0.13002605736255646,-0.10710605978965759
93,49,2,Euclidiana (P),0.022919997572898865,0.3059496581554413,-0.2830296605825424
93,49,2,Euclidiana (G),0.022919997572898865,0.016057096421718597,0.006862901151180267
93,49,2,Euclidiana (H),0.022919997572898865,0.17086154222488403,-0.14794154465198517
93,49,2,Manhattan (P),0.022919997572898865,0.0003365608281455934,0.02258343674475327
93,49,2,Manhattan (G),0.022919997572898865,0.198073610663414,-0.17515361309051514
93,49,2,Manhattan (H),0.022919997572898865,0.09231628477573395,-0.06939628720283508
107,49,2,Minkowski (P),0.0019510980928316712,0.4335237741470337,-0.431572676054202
107,49,2,Minkowski (G),0.0019510980928316712,0.12972122430801392,-0.12777012621518224
107,49,2,Minkowski (H),0.0019510980928316712,0.11975754052400589,-0.11780644243117422
107,49,2,Euclidiana (P),0.0019510980928316712,0.07889620214700699,-0.07694510405417532
107,49,2,Euclidiana (G),0.0019510980928316712,0.13842718303203583,-0.13647608493920416
107,49,2,Euclidiana (H),0.0019510980928316712,0.1577633172273636,-0.15581221913453192
107,49,2,Manhattan (P),0.0019510980928316712,0.06725681573152542,-0.06530571763869375
107,49,2,Manhattan (G),0.0019510980928316712,0.19269801676273346,-0.1907469186699018
107,49,2,Manhattan (H),0.0019510980928316712,0.18602624535560608,-0.1840751472627744
121,49,2,Minkowski (P),0.02117842249572277,0.20459045469760895,-0.18341203220188618
121,49,2,Minkowski (G),0.02117842249572277,0.21448911726474762,-0.19331069476902485
121,49,2,Minkowski (H),0.02117842249572277,0.33170247077941895,-0.3105240482836962
121,49,2,Euclidiana (P),0.02117842249572277,0.12992799282073975,-0.10874957032501698
121,49,2,Euclidiana (G),0.02117842249572277,0.11100305616855621,-0.08982463367283344
121,49,2,Euclidiana (H),0.02117842249572277,0.14065776765346527,-0.1194793451577425
121,49,2,Manhattan (P),0.02117842249572277,0.13707618415355682,-0.11589776165783405
121,49,2,Manhattan (G),0.02117842249572277,0.041314948350191116,-0.020136525854468346
121,49,2,Manhattan (H),0.02117842249572277,0.059326693415641785,-0.038148270919919014
