seed,sample,target_class,grupo,prob_base,prob_oclusa,queda_prob
7,0,0,Minkowski (P),0.6778494715690613,0.24866168200969696,0.4291877895593643
7,0,0,Minkowski (G),0.6778494715690613,0.36364632844924927,0.314203143119812
7,0,0,Minkowski (H),0.6778494715690613,0.1707138866186142,0.5071355849504471
7,0,0,Euclidiana (P),0.6778494715690613,0.19088290631771088,0.4869665652513504
7,0,0,Euclidiana (G),0.6778494715690613,0.2821049988269806,0.3957444727420807
7,0,0,Euclidiana (H),0.6778494715690613,0.22780215740203857,0.4500473141670227
7,0,0,Manhattan (P),0.6778494715690613,0.1655135452747345,0.5123359262943268
7,0,0,Manhattan (G),0.6778494715690613,0.15793491899967194,0.5199145525693893
7,0,0,Manhattan (H),0.6778494715690613,0.13118523359298706,0.5466642379760742
12,0,0,Minkowski (P),0.5275111794471741,0.5284443497657776,-0.0009331703186035156
12,0,0,Minkowski (G),0.5275111794471741,0.1941910833120346,0.33332009613513947
12,0,0,Minkowski (H),0.5275111794471741,0.2050010710954666,0.32251010835170746
12,0,0,Euclidiana (P),0.5275111794471741,0.23079435527324677,0.2967168241739273
12,0,0,Euclidiana (G),0.5275111794471741,0.31052038073539734,0.21699079871177673
12,0,0,Euclidiana (H),0.5275111794471741,0.23345442116260529,0.2940567582845688
12,0,0,Manhattan (P),0.5275111794471741,0.33521416783332825,0.19229701161384583
12,0,0,Manhattan (G),0.5275111794471741,0.15657827258110046,0.3709329068660736
12,0,0,Manhattan (H),0.5275111794471741,0.2703057527542114,0.25720542669296265
42,0,0,Minkowski (P),0.038751401007175446,0.5135167241096497,-0.4747653231024742
42,0,0,Minkowski (G),0.038751401007175446,0.4246797561645508,-0.38592835515737534
42,0,0,Minkowski (H),0.038751401007175446,0.3074380159378052,-0.26868661493062973
42,0,0,Euclidiana (P),0.038751401007175446,0.5869038701057434,-0.548152469098568
42,0,0,Euclidiana (G),0.038751401007175446,0.5439990758895874,-0.505247674882412
42,0,0,Euclidiana (H),0.038751401007175446,0.512902021408081,-0.4741506204009056
42,0,0,Manhattan (P),0.038751401007175446,0.4482263922691345,-0.4094749912619591
42,0,0,Manhattan (G),0.038751401007175446,0.48619794845581055,-0.4474465474486351
42,0,0,Manhattan (H),0.038751401007175446,0.5804139375686646,-0.5416625365614891
65,0,0,Minkowski (P),0.4522515535354614,0.551487922668457,-0.0992363691329956
65,0,0,Minkowski (G),0.4522515535354614,0.39611250162124634,0.05613905191421509
65,0,0,Minkowski (H),0.4522515535354614,0.19909551739692688,0.25315603613853455
65,0,0,Euclidiana (P),0.4522515535354614,0.40716615319252014,0.045085400342941284
65,0,0,Euclidiana (G),0.4522515535354614,0.5883132815361023,-0.13606172800064087
65,0,0,Euclidiana (H),0.4522515535354614,0.21195706725120544,0.24029448628425598
65,0,0,Manhattan (P),0.4522515535354614,0.24509207904338837,0.20715947449207306
65,0,0,Manhattan (G),0.4522515535354614,0.4191763401031494,0.03307521343231201
65,0,0,Manhattan (H),0.4522515535354614,0.5178056955337524,-0.06555414199829102
87,0,0,Minkowski (P),0.4293545186519623,0.4456026554107666,-0.01624813675880432
87,0,0,Minkowski (G),0.4293545186519623,0.5065682530403137,-0.07721373438835144
87,0,0,Minkowski (H),0.4293545186519623,0.4463455080986023,-0.016990989446640015
87,0,0,Euclidiana (P),0.4293545186519623,0.4899521470069885,-0.060597628355026245
87,0,0,Euclidiana (G),0.4293545186519623,0.6294500827789307,-0.20009556412696838
87,0,0,Euclidiana (H),0.4293545186519623,0.41521283984184265,0.014141678810119629
87,0,0,Manhattan (P),0.4293545186519623,0.6913732290267944,-0.26201871037483215
87,0,0,Manhattan (G),0.4293545186519623,0.49434730410575867,-0.06499278545379639
87,0,0,Manhattan (H),0.4293545186519623,0.8648160099983215,-0.43546149134635925
93,0,0,Minkowski (P),0.31803759932518005,0.4577028751373291,-0.13966527581214905
93,0,0,Minkowski (G),0.31803759932518005,0.26671862602233887,0.051318973302841187
93,0,0,Minkowski (H),0.31803759932518005,0.19322189688682556,0.12481570243835449
93,0,0,Euclidiana (P),0.31803759932518005,0.2103257030248642,0.10771189630031586
93,0,0,Euclidiana (G),0.31803759932518005,0.21050280332565308,0.10753479599952698
93,0,0,Euclidiana (H),0.31803759932518005,0.17336638271808624,0.1446712166070938
93,0,0,Manhattan (P),0.31803759932518005,0.3799333870410919,-0.061895787715911865
93,0,0,Manhattan (G),0.31803759932518005,0.197994664311409,0.12004293501377106
93,0,0,Manhattan (H),0.31803759932518005,0.324666291475296,-0.006628692150115967
107,0,0,Minkowski (P),0.24715352058410645,0.4751267433166504,-0.22797322273254395
107,0,0,Minkowski (G),0.24715352058410645,0.4945085346698761,-0.24735501408576965
107,0,0,Minkowski (H),0.24715352058410645,0.3196190297603607,-0.07246550917625427
107,0,0,Euclidiana (P),0.24715352058410645,0.5178268551826477,-0.27067333459854126
107,0,0,Euclidiana (G),0.24715352058410645,0.4978190064430237,-0.25066548585891724
107,0,0,Euclidiana (H),0.24715352058410645,0.39949798583984375,-0.1523444652557373
107,0,0,Manhattan (P),0.24715352058410645,0.37437623739242554,-0.1272227168083191
107,0,0,Manhattan (G),0.24715352058410645,0.3771311342716217,-0.12997761368751526
107,0,0,Manhattan (H),0.24715352058410645,0.4733618497848511,-0.22620832920074463
121,0,0,Minkowski (P),0.6615369915962219,0.5962097644805908,0.0653272271156311
121,0,0,Minkowski (G),0.6615369915962219,0.6819966435432434,-0.020459651947021484
121,0,0,Minkowski (H),0.6615369915962219,0.30476659536361694,0.356770396232605
121,0,0,Euclidiana (P),0.6615369915962219,0.5211778283119202,0.14035916328430176
121,0,0,Euclidiana (G),0.6615369915962219,0.47386273741722107,0.18767425417900085
121,0,0,Euclidiana (H),0.6615369915962219,0.2572486102581024,0.4042883813381195
121,0,0,Manhattan (P),0.6615369915962219,0.48703986406326294,0.17449712753295898
121,0,0,Manhattan (G),0.6615369915962219,0.39902937412261963,0.2625076174736023
121,0,0,Manhattan (H),0.6615369915962219,0.5731500387191772,0.08838695287704468
7,1,0,Minkowski (P),0.2669042944908142,0.16935524344444275,0.09754905104637146
7,1,0,Minkowski (G),0.2669042944908142,0.9900617599487305,-0.7231574654579163
7,1,0,Minkowski (H),0.2669042944908142,0.02506311424076557,0.24184118025004864
7,1,0,Euclidiana (P),0.2669042944908142,0.20366588234901428,0.06323841214179993
7,1,0,Euclidiana (G),0.2669042944908142,0.24634362757205963,0.020560666918754578
7,1,0,Euclidiana (H),0.2669042944908142,0.12877918779850006,0.13812510669231415
7,1,0,Manhattan (P),0.2669042944908142,0.9976903200149536,-0.7307860255241394
7,1,0,Manhattan (G),0.2669042944908142,0.3178665339946747,-0.050962239503860474
7,1,0,Manhattan (H),0.2669042944908142,0.9782662987709045,-0.7113620042800903
12,1,0,Minkowski (P),0.43573710322380066,0.9999994039535522,-0.5642623007297516
12,1,0,Minkowski (G),0.43573710322380066,0.3675665557384491,0.06817054748535156
12,1,0,Minkowski (H),0.43573710322380066,0.3431861400604248,0.09255096316337585
12,1,0,Euclidiana (P),0.43573710322380066,0.23913563787937164,0.19660146534442902
12,1,0,Euclidiana (G),0.43573710322380066,0.5642150044441223,-0.12847790122032166
12,1,0,Euclidiana (H),0.43573710322380066,0.23938602209091187,0.1963510811328888
12,1,0,Manhattan (P),0.43573710322380066,0.3068566620349884,0.12888044118881226
12,1,0,Manhattan (G),0.43573710322380066,0.1789625585079193,0.25677454471588135
12,1,0,Manhattan (H),0.43573710322380066,0.16253793239593506,0.2731991708278656
42,1,0,Minkowski (P),0.5604676604270935,0.5402312874794006,0.02023637294769287
42,1,0,Minkowski (G),0.5604676604270935,0.9298427700996399,-0.3693751096725464
42,1,0,Minkowski (H),0.5604676604270935,0.14716409146785736,0.41330356895923615
42,1,0,Euclidiana (P),0.5604676604270935,0.6278579831123352,-0.0673903226852417
42,1,0,Euclidiana (G),0.5604676604270935,0.5396137833595276,0.020853877067565918
42,1,0,Euclidiana (H),0.5604676604270935,0.6599276065826416,-0.0994599461555481
42,1,0,Manhattan (P),0.5604676604270935,0.3833337426185608,0.17713391780853271
42,1,0,Manhattan (G),0.5604676604270935,0.5339338779449463,0.026533782482147217
42,1,0,Manhattan (H),0.5604676604270935,0.34162837266921997,0.21883928775787354
65,1,0,Minkowski (P),0.3615802228450775,0.13794025778770447,0.22363996505737305
65,1,0,Minkowski (G),0.3615802228450775,0.2770935595035553,0.08448666334152222
65,1,0,Minkowski (H),0.3615802228450775,0.28916576504707336,0.07241445779800415
65,1,0,Euclidiana (P),0.3615802228450775,0.3664661645889282,-0.004885941743850708
65,1,0,Euclidiana (G),0.3615802228450775,0.5815148949623108,-0.21993467211723328
65,1,0,Euclidiana (H),0.3615802228450775,0.3107209801673889,0.0508592426776886
65,1,0,Manhattan (P),0.3615802228450775,0.4249379336833954,-0.06335771083831787
65,1,0,Manhattan (G),0.3615802228450775,0.08593203872442245,0.27564818412065506
65,1,0,Manhattan (H),0.3615802228450775,0.3361235558986664,0.025456666946411133
87,1,0,Minkowski (P),0.39289018511772156,0.08341074734926224,0.3094794377684593
87,1,0,Minkowski (G),0.39289018511772156,0.2888975441455841,0.10399264097213745
87,1,0,Minkowski (H),0.39289018511772156,0.366896390914917,0.025993794202804565
87,1,0,Euclidiana (P),0.39289018511772156,0.7136237025260925,-0.32073351740837097
87,1,0,Euclidiana (G),0.39289018511772156,0.20232319831848145,0.1905669867992401
87,1,0,Euclidiana (H),0.39289018511772156,0.6144135594367981,-0.22152337431907654
87,1,0,Manhattan (P),0.39289018511772156,0.29816389083862305,0.09472629427909851
87,1,0,Manhattan (G),0.39289018511772156,0.47983241081237793,-0.08694222569465637
87,1,0,Manhattan (H),0.39289018511772156,0.23370976746082306,0.1591804176568985
93,1,0,Minkowski (P),0.46080249547958374,0.23031744360923767,0.23048505187034607
93,1,0,Minkowski (G),0.46080249547958374,0.25895917415618896,0.20184332132339478
93,1,0,Minkowski (H),0.46080249547958374,0.3234172463417053,0.13738524913787842
93,1,0,Euclidiana (P),0.46080249547958374,0.21299715340137482,0.24780534207820892
93,1,0,Euclidiana (G),0.46080249547958374,0.23666241765022278,0.22414007782936096
93,1,0,Euclidiana (H),0.46080249547958374,0.2003045529127121,0.26049794256687164
93,1,0,Manhattan (P),0.46080249547958374,0.23186814785003662,0.22893434762954712
93,1,0,Manhattan (G),0.46080249547958374,0.19806279242038727,0.26273970305919647
93,1,0,Manhattan (H),0.46080249547958374,0.3638252317905426,0.09697726368904114
107,1,0,Minkowski (P),0.7776761054992676,0.5992510914802551,0.17842501401901245
107,1,0,Minkowski (G),0.7776761054992676,0.5292823314666748,0.24839377403259277
107,1,0,Minkowski (H),0.7776761054992676,0.5555059313774109,0.2221701741218567
107,1,0,Euclidiana (P),0.7776761054992676,0.3512237071990967,0.4264523983001709
107,1,0,Euclidiana (G),0.7776761054992676,0.662344753742218,0.11533135175704956
107,1,0,Euclidiana (H),0.7776761054992676,0.5309178233146667,0.24675828218460083
107,1,0,Manhattan (P),0.7776761054992676,0.4600907862186432,0.3175853192806244
107,1,0,Manhattan (G),0.7776761054992676,0.6169512271881104,0.16072487831115723
107,1,0,Manhattan (H),0.7776761054992676,0.5175608992576599,0.26011520624160767
121,1,0,Minkowski (P),0.01988193579018116,0.015026205219328403,0.0048557305708527565
121,1,0,Minkowski (G),0.01988193579018116,1.0,-0.9801180642098188
121,1,0,Minkowski (H),0.01988193579018116,0.9999997615814209,-0.9801178257912397
121,1,0,Euclidiana (P),0.01988193579018116,0.5396100878715515,-0.5197281520813704
121,1,0,Euclidiana (G),0.01988193579018116,0.6915623545646667,-0.6716804187744856
121,1,0,Euclidiana (H),0.01988193579018116,0.6181501746177673,-0.5982682388275862
121,1,0,Manhattan (P),0.01988193579018116,0.10655893385410309,-0.08667699806392193
121,1,0,Manhattan (G),0.01988193579018116,0.2471127063035965,-0.22723077051341534
121,1,0,Manhattan (H),0.01988193579018116,0.44499897956848145,-0.4251170437783003
7,2,0,Minkowski (P),0.9885216951370239,0.31260499358177185,0.6759167015552521
7,2,0,Minkowski (G),0.9885216951370239,0.7620155215263367,0.22650617361068726
7,2,0,Minkowski (H),0.9885216951370239,0.3927536904811859,0.595768004655838
7,2,0,Euclidiana (P),0.9885216951370239,0.1342530995607376,0.8542685955762863
7,2,0,Euclidiana (G),0.9885216951370239,0.2430843561887741,0.7454373389482498
7,2,0,Euclidiana (H),0.9885216951370239,0.24417085945606232,0.7443508356809616
7,2,0,Manhattan (P),0.9885216951370239,0.569257915019989,0.4192637801170349
7,2,0,Manhattan (G),0.9885216951370239,0.2588474452495575,0.7296742498874664
7,2,0,Manhattan (H),0.9885216951370239,0.3655068278312683,0.6230148673057556
12,2,0,Minkowski (P),0.9539753794670105,0.9725145697593689,-0.0185391902923584
12,2,0,Minkowski (G),0.9539753794670105,0.27935144305229187,0.6746239364147186
12,2,0,Minkowski (H),0.9539753794670105,0.2707884907722473,0.6831868886947632
12,2,0,Euclidiana (P),0.9539753794670105,0.2955692708492279,0.6584061086177826
12,2,0,Euclidiana (G),0.9539753794670105,0.48939645290374756,0.46457892656326294
12,2,0,Euclidiana (H),0.9539753794670105,0.22226199507713318,0.7317133843898773
12,2,0,Manhattan (P),0.9539753794670105,0.19640682637691498,0.7575685530900955
12,2,0,Manhattan (G),0.9539753794670105,0.1808280199766159,0.7731473594903946
12,2,0,Manhattan (H),0.9539753794670105,0.1617739349603653,0.7922014445066452
42,2,0,Minkowski (P),0.9409934878349304,0.5210830569267273,0.4199104309082031
42,2,0,Minkowski (G),0.9409934878349304,0.44264930486679077,0.49834418296813965
42,2,0,Minkowski (H),0.9409934878349304,0.5705370306968689,0.3704564571380615
42,2,0,Euclidiana (P),0.9409934878349304,0.6861609816551208,0.25483250617980957
42,2,0,Euclidiana (G),0.9409934878349304,0.5642601847648621,0.37673330307006836
42,2,0,Euclidiana (H),0.9409934878349304,0.722734808921814,0.21825867891311646
42,2,0,Manhattan (P),0.9409934878349304,0.6655093431472778,0.2754841446876526
42,2,0,Manhattan (G),0.9409934878349304,0.8047134280204773,0.13628005981445312
42,2,0,Manhattan (H),0.9409934878349304,0.27071940898895264,0.6702740788459778
65,2,0,Minkowski (P),0.9872024655342102,0.14914065599441528,0.8380618095397949
65,2,0,Minkowski (G),0.9872024655342102,0.24512511491775513,0.7420773506164551
65,2,0,Minkowski (H),0.9872024655342102,0.4753744602203369,0.5118280053138733
65,2,0,Euclidiana (P),0.9872024655342102,0.4539075791835785,0.5332948863506317
65,2,0,Euclidiana (G),0.9872024655342102,0.562474250793457,0.4247282147407532
65,2,0,Euclidiana (H),0.9872024655342102,0.3594397008419037,0.6277627646923065
65,2,0,Manhattan (P),0.9872024655342102,0.4288993179798126,0.5583031475543976
65,2,0,Manhattan (G),0.9872024655342102,0.2704092264175415,0.7167932391166687
65,2,0,Manhattan (H),0.9872024655342102,0.3763641119003296,0.6108383536338806
87,2,0,Minkowski (P),0.9451703429222107,0.13719406723976135,0.8079762756824493
87,2,0,Minkowski (G),0.9451703429222107,0.20632687211036682,0.7388434708118439
87,2,0,Minkowski (H),0.9451703429222107,0.6040555834770203,0.34111475944519043
87,2,0,Euclidiana (P),0.9451703429222107,0.8348128795623779,0.11035746335983276
87,2,0,Euclidiana (G),0.9451703429222107,0.6672040820121765,0.2779662609100342
87,2,0,Euclidiana (H),0.9451703429222107,0.6686617732048035,0.2765085697174072
87,2,0,Manhattan (P),0.9451703429222107,0.6779891848564148,0.2671811580657959
87,2,0,Manhattan (G),0.9451703429222107,0.5689956545829773,0.3761746883392334
87,2,0,Manhattan (H),0.9451703429222107,0.45750194787979126,0.48766839504241943
93,2,0,Minkowski (P),0.997514009475708,0.23824837803840637,0.7592656314373016
93,2,0,Minkowski (G),0.997514009475708,0.13052573800086975,0.8669882714748383
93,2,0,Minkowski (H),0.997514009475708,0.19036224484443665,0.8071517646312714
93,2,0,Euclidiana (P),0.997514009475708,0.25058284401893616,0.7469311654567719
93,2,0,Euclidiana (G),0.997514009475708,0.20609153807163239,0.7914224714040756
93,2,0,Euclidiana (H),0.997514009475708,0.2044229358434677,0.7930910736322403
93,2,0,Manhattan (P),0.997514009475708,0.20743562281131744,0.7900783866643906
93,2,0,Manhattan (G),0.997514009475708,0.19395025074481964,0.8035637587308884
93,2,0,Manhattan (H),0.997514009475708,0.22475846111774445,0.7727555483579636
107,2,0,Minkowski (P),0.9830229878425598,0.5902130007743835,0.39280998706817627
107,2,0,Minkowski (G),0.9830229878425598,0.5046707987785339,0.4783521890640259
107,2,0,Minkowski (H),0.9830229878425598,0.6802724003791809,0.3027505874633789
107,2,0,Euclidiana (P),0.9830229878425598,0.4391823410987854,0.5438406467437744
107,2,0,Euclidiana (G),0.9830229878425598,0.6223543286323547,0.3606686592102051
107,2,0,Euclidiana (H),0.9830229878425598,0.5362348556518555,0.44678813219070435
107,2,0,Manhattan (P),0.9830229878425598,0.5879347920417786,0.39508819580078125
107,2,0,Manhattan (G),0.9830229878425598,0.6682727932929993,0.31475019454956055
107,2,0,Manhattan (H),0.9830229878425598,0.4631909728050232,0.5198320150375366
121,2,0,Minkowski (P),0.8792749047279358,0.48659777641296387,0.3926771283149719
121,2,0,Minkowski (G),0.8792749047279358,2.0544967094769662e-13,0.8792749047277303
121,2,0,Minkowski (H),0.8792749047279358,0.8503713607788086,0.028903543949127197
121,2,0,Euclidiana (P),0.8792749047279358,0.4718056917190552,0.4074692130088806
121,2,0,Euclidiana (G),0.8792749047279358,0.6538207530975342,0.2254541516304016
121,2,0,Euclidiana (H),0.8792749047279358,0.610194742679596,0.26908016204833984
121,2,0,Manhattan (P),0.8792749047279358,0.3840845227241516,0.4951903820037842
121,2,0,Manhattan (G),0.8792749047279358,0.38765788078308105,0.49161702394485474
121,2,0,Manhattan (H),0.8792749047279358,0.47770389914512634,0.40157100558280945
7,3,0,Minkowski (P),0.9941020607948303,0.23832908272743225,0.7557729780673981
7,3,0,Minkowski (G),0.9941020607948303,0.9469618201255798,0.04714024066925049
7,3,0,Minkowski (H),0.9941020607948303,0.019184747710824013,0.9749173130840063
7,3,0,Euclidiana (P),0.9941020607948303,0.3657442629337311,0.6283577978610992
7,3,0,Euclidiana (G),0.9941020607948303,0.3908035159111023,0.603298544883728
7,3,0,Euclidiana (H),0.9941020607948303,0.2864600419998169,0.7076420187950134
7,3,0,Manhattan (P),0.9941020607948303,0.13539031147956848,0.8587117493152618
7,3,0,Manhattan (G),0.9941020607948303,0.18807068467140198,0.8060313761234283
7,3,0,Manhattan (H),0.9941020607948303,0.46393659710884094,0.5301654636859894
12,3,0,Minkowski (P),0.8064287900924683,0.9542368054389954,-0.1478080153465271
12,3,0,Minkowski (G),0.8064287900924683,0.35293492674827576,0.4534938633441925
12,3,0,Minkowski (H),0.8064287900924683,0.3398871123790741,0.46654167771339417
12,3,0,Euclidiana (P),0.8064287900924683,0.2778738737106323,0.5285549163818359
12,3,0,Euclidiana (G),0.8064287900924683,0.5194387435913086,0.28699004650115967
12,3,0,Euclidiana (H),0.8064287900924683,0.22802037000656128,0.578408420085907
12,3,0,Manhattan (P),0.8064287900924683,0.27497151494026184,0.5314572751522064
12,3,0,Manhattan (G),0.8064287900924683,0.18458691239356995,0.6218418776988983
12,3,0,Manhattan (H),0.8064287900924683,0.3044833838939667,0.5019454061985016
42,3,0,Minkowski (P),0.8547227382659912,0.5002997517585754,0.35442298650741577
42,3,0,Minkowski (G),0.8547227382659912,0.40842488408088684,0.44629785418510437
42,3,0,Minkowski (H),0.8547227382659912,0.4681706130504608,0.3865521252155304
42,3,0,Euclidiana (P),0.8547227382659912,0.664249837398529,0.19047290086746216
42,3,0,Euclidiana (G),0.8547227382659912,0.5295815467834473,0.32514119148254395
42,3,0,Euclidiana (H),0.8547227382659912,0.7914355397224426,0.06328719854354858
42,3,0,Manhattan (P),0.8547227382659912,0.49767500162124634,0.3570477366447449
42,3,0,Manhattan (G),0.8547227382659912,0.7578824758529663,0.0968402624130249
42,3,0,Manhattan (H),0.8547227382659912,0.37814652919769287,0.47657620906829834
65,3,0,Minkowski (P),0.9852865934371948,0.16451667249202728,0.8207699209451675
65,3,0,Minkowski (G),0.9852865934371948,0.296078622341156,0.6892079710960388
65,3,0,Minkowski (H),0.9852865934371948,0.2763005495071411,0.7089860439300537
65,3,0,Euclidiana (P),0.9852865934371948,0.4295330345630646,0.5557535588741302
65,3,0,Euclidiana (G),0.9852865934371948,0.6000425815582275,0.3852440118789673
65,3,0,Euclidiana (H),0.9852865934371948,0.36133232712745667,0.6239542663097382
65,3,0,Manhattan (P),0.9852865934371948,0.49396106600761414,0.4913255274295807
65,3,0,Manhattan (G),0.9852865934371948,0.16054874658584595,0.8247378468513489
65,3,0,Manhattan (H),0.9852865934371948,0.45730260014533997,0.5279839932918549
87,3,0,Minkowski (P),0.9991289973258972,0.10284671932458878,0.8962822780013084
87,3,0,Minkowski (G),0.9991289973258972,0.2590363323688507,0.7400926649570465
87,3,0,Minkowski (H),0.9991289973258972,0.3974364697933197,0.6016925275325775
87,3,0,Euclidiana (P),0.9991289973258972,0.707168698310852,0.29196029901504517
87,3,0,Euclidiana (G),0.9991289973258972,0.48062920570373535,0.5184997916221619
87,3,0,Euclidiana (H),0.9991289973258972,0.6934576034545898,0.3056713938713074
87,3,0,Manhattan (P),0.9991289973258972,0.4413079023361206,0.5578210949897766
87,3,0,Manhattan (G),0.9991289973258972,0.5091740489006042,0.48995494842529297
87,3,0,Manhattan (H),0.9991289973258972,0.21062731742858887,0.7885016798973083
93,3,0,Minkowski (P),0.9989362359046936,0.2577754557132721,0.7411607801914215
93,3,0,Minkowski (G),0.9989362359046936,0.2061193883419037,0.7928168475627899
93,3,0,Minkowski (H),0.9989362359046936,0.33422985672950745,0.6647063791751862
93,3,0,Euclidiana (P),0.9989362359046936,0.2331189066171646,0.765817329287529
93,3,0,Euclidiana (G),0.9989362359046936,0.24447719752788544,0.7544590383768082
93,3,0,Euclidiana (H),0.9989362359046936,0.2217041552066803,0.7772320806980133
93,3,0,Manhattan (P),0.9989362359046936,0.18363864719867706,0.8152975887060165
93,3,0,Manhattan (G),0.9989362359046936,0.19544456899166107,0.8034916669130325
93,3,0,Manhattan (H),0.9989362359046936,0.33282628655433655,0.6661099493503571
107,3,0,Minkowski (P),0.9852051138877869,0.6482499837875366,0.33695513010025024
107,3,0,Minkowski (G),0.9852051138877869,0.490029513835907,0.4951756000518799
107,3,0,Minkowski (H),0.9852051138877869,0.5213702321052551,0.46383488178253174
107,3,0,Euclidiana (P),0.9852051138877869,0.46926653385162354,0.5159385800361633
107,3,0,Euclidiana (G),0.9852051138877869,0.5920853018760681,0.39311981201171875
107,3,0,Euclidiana (H),0.9852051138877869,0.48837152123451233,0.49683359265327454
107,3,0,Manhattan (P),0.9852051138877869,0.5460087656974792,0.4391963481903076
107,3,0,Manhattan (G),0.9852051138877869,0.6610843539237976,0.32412075996398926
107,3,0,Manhattan (H),0.9852051138877869,0.5935161113739014,0.3916890025138855
121,3,0,Minkowski (P),0.29518428444862366,0.4403185546398163,-0.14513427019119263
121,3,0,Minkowski (G),0.29518428444862366,3.755605604283119e-08,0.2951842468925676
121,3,0,Minkowski (H),0.29518428444862366,0.6802790760993958,-0.3850947916507721
121,3,0,Euclidiana (P),0.29518428444862366,0.5311211347579956,-0.23593685030937195
121,3,0,Euclidiana (G),0.29518428444862366,0.30949515104293823,-0.014310866594314575
121,3,0,Euclidiana (H),0.29518428444862366,0.5259481072425842,-0.23076382279396057
121,3,0,Manhattan (P),0.29518428444862366,0.27141135931015015,0.02377292513847351
121,3,0,Manhattan (G),0.29518428444862366,0.5139037370681763,-0.2187194526195526
121,3,0,Manhattan (H),0.29518428444862366,0.7246648073196411,-0.42948052287101746
7,4,0,Minkowski (P),0.9987657070159912,0.9059263467788696,0.09283936023712158
7,4,0,Minkowski (G),0.9987657070159912,0.0017952978378161788,0.996970409178175
7,4,0,Minkowski (H),0.9987657070159912,0.0963192731142044,0.9024464339017868
7,4,0,Euclidiana (P),0.9987657070159912,0.04468970373272896,0.9540760032832623
7,4,0,Euclidiana (G),0.9987657070159912,0.2974381148815155,0.7013275921344757
7,4,0,Euclidiana (H),0.9987657070159912,0.2904811203479767,0.7082845866680145
7,4,0,Manhattan (P),0.9987657070159912,0.2497723400592804,0.7489933669567108
7,4,0,Manhattan (G),0.9987657070159912,0.2292587012052536,0.7695070058107376
7,4,0,Manhattan (H),0.9987657070159912,0.01162539143115282,0.9871403155848384
12,4,0,Minkowski (P),0.9730439782142639,0.9042084217071533,0.0688355565071106
12,4,0,Minkowski (G),0.9730439782142639,0.24226348102092743,0.7307804971933365
12,4,0,Minkowski (H),0.9730439782142639,0.2400074452161789,0.733036532998085
12,4,0,Euclidiana (P),0.9730439782142639,0.1657121777534485,0.8073318004608154
12,4,0,Euclidiana (G),0.9730439782142639,0.5383610129356384,0.4346829652786255
12,4,0,Euclidiana (H),0.9730439782142639,0.17088915407657623,0.8021548241376877
12,4,0,Manhattan (P),0.9730439782142639,0.23331397771835327,0.7397300004959106
12,4,0,Manhattan (G),0.9730439782142639,0.12571941316127777,0.8473245650529861
12,4,0,Manhattan (H),0.9730439782142639,0.27305543422698975,0.6999885439872742
42,4,0,Minkowski (P),0.8748492002487183,0.15935035049915314,0.7154988497495651
42,4,0,Minkowski (G),0.8748492002487183,1.0,-0.12515079975128174
42,4,0,Minkowski (H),0.8748492002487183,0.48948782682418823,0.38536137342453003
42,4,0,Euclidiana (P),0.8748492002487183,0.5120694637298584,0.36277973651885986
42,4,0,Euclidiana (G),0.8748492002487183,0.6250333786010742,0.24981582164764404
42,4,0,Euclidiana (H),0.8748492002487183,0.6938129663467407,0.18103623390197754
42,4,0,Manhattan (P),0.8748492002487183,0.9997932314872742,-0.12494403123855591
42,4,0,Manhattan (G),0.8748492002487183,0.352067768573761,0.5227814316749573
42,4,0,Manhattan (H),0.8748492002487183,0.4187503755092621,0.4560988247394562
65,4,0,Minkowski (P),0.2626059353351593,0.40026748180389404,-0.13766154646873474
65,4,0,Minkowski (G),0.2626059353351593,0.32842135429382324,-0.06581541895866394
65,4,0,Minkowski (H),0.2626059353351593,0.4121534824371338,-0.1495475471019745
65,4,0,Euclidiana (P),0.2626059353351593,0.318419873714447,-0.05581393837928772
65,4,0,Euclidiana (G),0.2626059353351593,0.5508570671081543,-0.288251131772995
65,4,0,Euclidiana (H),0.2626059353351593,0.3882235288619995,-0.1256175935268402
65,4,0,Manhattan (P),0.2626059353351593,0.40384814143180847,-0.14124220609664917
65,4,0,Manhattan (G),0.2626059353351593,0.1784198135137558,0.0841861218214035
65,4,0,Manhattan (H),0.2626059353351593,0.3138020634651184,-0.051196128129959106
87,4,0,Minkowski (P),0.9917765855789185,0.4261622130870819,0.5656143724918365
87,4,0,Minkowski (G),0.9917765855789185,0.12435758858919144,0.867418996989727
87,4,0,Minkowski (H),0.9917765855789185,0.31039729714393616,0.6813792884349823
87,4,0,Euclidiana (P),0.9917765855789185,0.5705010890960693,0.4212754964828491
87,4,0,Euclidiana (G),0.9917765855789185,0.17589698731899261,0.8158795982599258
87,4,0,Euclidiana (H),0.9917765855789185,0.6079358458518982,0.38384073972702026
87,4,0,Manhattan (P),0.9917765855789185,0.14966721832752228,0.8421093672513962
87,4,0,Manhattan (G),0.9917765855789185,0.323200523853302,0.6685760617256165
87,4,0,Manhattan (H),0.9917765855789185,0.31164637207984924,0.6801302134990692
93,4,0,Minkowski (P),0.9949782490730286,0.3455055356025696,0.649472713470459
93,4,0,Minkowski (G),0.9949782490730286,0.873855471611023,0.12112277746200562
93,4,0,Minkowski (H),0.9949782490730286,0.19987685978412628,0.7951013892889023
93,4,0,Euclidiana (P),0.9949782490730286,0.19551409780979156,0.799464151263237
93,4,0,Euclidiana (G),0.9949782490730286,0.2685968577861786,0.72638139128685
93,4,0,Euclidiana (H),0.9949782490730286,0.28881311416625977,0.7061651349067688
93,4,0,Manhattan (P),0.9949782490730286,0.2697092890739441,0.7252689599990845
93,4,0,Manhattan (G),0.9949782490730286,0.1424340456724167,0.8525442034006119
93,4,0,Manhattan (H),0.9949782490730286,0.2536941170692444,0.7412841320037842
107,4,0,Minkowski (P),0.9272498488426208,0.6879439949989319,0.23930585384368896
107,4,0,Minkowski (G),0.9272498488426208,0.4114838242530823,0.5157660245895386
107,4,0,Minkowski (H),0.9272498488426208,0.37723812460899353,0.5500117242336273
107,4,0,Euclidiana (P),0.9272498488426208,0.347800612449646,0.5794492363929749
107,4,0,Euclidiana (G),0.9272498488426208,0.6212289333343506,0.30602091550827026
107,4,0,Euclidiana (H),0.9272498488426208,0.43866631388664246,0.4885835349559784
107,4,0,Manhattan (P),0.9272498488426208,0.4716845452785492,0.45556530356407166
107,4,0,Manhattan (G),0.9272498488426208,0.39323580265045166,0.5340140461921692
107,4,0,Manhattan (H),0.9272498488426208,0.5952383279800415,0.33201152086257935
121,4,0,Minkowski (P),0.8035066723823547,0.9997203946113586,-0.1962137222290039
121,4,0,Minkowski (G),0.8035066723823547,1.0,-0.19649332761764526
121,4,0,Minkowski (H),0.8035066723823547,0.9999628067016602,-0.19645613431930542
121,4,0,Euclidiana (P),0.8035066723823547,0.47611451148986816,0.3273921608924866
121,4,0,Euclidiana (G),0.8035066723823547,0.925926923751831,-0.12242025136947632
121,4,0,Euclidiana (H),0.8035066723823547,0.38364964723587036,0.4198570251464844
121,4,0,Manhattan (P),0.8035066723823547,0.9999037981033325,-0.19639712572097778
121,4,0,Manhattan (G),0.8035066723823547,0.9999990463256836,-0.19649237394332886
121,4,0,Manhattan (H),0.8035066723823547,0.3458227813243866,0.45768389105796814
7,5,0,Minkowski (P),0.904691755771637,0.3194045424461365,0.5852872133255005
7,5,0,Minkowski (G),0.904691755771637,0.3719993829727173,0.5326923727989197
7,5,0,Minkowski (H),0.904691755771637,0.16286695003509521,0.7418248057365417
7,5,0,Euclidiana (P),0.904691755771637,0.173601895570755,0.731089860200882
7,5,0,Euclidiana (G),0.904691755771637,0.5953027009963989,0.30938905477523804
7,5,0,Euclidiana (H),0.904691755771637,0.35376450419425964,0.5509272515773773
7,5,0,Manhattan (P),0.904691755771637,0.3217689096927643,0.5829228460788727
7,5,0,Manhattan (G),0.904691755771637,0.19207315146923065,0.7126186043024063
7,5,0,Manhattan (H),0.904691755771637,0.3804594576358795,0.5242322981357574
12,5,0,Minkowski (P),0.8808570504188538,0.7838646769523621,0.0969923734664917
12,5,0,Minkowski (G),0.8808570504188538,0.2846386730670929,0.5962183773517609
12,5,0,Minkowski (H),0.8808570504188538,0.30937981605529785,0.5714772343635559
12,5,0,Euclidiana (P),0.8808570504188538,0.25750476121902466,0.6233522891998291
12,5,0,Euclidiana (G),0.8808570504188538,0.3868159055709839,0.4940411448478699
12,5,0,Euclidiana (H),0.8808570504188538,0.26661813259124756,0.6142389178276062
12,5,0,Manhattan (P),0.8808570504188538,0.20503315329551697,0.6758238971233368
12,5,0,Manhattan (G),0.8808570504188538,0.18448440730571747,0.6963726431131363
12,5,0,Manhattan (H),0.8808570504188538,0.13904400169849396,0.7418130487203598
42,5,0,Minkowski (P),0.8065007925033569,0.5220730304718018,0.2844277620315552
42,5,0,Minkowski (G),0.8065007925033569,0.6071968674659729,0.19930392503738403
42,5,0,Minkowski (H),0.8065007925033569,0.6291165947914124,0.17738419771194458
42,5,0,Euclidiana (P),0.8065007925033569,0.7230116128921509,0.08348917961120605
42,5,0,Euclidiana (G),0.8065007925033569,0.6212466359138489,0.18525415658950806
42,5,0,Euclidiana (H),0.8065007925033569,0.7476755976676941,0.05882519483566284
42,5,0,Manhattan (P),0.8065007925033569,0.6569612622261047,0.1495395302772522
42,5,0,Manhattan (G),0.8065007925033569,0.7857862710952759,0.020714521408081055
42,5,0,Manhattan (H),0.8065007925033569,0.519858181476593,0.2866426110267639
65,5,0,Minkowski (P),0.9648662805557251,0.14698632061481476,0.8178799599409103
65,5,0,Minkowski (G),0.9648662805557251,0.42000409960746765,0.5448621809482574
65,5,0,Minkowski (H),0.9648662805557251,0.5335879325866699,0.4312783479690552
65,5,0,Euclidiana (P),0.9648662805557251,0.42521893978118896,0.5396473407745361
65,5,0,Euclidiana (G),0.9648662805557251,0.5211980938911438,0.4436681866645813
65,5,0,Euclidiana (H),0.9648662805557251,0.3165138065814972,0.6483524739742279
65,5,0,Manhattan (P),0.9648662805557251,0.44472089409828186,0.5201453864574432
65,5,0,Manhattan (G),0.9648662805557251,0.38322359323501587,0.5816426873207092
65,5,0,Manhattan (H),0.9648662805557251,0.48856937885284424,0.47629690170288086
87,5,0,Minkowski (P),0.9963853359222412,0.18055866658687592,0.8158266693353653
87,5,0,Minkowski (G),0.9963853359222412,0.3394218385219574,0.6569634974002838
87,5,0,Minkowski (H),0.9963853359222412,0.614124059677124,0.3822612762451172
87,5,0,Euclidiana (P),0.9963853359222412,0.8490830659866333,0.1473022699356079
87,5,0,Euclidiana (G),0.9963853359222412,0.7456585764884949,0.25072675943374634
87,5,0,Euclidiana (H),0.9963853359222412,0.6742990612983704,0.32208627462387085
87,5,0,Manhattan (P),0.9963853359222412,0.6275506019592285,0.3688347339630127
87,5,0,Manhattan (G),0.9963853359222412,0.5951188206672668,0.40126651525497437
87,5,0,Manhattan (H),0.9963853359222412,0.9191635251045227,0.0772218108177185
93,5,0,Minkowski (P),0.9863187074661255,0.27087491750717163,0.7154437899589539
93,5,0,Minkowski (G),0.9863187074661255,0.2116110771894455,0.77470763027668
93,5,0,Minkowski (H),0.9863187074661255,0.1950812190771103,0.7912374883890152
93,5,0,Euclidiana (P),0.9863187074661255,0.259584903717041,0.7267338037490845
93,5,0,Euclidiana (G),0.9863187074661255,0.1969618946313858,0.7893568128347397
93,5,0,Euclidiana (H),0.9863187074661255,0.26968157291412354,0.716637134552002
93,5,0,Manhattan (P),0.9863187074661255,0.224286749958992,0.7620319575071335
93,5,0,Manhattan (G),0.9863187074661255,0.2020723521709442,0.7842463552951813
93,5,0,Manhattan (H),0.9863187074661255,0.26970767974853516,0.7166110277175903
107,5,0,Minkowski (P),0.903613269329071,0.4253639578819275,0.47824931144714355
107,5,0,Minkowski (G),0.903613269329071,0.5710954666137695,0.3325178027153015
107,5,0,Minkowski (H),0.903613269329071,0.5458595752716064,0.3577536940574646
107,5,0,Euclidiana (P),0.903613269329071,0.43459007143974304,0.469023197889328
107,5,0,Euclidiana (G),0.903613269329071,0.5636094808578491,0.3400037884712219
107,5,0,Euclidiana (H),0.903613269329071,0.46069785952568054,0.4429154098033905
107,5,0,Manhattan (P),0.903613269329071,0.5562138557434082,0.34739941358566284
107,5,0,Manhattan (G),0.903613269329071,0.5689363479614258,0.33467692136764526
107,5,0,Manhattan (H),0.903613269329071,0.506141185760498,0.397472083568573
121,5,0,Minkowski (P),0.69610196352005,0.9461520910263062,-0.2500501275062561
121,5,0,Minkowski (G),0.69610196352005,0.4512757956981659,0.24482616782188416
121,5,0,Minkowski (H),0.69610196352005,0.48325246572494507,0.21284949779510498
121,5,0,Euclidiana (P),0.69610196352005,0.5430755019187927,0.15302646160125732
121,5,0,Euclidiana (G),0.69610196352005,0.5254819393157959,0.17062002420425415
121,5,0,Euclidiana (H),0.69610196352005,0.7303459644317627,-0.034244000911712646
121,5,0,Manhattan (P),0.69610196352005,0.4759409725666046,0.22016099095344543
121,5,0,Manhattan (G),0.69610196352005,0.5105153322219849,0.18558663129806519
121,5,0,Manhattan (H),0.69610196352005,0.41332489252090454,0.2827770709991455
7,6,0,Minkowski (P),0.9975736737251282,0.34984827041625977,0.6477254033088684
7,6,0,Minkowski (G),0.9975736737251282,0.0042181904427707195,0.9933554832823575
7,6,0,Minkowski (H),0.9975736737251282,0.0753820464015007,0.9221916273236275
7,6,0,Euclidiana (P),0.9975736737251282,0.5058514475822449,0.4917222261428833
7,6,0,Euclidiana (G),0.9975736737251282,0.007901540957391262,0.9896721327677369
7,6,0,Euclidiana (H),0.9975736737251282,0.21682749688625336,0.7807461768388748
7,6,0,Manhattan (P),0.9975736737251282,6.103507998490854e-13,0.9975736737245178
7,6,0,Manhattan (G),0.9975736737251282,0.43741732835769653,0.5601563453674316
7,6,0,Manhattan (H),0.9975736737251282,0.9930053353309631,0.004568338394165039
12,6,0,Minkowski (P),0.9808578491210938,0.9999963045120239,-0.019138455390930176
12,6,0,Minkowski (G),0.9808578491210938,0.2253369241952896,0.7555209249258041
12,6,0,Minkowski (H),0.9808578491210938,0.32133597135543823,0.6595218777656555
12,6,0,Euclidiana (P),0.9808578491210938,0.18031316995620728,0.8005446791648865
12,6,0,Euclidiana (G),0.9808578491210938,0.522939145565033,0.4579187035560608
12,6,0,Euclidiana (H),0.9808578491210938,0.17400985956192017,0.8068479895591736
12,6,0,Manhattan (P),0.9808578491210938,0.28768396377563477,0.693173885345459
12,6,0,Manhattan (G),0.9808578491210938,0.30211183428764343,0.6787460148334503
12,6,0,Manhattan (H),0.9808578491210938,0.24205364286899567,0.7388042062520981
42,6,0,Minkowski (P),0.9865135550498962,0.2873283624649048,0.6991851925849915
42,6,0,Minkowski (G),0.9865135550498962,0.9911193251609802,-0.004605770111083984
42,6,0,Minkowski (H),0.9865135550498962,0.4632731080055237,0.5232404470443726
42,6,0,Euclidiana (P),0.9865135550498962,0.5048490762710571,0.4816644787788391
42,6,0,Euclidiana (G),0.9865135550498962,0.7513769865036011,0.23513656854629517
42,6,0,Euclidiana (H),0.9865135550498962,0.7382811903953552,0.24823236465454102
42,6,0,Manhattan (P),0.9865135550498962,1.0,-0.01348644495010376
42,6,0,Manhattan (G),0.9865135550498962,0.9630803465843201,0.023433208465576172
42,6,0,Manhattan (H),0.9865135550498962,0.308074027299881,0.6784395277500153
65,6,0,Minkowski (P),0.9758047461509705,0.3319702744483948,0.6438344717025757
65,6,0,Minkowski (G),0.9758047461509705,0.30087292194366455,0.6749318242073059
65,6,0,Minkowski (H),0.9758047461509705,0.47872570157051086,0.4970790445804596
65,6,0,Euclidiana (P),0.9758047461509705,0.34662264585494995,0.6291821002960205
65,6,0,Euclidiana (G),0.9758047461509705,0.5497201085090637,0.42608463764190674
65,6,0,Euclidiana (H),0.9758047461509705,0.3311060070991516,0.6446987390518188
65,6,0,Manhattan (P),0.9758047461509705,0.33769354224205017,0.6381112039089203
65,6,0,Manhattan (G),0.9758047461509705,0.20789963006973267,0.7679051160812378
65,6,0,Manhattan (H),0.9758047461509705,0.32442179322242737,0.6513829529285431
87,6,0,Minkowski (P),0.9709382057189941,0.42085275053977966,0.5500854551792145
87,6,0,Minkowski (G),0.9709382057189941,0.1432441771030426,0.8276940286159515
87,6,0,Minkowski (H),0.9709382057189941,0.3542632460594177,0.6166749596595764
87,6,0,Euclidiana (P),0.9709382057189941,0.5989899039268494,0.3719483017921448
87,6,0,Euclidiana (G),0.9709382057189941,0.2145797610282898,0.7563584446907043
87,6,0,Euclidiana (H),0.9709382057189941,0.626350462436676,0.3445877432823181
87,6,0,Manhattan (P),0.9709382057189941,0.16511347889900208,0.8058247268199921
87,6,0,Manhattan (G),0.9709382057189941,0.31343063712120056,0.6575075685977936
87,6,0,Manhattan (H),0.9709382057189941,0.30937203764915466,0.6615661680698395
93,6,0,Minkowski (P),0.7767065763473511,0.3005887567996979,0.4761178195476532
93,6,0,Minkowski (G),0.7767065763473511,0.5582429766654968,0.21846359968185425
93,6,0,Minkowski (H),0.7767065763473511,0.1860477179288864,0.5906588584184647
93,6,0,Euclidiana (P),0.7767065763473511,0.226173534989357,0.5505330413579941
93,6,0,Euclidiana (G),0.7767065763473511,0.28202253580093384,0.49468404054641724
93,6,0,Euclidiana (H),0.7767065763473511,0.26177313923835754,0.5149334371089935
93,6,0,Manhattan (P),0.7767065763473511,0.24011170864105225,0.5365948677062988
93,6,0,Manhattan (G),0.7767065763473511,0.17616641521453857,0.6005401611328125
93,6,0,Manhattan (H),0.7767065763473511,0.32441017031669617,0.4522964060306549
107,6,0,Minkowski (P),0.7083366513252258,0.28168752789497375,0.4266491234302521
107,6,0,Minkowski (G),0.7083366513252258,0.4710533916950226,0.23728325963020325
107,6,0,Minkowski (H),0.7083366513252258,0.5180374979972839,0.1902991533279419
107,6,0,Euclidiana (P),0.7083366513252258,0.43492528796195984,0.273411363363266
107,6,0,Euclidiana (G),0.7083366513252258,0.6182842254638672,0.09005242586135864
107,6,0,Euclidiana (H),0.7083366513252258,0.40239664912223816,0.30594000220298767
107,6,0,Manhattan (P),0.7083366513252258,0.43486472964286804,0.2734719216823578
107,6,0,Manhattan (G),0.7083366513252258,0.5052725076675415,0.20306414365768433
107,6,0,Manhattan (H),0.7083366513252258,0.6620180606842041,0.04631859064102173
121,6,0,Minkowski (P),0.8562572002410889,1.0,-0.14374279975891113
121,6,0,Minkowski (G),0.8562572002410889,0.021436715498566628,0.8348204847425222
121,6,0,Minkowski (H),0.8562572002410889,1.0,-0.14374279975891113
121,6,0,Euclidiana (P),0.8562572002410889,0.670415997505188,0.18584120273590088
121,6,0,Euclidiana (G),0.8562572002410889,0.9913907051086426,-0.1351335048675537
121,6,0,Euclidiana (H),0.8562572002410889,0.4914173185825348,0.3648398816585541
121,6,0,Manhattan (P),0.8562572002410889,1.0,-0.14374279975891113
121,6,0,Manhattan (G),0.8562572002410889,0.9989687204360962,-0.14271152019500732
121,6,0,Manhattan (H),0.8562572002410889,0.3476444482803345,0.5086127519607544
7,7,0,Minkowski (P),0.9992358684539795,0.158036470413208,0.8411993980407715
7,7,0,Minkowski (G),0.9992358684539795,1.9045121035787815e-08,0.9992358494088585
7,7,0,Minkowski (H),0.9992358684539795,0.500205397605896,0.4990304708480835
7,7,0,Euclidiana (P),0.9992358684539795,0.13659293949604034,0.8626429289579391
7,7,0,Euclidiana (G),0.9992358684539795,0.17304320633411407,0.8261926621198654
7,7,0,Euclidiana (H),0.9992358684539795,0.2740365266799927,0.7251993417739868
7,7,0,Manhattan (P),0.9992358684539795,1.0,-0.0007641315460205078
7,7,0,Manhattan (G),0.9992358684539795,0.22776764631271362,0.7714682221412659
7,7,0,Manhattan (H),0.9992358684539795,0.042220938950777054,0.9570149295032024
12,7,0,Minkowski (P),0.990872859954834,1.0,-0.009127140045166016
12,7,0,Minkowski (G),0.990872859954834,0.22415302693843842,0.7667198330163956
12,7,0,Minkowski (H),0.990872859954834,0.2478356957435608,0.7430371642112732
12,7,0,Euclidiana (P),0.990872859954834,0.20427455008029938,0.7865983098745346
12,7,0,Euclidiana (G),0.990872859954834,0.5352128148078918,0.45566004514694214
12,7,0,Euclidiana (H),0.990872859954834,0.17545866966247559,0.8154141902923584
12,7,0,Manhattan (P),0.990872859954834,0.25058305263519287,0.7402898073196411
12,7,0,Manhattan (G),0.990872859954834,0.1261935532093048,0.8646793067455292
12,7,0,Manhattan (H),0.990872859954834,0.210393488407135,0.780479371547699
42,7,0,Minkowski (P),0.9973697662353516,0.44202515482902527,0.5553446114063263
42,7,0,Minkowski (G),0.9973697662353516,1.0,-0.0026302337646484375
42,7,0,Minkowski (H),0.9973697662353516,0.472024530172348,0.5253452360630035
42,7,0,Euclidiana (P),0.9973697662353516,0.5883696675300598,0.40900009870529175
42,7,0,Euclidiana (G),0.9973697662353516,0.46869853138923645,0.5286712348461151
42,7,0,Euclidiana (H),0.9973697662353516,0.7306386232376099,0.2667311429977417
42,7,0,Manhattan (P),0.9973697662353516,0.3400840759277344,0.6572856903076172
42,7,0,Manhattan (G),0.9973697662353516,0.6899932622909546,0.307376503944397
42,7,0,Manhattan (H),0.9973697662353516,0.23008526861667633,0.7672844976186752
65,7,0,Minkowski (P),0.996356725692749,0.17412656545639038,0.8222301602363586
65,7,0,Minkowski (G),0.996356725692749,0.2975862920284271,0.6987704336643219
65,7,0,Minkowski (H),0.996356725692749,0.3087327182292938,0.6876240074634552
65,7,0,Euclidiana (P),0.996356725692749,0.294094443321228,0.702262282371521
65,7,0,Euclidiana (G),0.996356725692749,0.5669688582420349,0.4293878674507141
65,7,0,Euclidiana (H),0.996356725692749,0.34754955768585205,0.648807168006897
65,7,0,Manhattan (P),0.996356725692749,0.45692580938339233,0.5394309163093567
65,7,0,Manhattan (G),0.996356725692749,0.09295850247144699,0.903398223221302
65,7,0,Manhattan (H),0.996356725692749,0.29649803042411804,0.699858695268631
87,7,0,Minkowski (P),0.9978970289230347,0.14081576466560364,0.857081264257431
87,7,0,Minkowski (G),0.9978970289230347,0.16474737226963043,0.8331496566534042
87,7,0,Minkowski (H),0.9978970289230347,0.42633113265037537,0.5715658962726593
87,7,0,Euclidiana (P),0.9978970289230347,0.5924219489097595,0.40547508001327515
87,7,0,Euclidiana (G),0.9978970289230347,0.24668270349502563,0.751214325428009
87,7,0,Euclidiana (H),0.9978970289230347,0.6415725946426392,0.3563244342803955
87,7,0,Manhattan (P),0.9978970289230347,0.25234541296958923,0.7455516159534454
87,7,0,Manhattan (G),0.9978970289230347,0.49070364236831665,0.507193386554718
87,7,0,Manhattan (H),0.9978970289230347,0.37759608030319214,0.6203009486198425
93,7,0,Minkowski (P),0.9992966651916504,0.2934809923171997,0.7058156728744507
93,7,0,Minkowski (G),0.9992966651916504,0.3410370647907257,0.6582596004009247
93,7,0,Minkowski (H),0.9992966651916504,0.20873300731182098,0.7905636578798294
93,7,0,Euclidiana (P),0.9992966651916504,0.1881529837846756,0.8111436814069748
93,7,0,Euclidiana (G),0.9992966651916504,0.226547971367836,0.7727486938238144
93,7,0,Euclidiana (H),0.9992966651916504,0.23656152188777924,0.7627351433038712
93,7,0,Manhattan (P),0.9992966651916504,0.3001973628997803,0.6990993022918701
93,7,0,Manhattan (G),0.9992966651916504,0.188201904296875,0.8110947608947754
93,7,0,Manhattan (H),0.9992966651916504,0.3822312653064728,0.6170653998851776
107,7,0,Minkowski (P),0.9977399110794067,0.5371413230895996,0.46059858798980713
107,7,0,Minkowski (G),0.9977399110794067,0.42742058634757996,0.5703193247318268
107,7,0,Minkowski (H),0.9977399110794067,0.6319377422332764,0.36580216884613037
107,7,0,Euclidiana (P),0.9977399110794067,0.4072076678276062,0.5905322432518005
107,7,0,Euclidiana (G),0.9977399110794067,0.6761763095855713,0.32156360149383545
107,7,0,Euclidiana (H),0.9977399110794067,0.4249308407306671,0.5728090703487396
107,7,0,Manhattan (P),0.9977399110794067,0.339567095041275,0.6581728160381317
107,7,0,Manhattan (G),0.9977399110794067,0.4437348246574402,0.5540050864219666
107,7,0,Manhattan (H),0.9977399110794067,0.6089133620262146,0.38882654905319214
121,7,0,Minkowski (P),0.9923449158668518,0.010617530904710293,0.9817273849621415
121,7,0,Minkowski (G),0.9923449158668518,1.0,-0.007655084133148193
121,7,0,Minkowski (H),0.9923449158668518,0.35685983300209045,0.6354850828647614
121,7,0,Euclidiana (P),0.9923449158668518,0.46125149726867676,0.531093418598175
121,7,0,Euclidiana (G),0.9923449158668518,0.9003477096557617,0.09199720621109009
121,7,0,Euclidiana (H),0.9923449158668518,0.5818660259246826,0.4104788899421692
121,7,0,Manhattan (P),0.9923449158668518,1.0,-0.007655084133148193
121,7,0,Manhattan (G),0.9923449158668518,0.6271545886993408,0.365190327167511
121,7,0,Manhattan (H),0.9923449158668518,0.3827512264251709,0.6095936894416809
7,8,0,Minkowski (P),0.9875950813293457,0.13900263607501984,0.8485924452543259
7,8,0,Minkowski (G),0.9875950813293457,0.014229126274585724,0.97336595505476
7,8,0,Minkowski (H),0.9875950813293457,0.9999994039535522,-0.012404322624206543
7,8,0,Euclidiana (P),0.9875950813293457,0.175057515501976,0.8125375658273697
7,8,0,Euclidiana (G),0.9875950813293457,0.18424154818058014,0.8033535331487656
7,8,0,Euclidiana (H),0.9875950813293457,0.13385671377182007,0.8537383675575256
7,8,0,Manhattan (P),0.9875950813293457,1.4953865412323465e-17,0.9875950813293457
7,8,0,Manhattan (G),0.9875950813293457,0.23526644706726074,0.752328634262085
7,8,0,Manhattan (H),0.9875950813293457,1.7824251699494198e-05,0.9875772570776462
12,8,0,Minkowski (P),0.8921709656715393,0.9998478889465332,-0.1076769232749939
12,8,0,Minkowski (G),0.8921709656715393,0.25046104192733765,0.6417099237442017
12,8,0,Minkowski (H),0.8921709656715393,0.3840436339378357,0.5081273317337036
12,8,0,Euclidiana (P),0.8921709656715393,0.2390037477016449,0.6531672179698944
12,8,0,Euclidiana (G),0.8921709656715393,0.5897277593612671,0.3024432063102722
12,8,0,Euclidiana (H),0.8921709656715393,0.2214301973581314,0.6707407683134079
12,8,0,Manhattan (P),0.8921709656715393,0.3162666857242584,0.5759042799472809
12,8,0,Manhattan (G),0.8921709656715393,0.22993430495262146,0.6622366607189178
12,8,0,Manhattan (H),0.8921709656715393,0.25345057249069214,0.6387203931808472
42,8,0,Minkowski (P),0.9828117489814758,0.30349209904670715,0.6793196499347687
42,8,0,Minkowski (G),0.9828117489814758,0.9999972581863403,-0.017185509204864502
42,8,0,Minkowski (H),0.9828117489814758,0.24952304363250732,0.7332887053489685
42,8,0,Euclidiana (P),0.9828117489814758,0.5306214690208435,0.4521902799606323
42,8,0,Euclidiana (G),0.9828117489814758,0.570931077003479,0.4118806719779968
42,8,0,Euclidiana (H),0.9828117489814758,0.7130641341209412,0.26974761486053467
42,8,0,Manhattan (P),0.9828117489814758,0.9783061146736145,0.004505634307861328
42,8,0,Manhattan (G),0.9828117489814758,0.3972904682159424,0.5855212807655334
42,8,0,Manhattan (H),0.9828117489814758,0.46201491355895996,0.5207968354225159
65,8,0,Minkowski (P),0.8508824110031128,0.15974201261997223,0.6911403983831406
65,8,0,Minkowski (G),0.8508824110031128,0.29635220766067505,0.5545302033424377
65,8,0,Minkowski (H),0.8508824110031128,0.43967875838279724,0.41120365262031555
65,8,0,Euclidiana (P),0.8508824110031128,0.4003555476665497,0.4505268633365631
65,8,0,Euclidiana (G),0.8508824110031128,0.6273165345191956,0.22356587648391724
65,8,0,Euclidiana (H),0.8508824110031128,0.36035922169685364,0.49052318930625916
65,8,0,Manhattan (P),0.8508824110031128,0.41327938437461853,0.43760302662849426
65,8,0,Manhattan (G),0.8508824110031128,0.09797877073287964,0.7529036402702332
65,8,0,Manhattan (H),0.8508824110031128,0.34393754601478577,0.506944864988327
87,8,0,Minkowski (P),0.9906762838363647,0.1329507976770401,0.8577254861593246
87,8,0,Minkowski (G),0.9906762838363647,0.16085974872112274,0.829816535115242
87,8,0,Minkowski (H),0.9906762838363647,0.22538495063781738,0.7652913331985474
87,8,0,Euclidiana (P),0.9906762838363647,0.560234546661377,0.4304417371749878
87,8,0,Euclidiana (G),0.9906762838363647,0.251472532749176,0.7392037510871887
87,8,0,Euclidiana (H),0.9906762838363647,0.5834706425666809,0.40720564126968384
87,8,0,Manhattan (P),0.9906762838363647,0.19964715838432312,0.7910291254520416
87,8,0,Manhattan (G),0.9906762838363647,0.3988840878009796,0.5917921960353851
87,8,0,Manhattan (H),0.9906762838363647,0.34206297993659973,0.648613303899765
93,8,0,Minkowski (P),0.9985484480857849,0.21362997591495514,0.7849184721708298
93,8,0,Minkowski (G),0.9985484480857849,0.7234137058258057,0.27513474225997925
93,8,0,Minkowski (H),0.9985484480857849,0.3239591121673584,0.6745893359184265
93,8,0,Euclidiana (P),0.9985484480857849,0.21987196803092957,0.7786764800548553
93,8,0,Euclidiana (G),0.9985484480857849,0.2581351399421692,0.7404133081436157
93,8,0,Euclidiana (H),0.9985484480857849,0.19013069570064545,0.8084177523851395
93,8,0,Manhattan (P),0.9985484480857849,0.21209515631198883,0.7864532917737961
93,8,0,Manhattan (G),0.9985484480857849,0.17834584414958954,0.8202026039361954
93,8,0,Manhattan (H),0.9985484480857849,0.35599517822265625,0.6425532698631287
107,8,0,Minkowski (P),0.99181067943573,0.38649943470954895,0.605311244726181
107,8,0,Minkowski (G),0.99181067943573,0.4317646026611328,0.5600460767745972
107,8,0,Minkowski (H),0.99181067943573,0.46447598934173584,0.5273346900939941
107,8,0,Euclidiana (P),0.99181067943573,0.4000506103038788,0.5917600691318512
107,8,0,Euclidiana (G),0.99181067943573,0.6757988929748535,0.31601178646087646
107,8,0,Euclidiana (H),0.99181067943573,0.5356127023696899,0.45619797706604004
107,8,0,Manhattan (P),0.99181067943573,0.4080609381198883,0.5837497413158417
107,8,0,Manhattan (G),0.99181067943573,0.5562997460365295,0.43551093339920044
107,8,0,Manhattan (H),0.99181067943573,0.6188352704048157,0.3729754090309143
121,8,0,Minkowski (P),0.7272258400917053,0.2690017819404602,0.4582240581512451
121,8,0,Minkowski (G),0.7272258400917053,1.0,-0.2727741599082947
121,8,0,Minkowski (H),0.7272258400917053,0.9949108958244324,-0.26768505573272705
121,8,0,Euclidiana (P),0.7272258400917053,0.7578089833259583,-0.03058314323425293
121,8,0,Euclidiana (G),0.7272258400917053,0.5644106864929199,0.1628151535987854
121,8,0,Euclidiana (H),0.7272258400917053,0.4640170931816101,0.2632087469100952
121,8,0,Manhattan (P),0.7272258400917053,0.9999909400939941,-0.2727651000022888
121,8,0,Manhattan (G),0.7272258400917053,0.7481774687767029,-0.02095162868499756
121,8,0,Manhattan (H),0.7272258400917053,0.45111003518104553,0.2761158049106598
7,9,0,Minkowski (P),0.8325166702270508,0.15029452741146088,0.6822221428155899
7,9,0,Minkowski (G),0.8325166702270508,2.0941420189046767e-06,0.8325145760850319
7,9,0,Minkowski (H),0.8325166702270508,0.02662106230854988,0.8058956079185009
7,9,0,Euclidiana (P),0.8325166702270508,0.878621518611908,-0.04610484838485718
7,9,0,Euclidiana (G),0.8325166702270508,0.24620698392391205,0.5863096863031387
7,9,0,Euclidiana (H),0.8325166702270508,0.2611331343650818,0.571383535861969
7,9,0,Manhattan (P),0.8325166702270508,1.2764190428093385e-19,0.8325166702270508
7,9,0,Manhattan (G),0.8325166702270508,0.11191960424184799,0.7205970659852028
7,9,0,Manhattan (H),0.8325166702270508,0.0021009142510592937,0.8304157559759915
12,9,0,Minkowski (P),0.9043169021606445,0.9999357461929321,-0.0956188440322876
12,9,0,Minkowski (G),0.9043169021606445,0.27232876420021057,0.631988137960434
12,9,0,Minkowski (H),0.9043169021606445,0.3410407304763794,0.5632761716842651
12,9,0,Euclidiana (P),0.9043169021606445,0.2486841082572937,0.6556327939033508
12,9,0,Euclidiana (G),0.9043169021606445,0.5855079889297485,0.318808913230896
12,9,0,Euclidiana (H),0.9043169021606445,0.206095352768898,0.6982215493917465
12,9,0,Manhattan (P),0.9043169021606445,0.33809712529182434,0.5662197768688202
12,9,0,Manhattan (G),0.9043169021606445,0.2807847261428833,0.6235321760177612
12,9,0,Manhattan (H),0.9043169021606445,0.24154657125473022,0.6627703309059143
42,9,0,Minkowski (P),0.9511764645576477,0.04932161048054695,0.9018548540771008
42,9,0,Minkowski (G),0.9511764645576477,1.0,-0.048823535442352295
42,9,0,Minkowski (H),0.9511764645576477,0.4704812467098236,0.4806952178478241
42,9,0,Euclidiana (P),0.9511764645576477,0.5239710807800293,0.4272053837776184
42,9,0,Euclidiana (G),0.9511764645576477,0.5350335240364075,0.41614294052124023
42,9,0,Euclidiana (H),0.9511764645576477,0.7452139854431152,0.20596247911453247
42,9,0,Manhattan (P),0.9511764645576477,0.8362441658973694,0.11493229866027832
42,9,0,Manhattan (G),0.9511764645576477,0.28236305713653564,0.6688134074211121
42,9,0,Manhattan (H),0.9511764645576477,0.46191900968551636,0.48925745487213135
65,9,0,Minkowski (P),0.5818310976028442,0.15803557634353638,0.42379552125930786
65,9,0,Minkowski (G),0.5818310976028442,0.34170693159103394,0.2401241660118103
65,9,0,Minkowski (H),0.5818310976028442,0.5025659203529358,0.07926517724990845
65,9,0,Euclidiana (P),0.5818310976028442,0.41907569766044617,0.16275539994239807
65,9,0,Euclidiana (G),0.5818310976028442,0.5157760977745056,0.06605499982833862
65,9,0,Euclidiana (H),0.5818310976028442,0.3519579768180847,0.22987312078475952
65,9,0,Manhattan (P),0.5818310976028442,0.4083518981933594,0.17347919940948486
65,9,0,Manhattan (G),0.5818310976028442,0.1115824282169342,0.47024866938591003
65,9,0,Manhattan (H),0.5818310976028442,0.32632577419281006,0.2555053234100342
87,9,0,Minkowski (P),0.9799982905387878,0.34215864539146423,0.6378396451473236
87,9,0,Minkowski (G),0.9799982905387878,0.14113718271255493,0.8388611078262329
87,9,0,Minkowski (H),0.9799982905387878,0.3467978537082672,0.6332004368305206
87,9,0,Euclidiana (P),0.9799982905387878,0.5028389096260071,0.47715938091278076
87,9,0,Euclidiana (G),0.9799982905387878,0.18739399313926697,0.7926042973995209
87,9,0,Euclidiana (H),0.9799982905387878,0.5598316192626953,0.42016667127609253
87,9,0,Manhattan (P),0.9799982905387878,0.194748193025589,0.7852500975131989
87,9,0,Manhattan (G),0.9799982905387878,0.32454562187194824,0.6554526686668396
87,9,0,Manhattan (H),0.9799982905387878,0.35285741090774536,0.6271408796310425
93,9,0,Minkowski (P),0.9907910823822021,0.2949989140033722,0.69579216837883
93,9,0,Minkowski (G),0.9907910823822021,0.3048931658267975,0.6858979165554047
93,9,0,Minkowski (H),0.9907910823822021,0.12885674834251404,0.8619343340396881
93,9,0,Euclidiana (P),0.9907910823822021,0.21186168491840363,0.7789293974637985
93,9,0,Euclidiana (G),0.9907910823822021,0.27520108222961426,0.7155900001525879
93,9,0,Euclidiana (H),0.9907910823822021,0.21539558470249176,0.7753954976797104
93,9,0,Manhattan (P),0.9907910823822021,0.22943031787872314,0.761360764503479
93,9,0,Manhattan (G),0.9907910823822021,0.1800316870212555,0.8107593953609467
93,9,0,Manhattan (H),0.9907910823822021,0.3604852259159088,0.6303058564662933
107,9,0,Minkowski (P),0.9232913851737976,0.2634531557559967,0.6598382294178009
107,9,0,Minkowski (G),0.9232913851737976,0.3955513834953308,0.5277400016784668
107,9,0,Minkowski (H),0.9232913851737976,0.5729891061782837,0.3503022789955139
107,9,0,Euclidiana (P),0.9232913851737976,0.4028030037879944,0.5204883813858032
107,9,0,Euclidiana (G),0.9232913851737976,0.6366614699363708,0.28662991523742676
107,9,0,Euclidiana (H),0.9232913851737976,0.4974324703216553,0.42585891485214233
107,9,0,Manhattan (P),0.9232913851737976,0.4412042200565338,0.4820871651172638
107,9,0,Manhattan (G),0.9232913851737976,0.56935054063797,0.35394084453582764
107,9,0,Manhattan (H),0.9232913851737976,0.6336379051208496,0.289653480052948
121,9,0,Minkowski (P),0.42618104815483093,0.9973350167274475,-0.5711539685726166
121,9,0,Minkowski (G),0.42618104815483093,1.0,-0.5738189518451691
121,9,0,Minkowski (H),0.42618104815483093,1.0,-0.5738189518451691
121,9,0,Euclidiana (P),0.42618104815483093,0.7457401156425476,-0.3195590674877167
121,9,0,Euclidiana (G),0.42618104815483093,0.26006001234054565,0.16612103581428528
121,9,0,Euclidiana (H),0.42618104815483093,0.5809789896011353,-0.15479794144630432
121,9,0,Manhattan (P),0.42618104815483093,1.0,-0.5738189518451691
121,9,0,Manhattan (G),0.42618104815483093,0.9420806169509888,-0.5158995687961578
121,9,0,Manhattan (H),0.42618104815483093,0.4769062399864197,-0.050725191831588745
7,10,0,Minkowski (P),0.8725690841674805,0.22046448290348053,0.6521046012639999
7,10,0,Minkowski (G),0.8725690841674805,0.4586653411388397,0.41390374302864075
7,10,0,Minkowski (H),0.8725690841674805,0.2637045979499817,0.6088644862174988
7,10,0,Euclidiana (P),0.8725690841674805,0.1035485565662384,0.7690205276012421
7,10,0,Euclidiana (G),0.8725690841674805,0.2738238275051117,0.5987452566623688
7,10,0,Euclidiana (H),0.8725690841674805,0.18072430789470673,0.6918447762727737
7,10,0,Manhattan (P),0.8725690841674805,0.3443860113620758,0.5281830728054047
7,10,0,Manhattan (G),0.8725690841674805,0.15767982602119446,0.714889258146286
7,10,0,Manhattan (H),0.8725690841674805,0.20375597476959229,0.6688131093978882
12,10,0,Minkowski (P),0.7675854563713074,0.264619916677475,0.5029655396938324
12,10,0,Minkowski (G),0.7675854563713074,0.2650858461856842,0.5024996101856232
12,10,0,Minkowski (H),0.7675854563713074,0.28855839371681213,0.47902706265449524
12,10,0,Euclidiana (P),0.7675854563713074,0.3110530376434326,0.45653241872787476
12,10,0,Euclidiana (G),0.7675854563713074,0.2839607298374176,0.48362472653388977
12,10,0,Euclidiana (H),0.7675854563713074,0.29660260677337646,0.4709828495979309
12,10,0,Manhattan (P),0.7675854563713074,0.2029237449169159,0.5646617114543915
12,10,0,Manhattan (G),0.7675854563713074,0.17338715493679047,0.5941983014345169
12,10,0,Manhattan (H),0.7675854563713074,0.1579584926366806,0.6096269637346268
42,10,0,Minkowski (P),0.6514022946357727,0.44141289591789246,0.20998939871788025
42,10,0,Minkowski (G),0.6514022946357727,0.6770837306976318,-0.02568143606185913
42,10,0,Minkowski (H),0.6514022946357727,0.6538447141647339,-0.0024424195289611816
42,10,0,Euclidiana (P),0.6514022946357727,0.8274285793304443,-0.17602628469467163
42,10,0,Euclidiana (G),0.6514022946357727,0.6834211945533752,-0.03201889991760254
42,10,0,Euclidiana (H),0.6514022946357727,0.7800605893135071,-0.12865829467773438
42,10,0,Manhattan (P),0.6514022946357727,0.6690732836723328,-0.01767098903656006
42,10,0,Manhattan (G),0.6514022946357727,0.7798519134521484,-0.12844961881637573
42,10,0,Manhattan (H),0.6514022946357727,0.5061653852462769,0.14523690938949585
65,10,0,Minkowski (P),0.9485543966293335,0.23755861818790436,0.7109957784414291
65,10,0,Minkowski (G),0.9485543966293335,0.38598009943962097,0.5625742971897125
65,10,0,Minkowski (H),0.9485543966293335,0.6107596755027771,0.3377947211265564
65,10,0,Euclidiana (P),0.9485543966293335,0.6290434002876282,0.3195109963417053
65,10,0,Euclidiana (G),0.9485543966293335,0.5341625809669495,0.41439181566238403
65,10,0,Euclidiana (H),0.9485543966293335,0.47461363673210144,0.47394075989723206
65,10,0,Manhattan (P),0.9485543966293335,0.47287437319755554,0.47568002343177795
65,10,0,Manhattan (G),0.9485543966293335,0.45975586771965027,0.4887985289096832
65,10,0,Manhattan (H),0.9485543966293335,0.4718068838119507,0.4767475128173828
87,10,0,Minkowski (P),0.8761522769927979,0.11275732517242432,0.7633949518203735
87,10,0,Minkowski (G),0.8761522769927979,0.5344306230545044,0.34172165393829346
87,10,0,Minkowski (H),0.8761522769927979,0.7369080781936646,0.1392441987991333
87,10,0,Euclidiana (P),0.8761522769927979,0.8929142355918884,-0.016761958599090576
87,10,0,Euclidiana (G),0.8761522769927979,0.8916763067245483,-0.015524029731750488
87,10,0,Euclidiana (H),0.8761522769927979,0.7259975671768188,0.150154709815979
87,10,0,Manhattan (P),0.8761522769927979,0.7404953241348267,0.1356569528579712
87,10,0,Manhattan (G),0.8761522769927979,0.6235500574111938,0.252602219581604
87,10,0,Manhattan (H),0.8761522769927979,0.9503111243247986,-0.07415884733200073
93,10,0,Minkowski (P),0.9900564551353455,0.21228604018688202,0.7777704149484634
93,10,0,Minkowski (G),0.9900564551353455,0.18595363199710846,0.804102823138237
93,10,0,Minkowski (H),0.9900564551353455,0.2715584635734558,0.7184979915618896
93,10,0,Euclidiana (P),0.9900564551353455,0.3159145414829254,0.67414191365242
93,10,0,Euclidiana (G),0.9900564551353455,0.23519589006900787,0.7548605650663376
93,10,0,Euclidiana (H),0.9900564551353455,0.319712370634079,0.6703440845012665
93,10,0,Manhattan (P),0.9900564551353455,0.2650759220123291,0.7249805331230164
93,10,0,Manhattan (G),0.9900564551353455,0.193830668926239,0.7962257862091064
93,10,0,Manhattan (H),0.9900564551353455,0.34273284673690796,0.6473236083984375
107,10,0,Minkowski (P),0.6605010628700256,0.5288860201835632,0.1316150426864624
107,10,0,Minkowski (G),0.6605010628700256,0.6292674541473389,0.031233608722686768
107,10,0,Minkowski (H),0.6605010628700256,0.49797648191452026,0.16252458095550537
107,10,0,Euclidiana (P),0.6605010628700256,0.4799075424671173,0.18059352040290833
107,10,0,Euclidiana (G),0.6605010628700256,0.48190975189208984,0.1785913109779358
107,10,0,Euclidiana (H),0.6605010628700256,0.4931657910346985,0.16733527183532715
107,10,0,Manhattan (P),0.6605010628700256,0.5084943175315857,0.15200674533843994
107,10,0,Manhattan (G),0.6605010628700256,0.5328717231750488,0.1276293396949768
107,10,0,Manhattan (H),0.6605010628700256,0.5321958065032959,0.12830525636672974
121,10,0,Minkowski (P),0.6238301396369934,0.43726858496665955,0.18656155467033386
121,10,0,Minkowski (G),0.6238301396369934,0.7710332274436951,-0.14720308780670166
121,10,0,Minkowski (H),0.6238301396369934,0.5807511806488037,0.0430789589881897
121,10,0,Euclidiana (P),0.6238301396369934,0.5174797773361206,0.1063503623008728
121,10,0,Euclidiana (G),0.6238301396369934,0.5656218528747559,0.05820828676223755
121,10,0,Euclidiana (H),0.6238301396369934,0.620855450630188,0.00297468900680542
121,10,0,Manhattan (P),0.6238301396369934,0.4487932324409485,0.17503690719604492
121,10,0,Manhattan (G),0.6238301396369934,0.4332367479801178,0.1905933916568756
121,10,0,Manhattan (H),0.6238301396369934,0.4377785921096802,0.18605154752731323
7,11,0,Minkowski (P),0.9979395270347595,0.18049797415733337,0.8174415528774261
7,11,0,Minkowski (G),0.9979395270347595,2.821297584887361e-06,0.9979367057371746
7,11,0,Minkowski (H),0.9979395270347595,0.029864264652132988,0.9680752623826265
7,11,0,Euclidiana (P),0.9979395270347595,0.11695732176303864,0.8809822052717209
7,11,0,Euclidiana (G),0.9979395270347595,0.06434094905853271,0.9335985779762268
7,11,0,Euclidiana (H),0.9979395270347595,0.34430259466171265,0.6536369323730469
7,11,0,Manhattan (P),0.9979395270347595,0.036738548427820206,0.9612009786069393
7,11,0,Manhattan (G),0.9979395270347595,0.3185061812400818,0.6794333457946777
7,11,0,Manhattan (H),0.9979395270347595,8.040481043281034e-05,0.9978591222243267
12,11,0,Minkowski (P),0.9940451383590698,0.9350188970565796,0.059026241302490234
12,11,0,Minkowski (G),0.9940451383590698,0.21506139636039734,0.7789837419986725
12,11,0,Minkowski (H),0.9940451383590698,0.2991773188114166,0.6948678195476532
12,11,0,Euclidiana (P),0.9940451383590698,0.17620524764060974,0.8178398907184601
12,11,0,Euclidiana (G),0.9940451383590698,0.5321065783500671,0.4619385600090027
12,11,0,Euclidiana (H),0.9940451383590698,0.17577074468135834,0.8182743936777115
12,11,0,Manhattan (P),0.9940451383590698,0.2270020693540573,0.7670430690050125
12,11,0,Manhattan (G),0.9940451383590698,0.14632964134216309,0.8477154970169067
12,11,0,Manhattan (H),0.9940451383590698,0.25549960136413574,0.7385455369949341
42,11,0,Minkowski (P),0.986519455909729,0.1536366045475006,0.8328828513622284
42,11,0,Minkowski (G),0.986519455909729,1.0,-0.013480544090270996
42,11,0,Minkowski (H),0.986519455909729,0.47608184814453125,0.5104376077651978
42,11,0,Euclidiana (P),0.986519455909729,0.6531891822814941,0.33333027362823486
42,11,0,Euclidiana (G),0.986519455909729,0.45754170417785645,0.5289777517318726
42,11,0,Euclidiana (H),0.986519455909729,0.727867841720581,0.25865161418914795
42,11,0,Manhattan (P),0.986519455909729,0.4548270106315613,0.5316924452781677
42,11,0,Manhattan (G),0.986519455909729,0.5225427150726318,0.46397674083709717
42,11,0,Manhattan (H),0.986519455909729,0.4149453341960907,0.5715741217136383
65,11,0,Minkowski (P),0.9939754605293274,0.15316465497016907,0.8408108055591583
65,11,0,Minkowski (G),0.9939754605293274,0.3763074576854706,0.6176680028438568
65,11,0,Minkowski (H),0.9939754605293274,0.33501923084259033,0.6589562296867371
65,11,0,Euclidiana (P),0.9939754605293274,0.3162368834018707,0.6777385771274567
65,11,0,Euclidiana (G),0.9939754605293274,0.5720305442810059,0.42194491624832153
65,11,0,Euclidiana (H),0.9939754605293274,0.31008216738700867,0.6838932931423187
65,11,0,Manhattan (P),0.9939754605293274,0.47843697667121887,0.5155384838581085
65,11,0,Manhattan (G),0.9939754605293274,0.09777376800775528,0.8962016925215721
65,11,0,Manhattan (H),0.9939754605293274,0.33419185876846313,0.6597836017608643
87,11,0,Minkowski (P),0.9424006938934326,0.17300090193748474,0.7693997919559479
87,11,0,Minkowski (G),0.9424006938934326,0.20634660124778748,0.7360540926456451
87,11,0,Minkowski (H),0.9424006938934326,0.3771396279335022,0.5652610659599304
87,11,0,Euclidiana (P),0.9424006938934326,0.5278679132461548,0.41453278064727783
87,11,0,Euclidiana (G),0.9424006938934326,0.23764730989933014,0.7047533839941025
87,11,0,Euclidiana (H),0.9424006938934326,0.6417465209960938,0.30065417289733887
87,11,0,Manhattan (P),0.9424006938934326,0.3017885088920593,0.6406121850013733
87,11,0,Manhattan (G),0.9424006938934326,0.4279089570045471,0.5144917368888855
87,11,0,Manhattan (H),0.9424006938934326,0.3351423144340515,0.6072583794593811
93,11,0,Minkowski (P),0.9987612962722778,0.3135112524032593,0.6852500438690186
93,11,0,Minkowski (G),0.9987612962722778,0.8270906209945679,0.17167067527770996
93,11,0,Minkowski (H),0.9987612962722778,0.21226438879966736,0.7864969074726105
93,11,0,Euclidiana (P),0.9987612962722778,0.18363364040851593,0.8151276558637619
93,11,0,Euclidiana (G),0.9987612962722778,0.24483714997768402,0.7539241462945938
93,11,0,Euclidiana (H),0.9987612962722778,0.2756446301937103,0.7231166660785675
93,11,0,Manhattan (P),0.9987612962722778,0.2328205108642578,0.76594078540802
93,11,0,Manhattan (G),0.9987612962722778,0.15273135900497437,0.8460299372673035
93,11,0,Manhattan (H),0.9987612962722778,0.3569432497024536,0.6418180465698242
107,11,0,Minkowski (P),0.9955748319625854,0.341703325510025,0.6538715064525604
107,11,0,Minkowski (G),0.9955748319625854,0.3502686321735382,0.6453061997890472
107,11,0,Minkowski (H),0.9955748319625854,0.5633330345153809,0.4322417974472046
107,11,0,Euclidiana (P),0.9955748319625854,0.4155001640319824,0.580074667930603
107,11,0,Euclidiana (G),0.9955748319625854,0.6302624344825745,0.365312397480011
107,11,0,Euclidiana (H),0.9955748319625854,0.4021960496902466,0.5933787822723389
107,11,0,Manhattan (P),0.9955748319625854,0.4496886730194092,0.5458861589431763
107,11,0,Manhattan (G),0.9955748319625854,0.3493732511997223,0.6462015807628632
107,11,0,Manhattan (H),0.9955748319625854,0.6188746094703674,0.376700222492218
121,11,0,Minkowski (P),0.9785727262496948,0.9577957391738892,0.020776987075805664
121,11,0,Minkowski (G),0.9785727262496948,1.0,-0.021427273750305176
121,11,0,Minkowski (H),0.9785727262496948,1.0,-0.021427273750305176
121,11,0,Euclidiana (P),0.9785727262496948,0.4957079291343689,0.4828647971153259
121,11,0,Euclidiana (G),0.9785727262496948,0.9360535740852356,0.04251915216445923
121,11,0,Euclidiana (H),0.9785727262496948,0.5391894578933716,0.43938326835632324
121,11,0,Manhattan (P),0.9785727262496948,1.0,-0.021427273750305176
121,11,0,Manhattan (G),0.9785727262496948,0.9997393488883972,-0.021166622638702393
121,11,0,Manhattan (H),0.9785727262496948,0.39719581604003906,0.5813769102096558
7,12,0,Minkowski (P),0.6294392943382263,0.5793168544769287,0.05012243986129761
7,12,0,Minkowski (G),0.6294392943382263,5.934359796812785e-20,0.6294392943382263
7,12,0,Minkowski (H),0.6294392943382263,0.42117491364479065,0.20826438069343567
7,12,0,Euclidiana (P),0.6294392943382263,0.3944379687309265,0.2350013256072998
7,12,0,Euclidiana (G),0.6294392943382263,0.020139098167419434,0.6093001961708069
7,12,0,Euclidiana (H),0.6294392943382263,0.17586611211299896,0.45357318222522736
7,12,0,Manhattan (P),0.6294392943382263,9.933839616253884e-17,0.6294392943382262
7,12,0,Manhattan (G),0.6294392943382263,0.2147872895002365,0.4146520048379898
7,12,0,Manhattan (H),0.6294392943382263,0.2997322976589203,0.32970699667930603
12,12,0,Minkowski (P),0.302254855632782,0.992385745048523,-0.690130889415741
12,12,0,Minkowski (G),0.302254855632782,0.29398396611213684,0.008270889520645142
12,12,0,Minkowski (H),0.302254855632782,0.39459922909736633,-0.09234437346458435
12,12,0,Euclidiana (P),0.302254855632782,0.19999326765537262,0.10226158797740936
12,12,0,Euclidiana (G),0.302254855632782,0.5330445170402527,-0.2307896614074707
12,12,0,Euclidiana (H),0.302254855632782,0.19688978791236877,0.10536506772041321
12,12,0,Manhattan (P),0.302254855632782,0.29119807481765747,0.011056780815124512
12,12,0,Manhattan (G),0.302254855632782,0.29371991753578186,0.008534938097000122
12,12,0,Manhattan (H),0.302254855632782,0.28733569383621216,0.014919161796569824
42,12,0,Minkowski (P),0.7308432459831238,0.011652226559817791,0.719191019423306
42,12,0,Minkowski (G),0.7308432459831238,1.0,-0.2691567540168762
42,12,0,Minkowski (H),0.7308432459831238,0.5677993297576904,0.16304391622543335
42,12,0,Euclidiana (P),0.7308432459831238,0.5204432606697083,0.21039998531341553
42,12,0,Euclidiana (G),0.7308432459831238,0.7675583362579346,-0.03671509027481079
42,12,0,Euclidiana (H),0.7308432459831238,0.6838825941085815,0.046960651874542236
42,12,0,Manhattan (P),0.7308432459831238,1.0,-0.2691567540168762
42,12,0,Manhattan (G),0.7308432459831238,0.346478134393692,0.38436511158943176
42,12,0,Manhattan (H),0.7308432459831238,0.45979002118110657,0.2710532248020172
65,12,0,Minkowski (P),0.17064283788204193,0.1724812239408493,-0.001838386058807373
65,12,0,Minkowski (G),0.17064283788204193,0.5846433043479919,-0.41400046646595
65,12,0,Minkowski (H),0.17064283788204193,0.45544442534446716,-0.28480158746242523
65,12,0,Euclidiana (P),0.17064283788204193,0.4452294111251831,-0.2745865732431412
65,12,0,Euclidiana (G),0.17064283788204193,0.5168842077255249,-0.34624136984348297
65,12,0,Euclidiana (H),0.17064283788204193,0.2866833806037903,-0.11604054272174835
65,12,0,Manhattan (P),0.17064283788204193,0.4040939211845398,-0.23345108330249786
65,12,0,Manhattan (G),0.17064283788204193,0.1618463099002838,0.008796527981758118
65,12,0,Manhattan (H),0.17064283788204193,0.33847665786743164,-0.1678338199853897
87,12,0,Minkowski (P),0.31729260087013245,0.40192514657974243,-0.08463254570960999
87,12,0,Minkowski (G),0.31729260087013245,0.1492449939250946,0.16804760694503784
87,12,0,Minkowski (H),0.31729260087013245,0.29679861664772034,0.02049398422241211
87,12,0,Euclidiana (P),0.31729260087013245,0.5070976614952087,-0.1898050606250763
87,12,0,Euclidiana (G),0.31729260087013245,0.1670355349779129,0.15025706589221954
87,12,0,Euclidiana (H),0.31729260087013245,0.5641646385192871,-0.24687203764915466
87,12,0,Manhattan (P),0.31729260087013245,0.20552222430706024,0.1117703765630722
87,12,0,Manhattan (G),0.31729260087013245,0.2365524172782898,0.08074018359184265
87,12,0,Manhattan (H),0.31729260087013245,0.299121618270874,0.018170982599258423
93,12,0,Minkowski (P),0.053823117166757584,0.3980097770690918,-0.3441866599023342
93,12,0,Minkowski (G),0.053823117166757584,0.996091902256012,-0.9422687850892544
93,12,0,Minkowski (H),0.053823117166757584,0.17651858925819397,-0.12269547209143639
93,12,0,Euclidiana (P),0.053823117166757584,0.21602670848369598,-0.1622035913169384
93,12,0,Euclidiana (G),0.053823117166757584,0.27066296339035034,-0.21683984622359276
93,12,0,Euclidiana (H),0.053823117166757584,0.2314377874135971,-0.17761467024683952
93,12,0,Manhattan (P),0.053823117166757584,0.2289585918188095,-0.17513547465205193
93,12,0,Manhattan (G),0.053823117166757584,0.1584545373916626,-0.10463142022490501
93,12,0,Manhattan (H),0.053823117166757584,0.32136186957359314,-0.26753875240683556
107,12,0,Minkowski (P),0.541289746761322,0.39330753684043884,0.14798220992088318
107,12,0,Minkowski (G),0.541289746761322,0.5634763240814209,-0.022186577320098877
107,12,0,Minkowski (H),0.541289746761322,0.5666311979293823,-0.025341451168060303
107,12,0,Euclidiana (P),0.541289746761322,0.42397940158843994,0.11731034517288208
107,12,0,Euclidiana (G),0.541289746761322,0.6109117865562439,-0.06962203979492188
107,12,0,Euclidiana (H),0.541289746761322,0.446832537651062,0.09445720911026001
107,12,0,Manhattan (P),0.541289746761322,0.3657229244709015,0.17556682229042053
107,12,0,Manhattan (G),0.541289746761322,0.47412770986557007,0.06716203689575195
107,12,0,Manhattan (H),0.541289746761322,0.6203223466873169,-0.07903259992599487
121,12,0,Minkowski (P),0.053919002413749695,1.0,-0.9460809975862503
121,12,0,Minkowski (G),0.053919002413749695,1.0,-0.9460809975862503
121,12,0,Minkowski (H),0.053919002413749695,1.0,-0.9460809975862503
121,12,0,Euclidiana (P),0.053919002413749695,0.5849609375,-0.5310419350862503
121,12,0,Euclidiana (G),0.053919002413749695,0.7506712675094604,-0.6967522650957108
121,12,0,Euclidiana (H),0.053919002413749695,0.6204978227615356,-0.566578820347786
121,12,0,Manhattan (P),0.053919002413749695,1.0,-0.9460809975862503
121,12,0,Manhattan (G),0.053919002413749695,0.9871690273284912,-0.9332500249147415
121,12,0,Manhattan (H),0.053919002413749695,0.3723173439502716,-0.3183983415365219
7,13,0,Minkowski (P),0.999259889125824,0.3698861598968506,0.6293737292289734
7,13,0,Minkowski (G),0.999259889125824,0.29826053977012634,0.7009993493556976
7,13,0,Minkowski (H),0.999259889125824,0.44710391759872437,0.5521559715270996
7,13,0,Euclidiana (P),0.999259889125824,0.2849975526332855,0.7142623364925385
7,13,0,Euclidiana (G),0.999259889125824,0.26419922709465027,0.7350606620311737
7,13,0,Euclidiana (H),0.999259889125824,0.1605357825756073,0.8387241065502167
7,13,0,Manhattan (P),0.999259889125824,0.43656110763549805,0.5626987814903259
7,13,0,Manhattan (G),0.999259889125824,0.19328637421131134,0.8059735149145126
7,13,0,Manhattan (H),0.999259889125824,0.20575425028800964,0.7935056388378143
12,13,0,Minkowski (P),0.9101110100746155,0.2798992395401001,0.6302117705345154
12,13,0,Minkowski (G),0.9101110100746155,0.27745550870895386,0.6326555013656616
12,13,0,Minkowski (H),0.9101110100746155,0.18140998482704163,0.7287010252475739
12,13,0,Euclidiana (P),0.9101110100746155,0.24452199041843414,0.6655890196561813
12,13,0,Euclidiana (G),0.9101110100746155,0.4439921975135803,0.46611881256103516
12,13,0,Euclidiana (H),0.9101110100746155,0.14513733983039856,0.7649736702442169
12,13,0,Manhattan (P),0.9101110100746155,0.2067505121231079,0.7033604979515076
12,13,0,Manhattan (G),0.9101110100746155,0.16254934668540955,0.7475616633892059
12,13,0,Manhattan (H),0.9101110100746155,0.1504623144865036,0.7596486955881119
42,13,0,Minkowski (P),0.9429615139961243,0.4448050260543823,0.49815648794174194
42,13,0,Minkowski (G),0.9429615139961243,0.5544093251228333,0.388552188873291
42,13,0,Minkowski (H),0.9429615139961243,0.6684904098510742,0.27447110414505005
42,13,0,Euclidiana (P),0.9429615139961243,0.6322371959686279,0.31072431802749634
42,13,0,Euclidiana (G),0.9429615139961243,0.6349326372146606,0.3080288767814636
42,13,0,Euclidiana (H),0.9429615139961243,0.585888147354126,0.3570733666419983
42,13,0,Manhattan (P),0.9429615139961243,0.6210802793502808,0.3218812346458435
42,13,0,Manhattan (G),0.9429615139961243,0.7519719004631042,0.19098961353302002
42,13,0,Manhattan (H),0.9429615139961243,0.33266833424568176,0.6102931797504425
65,13,0,Minkowski (P),0.9893211126327515,0.21189820766448975,0.7774229049682617
65,13,0,Minkowski (G),0.9893211126327515,0.4213617742061615,0.56795933842659
65,13,0,Minkowski (H),0.9893211126327515,0.33979228138923645,0.649528831243515
65,13,0,Euclidiana (P),0.9893211126327515,0.2346232682466507,0.7546978443861008
65,13,0,Euclidiana (G),0.9893211126327515,0.3929540812969208,0.5963670313358307
65,13,0,Euclidiana (H),0.9893211126327515,0.23654112219810486,0.7527799904346466
65,13,0,Manhattan (P),0.9893211126327515,0.39981165528297424,0.5895094573497772
65,13,0,Manhattan (G),0.9893211126327515,0.40942034125328064,0.5799007713794708
65,13,0,Manhattan (H),0.9893211126327515,0.2469201683998108,0.7424009442329407
87,13,0,Minkowski (P),0.9893660545349121,0.25900325179100037,0.7303628027439117
87,13,0,Minkowski (G),0.9893660545349121,0.15050017833709717,0.8388658761978149
87,13,0,Minkowski (H),0.9893660545349121,0.4309026300907135,0.5584634244441986
87,13,0,Euclidiana (P),0.9893660545349121,0.7359473705291748,0.2534186840057373
87,13,0,Euclidiana (G),0.9893660545349121,0.5243606567382812,0.46500539779663086
87,13,0,Euclidiana (H),0.9893660545349121,0.5905885100364685,0.3987775444984436
87,13,0,Manhattan (P),0.9893660545349121,0.6177403926849365,0.3716256618499756
87,13,0,Manhattan (G),0.9893660545349121,0.5045347809791565,0.4848312735557556
87,13,0,Manhattan (H),0.9893660545349121,0.7040019631385803,0.2853640913963318
93,13,0,Minkowski (P),0.9932851791381836,0.32095420360565186,0.6723309755325317
93,13,0,Minkowski (G),0.9932851791381836,0.2137855887413025,0.7794995903968811
93,13,0,Minkowski (H),0.9932851791381836,0.2206222265958786,0.772662952542305
93,13,0,Euclidiana (P),0.9932851791381836,0.2546112835407257,0.7386738955974579
93,13,0,Euclidiana (G),0.9932851791381836,0.1690293550491333,0.8242558240890503
93,13,0,Euclidiana (H),0.9932851791381836,0.14831720292568207,0.8449679762125015
93,13,0,Manhattan (P),0.9932851791381836,0.18932689726352692,0.8039582818746567
93,13,0,Manhattan (G),0.9932851791381836,0.2154480367898941,0.7778371423482895
93,13,0,Manhattan (H),0.9932851791381836,0.27261701226234436,0.7206681668758392
107,13,0,Minkowski (P),0.8938360810279846,0.5134393572807312,0.3803967237472534
107,13,0,Minkowski (G),0.8938360810279846,0.5933644771575928,0.30047160387039185
107,13,0,Minkowski (H),0.8938360810279846,0.6347887516021729,0.25904732942581177
107,13,0,Euclidiana (P),0.8938360810279846,0.4727023243904114,0.42113375663757324
107,13,0,Euclidiana (G),0.8938360810279846,0.5292017459869385,0.36463433504104614
107,13,0,Euclidiana (H),0.8938360810279846,0.3454955220222473,0.5483405590057373
107,13,0,Manhattan (P),0.8938360810279846,0.599982738494873,0.2938533425331116
107,13,0,Manhattan (G),0.8938360810279846,0.4339323937892914,0.45990368723869324
107,13,0,Manhattan (H),0.8938360810279846,0.4428035318851471,0.4510325491428375
121,13,0,Minkowski (P),0.8628862500190735,0.6033516526222229,0.2595345973968506
121,13,0,Minkowski (G),0.8628862500190735,0.9961078763008118,-0.13322162628173828
121,13,0,Minkowski (H),0.8628862500190735,0.3036266267299652,0.5592596232891083
121,13,0,Euclidiana (P),0.8628862500190735,0.5335316061973572,0.3293546438217163
121,13,0,Euclidiana (G),0.8628862500190735,0.491263210773468,0.37162303924560547
121,13,0,Euclidiana (H),0.8628862500190735,0.4676218032836914,0.3952644467353821
121,13,0,Manhattan (P),0.8628862500190735,0.344088613986969,0.5187976360321045
121,13,0,Manhattan (G),0.8628862500190735,0.5128097534179688,0.35007649660110474
121,13,0,Manhattan (H),0.8628862500190735,0.3606953024864197,0.5021909475326538
7,14,0,Minkowski (P),0.9629030227661133,0.206723153591156,0.7561798691749573
7,14,0,Minkowski (G),0.9629030227661133,0.0021327354479581118,0.9607702873181552
7,14,0,Minkowski (H),0.9629030227661133,7.447273674188182e-05,0.9628285500293714
7,14,0,Euclidiana (P),0.9629030227661133,0.19895954430103302,0.7639434784650803
7,14,0,Euclidiana (G),0.9629030227661133,0.004243281204253435,0.9586597415618598
7,14,0,Euclidiana (H),0.9629030227661133,0.282132625579834,0.6807703971862793
7,14,0,Manhattan (P),0.9629030227661133,3.711567945346994e-12,0.9629030227624017
7,14,0,Manhattan (G),0.9629030227661133,0.041060883551836014,0.9218421392142773
7,14,0,Manhattan (H),0.9629030227661133,0.7160736322402954,0.24682939052581787
12,14,0,Minkowski (P),0.8918514251708984,5.370999497245066e-05,0.891797715175926
12,14,0,Minkowski (G),0.8918514251708984,0.3030177652835846,0.5888336598873138
12,14,0,Minkowski (H),0.8918514251708984,0.3771003782749176,0.5147510468959808
12,14,0,Euclidiana (P),0.8918514251708984,0.2138187736272812,0.6780326515436172
12,14,0,Euclidiana (G),0.8918514251708984,0.5366783142089844,0.35517311096191406
12,14,0,Euclidiana (H),0.8918514251708984,0.2561154365539551,0.6357359886169434
12,14,0,Manhattan (P),0.8918514251708984,0.3330640494823456,0.5587873756885529
12,14,0,Manhattan (G),0.8918514251708984,0.3019471764564514,0.589904248714447
12,14,0,Manhattan (H),0.8918514251708984,0.20448413491249084,0.6873672902584076
42,14,0,Minkowski (P),0.9441163539886475,0.08296162635087967,0.8611547276377678
42,14,0,Minkowski (G),0.9441163539886475,1.0,-0.05588364601135254
42,14,0,Minkowski (H),0.9441163539886475,0.2482784390449524,0.6958379149436951
42,14,0,Euclidiana (P),0.9441163539886475,0.5873969197273254,0.356719434261322
42,14,0,Euclidiana (G),0.9441163539886475,0.4767057001590729,0.4674106538295746
42,14,0,Euclidiana (H),0.9441163539886475,0.5368069410324097,0.4073094129562378
42,14,0,Manhattan (P),0.9441163539886475,0.46491608023643494,0.4792002737522125
42,14,0,Manhattan (G),0.9441163539886475,0.345979243516922,0.5981371104717255
42,14,0,Manhattan (H),0.9441163539886475,0.34586450457572937,0.5982518494129181
65,14,0,Minkowski (P),0.9134865403175354,0.17931053042411804,0.7341760098934174
65,14,0,Minkowski (G),0.9134865403175354,0.21815097332000732,0.6953355669975281
65,14,0,Minkowski (H),0.9134865403175354,0.451300710439682,0.4621858298778534
65,14,0,Euclidiana (P),0.9134865403175354,0.36501070857048035,0.548475831747055
65,14,0,Euclidiana (G),0.9134865403175354,0.49034202098846436,0.42314451932907104
65,14,0,Euclidiana (H),0.9134865403175354,0.2967122197151184,0.616774320602417
65,14,0,Manhattan (P),0.9134865403175354,0.3810982406139374,0.532388299703598
65,14,0,Manhattan (G),0.9134865403175354,0.08360110968351364,0.8298854306340218
65,14,0,Manhattan (H),0.9134865403175354,0.2513621151447296,0.6621244251728058
87,14,0,Minkowski (P),0.993137001991272,0.23667466640472412,0.7564623355865479
87,14,0,Minkowski (G),0.993137001991272,0.20515231788158417,0.7879846841096878
87,14,0,Minkowski (H),0.993137001991272,0.2353404462337494,0.7577965557575226
87,14,0,Euclidiana (P),0.993137001991272,0.6624362468719482,0.33070075511932373
87,14,0,Euclidiana (G),0.993137001991272,0.206442192196846,0.786694809794426
87,14,0,Euclidiana (H),0.993137001991272,0.5651184916496277,0.4280185103416443
87,14,0,Manhattan (P),0.993137001991272,0.25137224793434143,0.7417647540569305
87,14,0,Manhattan (G),0.993137001991272,0.39464572072029114,0.5984912812709808
87,14,0,Manhattan (H),0.993137001991272,0.29719921946525574,0.6959377825260162
93,14,0,Minkowski (P),0.9544264674186707,0.2852751314640045,0.6691513359546661
93,14,0,Minkowski (G),0.9544264674186707,0.4194818139076233,0.5349446535110474
93,14,0,Minkowski (H),0.9544264674186707,0.2580479383468628,0.6963785290718079
93,14,0,Euclidiana (P),0.9544264674186707,0.20043687522411346,0.7539895921945572
93,14,0,Euclidiana (G),0.9544264674186707,0.2516458332538605,0.7027806341648102
93,14,0,Euclidiana (H),0.9544264674186707,0.21446242928504944,0.7399640381336212
93,14,0,Manhattan (P),0.9544264674186707,0.20702286064624786,0.7474036067724228
93,14,0,Manhattan (G),0.9544264674186707,0.18494640290737152,0.7694800645112991
93,14,0,Manhattan (H),0.9544264674186707,0.42802879214286804,0.5263976752758026
107,14,0,Minkowski (P),0.9890190958976746,0.36858925223350525,0.6204298436641693
107,14,0,Minkowski (G),0.9890190958976746,0.43978047370910645,0.5492386221885681
107,14,0,Minkowski (H),0.9890190958976746,0.4800139367580414,0.5090051591396332
107,14,0,Euclidiana (P),0.9890190958976746,0.4004688560962677,0.5885502398014069
107,14,0,Euclidiana (G),0.9890190958976746,0.6127556562423706,0.37626343965530396
107,14,0,Euclidiana (H),0.9890190958976746,0.522876501083374,0.46614259481430054
107,14,0,Manhattan (P),0.9890190958976746,0.4545038938522339,0.5345152020454407
107,14,0,Manhattan (G),0.9890190958976746,0.5691576600074768,0.41986143589019775
107,14,0,Manhattan (H),0.9890190958976746,0.6062540411949158,0.3827650547027588
121,14,0,Minkowski (P),0.16867803037166595,0.988811731338501,-0.820133700966835
121,14,0,Minkowski (G),0.16867803037166595,0.3743087649345398,-0.20563073456287384
121,14,0,Minkowski (H),0.16867803037166595,0.9980953335762024,-0.8294173032045364
121,14,0,Euclidiana (P),0.16867803037166595,0.7028382420539856,-0.5341602116823196
121,14,0,Euclidiana (G),0.16867803037166595,0.1582261472940445,0.01045188307762146
121,14,0,Euclidiana (H),0.16867803037166595,0.5974876284599304,-0.42880959808826447
121,14,0,Manhattan (P),0.16867803037166595,0.383510023355484,-0.21483199298381805
121,14,0,Manhattan (G),0.16867803037166595,0.6271873116493225,-0.45850928127765656
121,14,0,Manhattan (H),0.16867803037166595,0.44389113783836365,-0.2752131074666977
7,15,0,Minkowski (P),0.9986674785614014,0.12065618485212326,0.8780112937092781
7,15,0,Minkowski (G),0.9986674785614014,0.9017573595046997,0.09691011905670166
7,15,0,Minkowski (H),0.9986674785614014,1.0,-0.0013325214385986328
7,15,0,Euclidiana (P),0.9986674785614014,0.15203888714313507,0.8466285914182663
7,15,0,Euclidiana (G),0.9986674785614014,0.05900197476148605,0.9396655037999153
7,15,0,Euclidiana (H),0.9986674785614014,0.20125795900821686,0.7974095195531845
7,15,0,Manhattan (P),0.9986674785614014,5.8542353187363005e-09,0.998667472707166
7,15,0,Manhattan (G),0.9986674785614014,0.0427456833422184,0.955921795219183
7,15,0,Manhattan (H),0.9986674785614014,0.09051336348056793,0.9081541150808334
12,15,0,Minkowski (P),0.9033563733100891,0.7183499932289124,0.18500638008117676
12,15,0,Minkowski (G),0.9033563733100891,0.29132720828056335,0.6120291650295258
12,15,0,Minkowski (H),0.9033563733100891,0.40191906690597534,0.5014373064041138
12,15,0,Euclidiana (P),0.9033563733100891,0.30148646235466003,0.6018699109554291
12,15,0,Euclidiana (G),0.9033563733100891,0.39929497241973877,0.5040614008903503
12,15,0,Euclidiana (H),0.9033563733100891,0.2298213243484497,0.6735350489616394
12,15,0,Manhattan (P),0.9033563733100891,0.3836534917354584,0.5197028815746307
12,15,0,Manhattan (G),0.9033563733100891,0.3565622866153717,0.5467940866947174
12,15,0,Manhattan (H),0.9033563733100891,0.25281310081481934,0.6505432724952698
42,15,0,Minkowski (P),0.954470694065094,0.10264016687870026,0.8518305271863937
42,15,0,Minkowski (G),0.954470694065094,1.0,-0.045529305934906006
42,15,0,Minkowski (H),0.954470694065094,0.5476349592208862,0.40683573484420776
42,15,0,Euclidiana (P),0.954470694065094,0.5176173448562622,0.4368533492088318
42,15,0,Euclidiana (G),0.954470694065094,0.45577991008758545,0.49869078397750854
42,15,0,Euclidiana (H),0.954470694065094,0.6865026354789734,0.2679680585861206
42,15,0,Manhattan (P),0.954470694065094,0.6544498205184937,0.30002087354660034
42,15,0,Manhattan (G),0.954470694065094,0.3504093289375305,0.6040613651275635
42,15,0,Manhattan (H),0.954470694065094,0.2585338056087494,0.6959368884563446
65,15,0,Minkowski (P),0.9563592672348022,0.1915774941444397,0.7647817730903625
65,15,0,Minkowski (G),0.9563592672348022,0.47433191537857056,0.4820273518562317
65,15,0,Minkowski (H),0.9563592672348022,0.43702539801597595,0.5193338692188263
65,15,0,Euclidiana (P),0.9563592672348022,0.4419202208518982,0.514439046382904
65,15,0,Euclidiana (G),0.9563592672348022,0.4831823408603668,0.4731769263744354
65,15,0,Euclidiana (H),0.9563592672348022,0.32937848567962646,0.6269807815551758
65,15,0,Manhattan (P),0.9563592672348022,0.3493485450744629,0.6070107221603394
65,15,0,Manhattan (G),0.9563592672348022,0.19171825051307678,0.7646410167217255
65,15,0,Manhattan (H),0.9563592672348022,0.2915736734867096,0.6647855937480927
87,15,0,Minkowski (P),0.9995301961898804,0.2213737517595291,0.7781564444303513
87,15,0,Minkowski (G),0.9995301961898804,0.11548770219087601,0.8840424939990044
87,15,0,Minkowski (H),0.9995301961898804,0.17226901650428772,0.8272611796855927
87,15,0,Euclidiana (P),0.9995301961898804,0.46616166830062866,0.5333685278892517
87,15,0,Euclidiana (G),0.9995301961898804,0.1922697275876999,0.8072604686021805
87,15,0,Euclidiana (H),0.9995301961898804,0.599669337272644,0.39986085891723633
87,15,0,Manhattan (P),0.9995301961898804,0.23047909140586853,0.7690511047840118
87,15,0,Manhattan (G),0.9995301961898804,0.1858728677034378,0.8136573284864426
87,15,0,Manhattan (H),0.9995301961898804,0.21999427676200867,0.7795359194278717
93,15,0,Minkowski (P),0.9973697662353516,0.23778468370437622,0.7595850825309753
93,15,0,Minkowski (G),0.9973697662353516,0.010721609927713871,0.9866481563076377
93,15,0,Minkowski (H),0.9973697662353516,0.16044068336486816,0.8369290828704834
93,15,0,Euclidiana (P),0.9973697662353516,0.19068649411201477,0.8066832721233368
93,15,0,Euclidiana (G),0.9973697662353516,0.2726908326148987,0.7246789336204529
93,15,0,Euclidiana (H),0.9973697662353516,0.21181176602840424,0.7855580002069473
93,15,0,Manhattan (P),0.9973697662353516,0.21621142327785492,0.7811583429574966
93,15,0,Manhattan (G),0.9973697662353516,0.22450241446495056,0.772867351770401
93,15,0,Manhattan (H),0.9973697662353516,0.37046825885772705,0.6269015073776245
107,15,0,Minkowski (P),0.9986666440963745,0.31476616859436035,0.6839004755020142
107,15,0,Minkowski (G),0.9986666440963745,0.887439489364624,0.11122715473175049
107,15,0,Minkowski (H),0.9986666440963745,0.5149726867675781,0.4836939573287964
107,15,0,Euclidiana (P),0.9986666440963745,0.49224570393562317,0.5064209401607513
107,15,0,Euclidiana (G),0.9986666440963745,0.6484781503677368,0.3501884937286377
107,15,0,Euclidiana (H),0.9986666440963745,0.5413864254951477,0.4572802186012268
107,15,0,Manhattan (P),0.9986666440963745,0.5813652276992798,0.4173014163970947
107,15,0,Manhattan (G),0.9986666440963745,0.565161406993866,0.43350523710250854
107,15,0,Manhattan (H),0.9986666440963745,0.700864851474762,0.29780179262161255
121,15,0,Minkowski (P),0.4014785587787628,0.9795428514480591,-0.5780642926692963
121,15,0,Minkowski (G),0.4014785587787628,0.9326987862586975,-0.5312202274799347
121,15,0,Minkowski (H),0.4014785587787628,1.0,-0.5985214412212372
121,15,0,Euclidiana (P),0.4014785587787628,0.43999624252319336,-0.03851768374443054
121,15,0,Euclidiana (G),0.4014785587787628,0.17047932744026184,0.23099923133850098
121,15,0,Euclidiana (H),0.4014785587787628,0.4742204546928406,-0.07274189591407776
121,15,0,Manhattan (P),0.4014785587787628,0.10626482218503952,0.2952137365937233
121,15,0,Manhattan (G),0.4014785587787628,0.9999332427978516,-0.5984546840190887
121,15,0,Manhattan (H),0.4014785587787628,0.5035855174064636,-0.1021069586277008
7,16,0,Minkowski (P),0.8891990780830383,0.10911517590284348,0.7800839021801949
7,16,0,Minkowski (G),0.8891990780830383,1.2019215702857603e-23,0.8891990780830383
7,16,0,Minkowski (H),0.8891990780830383,0.32057270407676697,0.5686263740062714
7,16,0,Euclidiana (P),0.8891990780830383,0.181205153465271,0.7079939246177673
7,16,0,Euclidiana (G),0.8891990780830383,0.22810466587543488,0.6610944122076035
7,16,0,Euclidiana (H),0.8891990780830383,0.2791270315647125,0.6100720465183258
7,16,0,Manhattan (P),0.8891990780830383,3.655086272186936e-30,0.8891990780830383
7,16,0,Manhattan (G),0.8891990780830383,0.17504680156707764,0.7141522765159607
7,16,0,Manhattan (H),0.8891990780830383,0.9491806626319885,-0.059981584548950195
12,16,0,Minkowski (P),0.4007422626018524,0.5046364068984985,-0.10389414429664612
12,16,0,Minkowski (G),0.4007422626018524,0.2594313621520996,0.1413109004497528
12,16,0,Minkowski (H),0.4007422626018524,0.3970431089401245,0.0036991536617279053
12,16,0,Euclidiana (P),0.4007422626018524,0.23423084616661072,0.1665114164352417
12,16,0,Euclidiana (G),0.4007422626018524,0.5543751120567322,-0.15363284945487976
12,16,0,Euclidiana (H),0.4007422626018524,0.1872919201850891,0.2134503424167633
12,16,0,Manhattan (P),0.4007422626018524,0.3338521122932434,0.06689015030860901
12,16,0,Manhattan (G),0.4007422626018524,0.30879709124565125,0.09194517135620117
12,16,0,Manhattan (H),0.4007422626018524,0.23321621119976044,0.16752605140209198
42,16,0,Minkowski (P),0.7366909980773926,0.0692058801651001,0.6674851179122925
42,16,0,Minkowski (G),0.7366909980773926,1.0,-0.2633090019226074
42,16,0,Minkowski (H),0.7366909980773926,0.43206724524497986,0.3046237528324127
42,16,0,Euclidiana (P),0.7366909980773926,0.5337296724319458,0.20296132564544678
42,16,0,Euclidiana (G),0.7366909980773926,0.46699318289756775,0.26969781517982483
42,16,0,Euclidiana (H),0.7366909980773926,0.7529453635215759,-0.01625436544418335
42,16,0,Manhattan (P),0.7366909980773926,0.8438130617141724,-0.10712206363677979
42,16,0,Manhattan (G),0.7366909980773926,0.5930983424186707,0.14359265565872192
42,16,0,Manhattan (H),0.7366909980773926,0.43944188952445984,0.29724910855293274
65,16,0,Minkowski (P),0.15661945939064026,0.1520610749721527,0.004558384418487549
65,16,0,Minkowski (G),0.15661945939064026,0.40728527307510376,-0.2506658136844635
65,16,0,Minkowski (H),0.15661945939064026,0.49871107935905457,-0.3420916199684143
65,16,0,Euclidiana (P),0.15661945939064026,0.42405620217323303,-0.2674367427825928
65,16,0,Euclidiana (G),0.15661945939064026,0.5089476108551025,-0.3523281514644623
65,16,0,Euclidiana (H),0.15661945939064026,0.3320762813091278,-0.17545682191848755
65,16,0,Manhattan (P),0.15661945939064026,0.40625786781311035,-0.2496384084224701
65,16,0,Manhattan (G),0.15661945939064026,0.17451459169387817,-0.017895132303237915
65,16,0,Manhattan (H),0.15661945939064026,0.2765183746814728,-0.11989891529083252
87,16,0,Minkowski (P),0.7311841249465942,0.32627740502357483,0.4049067199230194
87,16,0,Minkowski (G),0.7311841249465942,0.15109793841838837,0.5800861865282059
87,16,0,Minkowski (H),0.7311841249465942,0.2698386013507843,0.46134552359580994
87,16,0,Euclidiana (P),0.7311841249465942,0.5407508015632629,0.1904333233833313
87,16,0,Euclidiana (G),0.7311841249465942,0.1684693545103073,0.5627147704362869
87,16,0,Euclidiana (H),0.7311841249465942,0.559620201587677,0.17156392335891724
87,16,0,Manhattan (P),0.7311841249465942,0.21098046004772186,0.5202036648988724
87,16,0,Manhattan (G),0.7311841249465942,0.2855655550956726,0.44561856985092163
87,16,0,Manhattan (H),0.7311841249465942,0.31782612204551697,0.41335800290107727
93,16,0,Minkowski (P),0.5845720767974854,0.33081987500190735,0.253752201795578
93,16,0,Minkowski (G),0.5845720767974854,0.18154220283031464,0.4030298739671707
93,16,0,Minkowski (H),0.5845720767974854,0.2505834400653839,0.33398863673210144
93,16,0,Euclidiana (P),0.5845720767974854,0.21664397418498993,0.3679281026124954
93,16,0,Euclidiana (G),0.5845720767974854,0.2845250368118286,0.30004703998565674
93,16,0,Euclidiana (H),0.5845720767974854,0.2240297496318817,0.36054232716560364
93,16,0,Manhattan (P),0.5845720767974854,0.23638083040714264,0.3481912463903427
93,16,0,Manhattan (G),0.5845720767974854,0.14370448887348175,0.4408675879240036
93,16,0,Manhattan (H),0.5845720767974854,0.3841755986213684,0.20039647817611694
107,16,0,Minkowski (P),0.8254474997520447,0.22655382752418518,0.5988936722278595
107,16,0,Minkowski (G),0.8254474997520447,0.423492968082428,0.4019545316696167
107,16,0,Minkowski (H),0.8254474997520447,0.5392559766769409,0.28619152307510376
107,16,0,Euclidiana (P),0.8254474997520447,0.42215514183044434,0.40329235792160034
107,16,0,Euclidiana (G),0.8254474997520447,0.6112781763076782,0.21416932344436646
107,16,0,Euclidiana (H),0.8254474997520447,0.4339233338832855,0.39152416586875916
107,16,0,Manhattan (P),0.8254474997520447,0.5094651579856873,0.3159823417663574
107,16,0,Manhattan (G),0.8254474997520447,0.5318340063095093,0.2936134934425354
107,16,0,Manhattan (H),0.8254474997520447,0.6475924253463745,0.17785507440567017
121,16,0,Minkowski (P),0.11396960914134979,1.0,-0.8860303908586502
121,16,0,Minkowski (G),0.11396960914134979,0.9348773956298828,-0.820907786488533
121,16,0,Minkowski (H),0.11396960914134979,1.0,-0.8860303908586502
121,16,0,Euclidiana (P),0.11396960914134979,0.7352519035339355,-0.6212822943925858
121,16,0,Euclidiana (G),0.11396960914134979,0.7157382965087891,-0.6017686873674393
121,16,0,Euclidiana (H),0.11396960914134979,0.5556282997131348,-0.441658690571785
121,16,0,Manhattan (P),0.11396960914134979,0.002100949175655842,0.11186865996569395
121,16,0,Manhattan (G),0.11396960914134979,0.9823833703994751,-0.8684137612581253
121,16,0,Manhattan (H),0.11396960914134979,0.4336303770542145,-0.3196607679128647
7,17,0,Minkowski (P),0.9049105644226074,0.2741587460041046,0.6307518184185028
7,17,0,Minkowski (G),0.9049105644226074,0.9999586343765259,-0.09504806995391846
7,17,0,Minkowski (H),0.9049105644226074,0.560901939868927,0.3440086245536804
7,17,0,Euclidiana (P),0.9049105644226074,0.3631838262081146,0.5417267382144928
7,17,0,Euclidiana (G),0.9049105644226074,0.26080092787742615,0.6441096365451813
7,17,0,Euclidiana (H),0.9049105644226074,0.07973208278417587,0.8251784816384315
7,17,0,Manhattan (P),0.9049105644226074,0.6480271816253662,0.2568833827972412
7,17,0,Manhattan (G),0.9049105644226074,0.19356952607631683,0.7113410383462906
7,17,0,Manhattan (H),0.9049105644226074,0.017361529171466827,0.8875490352511406
12,17,0,Minkowski (P),0.990253746509552,0.9631990194320679,0.02705472707748413
12,17,0,Minkowski (G),0.990253746509552,0.33348459005355835,0.6567691564559937
12,17,0,Minkowski (H),0.990253746509552,0.24538196623325348,0.7448717802762985
12,17,0,Euclidiana (P),0.990253746509552,0.2664163112640381,0.7238374352455139
12,17,0,Euclidiana (G),0.990253746509552,0.48933741450309753,0.5009163320064545
12,17,0,Euclidiana (H),0.990253746509552,0.17133589088916779,0.8189178556203842
12,17,0,Manhattan (P),0.990253746509552,0.2248041331768036,0.7654496133327484
12,17,0,Manhattan (G),0.990253746509552,0.12248873710632324,0.8677650094032288
12,17,0,Manhattan (H),0.990253746509552,0.2668081820011139,0.7234455645084381
42,17,0,Minkowski (P),0.9843975901603699,0.23486003279685974,0.7495375573635101
42,17,0,Minkowski (G),0.9843975901603699,0.9999994039535522,-0.015601813793182373
42,17,0,Minkowski (H),0.9843975901603699,0.5488073825836182,0.4355902075767517
42,17,0,Euclidiana (P),0.9843975901603699,0.6493878364562988,0.33500975370407104
42,17,0,Euclidiana (G),0.9843975901603699,0.4994662404060364,0.4849313497543335
42,17,0,Euclidiana (H),0.9843975901603699,0.6974007487297058,0.28699684143066406
42,17,0,Manhattan (P),0.9843975901603699,0.5415671467781067,0.4428304433822632
42,17,0,Manhattan (G),0.9843975901603699,0.7166380882263184,0.2677595019340515
42,17,0,Manhattan (H),0.9843975901603699,0.3632313311100006,0.6211662590503693
65,17,0,Minkowski (P),0.8743321895599365,0.17388394474983215,0.7004482448101044
65,17,0,Minkowski (G),0.8743321895599365,0.47553980350494385,0.3987923860549927
65,17,0,Minkowski (H),0.8743321895599365,0.43618306517601013,0.4381491243839264
65,17,0,Euclidiana (P),0.8743321895599365,0.3032098710536957,0.5711223185062408
65,17,0,Euclidiana (G),0.8743321895599365,0.5918017029762268,0.2825304865837097
65,17,0,Euclidiana (H),0.8743321895599365,0.3280999958515167,0.5462321937084198
65,17,0,Manhattan (P),0.8743321895599365,0.4754800498485565,0.39885213971138
65,17,0,Manhattan (G),0.8743321895599365,0.24593862891197205,0.6283935606479645
65,17,0,Manhattan (H),0.8743321895599365,0.23199176788330078,0.6423404216766357
87,17,0,Minkowski (P),0.997495174407959,0.13763119280338287,0.8598639816045761
87,17,0,Minkowski (G),0.997495174407959,0.23939423263072968,0.7581009417772293
87,17,0,Minkowski (H),0.997495174407959,0.43180763721466064,0.5656875371932983
87,17,0,Euclidiana (P),0.997495174407959,0.5958963632583618,0.40159881114959717
87,17,0,Euclidiana (G),0.997495174407959,0.29355719685554504,0.7039379775524139
87,17,0,Euclidiana (H),0.997495174407959,0.6354835629463196,0.3620116114616394
87,17,0,Manhattan (P),0.997495174407959,0.52666175365448,0.470833420753479
87,17,0,Manhattan (G),0.997495174407959,0.4486629068851471,0.5488322675228119
87,17,0,Manhattan (H),0.997495174407959,0.2212703824043274,0.7762247920036316
93,17,0,Minkowski (P),0.931035041809082,0.24937376379966736,0.6816612780094147
93,17,0,Minkowski (G),0.931035041809082,0.16592547297477722,0.7651095688343048
93,17,0,Minkowski (H),0.931035041809082,0.15282152593135834,0.7782135158777237
93,17,0,Euclidiana (P),0.931035041809082,0.19250088930130005,0.738534152507782
93,17,0,Euclidiana (G),0.931035041809082,0.248784601688385,0.682250440120697
93,17,0,Euclidiana (H),0.931035041809082,0.15877433121204376,0.7722607105970383
93,17,0,Manhattan (P),0.931035041809082,0.1791565865278244,0.7518784552812576
93,17,0,Manhattan (G),0.931035041809082,0.19978059828281403,0.731254443526268
93,17,0,Manhattan (H),0.931035041809082,0.3475944697856903,0.5834405720233917
107,17,0,Minkowski (P),0.9689779877662659,0.4653935432434082,0.5035844445228577
107,17,0,Minkowski (G),0.9689779877662659,0.48357149958610535,0.4854064881801605
107,17,0,Minkowski (H),0.9689779877662659,0.6615839600563049,0.30739402770996094
107,17,0,Euclidiana (P),0.9689779877662659,0.4120933413505554,0.5568846464157104
107,17,0,Euclidiana (G),0.9689779877662659,0.6818397641181946,0.2871382236480713
107,17,0,Euclidiana (H),0.9689779877662659,0.38063254952430725,0.5883454382419586
107,17,0,Manhattan (P),0.9689779877662659,0.5896855592727661,0.37929242849349976
107,17,0,Manhattan (G),0.9689779877662659,0.47833308577537537,0.4906449019908905
107,17,0,Manhattan (H),0.9689779877662659,0.5758421421051025,0.39313584566116333
121,17,0,Minkowski (P),0.8223276734352112,0.9999969005584717,-0.1776692271232605
121,17,0,Minkowski (G),0.8223276734352112,1.0,-0.17767232656478882
121,17,0,Minkowski (H),0.8223276734352112,0.8249245882034302,-0.002596914768218994
121,17,0,Euclidiana (P),0.8223276734352112,0.495853066444397,0.3264746069908142
121,17,0,Euclidiana (G),0.8223276734352112,0.8274620771408081,-0.005134403705596924
121,17,0,Euclidiana (H),0.8223276734352112,0.5375819206237793,0.2847457528114319
121,17,0,Manhattan (P),0.8223276734352112,0.8551732301712036,-0.03284555673599243
121,17,0,Manhattan (G),0.8223276734352112,0.5193790197372437,0.30294865369796753
121,17,0,Manhattan (H),0.8223276734352112,0.40015897154808044,0.42216870188713074
7,18,0,Minkowski (P),0.9289962649345398,0.32439401745796204,0.6046022474765778
7,18,0,Minkowski (G),0.9289962649345398,0.09468085318803787,0.8343154117465019
7,18,0,Minkowski (H),0.9289962649345398,0.19786040484905243,0.7311358600854874
7,18,0,Euclidiana (P),0.9289962649345398,0.36102738976478577,0.567968875169754
7,18,0,Euclidiana (G),0.9289962649345398,0.10036756098270416,0.8286287039518356
7,18,0,Euclidiana (H),0.9289962649345398,0.1939210295677185,0.7350752353668213
7,18,0,Manhattan (P),0.9289962649345398,0.28039219975471497,0.6486040651798248
7,18,0,Manhattan (G),0.9289962649345398,0.3984069228172302,0.5305893421173096
7,18,0,Manhattan (H),0.9289962649345398,0.1331036537885666,0.7958926111459732
12,18,0,Minkowski (P),0.2564840316772461,0.5282852053642273,-0.2718011736869812
12,18,0,Minkowski (G),0.2564840316772461,0.2954985201358795,-0.03901448845863342
12,18,0,Minkowski (H),0.2564840316772461,0.28900593519210815,-0.03252190351486206
12,18,0,Euclidiana (P),0.2564840316772461,0.3091912269592285,-0.05270719528198242
12,18,0,Euclidiana (G),0.2564840316772461,0.3825538456439972,-0.1260698139667511
12,18,0,Euclidiana (H),0.2564840316772461,0.25959542393684387,-0.0031113922595977783
12,18,0,Manhattan (P),0.2564840316772461,0.3578265905380249,-0.10134255886077881
12,18,0,Manhattan (G),0.2564840316772461,0.3123818337917328,-0.055897802114486694
12,18,0,Manhattan (H),0.2564840316772461,0.4361535608768463,-0.17966952919960022
42,18,0,Minkowski (P),0.6902045607566833,0.24811683595180511,0.44208772480487823
42,18,0,Minkowski (G),0.6902045607566833,0.5862370133399963,0.10396754741668701
42,18,0,Minkowski (H),0.6902045607566833,0.6424587965011597,0.04774576425552368
42,18,0,Euclidiana (P),0.6902045607566833,0.5302267670631409,0.15997779369354248
42,18,0,Euclidiana (G),0.6902045607566833,0.4336450397968292,0.2565595209598541
42,18,0,Euclidiana (H),0.6902045607566833,0.6875647306442261,0.0026398301124572754
42,18,0,Manhattan (P),0.6902045607566833,0.4472593367099762,0.24294522404670715
42,18,0,Manhattan (G),0.6902045607566833,0.27876967191696167,0.4114348888397217
42,18,0,Manhattan (H),0.6902045607566833,0.32416948676109314,0.3660350739955902
65,18,0,Minkowski (P),0.7379879355430603,0.23664766550064087,0.5013402700424194
65,18,0,Minkowski (G),0.7379879355430603,0.4039813280105591,0.3340066075325012
65,18,0,Minkowski (H),0.7379879355430603,0.3235357105731964,0.4144522249698639
65,18,0,Euclidiana (P),0.7379879355430603,0.4310656189918518,0.3069223165512085
65,18,0,Euclidiana (G),0.7379879355430603,0.5319536924362183,0.20603424310684204
65,18,0,Euclidiana (H),0.7379879355430603,0.26014453172683716,0.47784340381622314
65,18,0,Manhattan (P),0.7379879355430603,0.50185227394104,0.23613566160202026
65,18,0,Manhattan (G),0.7379879355430603,0.327892929315567,0.4100950062274933
65,18,0,Manhattan (H),0.7379879355430603,0.38923460245132446,0.34875333309173584
87,18,0,Minkowski (P),0.926257848739624,0.2203381508588791,0.7059196978807449
87,18,0,Minkowski (G),0.926257848739624,0.22861610352993011,0.6976417452096939
87,18,0,Minkowski (H),0.926257848739624,0.4552744925022125,0.4709833562374115
87,18,0,Euclidiana (P),0.926257848739624,0.6338581442832947,0.29239970445632935
87,18,0,Euclidiana (G),0.926257848739624,0.2744048535823822,0.6518529951572418
87,18,0,Euclidiana (H),0.926257848739624,0.6508334279060364,0.27542442083358765
87,18,0,Manhattan (P),0.926257848739624,0.24523024260997772,0.6810276061296463
87,18,0,Manhattan (G),0.926257848739624,0.33883246779441833,0.5874253809452057
87,18,0,Manhattan (H),0.926257848739624,0.4047893285751343,0.5214685201644897
93,18,0,Minkowski (P),0.966869592666626,0.30841952562332153,0.6584500670433044
93,18,0,Minkowski (G),0.966869592666626,0.42884132266044617,0.5380282700061798
93,18,0,Minkowski (H),0.966869592666626,0.21126049757003784,0.7556090950965881
93,18,0,Euclidiana (P),0.966869592666626,0.17489846050739288,0.7919711321592331
93,18,0,Euclidiana (G),0.966869592666626,0.254808634519577,0.712060958147049
93,18,0,Euclidiana (H),0.966869592666626,0.22608281672000885,0.7407867759466171
93,18,0,Manhattan (P),0.966869592666626,0.21804510056972504,0.7488244920969009
93,18,0,Manhattan (G),0.966869592666626,0.340589314699173,0.626280277967453
93,18,0,Manhattan (H),0.966869592666626,0.3737693130970001,0.5931002795696259
107,18,0,Minkowski (P),0.5468458533287048,0.4489305019378662,0.09791535139083862
107,18,0,Minkowski (G),0.5468458533287048,0.39332515001296997,0.15352070331573486
107,18,0,Minkowski (H),0.5468458533287048,0.601577639579773,-0.054731786251068115
107,18,0,Euclidiana (P),0.5468458533287048,0.5713530778884888,-0.024507224559783936
107,18,0,Euclidiana (G),0.5468458533287048,0.65435391664505,-0.10750806331634521
107,18,0,Euclidiana (H),0.5468458533287048,0.45396462082862854,0.0928812325000763
107,18,0,Manhattan (P),0.5468458533287048,0.439426451921463,0.10741940140724182
107,18,0,Manhattan (G),0.5468458533287048,0.48632678389549255,0.06051906943321228
107,18,0,Manhattan (H),0.5468458533287048,0.6403708457946777,-0.0935249924659729
121,18,0,Minkowski (P),0.3412889540195465,0.9999992847442627,-0.6587103307247162
121,18,0,Minkowski (G),0.3412889540195465,0.09287381172180176,0.24841514229774475
121,18,0,Minkowski (H),0.3412889540195465,0.8041520118713379,-0.4628630578517914
121,18,0,Euclidiana (P),0.3412889540195465,0.6739456057548523,-0.3326566517353058
121,18,0,Euclidiana (G),0.3412889540195465,0.3454039990901947,-0.004115045070648193
121,18,0,Euclidiana (H),0.3412889540195465,0.5477730631828308,-0.2064841091632843
121,18,0,Manhattan (P),0.3412889540195465,0.9492939710617065,-0.60800501704216
121,18,0,Manhattan (G),0.3412889540195465,0.17061416804790497,0.17067478597164154
121,18,0,Manhattan (H),0.3412889540195465,0.7203220129013062,-0.37903305888175964
7,19,0,Minkowski (P),0.9915286302566528,0.29745352268218994,0.6940751075744629
7,19,0,Minkowski (G),0.9915286302566528,0.08767536282539368,0.9038532674312592
7,19,0,Minkowski (H),0.9915286302566528,0.3815574049949646,0.6099712252616882
7,19,0,Euclidiana (P),0.9915286302566528,0.25860852003097534,0.7329201102256775
7,19,0,Euclidiana (G),0.9915286302566528,0.3827599287033081,0.6087687015533447
7,19,0,Euclidiana (H),0.9915286302566528,0.36833471059799194,0.6231939196586609
7,19,0,Manhattan (P),0.9915286302566528,0.6472434401512146,0.34428519010543823
7,19,0,Manhattan (G),0.9915286302566528,0.31341487169265747,0.6781137585639954
7,19,0,Manhattan (H),0.9915286302566528,0.17796941101551056,0.8135592192411423
12,19,0,Minkowski (P),0.8307136297225952,0.8063257336616516,0.024387896060943604
12,19,0,Minkowski (G),0.8307136297225952,0.25870880484580994,0.5720048248767853
12,19,0,Minkowski (H),0.8307136297225952,0.28739333152770996,0.5433202981948853
12,19,0,Euclidiana (P),0.8307136297225952,0.29921963810920715,0.5314939916133881
12,19,0,Euclidiana (G),0.8307136297225952,0.4018263816833496,0.4288872480392456
12,19,0,Euclidiana (H),0.8307136297225952,0.3048238158226013,0.5258898138999939
12,19,0,Manhattan (P),0.8307136297225952,0.22844074666500092,0.6022728830575943
12,19,0,Manhattan (G),0.8307136297225952,0.27252742648124695,0.5581862032413483
12,19,0,Manhattan (H),0.8307136297225952,0.19288106262683868,0.6378325670957565
42,19,0,Minkowski (P),0.9732843041419983,0.5066497921943665,0.46663451194763184
42,19,0,Minkowski (G),0.9732843041419983,0.7134265899658203,0.259857714176178
42,19,0,Minkowski (H),0.9732843041419983,0.6013787984848022,0.37190550565719604
42,19,0,Euclidiana (P),0.9732843041419983,0.7629887461662292,0.21029555797576904
42,19,0,Euclidiana (G),0.9732843041419983,0.6229417324066162,0.3503425717353821
42,19,0,Euclidiana (H),0.9732843041419983,0.7691161036491394,0.2041682004928589
42,19,0,Manhattan (P),0.9732843041419983,0.6537746787071228,0.3195096254348755
42,19,0,Manhattan (G),0.9732843041419983,0.7754790186882019,0.1978052854537964
42,19,0,Manhattan (H),0.9732843041419983,0.6838582158088684,0.2894260883331299
65,19,0,Minkowski (P),0.9898931384086609,0.166081964969635,0.8238111734390259
65,19,0,Minkowski (G),0.9898931384086609,0.4046119153499603,0.5852812230587006
65,19,0,Minkowski (H),0.9898931384086609,0.5546466112136841,0.4352465271949768
65,19,0,Euclidiana (P),0.9898931384086609,0.45815595984458923,0.5317371785640717
65,19,0,Euclidiana (G),0.9898931384086609,0.5838675498962402,0.40602558851242065
65,19,0,Euclidiana (H),0.9898931384086609,0.3144627809524536,0.6754303574562073
65,19,0,Manhattan (P),0.9898931384086609,0.49957773089408875,0.49031540751457214
65,19,0,Manhattan (G),0.9898931384086609,0.41127315163612366,0.5786199867725372
65,19,0,Manhattan (H),0.9898931384086609,0.4459938108921051,0.5438993275165558
87,19,0,Minkowski (P),0.9994545578956604,0.2143884003162384,0.785066157579422
87,19,0,Minkowski (G),0.9994545578956604,0.46809127926826477,0.5313632786273956
87,19,0,Minkowski (H),0.9994545578956604,0.6723757386207581,0.32707881927490234
87,19,0,Euclidiana (P),0.9994545578956604,0.8583635091781616,0.14109104871749878
87,19,0,Euclidiana (G),0.9994545578956604,0.7577822804450989,0.24167227745056152
87,19,0,Euclidiana (H),0.9994545578956604,0.7461881041526794,0.25326645374298096
87,19,0,Manhattan (P),0.9994545578956604,0.5843977928161621,0.4150567650794983
87,19,0,Manhattan (G),0.9994545578956604,0.5464904308319092,0.4529641270637512
87,19,0,Manhattan (H),0.9994545578956604,0.8074374198913574,0.19201713800430298
93,19,0,Minkowski (P),0.9949782490730286,0.2795395851135254,0.7154386639595032
93,19,0,Minkowski (G),0.9949782490730286,0.2583374083042145,0.7366408407688141
93,19,0,Minkowski (H),0.9949782490730286,0.1779964566230774,0.8169817924499512
93,19,0,Euclidiana (P),0.9949782490730286,0.21168790757656097,0.7832903414964676
93,19,0,Euclidiana (G),0.9949782490730286,0.1830577254295349,0.8119205236434937
93,19,0,Euclidiana (H),0.9949782490730286,0.2725590467453003,0.7224192023277283
93,19,0,Manhattan (P),0.9949782490730286,0.23029950261116028,0.7646787464618683
93,19,0,Manhattan (G),0.9949782490730286,0.24063976109027863,0.7543384879827499
93,19,0,Manhattan (H),0.9949782490730286,0.14892087876796722,0.8460573703050613
107,19,0,Minkowski (P),0.9847602248191833,0.3784150183200836,0.6063452064990997
107,19,0,Minkowski (G),0.9847602248191833,0.5659914016723633,0.41876882314682007
107,19,0,Minkowski (H),0.9847602248191833,0.6216431260108948,0.3631170988082886
107,19,0,Euclidiana (P),0.9847602248191833,0.42929235100746155,0.5554678738117218
107,19,0,Euclidiana (G),0.9847602248191833,0.5502405762672424,0.4345196485519409
107,19,0,Euclidiana (H),0.9847602248191833,0.471856951713562,0.5129032731056213
107,19,0,Manhattan (P),0.9847602248191833,0.5620615482330322,0.4226986765861511
107,19,0,Manhattan (G),0.9847602248191833,0.6469720602035522,0.3377881646156311
107,19,0,Manhattan (H),0.9847602248191833,0.5709957480430603,0.41376447677612305
121,19,0,Minkowski (P),0.5293741822242737,0.9306650161743164,-0.4012908339500427
121,19,0,Minkowski (G),0.5293741822242737,0.4809364676475525,0.04843771457672119
121,19,0,Minkowski (H),0.5293741822242737,0.40112799406051636,0.12824618816375732
121,19,0,Euclidiana (P),0.5293741822242737,0.5886176824569702,-0.05924350023269653
121,19,0,Euclidiana (G),0.5293741822242737,0.5608148574829102,-0.031440675258636475
121,19,0,Euclidiana (H),0.5293741822242737,0.6495394706726074,-0.12016528844833374
121,19,0,Manhattan (P),0.5293741822242737,0.43807485699653625,0.09129932522773743
121,19,0,Manhattan (G),0.5293741822242737,0.5439276099205017,-0.014553427696228027
121,19,0,Manhattan (H),0.5293741822242737,0.45061811804771423,0.07875606417655945
7,20,0,Minkowski (P),0.9868350625038147,0.3487391769886017,0.638095885515213
7,20,0,Minkowski (G),0.9868350625038147,1.0,-0.013164937496185303
7,20,0,Minkowski (H),0.9868350625038147,0.3072757422924042,0.6795593202114105
7,20,0,Euclidiana (P),0.9868350625038147,0.04137784242630005,0.9454572200775146
7,20,0,Euclidiana (G),0.9868350625038147,0.23866069316864014,0.7481743693351746
7,20,0,Euclidiana (H),0.9868350625038147,0.17881466448307037,0.8080203980207443
7,20,0,Manhattan (P),0.9868350625038147,0.9845702052116394,0.002264857292175293
7,20,0,Manhattan (G),0.9868350625038147,0.4708084762096405,0.5160265862941742
7,20,0,Manhattan (H),0.9868350625038147,0.0619531124830246,0.9248819500207901
12,20,0,Minkowski (P),0.9922530055046082,0.7125124931335449,0.27974051237106323
12,20,0,Minkowski (G),0.9922530055046082,0.27267199754714966,0.7195810079574585
12,20,0,Minkowski (H),0.9922530055046082,0.347500205039978,0.6447528004646301
12,20,0,Euclidiana (P),0.9922530055046082,0.27387735247612,0.7183756530284882
12,20,0,Euclidiana (G),0.9922530055046082,0.5409450531005859,0.4513079524040222
12,20,0,Euclidiana (H),0.9922530055046082,0.21271881461143494,0.7795341908931732
12,20,0,Manhattan (P),0.9922530055046082,0.34513938426971436,0.6471136212348938
12,20,0,Manhattan (G),0.9922530055046082,0.2849642336368561,0.7072887718677521
12,20,0,Manhattan (H),0.9922530055046082,0.2922517657279968,0.7000012397766113
42,20,0,Minkowski (P),0.9791121482849121,0.5984403491020203,0.38067179918289185
42,20,0,Minkowski (G),0.9791121482849121,0.41651687026023865,0.5625952780246735
42,20,0,Minkowski (H),0.9791121482849121,0.5550907254219055,0.4240214228630066
42,20,0,Euclidiana (P),0.9791121482849121,0.4397794306278229,0.5393327176570892
42,20,0,Euclidiana (G),0.9791121482849121,0.4126126766204834,0.5664994716644287
42,20,0,Euclidiana (H),0.9791121482849121,0.7041613459587097,0.2749508023262024
42,20,0,Manhattan (P),0.9791121482849121,0.3966015577316284,0.5825105905532837
42,20,0,Manhattan (G),0.9791121482849121,0.2759389281272888,0.7031732201576233
42,20,0,Manhattan (H),0.9791121482849121,0.4265712797641754,0.5525408685207367
65,20,0,Minkowski (P),0.9313685297966003,0.21015647053718567,0.7212120592594147
65,20,0,Minkowski (G),0.9313685297966003,0.32369571924209595,0.6076728105545044
65,20,0,Minkowski (H),0.9313685297966003,0.4585972726345062,0.4727712571620941
65,20,0,Euclidiana (P),0.9313685297966003,0.5102716684341431,0.4210968613624573
65,20,0,Euclidiana (G),0.9313685297966003,0.45950624346733093,0.4718622863292694
65,20,0,Euclidiana (H),0.9313685297966003,0.29057547450065613,0.6407930552959442
65,20,0,Manhattan (P),0.9313685297966003,0.433613657951355,0.49775487184524536
65,20,0,Manhattan (G),0.9313685297966003,0.27356019616127014,0.6578083336353302
65,20,0,Manhattan (H),0.9313685297966003,0.34001097083091736,0.591357558965683
87,20,0,Minkowski (P),0.9807034730911255,0.26588645577430725,0.7148170173168182
87,20,0,Minkowski (G),0.9807034730911255,0.2197752296924591,0.7609282433986664
87,20,0,Minkowski (H),0.9807034730911255,0.34519585967063904,0.6355076134204865
87,20,0,Euclidiana (P),0.9807034730911255,0.44746091961860657,0.5332425534725189
87,20,0,Euclidiana (G),0.9807034730911255,0.23468798398971558,0.7460154891014099
87,20,0,Euclidiana (H),0.9807034730911255,0.6812629699707031,0.29944050312042236
87,20,0,Manhattan (P),0.9807034730911255,0.18979565799236298,0.7909078150987625
87,20,0,Manhattan (G),0.9807034730911255,0.23789702355861664,0.7428064495325089
87,20,0,Manhattan (H),0.9807034730911255,0.3237192630767822,0.6569842100143433
93,20,0,Minkowski (P),0.9990884065628052,0.3483176529407501,0.650770753622055
93,20,0,Minkowski (G),0.9990884065628052,0.2605755031108856,0.7385129034519196
93,20,0,Minkowski (H),0.9990884065628052,0.15637031197547913,0.842718094587326
93,20,0,Euclidiana (P),0.9990884065628052,0.17557625472545624,0.8235121518373489
93,20,0,Euclidiana (G),0.9990884065628052,0.25836169719696045,0.7407267093658447
93,20,0,Euclidiana (H),0.9990884065628052,0.20389653742313385,0.7951918691396713
93,20,0,Manhattan (P),0.9990884065628052,0.23254987597465515,0.76653853058815
93,20,0,Manhattan (G),0.9990884065628052,0.26957786083221436,0.7295105457305908
93,20,0,Manhattan (H),0.9990884065628052,0.32192376255989075,0.6771646440029144
107,20,0,Minkowski (P),0.9931386113166809,0.31726282835006714,0.6758757829666138
107,20,0,Minkowski (G),0.9931386113166809,0.47481104731559753,0.5183275640010834
107,20,0,Minkowski (H),0.9931386113166809,0.6131427884101868,0.37999582290649414
107,20,0,Euclidiana (P),0.9931386113166809,0.5011405348777771,0.4919980764389038
107,20,0,Euclidiana (G),0.9931386113166809,0.6674891114234924,0.3256494998931885
107,20,0,Euclidiana (H),0.9931386113166809,0.5152645707130432,0.4778740406036377
107,20,0,Manhattan (P),0.9931386113166809,0.5672625303268433,0.42587608098983765
107,20,0,Manhattan (G),0.9931386113166809,0.5942947268486023,0.3988438844680786
107,20,0,Manhattan (H),0.9931386113166809,0.596189558506012,0.39694905281066895
121,20,0,Minkowski (P),0.9178593754768372,1.0,-0.08214062452316284
121,20,0,Minkowski (G),0.9178593754768372,0.9997636675834656,-0.08190429210662842
121,20,0,Minkowski (H),0.9178593754768372,0.9500676393508911,-0.032208263874053955
121,20,0,Euclidiana (P),0.9178593754768372,0.4040426015853882,0.513816773891449
121,20,0,Euclidiana (G),0.9178593754768372,0.3956146240234375,0.5222447514533997
121,20,0,Euclidiana (H),0.9178593754768372,0.5821828842163086,0.33567649126052856
121,20,0,Manhattan (P),0.9178593754768372,0.8191672563552856,0.09869211912155151
121,20,0,Manhattan (G),0.9178593754768372,0.6231479644775391,0.2947114109992981
121,20,0,Manhattan (H),0.9178593754768372,0.4988105297088623,0.41904884576797485
7,21,0,Minkowski (P),0.40378639101982117,0.2684514820575714,0.13533490896224976
7,21,0,Minkowski (G),0.40378639101982117,1.6834963481780994e-25,0.40378639101982117
7,21,0,Minkowski (H),0.40378639101982117,0.5368322134017944,-0.13304582238197327
7,21,0,Euclidiana (P),0.40378639101982117,0.4555802047252655,-0.051793813705444336
7,21,0,Euclidiana (G),0.40378639101982117,0.057815320789813995,0.34597107023000717
7,21,0,Euclidiana (H),0.40378639101982117,0.26220691204071045,0.14157947897911072
7,21,0,Manhattan (P),0.40378639101982117,6.304190309980683e-20,0.40378639101982117
7,21,0,Manhattan (G),0.40378639101982117,0.04113936424255371,0.36264702677726746
7,21,0,Manhattan (H),0.40378639101982117,0.03631884977221489,0.3674675412476063
12,21,0,Minkowski (P),0.8954297304153442,0.9999827146530151,-0.1045529842376709
12,21,0,Minkowski (G),0.8954297304153442,0.26101160049438477,0.6344181299209595
12,21,0,Minkowski (H),0.8954297304153442,0.4197514057159424,0.47567832469940186
12,21,0,Euclidiana (P),0.8954297304153442,0.2543923854827881,0.6410373449325562
12,21,0,Euclidiana (G),0.8954297304153442,0.5316628217697144,0.3637669086456299
12,21,0,Euclidiana (H),0.8954297304153442,0.21360543370246887,0.6818242967128754
12,21,0,Manhattan (P),0.8954297304153442,0.3102881908416748,0.5851415395736694
12,21,0,Manhattan (G),0.8954297304153442,0.307388037443161,0.5880416929721832
12,21,0,Manhattan (H),0.8954297304153442,0.2995896637439728,0.5958400666713715
42,21,0,Minkowski (P),0.9325552582740784,0.9669957756996155,-0.03444051742553711
42,21,0,Minkowski (G),0.9325552582740784,1.0,-0.06744474172592163
42,21,0,Minkowski (H),0.9325552582740784,0.42924192547798157,0.5033133327960968
42,21,0,Euclidiana (P),0.9325552582740784,0.503486692905426,0.42906856536865234
42,21,0,Euclidiana (G),0.9325552582740784,0.5121347904205322,0.42042046785354614
42,21,0,Euclidiana (H),0.9325552582740784,0.7496100664138794,0.18294519186019897
42,21,0,Manhattan (P),0.9325552582740784,0.9041904807090759,0.02836477756500244
42,21,0,Manhattan (G),0.9325552582740784,0.5437652468681335,0.3887900114059448
42,21,0,Manhattan (H),0.9325552582740784,0.36156290769577026,0.5709923505783081
65,21,0,Minkowski (P),0.1774018406867981,0.13833093643188477,0.03907090425491333
65,21,0,Minkowski (G),0.1774018406867981,0.45452409982681274,-0.27712225914001465
65,21,0,Minkowski (H),0.1774018406867981,0.5547109246253967,-0.37730908393859863
65,21,0,Euclidiana (P),0.1774018406867981,0.45950645208358765,-0.28210461139678955
65,21,0,Euclidiana (G),0.1774018406867981,0.47599321603775024,-0.29859137535095215
65,21,0,Euclidiana (H),0.1774018406867981,0.2971620559692383,-0.11976021528244019
65,21,0,Manhattan (P),0.1774018406867981,0.2912617623806,-0.11385992169380188
65,21,0,Manhattan (G),0.1774018406867981,0.2051389515399933,-0.02773711085319519
65,21,0,Manhattan (H),0.1774018406867981,0.3142905831336975,-0.13688874244689941
87,21,0,Minkowski (P),0.35051244497299194,0.3597662150859833,-0.009253770112991333
87,21,0,Minkowski (G),0.35051244497299194,0.17008943855762482,0.18042300641536713
87,21,0,Minkowski (H),0.35051244497299194,0.26082080602645874,0.0896916389465332
87,21,0,Euclidiana (P),0.35051244497299194,0.5029448866844177,-0.15243244171142578
87,21,0,Euclidiana (G),0.35051244497299194,0.21397101879119873,0.1365414261817932
87,21,0,Euclidiana (H),0.35051244497299194,0.5784618854522705,-0.22794944047927856
87,21,0,Manhattan (P),0.35051244497299194,0.14877007901668549,0.20174236595630646
87,21,0,Manhattan (G),0.35051244497299194,0.25683748722076416,0.09367495775222778
87,21,0,Manhattan (H),0.35051244497299194,0.31793347001075745,0.0325789749622345
93,21,0,Minkowski (P),0.47260233759880066,0.2926957905292511,0.17990654706954956
93,21,0,Minkowski (G),0.47260233759880066,0.2923170328140259,0.18028530478477478
93,21,0,Minkowski (H),0.47260233759880066,0.19050581753253937,0.2820965200662613
93,21,0,Euclidiana (P),0.47260233759880066,0.22011467814445496,0.2524876594543457
93,21,0,Euclidiana (G),0.47260233759880066,0.2782134711742401,0.19438886642456055
93,21,0,Euclidiana (H),0.47260233759880066,0.21841053664684296,0.2541918009519577
93,21,0,Manhattan (P),0.47260233759880066,0.14876176416873932,0.32384057343006134
93,21,0,Manhattan (G),0.47260233759880066,0.22033579647541046,0.2522665411233902
93,21,0,Manhattan (H),0.47260233759880066,0.3396114110946655,0.13299092650413513
107,21,0,Minkowski (P),0.9078399538993835,0.33615434169769287,0.5716856122016907
107,21,0,Minkowski (G),0.9078399538993835,0.3954833149909973,0.5123566389083862
107,21,0,Minkowski (H),0.9078399538993835,0.5597880482673645,0.34805190563201904
107,21,0,Euclidiana (P),0.9078399538993835,0.40288031101226807,0.5049596428871155
107,21,0,Euclidiana (G),0.9078399538993835,0.6127727627754211,0.2950671911239624
107,21,0,Euclidiana (H),0.9078399538993835,0.4985096752643585,0.409330278635025
107,21,0,Manhattan (P),0.9078399538993835,0.4068290889263153,0.5010108649730682
107,21,0,Manhattan (G),0.9078399538993835,0.5516194105148315,0.356220543384552
107,21,0,Manhattan (H),0.9078399538993835,0.642023503780365,0.26581645011901855
121,21,0,Minkowski (P),0.48880818486213684,0.9669284224510193,-0.47812023758888245
121,21,0,Minkowski (G),0.48880818486213684,1.0,-0.5111918151378632
121,21,0,Minkowski (H),0.48880818486213684,1.0,-0.5111918151378632
121,21,0,Euclidiana (P),0.48880818486213684,0.6580541133880615,-0.16924592852592468
121,21,0,Euclidiana (G),0.48880818486213684,0.007270751986652613,0.48153743287548423
121,21,0,Euclidiana (H),0.48880818486213684,0.5600625276565552,-0.07125434279441833
121,21,0,Manhattan (P),0.48880818486213684,0.6730590462684631,-0.1842508614063263
121,21,0,Manhattan (G),0.48880818486213684,1.0,-0.5111918151378632
121,21,0,Manhattan (H),0.48880818486213684,0.4707340896129608,0.018074095249176025
7,22,1,Minkowski (P),0.8911038041114807,0.5824915170669556,0.30861228704452515
7,22,1,Minkowski (G),0.8911038041114807,4.23042243596905e-13,0.8911038041110577
7,22,1,Minkowski (H),0.8911038041114807,0.4365653097629547,0.454538494348526
7,22,1,Euclidiana (P),0.8911038041114807,0.8524379134178162,0.03866589069366455
7,22,1,Euclidiana (G),0.8911038041114807,0.7921208143234253,0.09898298978805542
7,22,1,Euclidiana (H),0.8911038041114807,0.6699119210243225,0.2211918830871582
7,22,1,Manhattan (P),0.8911038041114807,0.00016232617781497538,0.8909414779336657
7,22,1,Manhattan (G),0.8911038041114807,0.829397976398468,0.061705827713012695
7,22,1,Manhattan (H),0.8911038041114807,0.17741450667381287,0.7136892974376678
12,22,1,Minkowski (P),0.8037753105163574,0.39415743947029114,0.4096178710460663
12,22,1,Minkowski (G),0.8037753105163574,0.7482698559761047,0.055505454540252686
12,22,1,Minkowski (H),0.8037753105163574,0.8421129584312439,-0.038337647914886475
12,22,1,Euclidiana (P),0.8037753105163574,0.812852144241333,-0.009076833724975586
12,22,1,Euclidiana (G),0.8037753105163574,0.5831916928291321,0.22058361768722534
12,22,1,Euclidiana (H),0.8037753105163574,0.8445794582366943,-0.040804147720336914
12,22,1,Manhattan (P),0.8037753105163574,0.763448178768158,0.04032713174819946
12,22,1,Manhattan (G),0.8037753105163574,0.9294432401657104,-0.12566792964935303
12,22,1,Manhattan (H),0.8037753105163574,0.6875941753387451,0.1161811351776123
42,22,1,Minkowski (P),0.6595451235771179,0.6302418112754822,0.029303312301635742
42,22,1,Minkowski (G),0.6595451235771179,0.8503174781799316,-0.19077235460281372
42,22,1,Minkowski (H),0.6595451235771179,0.37460657954216003,0.2849385440349579
42,22,1,Euclidiana (P),0.6595451235771179,0.45374545454978943,0.2057996690273285
42,22,1,Euclidiana (G),0.6595451235771179,0.5602307915687561,0.09931433200836182
42,22,1,Euclidiana (H),0.6595451235771179,0.4819110333919525,0.1776340901851654
42,22,1,Manhattan (P),0.6595451235771179,0.5729362368583679,0.08660888671875
42,22,1,Manhattan (G),0.6595451235771179,0.3886260986328125,0.2709190249443054
42,22,1,Manhattan (H),0.6595451235771179,0.8255598545074463,-0.16601473093032837
65,22,1,Minkowski (P),0.6206196546554565,0.8122711181640625,-0.19165146350860596
65,22,1,Minkowski (G),0.6206196546554565,0.7191144227981567,-0.0984947681427002
65,22,1,Minkowski (H),0.6206196546554565,0.7225589156150818,-0.10193926095962524
65,22,1,Euclidiana (P),0.6206196546554565,0.6984071135520935,-0.07778745889663696
65,22,1,Euclidiana (G),0.6206196546554565,0.5256536602973938,0.09496599435806274
65,22,1,Euclidiana (H),0.6206196546554565,0.569341242313385,0.05127841234207153
65,22,1,Manhattan (P),0.6206196546554565,0.5632973313331604,0.05732232332229614
65,22,1,Manhattan (G),0.6206196546554565,0.7929430603981018,-0.17232340574264526
65,22,1,Manhattan (H),0.6206196546554565,0.7333628535270691,-0.11274319887161255
87,22,1,Minkowski (P),0.4802519679069519,0.761658787727356,-0.28140681982040405
87,22,1,Minkowski (G),0.4802519679069519,0.9143974184989929,-0.434145450592041
87,22,1,Minkowski (H),0.4802519679069519,0.667617678642273,-0.18736571073532104
87,22,1,Euclidiana (P),0.4802519679069519,0.5156144499778748,-0.03536248207092285
87,22,1,Euclidiana (G),0.4802519679069519,0.7734450101852417,-0.2931930422782898
87,22,1,Euclidiana (H),0.4802519679069519,0.4926418662071228,-0.012389898300170898
87,22,1,Manhattan (P),0.4802519679069519,0.8003552556037903,-0.3201032876968384
87,22,1,Manhattan (G),0.4802519679069519,0.6254742741584778,-0.14522230625152588
87,22,1,Manhattan (H),0.4802519679069519,0.6602665781974792,-0.18001461029052734
93,22,1,Minkowski (P),0.7663596272468567,0.6471636891365051,0.11919593811035156
93,22,1,Minkowski (G),0.7663596272468567,0.6610088348388672,0.1053507924079895
93,22,1,Minkowski (H),0.7663596272468567,0.8228124976158142,-0.05645287036895752
93,22,1,Euclidiana (P),0.7663596272468567,0.7624925971031189,0.003867030143737793
93,22,1,Euclidiana (G),0.7663596272468567,0.7694752812385559,-0.0031156539916992188
93,22,1,Euclidiana (H),0.7663596272468567,0.7711715698242188,-0.0048119425773620605
93,22,1,Manhattan (P),0.7663596272468567,0.6957209706306458,0.07063865661621094
93,22,1,Manhattan (G),0.7663596272468567,0.7915416955947876,-0.025182068347930908
93,22,1,Manhattan (H),0.7663596272468567,0.5224531888961792,0.2439064383506775
107,22,1,Minkowski (P),0.16603952646255493,0.7331523299217224,-0.5671128034591675
107,22,1,Minkowski (G),0.16603952646255493,0.4933939278125763,-0.32735440135002136
107,22,1,Minkowski (H),0.16603952646255493,0.4578098952770233,-0.2917703688144684
107,22,1,Euclidiana (P),0.16603952646255493,0.7079086303710938,-0.5418691039085388
107,22,1,Euclidiana (G),0.16603952646255493,0.4498636722564697,-0.2838241457939148
107,22,1,Euclidiana (H),0.16603952646255493,0.6353379487991333,-0.46929842233657837
107,22,1,Manhattan (P),0.16603952646255493,0.6538816094398499,-0.4878420829772949
107,22,1,Manhattan (G),0.16603952646255493,0.7125357389450073,-0.5464962124824524
107,22,1,Manhattan (H),0.16603952646255493,0.4541490972042084,-0.28810957074165344
121,22,1,Minkowski (P),0.20174002647399902,5.586546850122609e-12,0.20174002646841246
121,22,1,Minkowski (G),0.20174002647399902,0.9983955025672913,-0.7966554760932922
121,22,1,Minkowski (H),0.20174002647399902,0.31595879793167114,-0.11421877145767212
121,22,1,Euclidiana (P),0.20174002647399902,0.5868642330169678,-0.38512420654296875
121,22,1,Euclidiana (G),0.20174002647399902,0.30461519956588745,-0.10287517309188843
121,22,1,Euclidiana (H),0.20174002647399902,0.5624194145202637,-0.36067938804626465
121,22,1,Manhattan (P),0.20174002647399902,0.9473239183425903,-0.7455838918685913
121,22,1,Manhattan (G),0.20174002647399902,0.4241516590118408,-0.2224116325378418
121,22,1,Manhattan (H),0.20174002647399902,0.663044810295105,-0.46130478382110596
7,23,1,Minkowski (P),0.9993516802787781,0.6275482177734375,0.3718034625053406
7,23,1,Minkowski (G),0.9993516802787781,0.8233560919761658,0.1759955883026123
7,23,1,Minkowski (H),0.9993516802787781,0.7840697169303894,0.21528196334838867
7,23,1,Euclidiana (P),0.9993516802787781,0.8594443202018738,0.1399073600769043
7,23,1,Euclidiana (G),0.9993516802787781,0.6966623663902283,0.3026893138885498
7,23,1,Euclidiana (H),0.9993516802787781,0.9119620323181152,0.08738964796066284
7,23,1,Manhattan (P),0.9993516802787781,0.07609336078166962,0.9232583194971085
7,23,1,Manhattan (G),0.9993516802787781,0.8640222549438477,0.13532942533493042
7,23,1,Manhattan (H),0.9993516802787781,0.6300473213195801,0.369304358959198
12,23,1,Minkowski (P),0.9898853302001953,0.16242308914661407,0.8274622410535812
12,23,1,Minkowski (G),0.9898853302001953,0.7231717109680176,0.26671361923217773
12,23,1,Minkowski (H),0.9898853302001953,0.8199495673179626,0.16993576288223267
12,23,1,Euclidiana (P),0.9898853302001953,0.7890529632568359,0.20083236694335938
12,23,1,Euclidiana (G),0.9898853302001953,0.5612579584121704,0.4286273717880249
12,23,1,Euclidiana (H),0.9898853302001953,0.828467071056366,0.16141825914382935
12,23,1,Manhattan (P),0.9898853302001953,0.7412980198860168,0.24858731031417847
12,23,1,Manhattan (G),0.9898853302001953,0.8649504780769348,0.1249348521232605
12,23,1,Manhattan (H),0.9898853302001953,0.884386420249939,0.10549890995025635
42,23,1,Minkowski (P),0.9972147345542908,0.4433717131614685,0.5538430213928223
42,23,1,Minkowski (G),0.9972147345542908,0.643828809261322,0.35338592529296875
42,23,1,Minkowski (H),0.9972147345542908,0.42716553807258606,0.5700491964817047
42,23,1,Euclidiana (P),0.9972147345542908,0.4697670042514801,0.5274477303028107
42,23,1,Euclidiana (G),0.9972147345542908,0.4382022023200989,0.5590125322341919
42,23,1,Euclidiana (H),0.9972147345542908,0.5522702932357788,0.44494444131851196
42,23,1,Manhattan (P),0.9972147345542908,0.3958664536476135,0.6013482809066772
42,23,1,Manhattan (G),0.9972147345542908,0.386213093996048,0.6110016405582428
42,23,1,Manhattan (H),0.9972147345542908,0.5347701907157898,0.462444543838501
65,23,1,Minkowski (P),0.9975948929786682,0.7956454753875732,0.20194941759109497
65,23,1,Minkowski (G),0.9975948929786682,0.5992375612258911,0.3983573317527771
65,23,1,Minkowski (H),0.9975948929786682,0.7274762392044067,0.2701186537742615
65,23,1,Euclidiana (P),0.9975948929786682,0.813824474811554,0.18377041816711426
65,23,1,Euclidiana (G),0.9975948929786682,0.5885836482048035,0.40901124477386475
65,23,1,Euclidiana (H),0.9975948929786682,0.5628468990325928,0.43474799394607544
65,23,1,Manhattan (P),0.9975948929786682,0.5491707921028137,0.4484241008758545
65,23,1,Manhattan (G),0.9975948929786682,0.7269868850708008,0.27060800790786743
65,23,1,Manhattan (H),0.9975948929786682,0.684153139591217,0.31344175338745117
87,23,1,Minkowski (P),0.9992111921310425,0.780259907245636,0.2189512848854065
87,23,1,Minkowski (G),0.9992111921310425,0.7958602905273438,0.20335090160369873
87,23,1,Minkowski (H),0.9992111921310425,0.6730483174324036,0.3261628746986389
87,23,1,Euclidiana (P),0.9992111921310425,0.43900224566459656,0.5602089464664459
87,23,1,Euclidiana (G),0.9992111921310425,0.6330780982971191,0.36613309383392334
87,23,1,Euclidiana (H),0.9992111921310425,0.5297383069992065,0.46947288513183594
87,23,1,Manhattan (P),0.9992111921310425,0.6449573636054993,0.3542538285255432
87,23,1,Manhattan (G),0.9992111921310425,0.6615528464317322,0.3376583456993103
87,23,1,Manhattan (H),0.9992111921310425,0.3996296226978302,0.5995815694332123
93,23,1,Minkowski (P),0.9908219575881958,0.6345846056938171,0.35623735189437866
93,23,1,Minkowski (G),0.9908219575881958,0.7806570529937744,0.2101649045944214
93,23,1,Minkowski (H),0.9908219575881958,0.8287535905838013,0.16206836700439453
93,23,1,Euclidiana (P),0.9908219575881958,0.7993342280387878,0.19148772954940796
93,23,1,Euclidiana (G),0.9908219575881958,0.8234935998916626,0.1673283576965332
93,23,1,Euclidiana (H),0.9908219575881958,0.7733959555625916,0.21742600202560425
93,23,1,Manhattan (P),0.9908219575881958,0.7689393162727356,0.2218826413154602
93,23,1,Manhattan (G),0.9908219575881958,0.825654149055481,0.16516780853271484
93,23,1,Manhattan (H),0.9908219575881958,0.7126500010490417,0.27817195653915405
107,23,1,Minkowski (P),0.9956662654876709,0.6062623858451843,0.3894038796424866
107,23,1,Minkowski (G),0.9956662654876709,0.4314686059951782,0.5641976594924927
107,23,1,Minkowski (H),0.9956662654876709,0.4913909137248993,0.5042753517627716
107,23,1,Euclidiana (P),0.9956662654876709,0.690942108631134,0.30472415685653687
107,23,1,Euclidiana (G),0.9956662654876709,0.47300511598587036,0.5226611495018005
107,23,1,Euclidiana (H),0.9956662654876709,0.6339330673217773,0.36173319816589355
107,23,1,Manhattan (P),0.9956662654876709,0.5713943243026733,0.42427194118499756
107,23,1,Manhattan (G),0.9956662654876709,0.6232874989509583,0.37237876653671265
107,23,1,Manhattan (H),0.9956662654876709,0.4632202386856079,0.532446026802063
121,23,1,Minkowski (P),0.9959403276443481,0.5273540616035461,0.468586266040802
121,23,1,Minkowski (G),0.9959403276443481,2.6863233415497234e-06,0.9959376413210066
121,23,1,Minkowski (H),0.9959403276443481,0.655877411365509,0.3400629162788391
121,23,1,Euclidiana (P),0.9959403276443481,0.4972465932369232,0.4986937344074249
121,23,1,Euclidiana (G),0.9959403276443481,0.48183751106262207,0.5141028165817261
121,23,1,Euclidiana (H),0.9959403276443481,0.4713958501815796,0.5245444774627686
121,23,1,Manhattan (P),0.9959403276443481,0.4098040461540222,0.5861362814903259
121,23,1,Manhattan (G),0.9959403276443481,0.5805683135986328,0.41537201404571533
121,23,1,Manhattan (H),0.9959403276443481,0.5499429106712341,0.445997416973114
7,24,1,Minkowski (P),0.9986323714256287,0.8093331456184387,0.18929922580718994
7,24,1,Minkowski (G),0.9986323714256287,7.683715330664143e-10,0.9986323706572571
7,24,1,Minkowski (H),0.9986323714256287,0.6393312811851501,0.3593010902404785
7,24,1,Euclidiana (P),0.9986323714256287,0.8342363834381104,0.1643959879875183
7,24,1,Euclidiana (G),0.9986323714256287,0.6909533143043518,0.30767905712127686
7,24,1,Euclidiana (H),0.9986323714256287,0.7801172733306885,0.21851509809494019
7,24,1,Manhattan (P),0.9986323714256287,0.2244752049446106,0.7741571664810181
7,24,1,Manhattan (G),0.9986323714256287,0.873157262802124,0.12547510862350464
7,24,1,Manhattan (H),0.9986323714256287,0.13332603871822357,0.8653063327074051
12,24,1,Minkowski (P),0.9695720076560974,0.009377247653901577,0.9601947600021958
12,24,1,Minkowski (G),0.9695720076560974,0.7733091115951538,0.1962628960609436
12,24,1,Minkowski (H),0.9695720076560974,0.8368618488311768,0.13271015882492065
12,24,1,Euclidiana (P),0.9695720076560974,0.7842283248901367,0.1853436827659607
12,24,1,Euclidiana (G),0.9695720076560974,0.5200426578521729,0.44952934980392456
12,24,1,Euclidiana (H),0.9695720076560974,0.8351690769195557,0.13440293073654175
12,24,1,Manhattan (P),0.9695720076560974,0.7344304323196411,0.2351415753364563
12,24,1,Manhattan (G),0.9695720076560974,0.8858926892280579,0.08367931842803955
12,24,1,Manhattan (H),0.9695720076560974,0.858195424079895,0.11137658357620239
42,24,1,Minkowski (P),0.9929119944572449,0.6674744486808777,0.3254375457763672
42,24,1,Minkowski (G),0.9929119944572449,0.14612409472465515,0.8467878997325897
42,24,1,Minkowski (H),0.9929119944572449,0.43287375569343567,0.5600382387638092
42,24,1,Euclidiana (P),0.9929119944572449,0.40368807315826416,0.5892239212989807
42,24,1,Euclidiana (G),0.9929119944572449,0.4671283960342407,0.5257835984230042
42,24,1,Euclidiana (H),0.9929119944572449,0.444826602935791,0.5480853915214539
42,24,1,Manhattan (P),0.9929119944572449,0.5317589044570923,0.4611530900001526
42,24,1,Manhattan (G),0.9929119944572449,0.32724082469940186,0.665671169757843
42,24,1,Manhattan (H),0.9929119944572449,0.7433910965919495,0.2495208978652954
65,24,1,Minkowski (P),0.9962965846061707,0.841630756855011,0.15466582775115967
65,24,1,Minkowski (G),0.9962965846061707,0.6775299310684204,0.31876665353775024
65,24,1,Minkowski (H),0.9962965846061707,0.6563935279846191,0.3399030566215515
65,24,1,Euclidiana (P),0.9962965846061707,0.7508964538574219,0.24540013074874878
65,24,1,Euclidiana (G),0.9962965846061707,0.4939161241054535,0.5023804605007172
65,24,1,Euclidiana (H),0.9962965846061707,0.49616387486457825,0.5001327097415924
65,24,1,Manhattan (P),0.9962965846061707,0.504001796245575,0.4922947883605957
65,24,1,Manhattan (G),0.9962965846061707,0.7971479892730713,0.19914859533309937
65,24,1,Manhattan (H),0.9962965846061707,0.58429354429245,0.4120030403137207
87,24,1,Minkowski (P),0.9952308535575867,0.8379745483398438,0.15725630521774292
87,24,1,Minkowski (G),0.9952308535575867,0.8594667911529541,0.13576406240463257
87,24,1,Minkowski (H),0.9952308535575867,0.6518878936767578,0.34334295988082886
87,24,1,Euclidiana (P),0.9952308535575867,0.41651996970176697,0.5787108838558197
87,24,1,Euclidiana (G),0.9952308535575867,0.6053426861763,0.3898881673812866
87,24,1,Euclidiana (H),0.9952308535575867,0.531895101070404,0.4633357524871826
87,24,1,Manhattan (P),0.9952308535575867,0.7150838971138,0.2801469564437866
87,24,1,Manhattan (G),0.9952308535575867,0.6133487820625305,0.38188207149505615
87,24,1,Manhattan (H),0.9952308535575867,0.40525752305984497,0.5899733304977417
93,24,1,Minkowski (P),0.988365888595581,0.6356712579727173,0.35269463062286377
93,24,1,Minkowski (G),0.988365888595581,0.7084330320358276,0.2799328565597534
93,24,1,Minkowski (H),0.988365888595581,0.8081038594245911,0.18026202917099
93,24,1,Euclidiana (P),0.988365888595581,0.7625612616539001,0.2258046269416809
93,24,1,Euclidiana (G),0.988365888595581,0.7774331569671631,0.21093273162841797
93,24,1,Euclidiana (H),0.988365888595581,0.7684764266014099,0.21988946199417114
93,24,1,Manhattan (P),0.988365888595581,0.7522174119949341,0.23614847660064697
93,24,1,Manhattan (G),0.988365888595581,0.7920202612876892,0.19634562730789185
93,24,1,Manhattan (H),0.988365888595581,0.6012682318687439,0.38709765672683716
107,24,1,Minkowski (P),0.9825763702392578,0.4212038815021515,0.5613724887371063
107,24,1,Minkowski (G),0.9825763702392578,0.4707859754562378,0.51179039478302
107,24,1,Minkowski (H),0.9825763702392578,0.3954853117465973,0.5870910584926605
107,24,1,Euclidiana (P),0.9825763702392578,0.6534368395805359,0.3291395306587219
107,24,1,Euclidiana (G),0.9825763702392578,0.40227699279785156,0.5802993774414062
107,24,1,Euclidiana (H),0.9825763702392578,0.5966879725456238,0.38588839769363403
107,24,1,Manhattan (P),0.9825763702392578,0.6104661226272583,0.3721102476119995
107,24,1,Manhattan (G),0.9825763702392578,0.45204490423202515,0.5305314660072327
107,24,1,Manhattan (H),0.9825763702392578,0.310661256313324,0.6719151139259338
121,24,1,Minkowski (P),0.9807838797569275,1.7855617784334754e-07,0.9807837012007496
121,24,1,Minkowski (G),0.9807838797569275,0.926297128200531,0.054486751556396484
121,24,1,Minkowski (H),0.9807838797569275,0.5045364499092102,0.4762474298477173
121,24,1,Euclidiana (P),0.9807838797569275,0.5132763385772705,0.467507541179657
121,24,1,Euclidiana (G),0.9807838797569275,0.2341267466545105,0.746657133102417
121,24,1,Euclidiana (H),0.9807838797569275,0.5087908506393433,0.47199302911758423
121,24,1,Manhattan (P),0.9807838797569275,0.27078571915626526,0.7099981606006622
121,24,1,Manhattan (G),0.9807838797569275,0.6285827159881592,0.3522011637687683
121,24,1,Manhattan (H),0.9807838797569275,0.5048916339874268,0.47589224576950073
7,25,1,Minkowski (P),0.9978017210960388,0.24174648523330688,0.7560552358627319
7,25,1,Minkowski (G),0.9978017210960388,2.8339502478047507e-06,0.997798887145791
7,25,1,Minkowski (H),0.9978017210960388,0.9467683434486389,0.0510333776473999
7,25,1,Euclidiana (P),0.9978017210960388,0.9374739527702332,0.060327768325805664
7,25,1,Euclidiana (G),0.9978017210960388,0.001907413243316114,0.9958943078527227
7,25,1,Euclidiana (H),0.9978017210960388,0.7692918181419373,0.22850990295410156
7,25,1,Manhattan (P),0.9978017210960388,0.9999802112579346,-0.002178490161895752
7,25,1,Manhattan (G),0.9978017210960388,0.6132194399833679,0.3845822811126709
7,25,1,Manhattan (H),0.9978017210960388,1.0,-0.0021982789039611816
12,25,1,Minkowski (P),0.7387633919715881,3.498074399588269e-11,0.7387633919366073
12,25,1,Minkowski (G),0.7387633919715881,0.768500804901123,-0.029737412929534912
12,25,1,Minkowski (H),0.7387633919715881,0.8258309364318848,-0.08706754446029663
12,25,1,Euclidiana (P),0.7387633919715881,0.8348692655563354,-0.09610587358474731
12,25,1,Euclidiana (G),0.7387633919715881,0.5368538498878479,0.20190954208374023
12,25,1,Euclidiana (H),0.7387633919715881,0.8501191139221191,-0.111355721950531
12,25,1,Manhattan (P),0.7387633919715881,0.7268224954605103,0.01194089651107788
12,25,1,Manhattan (G),0.7387633919715881,0.931722104549408,-0.19295871257781982
12,25,1,Manhattan (H),0.7387633919715881,0.5621098279953003,0.17665356397628784
42,25,1,Minkowski (P),0.9485805630683899,0.020209142938256264,0.9283714201301336
42,25,1,Minkowski (G),0.9485805630683899,0.015085107646882534,0.9334954554215074
42,25,1,Minkowski (H),0.9485805630683899,0.4599500894546509,0.488630473613739
42,25,1,Euclidiana (P),0.9485805630683899,0.43568071722984314,0.5128998458385468
42,25,1,Euclidiana (G),0.9485805630683899,0.3168785274028778,0.6317020356655121
42,25,1,Euclidiana (H),0.9485805630683899,0.4048846960067749,0.543695867061615
42,25,1,Manhattan (P),0.9485805630683899,2.228618853905573e-07,0.9485803402065045
42,25,1,Manhattan (G),0.9485805630683899,0.4361957311630249,0.512384831905365
42,25,1,Manhattan (H),0.9485805630683899,0.6187878847122192,0.32979267835617065
65,25,1,Minkowski (P),0.9313836097717285,0.9478841423988342,-0.016500532627105713
65,25,1,Minkowski (G),0.9313836097717285,0.6456583738327026,0.2857252359390259
65,25,1,Minkowski (H),0.9313836097717285,0.6942541003227234,0.23712950944900513
65,25,1,Euclidiana (P),0.9313836097717285,0.6616196632385254,0.2697639465332031
65,25,1,Euclidiana (G),0.9313836097717285,0.44171833992004395,0.48966526985168457
65,25,1,Euclidiana (H),0.9313836097717285,0.5611903071403503,0.3701933026313782
65,25,1,Manhattan (P),0.9313836097717285,0.6093298196792603,0.32205379009246826
65,25,1,Manhattan (G),0.9313836097717285,0.7629618048667908,0.16842180490493774
65,25,1,Manhattan (H),0.9313836097717285,0.4362979531288147,0.4950856566429138
87,25,1,Minkowski (P),0.9994423985481262,0.6504480242729187,0.3489943742752075
87,25,1,Minkowski (G),0.9994423985481262,0.8021447658538818,0.19729763269424438
87,25,1,Minkowski (H),0.9994423985481262,0.6418520212173462,0.35759037733078003
87,25,1,Euclidiana (P),0.9994423985481262,0.41974329948425293,0.5796990990638733
87,25,1,Euclidiana (G),0.9994423985481262,0.7749656438827515,0.22447675466537476
87,25,1,Euclidiana (H),0.9994423985481262,0.5791696310043335,0.4202727675437927
87,25,1,Manhattan (P),0.9994423985481262,0.816203773021698,0.18323862552642822
87,25,1,Manhattan (G),0.9994423985481262,0.6802307963371277,0.31921160221099854
87,25,1,Manhattan (H),0.9994423985481262,0.7215331196784973,0.2779092788696289
93,25,1,Minkowski (P),0.9993152618408203,0.8871126174926758,0.11220264434814453
93,25,1,Minkowski (G),0.9993152618408203,0.9559528827667236,0.04336237907409668
93,25,1,Minkowski (H),0.9993152618408203,0.8280594348907471,0.17125582695007324
93,25,1,Euclidiana (P),0.9993152618408203,0.7896724939346313,0.20964276790618896
93,25,1,Euclidiana (G),0.9993152618408203,0.6711453795433044,0.32816988229751587
93,25,1,Euclidiana (H),0.9993152618408203,0.8062289953231812,0.19308626651763916
93,25,1,Manhattan (P),0.9993152618408203,0.8542174696922302,0.1450977921485901
93,25,1,Manhattan (G),0.9993152618408203,0.805618166923523,0.19369709491729736
93,25,1,Manhattan (H),0.9993152618408203,0.6874395608901978,0.31187570095062256
107,25,1,Minkowski (P),0.8892198801040649,0.0005761079373769462,0.888643772166688
107,25,1,Minkowski (G),0.8892198801040649,0.5326570272445679,0.35656285285949707
107,25,1,Minkowski (H),0.8892198801040649,0.6363880634307861,0.2528318166732788
107,25,1,Euclidiana (P),0.8892198801040649,0.7012245059013367,0.18799537420272827
107,25,1,Euclidiana (G),0.8892198801040649,0.3562804162502289,0.5329394638538361
107,25,1,Euclidiana (H),0.8892198801040649,0.6675549745559692,0.2216649055480957
107,25,1,Manhattan (P),0.8892198801040649,0.6139122247695923,0.27530765533447266
107,25,1,Manhattan (G),0.8892198801040649,0.641330897808075,0.24788898229599
107,25,1,Manhattan (H),0.8892198801040649,0.5520565509796143,0.3371633291244507
121,25,1,Minkowski (P),0.920559823513031,0.9394895434379578,-0.018929719924926758
121,25,1,Minkowski (G),0.920559823513031,1.8537777384553005e-41,0.920559823513031
121,25,1,Minkowski (H),0.920559823513031,0.8556222915649414,0.0649375319480896
121,25,1,Euclidiana (P),0.920559823513031,0.5148888230323792,0.40567100048065186
121,25,1,Euclidiana (G),0.920559823513031,0.18239596486091614,0.7381638586521149
121,25,1,Euclidiana (H),0.920559823513031,0.45192962884902954,0.46863019466400146
121,25,1,Manhattan (P),0.920559823513031,1.844320546670409e-21,0.920559823513031
121,25,1,Manhattan (G),0.920559823513031,0.47443506121635437,0.44612476229667664
121,25,1,Manhattan (H),0.920559823513031,0.08637675642967224,0.8341830670833588
7,26,1,Minkowski (P),0.042302850633859634,0.7185184359550476,-0.676215585321188
7,26,1,Minkowski (G),0.042302850633859634,0.8406111001968384,-0.7983082495629787
7,26,1,Minkowski (H),0.042302850633859634,0.8024704456329346,-0.7601675949990749
7,26,1,Euclidiana (P),0.042302850633859634,0.8876548409461975,-0.8453519903123379
7,26,1,Euclidiana (G),0.042302850633859634,0.6856276988983154,-0.6433248482644558
7,26,1,Euclidiana (H),0.042302850633859634,0.8973555564880371,-0.8550527058541775
7,26,1,Manhattan (P),0.042302850633859634,0.04011432081460953,0.002188529819250107
7,26,1,Manhattan (G),0.042302850633859634,0.8708916902542114,-0.8285888396203518
7,26,1,Manhattan (H),0.042302850633859634,0.7228395342826843,-0.6805366836488247
12,26,1,Minkowski (P),0.12443857640028,0.007889311760663986,0.11654926463961601
12,26,1,Minkowski (G),0.12443857640028,0.7262690663337708,-0.6018304899334908
12,26,1,Minkowski (H),0.12443857640028,0.7889963984489441,-0.6645578220486641
12,26,1,Euclidiana (P),0.12443857640028,0.7609473466873169,-0.6365087702870369
12,26,1,Euclidiana (G),0.12443857640028,0.5319238305091858,-0.4074852541089058
12,26,1,Euclidiana (H),0.12443857640028,0.8157228231430054,-0.6912842467427254
12,26,1,Manhattan (P),0.12443857640028,0.751769483089447,-0.627330906689167
12,26,1,Manhattan (G),0.12443857640028,0.8732308149337769,-0.7487922385334969
12,26,1,Manhattan (H),0.12443857640028,0.8921738266944885,-0.7677352502942085
42,26,1,Minkowski (P),0.32296833395957947,0.5248217582702637,-0.2018534243106842
42,26,1,Minkowski (G),0.32296833395957947,0.6149244904518127,-0.2919561564922333
42,26,1,Minkowski (H),0.32296833395957947,0.3956660032272339,-0.07269766926765442
42,26,1,Euclidiana (P),0.32296833395957947,0.38864561915397644,-0.06567728519439697
42,26,1,Euclidiana (G),0.32296833395957947,0.4748746156692505,-0.15190628170967102
42,26,1,Euclidiana (H),0.32296833395957947,0.4571106433868408,-0.13414230942726135
42,26,1,Manhattan (P),0.32296833395957947,0.4033069312572479,-0.08033859729766846
42,26,1,Manhattan (G),0.32296833395957947,0.3008100986480713,0.02215823531150818
42,26,1,Manhattan (H),0.32296833395957947,0.6739471554756165,-0.350978821516037
65,26,1,Minkowski (P),0.717924177646637,0.7617241144180298,-0.04379993677139282
65,26,1,Minkowski (G),0.717924177646637,0.5651912689208984,0.15273290872573853
65,26,1,Minkowski (H),0.717924177646637,0.6459017992019653,0.07202237844467163
65,26,1,Euclidiana (P),0.717924177646637,0.7292389273643494,-0.011314749717712402
65,26,1,Euclidiana (G),0.717924177646637,0.4840949773788452,0.23382920026779175
65,26,1,Euclidiana (H),0.717924177646637,0.5795342922210693,0.13838988542556763
65,26,1,Manhattan (P),0.717924177646637,0.5497452616691589,0.16817891597747803
65,26,1,Manhattan (G),0.717924177646637,0.6461480259895325,0.07177615165710449
65,26,1,Manhattan (H),0.717924177646637,0.6134077310562134,0.10451644659042358
87,26,1,Minkowski (P),0.07024668902158737,0.8057795166969299,-0.7355328276753426
87,26,1,Minkowski (G),0.07024668902158737,0.814936637878418,-0.7446899488568306
87,26,1,Minkowski (H),0.07024668902158737,0.4628339409828186,-0.39258725196123123
87,26,1,Euclidiana (P),0.07024668902158737,0.32528263330459595,-0.2550359442830086
87,26,1,Euclidiana (G),0.07024668902158737,0.6269347071647644,-0.556688018143177
87,26,1,Euclidiana (H),0.07024668902158737,0.4461388885974884,-0.37589219957590103
87,26,1,Manhattan (P),0.07024668902158737,0.5048732161521912,-0.4346265271306038
87,26,1,Manhattan (G),0.07024668902158737,0.5070769190788269,-0.43683023005723953
87,26,1,Manhattan (H),0.07024668902158737,0.28145894408226013,-0.21121225506067276
93,26,1,Minkowski (P),0.007409337908029556,0.6401947140693665,-0.6327853761613369
93,26,1,Minkowski (G),0.007409337908029556,0.7046076655387878,-0.6971983276307583
93,26,1,Minkowski (H),0.007409337908029556,0.7911317944526672,-0.7837224565446377
93,26,1,Euclidiana (P),0.007409337908029556,0.7304902076721191,-0.7230808697640896
93,26,1,Euclidiana (G),0.007409337908029556,0.8159324526786804,-0.8085231147706509
93,26,1,Euclidiana (H),0.007409337908029556,0.7990515828132629,-0.7916422449052334
93,26,1,Manhattan (P),0.007409337908029556,0.7574155330657959,-0.7500061951577663
93,26,1,Manhattan (G),0.007409337908029556,0.8134071230888367,-0.8059977851808071
93,26,1,Manhattan (H),0.007409337908029556,0.5466251969337463,-0.5392158590257168
107,26,1,Minkowski (P),0.010019632987678051,0.5327809453010559,-0.5227613123133779
107,26,1,Minkowski (G),0.010019632987678051,0.4164574146270752,-0.40643778163939714
107,26,1,Minkowski (H),0.010019632987678051,0.39912331104278564,-0.3891036780551076
107,26,1,Euclidiana (P),0.010019632987678051,0.5837348699569702,-0.5737152369692922
107,26,1,Euclidiana (G),0.010019632987678051,0.3758423924446106,-0.36582275945693254
107,26,1,Euclidiana (H),0.010019632987678051,0.5915587544441223,-0.5815391214564443
107,26,1,Manhattan (P),0.010019632987678051,0.5396235585212708,-0.5296039255335927
107,26,1,Manhattan (G),0.010019632987678051,0.5899379849433899,-0.5799183519557118
107,26,1,Manhattan (H),0.010019632987678051,0.5338901281356812,-0.5238704951480031
121,26,1,Minkowski (P),0.5640065670013428,0.0006866237963549793,0.5633199432049878
121,26,1,Minkowski (G),0.5640065670013428,2.8929550310863306e-08,0.5640065380717925
121,26,1,Minkowski (H),0.5640065670013428,0.509418249130249,0.05458831787109375
121,26,1,Euclidiana (P),0.5640065670013428,0.4463769197463989,0.11762964725494385
121,26,1,Euclidiana (G),0.5640065670013428,0.3585013449192047,0.20550522208213806
121,26,1,Euclidiana (H),0.5640065670013428,0.46252545714378357,0.1014811098575592
121,26,1,Manhattan (P),0.5640065670013428,0.4046183228492737,0.1593882441520691
121,26,1,Manhattan (G),0.5640065670013428,0.508151650428772,0.0558549165725708
121,26,1,Manhattan (H),0.5640065670013428,0.480874240398407,0.08313232660293579
7,27,1,Minkowski (P),0.9994124174118042,0.7204391956329346,0.27897322177886963
7,27,1,Minkowski (G),0.9994124174118042,0.6691076755523682,0.33030474185943604
7,27,1,Minkowski (H),0.9994124174118042,0.797491192817688,0.2019212245941162
7,27,1,Euclidiana (P),0.9994124174118042,0.6812832355499268,0.31812918186187744
7,27,1,Euclidiana (G),0.9994124174118042,0.9531092643737793,0.0463031530380249
7,27,1,Euclidiana (H),0.9994124174118042,0.7172719836235046,0.28214043378829956
7,27,1,Manhattan (P),0.9994124174118042,0.9851163029670715,0.014296114444732666
7,27,1,Manhattan (G),0.9994124174118042,0.8703367114067078,0.12907570600509644
7,27,1,Manhattan (H),0.9994124174118042,0.7664439678192139,0.23296844959259033
12,27,1,Minkowski (P),0.9605374336242676,0.7984263300895691,0.1621111035346985
12,27,1,Minkowski (G),0.9605374336242676,0.6224793791770935,0.3380580544471741
12,27,1,Minkowski (H),0.9605374336242676,0.7921743988990784,0.1683630347251892
12,27,1,Euclidiana (P),0.9605374336242676,0.7269643545150757,0.2335730791091919
12,27,1,Euclidiana (G),0.9605374336242676,0.4755990505218506,0.484938383102417
12,27,1,Euclidiana (H),0.9605374336242676,0.8221815228462219,0.13835591077804565
12,27,1,Manhattan (P),0.9605374336242676,0.7364235520362854,0.22411388158798218
12,27,1,Manhattan (G),0.9605374336242676,0.729033887386322,0.23150354623794556
12,27,1,Manhattan (H),0.9605374336242676,0.6105678677558899,0.3499695658683777
42,27,1,Minkowski (P),0.9747765064239502,0.5784389972686768,0.39633750915527344
42,27,1,Minkowski (G),0.9747765064239502,0.4285159707069397,0.5462605357170105
42,27,1,Minkowski (H),0.9747765064239502,0.568501353263855,0.4062751531600952
42,27,1,Euclidiana (P),0.9747765064239502,0.3621053993701935,0.6126711070537567
42,27,1,Euclidiana (G),0.9747765064239502,0.43022412061691284,0.5445523858070374
42,27,1,Euclidiana (H),0.9747765064239502,0.3688948154449463,0.6058816909790039
42,27,1,Manhattan (P),0.9747765064239502,0.3659360706806183,0.6088404357433319
42,27,1,Manhattan (G),0.9747765064239502,0.6074164509773254,0.36736005544662476
42,27,1,Manhattan (H),0.9747765064239502,0.5909833312034607,0.3837931752204895
65,27,1,Minkowski (P),0.9930517673492432,0.6976060271263123,0.2954457402229309
65,27,1,Minkowski (G),0.9930517673492432,0.554498553276062,0.43855321407318115
65,27,1,Minkowski (H),0.9930517673492432,0.7831383347511292,0.209913432598114
65,27,1,Euclidiana (P),0.9930517673492432,0.7686797976493835,0.22437196969985962
65,27,1,Euclidiana (G),0.9930517673492432,0.3426768183708191,0.6503749489784241
65,27,1,Euclidiana (H),0.9930517673492432,0.8145810961723328,0.1784706711769104
65,27,1,Manhattan (P),0.9930517673492432,0.7253315448760986,0.26772022247314453
65,27,1,Manhattan (G),0.9930517673492432,0.7354986667633057,0.2575531005859375
65,27,1,Manhattan (H),0.9930517673492432,0.5441248416900635,0.4489269256591797
87,27,1,Minkowski (P),0.9697549343109131,0.777977466583252,0.19177746772766113
87,27,1,Minkowski (G),0.9697549343109131,0.8246721625328064,0.1450827717781067
87,27,1,Minkowski (H),0.9697549343109131,0.664012610912323,0.3057423233985901
87,27,1,Euclidiana (P),0.9697549343109131,0.6057464480400085,0.36400848627090454
87,27,1,Euclidiana (G),0.9697549343109131,0.7467421889305115,0.2230127453804016
87,27,1,Euclidiana (H),0.9697549343109131,0.5880886912345886,0.38166624307632446
87,27,1,Manhattan (P),0.9697549343109131,0.7228649258613586,0.24689000844955444
87,27,1,Manhattan (G),0.9697549343109131,0.8242952823638916,0.14545965194702148
87,27,1,Manhattan (H),0.9697549343109131,0.7406242489814758,0.22913068532943726
93,27,1,Minkowski (P),0.992442786693573,0.6813499927520752,0.3110927939414978
93,27,1,Minkowski (G),0.992442786693573,0.7288362979888916,0.2636064887046814
93,27,1,Minkowski (H),0.992442786693573,0.8002586960792542,0.19218409061431885
93,27,1,Euclidiana (P),0.992442786693573,0.8304547667503357,0.1619880199432373
93,27,1,Euclidiana (G),0.992442786693573,0.7825727462768555,0.20987004041671753
93,27,1,Euclidiana (H),0.992442786693573,0.7738589644432068,0.2185838222503662
93,27,1,Manhattan (P),0.992442786693573,0.8344318270683289,0.15801095962524414
93,27,1,Manhattan (G),0.992442786693573,0.7506450414657593,0.24179774522781372
93,27,1,Manhattan (H),0.992442786693573,0.6790674924850464,0.3133752942085266
107,27,1,Minkowski (P),0.9774785041809082,0.5434443950653076,0.4340341091156006
107,27,1,Minkowski (G),0.9774785041809082,0.48696279525756836,0.49051570892333984
107,27,1,Minkowski (H),0.9774785041809082,0.5910702347755432,0.386408269405365
107,27,1,Euclidiana (P),0.9774785041809082,0.4669463038444519,0.5105322003364563
107,27,1,Euclidiana (G),0.9774785041809082,0.39565590023994446,0.5818226039409637
107,27,1,Euclidiana (H),0.9774785041809082,0.5619698166847229,0.4155086874961853
107,27,1,Manhattan (P),0.9774785041809082,0.48874431848526,0.4887341856956482
107,27,1,Manhattan (G),0.9774785041809082,0.48398295044898987,0.49349555373191833
107,27,1,Manhattan (H),0.9774785041809082,0.37537068128585815,0.60210782289505
121,27,1,Minkowski (P),0.939324140548706,0.13103775680065155,0.8082863837480545
121,27,1,Minkowski (G),0.939324140548706,0.0444672629237175,0.8948568776249886
121,27,1,Minkowski (H),0.939324140548706,0.34159305691719055,0.5977310836315155
121,27,1,Euclidiana (P),0.939324140548706,0.4755958914756775,0.46372824907302856
121,27,1,Euclidiana (G),0.939324140548706,0.5152406692504883,0.4240834712982178
121,27,1,Euclidiana (H),0.939324140548706,0.3723503053188324,0.5669738352298737
121,27,1,Manhattan (P),0.939324140548706,0.4449214041233063,0.4944027364253998
121,27,1,Manhattan (G),0.939324140548706,0.49372953176498413,0.4455946087837219
121,27,1,Manhattan (H),0.939324140548706,0.27155378460884094,0.6677703559398651
7,28,1,Minkowski (P),0.9738552570343018,0.7753003835678101,0.1985548734664917
7,28,1,Minkowski (G),0.9738552570343018,0.8095602989196777,0.16429495811462402
7,28,1,Minkowski (H),0.9738552570343018,0.6829898953437805,0.29086536169052124
7,28,1,Euclidiana (P),0.9738552570343018,0.8220157027244568,0.15183955430984497
7,28,1,Euclidiana (G),0.9738552570343018,0.8186293840408325,0.15522587299346924
7,28,1,Euclidiana (H),0.9738552570343018,0.8327451944351196,0.14111006259918213
7,28,1,Manhattan (P),0.9738552570343018,0.7579849362373352,0.21587032079696655
7,28,1,Manhattan (G),0.9738552570343018,0.8541668057441711,0.11968845129013062
7,28,1,Manhattan (H),0.9738552570343018,0.8606616258621216,0.11319363117218018
12,28,1,Minkowski (P),0.8914024829864502,0.7320534586906433,0.15934902429580688
12,28,1,Minkowski (G),0.8914024829864502,0.7387717962265015,0.15263068675994873
12,28,1,Minkowski (H),0.8914024829864502,0.7757331728935242,0.11566931009292603
12,28,1,Euclidiana (P),0.8914024829864502,0.7085779905319214,0.1828244924545288
12,28,1,Euclidiana (G),0.8914024829864502,0.7225247025489807,0.16887778043746948
12,28,1,Euclidiana (H),0.8914024829864502,0.7475321292877197,0.14387035369873047
12,28,1,Manhattan (P),0.8914024829864502,0.7844343781471252,0.10696810483932495
12,28,1,Manhattan (G),0.8914024829864502,0.8242407441139221,0.06716173887252808
12,28,1,Manhattan (H),0.8914024829864502,0.7457792162895203,0.14562326669692993
42,28,1,Minkowski (P),0.7499802708625793,0.6281902194023132,0.12179005146026611
42,28,1,Minkowski (G),0.7499802708625793,0.6193202137947083,0.1306600570678711
42,28,1,Minkowski (H),0.7499802708625793,0.5840485095977783,0.16593176126480103
42,28,1,Euclidiana (P),0.7499802708625793,0.6131359338760376,0.13684433698654175
42,28,1,Euclidiana (G),0.7499802708625793,0.5750897526741028,0.17489051818847656
42,28,1,Euclidiana (H),0.7499802708625793,0.7122657299041748,0.03771454095840454
42,28,1,Manhattan (P),0.7499802708625793,0.6802196502685547,0.06976062059402466
42,28,1,Manhattan (G),0.7499802708625793,0.7004671692848206,0.04951310157775879
42,28,1,Manhattan (H),0.7499802708625793,0.5270163416862488,0.22296392917633057
65,28,1,Minkowski (P),0.9495290517807007,0.7110119462013245,0.23851710557937622
65,28,1,Minkowski (G),0.9495290517807007,0.7417029738426208,0.20782607793807983
65,28,1,Minkowski (H),0.9495290517807007,0.7486157417297363,0.20091331005096436
65,28,1,Euclidiana (P),0.9495290517807007,0.780015766620636,0.1695132851600647
65,28,1,Euclidiana (G),0.9495290517807007,0.7197319269180298,0.2297971248626709
65,28,1,Euclidiana (H),0.9495290517807007,0.6033672094345093,0.3461618423461914
65,28,1,Manhattan (P),0.9495290517807007,0.7493049502372742,0.2002241015434265
65,28,1,Manhattan (G),0.9495290517807007,0.7829610109329224,0.16656804084777832
65,28,1,Manhattan (H),0.9495290517807007,0.7975863218307495,0.15194272994995117
87,28,1,Minkowski (P),0.9136574864387512,0.62791508436203,0.2857424020767212
87,28,1,Minkowski (G),0.9136574864387512,0.6516274213790894,0.26203006505966187
87,28,1,Minkowski (H),0.9136574864387512,0.5912641882896423,0.3223932981491089
87,28,1,Euclidiana (P),0.9136574864387512,0.6167942881584167,0.2968631982803345
87,28,1,Euclidiana (G),0.9136574864387512,0.748896598815918,0.16476088762283325
87,28,1,Euclidiana (H),0.9136574864387512,0.6954826712608337,0.21817481517791748
87,28,1,Manhattan (P),0.9136574864387512,0.7677772045135498,0.14588028192520142
87,28,1,Manhattan (G),0.9136574864387512,0.8642717003822327,0.049385786056518555
87,28,1,Manhattan (H),0.9136574864387512,0.8177365660667419,0.09592092037200928
93,28,1,Minkowski (P),0.9145801663398743,0.5734329223632812,0.341147243976593
93,28,1,Minkowski (G),0.9145801663398743,0.5930689573287964,0.3215112090110779
93,28,1,Minkowski (H),0.9145801663398743,0.6646148562431335,0.24996531009674072
93,28,1,Euclidiana (P),0.9145801663398743,0.6059942245483398,0.3085859417915344
93,28,1,Euclidiana (G),0.9145801663398743,0.7394002079963684,0.17517995834350586
93,28,1,Euclidiana (H),0.9145801663398743,0.7441348433494568,0.17044532299041748
93,28,1,Manhattan (P),0.9145801663398743,0.7248410582542419,0.18973910808563232
93,28,1,Manhattan (G),0.9145801663398743,0.8154551982879639,0.0991249680519104
93,28,1,Manhattan (H),0.9145801663398743,0.6683874130249023,0.24619275331497192
107,28,1,Minkowski (P),0.7910891175270081,0.591780424118042,0.19930869340896606
107,28,1,Minkowski (G),0.7910891175270081,0.6401984691619873,0.15089064836502075
107,28,1,Minkowski (H),0.7910891175270081,0.6153595447540283,0.17572957277297974
107,28,1,Euclidiana (P),0.7910891175270081,0.4868655502796173,0.30422356724739075
107,28,1,Euclidiana (G),0.7910891175270081,0.5380827784538269,0.25300633907318115
107,28,1,Euclidiana (H),0.7910891175270081,0.694757878780365,0.09633123874664307
107,28,1,Manhattan (P),0.7910891175270081,0.6534188389778137,0.13767027854919434
107,28,1,Manhattan (G),0.7910891175270081,0.7099365592002869,0.08115255832672119
107,28,1,Manhattan (H),0.7910891175270081,0.6645254492759705,0.1265636682510376
121,28,1,Minkowski (P),0.8594177961349487,0.6556274890899658,0.2037903070449829
121,28,1,Minkowski (G),0.8594177961349487,0.5878832936286926,0.2715345025062561
121,28,1,Minkowski (H),0.8594177961349487,0.5399379730224609,0.3194798231124878
121,28,1,Euclidiana (P),0.8594177961349487,0.6853430867195129,0.1740747094154358
121,28,1,Euclidiana (G),0.8594177961349487,0.5557306408882141,0.3036871552467346
121,28,1,Euclidiana (H),0.8594177961349487,0.639656126499176,0.2197616696357727
121,28,1,Manhattan (P),0.8594177961349487,0.6246120929718018,0.23480570316314697
121,28,1,Manhattan (G),0.8594177961349487,0.5663395524024963,0.2930782437324524
121,28,1,Manhattan (H),0.8594177961349487,0.44285041093826294,0.4165673851966858
7,29,1,Minkowski (P),0.8715963959693909,0.7832200527191162,0.08837634325027466
7,29,1,Minkowski (G),0.8715963959693909,0.8553867936134338,0.01620960235595703
7,29,1,Minkowski (H),0.8715963959693909,0.6980724334716797,0.17352396249771118
7,29,1,Euclidiana (P),0.8715963959693909,0.8260292410850525,0.04556715488433838
7,29,1,Euclidiana (G),0.8715963959693909,0.8809717893600464,-0.009375393390655518
7,29,1,Euclidiana (H),0.8715963959693909,0.6480955481529236,0.22350084781646729
7,29,1,Manhattan (P),0.8715963959693909,0.6256750226020813,0.24592137336730957
7,29,1,Manhattan (G),0.8715963959693909,0.6948094964027405,0.1767868995666504
7,29,1,Manhattan (H),0.8715963959693909,0.8645090460777283,0.007087349891662598
12,29,1,Minkowski (P),0.8864758014678955,0.7256474494934082,0.1608283519744873
12,29,1,Minkowski (G),0.8864758014678955,0.670949399471283,0.21552640199661255
12,29,1,Minkowski (H),0.8864758014678955,0.7063465118408203,0.1801292896270752
12,29,1,Euclidiana (P),0.8864758014678955,0.7193623185157776,0.16711348295211792
12,29,1,Euclidiana (G),0.8864758014678955,0.7182187438011169,0.16825705766677856
12,29,1,Euclidiana (H),0.8864758014678955,0.6995429992675781,0.18693280220031738
12,29,1,Manhattan (P),0.8864758014678955,0.7419584393501282,0.14451736211776733
12,29,1,Manhattan (G),0.8864758014678955,0.733230710029602,0.15324509143829346
12,29,1,Manhattan (H),0.8864758014678955,0.7006534337997437,0.18582236766815186
42,29,1,Minkowski (P),0.7668644785881042,0.5962660908699036,0.17059838771820068
42,29,1,Minkowski (G),0.7668644785881042,0.5636438131332397,0.2032206654548645
42,29,1,Minkowski (H),0.7668644785881042,0.6228966116905212,0.143967866897583
42,29,1,Euclidiana (P),0.7668644785881042,0.6063313484191895,0.1605331301689148
42,29,1,Euclidiana (G),0.7668644785881042,0.5443652868270874,0.22249919176101685
42,29,1,Euclidiana (H),0.7668644785881042,0.5761881470680237,0.19067633152008057
42,29,1,Manhattan (P),0.7668644785881042,0.6126169562339783,0.15424752235412598
42,29,1,Manhattan (G),0.7668644785881042,0.5490161180496216,0.21784836053848267
42,29,1,Manhattan (H),0.7668644785881042,0.5915837287902832,0.17528074979782104
65,29,1,Minkowski (P),0.9138416647911072,0.6347466707229614,0.27909499406814575
65,29,1,Minkowski (G),0.9138416647911072,0.7084856629371643,0.20535600185394287
65,29,1,Minkowski (H),0.9138416647911072,0.8046488165855408,0.1091928482055664
65,29,1,Euclidiana (P),0.9138416647911072,0.7689957618713379,0.1448459029197693
65,29,1,Euclidiana (G),0.9138416647911072,0.7559944987297058,0.15784716606140137
65,29,1,Euclidiana (H),0.9138416647911072,0.677848219871521,0.23599344491958618
65,29,1,Manhattan (P),0.9138416647911072,0.7564946413040161,0.15734702348709106
65,29,1,Manhattan (G),0.9138416647911072,0.6895045042037964,0.2243371605873108
65,29,1,Manhattan (H),0.9138416647911072,0.8490400910377502,0.06480157375335693
87,29,1,Minkowski (P),0.8238018155097961,0.6876370906829834,0.13616472482681274
87,29,1,Minkowski (G),0.8238018155097961,0.7369888424873352,0.08681297302246094
87,29,1,Minkowski (H),0.8238018155097961,0.606621503829956,0.2171803116798401
87,29,1,Euclidiana (P),0.8238018155097961,0.7078360915184021,0.11596572399139404
87,29,1,Euclidiana (G),0.8238018155097961,0.7479375600814819,0.07586425542831421
87,29,1,Euclidiana (H),0.8238018155097961,0.7028990983963013,0.12090271711349487
87,29,1,Manhattan (P),0.8238018155097961,0.6307710409164429,0.19303077459335327
87,29,1,Manhattan (G),0.8238018155097961,0.7194443941116333,0.10435742139816284
87,29,1,Manhattan (H),0.8238018155097961,0.8154165744781494,0.008385241031646729
93,29,1,Minkowski (P),0.9062739014625549,0.7557094693183899,0.15056443214416504
93,29,1,Minkowski (G),0.9062739014625549,0.6291441917419434,0.2771297097206116
93,29,1,Minkowski (H),0.9062739014625549,0.6918006539344788,0.21447324752807617
93,29,1,Euclidiana (P),0.9062739014625549,0.696891725063324,0.20938217639923096
93,29,1,Euclidiana (G),0.9062739014625549,0.7554654479026794,0.1508084535598755
93,29,1,Euclidiana (H),0.9062739014625549,0.6476888060569763,0.2585850954055786
93,29,1,Manhattan (P),0.9062739014625549,0.7018912434577942,0.20438265800476074
93,29,1,Manhattan (G),0.9062739014625549,0.6859484314918518,0.22032546997070312
93,29,1,Manhattan (H),0.9062739014625549,0.672964334487915,0.2333095669746399
107,29,1,Minkowski (P),0.6649485230445862,0.5281630754470825,0.13678544759750366
107,29,1,Minkowski (G),0.6649485230445862,0.583740770816803,0.0812077522277832
107,29,1,Minkowski (H),0.6649485230445862,0.6119131445884705,0.05303537845611572
107,29,1,Euclidiana (P),0.6649485230445862,0.5583557486534119,0.10659277439117432
107,29,1,Euclidiana (G),0.6649485230445862,0.45880183577537537,0.20614668726921082
107,29,1,Euclidiana (H),0.6649485230445862,0.5432211756706238,0.1217273473739624
107,29,1,Manhattan (P),0.6649485230445862,0.5454451441764832,0.11950337886810303
107,29,1,Manhattan (G),0.6649485230445862,0.6088171005249023,0.05613142251968384
107,29,1,Manhattan (H),0.6649485230445862,0.6663027405738831,-0.001354217529296875
121,29,1,Minkowski (P),0.7108397483825684,0.6433738470077515,0.0674659013748169
121,29,1,Minkowski (G),0.7108397483825684,0.6508063077926636,0.060033440589904785
121,29,1,Minkowski (H),0.7108397483825684,0.584679901599884,0.12615984678268433
121,29,1,Euclidiana (P),0.7108397483825684,0.6407731175422668,0.07006663084030151
121,29,1,Euclidiana (G),0.7108397483825684,0.6688539981842041,0.04198575019836426
121,29,1,Euclidiana (H),0.7108397483825684,0.5122776627540588,0.19856208562850952
121,29,1,Manhattan (P),0.7108397483825684,0.5079089403152466,0.20293080806732178
121,29,1,Manhattan (G),0.7108397483825684,0.49645450711250305,0.2143852412700653
121,29,1,Manhattan (H),0.7108397483825684,0.5439733862876892,0.16686636209487915
7,30,1,Minkowski (P),0.9978653788566589,0.7732305526733398,0.2246348261833191
7,30,1,Minkowski (G),0.9978653788566589,0.7894124984741211,0.20845288038253784
7,30,1,Minkowski (H),0.9978653788566589,0.7514168620109558,0.24644851684570312
7,30,1,Euclidiana (P),0.9978653788566589,0.8130917549133301,0.18477362394332886
7,30,1,Euclidiana (G),0.9978653788566589,0.7015647292137146,0.29630064964294434
7,30,1,Euclidiana (H),0.9978653788566589,0.7684889435768127,0.2293764352798462
7,30,1,Manhattan (P),0.9978653788566589,0.7968305349349976,0.20103484392166138
7,30,1,Manhattan (G),0.9978653788566589,0.8077139258384705,0.19015145301818848
7,30,1,Manhattan (H),0.9978653788566589,0.8002545833587646,0.1976107954978943
12,30,1,Minkowski (P),0.8866450190544128,0.7379359006881714,0.14870911836624146
12,30,1,Minkowski (G),0.8866450190544128,0.7398911118507385,0.14675390720367432
12,30,1,Minkowski (H),0.8866450190544128,0.75518399477005,0.1314610242843628
12,30,1,Euclidiana (P),0.8866450190544128,0.690632164478302,0.19601285457611084
12,30,1,Euclidiana (G),0.8866450190544128,0.689666211605072,0.19697880744934082
12,30,1,Euclidiana (H),0.8866450190544128,0.6897491812705994,0.19689583778381348
12,30,1,Manhattan (P),0.8866450190544128,0.7547972202301025,0.1318477988243103
12,30,1,Manhattan (G),0.8866450190544128,0.7442609071731567,0.1423841118812561
12,30,1,Manhattan (H),0.8866450190544128,0.7725457549095154,0.11409926414489746
42,30,1,Minkowski (P),0.9454452991485596,0.5552515387535095,0.39019376039505005
42,30,1,Minkowski (G),0.9454452991485596,0.5783863067626953,0.36705899238586426
42,30,1,Minkowski (H),0.9454452991485596,0.648334801197052,0.29711049795150757
42,30,1,Euclidiana (P),0.9454452991485596,0.6920425891876221,0.2534027099609375
42,30,1,Euclidiana (G),0.9454452991485596,0.5279116630554199,0.41753363609313965
42,30,1,Euclidiana (H),0.9454452991485596,0.7692690491676331,0.1761762499809265
42,30,1,Manhattan (P),0.9454452991485596,0.7605563402175903,0.18488895893096924
42,30,1,Manhattan (G),0.9454452991485596,0.7466192841529846,0.19882601499557495
42,30,1,Manhattan (H),0.9454452991485596,0.5387126803398132,0.40673261880874634
65,30,1,Minkowski (P),0.9965734481811523,0.6920172572135925,0.3045561909675598
65,30,1,Minkowski (G),0.9965734481811523,0.7835249304771423,0.21304851770401
65,30,1,Minkowski (H),0.9965734481811523,0.8959707021713257,0.10060274600982666
65,30,1,Euclidiana (P),0.9965734481811523,0.7442935705184937,0.2522798776626587
65,30,1,Euclidiana (G),0.9965734481811523,0.6292338967323303,0.367339551448822
65,30,1,Euclidiana (H),0.9965734481811523,0.7472406029701233,0.24933284521102905
65,30,1,Manhattan (P),0.9965734481811523,0.790877640247345,0.20569580793380737
65,30,1,Manhattan (G),0.9965734481811523,0.8228089213371277,0.17376452684402466
65,30,1,Manhattan (H),0.9965734481811523,0.826953649520874,0.16961979866027832
87,30,1,Minkowski (P),0.9856839179992676,0.6273989081382751,0.35828500986099243
87,30,1,Minkowski (G),0.9856839179992676,0.6581450700759888,0.3275388479232788
87,30,1,Minkowski (H),0.9856839179992676,0.7081236243247986,0.277560293674469
87,30,1,Euclidiana (P),0.9856839179992676,0.5317394137382507,0.45394450426101685
87,30,1,Euclidiana (G),0.9856839179992676,0.5548126697540283,0.43087124824523926
87,30,1,Euclidiana (H),0.9856839179992676,0.7131349444389343,0.27254897356033325
87,30,1,Manhattan (P),0.9856839179992676,0.6814278364181519,0.3042560815811157
87,30,1,Manhattan (G),0.9856839179992676,0.856054425239563,0.1296294927597046
87,30,1,Manhattan (H),0.9856839179992676,0.7979760766029358,0.1877078413963318
93,30,1,Minkowski (P),0.9694799780845642,0.577116847038269,0.39236313104629517
93,30,1,Minkowski (G),0.9694799780845642,0.5632408261299133,0.4062391519546509
93,30,1,Minkowski (H),0.9694799780845642,0.7026270627975464,0.2668529152870178
93,30,1,Euclidiana (P),0.9694799780845642,0.5817704200744629,0.3877095580101013
93,30,1,Euclidiana (G),0.9694799780845642,0.661753237247467,0.30772674083709717
93,30,1,Euclidiana (H),0.9694799780845642,0.7036693096160889,0.26581066846847534
93,30,1,Manhattan (P),0.9694799780845642,0.6866785287857056,0.28280144929885864
93,30,1,Manhattan (G),0.9694799780845642,0.73923259973526,0.2302473783493042
93,30,1,Manhattan (H),0.9694799780845642,0.6592309474945068,0.3102490305900574
107,30,1,Minkowski (P),0.8433312177658081,0.5593891143798828,0.2839421033859253
107,30,1,Minkowski (G),0.8433312177658081,0.5721147656440735,0.2712164521217346
107,30,1,Minkowski (H),0.8433312177658081,0.6084989309310913,0.2348322868347168
107,30,1,Euclidiana (P),0.8433312177658081,0.46111103892326355,0.38222017884254456
107,30,1,Euclidiana (G),0.8433312177658081,0.42417553067207336,0.41915568709373474
107,30,1,Euclidiana (H),0.8433312177658081,0.597406804561615,0.24592441320419312
107,30,1,Manhattan (P),0.8433312177658081,0.5994874835014343,0.24384373426437378
107,30,1,Manhattan (G),0.8433312177658081,0.6824416518211365,0.16088956594467163
107,30,1,Manhattan (H),0.8433312177658081,0.6411314606666565,0.2021997570991516
121,30,1,Minkowski (P),0.9417741894721985,0.6783303022384644,0.26344388723373413
121,30,1,Minkowski (G),0.9417741894721985,0.5733963251113892,0.3683778643608093
121,30,1,Minkowski (H),0.9417741894721985,0.7003584504127502,0.24141573905944824
121,30,1,Euclidiana (P),0.9417741894721985,0.7161862850189209,0.2255879044532776
121,30,1,Euclidiana (G),0.9417741894721985,0.4805835783481598,0.4611906111240387
121,30,1,Euclidiana (H),0.9417741894721985,0.7740533351898193,0.16772085428237915
121,30,1,Manhattan (P),0.9417741894721985,0.7313410639762878,0.21043312549591064
121,30,1,Manhattan (G),0.9417741894721985,0.6681041121482849,0.2736700773239136
121,30,1,Manhattan (H),0.9417741894721985,0.5414670705795288,0.4003071188926697
7,31,1,Minkowski (P),0.9906402826309204,0.6262697577476501,0.36437052488327026
7,31,1,Minkowski (G),0.9906402826309204,0.00012940014130435884,0.990510882489616
7,31,1,Minkowski (H),0.9906402826309204,0.8604840636253357,0.13015621900558472
7,31,1,Euclidiana (P),0.9906402826309204,0.8848546743392944,0.10578560829162598
7,31,1,Euclidiana (G),0.9906402826309204,0.9986088871955872,-0.007968604564666748
7,31,1,Euclidiana (H),0.9906402826309204,0.7815003991127014,0.209139883518219
7,31,1,Manhattan (P),0.9906402826309204,0.34693050384521484,0.6437097787857056
7,31,1,Manhattan (G),0.9906402826309204,0.8271756172180176,0.16346466541290283
7,31,1,Manhattan (H),0.9906402826309204,1.0,-0.00935971736907959
12,31,1,Minkowski (P),0.804019570350647,0.12873931229114532,0.6752802580595016
12,31,1,Minkowski (G),0.804019570350647,0.7285009026527405,0.0755186676979065
12,31,1,Minkowski (H),0.804019570350647,0.7639681696891785,0.040051400661468506
12,31,1,Euclidiana (P),0.804019570350647,0.7927122712135315,0.011307299137115479
12,31,1,Euclidiana (G),0.804019570350647,0.45960041880607605,0.3444191515445709
12,31,1,Euclidiana (H),0.804019570350647,0.8251460194587708,-0.02112644910812378
12,31,1,Manhattan (P),0.804019570350647,0.778339147567749,0.02568042278289795
12,31,1,Manhattan (G),0.804019570350647,0.8609199523925781,-0.05690038204193115
12,31,1,Manhattan (H),0.804019570350647,0.597023606300354,0.20699596405029297
42,31,1,Minkowski (P),0.9309405088424683,0.6396529078483582,0.2912876009941101
42,31,1,Minkowski (G),0.9309405088424683,1.764139117921075e-27,0.9309405088424683
42,31,1,Minkowski (H),0.9309405088424683,0.5769845247268677,0.3539559841156006
42,31,1,Euclidiana (P),0.9309405088424683,0.36199450492858887,0.5689460039138794
42,31,1,Euclidiana (G),0.9309405088424683,0.3287939131259918,0.6021465957164764
42,31,1,Euclidiana (H),0.9309405088424683,0.46646779775619507,0.4644727110862732
42,31,1,Manhattan (P),0.9309405088424683,5.872175989907191e-08,0.9309404501207084
42,31,1,Manhattan (G),0.9309405088424683,0.6413582563400269,0.2895822525024414
42,31,1,Manhattan (H),0.9309405088424683,0.6634818911552429,0.26745861768722534
65,31,1,Minkowski (P),0.8655232191085815,0.8796569108963013,-0.014133691787719727
65,31,1,Minkowski (G),0.8655232191085815,0.6438829898834229,0.2216402292251587
65,31,1,Minkowski (H),0.8655232191085815,0.5380290746688843,0.32749414443969727
65,31,1,Euclidiana (P),0.8655232191085815,0.5586249828338623,0.30689823627471924
65,31,1,Euclidiana (G),0.8655232191085815,0.441621869802475,0.42390134930610657
65,31,1,Euclidiana (H),0.8655232191085815,0.5245134234428406,0.34100979566574097
65,31,1,Manhattan (P),0.8655232191085815,0.6589975357055664,0.20652568340301514
65,31,1,Manhattan (G),0.8655232191085815,0.6285818219184875,0.236941397190094
65,31,1,Manhattan (H),0.8655232191085815,0.5315104722976685,0.3340127468109131
87,31,1,Minkowski (P),0.9952936768531799,0.7943517565727234,0.20094192028045654
87,31,1,Minkowski (G),0.9952936768531799,0.8451278209686279,0.150165855884552
87,31,1,Minkowski (H),0.9952936768531799,0.592315673828125,0.40297800302505493
87,31,1,Euclidiana (P),0.9952936768531799,0.5064030289649963,0.4888906478881836
87,31,1,Euclidiana (G),0.9952936768531799,0.7651925683021545,0.2301011085510254
87,31,1,Euclidiana (H),0.9952936768531799,0.6003711223602295,0.39492255449295044
87,31,1,Manhattan (P),0.9952936768531799,0.7192798256874084,0.2760138511657715
87,31,1,Manhattan (G),0.9952936768531799,0.6480254530906677,0.3472682237625122
87,31,1,Manhattan (H),0.9952936768531799,0.7400118112564087,0.25528186559677124
93,31,1,Minkowski (P),0.9833793044090271,0.377123087644577,0.6062562167644501
93,31,1,Minkowski (G),0.9833793044090271,0.6079632639884949,0.3754160404205322
93,31,1,Minkowski (H),0.9833793044090271,0.6767805814743042,0.3065987229347229
93,31,1,Euclidiana (P),0.9833793044090271,0.7543067932128906,0.22907251119613647
93,31,1,Euclidiana (G),0.9833793044090271,0.7267031073570251,0.25667619705200195
93,31,1,Euclidiana (H),0.9833793044090271,0.7414330840110779,0.24194622039794922
93,31,1,Manhattan (P),0.9833793044090271,0.7893920540809631,0.19398725032806396
93,31,1,Manhattan (G),0.9833793044090271,0.7752420902252197,0.20813721418380737
93,31,1,Manhattan (H),0.9833793044090271,0.7066797018051147,0.27669960260391235
107,31,1,Minkowski (P),0.9817876815795898,0.02605116181075573,0.9557365197688341
107,31,1,Minkowski (G),0.9817876815795898,0.5214300751686096,0.4603576064109802
107,31,1,Minkowski (H),0.9817876815795898,0.3602646291255951,0.6215230524539948
107,31,1,Euclidiana (P),0.9817876815795898,0.5743671655654907,0.4074205160140991
107,31,1,Euclidiana (G),0.9817876815795898,0.49505022168159485,0.486737459897995
107,31,1,Euclidiana (H),0.9817876815795898,0.48135221004486084,0.500435471534729
107,31,1,Manhattan (P),0.9817876815795898,0.514957070350647,0.46683061122894287
107,31,1,Manhattan (G),0.9817876815795898,0.46422645449638367,0.5175612270832062
107,31,1,Manhattan (H),0.9817876815795898,0.2500254213809967,0.7317622601985931
121,31,1,Minkowski (P),0.9354063272476196,8.64757851104514e-07,0.9354054624897685
121,31,1,Minkowski (G),0.9354063272476196,3.615326704675681e-09,0.9354063236322929
121,31,1,Minkowski (H),0.9354063272476196,0.6057923436164856,0.32961398363113403
121,31,1,Euclidiana (P),0.9354063272476196,0.4984809458255768,0.43692538142204285
121,31,1,Euclidiana (G),0.9354063272476196,0.8238822221755981,0.11152410507202148
121,31,1,Euclidiana (H),0.9354063272476196,0.7041755318641663,0.23123079538345337
121,31,1,Manhattan (P),0.9354063272476196,1.0540131482282604e-22,0.9354063272476196
121,31,1,Manhattan (G),0.9354063272476196,0.6491824984550476,0.286223828792572
121,31,1,Manhattan (H),0.9354063272476196,0.7769908905029297,0.15841543674468994
7,32,1,Minkowski (P),0.053878020495176315,0.9250160455703735,-0.8711380250751972
7,32,1,Minkowski (G),0.053878020495176315,1.0,-0.9461219795048237
7,32,1,Minkowski (H),0.053878020495176315,0.9993866682052612,-0.9455086477100849
7,32,1,Euclidiana (P),0.053878020495176315,0.8121660947799683,-0.758288074284792
7,32,1,Euclidiana (G),0.053878020495176315,0.9999420642852783,-0.946064043790102
7,32,1,Euclidiana (H),0.053878020495176315,0.840977132320404,-0.7870991118252277
7,32,1,Manhattan (P),0.053878020495176315,0.9590758681297302,-0.9051978476345539
7,32,1,Manhattan (G),0.053878020495176315,0.7380428910255432,-0.6841648705303669
7,32,1,Manhattan (H),0.053878020495176315,1.0,-0.9461219795048237
12,32,1,Minkowski (P),0.6927995085716248,0.8260372877120972,-0.1332377791404724
12,32,1,Minkowski (G),0.6927995085716248,0.8003181219100952,-0.10751861333847046
12,32,1,Minkowski (H),0.6927995085716248,0.7034768462181091,-0.010677337646484375
12,32,1,Euclidiana (P),0.6927995085716248,0.8139340877532959,-0.12113457918167114
12,32,1,Euclidiana (G),0.6927995085716248,0.4163046181201935,0.2764948904514313
12,32,1,Euclidiana (H),0.6927995085716248,0.8350623250007629,-0.14226281642913818
12,32,1,Manhattan (P),0.6927995085716248,0.7594295144081116,-0.06663000583648682
12,32,1,Manhattan (G),0.6927995085716248,0.9161291718482971,-0.22332966327667236
12,32,1,Manhattan (H),0.6927995085716248,0.7056055068969727,-0.0128059983253479
42,32,1,Minkowski (P),0.27109092473983765,0.894370436668396,-0.6232795119285583
42,32,1,Minkowski (G),0.27109092473983765,1.657773858952457e-27,0.27109092473983765
42,32,1,Minkowski (H),0.27109092473983765,0.5603887438774109,-0.28929781913757324
42,32,1,Euclidiana (P),0.27109092473983765,0.42959702014923096,-0.1585060954093933
42,32,1,Euclidiana (G),0.27109092473983765,0.541949450969696,-0.2708585262298584
42,32,1,Euclidiana (H),0.27109092473983765,0.3061201274394989,-0.035029202699661255
42,32,1,Manhattan (P),0.27109092473983765,0.8431006669998169,-0.5720097422599792
42,32,1,Manhattan (G),0.27109092473983765,0.31043821573257446,-0.039347290992736816
42,32,1,Manhattan (H),0.27109092473983765,0.5082538723945618,-0.23716294765472412
65,32,1,Minkowski (P),0.051805391907691956,0.7824646830558777,-0.7306592911481857
65,32,1,Minkowski (G),0.051805391907691956,0.6853806972503662,-0.6335753053426743
65,32,1,Minkowski (H),0.051805391907691956,0.6856160759925842,-0.6338106840848923
65,32,1,Euclidiana (P),0.051805391907691956,0.7675362825393677,-0.7157308906316757
65,32,1,Euclidiana (G),0.051805391907691956,0.4534735381603241,-0.40166814625263214
65,32,1,Euclidiana (H),0.051805391907691956,0.6112037301063538,-0.5593983381986618
65,32,1,Manhattan (P),0.051805391907691956,0.5171139240264893,-0.4653085321187973
65,32,1,Manhattan (G),0.051805391907691956,0.8570449948310852,-0.8052396029233932
65,32,1,Manhattan (H),0.051805391907691956,0.4979793429374695,-0.4461739510297775
87,32,1,Minkowski (P),0.0005210476811043918,0.6762063503265381,-0.6756853026454337
87,32,1,Minkowski (G),0.0005210476811043918,0.870760440826416,-0.8702393931453116
87,32,1,Minkowski (H),0.0005210476811043918,0.6417105793952942,-0.6411895317141898
87,32,1,Euclidiana (P),0.0005210476811043918,0.5024114847183228,-0.5018904370372184
87,32,1,Euclidiana (G),0.0005210476811043918,0.7914577722549438,-0.7909367245738395
87,32,1,Euclidiana (H),0.0005210476811043918,0.5809001922607422,-0.5803791445796378
87,32,1,Manhattan (P),0.0005210476811043918,0.7917652726173401,-0.7912442249362357
87,32,1,Manhattan (G),0.0005210476811043918,0.619487464427948,-0.6189664167468436
87,32,1,Manhattan (H),0.0005210476811043918,0.7507193088531494,-0.750198261172045
93,32,1,Minkowski (P),0.08497067540884018,0.661074697971344,-0.5761040225625038
93,32,1,Minkowski (G),0.08497067540884018,0.9601069688796997,-0.8751362934708595
93,32,1,Minkowski (H),0.08497067540884018,0.801263153553009,-0.7162924781441689
93,32,1,Euclidiana (P),0.08497067540884018,0.8073822855949402,-0.7224116101861
93,32,1,Euclidiana (G),0.08497067540884018,0.7312004566192627,-0.6462297812104225
93,32,1,Euclidiana (H),0.08497067540884018,0.7798250913619995,-0.6948544159531593
93,32,1,Manhattan (P),0.08497067540884018,0.7388588786125183,-0.6538882032036781
93,32,1,Manhattan (G),0.08497067540884018,0.7635746598243713,-0.6786039844155312
93,32,1,Manhattan (H),0.08497067540884018,0.7086232900619507,-0.6236526146531105
107,32,1,Minkowski (P),0.030500441789627075,0.722575843334198,-0.6920754015445709
107,32,1,Minkowski (G),0.030500441789627075,0.5485206246376038,-0.5180201828479767
107,32,1,Minkowski (H),0.030500441789627075,0.5792279243469238,-0.5487274825572968
107,32,1,Euclidiana (P),0.030500441789627075,0.6687593460083008,-0.6382589042186737
107,32,1,Euclidiana (G),0.030500441789627075,0.5113017559051514,-0.4808013141155243
107,32,1,Euclidiana (H),0.030500441789627075,0.5681970715522766,-0.5376966297626495
107,32,1,Manhattan (P),0.030500441789627075,0.5541540384292603,-0.5236535966396332
107,32,1,Manhattan (G),0.030500441789627075,0.7047298550605774,-0.6742294132709503
107,32,1,Manhattan (H),0.030500441789627075,0.35166943073272705,-0.3211689889431
121,32,1,Minkowski (P),0.1502038985490799,0.00819642934948206,0.14200746919959784
121,32,1,Minkowski (G),0.1502038985490799,0.9997561573982239,-0.849552258849144
121,32,1,Minkowski (H),0.1502038985490799,5.716045312856993e-14,0.15020389854902275
121,32,1,Euclidiana (P),0.1502038985490799,0.5163201689720154,-0.3661162704229355
121,32,1,Euclidiana (G),0.1502038985490799,0.6691054105758667,-0.5189015120267868
121,32,1,Euclidiana (H),0.1502038985490799,0.4944809377193451,-0.3442770391702652
121,32,1,Manhattan (P),0.1502038985490799,0.00320172100327909,0.1470021775458008
121,32,1,Manhattan (G),0.1502038985490799,0.6106134057044983,-0.4604095071554184
121,32,1,Manhattan (H),0.1502038985490799,0.6853742599487305,-0.5351703613996506
7,33,1,Minkowski (P),0.9957911968231201,0.6380372047424316,0.3577539920806885
7,33,1,Minkowski (G),0.9957911968231201,0.5582291483879089,0.4375620484352112
7,33,1,Minkowski (H),0.9957911968231201,0.776771605014801,0.2190195918083191
7,33,1,Euclidiana (P),0.9957911968231201,0.9106346368789673,0.08515655994415283
7,33,1,Euclidiana (G),0.9957911968231201,0.7665459513664246,0.22924524545669556
7,33,1,Euclidiana (H),0.9957911968231201,0.8089431524276733,0.18684804439544678
7,33,1,Manhattan (P),0.9957911968231201,0.6573138236999512,0.33847737312316895
7,33,1,Manhattan (G),0.9957911968231201,0.8646495938301086,0.13114160299301147
7,33,1,Manhattan (H),0.9957911968231201,0.6447231769561768,0.35106801986694336
12,33,1,Minkowski (P),0.9286591410636902,0.6625654101371765,0.26609373092651367
12,33,1,Minkowski (G),0.9286591410636902,0.73800128698349,0.1906578540802002
12,33,1,Minkowski (H),0.9286591410636902,0.76214200258255,0.16651713848114014
12,33,1,Euclidiana (P),0.9286591410636902,0.7940333485603333,0.13462579250335693
12,33,1,Euclidiana (G),0.9286591410636902,0.6953308582305908,0.23332828283309937
12,33,1,Euclidiana (H),0.9286591410636902,0.7852421402931213,0.14341700077056885
12,33,1,Manhattan (P),0.9286591410636902,0.7650948166847229,0.16356432437896729
12,33,1,Manhattan (G),0.9286591410636902,0.8392969965934753,0.08936214447021484
12,33,1,Manhattan (H),0.9286591410636902,0.8878387808799744,0.04082036018371582
42,33,1,Minkowski (P),0.9373142123222351,0.5822475552558899,0.3550666570663452
42,33,1,Minkowski (G),0.9373142123222351,0.4349825382232666,0.5023316740989685
42,33,1,Minkowski (H),0.9373142123222351,0.49686935544013977,0.44044485688209534
42,33,1,Euclidiana (P),0.9373142123222351,0.5133445262908936,0.42396968603134155
42,33,1,Euclidiana (G),0.9373142123222351,0.34865665435791016,0.588657557964325
42,33,1,Euclidiana (H),0.9373142123222351,0.5819874405860901,0.355326771736145
42,33,1,Manhattan (P),0.9373142123222351,0.3587546646595001,0.578559547662735
42,33,1,Manhattan (G),0.9373142123222351,0.29495975375175476,0.6423544585704803
42,33,1,Manhattan (H),0.9373142123222351,0.48072779178619385,0.45658642053604126
65,33,1,Minkowski (P),0.2944180965423584,0.8540288805961609,-0.5596107840538025
65,33,1,Minkowski (G),0.2944180965423584,0.578954815864563,-0.2845367193222046
65,33,1,Minkowski (H),0.2944180965423584,0.6783661842346191,-0.38394808769226074
65,33,1,Euclidiana (P),0.2944180965423584,0.8831266164779663,-0.5887085199356079
65,33,1,Euclidiana (G),0.2944180965423584,0.7234065532684326,-0.4289884567260742
65,33,1,Euclidiana (H),0.2944180965423584,0.7526730895042419,-0.45825499296188354
65,33,1,Manhattan (P),0.2944180965423584,0.5325348973274231,-0.2381168007850647
65,33,1,Manhattan (G),0.2944180965423584,0.5980824828147888,-0.3036643862724304
65,33,1,Manhattan (H),0.2944180965423584,0.7253422737121582,-0.4309241771697998
87,33,1,Minkowski (P),0.9970765113830566,0.7511947751045227,0.24588173627853394
87,33,1,Minkowski (G),0.9970765113830566,0.7426607608795166,0.25441575050354004
87,33,1,Minkowski (H),0.9970765113830566,0.6025906205177307,0.3944858908653259
87,33,1,Euclidiana (P),0.9970765113830566,0.45387953519821167,0.543196976184845
87,33,1,Euclidiana (G),0.9970765113830566,0.5803660750389099,0.41671043634414673
87,33,1,Euclidiana (H),0.9970765113830566,0.4606325924396515,0.5364439189434052
87,33,1,Manhattan (P),0.9970765113830566,0.44023504853248596,0.5568414628505707
87,33,1,Manhattan (G),0.9970765113830566,0.48600471019744873,0.5110718011856079
87,33,1,Manhattan (H),0.9970765113830566,0.36981916427612305,0.6272573471069336
93,33,1,Minkowski (P),0.8128833770751953,0.7207859754562378,0.09209740161895752
93,33,1,Minkowski (G),0.8128833770751953,0.7878435254096985,0.025039851665496826
93,33,1,Minkowski (H),0.8128833770751953,0.6966027021408081,0.11628067493438721
93,33,1,Euclidiana (P),0.8128833770751953,0.8122608065605164,0.0006225705146789551
93,33,1,Euclidiana (G),0.8128833770751953,0.7831442952156067,0.029739081859588623
93,33,1,Euclidiana (H),0.8128833770751953,0.7441591024398804,0.06872427463531494
93,33,1,Manhattan (P),0.8128833770751953,0.8209159970283508,-0.008032619953155518
93,33,1,Manhattan (G),0.8128833770751953,0.803926944732666,0.008956432342529297
93,33,1,Manhattan (H),0.8128833770751953,0.6409408450126648,0.17194253206253052
107,33,1,Minkowski (P),0.657368540763855,0.5533607602119446,0.1040077805519104
107,33,1,Minkowski (G),0.657368540763855,0.42847561836242676,0.22889292240142822
107,33,1,Minkowski (H),0.657368540763855,0.4540542960166931,0.20331424474716187
107,33,1,Euclidiana (P),0.657368540763855,0.6391561031341553,0.018212437629699707
107,33,1,Euclidiana (G),0.657368540763855,0.5405970811843872,0.11677145957946777
107,33,1,Euclidiana (H),0.657368540763855,0.5415465831756592,0.1158219575881958
107,33,1,Manhattan (P),0.657368540763855,0.4647933542728424,0.19257518649101257
107,33,1,Manhattan (G),0.657368540763855,0.548958420753479,0.10841012001037598
107,33,1,Manhattan (H),0.657368540763855,0.6607410907745361,-0.0033725500106811523
121,33,1,Minkowski (P),0.8897989392280579,0.51570725440979,0.3740916848182678
121,33,1,Minkowski (G),0.8897989392280579,7.16077774995938e-05,0.8897273314505583
121,33,1,Minkowski (H),0.8897989392280579,0.5425512194633484,0.3472477197647095
121,33,1,Euclidiana (P),0.8897989392280579,0.47853466868400574,0.4112642705440521
121,33,1,Euclidiana (G),0.8897989392280579,0.45508962869644165,0.4347093105316162
121,33,1,Euclidiana (H),0.8897989392280579,0.38810789585113525,0.5016910433769226
121,33,1,Manhattan (P),0.8897989392280579,0.6313135623931885,0.2584853768348694
121,33,1,Manhattan (G),0.8897989392280579,0.44063377380371094,0.4491651654243469
121,33,1,Manhattan (H),0.8897989392280579,0.5976613163948059,0.29213762283325195
7,34,1,Minkowski (P),0.002722404897212982,0.4189701974391937,-0.41624779254198074
7,34,1,Minkowski (G),0.002722404897212982,0.9982884526252747,-0.9955660477280617
7,34,1,Minkowski (H),0.002722404897212982,0.8867323994636536,-0.8840099945664406
7,34,1,Euclidiana (P),0.002722404897212982,0.8972790241241455,-0.8945566192269325
7,34,1,Euclidiana (G),0.002722404897212982,0.9984802603721619,-0.9957578554749489
7,34,1,Euclidiana (H),0.002722404897212982,0.7572020888328552,-0.7544796839356422
7,34,1,Manhattan (P),0.002722404897212982,2.365914588153828e-05,0.002698745751331444
7,34,1,Manhattan (G),0.002722404897212982,0.6878182291984558,-0.6850958243012428
7,34,1,Manhattan (H),0.002722404897212982,1.0,-0.997277595102787
12,34,1,Minkowski (P),0.6885026693344116,0.0072967070154845715,0.681205962318927
12,34,1,Minkowski (G),0.6885026693344116,0.7753851413726807,-0.08688247203826904
12,34,1,Minkowski (H),0.6885026693344116,0.8263112902641296,-0.13780862092971802
12,34,1,Euclidiana (P),0.6885026693344116,0.8198891282081604,-0.13138645887374878
12,34,1,Euclidiana (G),0.6885026693344116,0.43708106875419617,0.25142160058021545
12,34,1,Euclidiana (H),0.6885026693344116,0.849963366985321,-0.16146069765090942
12,34,1,Manhattan (P),0.6885026693344116,0.728581964969635,-0.04007929563522339
12,34,1,Manhattan (G),0.6885026693344116,0.9394139647483826,-0.25091129541397095
12,34,1,Manhattan (H),0.6885026693344116,0.6424494981765747,0.046053171157836914
42,34,1,Minkowski (P),0.28599709272384644,0.5043255686759949,-0.21832847595214844
42,34,1,Minkowski (G),0.28599709272384644,1.0327974663438689e-25,0.28599709272384644
42,34,1,Minkowski (H),0.28599709272384644,0.47167807817459106,-0.18568098545074463
42,34,1,Euclidiana (P),0.28599709272384644,0.4277298152446747,-0.14173272252082825
42,34,1,Euclidiana (G),0.28599709272384644,0.0654379352927208,0.22055915743112564
42,34,1,Euclidiana (H),0.28599709272384644,0.3361327052116394,-0.05013561248779297
42,34,1,Manhattan (P),0.28599709272384644,0.25042060017585754,0.03557649254798889
42,34,1,Manhattan (G),0.28599709272384644,0.3991570472717285,-0.11315995454788208
42,34,1,Manhattan (H),0.28599709272384644,0.9106542468070984,-0.624657154083252
65,34,1,Minkowski (P),0.18527844548225403,0.6713942289352417,-0.48611578345298767
65,34,1,Minkowski (G),0.18527844548225403,0.7028653025627136,-0.5175868570804596
65,34,1,Minkowski (H),0.18527844548225403,0.6251497268676758,-0.43987128138542175
65,34,1,Euclidiana (P),0.18527844548225403,0.7348894476890564,-0.5496110022068024
65,34,1,Euclidiana (G),0.18527844548225403,0.4768329858779907,-0.2915545403957367
65,34,1,Euclidiana (H),0.18527844548225403,0.5958393812179565,-0.4105609357357025
65,34,1,Manhattan (P),0.18527844548225403,0.6165788173675537,-0.4313003718852997
65,34,1,Manhattan (G),0.18527844548225403,0.6633160710334778,-0.47803762555122375
65,34,1,Manhattan (H),0.18527844548225403,0.4198029935359955,-0.23452454805374146
87,34,1,Minkowski (P),0.008569063618779182,0.7019144892692566,-0.6933454256504774
87,34,1,Minkowski (G),0.008569063618779182,0.8569802641868591,-0.84841120056808
87,34,1,Minkowski (H),0.008569063618779182,0.6947968006134033,-0.6862277369946241
87,34,1,Euclidiana (P),0.008569063618779182,0.4254663288593292,-0.41689726524055004
87,34,1,Euclidiana (G),0.008569063618779182,0.7882884740829468,-0.7797194104641676
87,34,1,Euclidiana (H),0.008569063618779182,0.6235281825065613,-0.6149591188877821
87,34,1,Manhattan (P),0.008569063618779182,0.8586302399635315,-0.8500611763447523
87,34,1,Manhattan (G),0.008569063618779182,0.6605547666549683,-0.6519857030361891
87,34,1,Manhattan (H),0.008569063618779182,0.743485689163208,-0.7349166255444288
93,34,1,Minkowski (P),0.004754225257784128,0.717251718044281,-0.7124974927864969
93,34,1,Minkowski (G),0.004754225257784128,0.9718915820121765,-0.9671373567543924
93,34,1,Minkowski (H),0.004754225257784128,0.7999167442321777,-0.7951625189743936
93,34,1,Euclidiana (P),0.004754225257784128,0.8172639608383179,-0.8125097355805337
93,34,1,Euclidiana (G),0.004754225257784128,0.68585205078125,-0.6810978255234659
93,34,1,Euclidiana (H),0.004754225257784128,0.833526074886322,-0.8287718496285379
93,34,1,Manhattan (P),0.004754225257784128,0.7823318243026733,-0.7775775990448892
93,34,1,Manhattan (G),0.004754225257784128,0.8371499180793762,-0.8323956928215921
93,34,1,Manhattan (H),0.004754225257784128,0.7078635096549988,-0.7031092843972147
107,34,1,Minkowski (P),0.03531072288751602,0.07504886388778687,-0.039738141000270844
107,34,1,Minkowski (G),0.03531072288751602,0.6303563117980957,-0.5950455889105797
107,34,1,Minkowski (H),0.03531072288751602,0.6119704842567444,-0.5766597613692284
107,34,1,Euclidiana (P),0.03531072288751602,0.7000139355659485,-0.6647032126784325
107,34,1,Euclidiana (G),0.03531072288751602,0.3708936870098114,-0.3355829641222954
107,34,1,Euclidiana (H),0.03531072288751602,0.6191291213035583,-0.5838183984160423
107,34,1,Manhattan (P),0.03531072288751602,0.572371780872345,-0.537061057984829
107,34,1,Manhattan (G),0.03531072288751602,0.6112372875213623,-0.5759265646338463
107,34,1,Manhattan (H),0.03531072288751602,0.408121258020401,-0.372810535132885
121,34,1,Minkowski (P),0.24425575137138367,0.007650698069483042,0.23660505330190063
121,34,1,Minkowski (G),0.24425575137138367,0.0,0.24425575137138367
121,34,1,Minkowski (H),0.24425575137138367,0.004902743734419346,0.23935300763696432
121,34,1,Euclidiana (P),0.24425575137138367,0.6624586582183838,-0.4182029068470001
121,34,1,Euclidiana (G),0.24425575137138367,0.9979512095451355,-0.7536954581737518
121,34,1,Euclidiana (H),0.24425575137138367,0.5378969311714172,-0.29364117980003357
121,34,1,Manhattan (P),0.24425575137138367,0.04706225544214249,0.19719349592924118
121,34,1,Manhattan (G),0.24425575137138367,0.5288555026054382,-0.28459975123405457
121,34,1,Manhattan (H),0.24425575137138367,0.3766957223415375,-0.1324399709701538
7,35,1,Minkowski (P),0.30516982078552246,0.5164988040924072,-0.21132898330688477
7,35,1,Minkowski (G),0.30516982078552246,0.9586448073387146,-0.6534749865531921
7,35,1,Minkowski (H),0.30516982078552246,0.7885539531707764,-0.4833841323852539
7,35,1,Euclidiana (P),0.30516982078552246,0.8849154114723206,-0.5797455906867981
7,35,1,Euclidiana (G),0.30516982078552246,0.01631043292582035,0.2888593878597021
7,35,1,Euclidiana (H),0.30516982078552246,0.6464259624481201,-0.34125614166259766
7,35,1,Manhattan (P),0.30516982078552246,1.0,-0.6948301792144775
7,35,1,Manhattan (G),0.30516982078552246,0.7059872150421143,-0.4008173942565918
7,35,1,Manhattan (H),0.30516982078552246,1.0,-0.6948301792144775
12,35,1,Minkowski (P),0.5419821739196777,1.0938968443952035e-05,0.5419712349512338
12,35,1,Minkowski (G),0.5419821739196777,0.7346433997154236,-0.19266122579574585
12,35,1,Minkowski (H),0.5419821739196777,0.8351576924324036,-0.29317551851272583
12,35,1,Euclidiana (P),0.5419821739196777,0.8069764375686646,-0.2649942636489868
12,35,1,Euclidiana (G),0.5419821739196777,0.48146721720695496,0.06051495671272278
12,35,1,Euclidiana (H),0.5419821739196777,0.8421822786331177,-0.30020010471343994
12,35,1,Manhattan (P),0.5419821739196777,0.7494175434112549,-0.20743536949157715
12,35,1,Manhattan (G),0.5419821739196777,0.8216110467910767,-0.2796288728713989
12,35,1,Manhattan (H),0.5419821739196777,0.5865105986595154,-0.044528424739837646
42,35,1,Minkowski (P),0.8838510513305664,0.9810820817947388,-0.09723103046417236
42,35,1,Minkowski (G),0.8838510513305664,0.0075800176709890366,0.8762710336595774
42,35,1,Minkowski (H),0.8838510513305664,0.3797459602355957,0.5041050910949707
42,35,1,Euclidiana (P),0.8838510513305664,0.467234343290329,0.4166167080402374
42,35,1,Euclidiana (G),0.8838510513305664,0.03316636011004448,0.8506846912205219
42,35,1,Euclidiana (H),0.8838510513305664,0.29135945439338684,0.5924915969371796
42,35,1,Manhattan (P),0.8838510513305664,0.01630382426083088,0.8675472270697355
42,35,1,Manhattan (G),0.8838510513305664,0.5332342982292175,0.3506167531013489
42,35,1,Manhattan (H),0.8838510513305664,0.6195224523544312,0.26432859897613525
65,35,1,Minkowski (P),0.8646252751350403,0.8627330660820007,0.0018922090530395508
65,35,1,Minkowski (G),0.8646252751350403,0.7363443970680237,0.1282808780670166
65,35,1,Minkowski (H),0.8646252751350403,0.6149489283561707,0.24967634677886963
65,35,1,Euclidiana (P),0.8646252751350403,0.675613522529602,0.18901175260543823
65,35,1,Euclidiana (G),0.8646252751350403,0.44696885347366333,0.41765642166137695
65,35,1,Euclidiana (H),0.8646252751350403,0.6264232397079468,0.2382020354270935
65,35,1,Manhattan (P),0.8646252751350403,0.5764121413230896,0.2882131338119507
65,35,1,Manhattan (G),0.8646252751350403,0.6469341516494751,0.21769112348556519
65,35,1,Manhattan (H),0.8646252751350403,0.5109031796455383,0.35372209548950195
87,35,1,Minkowski (P),0.9462406635284424,0.6440204381942749,0.3022202253341675
87,35,1,Minkowski (G),0.9462406635284424,0.8383480906486511,0.10789257287979126
87,35,1,Minkowski (H),0.9462406635284424,0.751665472984314,0.19457519054412842
87,35,1,Euclidiana (P),0.9462406635284424,0.4460424482822418,0.5001982152462006
87,35,1,Euclidiana (G),0.9462406635284424,0.8273605108261108,0.11888015270233154
87,35,1,Euclidiana (H),0.9462406635284424,0.5693468451499939,0.3768938183784485
87,35,1,Manhattan (P),0.9462406635284424,0.836335301399231,0.10990536212921143
87,35,1,Manhattan (G),0.9462406635284424,0.676533043384552,0.2697076201438904
87,35,1,Manhattan (H),0.9462406635284424,0.7071036100387573,0.23913705348968506
93,35,1,Minkowski (P),0.9039754867553711,0.7197104096412659,0.18426507711410522
93,35,1,Minkowski (G),0.9039754867553711,0.9852929711341858,-0.0813174843788147
93,35,1,Minkowski (H),0.9039754867553711,0.7621241211891174,0.14185136556625366
93,35,1,Euclidiana (P),0.9039754867553711,0.8261358141899109,0.0778396725654602
93,35,1,Euclidiana (G),0.9039754867553711,0.7044391632080078,0.19953632354736328
93,35,1,Euclidiana (H),0.9039754867553711,0.7420392632484436,0.1619362235069275
93,35,1,Manhattan (P),0.9039754867553711,0.6027270555496216,0.3012484312057495
93,35,1,Manhattan (G),0.9039754867553711,0.8318036198616028,0.07217186689376831
93,35,1,Manhattan (H),0.9039754867553711,0.6935958862304688,0.21037960052490234
107,35,1,Minkowski (P),0.7158779501914978,0.27549803256988525,0.44037991762161255
107,35,1,Minkowski (G),0.7158779501914978,0.5360956788063049,0.17978227138519287
107,35,1,Minkowski (H),0.7158779501914978,0.5625994801521301,0.15327847003936768
107,35,1,Euclidiana (P),0.7158779501914978,0.6566362380981445,0.05924171209335327
107,35,1,Euclidiana (G),0.7158779501914978,0.4301009476184845,0.2857770025730133
107,35,1,Euclidiana (H),0.7158779501914978,0.623019278049469,0.09285867214202881
107,35,1,Manhattan (P),0.7158779501914978,0.6049594879150391,0.11091846227645874
107,35,1,Manhattan (G),0.7158779501914978,0.5145311951637268,0.201346755027771
107,35,1,Manhattan (H),0.7158779501914978,0.20730359852313995,0.5085743516683578
121,35,1,Minkowski (P),0.8853837251663208,0.37828630208969116,0.5070974230766296
121,35,1,Minkowski (G),0.8853837251663208,0.0015738741494715214,0.8838098510168493
121,35,1,Minkowski (H),0.8853837251663208,0.38726451992988586,0.49811920523643494
121,35,1,Euclidiana (P),0.8853837251663208,0.5568548440933228,0.32852888107299805
121,35,1,Euclidiana (G),0.8853837251663208,0.0019522429211065173,0.8834314822452143
121,35,1,Euclidiana (H),0.8853837251663208,0.6826613545417786,0.20272237062454224
121,35,1,Manhattan (P),0.8853837251663208,3.391793088931708e-16,0.8853837251663205
121,35,1,Manhattan (G),0.8853837251663208,0.543207585811615,0.3421761393547058
121,35,1,Manhattan (H),0.8853837251663208,0.6703563928604126,0.2150273323059082
7,36,1,Minkowski (P),0.14038945734500885,0.7718752026557922,-0.6314857453107834
7,36,1,Minkowski (G),0.14038945734500885,0.9999979734420776,-0.8596085160970688
7,36,1,Minkowski (H),0.14038945734500885,0.5153049826622009,-0.3749155253171921
7,36,1,Euclidiana (P),0.14038945734500885,0.7501800656318665,-0.6097906082868576
7,36,1,Euclidiana (G),0.14038945734500885,0.6039457321166992,-0.46355627477169037
7,36,1,Euclidiana (H),0.14038945734500885,0.7051550149917603,-0.5647655576467514
7,36,1,Manhattan (P),0.14038945734500885,0.8381615877151489,-0.6977721303701401
7,36,1,Manhattan (G),0.14038945734500885,0.8885715007781982,-0.7481820434331894
7,36,1,Manhattan (H),0.14038945734500885,0.9202934503555298,-0.7799039930105209
12,36,1,Minkowski (P),0.6436461210250854,0.028729302808642387,0.6149168182164431
12,36,1,Minkowski (G),0.6436461210250854,0.7182671427726746,-0.07462102174758911
12,36,1,Minkowski (H),0.6436461210250854,0.7377154231071472,-0.09406930208206177
12,36,1,Euclidiana (P),0.6436461210250854,0.7573069334030151,-0.11366081237792969
12,36,1,Euclidiana (G),0.6436461210250854,0.5039251446723938,0.13972097635269165
12,36,1,Euclidiana (H),0.6436461210250854,0.7882459759712219,-0.14459985494613647
12,36,1,Manhattan (P),0.6436461210250854,0.778148353099823,-0.13450223207473755
12,36,1,Manhattan (G),0.6436461210250854,0.8757568001747131,-0.23211067914962769
12,36,1,Manhattan (H),0.6436461210250854,0.7668753862380981,-0.1232292652130127
42,36,1,Minkowski (P),0.7138933539390564,0.7956284880638123,-0.08173513412475586
42,36,1,Minkowski (G),0.7138933539390564,0.5510510802268982,0.1628422737121582
42,36,1,Minkowski (H),0.7138933539390564,0.457384318113327,0.25650903582572937
42,36,1,Euclidiana (P),0.7138933539390564,0.3417040705680847,0.3721892833709717
42,36,1,Euclidiana (G),0.7138933539390564,0.5011726021766663,0.21272075176239014
42,36,1,Euclidiana (H),0.7138933539390564,0.29439666867256165,0.41949668526649475
42,36,1,Manhattan (P),0.7138933539390564,0.42397767305374146,0.28991568088531494
42,36,1,Manhattan (G),0.7138933539390564,0.23095855116844177,0.4829348027706146
42,36,1,Manhattan (H),0.7138933539390564,0.7111780047416687,0.0027153491973876953
65,36,1,Minkowski (P),0.25509464740753174,0.8346911668777466,-0.5795965194702148
65,36,1,Minkowski (G),0.25509464740753174,0.7671761512756348,-0.512081503868103
65,36,1,Minkowski (H),0.25509464740753174,0.5703067779541016,-0.3152121305465698
65,36,1,Euclidiana (P),0.25509464740753174,0.6554099917411804,-0.4003153443336487
65,36,1,Euclidiana (G),0.25509464740753174,0.43323177099227905,-0.17813712358474731
65,36,1,Euclidiana (H),0.25509464740753174,0.6745825409889221,-0.4194878935813904
65,36,1,Manhattan (P),0.25509464740753174,0.5703651905059814,-0.3152705430984497
65,36,1,Manhattan (G),0.25509464740753174,0.7869837284088135,-0.5318890810012817
65,36,1,Manhattan (H),0.25509464740753174,0.706476092338562,-0.4513814449310303
87,36,1,Minkowski (P),0.5082535743713379,0.8952009677886963,-0.3869473934173584
87,36,1,Minkowski (G),0.5082535743713379,0.8785715103149414,-0.3703179359436035
87,36,1,Minkowski (H),0.5082535743713379,0.5958934426307678,-0.08763986825942993
87,36,1,Euclidiana (P),0.5082535743713379,0.3610385060310364,0.1472150683403015
87,36,1,Euclidiana (G),0.5082535743713379,0.7434419989585876,-0.23518842458724976
87,36,1,Euclidiana (H),0.5082535743713379,0.5024850964546204,0.005768477916717529
87,36,1,Manhattan (P),0.5082535743713379,0.5227279663085938,-0.01447439193725586
87,36,1,Manhattan (G),0.5082535743713379,0.566270112991333,-0.05801653861999512
87,36,1,Manhattan (H),0.5082535743713379,0.6594771146774292,-0.1512235403060913
93,36,1,Minkowski (P),0.46131154894828796,0.736199676990509,-0.27488812804222107
93,36,1,Minkowski (G),0.46131154894828796,0.8067886233329773,-0.34547707438468933
93,36,1,Minkowski (H),0.46131154894828796,0.8265709280967712,-0.3652593791484833
93,36,1,Euclidiana (P),0.46131154894828796,0.8014855980873108,-0.3401740491390228
93,36,1,Euclidiana (G),0.46131154894828796,0.7542867064476013,-0.29297515749931335
93,36,1,Euclidiana (H),0.46131154894828796,0.836880087852478,-0.37556853890419006
93,36,1,Manhattan (P),0.46131154894828796,0.8221392035484314,-0.36082765460014343
93,36,1,Manhattan (G),0.46131154894828796,0.7984466552734375,-0.33713510632514954
93,36,1,Manhattan (H),0.46131154894828796,0.6238645911216736,-0.16255304217338562
107,36,1,Minkowski (P),0.7380344867706299,0.48963019251823425,0.24840429425239563
107,36,1,Minkowski (G),0.7380344867706299,0.5627058148384094,0.17532867193222046
107,36,1,Minkowski (H),0.7380344867706299,0.35662561655044556,0.3814088702201843
107,36,1,Euclidiana (P),0.7380344867706299,0.5639984011650085,0.17403608560562134
107,36,1,Euclidiana (G),0.7380344867706299,0.4101422429084778,0.3278922438621521
107,36,1,Euclidiana (H),0.7380344867706299,0.47888126969337463,0.25915321707725525
107,36,1,Manhattan (P),0.7380344867706299,0.39889833331108093,0.33913615345954895
107,36,1,Manhattan (G),0.7380344867706299,0.4392396807670593,0.29879480600357056
107,36,1,Manhattan (H),0.7380344867706299,0.44927313923835754,0.28876134753227234
121,36,1,Minkowski (P),0.9059065580368042,5.487897983269541e-11,0.9059065579819252
121,36,1,Minkowski (G),0.9059065580368042,0.9585897922515869,-0.052683234214782715
121,36,1,Minkowski (H),0.9059065580368042,0.06049954891204834,0.8454070091247559
121,36,1,Euclidiana (P),0.9059065580368042,0.5187575221061707,0.38714903593063354
121,36,1,Euclidiana (G),0.9059065580368042,0.3743753433227539,0.5315312147140503
121,36,1,Euclidiana (H),0.9059065580368042,0.35955002903938293,0.5463565289974213
121,36,1,Manhattan (P),0.9059065580368042,0.2752189338207245,0.6306876242160797
121,36,1,Manhattan (G),0.9059065580368042,0.594720184803009,0.31118637323379517
121,36,1,Manhattan (H),0.9059065580368042,0.5433351397514343,0.3625714182853699
7,37,1,Minkowski (P),0.9954798221588135,0.6785135865211487,0.3169662356376648
7,37,1,Minkowski (G),0.9954798221588135,0.7978668808937073,0.1976129412651062
7,37,1,Minkowski (H),0.9954798221588135,0.9135311245918274,0.08194869756698608
7,37,1,Euclidiana (P),0.9954798221588135,0.6843799352645874,0.3110998868942261
7,37,1,Euclidiana (G),0.9954798221588135,0.7454396486282349,0.2500401735305786
7,37,1,Euclidiana (H),0.9954798221588135,0.9009479284286499,0.09453189373016357
7,37,1,Manhattan (P),0.9954798221588135,0.7918875813484192,0.2035922408103943
7,37,1,Manhattan (G),0.9954798221588135,0.8813143968582153,0.11416542530059814
7,37,1,Manhattan (H),0.9954798221588135,0.780877947807312,0.21460187435150146
12,37,1,Minkowski (P),0.969322919845581,0.6579343676567078,0.3113885521888733
12,37,1,Minkowski (G),0.969322919845581,0.6925493478775024,0.2767735719680786
12,37,1,Minkowski (H),0.969322919845581,0.7150610089302063,0.25426191091537476
12,37,1,Euclidiana (P),0.969322919845581,0.7799199819564819,0.18940293788909912
12,37,1,Euclidiana (G),0.969322919845581,0.5989043712615967,0.3704185485839844
12,37,1,Euclidiana (H),0.969322919845581,0.8106175661087036,0.15870535373687744
12,37,1,Manhattan (P),0.969322919845581,0.7347939610481262,0.23452895879745483
12,37,1,Manhattan (G),0.969322919845581,0.802150547504425,0.167172372341156
12,37,1,Manhattan (H),0.969322919845581,0.46871432662010193,0.5006085932254791
42,37,1,Minkowski (P),0.9469776153564453,0.494099497795105,0.45287811756134033
42,37,1,Minkowski (G),0.9469776153564453,0.320253849029541,0.6267237663269043
42,37,1,Minkowski (H),0.9469776153564453,0.596404492855072,0.3505731225013733
42,37,1,Euclidiana (P),0.9469776153564453,0.3930341899394989,0.5539434254169464
42,37,1,Euclidiana (G),0.9469776153564453,0.35481423139572144,0.5921633839607239
42,37,1,Euclidiana (H),0.9469776153564453,0.5628317594528198,0.3841458559036255
42,37,1,Manhattan (P),0.9469776153564453,0.5546961426734924,0.3922814726829529
42,37,1,Manhattan (G),0.9469776153564453,0.6374890804290771,0.30948853492736816
42,37,1,Manhattan (H),0.9469776153564453,0.5008870363235474,0.44609057903289795
65,37,1,Minkowski (P),0.9952815175056458,0.6828150749206543,0.31246644258499146
65,37,1,Minkowski (G),0.9952815175056458,0.6871711611747742,0.3081103563308716
65,37,1,Minkowski (H),0.9952815175056458,0.8287582993507385,0.16652321815490723
65,37,1,Euclidiana (P),0.9952815175056458,0.7141833901405334,0.2810981273651123
65,37,1,Euclidiana (G),0.9952815175056458,0.33155035972595215,0.6637311577796936
65,37,1,Euclidiana (H),0.9952815175056458,0.8348614573478699,0.16042006015777588
65,37,1,Manhattan (P),0.9952815175056458,0.8554971218109131,0.13978439569473267
65,37,1,Manhattan (G),0.9952815175056458,0.7750478386878967,0.22023367881774902
65,37,1,Manhattan (H),0.9952815175056458,0.5750163197517395,0.42026519775390625
87,37,1,Minkowski (P),0.9901584982872009,0.8665511608123779,0.123607337474823
87,37,1,Minkowski (G),0.9901584982872009,0.7171816229820251,0.2729768753051758
87,37,1,Minkowski (H),0.9901584982872009,0.6886509656906128,0.30150753259658813
87,37,1,Euclidiana (P),0.9901584982872009,0.6877284646034241,0.30243003368377686
87,37,1,Euclidiana (G),0.9901584982872009,0.6079189777374268,0.38223952054977417
87,37,1,Euclidiana (H),0.9901584982872009,0.7354375720024109,0.25472092628479004
87,37,1,Manhattan (P),0.9901584982872009,0.843119204044342,0.1470392942428589
87,37,1,Manhattan (G),0.9901584982872009,0.766071081161499,0.2240874171257019
87,37,1,Manhattan (H),0.9901584982872009,0.6891932487487793,0.30096524953842163
93,37,1,Minkowski (P),0.9945304989814758,0.7765958905220032,0.21793460845947266
93,37,1,Minkowski (G),0.9945304989814758,0.7512081861495972,0.24332231283187866
93,37,1,Minkowski (H),0.9945304989814758,0.744752049446106,0.24977844953536987
93,37,1,Euclidiana (P),0.9945304989814758,0.803383469581604,0.19114702939987183
93,37,1,Euclidiana (G),0.9945304989814758,0.7272402048110962,0.26729029417037964
93,37,1,Euclidiana (H),0.9945304989814758,0.8430693745613098,0.15146112442016602
93,37,1,Manhattan (P),0.9945304989814758,0.7764064073562622,0.21812409162521362
93,37,1,Manhattan (G),0.9945304989814758,0.8006516098976135,0.1938788890838623
93,37,1,Manhattan (H),0.9945304989814758,0.7487254738807678,0.245805025100708
107,37,1,Minkowski (P),0.9885282516479492,0.4828273057937622,0.505700945854187
107,37,1,Minkowski (G),0.9885282516479492,0.4208509027957916,0.5676773488521576
107,37,1,Minkowski (H),0.9885282516479492,0.5685945153236389,0.4199337363243103
107,37,1,Euclidiana (P),0.9885282516479492,0.4054376780986786,0.5830905735492706
107,37,1,Euclidiana (G),0.9885282516479492,0.3645375669002533,0.6239906847476959
107,37,1,Euclidiana (H),0.9885282516479492,0.6016743183135986,0.3868539333343506
107,37,1,Manhattan (P),0.9885282516479492,0.4836858808994293,0.5048423707485199
107,37,1,Manhattan (G),0.9885282516479492,0.7118537425994873,0.2766745090484619
107,37,1,Manhattan (H),0.9885282516479492,0.42322441935539246,0.5653038322925568
121,37,1,Minkowski (P),0.9680261611938477,0.46550145745277405,0.5025247037410736
121,37,1,Minkowski (G),0.9680261611938477,0.36738473176956177,0.6006414294242859
121,37,1,Minkowski (H),0.9680261611938477,0.7844331860542297,0.18359297513961792
121,37,1,Euclidiana (P),0.9680261611938477,0.373193621635437,0.5948325395584106
121,37,1,Euclidiana (G),0.9680261611938477,0.43130600452423096,0.5367201566696167
121,37,1,Euclidiana (H),0.9680261611938477,0.6927670240402222,0.2752591371536255
121,37,1,Manhattan (P),0.9680261611938477,0.39042773842811584,0.5775984227657318
121,37,1,Manhattan (G),0.9680261611938477,0.4835868775844574,0.48443928360939026
121,37,1,Manhattan (H),0.9680261611938477,0.4848771393299103,0.4831490218639374
7,38,1,Minkowski (P),0.9978057742118835,0.5813531279563904,0.41645264625549316
7,38,1,Minkowski (G),0.9978057742118835,0.8040658235549927,0.19373995065689087
7,38,1,Minkowski (H),0.9978057742118835,0.9462940096855164,0.05151176452636719
7,38,1,Euclidiana (P),0.9978057742118835,0.5201566815376282,0.47764909267425537
7,38,1,Euclidiana (G),0.9978057742118835,0.5797863602638245,0.4180194139480591
7,38,1,Euclidiana (H),0.9978057742118835,0.9000905156135559,0.09771525859832764
7,38,1,Manhattan (P),0.9978057742118835,0.7240782380104065,0.27372753620147705
7,38,1,Manhattan (G),0.9978057742118835,0.7805415391921997,0.21726423501968384
7,38,1,Manhattan (H),0.9978057742118835,0.7037624716758728,0.29404330253601074
12,38,1,Minkowski (P),0.9736006259918213,0.6811293363571167,0.2924712896347046
12,38,1,Minkowski (G),0.9736006259918213,0.658883810043335,0.31471681594848633
12,38,1,Minkowski (H),0.9736006259918213,0.7163363695144653,0.25726425647735596
12,38,1,Euclidiana (P),0.9736006259918213,0.7938311100006104,0.17976951599121094
12,38,1,Euclidiana (G),0.9736006259918213,0.5976150631904602,0.3759855628013611
12,38,1,Euclidiana (H),0.9736006259918213,0.8265347480773926,0.1470658779144287
12,38,1,Manhattan (P),0.9736006259918213,0.7294467091560364,0.2441539168357849
12,38,1,Manhattan (G),0.9736006259918213,0.8187314867973328,0.15486913919448853
12,38,1,Manhattan (H),0.9736006259918213,0.48058536648750305,0.49301525950431824
42,38,1,Minkowski (P),0.9512383937835693,0.5184728503227234,0.43276554346084595
42,38,1,Minkowski (G),0.9512383937835693,0.3469754159450531,0.6042629778385162
42,38,1,Minkowski (H),0.9512383937835693,0.5896864533424377,0.3615519404411316
42,38,1,Euclidiana (P),0.9512383937835693,0.36288541555404663,0.5883529782295227
42,38,1,Euclidiana (G),0.9512383937835693,0.36810773611068726,0.5831306576728821
42,38,1,Euclidiana (H),0.9512383937835693,0.5649648308753967,0.3862735629081726
42,38,1,Manhattan (P),0.9512383937835693,0.5020759105682373,0.44916248321533203
42,38,1,Manhattan (G),0.9512383937835693,0.644531786441803,0.30670660734176636
42,38,1,Manhattan (H),0.9512383937835693,0.5204871296882629,0.4307512640953064
65,38,1,Minkowski (P),0.9944504499435425,0.6494110822677612,0.34503936767578125
65,38,1,Minkowski (G),0.9944504499435425,0.7066985368728638,0.2877519130706787
65,38,1,Minkowski (H),0.9944504499435425,0.8681056499481201,0.12634479999542236
65,38,1,Euclidiana (P),0.9944504499435425,0.7226541042327881,0.2717963457107544
65,38,1,Euclidiana (G),0.9944504499435425,0.3381134271621704,0.6563370227813721
65,38,1,Euclidiana (H),0.9944504499435425,0.8820387125015259,0.1124117374420166
65,38,1,Manhattan (P),0.9944504499435425,0.7758080959320068,0.21864235401153564
65,38,1,Manhattan (G),0.9944504499435425,0.7838552594184875,0.21059519052505493
65,38,1,Manhattan (H),0.9944504499435425,0.617009699344635,0.37744075059890747
87,38,1,Minkowski (P),0.9953972697257996,0.8470052480697632,0.14839202165603638
87,38,1,Minkowski (G),0.9953972697257996,0.7403233051300049,0.2550739645957947
87,38,1,Minkowski (H),0.9953972697257996,0.7047111988067627,0.29068607091903687
87,38,1,Euclidiana (P),0.9953972697257996,0.6723242402076721,0.32307302951812744
87,38,1,Euclidiana (G),0.9953972697257996,0.6499312520027161,0.3454660177230835
87,38,1,Euclidiana (H),0.9953972697257996,0.7200727462768555,0.2753245234489441
87,38,1,Manhattan (P),0.9953972697257996,0.8104392886161804,0.18495798110961914
87,38,1,Manhattan (G),0.9953972697257996,0.794811487197876,0.20058578252792358
87,38,1,Manhattan (H),0.9953972697257996,0.6667092442512512,0.32868802547454834
93,38,1,Minkowski (P),0.9973422884941101,0.7595613598823547,0.23778092861175537
93,38,1,Minkowski (G),0.9973422884941101,0.7571407556533813,0.24020153284072876
93,38,1,Minkowski (H),0.9973422884941101,0.76286780834198,0.23447448015213013
93,38,1,Euclidiana (P),0.9973422884941101,0.8364146947860718,0.16092759370803833
93,38,1,Euclidiana (G),0.9973422884941101,0.740592360496521,0.2567499279975891
93,38,1,Euclidiana (H),0.9973422884941101,0.8281067609786987,0.16923552751541138
93,38,1,Manhattan (P),0.9973422884941101,0.7949137687683105,0.20242851972579956
93,38,1,Manhattan (G),0.9973422884941101,0.8108569383621216,0.18648535013198853
93,38,1,Manhattan (H),0.9973422884941101,0.7737265825271606,0.22361570596694946
107,38,1,Minkowski (P),0.9887108206748962,0.4514009952545166,0.5373098254203796
107,38,1,Minkowski (G),0.9887108206748962,0.41654154658317566,0.5721692740917206
107,38,1,Minkowski (H),0.9887108206748962,0.5843824744224548,0.4043283462524414
107,38,1,Euclidiana (P),0.9887108206748962,0.4698415994644165,0.5188692212104797
107,38,1,Euclidiana (G),0.9887108206748962,0.39889320731163025,0.589817613363266
107,38,1,Euclidiana (H),0.9887108206748962,0.5626739859580994,0.4260368347167969
107,38,1,Manhattan (P),0.9887108206748962,0.46905189752578735,0.5196589231491089
107,38,1,Manhattan (G),0.9887108206748962,0.6397707462310791,0.34894007444381714
107,38,1,Manhattan (H),0.9887108206748962,0.3858300447463989,0.6028807759284973
121,38,1,Minkowski (P),0.9597088694572449,0.5331454873085022,0.4265633821487427
121,38,1,Minkowski (G),0.9597088694572449,0.4873906075954437,0.47231826186180115
121,38,1,Minkowski (H),0.9597088694572449,0.7876943945884705,0.17201447486877441
121,38,1,Euclidiana (P),0.9597088694572449,0.4544617235660553,0.5052471458911896
121,38,1,Euclidiana (G),0.9597088694572449,0.4561198949813843,0.5035889744758606
121,38,1,Euclidiana (H),0.9597088694572449,0.5990375280380249,0.36067134141921997
121,38,1,Manhattan (P),0.9597088694572449,0.3349727392196655,0.6247361302375793
121,38,1,Manhattan (G),0.9597088694572449,0.5532705783843994,0.40643829107284546
121,38,1,Manhattan (H),0.9597088694572449,0.4510268270969391,0.5086820423603058
7,39,1,Minkowski (P),0.9958445429801941,0.5263761281967163,0.4694684147834778
7,39,1,Minkowski (G),0.9958445429801941,0.7771461009979248,0.2186984419822693
7,39,1,Minkowski (H),0.9958445429801941,0.8900668621063232,0.10577768087387085
7,39,1,Euclidiana (P),0.9958445429801941,0.645131528377533,0.35071301460266113
7,39,1,Euclidiana (G),0.9958445429801941,0.9492118954658508,0.04663264751434326
7,39,1,Euclidiana (H),0.9958445429801941,0.8652008771896362,0.13064366579055786
7,39,1,Manhattan (P),0.9958445429801941,0.812191367149353,0.18365317583084106
7,39,1,Manhattan (G),0.9958445429801941,0.727247953414917,0.2685965895652771
7,39,1,Manhattan (H),0.9958445429801941,0.2518814504146576,0.7439630925655365
12,39,1,Minkowski (P),0.9676548838615417,0.8427838683128357,0.12487101554870605
12,39,1,Minkowski (G),0.9676548838615417,0.7031663060188293,0.2644885778427124
12,39,1,Minkowski (H),0.9676548838615417,0.7876166701316833,0.1800382137298584
12,39,1,Euclidiana (P),0.9676548838615417,0.865103542804718,0.10255134105682373
12,39,1,Euclidiana (G),0.9676548838615417,0.4893156588077545,0.47833922505378723
12,39,1,Euclidiana (H),0.9676548838615417,0.8460655808448792,0.1215893030166626
12,39,1,Manhattan (P),0.9676548838615417,0.7590680718421936,0.20858681201934814
12,39,1,Manhattan (G),0.9676548838615417,0.7710919976234436,0.19656288623809814
12,39,1,Manhattan (H),0.9676548838615417,0.6149336099624634,0.35272127389907837
42,39,1,Minkowski (P),0.9149873852729797,0.5070203542709351,0.4079670310020447
42,39,1,Minkowski (G),0.9149873852729797,0.33659812808036804,0.5783892571926117
42,39,1,Minkowski (H),0.9149873852729797,0.6019351482391357,0.313052237033844
42,39,1,Euclidiana (P),0.9149873852729797,0.32828834652900696,0.5866990387439728
42,39,1,Euclidiana (G),0.9149873852729797,0.4549991488456726,0.45998823642730713
42,39,1,Euclidiana (H),0.9149873852729797,0.45943742990493774,0.455549955368042
42,39,1,Manhattan (P),0.9149873852729797,0.3696401119232178,0.545347273349762
42,39,1,Manhattan (G),0.9149873852729797,0.5244350433349609,0.3905523419380188
42,39,1,Manhattan (H),0.9149873852729797,0.5608334541320801,0.35415393114089966
65,39,1,Minkowski (P),0.9946282505989075,0.8735501766204834,0.12107807397842407
65,39,1,Minkowski (G),0.9946282505989075,0.7258898615837097,0.26873838901519775
65,39,1,Minkowski (H),0.9946282505989075,0.8041611909866333,0.19046705961227417
65,39,1,Euclidiana (P),0.9946282505989075,0.780820369720459,0.2138078808784485
65,39,1,Euclidiana (G),0.9946282505989075,0.3391960561275482,0.6554321944713593
65,39,1,Euclidiana (H),0.9946282505989075,0.8579058051109314,0.13672244548797607
65,39,1,Manhattan (P),0.9946282505989075,0.7087019681930542,0.28592628240585327
65,39,1,Manhattan (G),0.9946282505989075,0.8170668482780457,0.17756140232086182
65,39,1,Manhattan (H),0.9946282505989075,0.5345394611358643,0.4600887894630432
87,39,1,Minkowski (P),0.9921959638595581,0.7277538776397705,0.2644420862197876
87,39,1,Minkowski (G),0.9921959638595581,0.7532526850700378,0.23894327878952026
87,39,1,Minkowski (H),0.9921959638595581,0.6857902407646179,0.3064057230949402
87,39,1,Euclidiana (P),0.9921959638595581,0.638529896736145,0.3536660671234131
87,39,1,Euclidiana (G),0.9921959638595581,0.7284533381462097,0.2637426257133484
87,39,1,Euclidiana (H),0.9921959638595581,0.6623712778091431,0.32982468605041504
87,39,1,Manhattan (P),0.9921959638595581,0.7574261426925659,0.2347698211669922
87,39,1,Manhattan (G),0.9921959638595581,0.8091349005699158,0.18306106328964233
87,39,1,Manhattan (H),0.9921959638595581,0.8159766793251038,0.17621928453445435
93,39,1,Minkowski (P),0.9928823709487915,0.779783308506012,0.21309906244277954
93,39,1,Minkowski (G),0.9928823709487915,0.7712479829788208,0.2216343879699707
93,39,1,Minkowski (H),0.9928823709487915,0.7648767828941345,0.22800558805465698
93,39,1,Euclidiana (P),0.9928823709487915,0.8280598521232605,0.164822518825531
93,39,1,Euclidiana (G),0.9928823709487915,0.7723673582077026,0.22051501274108887
93,39,1,Euclidiana (H),0.9928823709487915,0.8084518313407898,0.1844305396080017
93,39,1,Manhattan (P),0.9928823709487915,0.8209692239761353,0.17191314697265625
93,39,1,Manhattan (G),0.9928823709487915,0.7695901393890381,0.22329223155975342
93,39,1,Manhattan (H),0.9928823709487915,0.7525817155838013,0.24030065536499023
107,39,1,Minkowski (P),0.982052743434906,0.5306383967399597,0.4514143466949463
107,39,1,Minkowski (G),0.982052743434906,0.49497461318969727,0.48707813024520874
107,39,1,Minkowski (H),0.982052743434906,0.6071340441703796,0.37491869926452637
107,39,1,Euclidiana (P),0.982052743434906,0.48724010586738586,0.49481263756752014
107,39,1,Euclidiana (G),0.982052743434906,0.4064537286758423,0.5755990147590637
107,39,1,Euclidiana (H),0.982052743434906,0.6518444418907166,0.33020830154418945
107,39,1,Manhattan (P),0.982052743434906,0.4984864592552185,0.4835662841796875
107,39,1,Manhattan (G),0.982052743434906,0.49187514185905457,0.49017760157585144
107,39,1,Manhattan (H),0.982052743434906,0.4425172209739685,0.5395355224609375
121,39,1,Minkowski (P),0.9310002326965332,0.46706849336624146,0.46393173933029175
121,39,1,Minkowski (G),0.9310002326965332,0.40517669916152954,0.5258235335350037
121,39,1,Minkowski (H),0.9310002326965332,0.45984143018722534,0.47115880250930786
121,39,1,Euclidiana (P),0.9310002326965332,0.47903576493263245,0.45196446776390076
121,39,1,Euclidiana (G),0.9310002326965332,0.610924243927002,0.32007598876953125
121,39,1,Euclidiana (H),0.9310002326965332,0.4869867265224457,0.4440135061740875
121,39,1,Manhattan (P),0.9310002326965332,0.4431951940059662,0.487805038690567
121,39,1,Manhattan (G),0.9310002326965332,0.5234741568565369,0.40752607583999634
121,39,1,Manhattan (H),0.9310002326965332,0.3241530656814575,0.6068471670150757
7,40,1,Minkowski (P),0.9968249797821045,0.46056124567985535,0.5362637341022491
7,40,1,Minkowski (G),0.9968249797821045,0.9999985694885254,-0.0031735897064208984
7,40,1,Minkowski (H),0.9968249797821045,0.8356381058692932,0.16118687391281128
7,40,1,Euclidiana (P),0.9968249797821045,0.7906638383865356,0.20616114139556885
7,40,1,Euclidiana (G),0.9968249797821045,0.26304709911346436,0.7337778806686401
7,40,1,Euclidiana (H),0.9968249797821045,0.7825259566307068,0.2142990231513977
7,40,1,Manhattan (P),0.9968249797821045,0.9756972789764404,0.021127700805664062
7,40,1,Manhattan (G),0.9968249797821045,0.8717756271362305,0.12504935264587402
7,40,1,Manhattan (H),0.9968249797821045,0.9996286630630493,-0.0028036832809448242
12,40,1,Minkowski (P),0.9520031213760376,0.0157884880900383,0.9362146332859993
12,40,1,Minkowski (G),0.9520031213760376,0.79041588306427,0.16158723831176758
12,40,1,Minkowski (H),0.9520031213760376,0.8775708079338074,0.07443231344223022
12,40,1,Euclidiana (P),0.9520031213760376,0.8474026322364807,0.10460048913955688
12,40,1,Euclidiana (G),0.9520031213760376,0.4952596426010132,0.4567434787750244
12,40,1,Euclidiana (H),0.9520031213760376,0.8306463956832886,0.12135672569274902
12,40,1,Manhattan (P),0.9520031213760376,0.7527836561203003,0.1992194652557373
12,40,1,Manhattan (G),0.9520031213760376,0.9205500483512878,0.031453073024749756
12,40,1,Manhattan (H),0.9520031213760376,0.7408463954925537,0.2111567258834839
42,40,1,Minkowski (P),0.9632742404937744,0.7392439246177673,0.22403031587600708
42,40,1,Minkowski (G),0.9632742404937744,1.0126618510755692e-12,0.9632742404927618
42,40,1,Minkowski (H),0.9632742404937744,0.38763371109962463,0.5756405293941498
42,40,1,Euclidiana (P),0.9632742404937744,0.4404140114784241,0.5228602290153503
42,40,1,Euclidiana (G),0.9632742404937744,0.2247588038444519,0.7385154366493225
42,40,1,Euclidiana (H),0.9632742404937744,0.3640124201774597,0.5992618203163147
42,40,1,Manhattan (P),0.9632742404937744,0.6566901206970215,0.30658411979675293
42,40,1,Manhattan (G),0.9632742404937744,0.5557143688201904,0.407559871673584
42,40,1,Manhattan (H),0.9632742404937744,0.6337669491767883,0.3295072913169861
65,40,1,Minkowski (P),0.9968997240066528,0.8274527788162231,0.1694469451904297
65,40,1,Minkowski (G),0.9968997240066528,0.7081189155578613,0.2887808084487915
65,40,1,Minkowski (H),0.9968997240066528,0.6059466600418091,0.39095306396484375
65,40,1,Euclidiana (P),0.9968997240066528,0.6223937273025513,0.37450599670410156
65,40,1,Euclidiana (G),0.9968997240066528,0.44384026527404785,0.553059458732605
65,40,1,Euclidiana (H),0.9968997240066528,0.588507354259491,0.40839236974716187
65,40,1,Manhattan (P),0.9968997240066528,0.6480652689933777,0.34883445501327515
65,40,1,Manhattan (G),0.9968997240066528,0.7396529316902161,0.25724679231643677
65,40,1,Manhattan (H),0.9968997240066528,0.5703408122062683,0.4265589118003845
87,40,1,Minkowski (P),0.9986153841018677,0.5406890511512756,0.45792633295059204
87,40,1,Minkowski (G),0.9986153841018677,0.8081404566764832,0.19047492742538452
87,40,1,Minkowski (H),0.9986153841018677,0.6758906841278076,0.32272469997406006
87,40,1,Euclidiana (P),0.9986153841018677,0.3329777717590332,0.6656376123428345
87,40,1,Euclidiana (G),0.9986153841018677,0.8196940422058105,0.17892134189605713
87,40,1,Euclidiana (H),0.9986153841018677,0.5506265759468079,0.4479888081550598
87,40,1,Manhattan (P),0.9986153841018677,0.7885165214538574,0.21009886264801025
87,40,1,Manhattan (G),0.9986153841018677,0.6367479562759399,0.36186742782592773
87,40,1,Manhattan (H),0.9986153841018677,0.6986639499664307,0.299951434135437
93,40,1,Minkowski (P),0.9677175283432007,0.591221809387207,0.37649571895599365
93,40,1,Minkowski (G),0.9677175283432007,0.8897272348403931,0.07799029350280762
93,40,1,Minkowski (H),0.9677175283432007,0.7894405126571655,0.17827701568603516
93,40,1,Euclidiana (P),0.9677175283432007,0.8048394918441772,0.16287803649902344
93,40,1,Euclidiana (G),0.9677175283432007,0.7021132111549377,0.26560431718826294
93,40,1,Euclidiana (H),0.9677175283432007,0.7377901077270508,0.2299274206161499
93,40,1,Manhattan (P),0.9677175283432007,0.7855047583580017,0.18221276998519897
93,40,1,Manhattan (G),0.9677175283432007,0.850487232208252,0.11723029613494873
93,40,1,Manhattan (H),0.9677175283432007,0.7463369965553284,0.22138053178787231
107,40,1,Minkowski (P),0.9567726850509644,0.18068645894527435,0.77608622610569
107,40,1,Minkowski (G),0.9567726850509644,0.5651012063026428,0.39167147874832153
107,40,1,Minkowski (H),0.9567726850509644,0.6408496499061584,0.3159230351448059
107,40,1,Euclidiana (P),0.9567726850509644,0.6964578032493591,0.2603148818016052
107,40,1,Euclidiana (G),0.9567726850509644,0.3866913318634033,0.570081353187561
107,40,1,Euclidiana (H),0.9567726850509644,0.6378482580184937,0.3189244270324707
107,40,1,Manhattan (P),0.9567726850509644,0.5044242143630981,0.4523484706878662
107,40,1,Manhattan (G),0.9567726850509644,0.5596415400505066,0.39713114500045776
107,40,1,Manhattan (H),0.9567726850509644,0.23257696628570557,0.7241957187652588
121,40,1,Minkowski (P),0.9866965413093567,0.38135597109794617,0.6053405702114105
121,40,1,Minkowski (G),0.9866965413093567,0.995466947555542,-0.008770406246185303
121,40,1,Minkowski (H),0.9866965413093567,0.6330797076225281,0.3536168336868286
121,40,1,Euclidiana (P),0.9866965413093567,0.6121341586112976,0.3745623826980591
121,40,1,Euclidiana (G),0.9866965413093567,4.788249043485848e-06,0.9866917530603132
121,40,1,Euclidiana (H),0.9866965413093567,0.5443145632743835,0.44238197803497314
121,40,1,Manhattan (P),0.9866965413093567,6.567348975750065e-08,0.9866964756358669
121,40,1,Manhattan (G),0.9866965413093567,0.0011304568033665419,0.9855660845059901
121,40,1,Manhattan (H),0.9866965413093567,0.6696062684059143,0.3170902729034424
7,41,1,Minkowski (P),0.997620165348053,0.8563396334648132,0.14128053188323975
7,41,1,Minkowski (G),0.997620165348053,0.9968020915985107,0.0008180737495422363
7,41,1,Minkowski (H),0.997620165348053,0.7498632669448853,0.24775689840316772
7,41,1,Euclidiana (P),0.997620165348053,0.8443872332572937,0.15323293209075928
7,41,1,Euclidiana (G),0.997620165348053,0.9986231327056885,-0.001002967357635498
7,41,1,Euclidiana (H),0.997620165348053,0.73333340883255,0.26428675651550293
7,41,1,Manhattan (P),0.997620165348053,0.0229520034044981,0.9746681619435549
7,41,1,Manhattan (G),0.997620165348053,0.7062278389930725,0.29139232635498047
7,41,1,Manhattan (H),0.997620165348053,1.0,-0.0023798346519470215
12,41,1,Minkowski (P),0.9633020758628845,4.972773562828166e-14,0.9633020758628348
12,41,1,Minkowski (G),0.9633020758628845,0.7498959898948669,0.21340608596801758
12,41,1,Minkowski (H),0.9633020758628845,0.8603512644767761,0.1029508113861084
12,41,1,Euclidiana (P),0.9633020758628845,0.8429788947105408,0.12032318115234375
12,41,1,Euclidiana (G),0.9633020758628845,0.4792751967906952,0.48402687907218933
12,41,1,Euclidiana (H),0.9633020758628845,0.8496608138084412,0.11364126205444336
12,41,1,Manhattan (P),0.9633020758628845,0.7538615465164185,0.20944052934646606
12,41,1,Manhattan (G),0.9633020758628845,0.9391642808914185,0.024137794971466064
12,41,1,Manhattan (H),0.9633020758628845,0.7384915947914124,0.22481048107147217
42,41,1,Minkowski (P),0.9943224191665649,0.2713069021701813,0.7230155169963837
42,41,1,Minkowski (G),0.9943224191665649,1.9952780897416203e-17,0.9943224191665649
42,41,1,Minkowski (H),0.9943224191665649,0.540577232837677,0.45374518632888794
42,41,1,Euclidiana (P),0.9943224191665649,0.5071656107902527,0.48715680837631226
42,41,1,Euclidiana (G),0.9943224191665649,0.2927245795726776,0.7015978395938873
42,41,1,Euclidiana (H),0.9943224191665649,0.488115131855011,0.506207287311554
42,41,1,Manhattan (P),0.9943224191665649,0.008867147378623486,0.9854552717879415
42,41,1,Manhattan (G),0.9943224191665649,0.48337721824645996,0.510945200920105
42,41,1,Manhattan (H),0.9943224191665649,0.6353761553764343,0.3589462637901306
65,41,1,Minkowski (P),0.9978932738304138,0.9188896417617798,0.07900363206863403
65,41,1,Minkowski (G),0.9978932738304138,0.7430705428123474,0.2548227310180664
65,41,1,Minkowski (H),0.9978932738304138,0.5453205108642578,0.452572762966156
65,41,1,Euclidiana (P),0.9978932738304138,0.5965465903282166,0.40134668350219727
65,41,1,Euclidiana (G),0.9978932738304138,0.5267533659934998,0.47113990783691406
65,41,1,Euclidiana (H),0.9978932738304138,0.5243535041809082,0.4735397696495056
65,41,1,Manhattan (P),0.9978932738304138,0.621924102306366,0.37596917152404785
65,41,1,Manhattan (G),0.9978932738304138,0.6159896850585938,0.38190358877182007
65,41,1,Manhattan (H),0.9978932738304138,0.5474953651428223,0.45039790868759155
87,41,1,Minkowski (P),0.9983123540878296,0.5683861970901489,0.42992615699768066
87,41,1,Minkowski (G),0.9983123540878296,0.8214028477668762,0.17690950632095337
87,41,1,Minkowski (H),0.9983123540878296,0.761639416217804,0.23667293787002563
87,41,1,Euclidiana (P),0.9983123540878296,0.4379361569881439,0.5603761970996857
87,41,1,Euclidiana (G),0.9983123540878296,0.815828263759613,0.18248409032821655
87,41,1,Euclidiana (H),0.9983123540878296,0.5665894746780396,0.43172287940979004
87,41,1,Manhattan (P),0.9983123540878296,0.8129227161407471,0.18538963794708252
87,41,1,Manhattan (G),0.9983123540878296,0.683143138885498,0.31516921520233154
87,41,1,Manhattan (H),0.9983123540878296,0.6700417399406433,0.3282706141471863
93,41,1,Minkowski (P),0.9972864389419556,0.7520934343338013,0.2451930046081543
93,41,1,Minkowski (G),0.9972864389419556,0.8319786190986633,0.16530781984329224
93,41,1,Minkowski (H),0.9972864389419556,0.7492129802703857,0.24807345867156982
93,41,1,Euclidiana (P),0.9972864389419556,0.8391021490097046,0.15818428993225098
93,41,1,Euclidiana (G),0.9972864389419556,0.707768976688385,0.28951746225357056
93,41,1,Euclidiana (H),0.9972864389419556,0.7473288774490356,0.24995756149291992
93,41,1,Manhattan (P),0.9972864389419556,0.7281824350357056,0.26910400390625
93,41,1,Manhattan (G),0.9972864389419556,0.8563608527183533,0.1409255862236023
93,41,1,Manhattan (H),0.9972864389419556,0.6474061012268066,0.3498803377151489
107,41,1,Minkowski (P),0.9848505258560181,0.04915336146950722,0.9356971643865108
107,41,1,Minkowski (G),0.9848505258560181,0.577219545841217,0.407630980014801
107,41,1,Minkowski (H),0.9848505258560181,0.6230828762054443,0.36176764965057373
107,41,1,Euclidiana (P),0.9848505258560181,0.6811808943748474,0.30366963148117065
107,41,1,Euclidiana (G),0.9848505258560181,0.3929728865623474,0.5918776392936707
107,41,1,Euclidiana (H),0.9848505258560181,0.5999449491500854,0.3849055767059326
107,41,1,Manhattan (P),0.9848505258560181,0.50348961353302,0.48136091232299805
107,41,1,Manhattan (G),0.9848505258560181,0.599013090133667,0.3858374357223511
107,41,1,Manhattan (H),0.9848505258560181,0.36548542976379395,0.6193650960922241
121,41,1,Minkowski (P),0.9965020418167114,0.017708010971546173,0.9787940308451653
121,41,1,Minkowski (G),0.9965020418167114,0.002115465933457017,0.9943865758832544
121,41,1,Minkowski (H),0.9965020418167114,0.5941879749298096,0.40231406688690186
121,41,1,Euclidiana (P),0.9965020418167114,0.6127088665962219,0.3837931752204895
121,41,1,Euclidiana (G),0.9965020418167114,0.2849661707878113,0.7115358710289001
121,41,1,Euclidiana (H),0.9965020418167114,0.727440595626831,0.26906144618988037
121,41,1,Manhattan (P),0.9965020418167114,1.1928319665344134e-08,0.9965020298883918
121,41,1,Manhattan (G),0.9965020418167114,0.5297263264656067,0.46677571535110474
121,41,1,Manhattan (H),0.9965020418167114,0.6872299909591675,0.30927205085754395
7,42,1,Minkowski (P),0.9494253993034363,0.2594316303730011,0.6899937689304352
7,42,1,Minkowski (G),0.9494253993034363,0.9999797344207764,-0.05055433511734009
7,42,1,Minkowski (H),0.9494253993034363,0.8181132078170776,0.13131219148635864
7,42,1,Euclidiana (P),0.9494253993034363,0.8665367960929871,0.08288860321044922
7,42,1,Euclidiana (G),0.9494253993034363,0.996982753276825,-0.04755735397338867
7,42,1,Euclidiana (H),0.9494253993034363,0.8164258003234863,0.13299959897994995
7,42,1,Manhattan (P),0.9494253993034363,0.44938796758651733,0.500037431716919
7,42,1,Manhattan (G),0.9494253993034363,0.9158017039299011,0.033623695373535156
7,42,1,Manhattan (H),0.9494253993034363,1.0,-0.05057460069656372
12,42,1,Minkowski (P),0.8873114585876465,0.010376532562077045,0.8769349260255694
12,42,1,Minkowski (G),0.8873114585876465,0.7994158864021301,0.08789557218551636
12,42,1,Minkowski (H),0.8873114585876465,0.8483922481536865,0.03891921043395996
12,42,1,Euclidiana (P),0.8873114585876465,0.8368036150932312,0.05050784349441528
12,42,1,Euclidiana (G),0.8873114585876465,0.5244354605674744,0.3628759980201721
12,42,1,Euclidiana (H),0.8873114585876465,0.845996618270874,0.04131484031677246
12,42,1,Manhattan (P),0.8873114585876465,0.7361649870872498,0.15114647150039673
12,42,1,Manhattan (G),0.8873114585876465,0.8626084923744202,0.02470296621322632
12,42,1,Manhattan (H),0.8873114585876465,0.6632266044616699,0.22408485412597656
42,42,1,Minkowski (P),0.9701569676399231,0.6968328952789307,0.27332407236099243
42,42,1,Minkowski (G),0.9701569676399231,0.9647384285926819,0.005418539047241211
42,42,1,Minkowski (H),0.9701569676399231,0.34197163581848145,0.6281853318214417
42,42,1,Euclidiana (P),0.9701569676399231,0.3708711862564087,0.5992857813835144
42,42,1,Euclidiana (G),0.9701569676399231,0.5286128520965576,0.4415441155433655
42,42,1,Euclidiana (H),0.9701569676399231,0.3769519031047821,0.593205064535141
42,42,1,Manhattan (P),0.9701569676399231,0.5944320559501648,0.3757249116897583
42,42,1,Manhattan (G),0.9701569676399231,0.677388072013855,0.2927688956260681
42,42,1,Manhattan (H),0.9701569676399231,0.693533718585968,0.2766232490539551
65,42,1,Minkowski (P),0.874333381652832,0.840801477432251,0.033531904220581055
65,42,1,Minkowski (G),0.874333381652832,0.713514506816864,0.16081887483596802
65,42,1,Minkowski (H),0.874333381652832,0.5375150442123413,0.3368183374404907
65,42,1,Euclidiana (P),0.874333381652832,0.716878354549408,0.15745502710342407
65,42,1,Euclidiana (G),0.874333381652832,0.4234570562839508,0.4508763253688812
65,42,1,Euclidiana (H),0.874333381652832,0.6579620838165283,0.2163712978363037
65,42,1,Manhattan (P),0.874333381652832,0.6252167224884033,0.2491166591644287
65,42,1,Manhattan (G),0.874333381652832,0.7865404486656189,0.08779293298721313
65,42,1,Manhattan (H),0.874333381652832,0.5397650599479675,0.3345683217048645
87,42,1,Minkowski (P),0.9933652281761169,0.5802660584449768,0.41309916973114014
87,42,1,Minkowski (G),0.9933652281761169,0.8518045544624329,0.14156067371368408
87,42,1,Minkowski (H),0.9933652281761169,0.7223790287971497,0.2709861993789673
87,42,1,Euclidiana (P),0.9933652281761169,0.4019351601600647,0.5914300680160522
87,42,1,Euclidiana (G),0.9933652281761169,0.8290823698043823,0.16428285837173462
87,42,1,Euclidiana (H),0.9933652281761169,0.5552910566329956,0.43807417154312134
87,42,1,Manhattan (P),0.9933652281761169,0.857883095741272,0.13548213243484497
87,42,1,Manhattan (G),0.9933652281761169,0.6906548738479614,0.3027103543281555
87,42,1,Manhattan (H),0.9933652281761169,0.7047988772392273,0.28856635093688965
93,42,1,Minkowski (P),0.9751997590065002,0.7249314785003662,0.25026828050613403
93,42,1,Minkowski (G),0.9751997590065002,0.4790823757648468,0.49611738324165344
93,42,1,Minkowski (H),0.9751997590065002,0.8402010798454285,0.13499867916107178
93,42,1,Euclidiana (P),0.9751997590065002,0.8416246771812439,0.13357508182525635
93,42,1,Euclidiana (G),0.9751997590065002,0.7271603941917419,0.2480393648147583
93,42,1,Euclidiana (H),0.9751997590065002,0.7209155559539795,0.25428420305252075
93,42,1,Manhattan (P),0.9751997590065002,0.7672383189201355,0.20796144008636475
93,42,1,Manhattan (G),0.9751997590065002,0.8552984595298767,0.11990129947662354
93,42,1,Manhattan (H),0.9751997590065002,0.6748163104057312,0.30038344860076904
107,42,1,Minkowski (P),0.9100704193115234,0.2627807557582855,0.6472896635532379
107,42,1,Minkowski (G),0.9100704193115234,0.5650848746299744,0.3449855446815491
107,42,1,Minkowski (H),0.9100704193115234,0.716683566570282,0.19338685274124146
107,42,1,Euclidiana (P),0.9100704193115234,0.7209218740463257,0.18914854526519775
107,42,1,Euclidiana (G),0.9100704193115234,0.4191264510154724,0.490943968296051
107,42,1,Euclidiana (H),0.9100704193115234,0.6542073488235474,0.2558630704879761
107,42,1,Manhattan (P),0.9100704193115234,0.5384681224822998,0.37160229682922363
107,42,1,Manhattan (G),0.9100704193115234,0.49927738308906555,0.4107930362224579
107,42,1,Manhattan (H),0.9100704193115234,0.2124483287334442,0.6976220905780792
121,42,1,Minkowski (P),0.9046072959899902,0.32698333263397217,0.5776239633560181
121,42,1,Minkowski (G),0.9046072959899902,0.0673157125711441,0.8372915834188461
121,42,1,Minkowski (H),0.9046072959899902,0.3137880861759186,0.5908192098140717
121,42,1,Euclidiana (P),0.9046072959899902,0.5347617268562317,0.36984556913375854
121,42,1,Euclidiana (G),0.9046072959899902,3.849870608974015e-06,0.9046034461193813
121,42,1,Euclidiana (H),0.9046072959899902,0.40308433771133423,0.501522958278656
121,42,1,Manhattan (P),0.9046072959899902,2.269795906784111e-09,0.9046072937201943
121,42,1,Manhattan (G),0.9046072959899902,0.08728176355361938,0.8173255324363708
121,42,1,Manhattan (H),0.9046072959899902,0.7297458648681641,0.17486143112182617
7,43,1,Minkowski (P),0.9940242171287537,0.7216642498970032,0.2723599672317505
7,43,1,Minkowski (G),0.9940242171287537,0.9999616146087646,-0.005937397480010986
7,43,1,Minkowski (H),0.9940242171287537,0.4919624328613281,0.5020617842674255
7,43,1,Euclidiana (P),0.9940242171287537,0.8790978193283081,0.11492639780044556
7,43,1,Euclidiana (G),0.9940242171287537,0.9406116604804993,0.053412556648254395
7,43,1,Euclidiana (H),0.9940242171287537,0.7875158786773682,0.2065083384513855
7,43,1,Manhattan (P),0.9940242171287537,3.5975516727952683e-13,0.994024217128394
7,43,1,Manhattan (G),0.9940242171287537,0.9414273500442505,0.052596867084503174
7,43,1,Manhattan (H),0.9940242171287537,0.9459206461906433,0.04810357093811035
12,43,1,Minkowski (P),0.7783403992652893,0.8236850500106812,-0.045344650745391846
12,43,1,Minkowski (G),0.7783403992652893,0.7111557722091675,0.06718462705612183
12,43,1,Minkowski (H),0.7783403992652893,0.673401415348053,0.10493898391723633
12,43,1,Euclidiana (P),0.7783403992652893,0.8123937249183655,-0.03405332565307617
12,43,1,Euclidiana (G),0.7783403992652893,0.427995890378952,0.3503445088863373
12,43,1,Euclidiana (H),0.7783403992652893,0.7922423481941223,-0.013901948928833008
12,43,1,Manhattan (P),0.7783403992652893,0.6910689473152161,0.08727145195007324
12,43,1,Manhattan (G),0.7783403992652893,0.7294034957885742,0.04893690347671509
12,43,1,Manhattan (H),0.7783403992652893,0.684785008430481,0.09355539083480835
42,43,1,Minkowski (P),0.7145332098007202,0.5015130639076233,0.21302014589309692
42,43,1,Minkowski (G),0.7145332098007202,6.230724963751655e-11,0.7145332097384129
42,43,1,Minkowski (H),0.7145332098007202,0.5483484268188477,0.16618478298187256
42,43,1,Euclidiana (P),0.7145332098007202,0.4129312038421631,0.30160200595855713
42,43,1,Euclidiana (G),0.7145332098007202,0.5237877368927002,0.19074547290802002
42,43,1,Euclidiana (H),0.7145332098007202,0.31004098057746887,0.40449222922325134
42,43,1,Manhattan (P),0.7145332098007202,7.763121629977832e-07,0.7145324334885572
42,43,1,Manhattan (G),0.7145332098007202,0.68587726354599,0.028655946254730225
42,43,1,Manhattan (H),0.7145332098007202,0.6484524011611938,0.06608080863952637
65,43,1,Minkowski (P),0.9940119385719299,0.7709841132164001,0.22302782535552979
65,43,1,Minkowski (G),0.9940119385719299,0.7419587969779968,0.2520531415939331
65,43,1,Minkowski (H),0.9940119385719299,0.5360206961631775,0.45799124240875244
65,43,1,Euclidiana (P),0.9940119385719299,0.6764380931854248,0.3175738453865051
65,43,1,Euclidiana (G),0.9940119385719299,0.48824042081832886,0.5057715177536011
65,43,1,Euclidiana (H),0.9940119385719299,0.6435033679008484,0.35050857067108154
65,43,1,Manhattan (P),0.9940119385719299,0.6977419853210449,0.296269953250885
65,43,1,Manhattan (G),0.9940119385719299,0.896139919757843,0.09787201881408691
65,43,1,Manhattan (H),0.9940119385719299,0.6684083342552185,0.3256036043167114
87,43,1,Minkowski (P),0.9596316814422607,0.6573228240013123,0.3023088574409485
87,43,1,Minkowski (G),0.9596316814422607,0.7892992496490479,0.1703324317932129
87,43,1,Minkowski (H),0.9596316814422607,0.6564738154411316,0.30315786600112915
87,43,1,Euclidiana (P),0.9596316814422607,0.38686180114746094,0.5727698802947998
87,43,1,Euclidiana (G),0.9596316814422607,0.7531833052635193,0.20644837617874146
87,43,1,Euclidiana (H),0.9596316814422607,0.3538757860660553,0.6057558953762054
87,43,1,Manhattan (P),0.9596316814422607,0.8123914003372192,0.1472402811050415
87,43,1,Manhattan (G),0.9596316814422607,0.573896050453186,0.3857356309890747
87,43,1,Manhattan (H),0.9596316814422607,0.6724047064781189,0.28722697496414185
93,43,1,Minkowski (P),0.9970398545265198,0.6784273982048035,0.3186124563217163
93,43,1,Minkowski (G),0.9970398545265198,0.9779494404792786,0.01909041404724121
93,43,1,Minkowski (H),0.9970398545265198,0.831911563873291,0.16512829065322876
93,43,1,Euclidiana (P),0.9970398545265198,0.8006370067596436,0.19640284776687622
93,43,1,Euclidiana (G),0.9970398545265198,0.7255701422691345,0.27146971225738525
93,43,1,Euclidiana (H),0.9970398545265198,0.7014466524124146,0.2955932021141052
93,43,1,Manhattan (P),0.9970398545265198,0.8282081484794617,0.1688317060470581
93,43,1,Manhattan (G),0.9970398545265198,0.8076202869415283,0.18941956758499146
93,43,1,Manhattan (H),0.9970398545265198,0.6918113827705383,0.30522847175598145
107,43,1,Minkowski (P),0.5755534172058105,0.682009756565094,-0.10645633935928345
107,43,1,Minkowski (G),0.5755534172058105,0.6123563051223755,-0.03680288791656494
107,43,1,Minkowski (H),0.5755534172058105,0.49317261576652527,0.08238080143928528
107,43,1,Euclidiana (P),0.5755534172058105,0.6435580849647522,-0.06800466775894165
107,43,1,Euclidiana (G),0.5755534172058105,0.3855386972427368,0.19001471996307373
107,43,1,Euclidiana (H),0.5755534172058105,0.6392292380332947,-0.06367582082748413
107,43,1,Manhattan (P),0.5755534172058105,0.6062625050544739,-0.03070908784866333
107,43,1,Manhattan (G),0.5755534172058105,0.4377121329307556,0.13784128427505493
107,43,1,Manhattan (H),0.5755534172058105,0.33919936418533325,0.2363540530204773
121,43,1,Minkowski (P),0.9246008992195129,7.995331543497741e-06,0.9245929038879694
121,43,1,Minkowski (G),0.9246008992195129,3.14171115701624e-42,0.9246008992195129
121,43,1,Minkowski (H),0.9246008992195129,6.107377998887387e-07,0.924600288481713
121,43,1,Euclidiana (P),0.9246008992195129,0.4346092939376831,0.48999160528182983
121,43,1,Euclidiana (G),0.9246008992195129,0.7152690887451172,0.20933181047439575
121,43,1,Euclidiana (H),0.9246008992195129,0.43359455466270447,0.49100634455680847
121,43,1,Manhattan (P),0.9246008992195129,2.8139854135007455e-14,0.9246008992194849
121,43,1,Manhattan (G),0.9246008992195129,0.7630059719085693,0.1615949273109436
121,43,1,Manhattan (H),0.9246008992195129,0.5835201144218445,0.34108078479766846
7,44,1,Minkowski (P),0.9957224130630493,0.5612010955810547,0.43452131748199463
7,44,1,Minkowski (G),0.9957224130630493,0.7620031833648682,0.23371922969818115
7,44,1,Minkowski (H),0.9957224130630493,0.9261671304702759,0.06955528259277344
7,44,1,Euclidiana (P),0.9957224130630493,0.6508790254592896,0.34484338760375977
7,44,1,Euclidiana (G),0.9957224130630493,0.6782392263412476,0.31748318672180176
7,44,1,Euclidiana (H),0.9957224130630493,0.9081922173500061,0.08753019571304321
7,44,1,Manhattan (P),0.9957224130630493,0.6879282593727112,0.30779415369033813
7,44,1,Manhattan (G),0.9957224130630493,0.6917158365249634,0.30400657653808594
7,44,1,Manhattan (H),0.9957224130630493,0.7814821600914001,0.21424025297164917
12,44,1,Minkowski (P),0.9799664616584778,0.6905834078788757,0.28938305377960205
12,44,1,Minkowski (G),0.9799664616584778,0.7106193900108337,0.26934707164764404
12,44,1,Minkowski (H),0.9799664616584778,0.7388213872909546,0.2411450743675232
12,44,1,Euclidiana (P),0.9799664616584778,0.8243367075920105,0.15562975406646729
12,44,1,Euclidiana (G),0.9799664616584778,0.5784786343574524,0.4014878273010254
12,44,1,Euclidiana (H),0.9799664616584778,0.8074793219566345,0.17248713970184326
12,44,1,Manhattan (P),0.9799664616584778,0.7330244183540344,0.24694204330444336
12,44,1,Manhattan (G),0.9799664616584778,0.8268407583236694,0.15312570333480835
12,44,1,Manhattan (H),0.9799664616584778,0.493898868560791,0.48606759309768677
42,44,1,Minkowski (P),0.9533020257949829,0.5140968561172485,0.4392051696777344
42,44,1,Minkowski (G),0.9533020257949829,0.3120761811733246,0.6412258446216583
42,44,1,Minkowski (H),0.9533020257949829,0.5780093669891357,0.37529265880584717
42,44,1,Euclidiana (P),0.9533020257949829,0.3383607864379883,0.6149412393569946
42,44,1,Euclidiana (G),0.9533020257949829,0.354621022939682,0.5986810028553009
42,44,1,Euclidiana (H),0.9533020257949829,0.565308153629303,0.38799387216567993
42,44,1,Manhattan (P),0.9533020257949829,0.48501157760620117,0.46829044818878174
42,44,1,Manhattan (G),0.9533020257949829,0.614338219165802,0.3389638066291809
42,44,1,Manhattan (H),0.9533020257949829,0.5094155669212341,0.4438864588737488
65,44,1,Minkowski (P),0.9952772855758667,0.6436864137649536,0.3515908718109131
65,44,1,Minkowski (G),0.9952772855758667,0.7349398732185364,0.2603374123573303
65,44,1,Minkowski (H),0.9952772855758667,0.8524993658065796,0.1427779197692871
65,44,1,Euclidiana (P),0.9952772855758667,0.7465121746063232,0.24876511096954346
65,44,1,Euclidiana (G),0.9952772855758667,0.325242817401886,0.6700344681739807
65,44,1,Euclidiana (H),0.9952772855758667,0.8317636847496033,0.16351360082626343
65,44,1,Manhattan (P),0.9952772855758667,0.8084099292755127,0.186867356300354
65,44,1,Manhattan (G),0.9952772855758667,0.7703914046287537,0.22488588094711304
65,44,1,Manhattan (H),0.9952772855758667,0.5696055293083191,0.4256717562675476
87,44,1,Minkowski (P),0.9956774115562439,0.8199642300605774,0.1757131814956665
87,44,1,Minkowski (G),0.9956774115562439,0.6939428448677063,0.3017345666885376
87,44,1,Minkowski (H),0.9956774115562439,0.6879187226295471,0.3077586889266968
87,44,1,Euclidiana (P),0.9956774115562439,0.6831942796707153,0.31248313188552856
87,44,1,Euclidiana (G),0.9956774115562439,0.6505977511405945,0.3450796604156494
87,44,1,Euclidiana (H),0.9956774115562439,0.7484793663024902,0.24719804525375366
87,44,1,Manhattan (P),0.9956774115562439,0.8330180048942566,0.1626594066619873
87,44,1,Manhattan (G),0.9956774115562439,0.7859446406364441,0.2097327709197998
87,44,1,Manhattan (H),0.9956774115562439,0.6695065498352051,0.3261708617210388
93,44,1,Minkowski (P),0.9962443113327026,0.7746580839157104,0.2215862274169922
93,44,1,Minkowski (G),0.9962443113327026,0.7516606450080872,0.24458366632461548
93,44,1,Minkowski (H),0.9962443113327026,0.7594654560089111,0.2367788553237915
93,44,1,Euclidiana (P),0.9962443113327026,0.816189169883728,0.1800551414489746
93,44,1,Euclidiana (G),0.9962443113327026,0.7386084198951721,0.2576358914375305
93,44,1,Euclidiana (H),0.9962443113327026,0.8291250467300415,0.16711926460266113
93,44,1,Manhattan (P),0.9962443113327026,0.7920328974723816,0.20421141386032104
93,44,1,Manhattan (G),0.9962443113327026,0.8182538151741028,0.17799049615859985
93,44,1,Manhattan (H),0.9962443113327026,0.7519354820251465,0.24430882930755615
107,44,1,Minkowski (P),0.9888018369674683,0.462937593460083,0.5258642435073853
107,44,1,Minkowski (G),0.9888018369674683,0.44587668776512146,0.5429251492023468
107,44,1,Minkowski (H),0.9888018369674683,0.5666934847831726,0.42210835218429565
107,44,1,Euclidiana (P),0.9888018369674683,0.4283198118209839,0.5604820251464844
107,44,1,Euclidiana (G),0.9888018369674683,0.4493876099586487,0.5394142270088196
107,44,1,Euclidiana (H),0.9888018369674683,0.5863013863563538,0.4025004506111145
107,44,1,Manhattan (P),0.9888018369674683,0.4384271204471588,0.5503747165203094
107,44,1,Manhattan (G),0.9888018369674683,0.6500597596168518,0.33874207735061646
107,44,1,Manhattan (H),0.9888018369674683,0.4320514500141144,0.5567503869533539
121,44,1,Minkowski (P),0.9621809124946594,0.5520473718643188,0.4101335406303406
121,44,1,Minkowski (G),0.9621809124946594,0.37745004892349243,0.584730863571167
121,44,1,Minkowski (H),0.9621809124946594,0.7099530696868896,0.2522278428077698
121,44,1,Euclidiana (P),0.9621809124946594,0.35962483286857605,0.6025560796260834
121,44,1,Euclidiana (G),0.9621809124946594,0.5006754398345947,0.4615054726600647
121,44,1,Euclidiana (H),0.9621809124946594,0.642355740070343,0.3198251724243164
121,44,1,Manhattan (P),0.9621809124946594,0.32265692949295044,0.639523983001709
121,44,1,Manhattan (G),0.9621809124946594,0.5280604362487793,0.4341204762458801
121,44,1,Manhattan (H),0.9621809124946594,0.4990462064743042,0.4631347060203552
7,45,1,Minkowski (P),0.9962260723114014,0.5735169053077698,0.4227091670036316
7,45,1,Minkowski (G),0.9962260723114014,0.7370291948318481,0.2591968774795532
7,45,1,Minkowski (H),0.9962260723114014,0.8959220051765442,0.10030406713485718
7,45,1,Euclidiana (P),0.9962260723114014,0.7694085836410522,0.22681748867034912
7,45,1,Euclidiana (G),0.9962260723114014,0.9942212104797363,0.002004861831665039
7,45,1,Euclidiana (H),0.9962260723114014,0.8084393739700317,0.18778669834136963
7,45,1,Manhattan (P),0.9962260723114014,0.341695636510849,0.6545304358005524
7,45,1,Manhattan (G),0.9962260723114014,0.8242098689079285,0.1720162034034729
7,45,1,Manhattan (H),0.9962260723114014,1.0,-0.003773927688598633
12,45,1,Minkowski (P),0.9662240147590637,0.20132537186145782,0.7648986428976059
12,45,1,Minkowski (G),0.9662240147590637,0.7205411791801453,0.24568283557891846
12,45,1,Minkowski (H),0.9662240147590637,0.8631944060325623,0.10302960872650146
12,45,1,Euclidiana (P),0.9662240147590637,0.8792264461517334,0.08699756860733032
12,45,1,Euclidiana (G),0.9662240147590637,0.5294247269630432,0.4367992877960205
12,45,1,Euclidiana (H),0.9662240147590637,0.8771889805793762,0.0890350341796875
12,45,1,Manhattan (P),0.9662240147590637,0.735527515411377,0.23069649934768677
12,45,1,Manhattan (G),0.9662240147590637,0.9395065903663635,0.026717424392700195
12,45,1,Manhattan (H),0.9662240147590637,0.6015647649765015,0.36465924978256226
42,45,1,Minkowski (P),0.9753949046134949,0.6485707759857178,0.3268241286277771
42,45,1,Minkowski (G),0.9753949046134949,0.5583531260490417,0.4170417785644531
42,45,1,Minkowski (H),0.9753949046134949,0.570319414138794,0.4050754904747009
42,45,1,Euclidiana (P),0.9753949046134949,0.3704366981983185,0.6049582064151764
42,45,1,Euclidiana (G),0.9753949046134949,0.5576921105384827,0.4177027940750122
42,45,1,Euclidiana (H),0.9753949046134949,0.35423392057418823,0.6211609840393066
42,45,1,Manhattan (P),0.9753949046134949,0.5949758291244507,0.3804190754890442
42,45,1,Manhattan (G),0.9753949046134949,0.43104737997055054,0.5443475246429443
42,45,1,Manhattan (H),0.9753949046134949,0.631064236164093,0.34433066844940186
65,45,1,Minkowski (P),0.9874076843261719,0.8430526852607727,0.14435499906539917
65,45,1,Minkowski (G),0.9874076843261719,0.6619599461555481,0.3254477381706238
65,45,1,Minkowski (H),0.9874076843261719,0.6784213185310364,0.3089863657951355
65,45,1,Euclidiana (P),0.9874076843261719,0.6826465725898743,0.3047611117362976
65,45,1,Euclidiana (G),0.9874076843261719,0.6004352569580078,0.38697242736816406
65,45,1,Euclidiana (H),0.9874076843261719,0.6642328500747681,0.3231748342514038
65,45,1,Manhattan (P),0.9874076843261719,0.6314188838005066,0.3559888005256653
65,45,1,Manhattan (G),0.9874076843261719,0.6289942264556885,0.3584134578704834
65,45,1,Manhattan (H),0.9874076843261719,0.5963066220283508,0.39110106229782104
87,45,1,Minkowski (P),0.9944756627082825,0.649905264377594,0.3445703983306885
87,45,1,Minkowski (G),0.9944756627082825,0.805469274520874,0.18900638818740845
87,45,1,Minkowski (H),0.9944756627082825,0.8407019376754761,0.1537737250328064
87,45,1,Euclidiana (P),0.9944756627082825,0.8264650702476501,0.16801059246063232
87,45,1,Euclidiana (G),0.9944756627082825,0.8612793684005737,0.13319629430770874
87,45,1,Euclidiana (H),0.9944756627082825,0.6947809457778931,0.2996947169303894
87,45,1,Manhattan (P),0.9944756627082825,0.8261225819587708,0.16835308074951172
87,45,1,Manhattan (G),0.9944756627082825,0.7040186524391174,0.29045701026916504
87,45,1,Manhattan (H),0.9944756627082825,0.6874978542327881,0.3069778084754944
93,45,1,Minkowski (P),0.9944353103637695,0.6645939350128174,0.32984137535095215
93,45,1,Minkowski (G),0.9944353103637695,0.7975893616676331,0.19684594869613647
93,45,1,Minkowski (H),0.9944353103637695,0.8004621267318726,0.19397318363189697
93,45,1,Euclidiana (P),0.9944353103637695,0.8029546141624451,0.19148069620132446
93,45,1,Euclidiana (G),0.9944353103637695,0.7948951721191406,0.1995401382446289
93,45,1,Euclidiana (H),0.9944353103637695,0.8591919541358948,0.13524335622787476
93,45,1,Manhattan (P),0.9944353103637695,0.7635444402694702,0.23089087009429932
93,45,1,Manhattan (G),0.9944353103637695,0.850283145904541,0.14415216445922852
93,45,1,Manhattan (H),0.9944353103637695,0.7715746164321899,0.2228606939315796
107,45,1,Minkowski (P),0.9439877867698669,0.35034891963005066,0.5936388671398163
107,45,1,Minkowski (G),0.9439877867698669,0.5380054712295532,0.4059823155403137
107,45,1,Minkowski (H),0.9439877867698669,0.7386721968650818,0.20531558990478516
107,45,1,Euclidiana (P),0.9439877867698669,0.7595169544219971,0.18447083234786987
107,45,1,Euclidiana (G),0.9439877867698669,0.41229552030563354,0.5316922664642334
107,45,1,Euclidiana (H),0.9439877867698669,0.7364012002944946,0.20758658647537231
107,45,1,Manhattan (P),0.9439877867698669,0.6113954782485962,0.33259230852127075
107,45,1,Manhattan (G),0.9439877867698669,0.6961590051651001,0.24782878160476685
107,45,1,Manhattan (H),0.9439877867698669,0.11976072192192078,0.8242270648479462
121,45,1,Minkowski (P),0.9140973091125488,0.208907350897789,0.7051899582147598
121,45,1,Minkowski (G),0.9140973091125488,2.6864276136961962e-08,0.9140972822482727
121,45,1,Minkowski (H),0.9140973091125488,0.4083848297595978,0.505712479352951
121,45,1,Euclidiana (P),0.9140973091125488,0.39416205883026123,0.5199352502822876
121,45,1,Euclidiana (G),0.9140973091125488,0.9545824527740479,-0.04048514366149902
121,45,1,Euclidiana (H),0.9140973091125488,0.4538908302783966,0.4602064788341522
121,45,1,Manhattan (P),0.9140973091125488,0.3788241446018219,0.5352731645107269
121,45,1,Manhattan (G),0.9140973091125488,0.670809805393219,0.24328750371932983
121,45,1,Manhattan (H),0.9140973091125488,0.6742004156112671,0.23989689350128174
