seed,branch,amostra,metrica,valor
7,mobilenet_orig,0,faithfulness,-0.08545984327793121
7,mobilenet_orig,0,robustness,3.5182900428771973
7,mobilenet_orig,0,complexity,0.624180466350391
7,mobilenet_orig,1,faithfulness,-0.2069046050310135
7,mobilenet_orig,1,robustness,2.399235725402832
7,mobilenet_orig,1,complexity,0.621675423684332
7,mobilenet_orig,2,faithfulness,0.2346634864807129
7,mobilenet_orig,2,robustness,2.0050206184387207
7,mobilenet_orig,2,complexity,0.6339535010447284
7,mobilenet_orig,3,faithfulness,0.3003009557723999
7,mobilenet_orig,3,robustness,4.986641883850098
7,mobilenet_orig,3,complexity,0.6123584977324883
7,mobilenet_orig,4,faithfulness,-0.21796627342700958
7,mobilenet_orig,4,robustness,4.882840633392334
7,mobilenet_orig,4,complexity,0.6309777843530537
7,mobilenet_orig,5,faithfulness,-0.17743079364299774
7,mobilenet_orig,5,robustness,4.433017730712891
7,mobilenet_orig,5,complexity,0.6425434538975071
7,mobilenet_orig,6,faithfulness,-0.14141473174095154
7,mobilenet_orig,6,robustness,3.352356195449829
7,mobilenet_orig,6,complexity,0.6401941688201204
7,mobilenet_orig,7,faithfulness,-0.24666661024093628
7,mobilenet_orig,7,robustness,2.007215738296509
7,mobilenet_orig,7,complexity,0.6244993041917356
7,mobilenet_orig,8,faithfulness,0.10905048996210098
7,mobilenet_orig,8,robustness,3.0417184829711914
7,mobilenet_orig,8,complexity,0.6152407572371158
7,mobilenet_orig,9,faithfulness,0.1354859322309494
7,mobilenet_orig,9,robustness,3.513836622238159
7,mobilenet_orig,9,complexity,0.6360480588730933
7,mobilenet_orig,10,faithfulness,-0.3835887014865875
7,mobilenet_orig,10,robustness,2.0647904872894287
7,mobilenet_orig,10,complexity,0.6399873162972118
7,mobilenet_orig,11,faithfulness,-0.39137059450149536
7,mobilenet_orig,11,robustness,2.228386402130127
7,mobilenet_orig,11,complexity,0.6243958982216672
7,mobilenet_orig,12,faithfulness,-0.13817313313484192
7,mobilenet_orig,12,robustness,3.6252408027648926
7,mobilenet_orig,12,complexity,0.6293553083229287
7,mobilenet_orig,13,faithfulness,0.004649832844734192
7,mobilenet_orig,13,robustness,1.6300791501998901
7,mobilenet_orig,13,complexity,0.6308701181680217
7,mobilenet_orig,14,faithfulness,-0.4134953022003174
7,mobilenet_orig,14,robustness,3.956088066101074
7,mobilenet_orig,14,complexity,0.6044131890879352
7,mobilenet_orig,15,faithfulness,0.05698482692241669
7,mobilenet_orig,15,robustness,3.694230794906616
7,mobilenet_orig,15,complexity,0.6362168759046548
7,mobilenet_orig,16,faithfulness,-0.05662066489458084
7,mobilenet_orig,16,robustness,3.5552303791046143
7,mobilenet_orig,16,complexity,0.630181707460062
7,mobilenet_orig,17,faithfulness,-0.09516959637403488
7,mobilenet_orig,17,robustness,4.4483795166015625
7,mobilenet_orig,17,complexity,0.6198087892632721
7,mobilenet_orig,18,faithfulness,-0.05190816521644592
7,mobilenet_orig,18,robustness,5.399150848388672
7,mobilenet_orig,18,complexity,0.6315667996520214
7,mobilenet_orig,19,faithfulness,-0.3227522373199463
7,mobilenet_orig,19,robustness,3.0234384536743164
7,mobilenet_orig,19,complexity,0.6433541872906985
7,mobilenet_orig,20,faithfulness,0.07035312056541443
7,mobilenet_orig,20,robustness,7.092109203338623
7,mobilenet_orig,20,complexity,0.6358051047941521
7,mobilenet_orig,21,faithfulness,-0.08478298783302307
7,mobilenet_orig,21,robustness,5.0613555908203125
7,mobilenet_orig,21,complexity,0.6307824034807115
7,mobilenet_orig,22,faithfulness,-0.21697258949279785
7,mobilenet_orig,22,robustness,1.6832549571990967
7,mobilenet_orig,22,complexity,0.6494576595505472
7,mobilenet_orig,23,faithfulness,-0.20936590433120728
7,mobilenet_orig,23,robustness,2.8550002574920654
7,mobilenet_orig,23,complexity,0.6306555469285938
7,mobilenet_orig,24,faithfulness,0.07465438544750214
7,mobilenet_orig,24,robustness,1.526872992515564
7,mobilenet_orig,24,complexity,0.6500298013021
7,mobilenet_orig,25,faithfulness,-0.017914939671754837
7,mobilenet_orig,25,robustness,2.9368739128112793
7,mobilenet_orig,25,complexity,0.6741789806596709
7,mobilenet_orig,26,faithfulness,-0.049040280282497406
7,mobilenet_orig,26,robustness,1.1102118492126465
7,mobilenet_orig,26,complexity,0.6367210207342435
7,mobilenet_orig,27,faithfulness,0.1319642961025238
7,mobilenet_orig,27,robustness,2.1521670818328857
7,mobilenet_orig,27,complexity,0.6321482733340886
7,mobilenet_orig,28,faithfulness,0.03605217486619949
7,mobilenet_orig,28,robustness,5.1614155769348145
7,mobilenet_orig,28,complexity,0.63716613947232
7,mobilenet_orig,29,faithfulness,0.08960042148828506
7,mobilenet_orig,29,robustness,3.2647573947906494
7,mobilenet_orig,29,complexity,0.6414837149795554
7,mobilenet_orig,30,faithfulness,-0.04555414617061615
7,mobilenet_orig,30,robustness,3.2677693367004395
7,mobilenet_orig,30,complexity,0.6407329233389739
7,mobilenet_orig,31,faithfulness,-0.1251070350408554
7,mobilenet_orig,31,robustness,4.005588054656982
7,mobilenet_orig,31,complexity,0.6366356621081365
7,mobilenet_orig,32,faithfulness,-0.23243311047554016
7,mobilenet_orig,32,robustness,1.9999189376831055
7,mobilenet_orig,32,complexity,0.6269230067100051
7,mobilenet_orig,33,faithfulness,0.10513582825660706
7,mobilenet_orig,33,robustness,1.4735956192016602
7,mobilenet_orig,33,complexity,0.6087918762908766
7,mobilenet_orig,34,faithfulness,0.2685282528400421
7,mobilenet_orig,34,robustness,1.8660284280776978
7,mobilenet_orig,34,complexity,0.6158769588581399
7,mobilenet_orig,35,faithfulness,-0.0661778375506401
7,mobilenet_orig,35,robustness,2.8274030685424805
7,mobilenet_orig,35,complexity,0.6222491690454021
7,mobilenet_orig,36,faithfulness,0.24554014205932617
7,mobilenet_orig,36,robustness,2.269676446914673
7,mobilenet_orig,36,complexity,0.6115093657264093
7,mobilenet_orig,37,faithfulness,-0.1747550368309021
7,mobilenet_orig,37,robustness,2.287301540374756
7,mobilenet_orig,37,complexity,0.6518929913895071
7,mobilenet_orig,38,faithfulness,-0.285118967294693
7,mobilenet_orig,38,robustness,2.745603084564209
7,mobilenet_orig,38,complexity,0.6512782937140276
7,mobilenet_orig,39,faithfulness,0.21159273386001587
7,mobilenet_orig,39,robustness,1.608911395072937
7,mobilenet_orig,39,complexity,0.6540766695142327
7,mobilenet_orig,40,faithfulness,0.2567322254180908
7,mobilenet_orig,40,robustness,1.7976360321044922
7,mobilenet_orig,40,complexity,0.6235736132618616
7,mobilenet_orig,41,faithfulness,0.14123991131782532
7,mobilenet_orig,41,robustness,2.8664169311523438
7,mobilenet_orig,41,complexity,0.6292583809051234
7,mobilenet_orig,42,faithfulness,-0.03491088002920151
7,mobilenet_orig,42,robustness,3.7962822914123535
7,mobilenet_orig,42,complexity,0.6166723624347049
7,mobilenet_orig,43,faithfulness,-0.22285977005958557
7,mobilenet_orig,43,robustness,3.6719675064086914
7,mobilenet_orig,43,complexity,0.6152415808382126
7,mobilenet_orig,44,faithfulness,0.21513622999191284
7,mobilenet_orig,44,robustness,3.3047256469726562
7,mobilenet_orig,44,complexity,0.6148595709572853
7,mobilenet_orig,45,faithfulness,0.1928623467683792
7,mobilenet_orig,45,robustness,3.5862486362457275
7,mobilenet_orig,45,complexity,0.6480312780041477
7,mobilenet_recplot,0,faithfulness,-0.10469146817922592
7,mobilenet_recplot,0,robustness,1.954146385192871
7,mobilenet_recplot,0,complexity,0.6430706291655767
7,mobilenet_recplot,1,faithfulness,0.1412840485572815
7,mobilenet_recplot,1,robustness,1.9653338193893433
7,mobilenet_recplot,1,complexity,0.6414752780584967
7,mobilenet_recplot,2,faithfulness,0.03271707892417908
7,mobilenet_recplot,2,robustness,1.4523946046829224
7,mobilenet_recplot,2,complexity,0.657168514776504
7,mobilenet_recplot,3,faithfulness,-0.1619304120540619
7,mobilenet_recplot,3,robustness,2.3723390102386475
7,mobilenet_recplot,3,complexity,0.6407715590440687
7,mobilenet_recplot,4,faithfulness,-0.02072591707110405
7,mobilenet_recplot,4,robustness,1.6404902935028076
7,mobilenet_recplot,4,complexity,0.6219224551228288
7,mobilenet_recplot,5,faithfulness,-0.03997265547513962
7,mobilenet_recplot,5,robustness,2.1901063919067383
7,mobilenet_recplot,5,complexity,0.6481354354844567
7,mobilenet_recplot,6,faithfulness,0.05855180323123932
7,mobilenet_recplot,6,robustness,1.4708187580108643
7,mobilenet_recplot,6,complexity,0.6506070830832934
7,mobilenet_recplot,7,faithfulness,-0.40156352519989014
7,mobilenet_recplot,7,robustness,1.3846442699432373
7,mobilenet_recplot,7,complexity,0.6352835304860207
7,mobilenet_recplot,8,faithfulness,-0.18396733701229095
7,mobilenet_recplot,8,robustness,1.4662187099456787
7,mobilenet_recplot,8,complexity,0.6620963908462456
7,mobilenet_recplot,9,faithfulness,0.22847913205623627
7,mobilenet_recplot,9,robustness,1.7349021434783936
7,mobilenet_recplot,9,complexity,0.6531246742651681
7,mobilenet_recplot,10,faithfulness,-0.10917651653289795
7,mobilenet_recplot,10,robustness,2.2195377349853516
7,mobilenet_recplot,10,complexity,0.6410079184745813
7,mobilenet_recplot,11,faithfulness,-0.043894775211811066
7,mobilenet_recplot,11,robustness,1.5541670322418213
7,mobilenet_recplot,11,complexity,0.6231106014567004
7,mobilenet_recplot,12,faithfulness,-0.02859959751367569
7,mobilenet_recplot,12,robustness,1.6218695640563965
7,mobilenet_recplot,12,complexity,0.6375738311707813
7,mobilenet_recplot,13,faithfulness,-0.1259220987558365
7,mobilenet_recplot,13,robustness,1.5713286399841309
7,mobilenet_recplot,13,complexity,0.648323662202643
7,mobilenet_recplot,14,faithfulness,-0.15921467542648315
7,mobilenet_recplot,14,robustness,2.2773101329803467
7,mobilenet_recplot,14,complexity,0.6422103746851421
7,mobilenet_recplot,15,faithfulness,-0.11833611875772476
7,mobilenet_recplot,15,robustness,2.3504269123077393
7,mobilenet_recplot,15,complexity,0.6615825307612894
7,mobilenet_recplot,16,faithfulness,-0.2676209807395935
7,mobilenet_recplot,16,robustness,1.7740373611450195
7,mobilenet_recplot,16,complexity,0.6527901020847694
7,mobilenet_recplot,17,faithfulness,-0.21259737014770508
7,mobilenet_recplot,17,robustness,1.6941885948181152
7,mobilenet_recplot,17,complexity,0.6252987794168534
7,mobilenet_recplot,18,faithfulness,-0.032874055206775665
7,mobilenet_recplot,18,robustness,1.9033091068267822
7,mobilenet_recplot,18,complexity,0.6357739232532498
7,mobilenet_recplot,19,faithfulness,0.025362689048051834
7,mobilenet_recplot,19,robustness,3.7379791736602783
7,mobilenet_recplot,19,complexity,0.64264520094978
7,mobilenet_recplot,20,faithfulness,0.009332537651062012
7,mobilenet_recplot,20,robustness,1.446803092956543
7,mobilenet_recplot,20,complexity,0.65397669376588
7,mobilenet_recplot,21,faithfulness,-0.07272421568632126
7,mobilenet_recplot,21,robustness,1.8293863534927368
7,mobilenet_recplot,21,complexity,0.6255063788591622
7,mobilenet_recplot,22,faithfulness,-0.3736358880996704
7,mobilenet_recplot,22,robustness,1.2668973207473755
7,mobilenet_recplot,22,complexity,0.6534922657697796
7,mobilenet_recplot,23,faithfulness,0.01626884937286377
7,mobilenet_recplot,23,robustness,1.519163966178894
7,mobilenet_recplot,23,complexity,0.6648105592459639
7,mobilenet_recplot,24,faithfulness,-0.11265812814235687
7,mobilenet_recplot,24,robustness,1.3943005800247192
7,mobilenet_recplot,24,complexity,0.6530766475808079
7,mobilenet_recplot,25,faithfulness,-0.13699549436569214
7,mobilenet_recplot,25,robustness,1.5615345239639282
7,mobilenet_recplot,25,complexity,0.6063728907029758
7,mobilenet_recplot,26,faithfulness,0.10684660077095032
7,mobilenet_recplot,26,robustness,1.550976276397705
7,mobilenet_recplot,26,complexity,0.6480910475895579
7,mobilenet_recplot,27,faithfulness,-0.18820519745349884
7,mobilenet_recplot,27,robustness,1.5114275217056274
7,mobilenet_recplot,27,complexity,0.6334490207724267
7,mobilenet_recplot,28,faithfulness,0.26043349504470825
7,mobilenet_recplot,28,robustness,2.394240379333496
7,mobilenet_recplot,28,complexity,0.612119027115902
7,mobilenet_recplot,29,faithfulness,-0.21421855688095093
7,mobilenet_recplot,29,robustness,2.472219467163086
7,mobilenet_recplot,29,complexity,0.6170598166562915
7,mobilenet_recplot,30,faithfulness,0.28426429629325867
7,mobilenet_recplot,30,robustness,2.5543837547302246
7,mobilenet_recplot,30,complexity,0.6293012893426078
7,mobilenet_recplot,31,faithfulness,-0.02033112198114395
7,mobilenet_recplot,31,robustness,1.471792221069336
7,mobilenet_recplot,31,complexity,0.5861943041527233
7,mobilenet_recplot,32,faithfulness,0.20953594148159027
7,mobilenet_recplot,32,robustness,1.3505421876907349
7,mobilenet_recplot,32,complexity,0.5860128782215787
7,mobilenet_recplot,33,faithfulness,-0.0836619883775711
7,mobilenet_recplot,33,robustness,1.5231152772903442
7,mobilenet_recplot,33,complexity,0.659999882815031
7,mobilenet_recplot,34,faithfulness,-0.21890601515769958
7,mobilenet_recplot,34,robustness,1.3544682264328003
7,mobilenet_recplot,34,complexity,0.6161460485482807
7,mobilenet_recplot,35,faithfulness,-0.2667207419872284
7,mobilenet_recplot,35,robustness,1.350948691368103
7,mobilenet_recplot,35,complexity,0.6268334967981196
7,mobilenet_recplot,36,faithfulness,-0.07573718577623367
7,mobilenet_recplot,36,robustness,1.5945425033569336
7,mobilenet_recplot,36,complexity,0.6257518742638454
7,mobilenet_recplot,37,faithfulness,0.23521959781646729
7,mobilenet_recplot,37,robustness,1.5644888877868652
7,mobilenet_recplot,37,complexity,0.6547478097950242
7,mobilenet_recplot,38,faithfulness,0.09085065871477127
7,mobilenet_recplot,38,robustness,1.4488352537155151
7,mobilenet_recplot,38,complexity,0.6431168495361217
7,mobilenet_recplot,39,faithfulness,-0.25743046402931213
7,mobilenet_recplot,39,robustness,1.4851138591766357
7,mobilenet_recplot,39,complexity,0.6499495000810906
7,mobilenet_recplot,40,faithfulness,-0.3679889440536499
7,mobilenet_recplot,40,robustness,1.4582375288009644
7,mobilenet_recplot,40,complexity,0.6290656054067978
7,mobilenet_recplot,41,faithfulness,-0.21996749937534332
7,mobilenet_recplot,41,robustness,1.3295786380767822
7,mobilenet_recplot,41,complexity,0.6335914747780367
7,mobilenet_recplot,42,faithfulness,-0.07480432093143463
7,mobilenet_recplot,42,robustness,1.3658586740493774
7,mobilenet_recplot,42,complexity,0.6405529206510392
7,mobilenet_recplot,43,faithfulness,0.12890207767486572
7,mobilenet_recplot,43,robustness,1.9048187732696533
7,mobilenet_recplot,43,complexity,0.6566484561916016
7,mobilenet_recplot,44,faithfulness,-0.3443843126296997
7,mobilenet_recplot,44,robustness,1.5046130418777466
7,mobilenet_recplot,44,complexity,0.6508699545261025
7,mobilenet_recplot,45,faithfulness,-0.07556410133838654
7,mobilenet_recplot,45,robustness,1.4652951955795288
7,mobilenet_recplot,45,complexity,0.6151057391238451
7,effnet_orig,0,faithfulness,-0.05108121037483215
7,effnet_orig,0,robustness,335.20404052734375
7,effnet_orig,0,complexity,0.6548586836659723
7,effnet_orig,1,faithfulness,0.032672930508852005
7,effnet_orig,1,robustness,225.28619384765625
7,effnet_orig,1,complexity,0.6210837799273657
7,effnet_orig,2,faithfulness,0.16913968324661255
7,effnet_orig,2,robustness,47.314048767089844
7,effnet_orig,2,complexity,0.6192593779080581
7,effnet_orig,3,faithfulness,-0.28243136405944824
7,effnet_orig,3,robustness,7.052626132965088
7,effnet_orig,3,complexity,0.63851850681917
7,effnet_orig,4,faithfulness,-0.040528714656829834
7,effnet_orig,4,robustness,1.1868842840194702
7,effnet_orig,4,complexity,0.5790567014858485
7,effnet_orig,5,faithfulness,-0.03960910439491272
7,effnet_orig,5,robustness,1322.931396484375
7,effnet_orig,5,complexity,0.6040032109409299
7,effnet_orig,6,faithfulness,-0.21134530007839203
7,effnet_orig,6,robustness,358.24017333984375
7,effnet_orig,6,complexity,0.6464649501617448
7,effnet_orig,7,faithfulness,0.11648723483085632
7,effnet_orig,7,robustness,7.8471574783325195
7,effnet_orig,7,complexity,0.6036526639320507
7,effnet_orig,8,faithfulness,0.09030333906412125
7,effnet_orig,8,robustness,78.00983428955078
7,effnet_orig,8,complexity,0.5839833378800992
7,effnet_orig,9,faithfulness,0.20438289642333984
7,effnet_orig,9,robustness,56.77550506591797
7,effnet_orig,9,complexity,0.6095907033720316
7,effnet_orig,10,faithfulness,0.03179481625556946
7,effnet_orig,10,robustness,42.173736572265625
7,effnet_orig,10,complexity,0.6205079780964116
7,effnet_orig,11,faithfulness,-0.1980542242527008
7,effnet_orig,11,robustness,2.054107427597046
7,effnet_orig,11,complexity,0.546663238116272
7,effnet_orig,12,faithfulness,0.12739616632461548
7,effnet_orig,12,robustness,1199.555419921875
7,effnet_orig,12,complexity,0.6049330815833847
7,effnet_orig,13,faithfulness,0.0900542140007019
7,effnet_orig,13,robustness,901.5752563476562
7,effnet_orig,13,complexity,0.589149026563572
7,effnet_orig,14,faithfulness,0.008398935198783875
7,effnet_orig,14,robustness,1.4946097135543823
7,effnet_orig,14,complexity,0.6218026215864874
7,effnet_orig,15,faithfulness,-0.06924034655094147
7,effnet_orig,15,robustness,97.10934448242188
7,effnet_orig,15,complexity,0.6037216763629072
7,effnet_orig,16,faithfulness,-0.4728630781173706
7,effnet_orig,16,robustness,1.1644623279571533
7,effnet_orig,16,complexity,0.5612398790083974
7,effnet_orig,17,faithfulness,0.12733739614486694
7,effnet_orig,17,robustness,83.19918823242188
7,effnet_orig,17,complexity,0.5584156415008283
7,effnet_orig,18,faithfulness,0.16582752764225006
7,effnet_orig,18,robustness,9.837709426879883
7,effnet_orig,18,complexity,0.6560039933642677
7,effnet_orig,19,faithfulness,-0.0879293829202652
7,effnet_orig,19,robustness,303.4871520996094
7,effnet_orig,19,complexity,0.6287714152726239
7,effnet_orig,20,faithfulness,-0.21816414594650269
7,effnet_orig,20,robustness,3.553431272506714
7,effnet_orig,20,complexity,0.6057985350898709
7,effnet_orig,21,faithfulness,-0.09130978584289551
7,effnet_orig,21,robustness,474.8661193847656
7,effnet_orig,21,complexity,0.5982224670170071
7,effnet_orig,22,faithfulness,-0.2654564380645752
7,effnet_orig,22,robustness,14.068952560424805
7,effnet_orig,22,complexity,0.5830187210321686
7,effnet_orig,23,faithfulness,0.0007766634225845337
7,effnet_orig,23,robustness,1103.3056640625
7,effnet_orig,23,complexity,0.6718297255728921
7,effnet_orig,24,faithfulness,0.03234715759754181
7,effnet_orig,24,robustness,6642.80322265625
7,effnet_orig,24,complexity,0.5557532859158015
7,effnet_orig,25,faithfulness,-0.024398747831583023
7,effnet_orig,25,robustness,5.351974964141846
7,effnet_orig,25,complexity,0.6057415612245972
7,effnet_orig,26,faithfulness,-0.26656433939933777
7,effnet_orig,26,robustness,1.0049234628677368
7,effnet_orig,26,complexity,0.5368283788706751
7,effnet_orig,27,faithfulness,0.006372727453708649
7,effnet_orig,27,robustness,6.818104267120361
7,effnet_orig,27,complexity,0.5612019805013295
7,effnet_orig,28,faithfulness,0.1939951777458191
7,effnet_orig,28,robustness,81.300048828125
7,effnet_orig,28,complexity,0.6199972744641782
7,effnet_orig,29,faithfulness,-0.2890007793903351
7,effnet_orig,29,robustness,1.8983412981033325
7,effnet_orig,29,complexity,0.5865223997372236
7,effnet_orig,30,faithfulness,0.11780927330255508
7,effnet_orig,30,robustness,315.45172119140625
7,effnet_orig,30,complexity,0.6037906352232443
7,effnet_orig,31,faithfulness,-0.062407366931438446
7,effnet_orig,31,robustness,124.47093963623047
7,effnet_orig,31,complexity,0.5961054325226854
7,effnet_orig,32,faithfulness,0.23543907701969147
7,effnet_orig,32,robustness,174.0154266357422
7,effnet_orig,32,complexity,0.5804924781686716
7,effnet_orig,33,faithfulness,-0.009979650378227234
7,effnet_orig,33,robustness,13.217485427856445
7,effnet_orig,33,complexity,0.5418849226005601
7,effnet_orig,34,faithfulness,-0.006930679082870483
7,effnet_orig,34,robustness,73.81555938720703
7,effnet_orig,34,complexity,0.6339934287383641
7,effnet_orig,35,faithfulness,0.08575092256069183
7,effnet_orig,35,robustness,182.72911071777344
7,effnet_orig,35,complexity,0.576619948788047
7,effnet_orig,36,faithfulness,-0.006733367219567299
7,effnet_orig,36,robustness,49.57096481323242
7,effnet_orig,36,complexity,0.582458891138033
7,effnet_orig,37,faithfulness,-0.21139949560165405
7,effnet_orig,37,robustness,22.812820434570312
7,effnet_orig,37,complexity,0.6146923184376577
7,effnet_orig,38,faithfulness,0.14361831545829773
7,effnet_orig,38,robustness,13.639476776123047
7,effnet_orig,38,complexity,0.5652554641825456
7,effnet_orig,39,faithfulness,0.11899726092815399
7,effnet_orig,39,robustness,1.2957693338394165
7,effnet_orig,39,complexity,0.573812096322833
7,effnet_orig,40,faithfulness,0.0038276277482509613
7,effnet_orig,40,robustness,8.681525230407715
7,effnet_orig,40,complexity,0.5875054614585485
7,effnet_orig,41,faithfulness,0.22521354258060455
7,effnet_orig,41,robustness,80.96891784667969
7,effnet_orig,41,complexity,0.5955621466819947
7,effnet_orig,42,faithfulness,-0.18849796056747437
7,effnet_orig,42,robustness,5.747341632843018
7,effnet_orig,42,complexity,0.5761871823320159
7,effnet_orig,43,faithfulness,-0.27101337909698486
7,effnet_orig,43,robustness,35.38849639892578
7,effnet_orig,43,complexity,0.5896797726016428
7,effnet_orig,44,faithfulness,-0.15789586305618286
7,effnet_orig,44,robustness,4406.92724609375
7,effnet_orig,44,complexity,0.5886829197332758
7,effnet_orig,45,faithfulness,-0.003823518753051758
7,effnet_orig,45,robustness,12.931079864501953
7,effnet_orig,45,complexity,0.5847605807453753
7,effnet_recplot,0,faithfulness,-0.27588531374931335
7,effnet_recplot,0,robustness,240.80908203125
7,effnet_recplot,0,complexity,0.6564039693345776
7,effnet_recplot,1,faithfulness,-0.11482973396778107
7,effnet_recplot,1,robustness,2360.326904296875
7,effnet_recplot,1,complexity,0.6127843209181449
7,effnet_recplot,2,faithfulness,0.17873743176460266
7,effnet_recplot,2,robustness,1515.8245849609375
7,effnet_recplot,2,complexity,0.5971829776473057
7,effnet_recplot,3,faithfulness,-0.009244948625564575
7,effnet_recplot,3,robustness,251.1023712158203
7,effnet_recplot,3,complexity,0.5942858508592154
7,effnet_recplot,4,faithfulness,0.01813957840204239
7,effnet_recplot,4,robustness,1.3581217527389526
7,effnet_recplot,4,complexity,0.6374991938572824
7,effnet_recplot,5,faithfulness,0.14399723708629608
7,effnet_recplot,5,robustness,196.73672485351562
7,effnet_recplot,5,complexity,0.604704578371087
7,effnet_recplot,6,faithfulness,0.1383732557296753
7,effnet_recplot,6,robustness,52.27640914916992
7,effnet_recplot,6,complexity,0.6527720112649407
7,effnet_recplot,7,faithfulness,-0.03273584693670273
7,effnet_recplot,7,robustness,265.0447692871094
7,effnet_recplot,7,complexity,0.6222658563940688
7,effnet_recplot,8,faithfulness,0.00744117796421051
7,effnet_recplot,8,robustness,65.63583374023438
7,effnet_recplot,8,complexity,0.6800529210207031
7,effnet_recplot,9,faithfulness,-0.3122048079967499
7,effnet_recplot,9,robustness,52.62087631225586
7,effnet_recplot,9,complexity,0.5967463493658558
7,effnet_recplot,10,faithfulness,0.23345530033111572
7,effnet_recplot,10,robustness,93.98937225341797
7,effnet_recplot,10,complexity,0.60950240895036
7,effnet_recplot,11,faithfulness,-0.04222679138183594
7,effnet_recplot,11,robustness,330.2042236328125
7,effnet_recplot,11,complexity,0.5583762004768518
7,effnet_recplot,12,faithfulness,0.34057101607322693
7,effnet_recplot,12,robustness,419.4958190917969
7,effnet_recplot,12,complexity,0.6141356967025281
7,effnet_recplot,13,faithfulness,-0.1466739922761917
7,effnet_recplot,13,robustness,834.0482788085938
7,effnet_recplot,13,complexity,0.6334616450381009
7,effnet_recplot,14,faithfulness,0.10551241785287857
7,effnet_recplot,14,robustness,273.5258483886719
7,effnet_recplot,14,complexity,0.6222277456271414
7,effnet_recplot,15,faithfulness,0.14579908549785614
7,effnet_recplot,15,robustness,9.567055702209473
7,effnet_recplot,15,complexity,0.6417643166364988
7,effnet_recplot,16,faithfulness,0.2195666879415512
7,effnet_recplot,16,robustness,427.30535888671875
7,effnet_recplot,16,complexity,0.633649267841742
7,effnet_recplot,17,faithfulness,-0.14341525733470917
7,effnet_recplot,17,robustness,3744.511962890625
7,effnet_recplot,17,complexity,0.607140347858438
7,effnet_recplot,18,faithfulness,0.009817138314247131
7,effnet_recplot,18,robustness,45.69112777709961
7,effnet_recplot,18,complexity,0.6213359280356324
7,effnet_recplot,19,faithfulness,0.030232474207878113
7,effnet_recplot,19,robustness,127.56158447265625
7,effnet_recplot,19,complexity,0.6715092917404369
7,effnet_recplot,20,faithfulness,0.3197457790374756
7,effnet_recplot,20,robustness,1023.3825073242188
7,effnet_recplot,20,complexity,0.6267674364604875
7,effnet_recplot,21,faithfulness,0.0966053456068039
7,effnet_recplot,21,robustness,52.3716926574707
7,effnet_recplot,21,complexity,0.6542529853635708
7,effnet_recplot,22,faithfulness,0.17102673649787903
7,effnet_recplot,22,robustness,300.6426086425781
7,effnet_recplot,22,complexity,0.589276200551329
7,effnet_recplot,23,faithfulness,0.17759355902671814
7,effnet_recplot,23,robustness,101.70635223388672
7,effnet_recplot,23,complexity,0.6157923513009514
7,effnet_recplot,24,faithfulness,-0.1636112630367279
7,effnet_recplot,24,robustness,51.94608688354492
7,effnet_recplot,24,complexity,0.6590035546364841
7,effnet_recplot,25,faithfulness,-0.13298922777175903
7,effnet_recplot,25,robustness,36.14093780517578
7,effnet_recplot,25,complexity,0.595746688971696
7,effnet_recplot,26,faithfulness,-0.13444958627223969
7,effnet_recplot,26,robustness,30.61676597595215
7,effnet_recplot,26,complexity,0.6070142389019981
7,effnet_recplot,27,faithfulness,0.05848991870880127
7,effnet_recplot,27,robustness,233.97154235839844
7,effnet_recplot,27,complexity,0.6187422157845316
7,effnet_recplot,28,faithfulness,0.11305878311395645
7,effnet_recplot,28,robustness,719.2744140625
7,effnet_recplot,28,complexity,0.5846032733348249
7,effnet_recplot,29,faithfulness,0.12281946837902069
7,effnet_recplot,29,robustness,1.1103142499923706
7,effnet_recplot,29,complexity,0.5696804105357787
7,effnet_recplot,30,faithfulness,0.07022525370121002
7,effnet_recplot,30,robustness,1.3926981687545776
7,effnet_recplot,30,complexity,0.6166501826799256
7,effnet_recplot,31,faithfulness,0.19492509961128235
7,effnet_recplot,31,robustness,70.86202239990234
7,effnet_recplot,31,complexity,0.5844158540918788
7,effnet_recplot,32,faithfulness,0.02485445886850357
7,effnet_recplot,32,robustness,23.16946029663086
7,effnet_recplot,32,complexity,0.6111457705863576
7,effnet_recplot,33,faithfulness,-0.23703163862228394
7,effnet_recplot,33,robustness,227.00804138183594
7,effnet_recplot,33,complexity,0.6448981546059677
7,effnet_recplot,34,faithfulness,0.058705635368824005
7,effnet_recplot,34,robustness,245.21603393554688
7,effnet_recplot,34,complexity,0.6368424220206028
7,effnet_recplot,35,faithfulness,-0.29933154582977295
7,effnet_recplot,35,robustness,6.439931869506836
7,effnet_recplot,35,complexity,0.6027288271027592
7,effnet_recplot,36,faithfulness,0.07816071808338165
7,effnet_recplot,36,robustness,174.01593017578125
7,effnet_recplot,36,complexity,0.6151323352666467
7,effnet_recplot,37,faithfulness,-0.007923267781734467
7,effnet_recplot,37,robustness,47.190032958984375
7,effnet_recplot,37,complexity,0.6477537063278417
7,effnet_recplot,38,faithfulness,-0.11487460881471634
7,effnet_recplot,38,robustness,102.42847442626953
7,effnet_recplot,38,complexity,0.6041017174672201
7,effnet_recplot,39,faithfulness,-0.17899848520755768
7,effnet_recplot,39,robustness,1.018090009689331
7,effnet_recplot,39,complexity,0.6692876965644202
7,effnet_recplot,40,faithfulness,-0.1314331442117691
7,effnet_recplot,40,robustness,84.54830169677734
7,effnet_recplot,40,complexity,0.6052262149028375
7,effnet_recplot,41,faithfulness,0.045533694326877594
7,effnet_recplot,41,robustness,4.939512252807617
7,effnet_recplot,41,complexity,0.6358050142909925
7,effnet_recplot,42,faithfulness,-0.5018777847290039
7,effnet_recplot,42,robustness,51.76439666748047
7,effnet_recplot,42,complexity,0.6207470444118209
7,effnet_recplot,43,faithfulness,0.2694043219089508
7,effnet_recplot,43,robustness,3.874220132827759
7,effnet_recplot,43,complexity,0.6342934752862331
7,effnet_recplot,44,faithfulness,0.2574078440666199
7,effnet_recplot,44,robustness,757.1802368164062
7,effnet_recplot,44,complexity,0.6135732162160995
7,effnet_recplot,45,faithfulness,-0.1794656217098236
7,effnet_recplot,45,robustness,15.280137062072754
7,effnet_recplot,45,complexity,0.6165191845232244
12,mobilenet_orig,0,faithfulness,-0.15912020206451416
12,mobilenet_orig,0,robustness,1.2640867233276367
12,mobilenet_orig,0,complexity,0.6364712048208512
12,mobilenet_orig,1,faithfulness,-0.26987797021865845
12,mobilenet_orig,1,robustness,1.1208921670913696
12,mobilenet_orig,1,complexity,0.6261188072472538
12,mobilenet_orig,2,faithfulness,-0.0129215307533741
12,mobilenet_orig,2,robustness,1.1402136087417603
12,mobilenet_orig,2,complexity,0.6446556248994745
12,mobilenet_orig,3,faithfulness,-0.04751861095428467
12,mobilenet_orig,3,robustness,1.5184389352798462
12,mobilenet_orig,3,complexity,0.6373907481887074
12,mobilenet_orig,4,faithfulness,-0.03434741497039795
12,mobilenet_orig,4,robustness,1.6721910238265991
12,mobilenet_orig,4,complexity,0.6388060296641795
12,mobilenet_orig,5,faithfulness,0.4148237705230713
12,mobilenet_orig,5,robustness,1.4665199518203735
12,mobilenet_orig,5,complexity,0.653174813972115
12,mobilenet_orig,6,faithfulness,0.16124895215034485
12,mobilenet_orig,6,robustness,1.7476242780685425
12,mobilenet_orig,6,complexity,0.6403767612882475
12,mobilenet_orig,7,faithfulness,0.09454727172851562
12,mobilenet_orig,7,robustness,1.3002434968948364
12,mobilenet_orig,7,complexity,0.6517900327808542
12,mobilenet_orig,8,faithfulness,0.3056224584579468
12,mobilenet_orig,8,robustness,1.2327667474746704
12,mobilenet_orig,8,complexity,0.6276080397911181
12,mobilenet_orig,9,faithfulness,-0.08109258860349655
12,mobilenet_orig,9,robustness,1.9194732904434204
12,mobilenet_orig,9,complexity,0.6283409001663777
12,mobilenet_orig,10,faithfulness,0.18861356377601624
12,mobilenet_orig,10,robustness,1.2355384826660156
12,mobilenet_orig,10,complexity,0.6607583585260757
12,mobilenet_orig,11,faithfulness,0.08047271519899368
12,mobilenet_orig,11,robustness,1.0828132629394531
12,mobilenet_orig,11,complexity,0.6389932049215751
12,mobilenet_orig,12,faithfulness,0.040283627808094025
12,mobilenet_orig,12,robustness,1.4288432598114014
12,mobilenet_orig,12,complexity,0.6299047301008331
12,mobilenet_orig,13,faithfulness,0.011610854417085648
12,mobilenet_orig,13,robustness,1.3371226787567139
12,mobilenet_orig,13,complexity,0.6348192259192067
12,mobilenet_orig,14,faithfulness,-0.22430825233459473
12,mobilenet_orig,14,robustness,1.3391977548599243
12,mobilenet_orig,14,complexity,0.5928479074422702
12,mobilenet_orig,15,faithfulness,-0.1401311606168747
12,mobilenet_orig,15,robustness,1.2704472541809082
12,mobilenet_orig,15,complexity,0.6386409022477005
12,mobilenet_orig,16,faithfulness,0.038422033190727234
12,mobilenet_orig,16,robustness,1.496354579925537
12,mobilenet_orig,16,complexity,0.6366846327443211
12,mobilenet_orig,17,faithfulness,-0.08237890899181366
12,mobilenet_orig,17,robustness,1.6666748523712158
12,mobilenet_orig,17,complexity,0.6201761644762384
12,mobilenet_orig,18,faithfulness,-0.1578720510005951
12,mobilenet_orig,18,robustness,1.3025621175765991
12,mobilenet_orig,18,complexity,0.6266477235089346
12,mobilenet_orig,19,faithfulness,-0.12339317798614502
12,mobilenet_orig,19,robustness,1.1546757221221924
12,mobilenet_orig,19,complexity,0.6516385152281231
12,mobilenet_orig,20,faithfulness,-0.3216603994369507
12,mobilenet_orig,20,robustness,1.5414758920669556
12,mobilenet_orig,20,complexity,0.6371007356303277
12,mobilenet_orig,21,faithfulness,-0.42038053274154663
12,mobilenet_orig,21,robustness,1.80730140209198
12,mobilenet_orig,21,complexity,0.629620842535686
12,mobilenet_orig,22,faithfulness,-0.10719790309667587
12,mobilenet_orig,22,robustness,1.2741587162017822
12,mobilenet_orig,22,complexity,0.6560896614954375
12,mobilenet_orig,23,faithfulness,0.07260516285896301
12,mobilenet_orig,23,robustness,1.321247935295105
12,mobilenet_orig,23,complexity,0.6284443041122487
12,mobilenet_orig,24,faithfulness,0.12519370019435883
12,mobilenet_orig,24,robustness,1.4297508001327515
12,mobilenet_orig,24,complexity,0.6117635532262461
12,mobilenet_orig,25,faithfulness,0.05329539626836777
12,mobilenet_orig,25,robustness,1.708940029144287
12,mobilenet_orig,25,complexity,0.6310202159101753
12,mobilenet_orig,26,faithfulness,0.145610511302948
12,mobilenet_orig,26,robustness,1.0528448820114136
12,mobilenet_orig,26,complexity,0.6211775217949356
12,mobilenet_orig,27,faithfulness,0.4498434066772461
12,mobilenet_orig,27,robustness,1.4659799337387085
12,mobilenet_orig,27,complexity,0.6222757404667635
12,mobilenet_orig,28,faithfulness,0.41688889265060425
12,mobilenet_orig,28,robustness,1.53704833984375
12,mobilenet_orig,28,complexity,0.6301322627338813
12,mobilenet_orig,29,faithfulness,-0.08702079951763153
12,mobilenet_orig,29,robustness,1.437808871269226
12,mobilenet_orig,29,complexity,0.6363766370827197
12,mobilenet_orig,30,faithfulness,-0.21076741814613342
12,mobilenet_orig,30,robustness,1.3557014465332031
12,mobilenet_orig,30,complexity,0.6358788051896411
12,mobilenet_orig,31,faithfulness,0.21298640966415405
12,mobilenet_orig,31,robustness,1.4014779329299927
12,mobilenet_orig,31,complexity,0.6393918489552126
12,mobilenet_orig,32,faithfulness,-0.1581864058971405
12,mobilenet_orig,32,robustness,1.408190131187439
12,mobilenet_orig,32,complexity,0.6339008706685393
12,mobilenet_orig,33,faithfulness,-0.04911913350224495
12,mobilenet_orig,33,robustness,1.0606350898742676
12,mobilenet_orig,33,complexity,0.618028396891977
12,mobilenet_orig,34,faithfulness,-0.0643477663397789
12,mobilenet_orig,34,robustness,1.1971173286437988
12,mobilenet_orig,34,complexity,0.6014478841579382
12,mobilenet_orig,35,faithfulness,0.040957726538181305
12,mobilenet_orig,35,robustness,1.4296094179153442
12,mobilenet_orig,35,complexity,0.6216263455635375
12,mobilenet_orig,36,faithfulness,-0.06018391624093056
12,mobilenet_orig,36,robustness,1.3328360319137573
12,mobilenet_orig,36,complexity,0.6131180447957049
12,mobilenet_orig,37,faithfulness,0.13677644729614258
12,mobilenet_orig,37,robustness,1.303060531616211
12,mobilenet_orig,37,complexity,0.6578625076954268
12,mobilenet_orig,38,faithfulness,0.10228749364614487
12,mobilenet_orig,38,robustness,1.2921403646469116
12,mobilenet_orig,38,complexity,0.6494437763452761
12,mobilenet_orig,39,faithfulness,0.09607236832380295
12,mobilenet_orig,39,robustness,1.2180383205413818
12,mobilenet_orig,39,complexity,0.6376142473931221
12,mobilenet_orig,40,faithfulness,-0.14933885633945465
12,mobilenet_orig,40,robustness,1.1063928604125977
12,mobilenet_orig,40,complexity,0.6276525962907079
12,mobilenet_orig,41,faithfulness,0.26257821917533875
12,mobilenet_orig,41,robustness,1.481659173965454
12,mobilenet_orig,41,complexity,0.6131693472190991
12,mobilenet_orig,42,faithfulness,0.05912723392248154
12,mobilenet_orig,42,robustness,1.4460690021514893
12,mobilenet_orig,42,complexity,0.6047507955077465
12,mobilenet_orig,43,faithfulness,0.014803766272962093
12,mobilenet_orig,43,robustness,1.477596402168274
12,mobilenet_orig,43,complexity,0.6094066308293787
12,mobilenet_orig,44,faithfulness,-0.2164168357849121
12,mobilenet_orig,44,robustness,1.546928882598877
12,mobilenet_orig,44,complexity,0.6057623110244397
12,mobilenet_orig,45,faithfulness,0.16267073154449463
12,mobilenet_orig,45,robustness,1.6064831018447876
12,mobilenet_orig,45,complexity,0.6334861604115868
12,mobilenet_recplot,0,faithfulness,0.14116349816322327
12,mobilenet_recplot,0,robustness,2.171095848083496
12,mobilenet_recplot,0,complexity,0.6199661268265728
12,mobilenet_recplot,1,faithfulness,0.05756542086601257
12,mobilenet_recplot,1,robustness,1.4882502555847168
12,mobilenet_recplot,1,complexity,0.6245235855319683
12,mobilenet_recplot,2,faithfulness,-0.31162893772125244
12,mobilenet_recplot,2,robustness,1.4941595792770386
12,mobilenet_recplot,2,complexity,0.6398975924549314
12,mobilenet_recplot,3,faithfulness,-0.1289409101009369
12,mobilenet_recplot,3,robustness,1.529610514640808
12,mobilenet_recplot,3,complexity,0.6423485407850038
12,mobilenet_recplot,4,faithfulness,0.11481590569019318
12,mobilenet_recplot,4,robustness,1.3082858324050903
12,mobilenet_recplot,4,complexity,0.6234523507725896
12,mobilenet_recplot,5,faithfulness,-0.13192281126976013
12,mobilenet_recplot,5,robustness,1.9504945278167725
12,mobilenet_recplot,5,complexity,0.6364223490289675
12,mobilenet_recplot,6,faithfulness,0.37290382385253906
12,mobilenet_recplot,6,robustness,1.3655798435211182
12,mobilenet_recplot,6,complexity,0.6349419823745371
12,mobilenet_recplot,7,faithfulness,-0.2635515034198761
12,mobilenet_recplot,7,robustness,1.332415223121643
12,mobilenet_recplot,7,complexity,0.6186984051258487
12,mobilenet_recplot,8,faithfulness,-0.16806191205978394
12,mobilenet_recplot,8,robustness,1.3535652160644531
12,mobilenet_recplot,8,complexity,0.647030143135363
12,mobilenet_recplot,9,faithfulness,0.02332763373851776
12,mobilenet_recplot,9,robustness,1.5809729099273682
12,mobilenet_recplot,9,complexity,0.6412293024573454
12,mobilenet_recplot,10,faithfulness,0.3449688255786896
12,mobilenet_recplot,10,robustness,2.2301154136657715
12,mobilenet_recplot,10,complexity,0.6341674846881551
12,mobilenet_recplot,11,faithfulness,0.13753406703472137
12,mobilenet_recplot,11,robustness,1.3204506635665894
12,mobilenet_recplot,11,complexity,0.5947154124355634
12,mobilenet_recplot,12,faithfulness,-0.05784468352794647
12,mobilenet_recplot,12,robustness,1.3755695819854736
12,mobilenet_recplot,12,complexity,0.6073523004701242
12,mobilenet_recplot,13,faithfulness,0.0007240474224090576
12,mobilenet_recplot,13,robustness,1.6588460206985474
12,mobilenet_recplot,13,complexity,0.6431240124366899
12,mobilenet_recplot,14,faithfulness,-0.1915368139743805
12,mobilenet_recplot,14,robustness,1.6375633478164673
12,mobilenet_recplot,14,complexity,0.6094935113069864
12,mobilenet_recplot,15,faithfulness,-0.04324353486299515
12,mobilenet_recplot,15,robustness,1.5569767951965332
12,mobilenet_recplot,15,complexity,0.6534363024199897
12,mobilenet_recplot,16,faithfulness,-0.20368021726608276
12,mobilenet_recplot,16,robustness,1.3666568994522095
12,mobilenet_recplot,16,complexity,0.6435356541471806
12,mobilenet_recplot,17,faithfulness,-0.08567772060632706
12,mobilenet_recplot,17,robustness,1.4355140924453735
12,mobilenet_recplot,17,complexity,0.6130269545172848
12,mobilenet_recplot,18,faithfulness,0.4123224914073944
12,mobilenet_recplot,18,robustness,1.797688603401184
12,mobilenet_recplot,18,complexity,0.6227027172945508
12,mobilenet_recplot,19,faithfulness,-0.06334534287452698
12,mobilenet_recplot,19,robustness,2.416261911392212
12,mobilenet_recplot,19,complexity,0.6297864057362188
12,mobilenet_recplot,20,faithfulness,0.025728344917297363
12,mobilenet_recplot,20,robustness,1.4065378904342651
12,mobilenet_recplot,20,complexity,0.6376437814456523
12,mobilenet_recplot,21,faithfulness,-0.027069658041000366
12,mobilenet_recplot,21,robustness,1.4217442274093628
12,mobilenet_recplot,21,complexity,0.632127751485857
12,mobilenet_recplot,22,faithfulness,0.08915575593709946
12,mobilenet_recplot,22,robustness,1.2366392612457275
12,mobilenet_recplot,22,complexity,0.6577268549322686
12,mobilenet_recplot,23,faithfulness,-0.07885610312223434
12,mobilenet_recplot,23,robustness,1.7605323791503906
12,mobilenet_recplot,23,complexity,0.6410363462278139
12,mobilenet_recplot,24,faithfulness,-0.08296632766723633
12,mobilenet_recplot,24,robustness,1.4976390600204468
12,mobilenet_recplot,24,complexity,0.6408619938465238
12,mobilenet_recplot,25,faithfulness,-0.181345596909523
12,mobilenet_recplot,25,robustness,1.5252238512039185
12,mobilenet_recplot,25,complexity,0.602759849248753
12,mobilenet_recplot,26,faithfulness,-0.11697494983673096
12,mobilenet_recplot,26,robustness,1.6034563779830933
12,mobilenet_recplot,26,complexity,0.6540657594521198
12,mobilenet_recplot,27,faithfulness,-0.022488750517368317
12,mobilenet_recplot,27,robustness,1.48722243309021
12,mobilenet_recplot,27,complexity,0.6250708708524411
12,mobilenet_recplot,28,faithfulness,0.04141633212566376
12,mobilenet_recplot,28,robustness,2.214595317840576
12,mobilenet_recplot,28,complexity,0.6169244044545316
12,mobilenet_recplot,29,faithfulness,-0.012586977332830429
12,mobilenet_recplot,29,robustness,3.2236907482147217
12,mobilenet_recplot,29,complexity,0.6231403650617191
12,mobilenet_recplot,30,faithfulness,-0.09666356444358826
12,mobilenet_recplot,30,robustness,2.435635566711426
12,mobilenet_recplot,30,complexity,0.6104356145928512
12,mobilenet_recplot,31,faithfulness,0.11518160253763199
12,mobilenet_recplot,31,robustness,1.4161934852600098
12,mobilenet_recplot,31,complexity,0.5732440716901548
12,mobilenet_recplot,32,faithfulness,-0.3497698903083801
12,mobilenet_recplot,32,robustness,1.3396016359329224
12,mobilenet_recplot,32,complexity,0.5967678350398635
12,mobilenet_recplot,33,faithfulness,-0.2984224259853363
12,mobilenet_recplot,33,robustness,1.2636152505874634
12,mobilenet_recplot,33,complexity,0.6989168884021754
12,mobilenet_recplot,34,faithfulness,-0.37288933992385864
12,mobilenet_recplot,34,robustness,1.352118968963623
12,mobilenet_recplot,34,complexity,0.6030904855630624
12,mobilenet_recplot,35,faithfulness,0.018098801374435425
12,mobilenet_recplot,35,robustness,1.3259068727493286
12,mobilenet_recplot,35,complexity,0.5982200371778105
12,mobilenet_recplot,36,faithfulness,0.06356892734766006
12,mobilenet_recplot,36,robustness,1.87177312374115
12,mobilenet_recplot,36,complexity,0.6226537224762092
12,mobilenet_recplot,37,faithfulness,-0.0658583790063858
12,mobilenet_recplot,37,robustness,1.5077100992202759
12,mobilenet_recplot,37,complexity,0.6345641017711618
12,mobilenet_recplot,38,faithfulness,-0.00653279572725296
12,mobilenet_recplot,38,robustness,1.4391558170318604
12,mobilenet_recplot,38,complexity,0.6358147712246666
12,mobilenet_recplot,39,faithfulness,0.26729297637939453
12,mobilenet_recplot,39,robustness,1.3494902849197388
12,mobilenet_recplot,39,complexity,0.6418552626844125
12,mobilenet_recplot,40,faithfulness,0.05093057453632355
12,mobilenet_recplot,40,robustness,1.4610028266906738
12,mobilenet_recplot,40,complexity,0.624900436605542
12,mobilenet_recplot,41,faithfulness,0.022301822900772095
12,mobilenet_recplot,41,robustness,1.320457935333252
12,mobilenet_recplot,41,complexity,0.607756989704093
12,mobilenet_recplot,42,faithfulness,-0.1885315477848053
12,mobilenet_recplot,42,robustness,1.485710859298706
12,mobilenet_recplot,42,complexity,0.6152248586470576
12,mobilenet_recplot,43,faithfulness,0.26384127140045166
12,mobilenet_recplot,43,robustness,1.835487723350525
12,mobilenet_recplot,43,complexity,0.6401658148828636
12,mobilenet_recplot,44,faithfulness,-0.07201315462589264
12,mobilenet_recplot,44,robustness,1.2736752033233643
12,mobilenet_recplot,44,complexity,0.6543804139245198
12,mobilenet_recplot,45,faithfulness,0.09703180193901062
12,mobilenet_recplot,45,robustness,1.4267116785049438
12,mobilenet_recplot,45,complexity,0.6167527092078708
12,effnet_orig,0,faithfulness,0.34051138162612915
12,effnet_orig,0,robustness,16.428512573242188
12,effnet_orig,0,complexity,0.6398691885511272
12,effnet_orig,1,faithfulness,-0.23078449070453644
12,effnet_orig,1,robustness,7.469931602478027
12,effnet_orig,1,complexity,0.6022913287574233
12,effnet_orig,2,faithfulness,0.13107414543628693
12,effnet_orig,2,robustness,2.1457862854003906
12,effnet_orig,2,complexity,0.6378890265714969
12,effnet_orig,3,faithfulness,-0.16366197168827057
12,effnet_orig,3,robustness,1.3064574003219604
12,effnet_orig,3,complexity,0.6040135096014261
12,effnet_orig,4,faithfulness,0.1434747278690338
12,effnet_orig,4,robustness,1.3498165607452393
12,effnet_orig,4,complexity,0.6234240679974292
12,effnet_orig,5,faithfulness,0.029542356729507446
12,effnet_orig,5,robustness,1.0906846523284912
12,effnet_orig,5,complexity,0.6121381751815278
12,effnet_orig,6,faithfulness,0.2622697651386261
12,effnet_orig,6,robustness,1.3020820617675781
12,effnet_orig,6,complexity,0.6354942963847219
12,effnet_orig,7,faithfulness,-0.1795366406440735
12,effnet_orig,7,robustness,1.4093290567398071
12,effnet_orig,7,complexity,0.5928829223576527
12,effnet_orig,8,faithfulness,0.21040479838848114
12,effnet_orig,8,robustness,10.490571022033691
12,effnet_orig,8,complexity,0.5494498102428205
12,effnet_orig,9,faithfulness,-0.39450937509536743
12,effnet_orig,9,robustness,2.6996870040893555
12,effnet_orig,9,complexity,0.6183163918691409
12,effnet_orig,10,faithfulness,-0.021156124770641327
12,effnet_orig,10,robustness,38.58890914916992
12,effnet_orig,10,complexity,0.6531987451380166
12,effnet_orig,11,faithfulness,0.11856681853532791
12,effnet_orig,11,robustness,1.0062724351882935
12,effnet_orig,11,complexity,0.641494441913689
12,effnet_orig,12,faithfulness,0.19325090944766998
12,effnet_orig,12,robustness,1.0361533164978027
12,effnet_orig,12,complexity,0.6173235703218007
12,effnet_orig,13,faithfulness,-0.12320767343044281
12,effnet_orig,13,robustness,1.0248397588729858
12,effnet_orig,13,complexity,0.6316139306858118
12,effnet_orig,14,faithfulness,-0.16288599371910095
12,effnet_orig,14,robustness,1.0296097993850708
12,effnet_orig,14,complexity,0.6071163609555605
12,effnet_orig,15,faithfulness,0.0651395246386528
12,effnet_orig,15,robustness,1.0152817964553833
12,effnet_orig,15,complexity,0.610280526171298
12,effnet_orig,16,faithfulness,-0.0742955356836319
12,effnet_orig,16,robustness,66.77825164794922
12,effnet_orig,16,complexity,0.592137465983496
12,effnet_orig,17,faithfulness,-0.007297299802303314
12,effnet_orig,17,robustness,1.0280647277832031
12,effnet_orig,17,complexity,0.6394733293089985
12,effnet_orig,18,faithfulness,-0.27315983176231384
12,effnet_orig,18,robustness,1.347642183303833
12,effnet_orig,18,complexity,0.6406508231605338
12,effnet_orig,19,faithfulness,0.1763586699962616
12,effnet_orig,19,robustness,9.257645606994629
12,effnet_orig,19,complexity,0.5960781564922748
12,effnet_orig,20,faithfulness,-0.22940543293952942
12,effnet_orig,20,robustness,10.021138191223145
12,effnet_orig,20,complexity,0.6132033490979779
12,effnet_orig,21,faithfulness,-0.062060996890068054
12,effnet_orig,21,robustness,2.238367795944214
12,effnet_orig,21,complexity,0.6316728797717109
12,effnet_orig,22,faithfulness,-0.2409450113773346
12,effnet_orig,22,robustness,1.8856115341186523
12,effnet_orig,22,complexity,0.6111510510741972
12,effnet_orig,23,faithfulness,-0.055761441588401794
12,effnet_orig,23,robustness,2.855445384979248
12,effnet_orig,23,complexity,0.6072410506478252
12,effnet_orig,24,faithfulness,0.10145926475524902
12,effnet_orig,24,robustness,13.738591194152832
12,effnet_orig,24,complexity,0.5835508159112931
12,effnet_orig,25,faithfulness,-0.10604041814804077
12,effnet_orig,25,robustness,1.016028881072998
12,effnet_orig,25,complexity,0.5815885323101101
12,effnet_orig,26,faithfulness,-0.360217809677124
12,effnet_orig,26,robustness,3.4508683681488037
12,effnet_orig,26,complexity,0.5422288360130068
12,effnet_orig,27,faithfulness,0.3406369686126709
12,effnet_orig,27,robustness,11.615572929382324
12,effnet_orig,27,complexity,0.5757960796193864
12,effnet_orig,28,faithfulness,-0.10219090431928635
12,effnet_orig,28,robustness,3.9111440181732178
12,effnet_orig,28,complexity,0.5454131583411885
12,effnet_orig,29,faithfulness,0.11598092317581177
12,effnet_orig,29,robustness,1.0993226766586304
12,effnet_orig,29,complexity,0.5982204173529044
12,effnet_orig,30,faithfulness,-0.12625567615032196
12,effnet_orig,30,robustness,3.6428749561309814
12,effnet_orig,30,complexity,0.6250791298762584
12,effnet_orig,31,faithfulness,0.21938292682170868
12,effnet_orig,31,robustness,1.0909005403518677
12,effnet_orig,31,complexity,0.6015948736392012
12,effnet_orig,32,faithfulness,0.27613672614097595
12,effnet_orig,32,robustness,1.5282702445983887
12,effnet_orig,32,complexity,0.6528851714330474
12,effnet_orig,33,faithfulness,-0.22425003349781036
12,effnet_orig,33,robustness,1.6987483501434326
12,effnet_orig,33,complexity,0.5938733721406353
12,effnet_orig,34,faithfulness,0.08837494999170303
12,effnet_orig,34,robustness,1.1125463247299194
12,effnet_orig,34,complexity,0.5738938866581266
12,effnet_orig,35,faithfulness,0.2249697893857956
12,effnet_orig,35,robustness,1.529355764389038
12,effnet_orig,35,complexity,0.5806335973369869
12,effnet_orig,36,faithfulness,0.017176412045955658
12,effnet_orig,36,robustness,9.905630111694336
12,effnet_orig,36,complexity,0.5266025424961824
12,effnet_orig,37,faithfulness,0.2199760377407074
12,effnet_orig,37,robustness,8.529133796691895
12,effnet_orig,37,complexity,0.5749875645682182
12,effnet_orig,38,faithfulness,-0.22740435600280762
12,effnet_orig,38,robustness,1.8392860889434814
12,effnet_orig,38,complexity,0.5995442481353579
12,effnet_orig,39,faithfulness,-0.3981837332248688
12,effnet_orig,39,robustness,1.4684888124465942
12,effnet_orig,39,complexity,0.6012654086553808
12,effnet_orig,40,faithfulness,-0.040353067219257355
12,effnet_orig,40,robustness,1.0364197492599487
12,effnet_orig,40,complexity,0.6096073098034223
12,effnet_orig,41,faithfulness,0.2786824107170105
12,effnet_orig,41,robustness,65.2537612915039
12,effnet_orig,41,complexity,0.5913964614151686
12,effnet_orig,42,faithfulness,0.04499288648366928
12,effnet_orig,42,robustness,2.3024377822875977
12,effnet_orig,42,complexity,0.5793718466585899
12,effnet_orig,43,faithfulness,-0.18416231870651245
12,effnet_orig,43,robustness,1.138367772102356
12,effnet_orig,43,complexity,0.4942418278615106
12,effnet_orig,44,faithfulness,0.3073666989803314
12,effnet_orig,44,robustness,7.98782205581665
12,effnet_orig,44,complexity,0.6047463331211873
12,effnet_orig,45,faithfulness,-0.1164432168006897
12,effnet_orig,45,robustness,24.90336799621582
12,effnet_orig,45,complexity,0.5985410907500429
12,effnet_recplot,0,faithfulness,0.11204458773136139
12,effnet_recplot,0,robustness,82.72579956054688
12,effnet_recplot,0,complexity,0.620103974062065
12,effnet_recplot,1,faithfulness,0.118141770362854
12,effnet_recplot,1,robustness,3.569319725036621
12,effnet_recplot,1,complexity,0.6522434192199796
12,effnet_recplot,2,faithfulness,0.14466723799705505
12,effnet_recplot,2,robustness,7.86618709564209
12,effnet_recplot,2,complexity,0.6080193002739984
12,effnet_recplot,3,faithfulness,0.18177904188632965
12,effnet_recplot,3,robustness,5.501270771026611
12,effnet_recplot,3,complexity,0.6386506680473469
12,effnet_recplot,4,faithfulness,0.23543348908424377
12,effnet_recplot,4,robustness,5.397010803222656
12,effnet_recplot,4,complexity,0.6246382869444945
12,effnet_recplot,5,faithfulness,0.4385073781013489
12,effnet_recplot,5,robustness,1.8020838499069214
12,effnet_recplot,5,complexity,0.6485193426807919
12,effnet_recplot,6,faithfulness,-0.26448535919189453
12,effnet_recplot,6,robustness,4.370907783508301
12,effnet_recplot,6,complexity,0.632456481428098
12,effnet_recplot,7,faithfulness,-0.005095727741718292
12,effnet_recplot,7,robustness,1.8357863426208496
12,effnet_recplot,7,complexity,0.609803084100841
12,effnet_recplot,8,faithfulness,-0.08188898861408234
12,effnet_recplot,8,robustness,1.0298686027526855
12,effnet_recplot,8,complexity,0.5427996872869298
12,effnet_recplot,9,faithfulness,-0.014971349388360977
12,effnet_recplot,9,robustness,8.52703857421875
12,effnet_recplot,9,complexity,0.6374180157110645
12,effnet_recplot,10,faithfulness,-0.2293398529291153
12,effnet_recplot,10,robustness,118.49897003173828
12,effnet_recplot,10,complexity,0.6303012217991987
12,effnet_recplot,11,faithfulness,0.15453612804412842
12,effnet_recplot,11,robustness,1.68644380569458
12,effnet_recplot,11,complexity,0.6117972509225748
12,effnet_recplot,12,faithfulness,0.12776611745357513
12,effnet_recplot,12,robustness,182.7928924560547
12,effnet_recplot,12,complexity,0.61765467036524
12,effnet_recplot,13,faithfulness,-0.045985348522663116
12,effnet_recplot,13,robustness,16.08839225769043
12,effnet_recplot,13,complexity,0.6267755070459738
12,effnet_recplot,14,faithfulness,0.2583794593811035
12,effnet_recplot,14,robustness,1.0069555044174194
12,effnet_recplot,14,complexity,0.620979146001856
12,effnet_recplot,15,faithfulness,0.21876858174800873
12,effnet_recplot,15,robustness,19.855804443359375
12,effnet_recplot,15,complexity,0.6067421838974163
12,effnet_recplot,16,faithfulness,-0.5398373007774353
12,effnet_recplot,16,robustness,1.0039658546447754
12,effnet_recplot,16,complexity,0.6086622145546755
12,effnet_recplot,17,faithfulness,0.0694393664598465
12,effnet_recplot,17,robustness,8.49307918548584
12,effnet_recplot,17,complexity,0.6277890590628463
12,effnet_recplot,18,faithfulness,0.04963096231222153
12,effnet_recplot,18,robustness,9.809941291809082
12,effnet_recplot,18,complexity,0.6578047729537501
12,effnet_recplot,19,faithfulness,0.11257094889879227
12,effnet_recplot,19,robustness,1.3444507122039795
12,effnet_recplot,19,complexity,0.6962746491592474
12,effnet_recplot,20,faithfulness,0.028519272804260254
12,effnet_recplot,20,robustness,2.152231454849243
12,effnet_recplot,20,complexity,0.6468365089238135
12,effnet_recplot,21,faithfulness,-0.24890702962875366
12,effnet_recplot,21,robustness,690.1976928710938
12,effnet_recplot,21,complexity,0.6439406295613018
12,effnet_recplot,22,faithfulness,-0.1555640697479248
12,effnet_recplot,22,robustness,23.19818687438965
12,effnet_recplot,22,complexity,0.5967856949339128
12,effnet_recplot,23,faithfulness,-0.23827987909317017
12,effnet_recplot,23,robustness,2.4144186973571777
12,effnet_recplot,23,complexity,0.6163554148287945
12,effnet_recplot,24,faithfulness,-0.23108011484146118
12,effnet_recplot,24,robustness,18.094860076904297
12,effnet_recplot,24,complexity,0.6006980743227479
12,effnet_recplot,25,faithfulness,-0.3677448332309723
12,effnet_recplot,25,robustness,1.2509878873825073
12,effnet_recplot,25,complexity,0.6216683886721998
12,effnet_recplot,26,faithfulness,-0.0038094259798526764
12,effnet_recplot,26,robustness,11.708328247070312
12,effnet_recplot,26,complexity,0.6203437979828552
12,effnet_recplot,27,faithfulness,-0.17603695392608643
12,effnet_recplot,27,robustness,2.0686280727386475
12,effnet_recplot,27,complexity,0.655643515944958
12,effnet_recplot,28,faithfulness,-0.17197515070438385
12,effnet_recplot,28,robustness,59.61576843261719
12,effnet_recplot,28,complexity,0.5887374374546955
12,effnet_recplot,29,faithfulness,0.0025336742401123047
12,effnet_recplot,29,robustness,61.84956359863281
12,effnet_recplot,29,complexity,0.5291741084162661
12,effnet_recplot,30,faithfulness,0.11691640317440033
12,effnet_recplot,30,robustness,4.147261619567871
12,effnet_recplot,30,complexity,0.6828249453153621
12,effnet_recplot,31,faithfulness,-0.23075422644615173
12,effnet_recplot,31,robustness,4.19962215423584
12,effnet_recplot,31,complexity,0.5614710420143832
12,effnet_recplot,32,faithfulness,-0.051398877054452896
12,effnet_recplot,32,robustness,797.4458618164062
12,effnet_recplot,32,complexity,0.5724425276891324
12,effnet_recplot,33,faithfulness,0.0853148102760315
12,effnet_recplot,33,robustness,336.44970703125
12,effnet_recplot,33,complexity,0.6157192003741164
12,effnet_recplot,34,faithfulness,-0.1273450255393982
12,effnet_recplot,34,robustness,95.41485595703125
12,effnet_recplot,34,complexity,0.5969876491371584
12,effnet_recplot,35,faithfulness,-0.005413368344306946
12,effnet_recplot,35,robustness,1.4145046472549438
12,effnet_recplot,35,complexity,0.6705258292316335
12,effnet_recplot,36,faithfulness,-0.0685705840587616
12,effnet_recplot,36,robustness,1.0745950937271118
12,effnet_recplot,36,complexity,0.6345234207439923
12,effnet_recplot,37,faithfulness,0.002052685245871544
12,effnet_recplot,37,robustness,2.2830142974853516
12,effnet_recplot,37,complexity,0.6587794944274669
12,effnet_recplot,38,faithfulness,0.03718829154968262
12,effnet_recplot,38,robustness,9.40757942199707
12,effnet_recplot,38,complexity,0.6415078543173345
12,effnet_recplot,39,faithfulness,-0.007917925715446472
12,effnet_recplot,39,robustness,5.617495059967041
12,effnet_recplot,39,complexity,0.6389290479546177
12,effnet_recplot,40,faithfulness,-0.18592366576194763
12,effnet_recplot,40,robustness,18.417695999145508
12,effnet_recplot,40,complexity,0.5572712266511567
12,effnet_recplot,41,faithfulness,0.15796230733394623
12,effnet_recplot,41,robustness,3.8145017623901367
12,effnet_recplot,41,complexity,0.5862045961235265
12,effnet_recplot,42,faithfulness,0.3540745675563812
12,effnet_recplot,42,robustness,1.4966930150985718
12,effnet_recplot,42,complexity,0.6406697255997342
12,effnet_recplot,43,faithfulness,0.12624242901802063
12,effnet_recplot,43,robustness,35.22062301635742
12,effnet_recplot,43,complexity,0.6293694063221373
12,effnet_recplot,44,faithfulness,-0.19033941626548767
12,effnet_recplot,44,robustness,6.52368688583374
12,effnet_recplot,44,complexity,0.5847423964164498
12,effnet_recplot,45,faithfulness,-0.13056933879852295
12,effnet_recplot,45,robustness,6.515097618103027
12,effnet_recplot,45,complexity,0.6424654559092315
42,mobilenet_orig,0,faithfulness,0.07306383550167084
42,mobilenet_orig,0,robustness,1.7111594676971436
42,mobilenet_orig,0,complexity,0.6098983051152607
42,mobilenet_orig,1,faithfulness,0.15269404649734497
42,mobilenet_orig,1,robustness,1.4895073175430298
42,mobilenet_orig,1,complexity,0.6482291501405265
42,mobilenet_orig,2,faithfulness,0.28696489334106445
42,mobilenet_orig,2,robustness,1.6526426076889038
42,mobilenet_orig,2,complexity,0.6267038231295162
42,mobilenet_orig,3,faithfulness,-0.28628987073898315
42,mobilenet_orig,3,robustness,3.294652223587036
42,mobilenet_orig,3,complexity,0.6211304078532611
42,mobilenet_orig,4,faithfulness,-0.10798907279968262
42,mobilenet_orig,4,robustness,2.0304319858551025
42,mobilenet_orig,4,complexity,0.656929680638489
42,mobilenet_orig,5,faithfulness,-0.15745320916175842
42,mobilenet_orig,5,robustness,2.1986804008483887
42,mobilenet_orig,5,complexity,0.6537949358637036
42,mobilenet_orig,6,faithfulness,-0.275732159614563
42,mobilenet_orig,6,robustness,1.958143711090088
42,mobilenet_orig,6,complexity,0.6548609093023504
42,mobilenet_orig,7,faithfulness,0.272148072719574
42,mobilenet_orig,7,robustness,1.2600476741790771
42,mobilenet_orig,7,complexity,0.6456298802543179
42,mobilenet_orig,8,faithfulness,-0.09384594112634659
42,mobilenet_orig,8,robustness,1.8766543865203857
42,mobilenet_orig,8,complexity,0.6102551714223092
42,mobilenet_orig,9,faithfulness,-0.06584728509187698
42,mobilenet_orig,9,robustness,2.2735111713409424
42,mobilenet_orig,9,complexity,0.6295998543704086
42,mobilenet_orig,10,faithfulness,-0.03839635103940964
42,mobilenet_orig,10,robustness,2.27081561088562
42,mobilenet_orig,10,complexity,0.6417103070763377
42,mobilenet_orig,11,faithfulness,-0.12741050124168396
42,mobilenet_orig,11,robustness,1.3306702375411987
42,mobilenet_orig,11,complexity,0.6273793130905487
42,mobilenet_orig,12,faithfulness,0.06471098214387894
42,mobilenet_orig,12,robustness,1.8283439874649048
42,mobilenet_orig,12,complexity,0.6538265310850757
42,mobilenet_orig,13,faithfulness,0.40207964181900024
42,mobilenet_orig,13,robustness,1.3506885766983032
42,mobilenet_orig,13,complexity,0.651661888326424
42,mobilenet_orig,14,faithfulness,-0.04502740502357483
42,mobilenet_orig,14,robustness,2.1426515579223633
42,mobilenet_orig,14,complexity,0.6080175672987614
42,mobilenet_orig,15,faithfulness,-0.03546366095542908
42,mobilenet_orig,15,robustness,1.7629494667053223
42,mobilenet_orig,15,complexity,0.6301645582763372
42,mobilenet_orig,16,faithfulness,-0.44599103927612305
42,mobilenet_orig,16,robustness,1.8857203722000122
42,mobilenet_orig,16,complexity,0.6283777324869163
42,mobilenet_orig,17,faithfulness,-0.16480237245559692
42,mobilenet_orig,17,robustness,1.433032512664795
42,mobilenet_orig,17,complexity,0.6444529562940703
42,mobilenet_orig,18,faithfulness,-0.011219792068004608
42,mobilenet_orig,18,robustness,2.188565492630005
42,mobilenet_orig,18,complexity,0.6189744063869113
42,mobilenet_orig,19,faithfulness,-0.14978879690170288
42,mobilenet_orig,19,robustness,2.2530460357666016
42,mobilenet_orig,19,complexity,0.6381132947412845
42,mobilenet_orig,20,faithfulness,-0.02184894308447838
42,mobilenet_orig,20,robustness,2.5186235904693604
42,mobilenet_orig,20,complexity,0.6420435340219317
42,mobilenet_orig,21,faithfulness,0.08021591603755951
42,mobilenet_orig,21,robustness,2.663893461227417
42,mobilenet_orig,21,complexity,0.6239067127724581
42,mobilenet_orig,22,faithfulness,-0.22790628671646118
42,mobilenet_orig,22,robustness,1.1404865980148315
42,mobilenet_orig,22,complexity,0.6291178394982101
42,mobilenet_orig,23,faithfulness,-0.25777730345726013
42,mobilenet_orig,23,robustness,1.6471892595291138
42,mobilenet_orig,23,complexity,0.6322577178142056
42,mobilenet_orig,24,faithfulness,0.08479571342468262
42,mobilenet_orig,24,robustness,1.5918329954147339
42,mobilenet_orig,24,complexity,0.6138169084381941
42,mobilenet_orig,25,faithfulness,0.03260520473122597
42,mobilenet_orig,25,robustness,1.5137287378311157
42,mobilenet_orig,25,complexity,0.6780791111009882
42,mobilenet_orig,26,faithfulness,-0.08702678233385086
42,mobilenet_orig,26,robustness,1.0832282304763794
42,mobilenet_orig,26,complexity,0.6072308461259504
42,mobilenet_orig,27,faithfulness,0.13977310061454773
42,mobilenet_orig,27,robustness,1.190621018409729
42,mobilenet_orig,27,complexity,0.6457954196459483
42,mobilenet_orig,28,faithfulness,0.07287780195474625
42,mobilenet_orig,28,robustness,2.692403554916382
42,mobilenet_orig,28,complexity,0.6313304175092915
42,mobilenet_orig,29,faithfulness,-0.10409100353717804
42,mobilenet_orig,29,robustness,1.866619348526001
42,mobilenet_orig,29,complexity,0.6395974999476055
42,mobilenet_orig,30,faithfulness,0.3205631375312805
42,mobilenet_orig,30,robustness,1.954789638519287
42,mobilenet_orig,30,complexity,0.6228007116041608
42,mobilenet_orig,31,faithfulness,-0.08978984504938126
42,mobilenet_orig,31,robustness,2.177074432373047
42,mobilenet_orig,31,complexity,0.619792113214479
42,mobilenet_orig,32,faithfulness,0.1603952944278717
42,mobilenet_orig,32,robustness,1.2765276432037354
42,mobilenet_orig,32,complexity,0.6348635499604313
42,mobilenet_orig,33,faithfulness,0.01578427478671074
42,mobilenet_orig,33,robustness,1.0891814231872559
42,mobilenet_orig,33,complexity,0.6216142492997285
42,mobilenet_orig,34,faithfulness,0.3325313925743103
42,mobilenet_orig,34,robustness,1.2729012966156006
42,mobilenet_orig,34,complexity,0.6125624455613174
42,mobilenet_orig,35,faithfulness,0.22911490499973297
42,mobilenet_orig,35,robustness,2.0603344440460205
42,mobilenet_orig,35,complexity,0.6088692563053574
42,mobilenet_orig,36,faithfulness,0.09786968678236008
42,mobilenet_orig,36,robustness,1.3085825443267822
42,mobilenet_orig,36,complexity,0.6276408547327503
42,mobilenet_orig,37,faithfulness,-0.08975125104188919
42,mobilenet_orig,37,robustness,1.238274097442627
42,mobilenet_orig,37,complexity,0.6637736325167409
42,mobilenet_orig,38,faithfulness,-0.11142385751008987
42,mobilenet_orig,38,robustness,1.3829741477966309
42,mobilenet_orig,38,complexity,0.6593841839177007
42,mobilenet_orig,39,faithfulness,0.27684372663497925
42,mobilenet_orig,39,robustness,1.2677183151245117
42,mobilenet_orig,39,complexity,0.6377458565432446
42,mobilenet_orig,40,faithfulness,-0.09661484509706497
42,mobilenet_orig,40,robustness,1.1321467161178589
42,mobilenet_orig,40,complexity,0.6301729332376597
42,mobilenet_orig,41,faithfulness,-0.049713339656591415
42,mobilenet_orig,41,robustness,1.66097092628479
42,mobilenet_orig,41,complexity,0.616233951449081
42,mobilenet_orig,42,faithfulness,0.10074743628501892
42,mobilenet_orig,42,robustness,1.970618486404419
42,mobilenet_orig,42,complexity,0.5962088028006346
42,mobilenet_orig,43,faithfulness,0.16491365432739258
42,mobilenet_orig,43,robustness,1.7003854513168335
42,mobilenet_orig,43,complexity,0.6057688410986101
42,mobilenet_orig,44,faithfulness,0.09183865785598755
42,mobilenet_orig,44,robustness,1.6288686990737915
42,mobilenet_orig,44,complexity,0.6041405856412386
42,mobilenet_orig,45,faithfulness,-0.06626610457897186
42,mobilenet_orig,45,robustness,1.6593502759933472
42,mobilenet_orig,45,complexity,0.6532569962942057
42,mobilenet_recplot,0,faithfulness,0.05976157635450363
42,mobilenet_recplot,0,robustness,1.4453251361846924
42,mobilenet_recplot,0,complexity,0.6170903830213135
42,mobilenet_recplot,1,faithfulness,-0.23701907694339752
42,mobilenet_recplot,1,robustness,1.254470705986023
42,mobilenet_recplot,1,complexity,0.5967916059914541
42,mobilenet_recplot,2,faithfulness,0.40970659255981445
42,mobilenet_recplot,2,robustness,1.1761081218719482
42,mobilenet_recplot,2,complexity,0.6317403250923947
42,mobilenet_recplot,3,faithfulness,-0.3362905979156494
42,mobilenet_recplot,3,robustness,1.4027069807052612
42,mobilenet_recplot,3,complexity,0.6115742564949928
42,mobilenet_recplot,4,faithfulness,0.36888617277145386
42,mobilenet_recplot,4,robustness,1.1099063158035278
42,mobilenet_recplot,4,complexity,0.6171531045933382
42,mobilenet_recplot,5,faithfulness,-0.157856285572052
42,mobilenet_recplot,5,robustness,1.4774845838546753
42,mobilenet_recplot,5,complexity,0.6227981971791032
42,mobilenet_recplot,6,faithfulness,0.26922065019607544
42,mobilenet_recplot,6,robustness,1.135233759880066
42,mobilenet_recplot,6,complexity,0.6316162016690634
42,mobilenet_recplot,7,faithfulness,-0.4076884984970093
42,mobilenet_recplot,7,robustness,1.089759349822998
42,mobilenet_recplot,7,complexity,0.6419806022780068
42,mobilenet_recplot,8,faithfulness,-0.12949910759925842
42,mobilenet_recplot,8,robustness,1.1223393678665161
42,mobilenet_recplot,8,complexity,0.6327117988739939
42,mobilenet_recplot,9,faithfulness,-0.2720067799091339
42,mobilenet_recplot,9,robustness,1.268307089805603
42,mobilenet_recplot,9,complexity,0.6241023107310921
42,mobilenet_recplot,10,faithfulness,0.15564453601837158
42,mobilenet_recplot,10,robustness,1.4845829010009766
42,mobilenet_recplot,10,complexity,0.6231159202041872
42,mobilenet_recplot,11,faithfulness,-0.06149830296635628
42,mobilenet_recplot,11,robustness,1.0974881649017334
42,mobilenet_recplot,11,complexity,0.6101905294663904
42,mobilenet_recplot,12,faithfulness,0.08345159143209457
42,mobilenet_recplot,12,robustness,1.1437023878097534
42,mobilenet_recplot,12,complexity,0.6022280304380302
42,mobilenet_recplot,13,faithfulness,0.051347486674785614
42,mobilenet_recplot,13,robustness,1.1006393432617188
42,mobilenet_recplot,13,complexity,0.6681091875454046
42,mobilenet_recplot,14,faithfulness,-0.19535285234451294
42,mobilenet_recplot,14,robustness,1.2563157081604004
42,mobilenet_recplot,14,complexity,0.6274891204349173
42,mobilenet_recplot,15,faithfulness,0.01299528032541275
42,mobilenet_recplot,15,robustness,1.2611112594604492
42,mobilenet_recplot,15,complexity,0.6429495571288543
42,mobilenet_recplot,16,faithfulness,-0.2775636315345764
42,mobilenet_recplot,16,robustness,1.2268019914627075
42,mobilenet_recplot,16,complexity,0.6090406132839342
42,mobilenet_recplot,17,faithfulness,-0.35983383655548096
42,mobilenet_recplot,17,robustness,1.2446794509887695
42,mobilenet_recplot,17,complexity,0.6098221396464975
42,mobilenet_recplot,18,faithfulness,-0.12837576866149902
42,mobilenet_recplot,18,robustness,1.2851005792617798
42,mobilenet_recplot,18,complexity,0.627474841389074
42,mobilenet_recplot,19,faithfulness,0.04590897634625435
42,mobilenet_recplot,19,robustness,1.7322229146957397
42,mobilenet_recplot,19,complexity,0.6365123670390188
42,mobilenet_recplot,20,faithfulness,-0.06793181598186493
42,mobilenet_recplot,20,robustness,1.1180797815322876
42,mobilenet_recplot,20,complexity,0.6304447729081689
42,mobilenet_recplot,21,faithfulness,0.10195611417293549
42,mobilenet_recplot,21,robustness,1.303856372833252
42,mobilenet_recplot,21,complexity,0.6226326560173935
42,mobilenet_recplot,22,faithfulness,0.4905097484588623
42,mobilenet_recplot,22,robustness,1.1403934955596924
42,mobilenet_recplot,22,complexity,0.6489188165021194
42,mobilenet_recplot,23,faithfulness,-0.2784596085548401
42,mobilenet_recplot,23,robustness,1.4542661905288696
42,mobilenet_recplot,23,complexity,0.6558296968046673
42,mobilenet_recplot,24,faithfulness,0.02249269187450409
42,mobilenet_recplot,24,robustness,1.406514286994934
42,mobilenet_recplot,24,complexity,0.630308885385951
42,mobilenet_recplot,25,faithfulness,-0.07779675722122192
42,mobilenet_recplot,25,robustness,1.3020517826080322
42,mobilenet_recplot,25,complexity,0.5975980050038013
42,mobilenet_recplot,26,faithfulness,-0.13943026959896088
42,mobilenet_recplot,26,robustness,1.309417724609375
42,mobilenet_recplot,26,complexity,0.659546287934067
42,mobilenet_recplot,27,faithfulness,-0.15828168392181396
42,mobilenet_recplot,27,robustness,1.1313797235488892
42,mobilenet_recplot,27,complexity,0.6345301446351895
42,mobilenet_recplot,28,faithfulness,-0.2359142303466797
42,mobilenet_recplot,28,robustness,1.3670490980148315
42,mobilenet_recplot,28,complexity,0.6259947429897149
42,mobilenet_recplot,29,faithfulness,-0.42859718203544617
42,mobilenet_recplot,29,robustness,2.0373992919921875
42,mobilenet_recplot,29,complexity,0.5990127539686689
42,mobilenet_recplot,30,faithfulness,0.4680877923965454
42,mobilenet_recplot,30,robustness,1.5455493927001953
42,mobilenet_recplot,30,complexity,0.6062599615117565
42,mobilenet_recplot,31,faithfulness,0.07775990664958954
42,mobilenet_recplot,31,robustness,1.1075173616409302
42,mobilenet_recplot,31,complexity,0.5817100525600374
42,mobilenet_recplot,32,faithfulness,-0.21671190857887268
42,mobilenet_recplot,32,robustness,1.1482539176940918
42,mobilenet_recplot,32,complexity,0.6034656370790935
42,mobilenet_recplot,33,faithfulness,0.18497900664806366
42,mobilenet_recplot,33,robustness,1.3307536840438843
42,mobilenet_recplot,33,complexity,0.6490228448184001
42,mobilenet_recplot,34,faithfulness,-0.04146621376276016
42,mobilenet_recplot,34,robustness,1.1837692260742188
42,mobilenet_recplot,34,complexity,0.6068787969471268
42,mobilenet_recplot,35,faithfulness,-0.1214597076177597
42,mobilenet_recplot,35,robustness,1.139114499092102
42,mobilenet_recplot,35,complexity,0.6112026866089422
42,mobilenet_recplot,36,faithfulness,0.06580913066864014
42,mobilenet_recplot,36,robustness,1.3417260646820068
42,mobilenet_recplot,36,complexity,0.6205346547255137
42,mobilenet_recplot,37,faithfulness,0.10222688317298889
42,mobilenet_recplot,37,robustness,1.3939214944839478
42,mobilenet_recplot,37,complexity,0.6105093530783336
42,mobilenet_recplot,38,faithfulness,-0.0701640248298645
42,mobilenet_recplot,38,robustness,1.275610327720642
42,mobilenet_recplot,38,complexity,0.6213732270888087
42,mobilenet_recplot,39,faithfulness,0.09884043037891388
42,mobilenet_recplot,39,robustness,1.1745980978012085
42,mobilenet_recplot,39,complexity,0.6351092395974449
42,mobilenet_recplot,40,faithfulness,-0.12937220931053162
42,mobilenet_recplot,40,robustness,1.178062081336975
42,mobilenet_recplot,40,complexity,0.6187020025203546
42,mobilenet_recplot,41,faithfulness,-0.2115696668624878
42,mobilenet_recplot,41,robustness,1.1168688535690308
42,mobilenet_recplot,41,complexity,0.60648710351959
42,mobilenet_recplot,42,faithfulness,0.19092482328414917
42,mobilenet_recplot,42,robustness,1.1087327003479004
42,mobilenet_recplot,42,complexity,0.6229990618989166
42,mobilenet_recplot,43,faithfulness,0.0669143795967102
42,mobilenet_recplot,43,robustness,1.8106662034988403
42,mobilenet_recplot,43,complexity,0.6245064890124623
42,mobilenet_recplot,44,faithfulness,-0.19298553466796875
42,mobilenet_recplot,44,robustness,1.2086632251739502
42,mobilenet_recplot,44,complexity,0.6250584761077543
42,mobilenet_recplot,45,faithfulness,-0.09683702886104584
42,mobilenet_recplot,45,robustness,1.1890735626220703
42,mobilenet_recplot,45,complexity,0.6244986359254692
42,effnet_orig,0,faithfulness,-0.06395118683576584
42,effnet_orig,0,robustness,193.5385284423828
42,effnet_orig,0,complexity,0.61770252139131
42,effnet_orig,1,faithfulness,-0.37112486362457275
42,effnet_orig,1,robustness,1.7650812864303589
42,effnet_orig,1,complexity,0.6340844738534394
42,effnet_orig,2,faithfulness,-0.2952747046947479
42,effnet_orig,2,robustness,25.562252044677734
42,effnet_orig,2,complexity,0.6266941022703902
42,effnet_orig,3,faithfulness,-0.05903808772563934
42,effnet_orig,3,robustness,20.37883949279785
42,effnet_orig,3,complexity,0.6035488055455531
42,effnet_orig,4,faithfulness,0.36018797755241394
42,effnet_orig,4,robustness,20.69154167175293
42,effnet_orig,4,complexity,0.6214296768570522
42,effnet_orig,5,faithfulness,-0.34279364347457886
42,effnet_orig,5,robustness,19.637981414794922
42,effnet_orig,5,complexity,0.627640882894521
42,effnet_orig,6,faithfulness,-0.13773924112319946
42,effnet_orig,6,robustness,245.24771118164062
42,effnet_orig,6,complexity,0.6093253222650736
42,effnet_orig,7,faithfulness,0.0693831592798233
42,effnet_orig,7,robustness,183.2908935546875
42,effnet_orig,7,complexity,0.6140283892113835
42,effnet_orig,8,faithfulness,0.05933508276939392
42,effnet_orig,8,robustness,9.021379470825195
42,effnet_orig,8,complexity,0.622245072066411
42,effnet_orig,9,faithfulness,-0.19489602744579315
42,effnet_orig,9,robustness,54.93543243408203
42,effnet_orig,9,complexity,0.630618330467693
42,effnet_orig,10,faithfulness,0.2380472719669342
42,effnet_orig,10,robustness,31.289358139038086
42,effnet_orig,10,complexity,0.6218728683794033
42,effnet_orig,11,faithfulness,-0.1907825917005539
42,effnet_orig,11,robustness,125.5094985961914
42,effnet_orig,11,complexity,0.6348939210690153
42,effnet_orig,12,faithfulness,0.003947913646697998
42,effnet_orig,12,robustness,10.831796646118164
42,effnet_orig,12,complexity,0.6386264949050342
42,effnet_orig,13,faithfulness,0.024940844625234604
42,effnet_orig,13,robustness,34.49248123168945
42,effnet_orig,13,complexity,0.6145471421705017
42,effnet_orig,14,faithfulness,-0.23971889913082123
42,effnet_orig,14,robustness,204.50318908691406
42,effnet_orig,14,complexity,0.6641550207247194
42,effnet_orig,15,faithfulness,0.3803950548171997
42,effnet_orig,15,robustness,740.1282348632812
42,effnet_orig,15,complexity,0.6122853552674389
42,effnet_orig,16,faithfulness,-0.14616549015045166
42,effnet_orig,16,robustness,8.848830223083496
42,effnet_orig,16,complexity,0.6763030947787425
42,effnet_orig,17,faithfulness,0.003853585571050644
42,effnet_orig,17,robustness,1.4188406467437744
42,effnet_orig,17,complexity,0.6319919219652155
42,effnet_orig,18,faithfulness,-0.1560591161251068
42,effnet_orig,18,robustness,333.9468078613281
42,effnet_orig,18,complexity,0.6402510087321246
42,effnet_orig,19,faithfulness,-0.047544270753860474
42,effnet_orig,19,robustness,133.0542449951172
42,effnet_orig,19,complexity,0.6172586318326172
42,effnet_orig,20,faithfulness,0.2312590330839157
42,effnet_orig,20,robustness,83.46086120605469
42,effnet_orig,20,complexity,0.6392730351597025
42,effnet_orig,21,faithfulness,-0.1566457450389862
42,effnet_orig,21,robustness,16.384281158447266
42,effnet_orig,21,complexity,0.6339401898184306
42,effnet_orig,22,faithfulness,0.2395833432674408
42,effnet_orig,22,robustness,1.0077054500579834
42,effnet_orig,22,complexity,0.5949949214201182
42,effnet_orig,23,faithfulness,0.24327850341796875
42,effnet_orig,23,robustness,1.3415266275405884
42,effnet_orig,23,complexity,0.6396819112226956
42,effnet_orig,24,faithfulness,-0.22174203395843506
42,effnet_orig,24,robustness,128.04757690429688
42,effnet_orig,24,complexity,0.588658093915431
42,effnet_orig,25,faithfulness,0.0999765694141388
42,effnet_orig,25,robustness,6.5368828773498535
42,effnet_orig,25,complexity,0.6125568765928366
42,effnet_orig,26,faithfulness,-0.05553264170885086
42,effnet_orig,26,robustness,9.052704811096191
42,effnet_orig,26,complexity,0.6000813051728363
42,effnet_orig,27,faithfulness,0.0827341079711914
42,effnet_orig,27,robustness,49.13713073730469
42,effnet_orig,27,complexity,0.6026788816390578
42,effnet_orig,28,faithfulness,0.11731192469596863
42,effnet_orig,28,robustness,14.614940643310547
42,effnet_orig,28,complexity,0.6077578164886627
42,effnet_orig,29,faithfulness,0.047390490770339966
42,effnet_orig,29,robustness,253.15081787109375
42,effnet_orig,29,complexity,0.5752061792987518
42,effnet_orig,30,faithfulness,-0.16898216307163239
42,effnet_orig,30,robustness,163.74330139160156
42,effnet_orig,30,complexity,0.6296392013956664
42,effnet_orig,31,faithfulness,0.1337922215461731
42,effnet_orig,31,robustness,4.621802806854248
42,effnet_orig,31,complexity,0.6198779774644896
42,effnet_orig,32,faithfulness,0.17117591202259064
42,effnet_orig,32,robustness,29.863035202026367
42,effnet_orig,32,complexity,0.5986601129557214
42,effnet_orig,33,faithfulness,0.10908964276313782
42,effnet_orig,33,robustness,60.88544464111328
42,effnet_orig,33,complexity,0.586528594006575
42,effnet_orig,34,faithfulness,-0.10262671113014221
42,effnet_orig,34,robustness,6.24893045425415
42,effnet_orig,34,complexity,0.6401558869564956
42,effnet_orig,35,faithfulness,-0.16410905122756958
42,effnet_orig,35,robustness,53.43846893310547
42,effnet_orig,35,complexity,0.6253564538865467
42,effnet_orig,36,faithfulness,0.17697258293628693
42,effnet_orig,36,robustness,189.8179168701172
42,effnet_orig,36,complexity,0.5606824965998776
42,effnet_orig,37,faithfulness,-0.17035755515098572
42,effnet_orig,37,robustness,118.71147918701172
42,effnet_orig,37,complexity,0.6145385508738317
42,effnet_orig,38,faithfulness,-0.1813746988773346
42,effnet_orig,38,robustness,37.68183517456055
42,effnet_orig,38,complexity,0.6046001872600139
42,effnet_orig,39,faithfulness,0.020071253180503845
42,effnet_orig,39,robustness,485.72772216796875
42,effnet_orig,39,complexity,0.6097022555275283
42,effnet_orig,40,faithfulness,0.007927022874355316
42,effnet_orig,40,robustness,37.91208267211914
42,effnet_orig,40,complexity,0.616527273245865
42,effnet_orig,41,faithfulness,-0.13537469506263733
42,effnet_orig,41,robustness,142.98214721679688
42,effnet_orig,41,complexity,0.5833006801365264
42,effnet_orig,42,faithfulness,-0.014577537775039673
42,effnet_orig,42,robustness,5.37946081161499
42,effnet_orig,42,complexity,0.6121955747435723
42,effnet_orig,43,faithfulness,-0.07425050437450409
42,effnet_orig,43,robustness,1.0433300733566284
42,effnet_orig,43,complexity,0.5920799971811728
42,effnet_orig,44,faithfulness,0.0960409864783287
42,effnet_orig,44,robustness,234.95460510253906
42,effnet_orig,44,complexity,0.5976084269783268
42,effnet_orig,45,faithfulness,-0.20098337531089783
42,effnet_orig,45,robustness,4.066972732543945
42,effnet_orig,45,complexity,0.6027851485900938
42,effnet_recplot,0,faithfulness,0.2779003083705902
42,effnet_recplot,0,robustness,4.427158355712891
42,effnet_recplot,0,complexity,0.5693628976374232
42,effnet_recplot,1,faithfulness,-0.012292034924030304
42,effnet_recplot,1,robustness,2.735032796859741
42,effnet_recplot,1,complexity,0.6367991422787034
42,effnet_recplot,2,faithfulness,-0.10586878657341003
42,effnet_recplot,2,robustness,10.972784042358398
42,effnet_recplot,2,complexity,0.6337162880475656
42,effnet_recplot,3,faithfulness,0.15632402896881104
42,effnet_recplot,3,robustness,63.70283126831055
42,effnet_recplot,3,complexity,0.6145350347498569
42,effnet_recplot,4,faithfulness,-0.02800317108631134
42,effnet_recplot,4,robustness,55.799991607666016
42,effnet_recplot,4,complexity,0.6041512867446597
42,effnet_recplot,5,faithfulness,0.12875080108642578
42,effnet_recplot,5,robustness,105.16680145263672
42,effnet_recplot,5,complexity,0.6846295862611246
42,effnet_recplot,6,faithfulness,-0.3219150900840759
42,effnet_recplot,6,robustness,271.450927734375
42,effnet_recplot,6,complexity,0.6613223385749437
42,effnet_recplot,7,faithfulness,-0.0832073837518692
42,effnet_recplot,7,robustness,212.68190002441406
42,effnet_recplot,7,complexity,0.546593455210197
42,effnet_recplot,8,faithfulness,-0.126570463180542
42,effnet_recplot,8,robustness,13.072651863098145
42,effnet_recplot,8,complexity,0.6428569847785195
42,effnet_recplot,9,faithfulness,0.07824395596981049
42,effnet_recplot,9,robustness,41.653961181640625
42,effnet_recplot,9,complexity,0.6826507846501385
42,effnet_recplot,10,faithfulness,-0.28162041306495667
42,effnet_recplot,10,robustness,17.500282287597656
42,effnet_recplot,10,complexity,0.6874963528392778
42,effnet_recplot,11,faithfulness,-0.045975930988788605
42,effnet_recplot,11,robustness,4.737544059753418
42,effnet_recplot,11,complexity,0.5866727657946564
42,effnet_recplot,12,faithfulness,0.22739167511463165
42,effnet_recplot,12,robustness,132.40536499023438
42,effnet_recplot,12,complexity,0.635103302131374
42,effnet_recplot,13,faithfulness,-0.15483102202415466
42,effnet_recplot,13,robustness,160.90625
42,effnet_recplot,13,complexity,0.5789781971737662
42,effnet_recplot,14,faithfulness,-0.1886553168296814
42,effnet_recplot,14,robustness,37.505428314208984
42,effnet_recplot,14,complexity,0.6090249655284652
42,effnet_recplot,15,faithfulness,0.27477535605430603
42,effnet_recplot,15,robustness,95.76362609863281
42,effnet_recplot,15,complexity,0.6029108439854531
42,effnet_recplot,16,faithfulness,0.13233008980751038
42,effnet_recplot,16,robustness,118.05968475341797
42,effnet_recplot,16,complexity,0.6501598718521212
42,effnet_recplot,17,faithfulness,0.11708535999059677
42,effnet_recplot,17,robustness,380.7236328125
42,effnet_recplot,17,complexity,0.5509368614187905
42,effnet_recplot,18,faithfulness,-0.014277901500463486
42,effnet_recplot,18,robustness,14.013851165771484
42,effnet_recplot,18,complexity,0.5807353165050335
42,effnet_recplot,19,faithfulness,0.17944157123565674
42,effnet_recplot,19,robustness,49.93867111206055
42,effnet_recplot,19,complexity,0.6590285038320484
42,effnet_recplot,20,faithfulness,0.10266086459159851
42,effnet_recplot,20,robustness,179.76181030273438
42,effnet_recplot,20,complexity,0.6349440469215033
42,effnet_recplot,21,faithfulness,0.331548810005188
42,effnet_recplot,21,robustness,328.5584411621094
42,effnet_recplot,21,complexity,0.6736262307171444
42,effnet_recplot,22,faithfulness,-0.05730005353689194
42,effnet_recplot,22,robustness,12.73715591430664
42,effnet_recplot,22,complexity,0.5562660400737965
42,effnet_recplot,23,faithfulness,0.03308635950088501
42,effnet_recplot,23,robustness,43.772865295410156
42,effnet_recplot,23,complexity,0.629173174375763
42,effnet_recplot,24,faithfulness,-0.06148073077201843
42,effnet_recplot,24,robustness,8.660542488098145
42,effnet_recplot,24,complexity,0.5426211116548835
42,effnet_recplot,25,faithfulness,0.06595976650714874
42,effnet_recplot,25,robustness,2.4170897006988525
42,effnet_recplot,25,complexity,0.5971933947521467
42,effnet_recplot,26,faithfulness,0.08323314040899277
42,effnet_recplot,26,robustness,13.861251831054688
42,effnet_recplot,26,complexity,0.5415452574531519
42,effnet_recplot,27,faithfulness,-0.24473536014556885
42,effnet_recplot,27,robustness,2.913149118423462
42,effnet_recplot,27,complexity,0.6325122058136953
42,effnet_recplot,28,faithfulness,0.05142955109477043
42,effnet_recplot,28,robustness,54.96037292480469
42,effnet_recplot,28,complexity,0.5420540291768048
42,effnet_recplot,29,faithfulness,-0.024789543822407722
42,effnet_recplot,29,robustness,3.3971433639526367
42,effnet_recplot,29,complexity,0.5804231553258304
42,effnet_recplot,30,faithfulness,0.08461892604827881
42,effnet_recplot,30,robustness,7.314831256866455
42,effnet_recplot,30,complexity,0.5934140004685388
42,effnet_recplot,31,faithfulness,0.34132516384124756
42,effnet_recplot,31,robustness,66.69361877441406
42,effnet_recplot,31,complexity,0.5661741694836906
42,effnet_recplot,32,faithfulness,-0.14096510410308838
42,effnet_recplot,32,robustness,2.729294776916504
42,effnet_recplot,32,complexity,0.5592633193244785
42,effnet_recplot,33,faithfulness,0.15679201483726501
42,effnet_recplot,33,robustness,4.0511474609375
42,effnet_recplot,33,complexity,0.6559586512225443
42,effnet_recplot,34,faithfulness,-0.0752372294664383
42,effnet_recplot,34,robustness,1.589226484298706
42,effnet_recplot,34,complexity,0.5438089101820318
42,effnet_recplot,35,faithfulness,-0.049397632479667664
42,effnet_recplot,35,robustness,3.809422016143799
42,effnet_recplot,35,complexity,0.6363193539775401
42,effnet_recplot,36,faithfulness,0.35368824005126953
42,effnet_recplot,36,robustness,1.7439616918563843
42,effnet_recplot,36,complexity,0.6636540786652899
42,effnet_recplot,37,faithfulness,-0.2508276104927063
42,effnet_recplot,37,robustness,23.089393615722656
42,effnet_recplot,37,complexity,0.6027134015933266
42,effnet_recplot,38,faithfulness,-0.2694723606109619
42,effnet_recplot,38,robustness,14.137519836425781
42,effnet_recplot,38,complexity,0.6415813574062542
42,effnet_recplot,39,faithfulness,0.01973898708820343
42,effnet_recplot,39,robustness,61.279884338378906
42,effnet_recplot,39,complexity,0.6327996575284106
42,effnet_recplot,40,faithfulness,0.130449116230011
42,effnet_recplot,40,robustness,5.9644694328308105
42,effnet_recplot,40,complexity,0.6385400705772544
42,effnet_recplot,41,faithfulness,-0.12612269818782806
42,effnet_recplot,41,robustness,163.69070434570312
42,effnet_recplot,41,complexity,0.6232039350318391
42,effnet_recplot,42,faithfulness,-0.052344873547554016
42,effnet_recplot,42,robustness,62.89826965332031
42,effnet_recplot,42,complexity,0.64214139327653
42,effnet_recplot,43,faithfulness,0.08864444494247437
42,effnet_recplot,43,robustness,1.6562749147415161
42,effnet_recplot,43,complexity,0.6199213996427129
42,effnet_recplot,44,faithfulness,-0.42676326632499695
42,effnet_recplot,44,robustness,14.294719696044922
42,effnet_recplot,44,complexity,0.6523060402268316
42,effnet_recplot,45,faithfulness,0.05407242476940155
42,effnet_recplot,45,robustness,1.0436259508132935
42,effnet_recplot,45,complexity,0.6284251238584638
65,mobilenet_orig,0,faithfulness,0.3826054334640503
65,mobilenet_orig,0,robustness,2.0465362071990967
65,mobilenet_orig,0,complexity,0.6277031266727854
65,mobilenet_orig,1,faithfulness,0.024884354323148727
65,mobilenet_orig,1,robustness,1.5768260955810547
65,mobilenet_orig,1,complexity,0.6281727634397923
65,mobilenet_orig,2,faithfulness,0.17273032665252686
65,mobilenet_orig,2,robustness,1.7075467109680176
65,mobilenet_orig,2,complexity,0.6566903970789946
65,mobilenet_orig,3,faithfulness,-0.08576558530330658
65,mobilenet_orig,3,robustness,2.483151912689209
65,mobilenet_orig,3,complexity,0.6267876842802625
65,mobilenet_orig,4,faithfulness,0.163868248462677
65,mobilenet_orig,4,robustness,2.6886022090911865
65,mobilenet_orig,4,complexity,0.634488368874737
65,mobilenet_orig,5,faithfulness,-0.09574346989393234
65,mobilenet_orig,5,robustness,1.8201881647109985
65,mobilenet_orig,5,complexity,0.6422310164463385
65,mobilenet_orig,6,faithfulness,-0.16571587324142456
65,mobilenet_orig,6,robustness,1.944182276725769
65,mobilenet_orig,6,complexity,0.6478856152131075
65,mobilenet_orig,7,faithfulness,0.06823886930942535
65,mobilenet_orig,7,robustness,1.3890362977981567
65,mobilenet_orig,7,complexity,0.6436174040049822
65,mobilenet_orig,8,faithfulness,0.19183462858200073
65,mobilenet_orig,8,robustness,1.9469362497329712
65,mobilenet_orig,8,complexity,0.6235160978791365
65,mobilenet_orig,9,faithfulness,0.2485935091972351
65,mobilenet_orig,9,robustness,2.5492851734161377
65,mobilenet_orig,9,complexity,0.6330734176274923
65,mobilenet_orig,10,faithfulness,-0.1470487415790558
65,mobilenet_orig,10,robustness,1.8532235622406006
65,mobilenet_orig,10,complexity,0.6376183928969776
65,mobilenet_orig,11,faithfulness,-0.11504149436950684
65,mobilenet_orig,11,robustness,1.3754916191101074
65,mobilenet_orig,11,complexity,0.6487651976811682
65,mobilenet_orig,12,faithfulness,-0.22282734513282776
65,mobilenet_orig,12,robustness,2.0247597694396973
65,mobilenet_orig,12,complexity,0.6444672096201531
65,mobilenet_orig,13,faithfulness,0.12221336364746094
65,mobilenet_orig,13,robustness,1.7675912380218506
65,mobilenet_orig,13,complexity,0.6423060287905548
65,mobilenet_orig,14,faithfulness,0.08091264963150024
65,mobilenet_orig,14,robustness,2.03589129447937
65,mobilenet_orig,14,complexity,0.6146960632072297
65,mobilenet_orig,15,faithfulness,0.06881639361381531
65,mobilenet_orig,15,robustness,2.1922447681427
65,mobilenet_orig,15,complexity,0.6443193169889083
65,mobilenet_orig,16,faithfulness,-0.021365299820899963
65,mobilenet_orig,16,robustness,2.3255162239074707
65,mobilenet_orig,16,complexity,0.6389716687857154
65,mobilenet_orig,17,faithfulness,-0.2739017903804779
65,mobilenet_orig,17,robustness,2.519977569580078
65,mobilenet_orig,17,complexity,0.6086019134541361
65,mobilenet_orig,18,faithfulness,0.0943591445684433
65,mobilenet_orig,18,robustness,2.463347911834717
65,mobilenet_orig,18,complexity,0.6269817350115523
65,mobilenet_orig,19,faithfulness,-0.05663406848907471
65,mobilenet_orig,19,robustness,1.8014971017837524
65,mobilenet_orig,19,complexity,0.6405443941222124
65,mobilenet_orig,20,faithfulness,0.27626898884773254
65,mobilenet_orig,20,robustness,2.0876431465148926
65,mobilenet_orig,20,complexity,0.6600660215922457
65,mobilenet_orig,21,faithfulness,0.15707452595233917
65,mobilenet_orig,21,robustness,2.685953378677368
65,mobilenet_orig,21,complexity,0.6369735918278093
65,mobilenet_orig,22,faithfulness,-0.06864194571971893
65,mobilenet_orig,22,robustness,1.2378559112548828
65,mobilenet_orig,22,complexity,0.6303585260880108
65,mobilenet_orig,23,faithfulness,0.2979108691215515
65,mobilenet_orig,23,robustness,1.422738790512085
65,mobilenet_orig,23,complexity,0.6429033457975333
65,mobilenet_orig,24,faithfulness,0.06086178123950958
65,mobilenet_orig,24,robustness,1.4193333387374878
65,mobilenet_orig,24,complexity,0.6285789169488557
65,mobilenet_orig,25,faithfulness,-0.16110758483409882
65,mobilenet_orig,25,robustness,1.3169701099395752
65,mobilenet_orig,25,complexity,0.6876208486789506
65,mobilenet_orig,26,faithfulness,0.1816992461681366
65,mobilenet_orig,26,robustness,1.1902897357940674
65,mobilenet_orig,26,complexity,0.6031299231418203
65,mobilenet_orig,27,faithfulness,0.056098006665706635
65,mobilenet_orig,27,robustness,1.38455331325531
65,mobilenet_orig,27,complexity,0.6356016598376406
65,mobilenet_orig,28,faithfulness,-0.08234559744596481
65,mobilenet_orig,28,robustness,2.430668830871582
65,mobilenet_orig,28,complexity,0.6370082350178018
65,mobilenet_orig,29,faithfulness,0.060927923768758774
65,mobilenet_orig,29,robustness,2.3674471378326416
65,mobilenet_orig,29,complexity,0.6406399785932722
65,mobilenet_orig,30,faithfulness,0.002241704612970352
65,mobilenet_orig,30,robustness,1.5108915567398071
65,mobilenet_orig,30,complexity,0.629122473926945
65,mobilenet_orig,31,faithfulness,-0.0019420739263296127
65,mobilenet_orig,31,robustness,1.705041527748108
65,mobilenet_orig,31,complexity,0.6474394840681551
65,mobilenet_orig,32,faithfulness,-0.46096548438072205
65,mobilenet_orig,32,robustness,1.5113166570663452
65,mobilenet_orig,32,complexity,0.6372372026164553
65,mobilenet_orig,33,faithfulness,0.1173308715224266
65,mobilenet_orig,33,robustness,1.1952639818191528
65,mobilenet_orig,33,complexity,0.6144786303336085
65,mobilenet_orig,34,faithfulness,0.027658779174089432
65,mobilenet_orig,34,robustness,1.2651047706604004
65,mobilenet_orig,34,complexity,0.6162041394870846
65,mobilenet_orig,35,faithfulness,-0.1045876145362854
65,mobilenet_orig,35,robustness,1.51667058467865
65,mobilenet_orig,35,complexity,0.6267358353739659
65,mobilenet_orig,36,faithfulness,-0.009171221405267715
65,mobilenet_orig,36,robustness,1.594582438468933
65,mobilenet_orig,36,complexity,0.6203265710293488
65,mobilenet_orig,37,faithfulness,-0.14262330532073975
65,mobilenet_orig,37,robustness,1.5366426706314087
65,mobilenet_orig,37,complexity,0.6623429966302595
65,mobilenet_orig,38,faithfulness,0.18657228350639343
65,mobilenet_orig,38,robustness,1.4802714586257935
65,mobilenet_orig,38,complexity,0.6517450467166173
65,mobilenet_orig,39,faithfulness,-0.28331509232521057
65,mobilenet_orig,39,robustness,1.6161900758743286
65,mobilenet_orig,39,complexity,0.6538700197799899
65,mobilenet_orig,40,faithfulness,0.22962644696235657
65,mobilenet_orig,40,robustness,1.70955228805542
65,mobilenet_orig,40,complexity,0.6282401183723745
65,mobilenet_orig,41,faithfulness,-0.02343033254146576
65,mobilenet_orig,41,robustness,2.041870355606079
65,mobilenet_orig,41,complexity,0.6169071055537169
65,mobilenet_orig,42,faithfulness,-0.06877803802490234
65,mobilenet_orig,42,robustness,1.8165733814239502
65,mobilenet_orig,42,complexity,0.6159915001279805
65,mobilenet_orig,43,faithfulness,0.10126388818025589
65,mobilenet_orig,43,robustness,1.873414158821106
65,mobilenet_orig,43,complexity,0.5961263826353961
65,mobilenet_orig,44,faithfulness,-0.17590731382369995
65,mobilenet_orig,44,robustness,1.9085525274276733
65,mobilenet_orig,44,complexity,0.6034442160849744
65,mobilenet_orig,45,faithfulness,-0.20539572834968567
65,mobilenet_orig,45,robustness,2.4277055263519287
65,mobilenet_orig,45,complexity,0.6339088148502965
65,mobilenet_recplot,0,faithfulness,0.044240377843379974
65,mobilenet_recplot,0,robustness,1.7069449424743652
65,mobilenet_recplot,0,complexity,0.6226426074008244
65,mobilenet_recplot,1,faithfulness,-0.2273445874452591
65,mobilenet_recplot,1,robustness,1.6324654817581177
65,mobilenet_recplot,1,complexity,0.6274138184815601
65,mobilenet_recplot,2,faithfulness,-0.1705959141254425
65,mobilenet_recplot,2,robustness,1.4494616985321045
65,mobilenet_recplot,2,complexity,0.6568316900806158
65,mobilenet_recplot,3,faithfulness,-0.0005396008491516113
65,mobilenet_recplot,3,robustness,1.7489001750946045
65,mobilenet_recplot,3,complexity,0.6379549582018135
65,mobilenet_recplot,4,faithfulness,-0.2740169167518616
65,mobilenet_recplot,4,robustness,1.3727850914001465
65,mobilenet_recplot,4,complexity,0.6055353567703726
65,mobilenet_recplot,5,faithfulness,0.2132880985736847
65,mobilenet_recplot,5,robustness,2.042961597442627
65,mobilenet_recplot,5,complexity,0.6397009751119145
65,mobilenet_recplot,6,faithfulness,0.110953189432621
65,mobilenet_recplot,6,robustness,1.680694341659546
65,mobilenet_recplot,6,complexity,0.6245559384162308
65,mobilenet_recplot,7,faithfulness,0.1752711832523346
65,mobilenet_recplot,7,robustness,1.345698356628418
65,mobilenet_recplot,7,complexity,0.6366373137137638
65,mobilenet_recplot,8,faithfulness,0.05098581314086914
65,mobilenet_recplot,8,robustness,1.4246104955673218
65,mobilenet_recplot,8,complexity,0.644500045825129
65,mobilenet_recplot,9,faithfulness,0.032499127089977264
65,mobilenet_recplot,9,robustness,1.8128459453582764
65,mobilenet_recplot,9,complexity,0.6223735126960501
65,mobilenet_recplot,10,faithfulness,-0.0025871936231851578
65,mobilenet_recplot,10,robustness,1.8901035785675049
65,mobilenet_recplot,10,complexity,0.6362127397073684
65,mobilenet_recplot,11,faithfulness,-0.11253789812326431
65,mobilenet_recplot,11,robustness,1.3752301931381226
65,mobilenet_recplot,11,complexity,0.6308794269471699
65,mobilenet_recplot,12,faithfulness,-0.12509559094905853
65,mobilenet_recplot,12,robustness,1.4493275880813599
65,mobilenet_recplot,12,complexity,0.6317243809704702
65,mobilenet_recplot,13,faithfulness,-0.22742007672786713
65,mobilenet_recplot,13,robustness,1.6327967643737793
65,mobilenet_recplot,13,complexity,0.6593165597236579
65,mobilenet_recplot,14,faithfulness,0.3047429919242859
65,mobilenet_recplot,14,robustness,1.608331322669983
65,mobilenet_recplot,14,complexity,0.639413647584756
65,mobilenet_recplot,15,faithfulness,-0.00584847666323185
65,mobilenet_recplot,15,robustness,1.7488600015640259
65,mobilenet_recplot,15,complexity,0.6550008551447807
65,mobilenet_recplot,16,faithfulness,-0.1700652837753296
65,mobilenet_recplot,16,robustness,1.9599273204803467
65,mobilenet_recplot,16,complexity,0.623119871887853
65,mobilenet_recplot,17,faithfulness,-0.17264153063297272
65,mobilenet_recplot,17,robustness,1.6304994821548462
65,mobilenet_recplot,17,complexity,0.6260788451888766
65,mobilenet_recplot,18,faithfulness,-0.23161634802818298
65,mobilenet_recplot,18,robustness,1.7412446737289429
65,mobilenet_recplot,18,complexity,0.6229988672162285
65,mobilenet_recplot,19,faithfulness,0.19693556427955627
65,mobilenet_recplot,19,robustness,2.423940420150757
65,mobilenet_recplot,19,complexity,0.621811569506049
65,mobilenet_recplot,20,faithfulness,-0.44864755868911743
65,mobilenet_recplot,20,robustness,1.8703511953353882
65,mobilenet_recplot,20,complexity,0.6361558288039796
65,mobilenet_recplot,21,faithfulness,-0.18374210596084595
65,mobilenet_recplot,21,robustness,1.6583105325698853
65,mobilenet_recplot,21,complexity,0.6342939268997958
65,mobilenet_recplot,22,faithfulness,-0.23680377006530762
65,mobilenet_recplot,22,robustness,1.1856921911239624
65,mobilenet_recplot,22,complexity,0.6501205483905694
65,mobilenet_recplot,23,faithfulness,-0.2988593876361847
65,mobilenet_recplot,23,robustness,1.3444442749023438
65,mobilenet_recplot,23,complexity,0.6709118692494351
65,mobilenet_recplot,24,faithfulness,-0.11698181927204132
65,mobilenet_recplot,24,robustness,1.2819064855575562
65,mobilenet_recplot,24,complexity,0.6503998378060859
65,mobilenet_recplot,25,faithfulness,-0.17539939284324646
65,mobilenet_recplot,25,robustness,1.269729495048523
65,mobilenet_recplot,25,complexity,0.6066134182774622
65,mobilenet_recplot,26,faithfulness,-0.09192530810832977
65,mobilenet_recplot,26,robustness,1.3284211158752441
65,mobilenet_recplot,26,complexity,0.6551040223409557
65,mobilenet_recplot,27,faithfulness,0.14995725452899933
65,mobilenet_recplot,27,robustness,1.214056372642517
65,mobilenet_recplot,27,complexity,0.6358373829885301
65,mobilenet_recplot,28,faithfulness,0.152640700340271
65,mobilenet_recplot,28,robustness,1.708314299583435
65,mobilenet_recplot,28,complexity,0.6026709424659257
65,mobilenet_recplot,29,faithfulness,-0.100234255194664
65,mobilenet_recplot,29,robustness,2.5370125770568848
65,mobilenet_recplot,29,complexity,0.6091347272974438
65,mobilenet_recplot,30,faithfulness,0.3295498490333557
65,mobilenet_recplot,30,robustness,1.6477938890457153
65,mobilenet_recplot,30,complexity,0.6114507283561105
65,mobilenet_recplot,31,faithfulness,-0.15197326242923737
65,mobilenet_recplot,31,robustness,1.4805142879486084
65,mobilenet_recplot,31,complexity,0.5803981626477606
65,mobilenet_recplot,32,faithfulness,0.07846676558256149
65,mobilenet_recplot,32,robustness,1.2016898393630981
65,mobilenet_recplot,32,complexity,0.609699111422542
65,mobilenet_recplot,33,faithfulness,-0.03604789078235626
65,mobilenet_recplot,33,robustness,1.5628553628921509
65,mobilenet_recplot,33,complexity,0.6779135437634294
65,mobilenet_recplot,34,faithfulness,-0.019673384726047516
65,mobilenet_recplot,34,robustness,1.2927981615066528
65,mobilenet_recplot,34,complexity,0.5964707716885229
65,mobilenet_recplot,35,faithfulness,0.02580174058675766
65,mobilenet_recplot,35,robustness,1.3020445108413696
65,mobilenet_recplot,35,complexity,0.6043455860050047
65,mobilenet_recplot,36,faithfulness,0.06226826086640358
65,mobilenet_recplot,36,robustness,1.4095933437347412
65,mobilenet_recplot,36,complexity,0.6250547107960004
65,mobilenet_recplot,37,faithfulness,-0.006124895066022873
65,mobilenet_recplot,37,robustness,1.5359433889389038
65,mobilenet_recplot,37,complexity,0.6353804195413694
65,mobilenet_recplot,38,faithfulness,0.11628833413124084
65,mobilenet_recplot,38,robustness,1.2902354001998901
65,mobilenet_recplot,38,complexity,0.6464856308785646
65,mobilenet_recplot,39,faithfulness,0.07907522469758987
65,mobilenet_recplot,39,robustness,1.4099295139312744
65,mobilenet_recplot,39,complexity,0.6445270505087227
65,mobilenet_recplot,40,faithfulness,-0.13397449254989624
65,mobilenet_recplot,40,robustness,1.1494606733322144
65,mobilenet_recplot,40,complexity,0.6481473400219536
65,mobilenet_recplot,41,faithfulness,0.04399891942739487
65,mobilenet_recplot,41,robustness,1.274222731590271
65,mobilenet_recplot,41,complexity,0.6177794365106827
65,mobilenet_recplot,42,faithfulness,-0.0593193881213665
65,mobilenet_recplot,42,robustness,1.2830561399459839
65,mobilenet_recplot,42,complexity,0.6344099716404197
65,mobilenet_recplot,43,faithfulness,0.3128134608268738
65,mobilenet_recplot,43,robustness,1.5626659393310547
65,mobilenet_recplot,43,complexity,0.6383992230058401
65,mobilenet_recplot,44,faithfulness,-0.09092919528484344
65,mobilenet_recplot,44,robustness,1.3083189725875854
65,mobilenet_recplot,44,complexity,0.6499517828923168
65,mobilenet_recplot,45,faithfulness,-0.053825728595256805
65,mobilenet_recplot,45,robustness,1.3759310245513916
65,mobilenet_recplot,45,complexity,0.6254849530862079
65,effnet_orig,0,faithfulness,-0.11248639225959778
65,effnet_orig,0,robustness,4.669304370880127
65,effnet_orig,0,complexity,0.6349725868298838
65,effnet_orig,1,faithfulness,0.056721508502960205
65,effnet_orig,1,robustness,51.076202392578125
65,effnet_orig,1,complexity,0.600495821542191
65,effnet_orig,2,faithfulness,-0.06306008994579315
65,effnet_orig,2,robustness,99.62532806396484
65,effnet_orig,2,complexity,0.6317199155056835
65,effnet_orig,3,faithfulness,-0.1567373275756836
65,effnet_orig,3,robustness,22.767019271850586
65,effnet_orig,3,complexity,0.6081910358414119
65,effnet_orig,4,faithfulness,0.07054409384727478
65,effnet_orig,4,robustness,515.3207397460938
65,effnet_orig,4,complexity,0.6368037719709655
65,effnet_orig,5,faithfulness,0.1477535516023636
65,effnet_orig,5,robustness,66.94548034667969
65,effnet_orig,5,complexity,0.6152259554907902
65,effnet_orig,6,faithfulness,0.1681375801563263
65,effnet_orig,6,robustness,501.1473388671875
65,effnet_orig,6,complexity,0.6197209901086592
65,effnet_orig,7,faithfulness,-0.25025811791419983
65,effnet_orig,7,robustness,313.898193359375
65,effnet_orig,7,complexity,0.6025440379556443
65,effnet_orig,8,faithfulness,0.015609338879585266
65,effnet_orig,8,robustness,537.6963500976562
65,effnet_orig,8,complexity,0.6147013022813121
65,effnet_orig,9,faithfulness,0.0453762412071228
65,effnet_orig,9,robustness,1622.0709228515625
65,effnet_orig,9,complexity,0.5947577556217218
65,effnet_orig,10,faithfulness,-0.17662543058395386
65,effnet_orig,10,robustness,336.05242919921875
65,effnet_orig,10,complexity,0.6182160979100477
65,effnet_orig,11,faithfulness,0.028831083327531815
65,effnet_orig,11,robustness,182.24859619140625
65,effnet_orig,11,complexity,0.6391495280841066
65,effnet_orig,12,faithfulness,0.05091894418001175
65,effnet_orig,12,robustness,225.96194458007812
65,effnet_orig,12,complexity,0.6068873964109917
65,effnet_orig,13,faithfulness,0.056279875338077545
65,effnet_orig,13,robustness,21.240856170654297
65,effnet_orig,13,complexity,0.6259121453231192
65,effnet_orig,14,faithfulness,-0.10323074460029602
65,effnet_orig,14,robustness,410.7469787597656
65,effnet_orig,14,complexity,0.6028212138832626
65,effnet_orig,15,faithfulness,-0.06653226912021637
65,effnet_orig,15,robustness,38.65580368041992
65,effnet_orig,15,complexity,0.6238319958925653
65,effnet_orig,16,faithfulness,0.1353309452533722
65,effnet_orig,16,robustness,297.4386901855469
65,effnet_orig,16,complexity,0.6403235525830224
65,effnet_orig,17,faithfulness,-0.09721590578556061
65,effnet_orig,17,robustness,126.65631866455078
65,effnet_orig,17,complexity,0.6149128119300038
65,effnet_orig,18,faithfulness,-0.047860126942396164
65,effnet_orig,18,robustness,189.1946563720703
65,effnet_orig,18,complexity,0.6357266653276156
65,effnet_orig,19,faithfulness,0.1954258531332016
65,effnet_orig,19,robustness,1718.8623046875
65,effnet_orig,19,complexity,0.6462407661881382
65,effnet_orig,20,faithfulness,0.2432812750339508
65,effnet_orig,20,robustness,61.673133850097656
65,effnet_orig,20,complexity,0.6527268461695691
65,effnet_orig,21,faithfulness,0.011323779821395874
65,effnet_orig,21,robustness,184.06739807128906
65,effnet_orig,21,complexity,0.6675586136970834
65,effnet_orig,22,faithfulness,0.1433698534965515
65,effnet_orig,22,robustness,4.219146728515625
65,effnet_orig,22,complexity,0.5964334952248707
65,effnet_orig,23,faithfulness,-0.19844457507133484
65,effnet_orig,23,robustness,1922.62255859375
65,effnet_orig,23,complexity,0.6086568093114787
65,effnet_orig,24,faithfulness,-0.28888991475105286
65,effnet_orig,24,robustness,28.233348846435547
65,effnet_orig,24,complexity,0.5959040062542841
65,effnet_orig,25,faithfulness,0.029518090188503265
65,effnet_orig,25,robustness,159.73582458496094
65,effnet_orig,25,complexity,0.6049319727647269
65,effnet_orig,26,faithfulness,-0.009340941905975342
65,effnet_orig,26,robustness,68.21337890625
65,effnet_orig,26,complexity,0.6173791425516372
65,effnet_orig,27,faithfulness,0.13477098941802979
65,effnet_orig,27,robustness,120.20958709716797
65,effnet_orig,27,complexity,0.5962461789943605
65,effnet_orig,28,faithfulness,-0.03168486803770065
65,effnet_orig,28,robustness,54.41202926635742
65,effnet_orig,28,complexity,0.5964608596612304
65,effnet_orig,29,faithfulness,0.22365199029445648
65,effnet_orig,29,robustness,1367.459716796875
65,effnet_orig,29,complexity,0.6111287217410046
65,effnet_orig,30,faithfulness,0.24104487895965576
65,effnet_orig,30,robustness,103.61344909667969
65,effnet_orig,30,complexity,0.6076645779465102
65,effnet_orig,31,faithfulness,0.03950481116771698
65,effnet_orig,31,robustness,18.501787185668945
65,effnet_orig,31,complexity,0.635437904545237
65,effnet_orig,32,faithfulness,0.3388502299785614
65,effnet_orig,32,robustness,357.21527099609375
65,effnet_orig,32,complexity,0.5796660668384933
65,effnet_orig,33,faithfulness,0.027743004262447357
65,effnet_orig,33,robustness,945.1881713867188
65,effnet_orig,33,complexity,0.6170284151578631
65,effnet_orig,34,faithfulness,0.011859731748700142
65,effnet_orig,34,robustness,18.238449096679688
65,effnet_orig,34,complexity,0.6036517744915877
65,effnet_orig,35,faithfulness,-0.13336195051670074
65,effnet_orig,35,robustness,3882.458251953125
65,effnet_orig,35,complexity,0.5829193333551598
65,effnet_orig,36,faithfulness,0.02873813360929489
65,effnet_orig,36,robustness,94.59126281738281
65,effnet_orig,36,complexity,0.5764665554471172
65,effnet_orig,37,faithfulness,0.10507872700691223
65,effnet_orig,37,robustness,1.012552261352539
65,effnet_orig,37,complexity,0.6283196439480447
65,effnet_orig,38,faithfulness,0.08070328831672668
65,effnet_orig,38,robustness,26.753704071044922
65,effnet_orig,38,complexity,0.5345439044280058
65,effnet_orig,39,faithfulness,0.08214373886585236
65,effnet_orig,39,robustness,96.5623550415039
65,effnet_orig,39,complexity,0.6003499473261854
65,effnet_orig,40,faithfulness,-0.03467801585793495
65,effnet_orig,40,robustness,120.9104995727539
65,effnet_orig,40,complexity,0.5990602975414959
65,effnet_orig,41,faithfulness,-0.13895343244075775
65,effnet_orig,41,robustness,56.17865753173828
65,effnet_orig,41,complexity,0.6082757319110527
65,effnet_orig,42,faithfulness,-0.09400825202465057
65,effnet_orig,42,robustness,13.356952667236328
65,effnet_orig,42,complexity,0.5897202084757245
65,effnet_orig,43,faithfulness,-0.17420694231987
65,effnet_orig,43,robustness,9.423842430114746
65,effnet_orig,43,complexity,0.5679601950229731
65,effnet_orig,44,faithfulness,0.028705991804599762
65,effnet_orig,44,robustness,1.970513105392456
65,effnet_orig,44,complexity,0.6220254219803186
65,effnet_orig,45,faithfulness,0.13219374418258667
65,effnet_orig,45,robustness,50.5465087890625
65,effnet_orig,45,complexity,0.6083257692152743
65,effnet_recplot,0,faithfulness,-0.12920525670051575
65,effnet_recplot,0,robustness,35.87151336669922
65,effnet_recplot,0,complexity,0.6262664707266549
65,effnet_recplot,1,faithfulness,-0.13919371366500854
65,effnet_recplot,1,robustness,85.36768341064453
65,effnet_recplot,1,complexity,0.6258091627148447
65,effnet_recplot,2,faithfulness,-0.058986395597457886
65,effnet_recplot,2,robustness,102.88160705566406
65,effnet_recplot,2,complexity,0.6239548201538087
65,effnet_recplot,3,faithfulness,-0.03887131065130234
65,effnet_recplot,3,robustness,49.55983352661133
65,effnet_recplot,3,complexity,0.623874335933243
65,effnet_recplot,4,faithfulness,0.11253377795219421
65,effnet_recplot,4,robustness,14.946147918701172
65,effnet_recplot,4,complexity,0.6335399886991616
65,effnet_recplot,5,faithfulness,0.23358261585235596
65,effnet_recplot,5,robustness,1.1244736909866333
65,effnet_recplot,5,complexity,0.6909282049638369
65,effnet_recplot,6,faithfulness,0.08187026530504227
65,effnet_recplot,6,robustness,55.65609359741211
65,effnet_recplot,6,complexity,0.63601617906542
65,effnet_recplot,7,faithfulness,0.005432650446891785
65,effnet_recplot,7,robustness,7.797243595123291
65,effnet_recplot,7,complexity,0.6448762580907325
65,effnet_recplot,8,faithfulness,-0.2828456461429596
65,effnet_recplot,8,robustness,578.0642700195312
65,effnet_recplot,8,complexity,0.6358298231498922
65,effnet_recplot,9,faithfulness,-0.04749920964241028
65,effnet_recplot,9,robustness,40.342105865478516
65,effnet_recplot,9,complexity,0.637057512244004
65,effnet_recplot,10,faithfulness,0.02345350757241249
65,effnet_recplot,10,robustness,4.352282524108887
65,effnet_recplot,10,complexity,0.6364777187494574
65,effnet_recplot,11,faithfulness,0.21269290149211884
65,effnet_recplot,11,robustness,3.236232042312622
65,effnet_recplot,11,complexity,0.6437318853040012
65,effnet_recplot,12,faithfulness,0.020219922065734863
65,effnet_recplot,12,robustness,2.329211950302124
65,effnet_recplot,12,complexity,0.6168501261665992
65,effnet_recplot,13,faithfulness,-0.21775713562965393
65,effnet_recplot,13,robustness,157.81932067871094
65,effnet_recplot,13,complexity,0.6261068391905297
65,effnet_recplot,14,faithfulness,0.0836821049451828
65,effnet_recplot,14,robustness,8.440424919128418
65,effnet_recplot,14,complexity,0.6287716053227679
65,effnet_recplot,15,faithfulness,0.18903151154518127
65,effnet_recplot,15,robustness,58.988468170166016
65,effnet_recplot,15,complexity,0.6256248247746801
65,effnet_recplot,16,faithfulness,-0.08938658237457275
65,effnet_recplot,16,robustness,110.74480438232422
65,effnet_recplot,16,complexity,0.5999314274324644
65,effnet_recplot,17,faithfulness,0.030327826738357544
65,effnet_recplot,17,robustness,1.3417103290557861
65,effnet_recplot,17,complexity,0.6279405705121085
65,effnet_recplot,18,faithfulness,0.11609514057636261
65,effnet_recplot,18,robustness,1.0230581760406494
65,effnet_recplot,18,complexity,0.7182992443243287
65,effnet_recplot,19,faithfulness,-0.24402879178524017
65,effnet_recplot,19,robustness,146.1334991455078
65,effnet_recplot,19,complexity,0.6449068022828155
65,effnet_recplot,20,faithfulness,-0.40812021493911743
65,effnet_recplot,20,robustness,57.49723434448242
65,effnet_recplot,20,complexity,0.637924372682462
65,effnet_recplot,21,faithfulness,0.06604506075382233
65,effnet_recplot,21,robustness,5.137600421905518
65,effnet_recplot,21,complexity,0.6529923558718078
65,effnet_recplot,22,faithfulness,-0.33884912729263306
65,effnet_recplot,22,robustness,63.9378547668457
65,effnet_recplot,22,complexity,0.6188411178590075
65,effnet_recplot,23,faithfulness,-0.23294326663017273
65,effnet_recplot,23,robustness,786.087158203125
65,effnet_recplot,23,complexity,0.6168345474709184
65,effnet_recplot,24,faithfulness,0.09621594846248627
65,effnet_recplot,24,robustness,180.91307067871094
65,effnet_recplot,24,complexity,0.637521781476709
65,effnet_recplot,25,faithfulness,0.05604517459869385
65,effnet_recplot,25,robustness,3.1383512020111084
65,effnet_recplot,25,complexity,0.6545133549111761
65,effnet_recplot,26,faithfulness,-0.020233154296875
65,effnet_recplot,26,robustness,34.20243835449219
65,effnet_recplot,26,complexity,0.6226978461881604
65,effnet_recplot,27,faithfulness,0.27310311794281006
65,effnet_recplot,27,robustness,3.1555118560791016
65,effnet_recplot,27,complexity,0.6028646109934862
65,effnet_recplot,28,faithfulness,-0.1434493362903595
65,effnet_recplot,28,robustness,2.912759780883789
65,effnet_recplot,28,complexity,0.5952971527375474
65,effnet_recplot,29,faithfulness,0.4331839382648468
65,effnet_recplot,29,robustness,1.0085492134094238
65,effnet_recplot,29,complexity,0.6035545120348711
65,effnet_recplot,30,faithfulness,-0.19082820415496826
65,effnet_recplot,30,robustness,313.34112548828125
65,effnet_recplot,30,complexity,0.5673287582680292
65,effnet_recplot,31,faithfulness,-0.25579842925071716
65,effnet_recplot,31,robustness,2.8974475860595703
65,effnet_recplot,31,complexity,0.6014928161425142
65,effnet_recplot,32,faithfulness,0.09304788708686829
65,effnet_recplot,32,robustness,714.2880249023438
65,effnet_recplot,32,complexity,0.603133402013692
65,effnet_recplot,33,faithfulness,-0.0066861361265182495
65,effnet_recplot,33,robustness,27.40033531188965
65,effnet_recplot,33,complexity,0.6561130340597233
65,effnet_recplot,34,faithfulness,0.2791552245616913
65,effnet_recplot,34,robustness,16.072952270507812
65,effnet_recplot,34,complexity,0.6469993063990037
65,effnet_recplot,35,faithfulness,0.12873820960521698
65,effnet_recplot,35,robustness,2.117375135421753
65,effnet_recplot,35,complexity,0.6479018544766085
65,effnet_recplot,36,faithfulness,0.08160687983036041
65,effnet_recplot,36,robustness,25.988563537597656
65,effnet_recplot,36,complexity,0.5777603070740598
65,effnet_recplot,37,faithfulness,-0.07754101604223251
65,effnet_recplot,37,robustness,35.9166145324707
65,effnet_recplot,37,complexity,0.6459999109986437
65,effnet_recplot,38,faithfulness,-0.21257838606834412
65,effnet_recplot,38,robustness,338.0606384277344
65,effnet_recplot,38,complexity,0.636007698707686
65,effnet_recplot,39,faithfulness,0.13447070121765137
65,effnet_recplot,39,robustness,486.5718688964844
65,effnet_recplot,39,complexity,0.6307719584137119
65,effnet_recplot,40,faithfulness,-0.12776252627372742
65,effnet_recplot,40,robustness,25.153705596923828
65,effnet_recplot,40,complexity,0.6733053360937271
65,effnet_recplot,41,faithfulness,-0.04540521651506424
65,effnet_recplot,41,robustness,13.080528259277344
65,effnet_recplot,41,complexity,0.6263308237098943
65,effnet_recplot,42,faithfulness,-0.03033086471259594
65,effnet_recplot,42,robustness,496.60552978515625
65,effnet_recplot,42,complexity,0.6045406351227522
65,effnet_recplot,43,faithfulness,0.07598976790904999
65,effnet_recplot,43,robustness,7.404254913330078
65,effnet_recplot,43,complexity,0.6711596656543254
65,effnet_recplot,44,faithfulness,0.13132897019386292
65,effnet_recplot,44,robustness,10.001264572143555
65,effnet_recplot,44,complexity,0.6042294845430771
65,effnet_recplot,45,faithfulness,0.12876734137535095
65,effnet_recplot,45,robustness,1.6919724941253662
65,effnet_recplot,45,complexity,0.6318860172625579
87,mobilenet_orig,0,faithfulness,-0.06144491210579872
87,mobilenet_orig,0,robustness,3.5689213275909424
87,mobilenet_orig,0,complexity,0.6398353549822556
87,mobilenet_orig,1,faithfulness,-0.04775926470756531
87,mobilenet_orig,1,robustness,2.958501100540161
87,mobilenet_orig,1,complexity,0.6381669058349351
87,mobilenet_orig,2,faithfulness,-0.12661291658878326
87,mobilenet_orig,2,robustness,2.5493288040161133
87,mobilenet_orig,2,complexity,0.6426350665806124
87,mobilenet_orig,3,faithfulness,0.17753005027770996
87,mobilenet_orig,3,robustness,4.732700347900391
87,mobilenet_orig,3,complexity,0.630095640603053
87,mobilenet_orig,4,faithfulness,-0.1676025539636612
87,mobilenet_orig,4,robustness,5.424182891845703
87,mobilenet_orig,4,complexity,0.6283665901395231
87,mobilenet_orig,5,faithfulness,-0.14773941040039062
87,mobilenet_orig,5,robustness,6.348858833312988
87,mobilenet_orig,5,complexity,0.6423866175020397
87,mobilenet_orig,6,faithfulness,-0.2286105453968048
87,mobilenet_orig,6,robustness,3.929271936416626
87,mobilenet_orig,6,complexity,0.6509471860868712
87,mobilenet_orig,7,faithfulness,-0.1883099377155304
87,mobilenet_orig,7,robustness,2.4352009296417236
87,mobilenet_orig,7,complexity,0.6399903544981319
87,mobilenet_orig,8,faithfulness,0.1657956838607788
87,mobilenet_orig,8,robustness,3.857856512069702
87,mobilenet_orig,8,complexity,0.6390136668594196
87,mobilenet_orig,9,faithfulness,0.031574688851833344
87,mobilenet_orig,9,robustness,5.45817232131958
87,mobilenet_orig,9,complexity,0.6304340670672292
87,mobilenet_orig,10,faithfulness,0.04755585640668869
87,mobilenet_orig,10,robustness,5.208431720733643
87,mobilenet_orig,10,complexity,0.6265989858462249
87,mobilenet_orig,11,faithfulness,-0.17940978705883026
87,mobilenet_orig,11,robustness,1.947077751159668
87,mobilenet_orig,11,complexity,0.6499482256438268
87,mobilenet_orig,12,faithfulness,0.07317695021629333
87,mobilenet_orig,12,robustness,4.020429611206055
87,mobilenet_orig,12,complexity,0.6338655191574615
87,mobilenet_orig,13,faithfulness,-0.2691432535648346
87,mobilenet_orig,13,robustness,2.4485819339752197
87,mobilenet_orig,13,complexity,0.6389603870445506
87,mobilenet_orig,14,faithfulness,-0.18536630272865295
87,mobilenet_orig,14,robustness,5.111745357513428
87,mobilenet_orig,14,complexity,0.6131897172874056
87,mobilenet_orig,15,faithfulness,-0.07207149267196655
87,mobilenet_orig,15,robustness,6.160903453826904
87,mobilenet_orig,15,complexity,0.623740581116486
87,mobilenet_orig,16,faithfulness,-0.06062121316790581
87,mobilenet_orig,16,robustness,3.8517513275146484
87,mobilenet_orig,16,complexity,0.6282108155466246
87,mobilenet_orig,17,faithfulness,-0.16237926483154297
87,mobilenet_orig,17,robustness,4.025450706481934
87,mobilenet_orig,17,complexity,0.6123827149630404
87,mobilenet_orig,18,faithfulness,0.14646795392036438
87,mobilenet_orig,18,robustness,6.442304611206055
87,mobilenet_orig,18,complexity,0.6208435841327014
87,mobilenet_orig,19,faithfulness,0.06092197448015213
87,mobilenet_orig,19,robustness,4.585242748260498
87,mobilenet_orig,19,complexity,0.6614493802944704
87,mobilenet_orig,20,faithfulness,-0.06913724541664124
87,mobilenet_orig,20,robustness,8.488041877746582
87,mobilenet_orig,20,complexity,0.6450109982690304
87,mobilenet_orig,21,faithfulness,-0.2662413716316223
87,mobilenet_orig,21,robustness,7.395904064178467
87,mobilenet_orig,21,complexity,0.6199528790341362
87,mobilenet_orig,22,faithfulness,-0.01126408576965332
87,mobilenet_orig,22,robustness,1.7702475786209106
87,mobilenet_orig,22,complexity,0.625134734511539
87,mobilenet_orig,23,faithfulness,-0.0323517844080925
87,mobilenet_orig,23,robustness,2.2018706798553467
87,mobilenet_orig,23,complexity,0.6318323956067985
87,mobilenet_orig,24,faithfulness,0.008985280990600586
87,mobilenet_orig,24,robustness,2.3043432235717773
87,mobilenet_orig,24,complexity,0.5958768859791238
87,mobilenet_orig,25,faithfulness,0.09434477239847183
87,mobilenet_orig,25,robustness,3.5310935974121094
87,mobilenet_orig,25,complexity,0.6404395061039729
87,mobilenet_orig,26,faithfulness,-0.3090590834617615
87,mobilenet_orig,26,robustness,1.5007247924804688
87,mobilenet_orig,26,complexity,0.6050710713410462
87,mobilenet_orig,27,faithfulness,0.11617419868707657
87,mobilenet_orig,27,robustness,2.7649033069610596
87,mobilenet_orig,27,complexity,0.6220107810526843
87,mobilenet_orig,28,faithfulness,0.19759567081928253
87,mobilenet_orig,28,robustness,3.453117847442627
87,mobilenet_orig,28,complexity,0.6381770740122177
87,mobilenet_orig,29,faithfulness,0.15087705850601196
87,mobilenet_orig,29,robustness,4.056646823883057
87,mobilenet_orig,29,complexity,0.6359538032692846
87,mobilenet_orig,30,faithfulness,0.04290793463587761
87,mobilenet_orig,30,robustness,3.338991165161133
87,mobilenet_orig,30,complexity,0.615067053601402
87,mobilenet_orig,31,faithfulness,-0.26632654666900635
87,mobilenet_orig,31,robustness,3.1991281509399414
87,mobilenet_orig,31,complexity,0.6314475863031831
87,mobilenet_orig,32,faithfulness,0.045291729271411896
87,mobilenet_orig,32,robustness,2.292950391769409
87,mobilenet_orig,32,complexity,0.6343152227548532
87,mobilenet_orig,33,faithfulness,-0.3065178394317627
87,mobilenet_orig,33,robustness,1.372973084449768
87,mobilenet_orig,33,complexity,0.6142055045981802
87,mobilenet_orig,34,faithfulness,-0.14020518958568573
87,mobilenet_orig,34,robustness,1.8972258567810059
87,mobilenet_orig,34,complexity,0.6055630038526566
87,mobilenet_orig,35,faithfulness,-0.19305869936943054
87,mobilenet_orig,35,robustness,3.1498610973358154
87,mobilenet_orig,35,complexity,0.6168657598663515
87,mobilenet_orig,36,faithfulness,0.02265641838312149
87,mobilenet_orig,36,robustness,2.981760263442993
87,mobilenet_orig,36,complexity,0.5901423025176679
87,mobilenet_orig,37,faithfulness,0.02183680236339569
87,mobilenet_orig,37,robustness,2.4236342906951904
87,mobilenet_orig,37,complexity,0.6466415470353378
87,mobilenet_orig,38,faithfulness,0.11113080382347107
87,mobilenet_orig,38,robustness,2.7097649574279785
87,mobilenet_orig,38,complexity,0.6266111616726217
87,mobilenet_orig,39,faithfulness,-0.021413471549749374
87,mobilenet_orig,39,robustness,1.6101855039596558
87,mobilenet_orig,39,complexity,0.6736789751722758
87,mobilenet_orig,40,faithfulness,0.14825481176376343
87,mobilenet_orig,40,robustness,1.7256308794021606
87,mobilenet_orig,40,complexity,0.6200010975506387
87,mobilenet_orig,41,faithfulness,-0.18987113237380981
87,mobilenet_orig,41,robustness,3.5610551834106445
87,mobilenet_orig,41,complexity,0.6132059093593357
87,mobilenet_orig,42,faithfulness,-0.0672239139676094
87,mobilenet_orig,42,robustness,3.3436851501464844
87,mobilenet_orig,42,complexity,0.6072896727419915
87,mobilenet_orig,43,faithfulness,0.06284105777740479
87,mobilenet_orig,43,robustness,3.2844014167785645
87,mobilenet_orig,43,complexity,0.6074414840792293
87,mobilenet_orig,44,faithfulness,0.061189692467451096
87,mobilenet_orig,44,robustness,3.058424472808838
87,mobilenet_orig,44,complexity,0.5987255876162605
87,mobilenet_orig,45,faithfulness,0.012477323412895203
87,mobilenet_orig,45,robustness,3.217101812362671
87,mobilenet_orig,45,complexity,0.6485262320366378
87,mobilenet_recplot,0,faithfulness,-0.07280774414539337
87,mobilenet_recplot,0,robustness,2.6420199871063232
87,mobilenet_recplot,0,complexity,0.6127688579985524
87,mobilenet_recplot,1,faithfulness,-0.06377941370010376
87,mobilenet_recplot,1,robustness,2.7406017780303955
87,mobilenet_recplot,1,complexity,0.5984277890964945
87,mobilenet_recplot,2,faithfulness,-0.009327895939350128
87,mobilenet_recplot,2,robustness,1.787480354309082
87,mobilenet_recplot,2,complexity,0.6369106346603313
87,mobilenet_recplot,3,faithfulness,0.04200828820466995
87,mobilenet_recplot,3,robustness,2.281001329421997
87,mobilenet_recplot,3,complexity,0.6338155237966542
87,mobilenet_recplot,4,faithfulness,0.1585533171892166
87,mobilenet_recplot,4,robustness,1.615750789642334
87,mobilenet_recplot,4,complexity,0.5963807624721397
87,mobilenet_recplot,5,faithfulness,0.00884179025888443
87,mobilenet_recplot,5,robustness,2.9287660121917725
87,mobilenet_recplot,5,complexity,0.6225590222577021
87,mobilenet_recplot,6,faithfulness,0.032247498631477356
87,mobilenet_recplot,6,robustness,2.0187132358551025
87,mobilenet_recplot,6,complexity,0.623675472371528
87,mobilenet_recplot,7,faithfulness,0.11832376569509506
87,mobilenet_recplot,7,robustness,1.4933005571365356
87,mobilenet_recplot,7,complexity,0.6392158427021122
87,mobilenet_recplot,8,faithfulness,0.10369041562080383
87,mobilenet_recplot,8,robustness,1.908137321472168
87,mobilenet_recplot,8,complexity,0.6154430227617825
87,mobilenet_recplot,9,faithfulness,-0.2247387021780014
87,mobilenet_recplot,9,robustness,2.377389430999756
87,mobilenet_recplot,9,complexity,0.6091277914470227
87,mobilenet_recplot,10,faithfulness,-0.5402357578277588
87,mobilenet_recplot,10,robustness,2.6685001850128174
87,mobilenet_recplot,10,complexity,0.6377973549455479
87,mobilenet_recplot,11,faithfulness,-0.0316690057516098
87,mobilenet_recplot,11,robustness,1.4824148416519165
87,mobilenet_recplot,11,complexity,0.6074264607579838
87,mobilenet_recplot,12,faithfulness,0.054106004536151886
87,mobilenet_recplot,12,robustness,1.8661231994628906
87,mobilenet_recplot,12,complexity,0.5956518066225357
87,mobilenet_recplot,13,faithfulness,-0.2448602020740509
87,mobilenet_recplot,13,robustness,2.2605502605438232
87,mobilenet_recplot,13,complexity,0.6421567746070903
87,mobilenet_recplot,14,faithfulness,-0.07788284122943878
87,mobilenet_recplot,14,robustness,2.0973753929138184
87,mobilenet_recplot,14,complexity,0.6218694803459084
87,mobilenet_recplot,15,faithfulness,-0.17069903016090393
87,mobilenet_recplot,15,robustness,2.0212814807891846
87,mobilenet_recplot,15,complexity,0.6392626931512709
87,mobilenet_recplot,16,faithfulness,-0.004345856606960297
87,mobilenet_recplot,16,robustness,2.409458875656128
87,mobilenet_recplot,16,complexity,0.618750995024528
87,mobilenet_recplot,17,faithfulness,-0.1530260145664215
87,mobilenet_recplot,17,robustness,2.0813002586364746
87,mobilenet_recplot,17,complexity,0.6101753761600388
87,mobilenet_recplot,18,faithfulness,0.008249044418334961
87,mobilenet_recplot,18,robustness,2.3494601249694824
87,mobilenet_recplot,18,complexity,0.619422950777072
87,mobilenet_recplot,19,faithfulness,0.004703588783740997
87,mobilenet_recplot,19,robustness,3.5458741188049316
87,mobilenet_recplot,19,complexity,0.6378734380571568
87,mobilenet_recplot,20,faithfulness,-0.015948835760354996
87,mobilenet_recplot,20,robustness,1.5709812641143799
87,mobilenet_recplot,20,complexity,0.6344190605292235
87,mobilenet_recplot,21,faithfulness,0.14760690927505493
87,mobilenet_recplot,21,robustness,2.4059953689575195
87,mobilenet_recplot,21,complexity,0.6100046373028077
87,mobilenet_recplot,22,faithfulness,-0.0647239163517952
87,mobilenet_recplot,22,robustness,1.4330472946166992
87,mobilenet_recplot,22,complexity,0.6407800296604717
87,mobilenet_recplot,23,faithfulness,-0.20600974559783936
87,mobilenet_recplot,23,robustness,1.764954686164856
87,mobilenet_recplot,23,complexity,0.6569187587146096
87,mobilenet_recplot,24,faithfulness,-0.0383370965719223
87,mobilenet_recplot,24,robustness,1.6937077045440674
87,mobilenet_recplot,24,complexity,0.6347161776500125
87,mobilenet_recplot,25,faithfulness,-0.038478415459394455
87,mobilenet_recplot,25,robustness,1.9266574382781982
87,mobilenet_recplot,25,complexity,0.5937648130879426
87,mobilenet_recplot,26,faithfulness,-0.2013847827911377
87,mobilenet_recplot,26,robustness,1.834648847579956
87,mobilenet_recplot,26,complexity,0.6432465015821615
87,mobilenet_recplot,27,faithfulness,0.12569765746593475
87,mobilenet_recplot,27,robustness,1.6668004989624023
87,mobilenet_recplot,27,complexity,0.6348072622248686
87,mobilenet_recplot,28,faithfulness,0.06477165222167969
87,mobilenet_recplot,28,robustness,2.1272530555725098
87,mobilenet_recplot,28,complexity,0.6078032080199705
87,mobilenet_recplot,29,faithfulness,-0.10247927904129028
87,mobilenet_recplot,29,robustness,3.686856508255005
87,mobilenet_recplot,29,complexity,0.589903376966415
87,mobilenet_recplot,30,faithfulness,0.13108347356319427
87,mobilenet_recplot,30,robustness,1.944283366203308
87,mobilenet_recplot,30,complexity,0.6106580697317848
87,mobilenet_recplot,31,faithfulness,0.3754045069217682
87,mobilenet_recplot,31,robustness,1.4154211282730103
87,mobilenet_recplot,31,complexity,0.5770221732198282
87,mobilenet_recplot,32,faithfulness,0.1322590708732605
87,mobilenet_recplot,32,robustness,1.2825697660446167
87,mobilenet_recplot,32,complexity,0.6108249795149328
87,mobilenet_recplot,33,faithfulness,0.014188272878527641
87,mobilenet_recplot,33,robustness,1.9631710052490234
87,mobilenet_recplot,33,complexity,0.6580095996885336
87,mobilenet_recplot,34,faithfulness,-0.06493573635816574
87,mobilenet_recplot,34,robustness,1.4500362873077393
87,mobilenet_recplot,34,complexity,0.5873247301485451
87,mobilenet_recplot,35,faithfulness,-0.27839645743370056
87,mobilenet_recplot,35,robustness,1.4855211973190308
87,mobilenet_recplot,35,complexity,0.5994253195183089
87,mobilenet_recplot,36,faithfulness,0.2881007790565491
87,mobilenet_recplot,36,robustness,1.9890859127044678
87,mobilenet_recplot,36,complexity,0.6213365903312953
87,mobilenet_recplot,37,faithfulness,-0.15944738686084747
87,mobilenet_recplot,37,robustness,1.7069860696792603
87,mobilenet_recplot,37,complexity,0.6236405813681535
87,mobilenet_recplot,38,faithfulness,0.04278753697872162
87,mobilenet_recplot,38,robustness,1.993208408355713
87,mobilenet_recplot,38,complexity,0.6319869423717268
87,mobilenet_recplot,39,faithfulness,0.07640735805034637
87,mobilenet_recplot,39,robustness,1.6420485973358154
87,mobilenet_recplot,39,complexity,0.6185171832160885
87,mobilenet_recplot,40,faithfulness,-0.1858622133731842
87,mobilenet_recplot,40,robustness,1.7734646797180176
87,mobilenet_recplot,40,complexity,0.6110344881509688
87,mobilenet_recplot,41,faithfulness,-0.2770301103591919
87,mobilenet_recplot,41,robustness,1.5023969411849976
87,mobilenet_recplot,41,complexity,0.6019451727346263
87,mobilenet_recplot,42,faithfulness,-0.41961047053337097
87,mobilenet_recplot,42,robustness,1.7035620212554932
87,mobilenet_recplot,42,complexity,0.6143070072403481
87,mobilenet_recplot,43,faithfulness,0.1699410229921341
87,mobilenet_recplot,43,robustness,1.8799952268600464
87,mobilenet_recplot,43,complexity,0.6403223568951881
87,mobilenet_recplot,44,faithfulness,0.2658917307853699
87,mobilenet_recplot,44,robustness,1.7107495069503784
87,mobilenet_recplot,44,complexity,0.6275236674075807
87,mobilenet_recplot,45,faithfulness,0.09069480746984482
87,mobilenet_recplot,45,robustness,1.3845014572143555
87,mobilenet_recplot,45,complexity,0.6512984648545193
87,effnet_orig,0,faithfulness,-0.1735188364982605
87,effnet_orig,0,robustness,610.7456665039062
87,effnet_orig,0,complexity,0.4951956691868884
87,effnet_orig,1,faithfulness,-0.013252288103103638
87,effnet_orig,1,robustness,4.075061798095703
87,effnet_orig,1,complexity,0.6078029155401906
87,effnet_orig,2,faithfulness,-0.164154514670372
87,effnet_orig,2,robustness,4082.281494140625
87,effnet_orig,2,complexity,0.5006504984701687
87,effnet_orig,3,faithfulness,0.12710711359977722
87,effnet_orig,3,robustness,433.86285400390625
87,effnet_orig,3,complexity,0.5475927496752683
87,effnet_orig,4,faithfulness,-0.46577879786491394
87,effnet_orig,4,robustness,74.17414855957031
87,effnet_orig,4,complexity,0.5634150748686196
87,effnet_orig,5,faithfulness,-0.1779138296842575
87,effnet_orig,5,robustness,695.2086791992188
87,effnet_orig,5,complexity,0.5253798049367995
87,effnet_orig,6,faithfulness,0.3182521164417267
87,effnet_orig,6,robustness,6046.57861328125
87,effnet_orig,6,complexity,0.6065975270518446
87,effnet_orig,7,faithfulness,-0.13031865656375885
87,effnet_orig,7,robustness,147.3743438720703
87,effnet_orig,7,complexity,0.5222109941303649
87,effnet_orig,8,faithfulness,-0.012795131653547287
87,effnet_orig,8,robustness,1.8596606254577637
87,effnet_orig,8,complexity,0.6522663640286108
87,effnet_orig,9,faithfulness,0.07035071402788162
87,effnet_orig,9,robustness,164.17071533203125
87,effnet_orig,9,complexity,0.6001612548519039
87,effnet_orig,10,faithfulness,0.33117783069610596
87,effnet_orig,10,robustness,127.97488403320312
87,effnet_orig,10,complexity,0.5281416692812647
87,effnet_orig,11,faithfulness,0.10771939158439636
87,effnet_orig,11,robustness,5731.99609375
87,effnet_orig,11,complexity,0.49591315889064164
87,effnet_orig,12,faithfulness,-0.015445852652192116
87,effnet_orig,12,robustness,853.3208618164062
87,effnet_orig,12,complexity,0.6325307703622566
87,effnet_orig,13,faithfulness,0.06529217213392258
87,effnet_orig,13,robustness,20.002910614013672
87,effnet_orig,13,complexity,0.4824839063612718
87,effnet_orig,14,faithfulness,0.1944921910762787
87,effnet_orig,14,robustness,193.56434631347656
87,effnet_orig,14,complexity,0.6003722268837454
87,effnet_orig,15,faithfulness,-0.12564516067504883
87,effnet_orig,15,robustness,45.884132385253906
87,effnet_orig,15,complexity,0.6184970623521101
87,effnet_orig,16,faithfulness,0.07983051240444183
87,effnet_orig,16,robustness,561.3521728515625
87,effnet_orig,16,complexity,0.4939196825418688
87,effnet_orig,17,faithfulness,-0.30586540699005127
87,effnet_orig,17,robustness,1032.7818603515625
87,effnet_orig,17,complexity,0.5015266031861632
87,effnet_orig,18,faithfulness,-0.11020439863204956
87,effnet_orig,18,robustness,14.061861038208008
87,effnet_orig,18,complexity,0.5386699423746674
87,effnet_orig,19,faithfulness,-0.028441056609153748
87,effnet_orig,19,robustness,237.8230743408203
87,effnet_orig,19,complexity,0.5036397244457923
87,effnet_orig,20,faithfulness,0.3202444911003113
87,effnet_orig,20,robustness,39.764095306396484
87,effnet_orig,20,complexity,0.48776635049534756
87,effnet_orig,21,faithfulness,-0.26874473690986633
87,effnet_orig,21,robustness,782.513427734375
87,effnet_orig,21,complexity,0.6046597711681916
87,effnet_orig,22,faithfulness,0.15327303111553192
87,effnet_orig,22,robustness,1174.17626953125
87,effnet_orig,22,complexity,0.5885083794448346
87,effnet_orig,23,faithfulness,0.18712125718593597
87,effnet_orig,23,robustness,1.0650253295898438
87,effnet_orig,23,complexity,0.523812399106728
87,effnet_orig,24,faithfulness,0.14063911139965057
87,effnet_orig,24,robustness,3798.06591796875
87,effnet_orig,24,complexity,0.566550237160644
87,effnet_orig,25,faithfulness,0.10246598720550537
87,effnet_orig,25,robustness,6.0516133308410645
87,effnet_orig,25,complexity,0.47192251353993286
87,effnet_orig,26,faithfulness,0.1548798829317093
87,effnet_orig,26,robustness,3.3335556983947754
87,effnet_orig,26,complexity,0.4548091907564563
87,effnet_orig,27,faithfulness,0.01837065815925598
87,effnet_orig,27,robustness,1.6849068403244019
87,effnet_orig,27,complexity,0.47823008772055325
87,effnet_orig,28,faithfulness,0.11934734880924225
87,effnet_orig,28,robustness,17.680694580078125
87,effnet_orig,28,complexity,0.4846606900464428
87,effnet_orig,29,faithfulness,-0.13467517495155334
87,effnet_orig,29,robustness,429.0614318847656
87,effnet_orig,29,complexity,0.5242447012052192
87,effnet_orig,30,faithfulness,0.3164992928504944
87,effnet_orig,30,robustness,395.0821228027344
87,effnet_orig,30,complexity,0.4730139949441004
87,effnet_orig,31,faithfulness,0.2226775586605072
87,effnet_orig,31,robustness,1350.587890625
87,effnet_orig,31,complexity,0.5991479697053905
87,effnet_orig,32,faithfulness,0.1244661957025528
87,effnet_orig,32,robustness,4.582134246826172
87,effnet_orig,32,complexity,0.4592159070309643
87,effnet_orig,33,faithfulness,0.25898033380508423
87,effnet_orig,33,robustness,743.921630859375
87,effnet_orig,33,complexity,0.4869763483725967
87,effnet_orig,34,faithfulness,-0.32849910855293274
87,effnet_orig,34,robustness,223.62232971191406
87,effnet_orig,34,complexity,0.503862536982901
87,effnet_orig,35,faithfulness,-0.1882651150226593
87,effnet_orig,35,robustness,85.18304443359375
87,effnet_orig,35,complexity,0.5227582715009279
87,effnet_orig,36,faithfulness,-0.2719159722328186
87,effnet_orig,36,robustness,402.4477233886719
87,effnet_orig,36,complexity,0.532577266506276
87,effnet_orig,37,faithfulness,0.2972177565097809
87,effnet_orig,37,robustness,112.53443145751953
87,effnet_orig,37,complexity,0.5498933616324069
87,effnet_orig,38,faithfulness,-0.21603627502918243
87,effnet_orig,38,robustness,26.46643829345703
87,effnet_orig,38,complexity,0.504546702753454
87,effnet_orig,39,faithfulness,0.15838289260864258
87,effnet_orig,39,robustness,358.8499755859375
87,effnet_orig,39,complexity,0.4714787588508776
87,effnet_orig,40,faithfulness,0.04542336240410805
87,effnet_orig,40,robustness,266.0926818847656
87,effnet_orig,40,complexity,0.49963873581251544
87,effnet_orig,41,faithfulness,-0.06161583214998245
87,effnet_orig,41,robustness,1272.1829833984375
87,effnet_orig,41,complexity,0.5117856410240134
87,effnet_orig,42,faithfulness,0.075082927942276
87,effnet_orig,42,robustness,308.4817199707031
87,effnet_orig,42,complexity,0.5636610508877266
87,effnet_orig,43,faithfulness,-0.030058540403842926
87,effnet_orig,43,robustness,289.8749084472656
87,effnet_orig,43,complexity,0.5872446191425092
87,effnet_orig,44,faithfulness,0.2229113131761551
87,effnet_orig,44,robustness,64.39669036865234
87,effnet_orig,44,complexity,0.46604539675049644
87,effnet_orig,45,faithfulness,-0.12422893196344376
87,effnet_orig,45,robustness,1739.456787109375
87,effnet_orig,45,complexity,0.5700599536727211
87,effnet_recplot,0,faithfulness,0.2562543749809265
87,effnet_recplot,0,robustness,97.95228576660156
87,effnet_recplot,0,complexity,0.7109746164661402
87,effnet_recplot,1,faithfulness,-0.22724755108356476
87,effnet_recplot,1,robustness,157.77879333496094
87,effnet_recplot,1,complexity,0.5790015207021875
87,effnet_recplot,2,faithfulness,-0.2026984989643097
87,effnet_recplot,2,robustness,539.81396484375
87,effnet_recplot,2,complexity,0.5964925572054325
87,effnet_recplot,3,faithfulness,0.04071899875998497
87,effnet_recplot,3,robustness,155.2882537841797
87,effnet_recplot,3,complexity,0.612776772878906
87,effnet_recplot,4,faithfulness,0.018357213586568832
87,effnet_recplot,4,robustness,4.985617160797119
87,effnet_recplot,4,complexity,0.6395426521201211
87,effnet_recplot,5,faithfulness,-0.31100621819496155
87,effnet_recplot,5,robustness,28.104656219482422
87,effnet_recplot,5,complexity,0.607433623029748
87,effnet_recplot,6,faithfulness,0.21899689733982086
87,effnet_recplot,6,robustness,33.8071174621582
87,effnet_recplot,6,complexity,0.5929825026091567
87,effnet_recplot,7,faithfulness,0.027674030512571335
87,effnet_recplot,7,robustness,202.4168701171875
87,effnet_recplot,7,complexity,0.6127461436336639
87,effnet_recplot,8,faithfulness,-0.012553766369819641
87,effnet_recplot,8,robustness,1.0510971546173096
87,effnet_recplot,8,complexity,0.6456830062881482
87,effnet_recplot,9,faithfulness,0.2982548177242279
87,effnet_recplot,9,robustness,58.03338623046875
87,effnet_recplot,9,complexity,0.6005800841680401
87,effnet_recplot,10,faithfulness,-0.050851356238126755
87,effnet_recplot,10,robustness,1365.570068359375
87,effnet_recplot,10,complexity,0.6240412419135315
87,effnet_recplot,11,faithfulness,0.06587174534797668
87,effnet_recplot,11,robustness,209.95199584960938
87,effnet_recplot,11,complexity,0.6286182198530228
87,effnet_recplot,12,faithfulness,0.2767981290817261
87,effnet_recplot,12,robustness,87.66545104980469
87,effnet_recplot,12,complexity,0.5848554693701955
87,effnet_recplot,13,faithfulness,-0.16102434694766998
87,effnet_recplot,13,robustness,71.52765655517578
87,effnet_recplot,13,complexity,0.5974131707940099
87,effnet_recplot,14,faithfulness,0.1740962415933609
87,effnet_recplot,14,robustness,41.14874267578125
87,effnet_recplot,14,complexity,0.5488130563935145
87,effnet_recplot,15,faithfulness,-0.0023999810218811035
87,effnet_recplot,15,robustness,214.92018127441406
87,effnet_recplot,15,complexity,0.5495997710091612
87,effnet_recplot,16,faithfulness,0.27132055163383484
87,effnet_recplot,16,robustness,1.549155831336975
87,effnet_recplot,16,complexity,0.6166924569535207
87,effnet_recplot,17,faithfulness,0.03739196062088013
87,effnet_recplot,17,robustness,2.6606290340423584
87,effnet_recplot,17,complexity,0.637439078750039
87,effnet_recplot,18,faithfulness,-0.40031659603118896
87,effnet_recplot,18,robustness,6.354527473449707
87,effnet_recplot,18,complexity,0.6674330426219218
87,effnet_recplot,19,faithfulness,-0.13162894546985626
87,effnet_recplot,19,robustness,238.76080322265625
87,effnet_recplot,19,complexity,0.6137190808640612
87,effnet_recplot,20,faithfulness,-0.27088168263435364
87,effnet_recplot,20,robustness,8.26728343963623
87,effnet_recplot,20,complexity,0.6798456798299459
87,effnet_recplot,21,faithfulness,0.09688644111156464
87,effnet_recplot,21,robustness,1.0213313102722168
87,effnet_recplot,21,complexity,0.6826758458687525
87,effnet_recplot,22,faithfulness,0.24941593408584595
87,effnet_recplot,22,robustness,33.98149490356445
87,effnet_recplot,22,complexity,0.5777101277554786
87,effnet_recplot,23,faithfulness,0.04199334979057312
87,effnet_recplot,23,robustness,17.48582649230957
87,effnet_recplot,23,complexity,0.6280844790469776
87,effnet_recplot,24,faithfulness,0.136394664645195
87,effnet_recplot,24,robustness,87.31037139892578
87,effnet_recplot,24,complexity,0.5837998820156235
87,effnet_recplot,25,faithfulness,-0.08977054804563522
87,effnet_recplot,25,robustness,50.64250564575195
87,effnet_recplot,25,complexity,0.5658448028876318
87,effnet_recplot,26,faithfulness,0.005949303507804871
87,effnet_recplot,26,robustness,294.76727294921875
87,effnet_recplot,26,complexity,0.622227118263019
87,effnet_recplot,27,faithfulness,-0.07002648711204529
87,effnet_recplot,27,robustness,30.88652992248535
87,effnet_recplot,27,complexity,0.6598859410114962
87,effnet_recplot,28,faithfulness,0.12569057941436768
87,effnet_recplot,28,robustness,98.1623306274414
87,effnet_recplot,28,complexity,0.5698393054505528
87,effnet_recplot,29,faithfulness,0.08864517509937286
87,effnet_recplot,29,robustness,1.5001163482666016
87,effnet_recplot,29,complexity,0.6087307784614049
87,effnet_recplot,30,faithfulness,0.0609353743493557
87,effnet_recplot,30,robustness,73.56539916992188
87,effnet_recplot,30,complexity,0.6722520959894527
87,effnet_recplot,31,faithfulness,-0.12861177325248718
87,effnet_recplot,31,robustness,38.878814697265625
87,effnet_recplot,31,complexity,0.5253175427422164
87,effnet_recplot,32,faithfulness,-0.01674734801054001
87,effnet_recplot,32,robustness,1.0054157972335815
87,effnet_recplot,32,complexity,0.6575663649942833
87,effnet_recplot,33,faithfulness,0.0019916966557502747
87,effnet_recplot,33,robustness,140.8515167236328
87,effnet_recplot,33,complexity,0.6374627466618779
87,effnet_recplot,34,faithfulness,0.02004600316286087
87,effnet_recplot,34,robustness,25.04999542236328
87,effnet_recplot,34,complexity,0.5821091897634829
87,effnet_recplot,35,faithfulness,0.03994865342974663
87,effnet_recplot,35,robustness,30.104524612426758
87,effnet_recplot,35,complexity,0.6289656009520305
87,effnet_recplot,36,faithfulness,0.2532033622264862
87,effnet_recplot,36,robustness,35.7673454284668
87,effnet_recplot,36,complexity,0.5688218862044575
87,effnet_recplot,37,faithfulness,-0.10158665478229523
87,effnet_recplot,37,robustness,27.492130279541016
87,effnet_recplot,37,complexity,0.5878759788376561
87,effnet_recplot,38,faithfulness,0.05529998615384102
87,effnet_recplot,38,robustness,6.446166038513184
87,effnet_recplot,38,complexity,0.6693421993113862
87,effnet_recplot,39,faithfulness,-0.33888229727745056
87,effnet_recplot,39,robustness,39.565086364746094
87,effnet_recplot,39,complexity,0.5929306181456548
87,effnet_recplot,40,faithfulness,0.17743176221847534
87,effnet_recplot,40,robustness,94.32568359375
87,effnet_recplot,40,complexity,0.6282277867482148
87,effnet_recplot,41,faithfulness,0.28581684827804565
87,effnet_recplot,41,robustness,6.805950164794922
87,effnet_recplot,41,complexity,0.5556240818238034
87,effnet_recplot,42,faithfulness,0.13759426772594452
87,effnet_recplot,42,robustness,14.826339721679688
87,effnet_recplot,42,complexity,0.6441195592924406
87,effnet_recplot,43,faithfulness,-0.015005789697170258
87,effnet_recplot,43,robustness,28.408845901489258
87,effnet_recplot,43,complexity,0.6544970032415902
87,effnet_recplot,44,faithfulness,-0.07922767847776413
87,effnet_recplot,44,robustness,638.3997802734375
87,effnet_recplot,44,complexity,0.5791564839144444
87,effnet_recplot,45,faithfulness,0.011915132403373718
87,effnet_recplot,45,robustness,122.70358276367188
87,effnet_recplot,45,complexity,0.6502056172468861
93,mobilenet_orig,0,faithfulness,0.30048662424087524
93,mobilenet_orig,0,robustness,1.2314471006393433
93,mobilenet_orig,0,complexity,0.6280791979666928
93,mobilenet_orig,1,faithfulness,0.26871222257614136
93,mobilenet_orig,1,robustness,1.2144684791564941
93,mobilenet_orig,1,complexity,0.6214359166749942
93,mobilenet_orig,2,faithfulness,-0.18522119522094727
93,mobilenet_orig,2,robustness,1.2791815996170044
93,mobilenet_orig,2,complexity,0.6271766667136095
93,mobilenet_orig,3,faithfulness,0.1572604775428772
93,mobilenet_orig,3,robustness,1.7899670600891113
93,mobilenet_orig,3,complexity,0.6217966689660928
93,mobilenet_orig,4,faithfulness,0.056627705693244934
93,mobilenet_orig,4,robustness,1.8486464023590088
93,mobilenet_orig,4,complexity,0.6351802910225005
93,mobilenet_orig,5,faithfulness,0.2632897198200226
93,mobilenet_orig,5,robustness,1.6298441886901855
93,mobilenet_orig,5,complexity,0.6330657661131118
93,mobilenet_orig,6,faithfulness,-0.3527107238769531
93,mobilenet_orig,6,robustness,1.6170520782470703
93,mobilenet_orig,6,complexity,0.6421535386500237
93,mobilenet_orig,7,faithfulness,-0.03259992226958275
93,mobilenet_orig,7,robustness,1.1825294494628906
93,mobilenet_orig,7,complexity,0.6518955959296859
93,mobilenet_orig,8,faithfulness,0.0032430142164230347
93,mobilenet_orig,8,robustness,1.3053314685821533
93,mobilenet_orig,8,complexity,0.6214299807702913
93,mobilenet_orig,9,faithfulness,-0.277062326669693
93,mobilenet_orig,9,robustness,1.7600691318511963
93,mobilenet_orig,9,complexity,0.6295725743356411
93,mobilenet_orig,10,faithfulness,0.05526455491781235
93,mobilenet_orig,10,robustness,1.5289658308029175
93,mobilenet_orig,10,complexity,0.638127651195751
93,mobilenet_orig,11,faithfulness,0.023931674659252167
93,mobilenet_orig,11,robustness,1.273627519607544
93,mobilenet_orig,11,complexity,0.6209391220024075
93,mobilenet_orig,12,faithfulness,-0.19364875555038452
93,mobilenet_orig,12,robustness,1.6957522630691528
93,mobilenet_orig,12,complexity,0.6335105793883952
93,mobilenet_orig,13,faithfulness,-0.026050027459859848
93,mobilenet_orig,13,robustness,1.2190752029418945
93,mobilenet_orig,13,complexity,0.6355586675081378
93,mobilenet_orig,14,faithfulness,0.22960540652275085
93,mobilenet_orig,14,robustness,1.5582947731018066
93,mobilenet_orig,14,complexity,0.6100692455530523
93,mobilenet_orig,15,faithfulness,-0.004324272274971008
93,mobilenet_orig,15,robustness,2.014683485031128
93,mobilenet_orig,15,complexity,0.6395311234613122
93,mobilenet_orig,16,faithfulness,0.022028848528862
93,mobilenet_orig,16,robustness,1.6052803993225098
93,mobilenet_orig,16,complexity,0.643517170887114
93,mobilenet_orig,17,faithfulness,-0.03614122420549393
93,mobilenet_orig,17,robustness,1.4592324495315552
93,mobilenet_orig,17,complexity,0.6132305040365985
93,mobilenet_orig,18,faithfulness,-0.14479954540729523
93,mobilenet_orig,18,robustness,1.8112610578536987
93,mobilenet_orig,18,complexity,0.6263165421846538
93,mobilenet_orig,19,faithfulness,-0.030948001891374588
93,mobilenet_orig,19,robustness,1.341675877571106
93,mobilenet_orig,19,complexity,0.644108263069044
93,mobilenet_orig,20,faithfulness,0.12201939523220062
93,mobilenet_orig,20,robustness,2.1395528316497803
93,mobilenet_orig,20,complexity,0.6310518501795092
93,mobilenet_orig,21,faithfulness,-0.2309204339981079
93,mobilenet_orig,21,robustness,1.6670048236846924
93,mobilenet_orig,21,complexity,0.6393637088795762
93,mobilenet_orig,22,faithfulness,0.09119125455617905
93,mobilenet_orig,22,robustness,1.1150710582733154
93,mobilenet_orig,22,complexity,0.6469464004242622
93,mobilenet_orig,23,faithfulness,0.16248641908168793
93,mobilenet_orig,23,robustness,1.4928693771362305
93,mobilenet_orig,23,complexity,0.6341758136945889
93,mobilenet_orig,24,faithfulness,0.0900760218501091
93,mobilenet_orig,24,robustness,1.1909464597702026
93,mobilenet_orig,24,complexity,0.615203490865723
93,mobilenet_orig,25,faithfulness,0.170518696308136
93,mobilenet_orig,25,robustness,1.274158000946045
93,mobilenet_orig,25,complexity,0.6736716298391204
93,mobilenet_orig,26,faithfulness,-0.3186193108558655
93,mobilenet_orig,26,robustness,1.066845417022705
93,mobilenet_orig,26,complexity,0.6105481557943874
93,mobilenet_orig,27,faithfulness,0.15848514437675476
93,mobilenet_orig,27,robustness,1.170076608657837
93,mobilenet_orig,27,complexity,0.6290285102922674
93,mobilenet_orig,28,faithfulness,-0.004012122750282288
93,mobilenet_orig,28,robustness,1.596678376197815
93,mobilenet_orig,28,complexity,0.6314604089735463
93,mobilenet_orig,29,faithfulness,0.09877481311559677
93,mobilenet_orig,29,robustness,1.2933423519134521
93,mobilenet_orig,29,complexity,0.6386237021965676
93,mobilenet_orig,30,faithfulness,0.12014066427946091
93,mobilenet_orig,30,robustness,1.2665313482284546
93,mobilenet_orig,30,complexity,0.6394661004968711
93,mobilenet_orig,31,faithfulness,0.14426502585411072
93,mobilenet_orig,31,robustness,1.4159597158432007
93,mobilenet_orig,31,complexity,0.6327878717036896
93,mobilenet_orig,32,faithfulness,0.09252868592739105
93,mobilenet_orig,32,robustness,1.2529948949813843
93,mobilenet_orig,32,complexity,0.6442980064445528
93,mobilenet_orig,33,faithfulness,-0.19887682795524597
93,mobilenet_orig,33,robustness,1.0588691234588623
93,mobilenet_orig,33,complexity,0.6126029701655044
93,mobilenet_orig,34,faithfulness,-0.049318864941596985
93,mobilenet_orig,34,robustness,1.1132551431655884
93,mobilenet_orig,34,complexity,0.6237661848753263
93,mobilenet_orig,35,faithfulness,0.05025685578584671
93,mobilenet_orig,35,robustness,1.2786579132080078
93,mobilenet_orig,35,complexity,0.6158426591144978
93,mobilenet_orig,36,faithfulness,0.0010256916284561157
93,mobilenet_orig,36,robustness,1.2363241910934448
93,mobilenet_orig,36,complexity,0.6058978162286712
93,mobilenet_orig,37,faithfulness,0.12203949689865112
93,mobilenet_orig,37,robustness,1.1897695064544678
93,mobilenet_orig,37,complexity,0.6611189533525531
93,mobilenet_orig,38,faithfulness,0.2129763662815094
93,mobilenet_orig,38,robustness,1.2250674962997437
93,mobilenet_orig,38,complexity,0.6660634190635429
93,mobilenet_orig,39,faithfulness,-0.11987335979938507
93,mobilenet_orig,39,robustness,1.212777018547058
93,mobilenet_orig,39,complexity,0.6502497669072502
93,mobilenet_orig,40,faithfulness,-0.5109051465988159
93,mobilenet_orig,40,robustness,1.1686086654663086
93,mobilenet_orig,40,complexity,0.6209797249446566
93,mobilenet_orig,41,faithfulness,-0.17382478713989258
93,mobilenet_orig,41,robustness,1.5930907726287842
93,mobilenet_orig,41,complexity,0.6111257690347462
93,mobilenet_orig,42,faithfulness,0.2746763229370117
93,mobilenet_orig,42,robustness,1.4478185176849365
93,mobilenet_orig,42,complexity,0.6058293921059226
93,mobilenet_orig,43,faithfulness,0.10817508399486542
93,mobilenet_orig,43,robustness,1.3528867959976196
93,mobilenet_orig,43,complexity,0.6107765076620517
93,mobilenet_orig,44,faithfulness,-0.21234358847141266
93,mobilenet_orig,44,robustness,1.4630645513534546
93,mobilenet_orig,44,complexity,0.6025408487506625
93,mobilenet_orig,45,faithfulness,0.29968488216400146
93,mobilenet_orig,45,robustness,1.4003626108169556
93,mobilenet_orig,45,complexity,0.6442031022860593
93,mobilenet_recplot,0,faithfulness,0.044586680829524994
93,mobilenet_recplot,0,robustness,2.3442046642303467
93,mobilenet_recplot,0,complexity,0.6284120661677217
93,mobilenet_recplot,1,faithfulness,-0.3975551724433899
93,mobilenet_recplot,1,robustness,1.6519399881362915
93,mobilenet_recplot,1,complexity,0.6236345145126275
93,mobilenet_recplot,2,faithfulness,0.025589920580387115
93,mobilenet_recplot,2,robustness,1.9059562683105469
93,mobilenet_recplot,2,complexity,0.6486603382107933
93,mobilenet_recplot,3,faithfulness,-0.39732491970062256
93,mobilenet_recplot,3,robustness,1.6332876682281494
93,mobilenet_recplot,3,complexity,0.6427524440040746
93,mobilenet_recplot,4,faithfulness,-0.02602929249405861
93,mobilenet_recplot,4,robustness,1.5682761669158936
93,mobilenet_recplot,4,complexity,0.6126427386860447
93,mobilenet_recplot,5,faithfulness,-0.027980364859104156
93,mobilenet_recplot,5,robustness,2.6448895931243896
93,mobilenet_recplot,5,complexity,0.6381415811478492
93,mobilenet_recplot,6,faithfulness,0.10935740172863007
93,mobilenet_recplot,6,robustness,1.6950197219848633
93,mobilenet_recplot,6,complexity,0.6226652118207446
93,mobilenet_recplot,7,faithfulness,0.0022911764681339264
93,mobilenet_recplot,7,robustness,1.2420780658721924
93,mobilenet_recplot,7,complexity,0.6585586629344053
93,mobilenet_recplot,8,faithfulness,0.21692076325416565
93,mobilenet_recplot,8,robustness,1.4131656885147095
93,mobilenet_recplot,8,complexity,0.6404761541866119
93,mobilenet_recplot,9,faithfulness,0.03534356504678726
93,mobilenet_recplot,9,robustness,2.019289970397949
93,mobilenet_recplot,9,complexity,0.6323986464874434
93,mobilenet_recplot,10,faithfulness,0.03333381563425064
93,mobilenet_recplot,10,robustness,2.6743733882904053
93,mobilenet_recplot,10,complexity,0.6456192389311852
93,mobilenet_recplot,11,faithfulness,0.15324348211288452
93,mobilenet_recplot,11,robustness,1.3313322067260742
93,mobilenet_recplot,11,complexity,0.6212190011798651
93,mobilenet_recplot,12,faithfulness,-0.3523187041282654
93,mobilenet_recplot,12,robustness,1.6335095167160034
93,mobilenet_recplot,12,complexity,0.6218862684241984
93,mobilenet_recplot,13,faithfulness,0.44849976897239685
93,mobilenet_recplot,13,robustness,1.427026391029358
93,mobilenet_recplot,13,complexity,0.6797112719541314
93,mobilenet_recplot,14,faithfulness,-0.0937424749135971
93,mobilenet_recplot,14,robustness,1.6475496292114258
93,mobilenet_recplot,14,complexity,0.6188182521264075
93,mobilenet_recplot,15,faithfulness,0.17713342607021332
93,mobilenet_recplot,15,robustness,1.8368041515350342
93,mobilenet_recplot,15,complexity,0.6548967731202419
93,mobilenet_recplot,16,faithfulness,-0.17607231438159943
93,mobilenet_recplot,16,robustness,1.834513545036316
93,mobilenet_recplot,16,complexity,0.6266314484356529
93,mobilenet_recplot,17,faithfulness,-0.24235302209854126
93,mobilenet_recplot,17,robustness,1.4501469135284424
93,mobilenet_recplot,17,complexity,0.6472288151515513
93,mobilenet_recplot,18,faithfulness,-0.016752883791923523
93,mobilenet_recplot,18,robustness,2.1992692947387695
93,mobilenet_recplot,18,complexity,0.6312260016205956
93,mobilenet_recplot,19,faithfulness,-0.022334333509206772
93,mobilenet_recplot,19,robustness,3.8095006942749023
93,mobilenet_recplot,19,complexity,0.626640168038284
93,mobilenet_recplot,20,faithfulness,-0.23123477399349213
93,mobilenet_recplot,20,robustness,1.7563905715942383
93,mobilenet_recplot,20,complexity,0.6367960491458174
93,mobilenet_recplot,21,faithfulness,-0.3147898018360138
93,mobilenet_recplot,21,robustness,1.8146638870239258
93,mobilenet_recplot,21,complexity,0.6188489135431848
93,mobilenet_recplot,22,faithfulness,-0.07633619755506516
93,mobilenet_recplot,22,robustness,1.2767529487609863
93,mobilenet_recplot,22,complexity,0.6396436173038247
93,mobilenet_recplot,23,faithfulness,-0.026933981105685234
93,mobilenet_recplot,23,robustness,1.4948322772979736
93,mobilenet_recplot,23,complexity,0.6808171823562422
93,mobilenet_recplot,24,faithfulness,0.008810088038444519
93,mobilenet_recplot,24,robustness,1.48507821559906
93,mobilenet_recplot,24,complexity,0.6508421992851319
93,mobilenet_recplot,25,faithfulness,-0.1445951759815216
93,mobilenet_recplot,25,robustness,1.2704325914382935
93,mobilenet_recplot,25,complexity,0.6131708324259435
93,mobilenet_recplot,26,faithfulness,-0.17674940824508667
93,mobilenet_recplot,26,robustness,1.6299947500228882
93,mobilenet_recplot,26,complexity,0.6579892014213246
93,mobilenet_recplot,27,faithfulness,-0.02195507287979126
93,mobilenet_recplot,27,robustness,1.3222894668579102
93,mobilenet_recplot,27,complexity,0.6528946824391674
93,mobilenet_recplot,28,faithfulness,-0.21663428843021393
93,mobilenet_recplot,28,robustness,2.0188047885894775
93,mobilenet_recplot,28,complexity,0.6220828830826887
93,mobilenet_recplot,29,faithfulness,-0.0858348160982132
93,mobilenet_recplot,29,robustness,3.6887245178222656
93,mobilenet_recplot,29,complexity,0.6108332881416912
93,mobilenet_recplot,30,faithfulness,-0.2342260777950287
93,mobilenet_recplot,30,robustness,2.543667793273926
93,mobilenet_recplot,30,complexity,0.6220422182792135
93,mobilenet_recplot,31,faithfulness,-0.06513912230730057
93,mobilenet_recplot,31,robustness,1.3148714303970337
93,mobilenet_recplot,31,complexity,0.5844748543429782
93,mobilenet_recplot,32,faithfulness,-0.08094523847103119
93,mobilenet_recplot,32,robustness,1.314741849899292
93,mobilenet_recplot,32,complexity,0.5927552036335296
93,mobilenet_recplot,33,faithfulness,0.031546179205179214
93,mobilenet_recplot,33,robustness,1.4486631155014038
93,mobilenet_recplot,33,complexity,0.6809089626536614
93,mobilenet_recplot,34,faithfulness,0.041991543024778366
93,mobilenet_recplot,34,robustness,1.3685684204101562
93,mobilenet_recplot,34,complexity,0.6083593699067152
93,mobilenet_recplot,35,faithfulness,-0.01931402087211609
93,mobilenet_recplot,35,robustness,1.212532639503479
93,mobilenet_recplot,35,complexity,0.6126237059852252
93,mobilenet_recplot,36,faithfulness,-0.13679397106170654
93,mobilenet_recplot,36,robustness,1.6618677377700806
93,mobilenet_recplot,36,complexity,0.6256879649837752
93,mobilenet_recplot,37,faithfulness,-0.10407020151615143
93,mobilenet_recplot,37,robustness,1.5416005849838257
93,mobilenet_recplot,37,complexity,0.6467741783453523
93,mobilenet_recplot,38,faithfulness,0.3176564872264862
93,mobilenet_recplot,38,robustness,1.62698233127594
93,mobilenet_recplot,38,complexity,0.6459231468466902
93,mobilenet_recplot,39,faithfulness,0.25028660893440247
93,mobilenet_recplot,39,robustness,1.482513666152954
93,mobilenet_recplot,39,complexity,0.6561895143970381
93,mobilenet_recplot,40,faithfulness,-0.07218781113624573
93,mobilenet_recplot,40,robustness,1.2145899534225464
93,mobilenet_recplot,40,complexity,0.6533697450663225
93,mobilenet_recplot,41,faithfulness,-0.005395479500293732
93,mobilenet_recplot,41,robustness,1.4444636106491089
93,mobilenet_recplot,41,complexity,0.6153054961771985
93,mobilenet_recplot,42,faithfulness,-0.0762484148144722
93,mobilenet_recplot,42,robustness,1.3414971828460693
93,mobilenet_recplot,42,complexity,0.6422140075412941
93,mobilenet_recplot,43,faithfulness,-0.3562408685684204
93,mobilenet_recplot,43,robustness,2.0504560470581055
93,mobilenet_recplot,43,complexity,0.6341793082623486
93,mobilenet_recplot,44,faithfulness,-0.22177991271018982
93,mobilenet_recplot,44,robustness,1.408416748046875
93,mobilenet_recplot,44,complexity,0.6483783936728674
93,mobilenet_recplot,45,faithfulness,-0.4008576273918152
93,mobilenet_recplot,45,robustness,1.453315019607544
93,mobilenet_recplot,45,complexity,0.6196036212891441
93,effnet_orig,0,faithfulness,-0.4324556589126587
93,effnet_orig,0,robustness,12.791023254394531
93,effnet_orig,0,complexity,0.6080771608060545
93,effnet_orig,1,faithfulness,-0.17623284459114075
93,effnet_orig,1,robustness,1321.1163330078125
93,effnet_orig,1,complexity,0.6146488795936517
93,effnet_orig,2,faithfulness,-0.11378829181194305
93,effnet_orig,2,robustness,27.161165237426758
93,effnet_orig,2,complexity,0.6270077629285943
93,effnet_orig,3,faithfulness,0.467451274394989
93,effnet_orig,3,robustness,180.6176300048828
93,effnet_orig,3,complexity,0.6247929466467879
93,effnet_orig,4,faithfulness,-0.05999162793159485
93,effnet_orig,4,robustness,250.89479064941406
93,effnet_orig,4,complexity,0.6222340003351903
93,effnet_orig,5,faithfulness,0.18855172395706177
93,effnet_orig,5,robustness,747.85546875
93,effnet_orig,5,complexity,0.6070423487059574
93,effnet_orig,6,faithfulness,0.07066699862480164
93,effnet_orig,6,robustness,220.28427124023438
93,effnet_orig,6,complexity,0.6214765438547512
93,effnet_orig,7,faithfulness,-0.015062505379319191
93,effnet_orig,7,robustness,26.983753204345703
93,effnet_orig,7,complexity,0.614327788630534
93,effnet_orig,8,faithfulness,0.16324622929096222
93,effnet_orig,8,robustness,1.3360346555709839
93,effnet_orig,8,complexity,0.6034446229388469
93,effnet_orig,9,faithfulness,-0.24863453209400177
93,effnet_orig,9,robustness,175.3558349609375
93,effnet_orig,9,complexity,0.6053419889434263
93,effnet_orig,10,faithfulness,-0.4047623872756958
93,effnet_orig,10,robustness,1272.7340087890625
93,effnet_orig,10,complexity,0.6267142101882284
93,effnet_orig,11,faithfulness,0.18559500575065613
93,effnet_orig,11,robustness,64.19080352783203
93,effnet_orig,11,complexity,0.6201597228361617
93,effnet_orig,12,faithfulness,-0.07876259088516235
93,effnet_orig,12,robustness,549.7484130859375
93,effnet_orig,12,complexity,0.6224387104347614
93,effnet_orig,13,faithfulness,0.005179882049560547
93,effnet_orig,13,robustness,62.996604919433594
93,effnet_orig,13,complexity,0.6447728810933137
93,effnet_orig,14,faithfulness,0.10572972148656845
93,effnet_orig,14,robustness,17.3825626373291
93,effnet_orig,14,complexity,0.6374652686642158
93,effnet_orig,15,faithfulness,0.32868728041648865
93,effnet_orig,15,robustness,750.1588745117188
93,effnet_orig,15,complexity,0.598756280162395
93,effnet_orig,16,faithfulness,0.23218399286270142
93,effnet_orig,16,robustness,228.81344604492188
93,effnet_orig,16,complexity,0.6224632655991618
93,effnet_orig,17,faithfulness,-0.04679027199745178
93,effnet_orig,17,robustness,94.05955505371094
93,effnet_orig,17,complexity,0.6327926204075441
93,effnet_orig,18,faithfulness,-0.19405335187911987
93,effnet_orig,18,robustness,35.31550598144531
93,effnet_orig,18,complexity,0.6299862178115767
93,effnet_orig,19,faithfulness,-0.16996431350708008
93,effnet_orig,19,robustness,56.819793701171875
93,effnet_orig,19,complexity,0.6338326627226768
93,effnet_orig,20,faithfulness,-0.20597776770591736
93,effnet_orig,20,robustness,70.81623840332031
93,effnet_orig,20,complexity,0.6405376492005658
93,effnet_orig,21,faithfulness,-0.08923234045505524
93,effnet_orig,21,robustness,292.2430114746094
93,effnet_orig,21,complexity,0.6107443456449693
93,effnet_orig,22,faithfulness,-0.30993765592575073
93,effnet_orig,22,robustness,15.676592826843262
93,effnet_orig,22,complexity,0.6498866406890085
93,effnet_orig,23,faithfulness,-0.15055465698242188
93,effnet_orig,23,robustness,26.490734100341797
93,effnet_orig,23,complexity,0.6040002849397682
93,effnet_orig,24,faithfulness,0.08969569951295853
93,effnet_orig,24,robustness,24.794971466064453
93,effnet_orig,24,complexity,0.661597522206078
93,effnet_orig,25,faithfulness,-0.13439300656318665
93,effnet_orig,25,robustness,165.1725311279297
93,effnet_orig,25,complexity,0.6142500248884469
93,effnet_orig,26,faithfulness,0.25676727294921875
93,effnet_orig,26,robustness,23.90123176574707
93,effnet_orig,26,complexity,0.5855918409854776
93,effnet_orig,27,faithfulness,0.2110847383737564
93,effnet_orig,27,robustness,31.6737060546875
93,effnet_orig,27,complexity,0.6151319200255838
93,effnet_orig,28,faithfulness,-0.15140317380428314
93,effnet_orig,28,robustness,75.15152740478516
93,effnet_orig,28,complexity,0.64478128288955
93,effnet_orig,29,faithfulness,-0.1151880994439125
93,effnet_orig,29,robustness,70.88897705078125
93,effnet_orig,29,complexity,0.6004076659715244
93,effnet_orig,30,faithfulness,-0.10342972725629807
93,effnet_orig,30,robustness,423.96624755859375
93,effnet_orig,30,complexity,0.6185714096897555
93,effnet_orig,31,faithfulness,-0.04136174917221069
93,effnet_orig,31,robustness,235.6740264892578
93,effnet_orig,31,complexity,0.6140197922360531
93,effnet_orig,32,faithfulness,-0.17777660489082336
93,effnet_orig,32,robustness,38.499046325683594
93,effnet_orig,32,complexity,0.5985857085567455
93,effnet_orig,33,faithfulness,-0.051062196493148804
93,effnet_orig,33,robustness,503.6963195800781
93,effnet_orig,33,complexity,0.5907910711392586
93,effnet_orig,34,faithfulness,0.089903824031353
93,effnet_orig,34,robustness,2.6580710411071777
93,effnet_orig,34,complexity,0.5994228424370529
93,effnet_orig,35,faithfulness,-0.1357582062482834
93,effnet_orig,35,robustness,3.678644895553589
93,effnet_orig,35,complexity,0.6053952250796465
93,effnet_orig,36,faithfulness,-0.07300165295600891
93,effnet_orig,36,robustness,596.2716674804688
93,effnet_orig,36,complexity,0.5588446023236164
93,effnet_orig,37,faithfulness,-0.1303577870130539
93,effnet_orig,37,robustness,2314.3857421875
93,effnet_orig,37,complexity,0.5661152623809401
93,effnet_orig,38,faithfulness,0.09823049604892731
93,effnet_orig,38,robustness,17.415754318237305
93,effnet_orig,38,complexity,0.5982478730593793
93,effnet_orig,39,faithfulness,-0.036693163216114044
93,effnet_orig,39,robustness,713.280517578125
93,effnet_orig,39,complexity,0.5751231908077795
93,effnet_orig,40,faithfulness,-0.027198217809200287
93,effnet_orig,40,robustness,58.689453125
93,effnet_orig,40,complexity,0.607932326605365
93,effnet_orig,41,faithfulness,-0.04596307873725891
93,effnet_orig,41,robustness,223.63345336914062
93,effnet_orig,41,complexity,0.5955865756027179
93,effnet_orig,42,faithfulness,0.012514114379882812
93,effnet_orig,42,robustness,48.81529235839844
93,effnet_orig,42,complexity,0.5840205116586262
93,effnet_orig,43,faithfulness,0.07779819518327713
93,effnet_orig,43,robustness,320.89764404296875
93,effnet_orig,43,complexity,0.5644106659365271
93,effnet_orig,44,faithfulness,-0.2802441716194153
93,effnet_orig,44,robustness,2130.789306640625
93,effnet_orig,44,complexity,0.6188054945445032
93,effnet_orig,45,faithfulness,-0.06727126240730286
93,effnet_orig,45,robustness,117.85426330566406
93,effnet_orig,45,complexity,0.6307445596787992
93,effnet_recplot,0,faithfulness,0.057591959834098816
93,effnet_recplot,0,robustness,236.3018341064453
93,effnet_recplot,0,complexity,0.693402011306863
93,effnet_recplot,1,faithfulness,-0.018852077424526215
93,effnet_recplot,1,robustness,862.9252319335938
93,effnet_recplot,1,complexity,0.6187416746575533
93,effnet_recplot,2,faithfulness,-0.040551960468292236
93,effnet_recplot,2,robustness,714.9354248046875
93,effnet_recplot,2,complexity,0.6501368957912946
93,effnet_recplot,3,faithfulness,-0.2482868731021881
93,effnet_recplot,3,robustness,2784.500732421875
93,effnet_recplot,3,complexity,0.6035488879427061
93,effnet_recplot,4,faithfulness,-0.30295529961586
93,effnet_recplot,4,robustness,27.230648040771484
93,effnet_recplot,4,complexity,0.6178971394710656
93,effnet_recplot,5,faithfulness,-0.09985219687223434
93,effnet_recplot,5,robustness,3383.517333984375
93,effnet_recplot,5,complexity,0.6558831529589868
93,effnet_recplot,6,faithfulness,-0.10327135026454926
93,effnet_recplot,6,robustness,11.590659141540527
93,effnet_recplot,6,complexity,0.6179401965176055
93,effnet_recplot,7,faithfulness,0.09006215631961823
93,effnet_recplot,7,robustness,53.81308364868164
93,effnet_recplot,7,complexity,0.6075356855584088
93,effnet_recplot,8,faithfulness,-0.1949138194322586
93,effnet_recplot,8,robustness,126.82225799560547
93,effnet_recplot,8,complexity,0.625748950313904
93,effnet_recplot,9,faithfulness,0.09963016211986542
93,effnet_recplot,9,robustness,1.2161197662353516
93,effnet_recplot,9,complexity,0.6447379659760393
93,effnet_recplot,10,faithfulness,0.1514214277267456
93,effnet_recplot,10,robustness,112.87644958496094
93,effnet_recplot,10,complexity,0.7126585829097395
93,effnet_recplot,11,faithfulness,0.12935635447502136
93,effnet_recplot,11,robustness,38.9494743347168
93,effnet_recplot,11,complexity,0.589031728053811
93,effnet_recplot,12,faithfulness,-0.257000207901001
93,effnet_recplot,12,robustness,43.39504623413086
93,effnet_recplot,12,complexity,0.6915790833743913
93,effnet_recplot,13,faithfulness,0.068251833319664
93,effnet_recplot,13,robustness,1003.301513671875
93,effnet_recplot,13,complexity,0.663875364967967
93,effnet_recplot,14,faithfulness,-0.2739134430885315
93,effnet_recplot,14,robustness,43.37913513183594
93,effnet_recplot,14,complexity,0.6186810250333381
93,effnet_recplot,15,faithfulness,0.0788651704788208
93,effnet_recplot,15,robustness,45.41060256958008
93,effnet_recplot,15,complexity,0.7062297263827165
93,effnet_recplot,16,faithfulness,-0.13474538922309875
93,effnet_recplot,16,robustness,100.80349731445312
93,effnet_recplot,16,complexity,0.6249323237805886
93,effnet_recplot,17,faithfulness,0.12621068954467773
93,effnet_recplot,17,robustness,55.87986755371094
93,effnet_recplot,17,complexity,0.5885205251335514
93,effnet_recplot,18,faithfulness,-0.22990208864212036
93,effnet_recplot,18,robustness,277.7132873535156
93,effnet_recplot,18,complexity,0.64388337791053
93,effnet_recplot,19,faithfulness,0.2801439166069031
93,effnet_recplot,19,robustness,16.699060440063477
93,effnet_recplot,19,complexity,0.6410720504281904
93,effnet_recplot,20,faithfulness,-0.3107287883758545
93,effnet_recplot,20,robustness,9.092949867248535
93,effnet_recplot,20,complexity,0.6407957234935303
93,effnet_recplot,21,faithfulness,0.10221509635448456
93,effnet_recplot,21,robustness,1.075642704963684
93,effnet_recplot,21,complexity,0.6864415970121199
93,effnet_recplot,22,faithfulness,-0.32168394327163696
93,effnet_recplot,22,robustness,2.242593288421631
93,effnet_recplot,22,complexity,0.5917526821018025
93,effnet_recplot,23,faithfulness,-0.13449929654598236
93,effnet_recplot,23,robustness,168.57643127441406
93,effnet_recplot,23,complexity,0.6228343660128993
93,effnet_recplot,24,faithfulness,0.005608268082141876
93,effnet_recplot,24,robustness,8.528711318969727
93,effnet_recplot,24,complexity,0.6376106526017011
93,effnet_recplot,25,faithfulness,-0.12596645951271057
93,effnet_recplot,25,robustness,49.0000114440918
93,effnet_recplot,25,complexity,0.6167616062888767
93,effnet_recplot,26,faithfulness,0.05480833351612091
93,effnet_recplot,26,robustness,723.167724609375
93,effnet_recplot,26,complexity,0.5520129233001205
93,effnet_recplot,27,faithfulness,-0.017794981598854065
93,effnet_recplot,27,robustness,37.891197204589844
93,effnet_recplot,27,complexity,0.6283563776021133
93,effnet_recplot,28,faithfulness,-0.012128353118896484
93,effnet_recplot,28,robustness,53.631412506103516
93,effnet_recplot,28,complexity,0.5454991065703522
93,effnet_recplot,29,faithfulness,-0.0661005824804306
93,effnet_recplot,29,robustness,15.539011001586914
93,effnet_recplot,29,complexity,0.5859054920667361
93,effnet_recplot,30,faithfulness,0.15358233451843262
93,effnet_recplot,30,robustness,288.5696716308594
93,effnet_recplot,30,complexity,0.5995438154476463
93,effnet_recplot,31,faithfulness,0.09658928215503693
93,effnet_recplot,31,robustness,23.671993255615234
93,effnet_recplot,31,complexity,0.5784407876978351
93,effnet_recplot,32,faithfulness,0.09662210941314697
93,effnet_recplot,32,robustness,40.613525390625
93,effnet_recplot,32,complexity,0.6319726145791247
93,effnet_recplot,33,faithfulness,-0.1604871153831482
93,effnet_recplot,33,robustness,233.5990447998047
93,effnet_recplot,33,complexity,0.6617600887120482
93,effnet_recplot,34,faithfulness,-0.1261969655752182
93,effnet_recplot,34,robustness,1.2276370525360107
93,effnet_recplot,34,complexity,0.6418029175551074
93,effnet_recplot,35,faithfulness,0.14367695152759552
93,effnet_recplot,35,robustness,10.574117660522461
93,effnet_recplot,35,complexity,0.645727153308106
93,effnet_recplot,36,faithfulness,-0.15329451858997345
93,effnet_recplot,36,robustness,19.263248443603516
93,effnet_recplot,36,complexity,0.6599517429683754
93,effnet_recplot,37,faithfulness,0.2207442969083786
93,effnet_recplot,37,robustness,141.02606201171875
93,effnet_recplot,37,complexity,0.6114411597334659
93,effnet_recplot,38,faithfulness,0.231155127286911
93,effnet_recplot,38,robustness,1.8337838649749756
93,effnet_recplot,38,complexity,0.6377166250284778
93,effnet_recplot,39,faithfulness,0.01680794358253479
93,effnet_recplot,39,robustness,80.07196044921875
93,effnet_recplot,39,complexity,0.6263372752637867
93,effnet_recplot,40,faithfulness,0.037997372448444366
93,effnet_recplot,40,robustness,17.5955867767334
93,effnet_recplot,40,complexity,0.6386350446414529
93,effnet_recplot,41,faithfulness,-0.1649063229560852
93,effnet_recplot,41,robustness,153.94544982910156
93,effnet_recplot,41,complexity,0.6083912036327574
93,effnet_recplot,42,faithfulness,0.1637084186077118
93,effnet_recplot,42,robustness,5.631650924682617
93,effnet_recplot,42,complexity,0.6261502682959228
93,effnet_recplot,43,faithfulness,0.25530651211738586
93,effnet_recplot,43,robustness,2.507251739501953
93,effnet_recplot,43,complexity,0.7263569362422755
93,effnet_recplot,44,faithfulness,-0.0203474760055542
93,effnet_recplot,44,robustness,41.781044006347656
93,effnet_recplot,44,complexity,0.6189530067469105
93,effnet_recplot,45,faithfulness,0.2379448115825653
93,effnet_recplot,45,robustness,1.1135783195495605
93,effnet_recplot,45,complexity,0.6650900524031729
107,mobilenet_orig,0,faithfulness,-0.00973527505993843
107,mobilenet_orig,0,robustness,2.1926465034484863
107,mobilenet_orig,0,complexity,0.6376899246175088
107,mobilenet_orig,1,faithfulness,-0.22326244413852692
107,mobilenet_orig,1,robustness,2.22737193107605
107,mobilenet_orig,1,complexity,0.6218433020137163
107,mobilenet_orig,2,faithfulness,-0.1044984981417656
107,mobilenet_orig,2,robustness,1.4138612747192383
107,mobilenet_orig,2,complexity,0.6408714889762598
107,mobilenet_orig,3,faithfulness,0.09809976071119308
107,mobilenet_orig,3,robustness,2.8616466522216797
107,mobilenet_orig,3,complexity,0.6237951178325036
107,mobilenet_orig,4,faithfulness,0.041501373052597046
107,mobilenet_orig,4,robustness,3.4067442417144775
107,mobilenet_orig,4,complexity,0.6401991350234291
107,mobilenet_orig,5,faithfulness,0.21297070384025574
107,mobilenet_orig,5,robustness,1.829311728477478
107,mobilenet_orig,5,complexity,0.6862499300040955
107,mobilenet_orig,6,faithfulness,0.10267025977373123
107,mobilenet_orig,6,robustness,2.3393540382385254
107,mobilenet_orig,6,complexity,0.6344266173649512
107,mobilenet_orig,7,faithfulness,0.14423465728759766
107,mobilenet_orig,7,robustness,1.7362488508224487
107,mobilenet_orig,7,complexity,0.6457863903307584
107,mobilenet_orig,8,faithfulness,0.2513834536075592
107,mobilenet_orig,8,robustness,2.0332140922546387
107,mobilenet_orig,8,complexity,0.6210931460175166
107,mobilenet_orig,9,faithfulness,0.45034176111221313
107,mobilenet_orig,9,robustness,3.783189296722412
107,mobilenet_orig,9,complexity,0.6286551600039876
107,mobilenet_orig,10,faithfulness,-0.34749650955200195
107,mobilenet_orig,10,robustness,2.698802947998047
107,mobilenet_orig,10,complexity,0.6641405858730558
107,mobilenet_orig,11,faithfulness,0.1681135594844818
107,mobilenet_orig,11,robustness,1.5174365043640137
107,mobilenet_orig,11,complexity,0.6538657054668269
107,mobilenet_orig,12,faithfulness,0.14497444033622742
107,mobilenet_orig,12,robustness,2.088641881942749
107,mobilenet_orig,12,complexity,0.6425280132901461
107,mobilenet_orig,13,faithfulness,0.16628755629062653
107,mobilenet_orig,13,robustness,1.6893186569213867
107,mobilenet_orig,13,complexity,0.6521376574149516
107,mobilenet_orig,14,faithfulness,0.02250753343105316
107,mobilenet_orig,14,robustness,2.4607832431793213
107,mobilenet_orig,14,complexity,0.6013206875881509
107,mobilenet_orig,15,faithfulness,0.05566452443599701
107,mobilenet_orig,15,robustness,2.321812868118286
107,mobilenet_orig,15,complexity,0.6442887520531736
107,mobilenet_orig,16,faithfulness,-0.12551924586296082
107,mobilenet_orig,16,robustness,2.697521448135376
107,mobilenet_orig,16,complexity,0.6366814588376012
107,mobilenet_orig,17,faithfulness,-0.21352675557136536
107,mobilenet_orig,17,robustness,2.2408342361450195
107,mobilenet_orig,17,complexity,0.6088168166940354
107,mobilenet_orig,18,faithfulness,-0.07469069957733154
107,mobilenet_orig,18,robustness,3.3436410427093506
107,mobilenet_orig,18,complexity,0.62688560890125
107,mobilenet_orig,19,faithfulness,0.117174431681633
107,mobilenet_orig,19,robustness,1.8311519622802734
107,mobilenet_orig,19,complexity,0.662123722929796
107,mobilenet_orig,20,faithfulness,-0.3391134738922119
107,mobilenet_orig,20,robustness,4.03927755355835
107,mobilenet_orig,20,complexity,0.6511543615172986
107,mobilenet_orig,21,faithfulness,0.04685937613248825
107,mobilenet_orig,21,robustness,4.384729862213135
107,mobilenet_orig,21,complexity,0.6390478018688668
107,mobilenet_orig,22,faithfulness,0.12575304508209229
107,mobilenet_orig,22,robustness,1.3476800918579102
107,mobilenet_orig,22,complexity,0.64761669936653
107,mobilenet_orig,23,faithfulness,-0.10133500397205353
107,mobilenet_orig,23,robustness,2.3179428577423096
107,mobilenet_orig,23,complexity,0.643088348175771
107,mobilenet_orig,24,faithfulness,0.4256793260574341
107,mobilenet_orig,24,robustness,2.0357446670532227
107,mobilenet_orig,24,complexity,0.6068273689277216
107,mobilenet_orig,25,faithfulness,-0.23082658648490906
107,mobilenet_orig,25,robustness,2.2481937408447266
107,mobilenet_orig,25,complexity,0.668558396325223
107,mobilenet_orig,26,faithfulness,-0.20048511028289795
107,mobilenet_orig,26,robustness,1.0964601039886475
107,mobilenet_orig,26,complexity,0.6197974858037503
107,mobilenet_orig,27,faithfulness,0.04557070881128311
107,mobilenet_orig,27,robustness,2.4846649169921875
107,mobilenet_orig,27,complexity,0.6311363787127692
107,mobilenet_orig,28,faithfulness,-0.09734037518501282
107,mobilenet_orig,28,robustness,2.6673548221588135
107,mobilenet_orig,28,complexity,0.6380895975440863
107,mobilenet_orig,29,faithfulness,-0.2531292736530304
107,mobilenet_orig,29,robustness,2.751671552658081
107,mobilenet_orig,29,complexity,0.641397093356465
107,mobilenet_orig,30,faithfulness,0.021191220730543137
107,mobilenet_orig,30,robustness,1.9218244552612305
107,mobilenet_orig,30,complexity,0.6396480761797948
107,mobilenet_orig,31,faithfulness,-0.03026437759399414
107,mobilenet_orig,31,robustness,1.9787113666534424
107,mobilenet_orig,31,complexity,0.6328460176213797
107,mobilenet_orig,32,faithfulness,0.12797756493091583
107,mobilenet_orig,32,robustness,1.85928213596344
107,mobilenet_orig,32,complexity,0.6453314610048053
107,mobilenet_orig,33,faithfulness,0.020652800798416138
107,mobilenet_orig,33,robustness,1.5088403224945068
107,mobilenet_orig,33,complexity,0.6139621679030068
107,mobilenet_orig,34,faithfulness,-0.25339558720588684
107,mobilenet_orig,34,robustness,1.5593397617340088
107,mobilenet_orig,34,complexity,0.6148807457534771
107,mobilenet_orig,35,faithfulness,-0.18732741475105286
107,mobilenet_orig,35,robustness,3.052000045776367
107,mobilenet_orig,35,complexity,0.6144656257715021
107,mobilenet_orig,36,faithfulness,-0.019568726420402527
107,mobilenet_orig,36,robustness,1.8507063388824463
107,mobilenet_orig,36,complexity,0.6263751146170279
107,mobilenet_orig,37,faithfulness,-0.27709031105041504
107,mobilenet_orig,37,robustness,1.5633858442306519
107,mobilenet_orig,37,complexity,0.6814787029056182
107,mobilenet_orig,38,faithfulness,-0.22329536080360413
107,mobilenet_orig,38,robustness,1.8791778087615967
107,mobilenet_orig,38,complexity,0.6678220123329348
107,mobilenet_orig,39,faithfulness,0.21728834509849548
107,mobilenet_orig,39,robustness,1.3969640731811523
107,mobilenet_orig,39,complexity,0.6659760334536745
107,mobilenet_orig,40,faithfulness,-0.10191760957241058
107,mobilenet_orig,40,robustness,1.5201109647750854
107,mobilenet_orig,40,complexity,0.6324341505023375
107,mobilenet_orig,41,faithfulness,0.10933287441730499
107,mobilenet_orig,41,robustness,2.8511929512023926
107,mobilenet_orig,41,complexity,0.6135205168785574
107,mobilenet_orig,42,faithfulness,0.17832976579666138
107,mobilenet_orig,42,robustness,2.561483383178711
107,mobilenet_orig,42,complexity,0.6165365820755254
107,mobilenet_orig,43,faithfulness,0.1924191266298294
107,mobilenet_orig,43,robustness,2.6826932430267334
107,mobilenet_orig,43,complexity,0.6286675591564108
107,mobilenet_orig,44,faithfulness,0.14864705502986908
107,mobilenet_orig,44,robustness,2.4141266345977783
107,mobilenet_orig,44,complexity,0.6114801389451411
107,mobilenet_orig,45,faithfulness,-0.2194693684577942
107,mobilenet_orig,45,robustness,2.5356903076171875
107,mobilenet_orig,45,complexity,0.6395704830840023
107,mobilenet_recplot,0,faithfulness,0.019696742296218872
107,mobilenet_recplot,0,robustness,4.616937160491943
107,mobilenet_recplot,0,complexity,0.6293870149062353
107,mobilenet_recplot,1,faithfulness,-0.060548439621925354
107,mobilenet_recplot,1,robustness,2.368631601333618
107,mobilenet_recplot,1,complexity,0.6581753601672291
107,mobilenet_recplot,2,faithfulness,-0.17954224348068237
107,mobilenet_recplot,2,robustness,2.188166856765747
107,mobilenet_recplot,2,complexity,0.6429950717683114
107,mobilenet_recplot,3,faithfulness,-0.05868019908666611
107,mobilenet_recplot,3,robustness,3.116504192352295
107,mobilenet_recplot,3,complexity,0.6431513253709148
107,mobilenet_recplot,4,faithfulness,0.15003231167793274
107,mobilenet_recplot,4,robustness,1.8247793912887573
107,mobilenet_recplot,4,complexity,0.6574865078281923
107,mobilenet_recplot,5,faithfulness,-0.10181208699941635
107,mobilenet_recplot,5,robustness,3.6831154823303223
107,mobilenet_recplot,5,complexity,0.6669756972289739
107,mobilenet_recplot,6,faithfulness,0.17009179294109344
107,mobilenet_recplot,6,robustness,1.7369345426559448
107,mobilenet_recplot,6,complexity,0.6507345535252166
107,mobilenet_recplot,7,faithfulness,0.13866496086120605
107,mobilenet_recplot,7,robustness,1.3708851337432861
107,mobilenet_recplot,7,complexity,0.6711947860079035
107,mobilenet_recplot,8,faithfulness,0.4098595082759857
107,mobilenet_recplot,8,robustness,1.837956190109253
107,mobilenet_recplot,8,complexity,0.6468932428657109
107,mobilenet_recplot,9,faithfulness,0.07293975353240967
107,mobilenet_recplot,9,robustness,1.959004282951355
107,mobilenet_recplot,9,complexity,0.657776104284006
107,mobilenet_recplot,10,faithfulness,0.13334688544273376
107,mobilenet_recplot,10,robustness,4.7211594581604
107,mobilenet_recplot,10,complexity,0.6463744716076817
107,mobilenet_recplot,11,faithfulness,-0.4434340298175812
107,mobilenet_recplot,11,robustness,1.2765249013900757
107,mobilenet_recplot,11,complexity,0.6531791629538607
107,mobilenet_recplot,12,faithfulness,0.009260520339012146
107,mobilenet_recplot,12,robustness,2.1840100288391113
107,mobilenet_recplot,12,complexity,0.6410240870911593
107,mobilenet_recplot,13,faithfulness,-0.09789130091667175
107,mobilenet_recplot,13,robustness,2.868703842163086
107,mobilenet_recplot,13,complexity,0.650218095841508
107,mobilenet_recplot,14,faithfulness,-0.31855714321136475
107,mobilenet_recplot,14,robustness,2.7973668575286865
107,mobilenet_recplot,14,complexity,0.6535770518615652
107,mobilenet_recplot,15,faithfulness,-0.23145551979541779
107,mobilenet_recplot,15,robustness,2.5803253650665283
107,mobilenet_recplot,15,complexity,0.6791454151330425
107,mobilenet_recplot,16,faithfulness,-0.3164440393447876
107,mobilenet_recplot,16,robustness,2.4047939777374268
107,mobilenet_recplot,16,complexity,0.6572482144235243
107,mobilenet_recplot,17,faithfulness,-0.3218989074230194
107,mobilenet_recplot,17,robustness,2.322099447250366
107,mobilenet_recplot,17,complexity,0.6426791634953377
107,mobilenet_recplot,18,faithfulness,0.0372341088950634
107,mobilenet_recplot,18,robustness,2.8713676929473877
107,mobilenet_recplot,18,complexity,0.6522807024219923
107,mobilenet_recplot,19,faithfulness,-0.12771539390087128
107,mobilenet_recplot,19,robustness,6.736914157867432
107,mobilenet_recplot,19,complexity,0.66341023878663
107,mobilenet_recplot,20,faithfulness,-0.1376984566450119
107,mobilenet_recplot,20,robustness,2.2545270919799805
107,mobilenet_recplot,20,complexity,0.6671932119169128
107,mobilenet_recplot,21,faithfulness,0.06271106749773026
107,mobilenet_recplot,21,robustness,1.9669396877288818
107,mobilenet_recplot,21,complexity,0.646327529532816
107,mobilenet_recplot,22,faithfulness,-0.17279767990112305
107,mobilenet_recplot,22,robustness,1.8607405424118042
107,mobilenet_recplot,22,complexity,0.6530525795351269
107,mobilenet_recplot,23,faithfulness,0.019834578037261963
107,mobilenet_recplot,23,robustness,3.5424182415008545
107,mobilenet_recplot,23,complexity,0.665173009874222
107,mobilenet_recplot,24,faithfulness,0.003309182822704315
107,mobilenet_recplot,24,robustness,1.988084316253662
107,mobilenet_recplot,24,complexity,0.6591553041332336
107,mobilenet_recplot,25,faithfulness,-0.2071259468793869
107,mobilenet_recplot,25,robustness,1.6001588106155396
107,mobilenet_recplot,25,complexity,0.6299001134401297
107,mobilenet_recplot,26,faithfulness,-0.047388993203639984
107,mobilenet_recplot,26,robustness,2.225766897201538
107,mobilenet_recplot,26,complexity,0.7160405013151373
107,mobilenet_recplot,27,faithfulness,0.011880382895469666
107,mobilenet_recplot,27,robustness,2.221540927886963
107,mobilenet_recplot,27,complexity,0.6475436897697572
107,mobilenet_recplot,28,faithfulness,-0.057457081973552704
107,mobilenet_recplot,28,robustness,5.845072269439697
107,mobilenet_recplot,28,complexity,0.6257634084824859
107,mobilenet_recplot,29,faithfulness,0.21192869544029236
107,mobilenet_recplot,29,robustness,10.092726707458496
107,mobilenet_recplot,29,complexity,0.6019414382536699
107,mobilenet_recplot,30,faithfulness,-0.09157921373844147
107,mobilenet_recplot,30,robustness,4.4024658203125
107,mobilenet_recplot,30,complexity,0.6188199137892775
107,mobilenet_recplot,31,faithfulness,-0.1788102686405182
107,mobilenet_recplot,31,robustness,1.4015228748321533
107,mobilenet_recplot,31,complexity,0.641761387103632
107,mobilenet_recplot,32,faithfulness,0.04778246581554413
107,mobilenet_recplot,32,robustness,1.2663159370422363
107,mobilenet_recplot,32,complexity,0.6728540772468424
107,mobilenet_recplot,33,faithfulness,-0.11702874302864075
107,mobilenet_recplot,33,robustness,2.4392435550689697
107,mobilenet_recplot,33,complexity,0.6857139211224503
107,mobilenet_recplot,34,faithfulness,-0.14914843440055847
107,mobilenet_recplot,34,robustness,1.439559817314148
107,mobilenet_recplot,34,complexity,0.618663347253845
107,mobilenet_recplot,35,faithfulness,-0.203639954328537
107,mobilenet_recplot,35,robustness,1.273132562637329
107,mobilenet_recplot,35,complexity,0.6299947528370763
107,mobilenet_recplot,36,faithfulness,0.0922781229019165
107,mobilenet_recplot,36,robustness,2.2877767086029053
107,mobilenet_recplot,36,complexity,0.6275501533926191
107,mobilenet_recplot,37,faithfulness,-0.17697583138942719
107,mobilenet_recplot,37,robustness,2.441329002380371
107,mobilenet_recplot,37,complexity,0.6379770654547874
107,mobilenet_recplot,38,faithfulness,0.1311991810798645
107,mobilenet_recplot,38,robustness,2.5622942447662354
107,mobilenet_recplot,38,complexity,0.6425954445338014
107,mobilenet_recplot,39,faithfulness,-0.06577059626579285
107,mobilenet_recplot,39,robustness,1.8751636743545532
107,mobilenet_recplot,39,complexity,0.6396484411409974
107,mobilenet_recplot,40,faithfulness,0.10521145164966583
107,mobilenet_recplot,40,robustness,1.7753924131393433
107,mobilenet_recplot,40,complexity,0.6325776454829931
107,mobilenet_recplot,41,faithfulness,-0.11154689639806747
107,mobilenet_recplot,41,robustness,1.4049630165100098
107,mobilenet_recplot,41,complexity,0.6275877747411827
107,mobilenet_recplot,42,faithfulness,-0.07946865260601044
107,mobilenet_recplot,42,robustness,1.5007959604263306
107,mobilenet_recplot,42,complexity,0.6433242419963037
107,mobilenet_recplot,43,faithfulness,0.02427886426448822
107,mobilenet_recplot,43,robustness,2.624631881713867
107,mobilenet_recplot,43,complexity,0.6545478896160813
107,mobilenet_recplot,44,faithfulness,0.04308408498764038
107,mobilenet_recplot,44,robustness,2.3225693702697754
107,mobilenet_recplot,44,complexity,0.6374733503068004
107,mobilenet_recplot,45,faithfulness,-0.08848807960748672
107,mobilenet_recplot,45,robustness,1.9132312536239624
107,mobilenet_recplot,45,complexity,0.6589059689554727
107,effnet_orig,0,faithfulness,-0.030902057886123657
107,effnet_orig,0,robustness,6.971407890319824
107,effnet_orig,0,complexity,0.6144210625990185
107,effnet_orig,1,faithfulness,0.28522229194641113
107,effnet_orig,1,robustness,36.83829116821289
107,effnet_orig,1,complexity,0.5482499889876007
107,effnet_orig,2,faithfulness,-0.20207659900188446
107,effnet_orig,2,robustness,207.01239013671875
107,effnet_orig,2,complexity,0.6203002983269312
107,effnet_orig,3,faithfulness,0.09502539038658142
107,effnet_orig,3,robustness,1.01205313205719
107,effnet_orig,3,complexity,0.5940334172906493
107,effnet_orig,4,faithfulness,-0.08323614299297333
107,effnet_orig,4,robustness,7.625533580780029
107,effnet_orig,4,complexity,0.6166198067514214
107,effnet_orig,5,faithfulness,0.025588136166334152
107,effnet_orig,5,robustness,22.457860946655273
107,effnet_orig,5,complexity,0.6179766285720573
107,effnet_orig,6,faithfulness,0.34145689010620117
107,effnet_orig,6,robustness,4.242204189300537
107,effnet_orig,6,complexity,0.588470061086665
107,effnet_orig,7,faithfulness,0.292484849691391
107,effnet_orig,7,robustness,28.126237869262695
107,effnet_orig,7,complexity,0.6170428322897403
107,effnet_orig,8,faithfulness,0.1277136504650116
107,effnet_orig,8,robustness,80.17935943603516
107,effnet_orig,8,complexity,0.5919649205117546
107,effnet_orig,9,faithfulness,0.4945727586746216
107,effnet_orig,9,robustness,307.7441101074219
107,effnet_orig,9,complexity,0.6306465342839023
107,effnet_orig,10,faithfulness,-0.21999192237854004
107,effnet_orig,10,robustness,41.32489776611328
107,effnet_orig,10,complexity,0.6366851932797748
107,effnet_orig,11,faithfulness,0.06397831439971924
107,effnet_orig,11,robustness,80.35897064208984
107,effnet_orig,11,complexity,0.5973896604541109
107,effnet_orig,12,faithfulness,0.09912624210119247
107,effnet_orig,12,robustness,4.2277326583862305
107,effnet_orig,12,complexity,0.5672948364812761
107,effnet_orig,13,faithfulness,0.2208693027496338
107,effnet_orig,13,robustness,78.22178649902344
107,effnet_orig,13,complexity,0.611421605671382
107,effnet_orig,14,faithfulness,-0.1436425894498825
107,effnet_orig,14,robustness,35.19574737548828
107,effnet_orig,14,complexity,0.6301677265403124
107,effnet_orig,15,faithfulness,-0.12452815473079681
107,effnet_orig,15,robustness,116.15340423583984
107,effnet_orig,15,complexity,0.607117179196245
107,effnet_orig,16,faithfulness,-0.1394917070865631
107,effnet_orig,16,robustness,2.168348789215088
107,effnet_orig,16,complexity,0.5469783166504634
107,effnet_orig,17,faithfulness,0.39847761392593384
107,effnet_orig,17,robustness,40.61383056640625
107,effnet_orig,17,complexity,0.5921202860872207
107,effnet_orig,18,faithfulness,0.1215083971619606
107,effnet_orig,18,robustness,3.1707215309143066
107,effnet_orig,18,complexity,0.5368597420640234
107,effnet_orig,19,faithfulness,-0.23995916545391083
107,effnet_orig,19,robustness,6.73373556137085
107,effnet_orig,19,complexity,0.5968635329628523
107,effnet_orig,20,faithfulness,0.0998113751411438
107,effnet_orig,20,robustness,56.34099197387695
107,effnet_orig,20,complexity,0.5552528988418098
107,effnet_orig,21,faithfulness,0.10257839411497116
107,effnet_orig,21,robustness,1.0543571710586548
107,effnet_orig,21,complexity,0.6017887024113369
107,effnet_orig,22,faithfulness,-0.01446273922920227
107,effnet_orig,22,robustness,82.63587951660156
107,effnet_orig,22,complexity,0.5887399781271253
107,effnet_orig,23,faithfulness,-0.05625264346599579
107,effnet_orig,23,robustness,35.99341583251953
107,effnet_orig,23,complexity,0.5500712882090221
107,effnet_orig,24,faithfulness,-0.11454886198043823
107,effnet_orig,24,robustness,21.477766036987305
107,effnet_orig,24,complexity,0.5887259974807527
107,effnet_orig,25,faithfulness,0.11151332408189774
107,effnet_orig,25,robustness,37.11159896850586
107,effnet_orig,25,complexity,0.5767425608960649
107,effnet_orig,26,faithfulness,0.016424842178821564
107,effnet_orig,26,robustness,93.9508285522461
107,effnet_orig,26,complexity,0.5690949296354824
107,effnet_orig,27,faithfulness,0.04809742793440819
107,effnet_orig,27,robustness,1.5409984588623047
107,effnet_orig,27,complexity,0.5413650284755206
107,effnet_orig,28,faithfulness,-0.19726336002349854
107,effnet_orig,28,robustness,1.733096957206726
107,effnet_orig,28,complexity,0.6049045599196109
107,effnet_orig,29,faithfulness,0.11621490120887756
107,effnet_orig,29,robustness,11.352954864501953
107,effnet_orig,29,complexity,0.6143979283135237
107,effnet_orig,30,faithfulness,0.4627770781517029
107,effnet_orig,30,robustness,7.717888355255127
107,effnet_orig,30,complexity,0.6184870368177152
107,effnet_orig,31,faithfulness,0.18705613911151886
107,effnet_orig,31,robustness,20.58913230895996
107,effnet_orig,31,complexity,0.6055536751253352
107,effnet_orig,32,faithfulness,0.20015335083007812
107,effnet_orig,32,robustness,19.75920867919922
107,effnet_orig,32,complexity,0.5474074076613671
107,effnet_orig,33,faithfulness,-0.10318998992443085
107,effnet_orig,33,robustness,39.78620910644531
107,effnet_orig,33,complexity,0.5551710952756718
107,effnet_orig,34,faithfulness,-0.10428208112716675
107,effnet_orig,34,robustness,1.8734208345413208
107,effnet_orig,34,complexity,0.5438521154429532
107,effnet_orig,35,faithfulness,0.26256316900253296
107,effnet_orig,35,robustness,10.134214401245117
107,effnet_orig,35,complexity,0.6032591943885293
107,effnet_orig,36,faithfulness,0.005418002605438232
107,effnet_orig,36,robustness,15.317620277404785
107,effnet_orig,36,complexity,0.5350727718947648
107,effnet_orig,37,faithfulness,0.07622242718935013
107,effnet_orig,37,robustness,1.1458779573440552
107,effnet_orig,37,complexity,0.6111780952060437
107,effnet_orig,38,faithfulness,0.20244327187538147
107,effnet_orig,38,robustness,1.0966813564300537
107,effnet_orig,38,complexity,0.6230940521644966
107,effnet_orig,39,faithfulness,0.1719871461391449
107,effnet_orig,39,robustness,153.5663604736328
107,effnet_orig,39,complexity,0.5651864243095763
107,effnet_orig,40,faithfulness,-0.10079218447208405
107,effnet_orig,40,robustness,47.719627380371094
107,effnet_orig,40,complexity,0.5880975843491143
107,effnet_orig,41,faithfulness,0.1179090365767479
107,effnet_orig,41,robustness,5.953373432159424
107,effnet_orig,41,complexity,0.604050670537226
107,effnet_orig,42,faithfulness,0.020680628716945648
107,effnet_orig,42,robustness,1.747761607170105
107,effnet_orig,42,complexity,0.5397155398744026
107,effnet_orig,43,faithfulness,-0.015380702912807465
107,effnet_orig,43,robustness,12.161806106567383
107,effnet_orig,43,complexity,0.513663968027685
107,effnet_orig,44,faithfulness,0.42535707354545593
107,effnet_orig,44,robustness,136.3012237548828
107,effnet_orig,44,complexity,0.5700155149920219
107,effnet_orig,45,faithfulness,0.043147191405296326
107,effnet_orig,45,robustness,29.278884887695312
107,effnet_orig,45,complexity,0.5696578790992297
107,effnet_recplot,0,faithfulness,-0.08253178000450134
107,effnet_recplot,0,robustness,136.9577178955078
107,effnet_recplot,0,complexity,0.6199128803478328
107,effnet_recplot,1,faithfulness,0.1588132381439209
107,effnet_recplot,1,robustness,718.5350952148438
107,effnet_recplot,1,complexity,0.6042888954566727
107,effnet_recplot,2,faithfulness,0.02876795455813408
107,effnet_recplot,2,robustness,93.95394897460938
107,effnet_recplot,2,complexity,0.6478773163443813
107,effnet_recplot,3,faithfulness,0.29641303420066833
107,effnet_recplot,3,robustness,1.001676321029663
107,effnet_recplot,3,complexity,0.6409680957304308
107,effnet_recplot,4,faithfulness,0.3248687982559204
107,effnet_recplot,4,robustness,7.129456043243408
107,effnet_recplot,4,complexity,0.6297912950513791
107,effnet_recplot,5,faithfulness,0.12822110950946808
107,effnet_recplot,5,robustness,187.05499267578125
107,effnet_recplot,5,complexity,0.641886035930972
107,effnet_recplot,6,faithfulness,-0.003273099660873413
107,effnet_recplot,6,robustness,44.686031341552734
107,effnet_recplot,6,complexity,0.633786408428144
107,effnet_recplot,7,faithfulness,-0.01513160765171051
107,effnet_recplot,7,robustness,6.618916034698486
107,effnet_recplot,7,complexity,0.6056886479397383
107,effnet_recplot,8,faithfulness,0.14472758769989014
107,effnet_recplot,8,robustness,17.30855369567871
107,effnet_recplot,8,complexity,0.593339260551419
107,effnet_recplot,9,faithfulness,-0.16358669102191925
107,effnet_recplot,9,robustness,624.1708984375
107,effnet_recplot,9,complexity,0.6137048571666947
107,effnet_recplot,10,faithfulness,0.005062364041805267
107,effnet_recplot,10,robustness,29.45649528503418
107,effnet_recplot,10,complexity,0.6674011421976065
107,effnet_recplot,11,faithfulness,0.14522266387939453
107,effnet_recplot,11,robustness,2.5383830070495605
107,effnet_recplot,11,complexity,0.5567294375899724
107,effnet_recplot,12,faithfulness,0.21710342168807983
107,effnet_recplot,12,robustness,73.21626281738281
107,effnet_recplot,12,complexity,0.6012754323851319
107,effnet_recplot,13,faithfulness,-0.10684798657894135
107,effnet_recplot,13,robustness,156.58099365234375
107,effnet_recplot,13,complexity,0.6256871713259649
107,effnet_recplot,14,faithfulness,-0.09979062527418137
107,effnet_recplot,14,robustness,8.690760612487793
107,effnet_recplot,14,complexity,0.5593387234832697
107,effnet_recplot,15,faithfulness,0.17182685434818268
107,effnet_recplot,15,robustness,63.027191162109375
107,effnet_recplot,15,complexity,0.583240074223649
107,effnet_recplot,16,faithfulness,0.3106383681297302
107,effnet_recplot,16,robustness,307.73345947265625
107,effnet_recplot,16,complexity,0.6138469641194801
107,effnet_recplot,17,faithfulness,-0.4941031336784363
107,effnet_recplot,17,robustness,35.84554672241211
107,effnet_recplot,17,complexity,0.6421120423167724
107,effnet_recplot,18,faithfulness,-0.05482270568609238
107,effnet_recplot,18,robustness,42.292362213134766
107,effnet_recplot,18,complexity,0.6168684631989767
107,effnet_recplot,19,faithfulness,-0.05990244448184967
107,effnet_recplot,19,robustness,1721.4757080078125
107,effnet_recplot,19,complexity,0.588521985655978
107,effnet_recplot,20,faithfulness,-0.05034517124295235
107,effnet_recplot,20,robustness,1.1594233512878418
107,effnet_recplot,20,complexity,0.5717047655239952
107,effnet_recplot,21,faithfulness,-0.15948322415351868
107,effnet_recplot,21,robustness,1.002005934715271
107,effnet_recplot,21,complexity,0.6184079313281075
107,effnet_recplot,22,faithfulness,0.0706653743982315
107,effnet_recplot,22,robustness,27.494670867919922
107,effnet_recplot,22,complexity,0.6895732746502691
107,effnet_recplot,23,faithfulness,-0.12677860260009766
107,effnet_recplot,23,robustness,465.26025390625
107,effnet_recplot,23,complexity,0.5947381000658003
107,effnet_recplot,24,faithfulness,0.045224420726299286
107,effnet_recplot,24,robustness,25.833826065063477
107,effnet_recplot,24,complexity,0.6279069459849009
107,effnet_recplot,25,faithfulness,-0.19225609302520752
107,effnet_recplot,25,robustness,178.51402282714844
107,effnet_recplot,25,complexity,0.5887823147480719
107,effnet_recplot,26,faithfulness,0.10083730518817902
107,effnet_recplot,26,robustness,11.244091987609863
107,effnet_recplot,26,complexity,0.6943403029357091
107,effnet_recplot,27,faithfulness,0.41728582978248596
107,effnet_recplot,27,robustness,36.07907485961914
107,effnet_recplot,27,complexity,0.5725926969079541
107,effnet_recplot,28,faithfulness,-0.02199523150920868
107,effnet_recplot,28,robustness,188.9733428955078
107,effnet_recplot,28,complexity,0.5759345666115107
107,effnet_recplot,29,faithfulness,-0.00023765861988067627
107,effnet_recplot,29,robustness,19.900545120239258
107,effnet_recplot,29,complexity,0.6036040111546707
107,effnet_recplot,30,faithfulness,0.19099122285842896
107,effnet_recplot,30,robustness,256.254150390625
107,effnet_recplot,30,complexity,0.6287392537077796
107,effnet_recplot,31,faithfulness,-0.24510131776332855
107,effnet_recplot,31,robustness,36.125274658203125
107,effnet_recplot,31,complexity,0.5663935673231336
107,effnet_recplot,32,faithfulness,0.11408349871635437
107,effnet_recplot,32,robustness,2.269646406173706
107,effnet_recplot,32,complexity,0.6660384813217485
107,effnet_recplot,33,faithfulness,-0.003712877631187439
107,effnet_recplot,33,robustness,19.469982147216797
107,effnet_recplot,33,complexity,0.6781111282624944
107,effnet_recplot,34,faithfulness,-0.35104596614837646
107,effnet_recplot,34,robustness,262.8068542480469
107,effnet_recplot,34,complexity,0.5363232526943076
107,effnet_recplot,35,faithfulness,-0.20146699249744415
107,effnet_recplot,35,robustness,70.74560546875
107,effnet_recplot,35,complexity,0.6101693231953282
107,effnet_recplot,36,faithfulness,0.13193362951278687
107,effnet_recplot,36,robustness,14.569223403930664
107,effnet_recplot,36,complexity,0.6707061551387133
107,effnet_recplot,37,faithfulness,-0.14394566416740417
107,effnet_recplot,37,robustness,729.8690795898438
107,effnet_recplot,37,complexity,0.6438925375549378
107,effnet_recplot,38,faithfulness,-0.10919709503650665
107,effnet_recplot,38,robustness,794.7718505859375
107,effnet_recplot,38,complexity,0.629041736701778
107,effnet_recplot,39,faithfulness,0.17570751905441284
107,effnet_recplot,39,robustness,175.7432098388672
107,effnet_recplot,39,complexity,0.638481922412228
107,effnet_recplot,40,faithfulness,-0.184465691447258
107,effnet_recplot,40,robustness,302.307861328125
107,effnet_recplot,40,complexity,0.6219068346145545
107,effnet_recplot,41,faithfulness,-0.02071552723646164
107,effnet_recplot,41,robustness,36.686553955078125
107,effnet_recplot,41,complexity,0.6194973134717744
107,effnet_recplot,42,faithfulness,-0.23912391066551208
107,effnet_recplot,42,robustness,9.503498077392578
107,effnet_recplot,42,complexity,0.6023300674933137
107,effnet_recplot,43,faithfulness,-0.03630860149860382
107,effnet_recplot,43,robustness,67.27687072753906
107,effnet_recplot,43,complexity,0.628342525825332
107,effnet_recplot,44,faithfulness,-0.022131264209747314
107,effnet_recplot,44,robustness,165.84840393066406
107,effnet_recplot,44,complexity,0.6100142784877688
107,effnet_recplot,45,faithfulness,0.07532741129398346
107,effnet_recplot,45,robustness,4.047590255737305
107,effnet_recplot,45,complexity,0.6231346696509881
121,mobilenet_orig,0,faithfulness,0.30523520708084106
121,mobilenet_orig,0,robustness,1.5533854961395264
121,mobilenet_orig,0,complexity,0.6185960425031286
121,mobilenet_orig,1,faithfulness,0.11405608803033829
121,mobilenet_orig,1,robustness,1.3803657293319702
121,mobilenet_orig,1,complexity,0.6363526006249118
121,mobilenet_orig,2,faithfulness,-0.20882360637187958
121,mobilenet_orig,2,robustness,1.6297773122787476
121,mobilenet_orig,2,complexity,0.6392221503024166
121,mobilenet_orig,3,faithfulness,0.08074831962585449
121,mobilenet_orig,3,robustness,2.130707025527954
121,mobilenet_orig,3,complexity,0.6268046285048536
121,mobilenet_orig,4,faithfulness,-0.06990022212266922
121,mobilenet_orig,4,robustness,2.3074567317962646
121,mobilenet_orig,4,complexity,0.620504409010662
121,mobilenet_orig,5,faithfulness,-0.03034266084432602
121,mobilenet_orig,5,robustness,2.027535915374756
121,mobilenet_orig,5,complexity,0.6600739188052341
121,mobilenet_orig,6,faithfulness,-0.008456990122795105
121,mobilenet_orig,6,robustness,2.358166456222534
121,mobilenet_orig,6,complexity,0.6385921186965736
121,mobilenet_orig,7,faithfulness,-0.15250667929649353
121,mobilenet_orig,7,robustness,1.4515841007232666
121,mobilenet_orig,7,complexity,0.6196040237293915
121,mobilenet_orig,8,faithfulness,-0.19553464651107788
121,mobilenet_orig,8,robustness,1.4986075162887573
121,mobilenet_orig,8,complexity,0.6230055467079206
121,mobilenet_orig,9,faithfulness,-0.07592932879924774
121,mobilenet_orig,9,robustness,2.2736663818359375
121,mobilenet_orig,9,complexity,0.6250913109744967
121,mobilenet_orig,10,faithfulness,0.2584990859031677
121,mobilenet_orig,10,robustness,1.8419132232666016
121,mobilenet_orig,10,complexity,0.6348450575413601
121,mobilenet_orig,11,faithfulness,0.0663500651717186
121,mobilenet_orig,11,robustness,1.318033218383789
121,mobilenet_orig,11,complexity,0.6434146752714115
121,mobilenet_orig,12,faithfulness,-0.11495178937911987
121,mobilenet_orig,12,robustness,1.6503599882125854
121,mobilenet_orig,12,complexity,0.6309468317075464
121,mobilenet_orig,13,faithfulness,0.23527784645557404
121,mobilenet_orig,13,robustness,1.2775447368621826
121,mobilenet_orig,13,complexity,0.6457483945663233
121,mobilenet_orig,14,faithfulness,-0.044343940913677216
121,mobilenet_orig,14,robustness,2.0298662185668945
121,mobilenet_orig,14,complexity,0.6040984981231695
121,mobilenet_orig,15,faithfulness,0.06788046658039093
121,mobilenet_orig,15,robustness,1.9313088655471802
121,mobilenet_orig,15,complexity,0.6333704376283515
121,mobilenet_orig,16,faithfulness,-0.2785443365573883
121,mobilenet_orig,16,robustness,1.9069368839263916
121,mobilenet_orig,16,complexity,0.6226784770506328
121,mobilenet_orig,17,faithfulness,-0.36220937967300415
121,mobilenet_orig,17,robustness,1.6178951263427734
121,mobilenet_orig,17,complexity,0.6127218210563193
121,mobilenet_orig,18,faithfulness,0.1613694727420807
121,mobilenet_orig,18,robustness,2.300360918045044
121,mobilenet_orig,18,complexity,0.6274500515993336
121,mobilenet_orig,19,faithfulness,0.19731932878494263
121,mobilenet_orig,19,robustness,1.5108174085617065
121,mobilenet_orig,19,complexity,0.6479176249476534
121,mobilenet_orig,20,faithfulness,0.3033028244972229
121,mobilenet_orig,20,robustness,2.7473297119140625
121,mobilenet_orig,20,complexity,0.6497837058804254
121,mobilenet_orig,21,faithfulness,0.24181732535362244
121,mobilenet_orig,21,robustness,2.518209218978882
121,mobilenet_orig,21,complexity,0.6264739454756707
121,mobilenet_orig,22,faithfulness,-0.048632070422172546
121,mobilenet_orig,22,robustness,1.3223272562026978
121,mobilenet_orig,22,complexity,0.6297300476817982
121,mobilenet_orig,23,faithfulness,-0.21272718906402588
121,mobilenet_orig,23,robustness,2.25546932220459
121,mobilenet_orig,23,complexity,0.6391652644592765
121,mobilenet_orig,24,faithfulness,-0.18689976632595062
121,mobilenet_orig,24,robustness,1.2991557121276855
121,mobilenet_orig,24,complexity,0.6176947657738042
121,mobilenet_orig,25,faithfulness,-0.2618999481201172
121,mobilenet_orig,25,robustness,1.9446755647659302
121,mobilenet_orig,25,complexity,0.6598641230117167
121,mobilenet_orig,26,faithfulness,-0.07736103236675262
121,mobilenet_orig,26,robustness,1.1978349685668945
121,mobilenet_orig,26,complexity,0.5990816607459293
121,mobilenet_orig,27,faithfulness,-0.291390061378479
121,mobilenet_orig,27,robustness,1.8284859657287598
121,mobilenet_orig,27,complexity,0.6423117245472413
121,mobilenet_orig,28,faithfulness,0.2157643884420395
121,mobilenet_orig,28,robustness,2.0350534915924072
121,mobilenet_orig,28,complexity,0.6292839650084774
121,mobilenet_orig,29,faithfulness,-0.09604448080062866
121,mobilenet_orig,29,robustness,1.6439005136489868
121,mobilenet_orig,29,complexity,0.6375921569558584
121,mobilenet_orig,30,faithfulness,-0.018095720559358597
121,mobilenet_orig,30,robustness,1.684788465499878
121,mobilenet_orig,30,complexity,0.6307933502455042
121,mobilenet_orig,31,faithfulness,-0.03685896843671799
121,mobilenet_orig,31,robustness,1.8620816469192505
121,mobilenet_orig,31,complexity,0.6470559038757128
121,mobilenet_orig,32,faithfulness,-0.29455673694610596
121,mobilenet_orig,32,robustness,1.5431941747665405
121,mobilenet_orig,32,complexity,0.6439606621920477
121,mobilenet_orig,33,faithfulness,0.005517452955245972
121,mobilenet_orig,33,robustness,1.2760779857635498
121,mobilenet_orig,33,complexity,0.6169733712169816
121,mobilenet_orig,34,faithfulness,0.0352424681186676
121,mobilenet_orig,34,robustness,1.286286473274231
121,mobilenet_orig,34,complexity,0.6210908334971145
121,mobilenet_orig,35,faithfulness,0.2099761813879013
121,mobilenet_orig,35,robustness,1.7273237705230713
121,mobilenet_orig,35,complexity,0.6206660049538689
121,mobilenet_orig,36,faithfulness,0.20544971525669098
121,mobilenet_orig,36,robustness,1.4579780101776123
121,mobilenet_orig,36,complexity,0.6290978416871834
121,mobilenet_orig,37,faithfulness,-0.08130992949008942
121,mobilenet_orig,37,robustness,1.476029396057129
121,mobilenet_orig,37,complexity,0.6572131186410815
121,mobilenet_orig,38,faithfulness,-0.08056655526161194
121,mobilenet_orig,38,robustness,1.5438965559005737
121,mobilenet_orig,38,complexity,0.6446839077656432
121,mobilenet_orig,39,faithfulness,-0.05637188255786896
121,mobilenet_orig,39,robustness,1.3686879873275757
121,mobilenet_orig,39,complexity,0.6538383611608597
121,mobilenet_orig,40,faithfulness,-0.14740167558193207
121,mobilenet_orig,40,robustness,1.3809067010879517
121,mobilenet_orig,40,complexity,0.6348170643229275
121,mobilenet_orig,41,faithfulness,-0.04051852226257324
121,mobilenet_orig,41,robustness,2.4840826988220215
121,mobilenet_orig,41,complexity,0.6121076223885752
121,mobilenet_orig,42,faithfulness,-0.14493757486343384
121,mobilenet_orig,42,robustness,2.0412757396698
121,mobilenet_orig,42,complexity,0.6180545000585234
121,mobilenet_orig,43,faithfulness,-0.24672803282737732
121,mobilenet_orig,43,robustness,2.2839677333831787
121,mobilenet_orig,43,complexity,0.5995864360664167
121,mobilenet_orig,44,faithfulness,-0.32404595613479614
121,mobilenet_orig,44,robustness,1.8346970081329346
121,mobilenet_orig,44,complexity,0.6034235768474183
121,mobilenet_orig,45,faithfulness,-0.23071444034576416
121,mobilenet_orig,45,robustness,2.225432872772217
121,mobilenet_orig,45,complexity,0.6445745754986494
121,mobilenet_recplot,0,faithfulness,0.3381696939468384
121,mobilenet_recplot,0,robustness,2.562108039855957
121,mobilenet_recplot,0,complexity,0.6339774315608002
121,mobilenet_recplot,1,faithfulness,0.027073107659816742
121,mobilenet_recplot,1,robustness,1.6188911199569702
121,mobilenet_recplot,1,complexity,0.6383141083283314
121,mobilenet_recplot,2,faithfulness,-0.06897362321615219
121,mobilenet_recplot,2,robustness,2.0555191040039062
121,mobilenet_recplot,2,complexity,0.6358441028661086
121,mobilenet_recplot,3,faithfulness,-0.18525388836860657
121,mobilenet_recplot,3,robustness,1.9667226076126099
121,mobilenet_recplot,3,complexity,0.6453070881405912
121,mobilenet_recplot,4,faithfulness,0.11958254873752594
121,mobilenet_recplot,4,robustness,1.4071221351623535
121,mobilenet_recplot,4,complexity,0.6250057639012712
121,mobilenet_recplot,5,faithfulness,0.14880433678627014
121,mobilenet_recplot,5,robustness,2.573612689971924
121,mobilenet_recplot,5,complexity,0.647504949318204
121,mobilenet_recplot,6,faithfulness,0.04988403618335724
121,mobilenet_recplot,6,robustness,1.567322015762329
121,mobilenet_recplot,6,complexity,0.6306864083837422
121,mobilenet_recplot,7,faithfulness,-0.2900729775428772
121,mobilenet_recplot,7,robustness,1.6027082204818726
121,mobilenet_recplot,7,complexity,0.6241106147780594
121,mobilenet_recplot,8,faithfulness,0.2564062774181366
121,mobilenet_recplot,8,robustness,1.5725626945495605
121,mobilenet_recplot,8,complexity,0.6429915120321418
121,mobilenet_recplot,9,faithfulness,-0.26106899976730347
121,mobilenet_recplot,9,robustness,1.7717489004135132
121,mobilenet_recplot,9,complexity,0.6372559470983619
121,mobilenet_recplot,10,faithfulness,-0.023855537176132202
121,mobilenet_recplot,10,robustness,3.4320833683013916
121,mobilenet_recplot,10,complexity,0.629458191552169
121,mobilenet_recplot,11,faithfulness,-0.04736361652612686
121,mobilenet_recplot,11,robustness,1.4808692932128906
121,mobilenet_recplot,11,complexity,0.612638291167577
121,mobilenet_recplot,12,faithfulness,0.10896682739257812
121,mobilenet_recplot,12,robustness,1.6589844226837158
121,mobilenet_recplot,12,complexity,0.6188531574656994
121,mobilenet_recplot,13,faithfulness,-0.014275670051574707
121,mobilenet_recplot,13,robustness,1.9180594682693481
121,mobilenet_recplot,13,complexity,0.6411360251633188
121,mobilenet_recplot,14,faithfulness,-0.07877485454082489
121,mobilenet_recplot,14,robustness,1.9496915340423584
121,mobilenet_recplot,14,complexity,0.6371118866589606
121,mobilenet_recplot,15,faithfulness,0.35947084426879883
121,mobilenet_recplot,15,robustness,2.120134115219116
121,mobilenet_recplot,15,complexity,0.6636521086665599
121,mobilenet_recplot,16,faithfulness,0.32167619466781616
121,mobilenet_recplot,16,robustness,2.571688175201416
121,mobilenet_recplot,16,complexity,0.6363286210452646
121,mobilenet_recplot,17,faithfulness,-0.009176995605230331
121,mobilenet_recplot,17,robustness,1.6076740026474
121,mobilenet_recplot,17,complexity,0.6217531490572992
121,mobilenet_recplot,18,faithfulness,0.183676615357399
121,mobilenet_recplot,18,robustness,1.9113541841506958
121,mobilenet_recplot,18,complexity,0.6546723316196801
121,mobilenet_recplot,19,faithfulness,0.1769656091928482
121,mobilenet_recplot,19,robustness,4.251546382904053
121,mobilenet_recplot,19,complexity,0.6256225670179233
121,mobilenet_recplot,20,faithfulness,0.0477822870016098
121,mobilenet_recplot,20,robustness,1.6016387939453125
121,mobilenet_recplot,20,complexity,0.6534593354615985
121,mobilenet_recplot,21,faithfulness,-0.054245900362730026
121,mobilenet_recplot,21,robustness,2.108558177947998
121,mobilenet_recplot,21,complexity,0.626974250630391
121,mobilenet_recplot,22,faithfulness,-0.06973590701818466
121,mobilenet_recplot,22,robustness,1.4776744842529297
121,mobilenet_recplot,22,complexity,0.6437887273029197
121,mobilenet_recplot,23,faithfulness,-0.2035660445690155
121,mobilenet_recplot,23,robustness,1.6395596265792847
121,mobilenet_recplot,23,complexity,0.6730734619065988
121,mobilenet_recplot,24,faithfulness,0.15249116718769073
121,mobilenet_recplot,24,robustness,1.3925952911376953
121,mobilenet_recplot,24,complexity,0.6432116261935908
121,mobilenet_recplot,25,faithfulness,0.18712162971496582
121,mobilenet_recplot,25,robustness,1.2373254299163818
121,mobilenet_recplot,25,complexity,0.6434951169428061
121,mobilenet_recplot,26,faithfulness,0.3181983232498169
121,mobilenet_recplot,26,robustness,1.7255531549453735
121,mobilenet_recplot,26,complexity,0.6796728103239719
121,mobilenet_recplot,27,faithfulness,0.10298758000135422
121,mobilenet_recplot,27,robustness,1.5170422792434692
121,mobilenet_recplot,27,complexity,0.6521549939742647
121,mobilenet_recplot,28,faithfulness,0.08629858493804932
121,mobilenet_recplot,28,robustness,2.921715497970581
121,mobilenet_recplot,28,complexity,0.612056078345054
121,mobilenet_recplot,29,faithfulness,-0.4002090394496918
121,mobilenet_recplot,29,robustness,5.559725761413574
121,mobilenet_recplot,29,complexity,0.5966279038819009
121,mobilenet_recplot,30,faithfulness,0.1351134479045868
121,mobilenet_recplot,30,robustness,3.2029383182525635
121,mobilenet_recplot,30,complexity,0.627292110692309
121,mobilenet_recplot,31,faithfulness,-0.2811347246170044
121,mobilenet_recplot,31,robustness,1.326320767402649
121,mobilenet_recplot,31,complexity,0.5957465062117383
121,mobilenet_recplot,32,faithfulness,-0.23778384923934937
121,mobilenet_recplot,32,robustness,1.0960386991500854
121,mobilenet_recplot,32,complexity,0.6448010570003823
121,mobilenet_recplot,33,faithfulness,-0.03180226683616638
121,mobilenet_recplot,33,robustness,1.5007215738296509
121,mobilenet_recplot,33,complexity,0.7124679885856283
121,mobilenet_recplot,34,faithfulness,0.04776150733232498
121,mobilenet_recplot,34,robustness,1.3306466341018677
121,mobilenet_recplot,34,complexity,0.6051852872478554
121,mobilenet_recplot,35,faithfulness,0.11680370569229126
121,mobilenet_recplot,35,robustness,1.0919630527496338
121,mobilenet_recplot,35,complexity,0.6232372371202437
121,mobilenet_recplot,36,faithfulness,0.08510320633649826
121,mobilenet_recplot,36,robustness,1.758434534072876
121,mobilenet_recplot,36,complexity,0.6198471876501934
121,mobilenet_recplot,37,faithfulness,0.008123052306473255
121,mobilenet_recplot,37,robustness,1.6789628267288208
121,mobilenet_recplot,37,complexity,0.6369019899986607
121,mobilenet_recplot,38,faithfulness,-0.2304903119802475
121,mobilenet_recplot,38,robustness,1.5338503122329712
121,mobilenet_recplot,38,complexity,0.6383661502138839
121,mobilenet_recplot,39,faithfulness,0.2717515230178833
121,mobilenet_recplot,39,robustness,1.5845133066177368
121,mobilenet_recplot,39,complexity,0.6531868532621088
121,mobilenet_recplot,40,faithfulness,-0.12188997864723206
121,mobilenet_recplot,40,robustness,1.459201455116272
121,mobilenet_recplot,40,complexity,0.6074990657301521
121,mobilenet_recplot,41,faithfulness,-0.3104501962661743
121,mobilenet_recplot,41,robustness,1.1726534366607666
121,mobilenet_recplot,41,complexity,0.6264302939148129
121,mobilenet_recplot,42,faithfulness,-0.19364124536514282
121,mobilenet_recplot,42,robustness,1.1721299886703491
121,mobilenet_recplot,42,complexity,0.6265508611304137
121,mobilenet_recplot,43,faithfulness,-0.2695855498313904
121,mobilenet_recplot,43,robustness,1.813327670097351
121,mobilenet_recplot,43,complexity,0.6394795881176061
121,mobilenet_recplot,44,faithfulness,-0.2932215929031372
121,mobilenet_recplot,44,robustness,1.7299761772155762
121,mobilenet_recplot,44,complexity,0.6434788589354464
121,mobilenet_recplot,45,faithfulness,-0.25151532888412476
121,mobilenet_recplot,45,robustness,1.4018346071243286
121,mobilenet_recplot,45,complexity,0.6179956970908096
121,effnet_orig,0,faithfulness,0.11859199404716492
121,effnet_orig,0,robustness,2.2729902267456055
121,effnet_orig,0,complexity,0.5881323936286548
121,effnet_orig,1,faithfulness,-0.13333719968795776
121,effnet_orig,1,robustness,6.095118999481201
121,effnet_orig,1,complexity,0.6132985545050758
121,effnet_orig,2,faithfulness,0.13728776574134827
121,effnet_orig,2,robustness,1.8507795333862305
121,effnet_orig,2,complexity,0.6162382406465897
121,effnet_orig,3,faithfulness,-0.2667562663555145
121,effnet_orig,3,robustness,3.410855531692505
121,effnet_orig,3,complexity,0.6107924698495566
121,effnet_orig,4,faithfulness,0.058818474411964417
121,effnet_orig,4,robustness,15.18807315826416
121,effnet_orig,4,complexity,0.6192888741844218
121,effnet_orig,5,faithfulness,-0.16347216069698334
121,effnet_orig,5,robustness,3.873063087463379
121,effnet_orig,5,complexity,0.6056111521452826
121,effnet_orig,6,faithfulness,-0.03544261306524277
121,effnet_orig,6,robustness,13.701793670654297
121,effnet_orig,6,complexity,0.6193145604641502
121,effnet_orig,7,faithfulness,0.2057998925447464
121,effnet_orig,7,robustness,3.3684885501861572
121,effnet_orig,7,complexity,0.607548716643356
121,effnet_orig,8,faithfulness,0.09563210606575012
121,effnet_orig,8,robustness,4.233515739440918
121,effnet_orig,8,complexity,0.6139484127314753
121,effnet_orig,9,faithfulness,0.08600826561450958
121,effnet_orig,9,robustness,2.5532608032226562
121,effnet_orig,9,complexity,0.6214286737011906
121,effnet_orig,10,faithfulness,0.015688098967075348
121,effnet_orig,10,robustness,9.415905952453613
121,effnet_orig,10,complexity,0.6431312517494578
121,effnet_orig,11,faithfulness,0.27586567401885986
121,effnet_orig,11,robustness,2.597916841506958
121,effnet_orig,11,complexity,0.6200621435651367
121,effnet_orig,12,faithfulness,0.36578816175460815
121,effnet_orig,12,robustness,3.358694314956665
121,effnet_orig,12,complexity,0.6539082089387509
121,effnet_orig,13,faithfulness,0.0035618841648101807
121,effnet_orig,13,robustness,2.4502313137054443
121,effnet_orig,13,complexity,0.5493993958649778
121,effnet_orig,14,faithfulness,-0.0025784093886613846
121,effnet_orig,14,robustness,59.31599807739258
121,effnet_orig,14,complexity,0.6401697670147636
121,effnet_orig,15,faithfulness,0.1136380210518837
121,effnet_orig,15,robustness,10.928387641906738
121,effnet_orig,15,complexity,0.6321287093204753
121,effnet_orig,16,faithfulness,0.041611477732658386
121,effnet_orig,16,robustness,1.0303144454956055
121,effnet_orig,16,complexity,0.6004470534180073
121,effnet_orig,17,faithfulness,0.3273050785064697
121,effnet_orig,17,robustness,11.137712478637695
121,effnet_orig,17,complexity,0.6282309689628164
121,effnet_orig,18,faithfulness,0.023376792669296265
121,effnet_orig,18,robustness,1.2343271970748901
121,effnet_orig,18,complexity,0.686489781680571
121,effnet_orig,19,faithfulness,0.1644928753376007
121,effnet_orig,19,robustness,2.481205463409424
121,effnet_orig,19,complexity,0.6148174565425353
121,effnet_orig,20,faithfulness,-0.01342267170548439
121,effnet_orig,20,robustness,20.106727600097656
121,effnet_orig,20,complexity,0.6444477121759368
121,effnet_orig,21,faithfulness,-0.09936637431383133
121,effnet_orig,21,robustness,2.1593568325042725
121,effnet_orig,21,complexity,0.6250413333641028
121,effnet_orig,22,faithfulness,-0.226994588971138
121,effnet_orig,22,robustness,49.125755310058594
121,effnet_orig,22,complexity,0.5867319745091784
121,effnet_orig,23,faithfulness,0.3588750660419464
121,effnet_orig,23,robustness,138.37335205078125
121,effnet_orig,23,complexity,0.5771300319861976
121,effnet_orig,24,faithfulness,0.31160417199134827
121,effnet_orig,24,robustness,13.510843276977539
121,effnet_orig,24,complexity,0.5899260656712649
121,effnet_orig,25,faithfulness,0.0020643025636672974
121,effnet_orig,25,robustness,2.4424638748168945
121,effnet_orig,25,complexity,0.6101667826572685
121,effnet_orig,26,faithfulness,-0.24623647332191467
121,effnet_orig,26,robustness,126.90966033935547
121,effnet_orig,26,complexity,0.6081188712705959
121,effnet_orig,27,faithfulness,0.2380494773387909
121,effnet_orig,27,robustness,1.2549853324890137
121,effnet_orig,27,complexity,0.6549956758823628
121,effnet_orig,28,faithfulness,0.13218063116073608
121,effnet_orig,28,robustness,381.29937744140625
121,effnet_orig,28,complexity,0.6180668101320586
121,effnet_orig,29,faithfulness,-0.27838656306266785
121,effnet_orig,29,robustness,43.470455169677734
121,effnet_orig,29,complexity,0.622445486616071
121,effnet_orig,30,faithfulness,-0.005362093448638916
121,effnet_orig,30,robustness,29.143239974975586
121,effnet_orig,30,complexity,0.5450838035643139
121,effnet_orig,31,faithfulness,-0.08245955407619476
121,effnet_orig,31,robustness,1.0047242641448975
121,effnet_orig,31,complexity,0.6239027660240233
121,effnet_orig,32,faithfulness,0.2771818935871124
121,effnet_orig,32,robustness,5.650315761566162
121,effnet_orig,32,complexity,0.600114114529373
121,effnet_orig,33,faithfulness,-0.3103491961956024
121,effnet_orig,33,robustness,26.29461669921875
121,effnet_orig,33,complexity,0.5861732394609697
121,effnet_orig,34,faithfulness,-0.27842074632644653
121,effnet_orig,34,robustness,5.71120023727417
121,effnet_orig,34,complexity,0.5979891106528723
121,effnet_orig,35,faithfulness,-0.2790409326553345
121,effnet_orig,35,robustness,10.531862258911133
121,effnet_orig,35,complexity,0.5936371307726247
121,effnet_orig,36,faithfulness,-0.23158973455429077
121,effnet_orig,36,robustness,2.496074676513672
121,effnet_orig,36,complexity,0.5607802314924598
121,effnet_orig,37,faithfulness,0.2568744421005249
121,effnet_orig,37,robustness,1.2829923629760742
121,effnet_orig,37,complexity,0.6221474387683597
121,effnet_orig,38,faithfulness,0.20523817837238312
121,effnet_orig,38,robustness,1.0134406089782715
121,effnet_orig,38,complexity,0.5944205799102554
121,effnet_orig,39,faithfulness,0.04475802183151245
121,effnet_orig,39,robustness,1.1021010875701904
121,effnet_orig,39,complexity,0.6160670142541179
121,effnet_orig,40,faithfulness,-0.236300989985466
121,effnet_orig,40,robustness,12.297842025756836
121,effnet_orig,40,complexity,0.6188323055755146
121,effnet_orig,41,faithfulness,0.34542858600616455
121,effnet_orig,41,robustness,25.459592819213867
121,effnet_orig,41,complexity,0.626155930133232
121,effnet_orig,42,faithfulness,-0.22278933227062225
121,effnet_orig,42,robustness,2.8931503295898438
121,effnet_orig,42,complexity,0.5670926757543013
121,effnet_orig,43,faithfulness,0.060960061848163605
121,effnet_orig,43,robustness,4.952760696411133
121,effnet_orig,43,complexity,0.6098016304659122
121,effnet_orig,44,faithfulness,-0.39651209115982056
121,effnet_orig,44,robustness,16.997318267822266
121,effnet_orig,44,complexity,0.5758892069634386
121,effnet_orig,45,faithfulness,0.2926346957683563
121,effnet_orig,45,robustness,1.3986926078796387
121,effnet_orig,45,complexity,0.5953638847364436
121,effnet_recplot,0,faithfulness,-0.43350949883461
121,effnet_recplot,0,robustness,1.4313973188400269
121,effnet_recplot,0,complexity,0.6429834501396667
121,effnet_recplot,1,faithfulness,-0.15420690178871155
121,effnet_recplot,1,robustness,9.412601470947266
121,effnet_recplot,1,complexity,0.6720978300255045
121,effnet_recplot,2,faithfulness,0.16277262568473816
121,effnet_recplot,2,robustness,23.498071670532227
121,effnet_recplot,2,complexity,0.6413493897423023
121,effnet_recplot,3,faithfulness,0.07154354453086853
121,effnet_recplot,3,robustness,9.445219039916992
121,effnet_recplot,3,complexity,0.6318518633261427
121,effnet_recplot,4,faithfulness,0.10433949530124664
121,effnet_recplot,4,robustness,5.203417778015137
121,effnet_recplot,4,complexity,0.610483242584724
121,effnet_recplot,5,faithfulness,-0.15384334325790405
121,effnet_recplot,5,robustness,18.377952575683594
121,effnet_recplot,5,complexity,0.6456513736548264
121,effnet_recplot,6,faithfulness,-0.33407241106033325
121,effnet_recplot,6,robustness,1.179391622543335
121,effnet_recplot,6,complexity,0.5987076564837738
121,effnet_recplot,7,faithfulness,0.04224197193980217
121,effnet_recplot,7,robustness,1.0079630613327026
121,effnet_recplot,7,complexity,0.5790987245588383
121,effnet_recplot,8,faithfulness,0.411712646484375
121,effnet_recplot,8,robustness,1.1544034481048584
121,effnet_recplot,8,complexity,0.6569969862439345
121,effnet_recplot,9,faithfulness,0.015193495899438858
121,effnet_recplot,9,robustness,85.86689758300781
121,effnet_recplot,9,complexity,0.6497313721497283
121,effnet_recplot,10,faithfulness,0.14474442601203918
121,effnet_recplot,10,robustness,130.8863525390625
121,effnet_recplot,10,complexity,0.6264233072082619
121,effnet_recplot,11,faithfulness,-0.08369620889425278
121,effnet_recplot,11,robustness,181.32550048828125
121,effnet_recplot,11,complexity,0.6042091122200537
121,effnet_recplot,12,faithfulness,0.04197327792644501
121,effnet_recplot,12,robustness,10.190768241882324
121,effnet_recplot,12,complexity,0.6318330811157246
121,effnet_recplot,13,faithfulness,-0.2579314708709717
121,effnet_recplot,13,robustness,10.393489837646484
121,effnet_recplot,13,complexity,0.6363613334393542
121,effnet_recplot,14,faithfulness,-0.07777634263038635
121,effnet_recplot,14,robustness,1.1427435874938965
121,effnet_recplot,14,complexity,0.6382428559414364
121,effnet_recplot,15,faithfulness,0.036267247051000595
121,effnet_recplot,15,robustness,1.6167923212051392
121,effnet_recplot,15,complexity,0.6683460610792878
121,effnet_recplot,16,faithfulness,0.24302269518375397
121,effnet_recplot,16,robustness,1.305788278579712
121,effnet_recplot,16,complexity,0.646236134021453
121,effnet_recplot,17,faithfulness,0.12242273986339569
121,effnet_recplot,17,robustness,10.770009994506836
121,effnet_recplot,17,complexity,0.6235055186107292
121,effnet_recplot,18,faithfulness,0.28353986144065857
121,effnet_recplot,18,robustness,13.607915878295898
121,effnet_recplot,18,complexity,0.6798840486827638
121,effnet_recplot,19,faithfulness,-0.27621275186538696
121,effnet_recplot,19,robustness,1.842584490776062
121,effnet_recplot,19,complexity,0.6471365451502189
121,effnet_recplot,20,faithfulness,0.2949082851409912
121,effnet_recplot,20,robustness,1.0062031745910645
121,effnet_recplot,20,complexity,0.6725653828431476
121,effnet_recplot,21,faithfulness,0.23989546298980713
121,effnet_recplot,21,robustness,1.121422290802002
121,effnet_recplot,21,complexity,0.6550111001856848
121,effnet_recplot,22,faithfulness,-0.112391397356987
121,effnet_recplot,22,robustness,15.370494842529297
121,effnet_recplot,22,complexity,0.583961417060691
121,effnet_recplot,23,faithfulness,-0.293012797832489
121,effnet_recplot,23,robustness,25.579788208007812
121,effnet_recplot,23,complexity,0.6661210529726027
121,effnet_recplot,24,faithfulness,0.04652707278728485
121,effnet_recplot,24,robustness,16.847993850708008
121,effnet_recplot,24,complexity,0.6543159605531326
121,effnet_recplot,25,faithfulness,-0.0195382758975029
121,effnet_recplot,25,robustness,2.092299461364746
121,effnet_recplot,25,complexity,0.6167185275247345
121,effnet_recplot,26,faithfulness,0.13448302447795868
121,effnet_recplot,26,robustness,9.302911758422852
121,effnet_recplot,26,complexity,0.6093092380938021
121,effnet_recplot,27,faithfulness,0.03596293181180954
121,effnet_recplot,27,robustness,9.622335433959961
121,effnet_recplot,27,complexity,0.6515826349844125
121,effnet_recplot,28,faithfulness,0.14697733521461487
121,effnet_recplot,28,robustness,1.074560284614563
121,effnet_recplot,28,complexity,0.5762068663540763
121,effnet_recplot,29,faithfulness,0.3341301679611206
121,effnet_recplot,29,robustness,11.570754051208496
121,effnet_recplot,29,complexity,0.556069990914436
121,effnet_recplot,30,faithfulness,-0.27459630370140076
121,effnet_recplot,30,robustness,7.5680389404296875
121,effnet_recplot,30,complexity,0.5821758329292919
121,effnet_recplot,31,faithfulness,-0.3493119478225708
121,effnet_recplot,31,robustness,13.313342094421387
121,effnet_recplot,31,complexity,0.5850590492218971
121,effnet_recplot,32,faithfulness,-0.03226489946246147
121,effnet_recplot,32,robustness,13.262686729431152
121,effnet_recplot,32,complexity,0.6214449061648882
121,effnet_recplot,33,faithfulness,0.11673159897327423
121,effnet_recplot,33,robustness,1.0638737678527832
121,effnet_recplot,33,complexity,0.6476356485437705
121,effnet_recplot,34,faithfulness,-0.18538309633731842
121,effnet_recplot,34,robustness,2.620246410369873
121,effnet_recplot,34,complexity,0.6150434757455471
121,effnet_recplot,35,faithfulness,-0.4324297308921814
121,effnet_recplot,35,robustness,1.0247230529785156
121,effnet_recplot,35,complexity,0.6392026606542865
121,effnet_recplot,36,faithfulness,0.10556337982416153
121,effnet_recplot,36,robustness,3.330954074859619
121,effnet_recplot,36,complexity,0.608950112384675
121,effnet_recplot,37,faithfulness,0.2438305914402008
121,effnet_recplot,37,robustness,1.3627040386199951
121,effnet_recplot,37,complexity,0.6264072340642767
121,effnet_recplot,38,faithfulness,0.42016148567199707
121,effnet_recplot,38,robustness,59.082679748535156
121,effnet_recplot,38,complexity,0.5936393958864713
121,effnet_recplot,39,faithfulness,0.33135390281677246
121,effnet_recplot,39,robustness,2.8456106185913086
121,effnet_recplot,39,complexity,0.6343099951407765
121,effnet_recplot,40,faithfulness,-0.17697212100028992
121,effnet_recplot,40,robustness,5.4612135887146
121,effnet_recplot,40,complexity,0.6121653844925401
121,effnet_recplot,41,faithfulness,0.22105474770069122
121,effnet_recplot,41,robustness,18.213306427001953
121,effnet_recplot,41,complexity,0.570301303482437
121,effnet_recplot,42,faithfulness,-0.029404282569885254
121,effnet_recplot,42,robustness,4.885836601257324
121,effnet_recplot,42,complexity,0.6565789404894288
121,effnet_recplot,43,faithfulness,0.11308003962039948
121,effnet_recplot,43,robustness,21.654085159301758
121,effnet_recplot,43,complexity,0.5955269155216032
121,effnet_recplot,44,faithfulness,-0.0533849373459816
121,effnet_recplot,44,robustness,5.817590236663818
121,effnet_recplot,44,complexity,0.6083645588531887
121,effnet_recplot,45,faithfulness,-0.06909707933664322
121,effnet_recplot,45,robustness,60.75109100341797
121,effnet_recplot,45,complexity,0.6369584011241887
