seed,branch,amostra,metrica,valor
7,mobilenet_orig,0,faithfulness,-0.2168712168931961
7,mobilenet_orig,0,robustness,0.9958792328834534
7,mobilenet_orig,0,complexity,0.521364427762718
7,mobilenet_orig,1,faithfulness,-0.05385618656873703
7,mobilenet_orig,1,robustness,1.1490973234176636
7,mobilenet_orig,1,complexity,0.7529726866812356
7,mobilenet_orig,2,faithfulness,0.11535003781318665
7,mobilenet_orig,2,robustness,1.0128072500228882
7,mobilenet_orig,2,complexity,0.6332047540216512
7,mobilenet_orig,3,faithfulness,0.02419288456439972
7,mobilenet_orig,3,robustness,0.7527060508728027
7,mobilenet_orig,3,complexity,0.6210692193870576
7,mobilenet_orig,4,faithfulness,0.03681647405028343
7,mobilenet_orig,4,robustness,1.1241945028305054
7,mobilenet_orig,4,complexity,0.6493392062056988
7,mobilenet_orig,5,faithfulness,0.4463900625705719
7,mobilenet_orig,5,robustness,1.474826693534851
7,mobilenet_orig,5,complexity,0.5583100772076424
7,mobilenet_orig,6,faithfulness,0.2516613006591797
7,mobilenet_orig,6,robustness,0.7948653101921082
7,mobilenet_orig,6,complexity,0.5858784738180968
7,mobilenet_orig,7,faithfulness,0.18716534972190857
7,mobilenet_orig,7,robustness,1.026562213897705
7,mobilenet_orig,7,complexity,0.6007271859889889
7,mobilenet_orig,8,faithfulness,0.3728153705596924
7,mobilenet_orig,8,robustness,0.8589394092559814
7,mobilenet_orig,8,complexity,0.5062770211654362
7,mobilenet_orig,9,faithfulness,0.05819471925497055
7,mobilenet_orig,9,robustness,0.9053401947021484
7,mobilenet_orig,9,complexity,0.5424392213965448
7,mobilenet_orig,10,faithfulness,-0.1251414269208908
7,mobilenet_orig,10,robustness,0.8662161231040955
7,mobilenet_orig,10,complexity,0.6959506187483722
7,mobilenet_orig,11,faithfulness,0.44613930583000183
7,mobilenet_orig,11,robustness,1.010940670967102
7,mobilenet_orig,11,complexity,0.6549949100239897
7,mobilenet_orig,12,faithfulness,0.14359864592552185
7,mobilenet_orig,12,robustness,0.8078407645225525
7,mobilenet_orig,12,complexity,0.5559582903908735
7,mobilenet_orig,13,faithfulness,-0.5300031900405884
7,mobilenet_orig,13,robustness,0.9435253739356995
7,mobilenet_orig,13,complexity,0.5204616866113885
7,mobilenet_orig,14,faithfulness,-0.10632208734750748
7,mobilenet_orig,14,robustness,0.7307375073432922
7,mobilenet_orig,14,complexity,0.518918440802615
7,mobilenet_orig,15,faithfulness,0.13200052082538605
7,mobilenet_orig,15,robustness,1.143895149230957
7,mobilenet_orig,15,complexity,0.6613521387224124
7,mobilenet_orig,16,faithfulness,-0.03645778447389603
7,mobilenet_orig,16,robustness,0.8164157867431641
7,mobilenet_orig,16,complexity,0.5372164114288934
7,mobilenet_orig,17,faithfulness,0.17199726402759552
7,mobilenet_orig,17,robustness,1.1273292303085327
7,mobilenet_orig,17,complexity,0.6686096819560394
7,mobilenet_orig,18,faithfulness,-0.13503511250019073
7,mobilenet_orig,18,robustness,0.8087159395217896
7,mobilenet_orig,18,complexity,0.7639342579243401
7,mobilenet_orig,19,faithfulness,-0.29393690824508667
7,mobilenet_orig,19,robustness,0.8204169869422913
7,mobilenet_orig,19,complexity,0.5935785722892961
7,mobilenet_orig,20,faithfulness,0.09673935174942017
7,mobilenet_orig,20,robustness,1.7296488285064697
7,mobilenet_orig,20,complexity,0.6508067087904104
7,mobilenet_orig,21,faithfulness,-0.1263086199760437
7,mobilenet_orig,21,robustness,1.6026089191436768
7,mobilenet_orig,21,complexity,0.6111266533633709
7,mobilenet_orig,22,faithfulness,-0.09174948930740356
7,mobilenet_orig,22,robustness,0.9951146841049194
7,mobilenet_orig,22,complexity,0.5579077408906234
7,mobilenet_orig,23,faithfulness,0.14467455446720123
7,mobilenet_orig,23,robustness,0.9408090114593506
7,mobilenet_orig,23,complexity,0.48981297232865634
7,mobilenet_orig,24,faithfulness,0.2449502944946289
7,mobilenet_orig,24,robustness,0.9841097593307495
7,mobilenet_orig,24,complexity,0.5353453116769793
7,mobilenet_orig,25,faithfulness,0.04741528630256653
7,mobilenet_orig,25,robustness,0.8798763155937195
7,mobilenet_orig,25,complexity,0.6188575832476221
7,mobilenet_orig,26,faithfulness,0.20340703427791595
7,mobilenet_orig,26,robustness,0.9984329342842102
7,mobilenet_orig,26,complexity,0.6202056212876661
7,mobilenet_orig,27,faithfulness,0.18539077043533325
7,mobilenet_orig,27,robustness,0.8588414192199707
7,mobilenet_orig,27,complexity,0.5802323985040487
7,mobilenet_orig,28,faithfulness,0.4082111120223999
7,mobilenet_orig,28,robustness,3.4321553707122803
7,mobilenet_orig,28,complexity,0.7644025524791639
7,mobilenet_orig,29,faithfulness,-0.05011606961488724
7,mobilenet_orig,29,robustness,1.0318129062652588
7,mobilenet_orig,29,complexity,0.7013054268922785
7,mobilenet_orig,30,faithfulness,-0.13403181731700897
7,mobilenet_orig,30,robustness,0.7085844874382019
7,mobilenet_orig,30,complexity,0.7080622457128931
7,mobilenet_orig,31,faithfulness,0.05844225734472275
7,mobilenet_orig,31,robustness,0.9614818692207336
7,mobilenet_orig,31,complexity,0.5166596434016104
7,mobilenet_orig,32,faithfulness,0.06589120626449585
7,mobilenet_orig,32,robustness,0.9912474155426025
7,mobilenet_orig,32,complexity,0.6009240289313983
7,mobilenet_orig,33,faithfulness,-0.055454887449741364
7,mobilenet_orig,33,robustness,0.9775390625
7,mobilenet_orig,33,complexity,0.5939508759118207
7,mobilenet_orig,34,faithfulness,-0.07291670888662338
7,mobilenet_orig,34,robustness,0.9614090323448181
7,mobilenet_orig,34,complexity,0.5020379748349308
7,mobilenet_orig,35,faithfulness,0.12244575470685959
7,mobilenet_orig,35,robustness,0.940237820148468
7,mobilenet_orig,35,complexity,0.652643176957956
7,mobilenet_orig,36,faithfulness,-0.22041569650173187
7,mobilenet_orig,36,robustness,0.9546754956245422
7,mobilenet_orig,36,complexity,0.6804577972927135
7,mobilenet_orig,37,faithfulness,0.3049800395965576
7,mobilenet_orig,37,robustness,0.9376113414764404
7,mobilenet_orig,37,complexity,0.5511849241812454
7,mobilenet_orig,38,faithfulness,-0.1752324402332306
7,mobilenet_orig,38,robustness,0.8301138281822205
7,mobilenet_orig,38,complexity,0.6163773664541056
7,mobilenet_orig,39,faithfulness,0.026375040411949158
7,mobilenet_orig,39,robustness,0.9486826658248901
7,mobilenet_orig,39,complexity,0.6472812212603797
7,mobilenet_orig,40,faithfulness,0.003292914479970932
7,mobilenet_orig,40,robustness,0.9913449287414551
7,mobilenet_orig,40,complexity,0.6128063786316094
7,mobilenet_orig,41,faithfulness,0.322298139333725
7,mobilenet_orig,41,robustness,0.7594558000564575
7,mobilenet_orig,41,complexity,0.5518310494259054
7,mobilenet_orig,42,faithfulness,0.13926707208156586
7,mobilenet_orig,42,robustness,0.6756191253662109
7,mobilenet_orig,42,complexity,0.5550413231620935
7,mobilenet_orig,43,faithfulness,0.025338485836982727
7,mobilenet_orig,43,robustness,0.9866182804107666
7,mobilenet_orig,43,complexity,0.6836975096584532
7,mobilenet_orig,44,faithfulness,0.10430380702018738
7,mobilenet_orig,44,robustness,0.954383373260498
7,mobilenet_orig,44,complexity,0.5641414499444865
7,mobilenet_orig,45,faithfulness,0.3114665448665619
7,mobilenet_orig,45,robustness,0.8165559768676758
7,mobilenet_orig,45,complexity,0.5813889787324601
7,mobilenet_recplot,0,faithfulness,-0.2552586495876312
7,mobilenet_recplot,0,robustness,1.0158369541168213
7,mobilenet_recplot,0,complexity,0.8373188893617285
7,mobilenet_recplot,1,faithfulness,0.0913146585226059
7,mobilenet_recplot,1,robustness,1.1131349802017212
7,mobilenet_recplot,1,complexity,0.69038520816417
7,mobilenet_recplot,2,faithfulness,-0.10064371675252914
7,mobilenet_recplot,2,robustness,0.9993516802787781
7,mobilenet_recplot,2,complexity,0.5605674545103887
7,mobilenet_recplot,3,faithfulness,0.1024380773305893
7,mobilenet_recplot,3,robustness,0.9990350008010864
7,mobilenet_recplot,3,complexity,0.6250949788098555
7,mobilenet_recplot,4,faithfulness,0.30818432569503784
7,mobilenet_recplot,4,robustness,1.0001742839813232
7,mobilenet_recplot,4,complexity,0.7062395734751372
7,mobilenet_recplot,5,faithfulness,0.04941621422767639
7,mobilenet_recplot,5,robustness,0.9999872446060181
7,mobilenet_recplot,5,complexity,0.6291567468921216
7,mobilenet_recplot,6,faithfulness,-0.01300591230392456
7,mobilenet_recplot,6,robustness,1.0014456510543823
7,mobilenet_recplot,6,complexity,0.6730963279820403
7,mobilenet_recplot,7,faithfulness,0.18592095375061035
7,mobilenet_recplot,7,robustness,0.9988546967506409
7,mobilenet_recplot,7,complexity,0.697398034596908
7,mobilenet_recplot,8,faithfulness,-0.022478409111499786
7,mobilenet_recplot,8,robustness,1.0000308752059937
7,mobilenet_recplot,8,complexity,0.6323839083060557
7,mobilenet_recplot,9,faithfulness,0.006896426901221275
7,mobilenet_recplot,9,robustness,1.002821683883667
7,mobilenet_recplot,9,complexity,0.7595054460005877
7,mobilenet_recplot,10,faithfulness,0.02678683027625084
7,mobilenet_recplot,10,robustness,1.1279536485671997
7,mobilenet_recplot,10,complexity,0.7139522592776223
7,mobilenet_recplot,11,faithfulness,0.3865753710269928
7,mobilenet_recplot,11,robustness,0.9996429681777954
7,mobilenet_recplot,11,complexity,0.5716753909611197
7,mobilenet_recplot,12,faithfulness,0.42377978563308716
7,mobilenet_recplot,12,robustness,1.0364550352096558
7,mobilenet_recplot,12,complexity,0.7708788802043957
7,mobilenet_recplot,13,faithfulness,0.04714624583721161
7,mobilenet_recplot,13,robustness,1.1831663846969604
7,mobilenet_recplot,13,complexity,0.567456751346886
7,mobilenet_recplot,14,faithfulness,-0.031291961669921875
7,mobilenet_recplot,14,robustness,1.0190045833587646
7,mobilenet_recplot,14,complexity,0.7843059523132455
7,mobilenet_recplot,15,faithfulness,-0.09430952370166779
7,mobilenet_recplot,15,robustness,1.0039507150650024
7,mobilenet_recplot,15,complexity,0.6903143011353616
7,mobilenet_recplot,16,faithfulness,0.010861456394195557
7,mobilenet_recplot,16,robustness,1.0078890323638916
7,mobilenet_recplot,16,complexity,0.8246186125502685
7,mobilenet_recplot,17,faithfulness,0.13093511760234833
7,mobilenet_recplot,17,robustness,0.9968763589859009
7,mobilenet_recplot,17,complexity,0.5624092538808008
7,mobilenet_recplot,18,faithfulness,0.46688488125801086
7,mobilenet_recplot,18,robustness,1.0037788152694702
7,mobilenet_recplot,18,complexity,0.7546916602267789
7,mobilenet_recplot,19,faithfulness,-0.40677404403686523
7,mobilenet_recplot,19,robustness,1.0197588205337524
7,mobilenet_recplot,19,complexity,0.6594456476714625
7,mobilenet_recplot,20,faithfulness,0.13538047671318054
7,mobilenet_recplot,20,robustness,0.9997860789299011
7,mobilenet_recplot,20,complexity,0.5808483153275422
7,mobilenet_recplot,21,faithfulness,0.1788262128829956
7,mobilenet_recplot,21,robustness,1.0032213926315308
7,mobilenet_recplot,21,complexity,0.7150981060274622
7,mobilenet_recplot,22,faithfulness,-0.18257826566696167
7,mobilenet_recplot,22,robustness,0.9897953867912292
7,mobilenet_recplot,22,complexity,0.4434889060441399
7,mobilenet_recplot,23,faithfulness,0.12965598702430725
7,mobilenet_recplot,23,robustness,0.937343180179596
7,mobilenet_recplot,23,complexity,0.35859035931446787
7,mobilenet_recplot,24,faithfulness,0.17350122332572937
7,mobilenet_recplot,24,robustness,0.9967558979988098
7,mobilenet_recplot,24,complexity,0.5735994201517534
7,mobilenet_recplot,25,faithfulness,-0.05769290030002594
7,mobilenet_recplot,25,robustness,2.5723488330841064
7,mobilenet_recplot,25,complexity,0.7276451572750743
7,mobilenet_recplot,26,faithfulness,0.28201645612716675
7,mobilenet_recplot,26,robustness,1.8681637048721313
7,mobilenet_recplot,26,complexity,0.6938229686766094
7,mobilenet_recplot,27,faithfulness,0.3035169243812561
7,mobilenet_recplot,27,robustness,0.9801754951477051
7,mobilenet_recplot,27,complexity,0.4822143681674778
7,mobilenet_recplot,28,faithfulness,0.11035468429327011
7,mobilenet_recplot,28,robustness,2.5774028301239014
7,mobilenet_recplot,28,complexity,0.44058535609268223
7,mobilenet_recplot,29,faithfulness,-0.04949953407049179
7,mobilenet_recplot,29,robustness,3.4763081073760986
7,mobilenet_recplot,29,complexity,0.3739851662182402
7,mobilenet_recplot,30,faithfulness,-0.06305363029241562
7,mobilenet_recplot,30,robustness,1.8328906297683716
7,mobilenet_recplot,30,complexity,0.4925982940200774
7,mobilenet_recplot,31,faithfulness,0.3172560930252075
7,mobilenet_recplot,31,robustness,1.403307318687439
7,mobilenet_recplot,31,complexity,0.590900410302921
7,mobilenet_recplot,32,faithfulness,0.23803147673606873
7,mobilenet_recplot,32,robustness,1.1888186931610107
7,mobilenet_recplot,32,complexity,0.6405434155433212
7,mobilenet_recplot,33,faithfulness,0.190281480550766
7,mobilenet_recplot,33,robustness,1.1238532066345215
7,mobilenet_recplot,33,complexity,0.5971480253995127
7,mobilenet_recplot,34,faithfulness,-0.14309623837471008
7,mobilenet_recplot,34,robustness,0.9671347141265869
7,mobilenet_recplot,34,complexity,0.6241682106291669
7,mobilenet_recplot,35,faithfulness,-0.010317251086235046
7,mobilenet_recplot,35,robustness,1.6548898220062256
7,mobilenet_recplot,35,complexity,0.7344979407495421
7,mobilenet_recplot,36,faithfulness,0.18849612772464752
7,mobilenet_recplot,36,robustness,1.175077199935913
7,mobilenet_recplot,36,complexity,0.5387683113455759
7,mobilenet_recplot,37,faithfulness,0.12903088331222534
7,mobilenet_recplot,37,robustness,0.921757698059082
7,mobilenet_recplot,37,complexity,0.5348676729870543
7,mobilenet_recplot,38,faithfulness,0.05864158272743225
7,mobilenet_recplot,38,robustness,0.9354279041290283
7,mobilenet_recplot,38,complexity,0.5234329510364965
7,mobilenet_recplot,39,faithfulness,-0.013202741742134094
7,mobilenet_recplot,39,robustness,0.957196831703186
7,mobilenet_recplot,39,complexity,0.500931102480557
7,mobilenet_recplot,40,faithfulness,-0.18904897570610046
7,mobilenet_recplot,40,robustness,0.9322611093521118
7,mobilenet_recplot,40,complexity,0.6000906156084551
7,mobilenet_recplot,41,faithfulness,-0.15313386917114258
7,mobilenet_recplot,41,robustness,0.9524383544921875
7,mobilenet_recplot,41,complexity,0.5298589036272768
7,mobilenet_recplot,42,faithfulness,0.07295211404561996
7,mobilenet_recplot,42,robustness,0.9802743792533875
7,mobilenet_recplot,42,complexity,0.52212609799779
7,mobilenet_recplot,43,faithfulness,0.018503732979297638
7,mobilenet_recplot,43,robustness,7.280915260314941
7,mobilenet_recplot,43,complexity,0.719236004223138
7,mobilenet_recplot,44,faithfulness,-0.00789979100227356
7,mobilenet_recplot,44,robustness,0.9062562584877014
7,mobilenet_recplot,44,complexity,0.5366415095361587
7,mobilenet_recplot,45,faithfulness,0.26845791935920715
7,mobilenet_recplot,45,robustness,0.8906034231185913
7,mobilenet_recplot,45,complexity,0.5691009089496879
7,effnet_orig,0,faithfulness,-0.070701964199543
7,effnet_orig,0,robustness,0.902507483959198
7,effnet_orig,0,complexity,0.4527815767938007
7,effnet_orig,1,faithfulness,-0.006843879818916321
7,effnet_orig,1,robustness,2.371601104736328
7,effnet_orig,1,complexity,0.7376807719293621
7,effnet_orig,2,faithfulness,0.29410505294799805
7,effnet_orig,2,robustness,1.3170253038406372
7,effnet_orig,2,complexity,0.7224604311065179
7,effnet_orig,3,faithfulness,0.30305150151252747
7,effnet_orig,3,robustness,1.2539211511611938
7,effnet_orig,3,complexity,0.5352888836773412
7,effnet_orig,4,faithfulness,0.28467798233032227
7,effnet_orig,4,robustness,1.0030924081802368
7,effnet_orig,4,complexity,0.7944793861177084
7,effnet_orig,5,faithfulness,0.08347831666469574
7,effnet_orig,5,robustness,0.9965713024139404
7,effnet_orig,5,complexity,0.6992371155540309
7,effnet_orig,6,faithfulness,0.531712532043457
7,effnet_orig,6,robustness,1.201721429824829
7,effnet_orig,6,complexity,0.620300338350462
7,effnet_orig,7,faithfulness,0.4353737533092499
7,effnet_orig,7,robustness,11.747730255126953
7,effnet_orig,7,complexity,0.867627637451765
7,effnet_orig,8,faithfulness,-0.059146858751773834
7,effnet_orig,8,robustness,1.0427188873291016
7,effnet_orig,8,complexity,0.5548134956021689
7,effnet_orig,9,faithfulness,0.14381879568099976
7,effnet_orig,9,robustness,3.9240949153900146
7,effnet_orig,9,complexity,0.6637995924530984
7,effnet_orig,10,faithfulness,0.027307316660881042
7,effnet_orig,10,robustness,2.404876470565796
7,effnet_orig,10,complexity,0.8529141436274925
7,effnet_orig,11,faithfulness,0.2240121066570282
7,effnet_orig,11,robustness,4.487313747406006
7,effnet_orig,11,complexity,0.8302348650842521
7,effnet_orig,12,faithfulness,0.19304820895195007
7,effnet_orig,12,robustness,1.159083604812622
7,effnet_orig,12,complexity,0.7799207066388999
7,effnet_orig,13,faithfulness,0.027721337974071503
7,effnet_orig,13,robustness,2.0197865962982178
7,effnet_orig,13,complexity,0.7535648851418943
7,effnet_orig,14,faithfulness,0.24430300295352936
7,effnet_orig,14,robustness,6.494557857513428
7,effnet_orig,14,complexity,0.8492946275379873
7,effnet_orig,15,faithfulness,0.02443910762667656
7,effnet_orig,15,robustness,5.116883277893066
7,effnet_orig,15,complexity,0.6052352609372649
7,effnet_orig,16,faithfulness,0.40854138135910034
7,effnet_orig,16,robustness,1.1157554388046265
7,effnet_orig,16,complexity,0.6214623364255035
7,effnet_orig,17,faithfulness,-0.048626068979501724
7,effnet_orig,17,robustness,3.7979249954223633
7,effnet_orig,17,complexity,0.6572962913005935
7,effnet_orig,18,faithfulness,-0.04648686945438385
7,effnet_orig,18,robustness,1.2191970348358154
7,effnet_orig,18,complexity,0.7288046478861054
7,effnet_orig,19,faithfulness,0.19780251383781433
7,effnet_orig,19,robustness,1.4243638515472412
7,effnet_orig,19,complexity,0.7098976310594469
7,effnet_orig,20,faithfulness,0.09639693051576614
7,effnet_orig,20,robustness,1.693616271018982
7,effnet_orig,20,complexity,0.8642321599263785
7,effnet_orig,21,faithfulness,-0.3187156915664673
7,effnet_orig,21,robustness,3.0286288261413574
7,effnet_orig,21,complexity,0.7979501892622298
7,effnet_orig,22,faithfulness,0.14966793358325958
7,effnet_orig,22,robustness,0.9999094605445862
7,effnet_orig,22,complexity,0.48584334031274423
7,effnet_orig,23,faithfulness,-0.07771745324134827
7,effnet_orig,23,robustness,0.9980954527854919
7,effnet_orig,23,complexity,0.35611772542535947
7,effnet_orig,24,faithfulness,-0.11885318160057068
7,effnet_orig,24,robustness,0.9983551502227783
7,effnet_orig,24,complexity,0.42888330551043724
7,effnet_orig,25,faithfulness,0.22764569520950317
7,effnet_orig,25,robustness,0.9995660781860352
7,effnet_orig,25,complexity,0.4194347257716521
7,effnet_orig,26,faithfulness,-0.2914341986179352
7,effnet_orig,26,robustness,0.9997905492782593
7,effnet_orig,26,complexity,0.5052606847414445
7,effnet_orig,27,faithfulness,0.1652156412601471
7,effnet_orig,27,robustness,0.9911461472511292
7,effnet_orig,27,complexity,0.4638414558553304
7,effnet_orig,28,faithfulness,0.3084641098976135
7,effnet_orig,28,robustness,0.9874886870384216
7,effnet_orig,28,complexity,0.526465481909885
7,effnet_orig,29,faithfulness,-0.45686930418014526
7,effnet_orig,29,robustness,0.9930872321128845
7,effnet_orig,29,complexity,0.5086310410400229
7,effnet_orig,30,faithfulness,0.061001941561698914
7,effnet_orig,30,robustness,0.9952919483184814
7,effnet_orig,30,complexity,0.4267735529703112
7,effnet_orig,31,faithfulness,0.03954461216926575
7,effnet_orig,31,robustness,0.9972912073135376
7,effnet_orig,31,complexity,0.44294132482012355
7,effnet_orig,32,faithfulness,0.032132409512996674
7,effnet_orig,32,robustness,0.9971714019775391
7,effnet_orig,32,complexity,0.47776333845459784
7,effnet_orig,33,faithfulness,0.13926707208156586
7,effnet_orig,33,robustness,0.9990974068641663
7,effnet_orig,33,complexity,0.3778101451638883
7,effnet_orig,34,faithfulness,0.06190451979637146
7,effnet_orig,34,robustness,0.9971378445625305
7,effnet_orig,34,complexity,0.47162402499623224
7,effnet_orig,35,faithfulness,-0.2915276288986206
7,effnet_orig,35,robustness,0.998741865158081
7,effnet_orig,35,complexity,0.4011331454105527
7,effnet_orig,36,faithfulness,-0.21451255679130554
7,effnet_orig,36,robustness,0.9994184374809265
7,effnet_orig,36,complexity,0.48832861540222183
7,effnet_orig,37,faithfulness,-0.07211855798959732
7,effnet_orig,37,robustness,0.995570957660675
7,effnet_orig,37,complexity,0.46452060347521285
7,effnet_orig,38,faithfulness,0.09001138806343079
7,effnet_orig,38,robustness,0.9907942414283752
7,effnet_orig,38,complexity,0.4003048339459828
7,effnet_orig,39,faithfulness,0.022978996858000755
7,effnet_orig,39,robustness,0.9975491762161255
7,effnet_orig,39,complexity,0.5756337621288706
7,effnet_orig,40,faithfulness,-0.26106715202331543
7,effnet_orig,40,robustness,0.9983646273612976
7,effnet_orig,40,complexity,0.5500971498803966
7,effnet_orig,41,faithfulness,-0.0677993968129158
7,effnet_orig,41,robustness,0.9980601072311401
7,effnet_orig,41,complexity,0.39311036867477644
7,effnet_orig,42,faithfulness,0.11077049374580383
7,effnet_orig,42,robustness,0.9973496198654175
7,effnet_orig,42,complexity,0.48978420800863665
7,effnet_orig,43,faithfulness,0.01954098790884018
7,effnet_orig,43,robustness,0.9968557953834534
7,effnet_orig,43,complexity,0.3859760033946957
7,effnet_orig,44,faithfulness,0.12038154900074005
7,effnet_orig,44,robustness,0.9973471164703369
7,effnet_orig,44,complexity,0.4252028044427079
7,effnet_orig,45,faithfulness,-0.14737355709075928
7,effnet_orig,45,robustness,0.9991205334663391
7,effnet_orig,45,complexity,0.3993570790182231
7,effnet_recplot,0,faithfulness,-0.05058322846889496
7,effnet_recplot,0,robustness,1.0
7,effnet_recplot,0,complexity,0.6057062097911207
7,effnet_recplot,1,faithfulness,-0.18235671520233154
7,effnet_recplot,1,robustness,1.0082778930664062
7,effnet_recplot,1,complexity,0.8241761318468759
7,effnet_recplot,2,faithfulness,0.3221568465232849
7,effnet_recplot,2,robustness,1.0
7,effnet_recplot,2,complexity,0.5301567042481949
7,effnet_recplot,3,faithfulness,-0.23766419291496277
7,effnet_recplot,3,robustness,1.0
7,effnet_recplot,3,complexity,0.5689921655950391
7,effnet_recplot,4,faithfulness,0.024759259074926376
7,effnet_recplot,4,robustness,1.0
7,effnet_recplot,4,complexity,0.6291168250103177
7,effnet_recplot,5,faithfulness,0.2539650797843933
7,effnet_recplot,5,robustness,1.0000542402267456
7,effnet_recplot,5,complexity,0.7384384415243725
7,effnet_recplot,6,faithfulness,0.18745803833007812
7,effnet_recplot,6,robustness,0.9999991655349731
7,effnet_recplot,6,complexity,0.6250834742492732
7,effnet_recplot,7,faithfulness,0.10679852962493896
7,effnet_recplot,7,robustness,1.0
7,effnet_recplot,7,complexity,0.6119194389395846
7,effnet_recplot,8,faithfulness,-0.07503654807806015
7,effnet_recplot,8,robustness,1.0
7,effnet_recplot,8,complexity,0.6824932127030916
7,effnet_recplot,9,faithfulness,-0.1296495646238327
7,effnet_recplot,9,robustness,1.0
7,effnet_recplot,9,complexity,0.5591784147787704
7,effnet_recplot,10,faithfulness,0.3641495704650879
7,effnet_recplot,10,robustness,1.0
7,effnet_recplot,10,complexity,0.5790533006599405
7,effnet_recplot,11,faithfulness,0.11802023649215698
7,effnet_recplot,11,robustness,0.9999849200248718
7,effnet_recplot,11,complexity,0.6854831896518173
7,effnet_recplot,12,faithfulness,0.02798198163509369
7,effnet_recplot,12,robustness,1.0
7,effnet_recplot,12,complexity,0.5674943555083112
7,effnet_recplot,13,faithfulness,-0.1601698398590088
7,effnet_recplot,13,robustness,0.9999430179595947
7,effnet_recplot,13,complexity,0.5907152054624505
7,effnet_recplot,14,faithfulness,0.20684081315994263
7,effnet_recplot,14,robustness,1.0
7,effnet_recplot,14,complexity,0.6985074956702542
7,effnet_recplot,15,faithfulness,-0.22033467888832092
7,effnet_recplot,15,robustness,1.0
7,effnet_recplot,15,complexity,0.5420607541273663
7,effnet_recplot,16,faithfulness,0.4134683609008789
7,effnet_recplot,16,robustness,1.0
7,effnet_recplot,16,complexity,0.4990209060701553
7,effnet_recplot,17,faithfulness,-0.008390530943870544
7,effnet_recplot,17,robustness,0.9999490976333618
7,effnet_recplot,17,complexity,0.5991555521814489
7,effnet_recplot,18,faithfulness,-0.048274144530296326
7,effnet_recplot,18,robustness,1.0
7,effnet_recplot,18,complexity,0.42936582354328157
7,effnet_recplot,19,faithfulness,0.2529335916042328
7,effnet_recplot,19,robustness,1.0
7,effnet_recplot,19,complexity,0.5230182102663885
7,effnet_recplot,20,faithfulness,0.33488327264785767
7,effnet_recplot,20,robustness,1.0
7,effnet_recplot,20,complexity,0.46997041755104996
7,effnet_recplot,21,faithfulness,0.11182855069637299
7,effnet_recplot,21,robustness,1.0
7,effnet_recplot,21,complexity,0.6069048245311984
7,effnet_recplot,22,faithfulness,0.004844136536121368
7,effnet_recplot,22,robustness,0.9998379349708557
7,effnet_recplot,22,complexity,0.7561267913020623
7,effnet_recplot,23,faithfulness,-0.25158238410949707
7,effnet_recplot,23,robustness,0.9999834299087524
7,effnet_recplot,23,complexity,0.6525586418869799
7,effnet_recplot,24,faithfulness,-0.21481426060199738
7,effnet_recplot,24,robustness,0.9949861764907837
7,effnet_recplot,24,complexity,0.48539093748271256
7,effnet_recplot,25,faithfulness,-0.08569543063640594
7,effnet_recplot,25,robustness,1.9284591674804688
7,effnet_recplot,25,complexity,0.6457116630139295
7,effnet_recplot,26,faithfulness,0.17287680506706238
7,effnet_recplot,26,robustness,3.1301209926605225
7,effnet_recplot,26,complexity,0.8496474868090073
7,effnet_recplot,27,faithfulness,0.2662382125854492
7,effnet_recplot,27,robustness,0.9979478120803833
7,effnet_recplot,27,complexity,0.5772408159341044
7,effnet_recplot,28,faithfulness,-0.20675420761108398
7,effnet_recplot,28,robustness,0.9979411959648132
7,effnet_recplot,28,complexity,0.4883796851906112
7,effnet_recplot,29,faithfulness,0.09902435541152954
7,effnet_recplot,29,robustness,0.9669927358627319
7,effnet_recplot,29,complexity,0.4930039738552996
7,effnet_recplot,30,faithfulness,0.26195240020751953
7,effnet_recplot,30,robustness,1.0
7,effnet_recplot,30,complexity,0.5137485201755436
7,effnet_recplot,31,faithfulness,0.025710709393024445
7,effnet_recplot,31,robustness,2.186704397201538
7,effnet_recplot,31,complexity,0.5872546368866916
7,effnet_recplot,32,faithfulness,0.22057002782821655
7,effnet_recplot,32,robustness,20.631345748901367
7,effnet_recplot,32,complexity,0.9373824239036157
7,effnet_recplot,33,faithfulness,-0.1598103642463684
7,effnet_recplot,33,robustness,1.0017503499984741
7,effnet_recplot,33,complexity,0.7327786565712214
7,effnet_recplot,34,faithfulness,-0.03078554943203926
7,effnet_recplot,34,robustness,81.75666046142578
7,effnet_recplot,34,complexity,0.9339355990620235
7,effnet_recplot,35,faithfulness,0.1997012048959732
7,effnet_recplot,35,robustness,5.030251979827881
7,effnet_recplot,35,complexity,0.8731737808754273
7,effnet_recplot,36,faithfulness,-0.07874958962202072
7,effnet_recplot,36,robustness,1.8845739364624023
7,effnet_recplot,36,complexity,0.8249198770939604
7,effnet_recplot,37,faithfulness,0.191422700881958
7,effnet_recplot,37,robustness,1.0704091787338257
7,effnet_recplot,37,complexity,0.504988643759657
7,effnet_recplot,38,faithfulness,0.22427749633789062
7,effnet_recplot,38,robustness,0.9999010562896729
7,effnet_recplot,38,complexity,0.4841986595360641
7,effnet_recplot,39,faithfulness,0.15517349541187286
7,effnet_recplot,39,robustness,0.9932135939598083
7,effnet_recplot,39,complexity,0.499727908678994
7,effnet_recplot,40,faithfulness,0.2813653349876404
7,effnet_recplot,40,robustness,0.9999806880950928
7,effnet_recplot,40,complexity,0.7990642165641237
7,effnet_recplot,41,faithfulness,0.18467208743095398
7,effnet_recplot,41,robustness,2.418130397796631
7,effnet_recplot,41,complexity,0.7778797133104779
7,effnet_recplot,42,faithfulness,0.09274803102016449
7,effnet_recplot,42,robustness,0.999420702457428
7,effnet_recplot,42,complexity,0.7888404387256198
7,effnet_recplot,43,faithfulness,0.2595806419849396
7,effnet_recplot,43,robustness,0.9990484118461609
7,effnet_recplot,43,complexity,0.8154494971797855
7,effnet_recplot,44,faithfulness,0.05960718169808388
7,effnet_recplot,44,robustness,0.9835174083709717
7,effnet_recplot,44,complexity,0.4450058634333792
7,effnet_recplot,45,faithfulness,-0.22918304800987244
7,effnet_recplot,45,robustness,2.4937198162078857
7,effnet_recplot,45,complexity,0.6065661588043321
12,mobilenet_orig,0,faithfulness,-0.06170482933521271
12,mobilenet_orig,0,robustness,0.8514906167984009
12,mobilenet_orig,0,complexity,0.6878804093200054
12,mobilenet_orig,1,faithfulness,-0.2946191430091858
12,mobilenet_orig,1,robustness,1.3917574882507324
12,mobilenet_orig,1,complexity,0.7070189168599574
12,mobilenet_orig,2,faithfulness,0.2927967309951782
12,mobilenet_orig,2,robustness,0.6285509467124939
12,mobilenet_orig,2,complexity,0.6718324296146777
12,mobilenet_orig,3,faithfulness,0.21697860956192017
12,mobilenet_orig,3,robustness,1.0686790943145752
12,mobilenet_orig,3,complexity,0.6306561475745558
12,mobilenet_orig,4,faithfulness,-0.06425723433494568
12,mobilenet_orig,4,robustness,1.1727643013000488
12,mobilenet_orig,4,complexity,0.6544671061955301
12,mobilenet_orig,5,faithfulness,-0.16488951444625854
12,mobilenet_orig,5,robustness,1.5169421434402466
12,mobilenet_orig,5,complexity,0.6274379863770462
12,mobilenet_orig,6,faithfulness,-0.1314457654953003
12,mobilenet_orig,6,robustness,0.967715859413147
12,mobilenet_orig,6,complexity,0.657526788326214
12,mobilenet_orig,7,faithfulness,0.07526573538780212
12,mobilenet_orig,7,robustness,1.3744893074035645
12,mobilenet_orig,7,complexity,0.6776321696443628
12,mobilenet_orig,8,faithfulness,0.3190611004829407
12,mobilenet_orig,8,robustness,0.7973546981811523
12,mobilenet_orig,8,complexity,0.6269778563671464
12,mobilenet_orig,9,faithfulness,0.036918602883815765
12,mobilenet_orig,9,robustness,1.3777083158493042
12,mobilenet_orig,9,complexity,0.7061025484862685
12,mobilenet_orig,10,faithfulness,-0.018314208835363388
12,mobilenet_orig,10,robustness,1.6137312650680542
12,mobilenet_orig,10,complexity,0.7970949424848459
12,mobilenet_orig,11,faithfulness,-0.26365435123443604
12,mobilenet_orig,11,robustness,3.1649084091186523
12,mobilenet_orig,11,complexity,0.823373859810832
12,mobilenet_orig,12,faithfulness,0.38303935527801514
12,mobilenet_orig,12,robustness,0.768485426902771
12,mobilenet_orig,12,complexity,0.6300220688188067
12,mobilenet_orig,13,faithfulness,0.088083416223526
12,mobilenet_orig,13,robustness,0.9724550247192383
12,mobilenet_orig,13,complexity,0.7184042810116573
12,mobilenet_orig,14,faithfulness,-0.09917297959327698
12,mobilenet_orig,14,robustness,0.7772281169891357
12,mobilenet_orig,14,complexity,0.5548591335212003
12,mobilenet_orig,15,faithfulness,0.02673676609992981
12,mobilenet_orig,15,robustness,1.1529865264892578
12,mobilenet_orig,15,complexity,0.7557629494419421
12,mobilenet_orig,16,faithfulness,-0.17263689637184143
12,mobilenet_orig,16,robustness,0.7619025111198425
12,mobilenet_orig,16,complexity,0.6334788867327267
12,mobilenet_orig,17,faithfulness,0.14262650907039642
12,mobilenet_orig,17,robustness,1.1797127723693848
12,mobilenet_orig,17,complexity,0.8197090318539333
12,mobilenet_orig,18,faithfulness,0.34725266695022583
12,mobilenet_orig,18,robustness,0.8945356011390686
12,mobilenet_orig,18,complexity,0.8040950860224257
12,mobilenet_orig,19,faithfulness,-0.11305354535579681
12,mobilenet_orig,19,robustness,0.7079852223396301
12,mobilenet_orig,19,complexity,0.621448220439993
12,mobilenet_orig,20,faithfulness,-0.21952098608016968
12,mobilenet_orig,20,robustness,2.219954252243042
12,mobilenet_orig,20,complexity,0.7486727082463759
12,mobilenet_orig,21,faithfulness,0.22238469123840332
12,mobilenet_orig,21,robustness,1.5265495777130127
12,mobilenet_orig,21,complexity,0.6048860379010936
12,mobilenet_orig,22,faithfulness,-0.1355677843093872
12,mobilenet_orig,22,robustness,0.8945319652557373
12,mobilenet_orig,22,complexity,0.5751695635331727
12,mobilenet_orig,23,faithfulness,-0.11832518130540848
12,mobilenet_orig,23,robustness,0.7559354901313782
12,mobilenet_orig,23,complexity,0.49853631748652216
12,mobilenet_orig,24,faithfulness,-0.0825432762503624
12,mobilenet_orig,24,robustness,0.7842704653739929
12,mobilenet_orig,24,complexity,0.5123252506686248
12,mobilenet_orig,25,faithfulness,-0.032662175595760345
12,mobilenet_orig,25,robustness,0.7030102610588074
12,mobilenet_orig,25,complexity,0.65595739667575
12,mobilenet_orig,26,faithfulness,-0.003705836832523346
12,mobilenet_orig,26,robustness,0.9499509334564209
12,mobilenet_orig,26,complexity,0.6040629262152689
12,mobilenet_orig,27,faithfulness,0.15287622809410095
12,mobilenet_orig,27,robustness,1.9201242923736572
12,mobilenet_orig,27,complexity,0.7092833485329516
12,mobilenet_orig,28,faithfulness,-0.2838374376296997
12,mobilenet_orig,28,robustness,2.749628782272339
12,mobilenet_orig,28,complexity,0.7986614394508081
12,mobilenet_orig,29,faithfulness,-0.2019706517457962
12,mobilenet_orig,29,robustness,0.8198761343955994
12,mobilenet_orig,29,complexity,0.6528122690427488
12,mobilenet_orig,30,faithfulness,-0.01619202271103859
12,mobilenet_orig,30,robustness,0.9793338775634766
12,mobilenet_orig,30,complexity,0.7105308384204412
12,mobilenet_orig,31,faithfulness,0.4342842698097229
12,mobilenet_orig,31,robustness,0.774275541305542
12,mobilenet_orig,31,complexity,0.5379105467082053
12,mobilenet_orig,32,faithfulness,0.34602200984954834
12,mobilenet_orig,32,robustness,0.7507399916648865
12,mobilenet_orig,32,complexity,0.5376222694708209
12,mobilenet_orig,33,faithfulness,0.0826256200671196
12,mobilenet_orig,33,robustness,0.8270270228385925
12,mobilenet_orig,33,complexity,0.5594591731203652
12,mobilenet_orig,34,faithfulness,-0.31951430439949036
12,mobilenet_orig,34,robustness,0.8650305271148682
12,mobilenet_orig,34,complexity,0.49549859704842447
12,mobilenet_orig,35,faithfulness,0.3437238335609436
12,mobilenet_orig,35,robustness,0.7774906158447266
12,mobilenet_orig,35,complexity,0.6056084852712235
12,mobilenet_orig,36,faithfulness,0.0933028906583786
12,mobilenet_orig,36,robustness,1.2772283554077148
12,mobilenet_orig,36,complexity,0.6712566145111409
12,mobilenet_orig,37,faithfulness,-0.11234930157661438
12,mobilenet_orig,37,robustness,0.6246159076690674
12,mobilenet_orig,37,complexity,0.553968609881963
12,mobilenet_orig,38,faithfulness,-0.24624241888523102
12,mobilenet_orig,38,robustness,0.7059715986251831
12,mobilenet_orig,38,complexity,0.6336408338452041
12,mobilenet_orig,39,faithfulness,-0.34602880477905273
12,mobilenet_orig,39,robustness,0.7755551338195801
12,mobilenet_orig,39,complexity,0.6349148953882723
12,mobilenet_orig,40,faithfulness,-0.049632538110017776
12,mobilenet_orig,40,robustness,0.7862302660942078
12,mobilenet_orig,40,complexity,0.6161388477738992
12,mobilenet_orig,41,faithfulness,-0.12458579987287521
12,mobilenet_orig,41,robustness,0.5160611867904663
12,mobilenet_orig,41,complexity,0.5379259397519447
12,mobilenet_orig,42,faithfulness,0.2900370657444
12,mobilenet_orig,42,robustness,0.6714151501655579
12,mobilenet_orig,42,complexity,0.5728284536589145
12,mobilenet_orig,43,faithfulness,0.10110456496477127
12,mobilenet_orig,43,robustness,0.9405985474586487
12,mobilenet_orig,43,complexity,0.6747595638443732
12,mobilenet_orig,44,faithfulness,-0.22258751094341278
12,mobilenet_orig,44,robustness,0.7607789635658264
12,mobilenet_orig,44,complexity,0.5101101911255657
12,mobilenet_orig,45,faithfulness,-0.09438978880643845
12,mobilenet_orig,45,robustness,0.6173315644264221
12,mobilenet_orig,45,complexity,0.5920583723139503
12,mobilenet_recplot,0,faithfulness,0.07963009178638458
12,mobilenet_recplot,0,robustness,1.0
12,mobilenet_recplot,0,complexity,0.8772192869049956
12,mobilenet_recplot,1,faithfulness,0.33474409580230713
12,mobilenet_recplot,1,robustness,1.0
12,mobilenet_recplot,1,complexity,0.8547236960477276
12,mobilenet_recplot,2,faithfulness,0.041123539209365845
12,mobilenet_recplot,2,robustness,1.0
12,mobilenet_recplot,2,complexity,0.6283896449970154
12,mobilenet_recplot,3,faithfulness,0.2150251716375351
12,mobilenet_recplot,3,robustness,1.0
12,mobilenet_recplot,3,complexity,0.6021842312884054
12,mobilenet_recplot,4,faithfulness,0.1861879974603653
12,mobilenet_recplot,4,robustness,1.0
12,mobilenet_recplot,4,complexity,0.750174769208078
12,mobilenet_recplot,5,faithfulness,-0.03586665913462639
12,mobilenet_recplot,5,robustness,1.0
12,mobilenet_recplot,5,complexity,0.6315902117873026
12,mobilenet_recplot,6,faithfulness,-0.13002420961856842
12,mobilenet_recplot,6,robustness,1.0
12,mobilenet_recplot,6,complexity,0.658640015768439
12,mobilenet_recplot,7,faithfulness,-0.035776287317276
12,mobilenet_recplot,7,robustness,1.0
12,mobilenet_recplot,7,complexity,0.7319576703788945
12,mobilenet_recplot,8,faithfulness,-0.16288800537586212
12,mobilenet_recplot,8,robustness,1.0
12,mobilenet_recplot,8,complexity,0.7406790229566654
12,mobilenet_recplot,9,faithfulness,-0.19743722677230835
12,mobilenet_recplot,9,robustness,1.0
12,mobilenet_recplot,9,complexity,0.7572407222925983
12,mobilenet_recplot,10,faithfulness,-0.2423563450574875
12,mobilenet_recplot,10,robustness,1.0
12,mobilenet_recplot,10,complexity,0.6838651279622137
12,mobilenet_recplot,11,faithfulness,0.13481217622756958
12,mobilenet_recplot,11,robustness,1.0
12,mobilenet_recplot,11,complexity,0.6631129492028411
12,mobilenet_recplot,12,faithfulness,0.07885178178548813
12,mobilenet_recplot,12,robustness,1.0
12,mobilenet_recplot,12,complexity,0.7569838322816036
12,mobilenet_recplot,13,faithfulness,0.20301693677902222
12,mobilenet_recplot,13,robustness,1.0
12,mobilenet_recplot,13,complexity,0.5106306776753905
12,mobilenet_recplot,14,faithfulness,0.14833524823188782
12,mobilenet_recplot,14,robustness,1.0
12,mobilenet_recplot,14,complexity,0.7366622937580457
12,mobilenet_recplot,15,faithfulness,0.020146042108535767
12,mobilenet_recplot,15,robustness,1.0
12,mobilenet_recplot,15,complexity,0.6710917286008107
12,mobilenet_recplot,16,faithfulness,0.2517036199569702
12,mobilenet_recplot,16,robustness,1.0
12,mobilenet_recplot,16,complexity,0.778200816984404
12,mobilenet_recplot,17,faithfulness,0.30910196900367737
12,mobilenet_recplot,17,robustness,1.0
12,mobilenet_recplot,17,complexity,0.7253939533247421
12,mobilenet_recplot,18,faithfulness,0.1438174545764923
12,mobilenet_recplot,18,robustness,1.0
12,mobilenet_recplot,18,complexity,0.723505816576976
12,mobilenet_recplot,19,faithfulness,-0.14556103944778442
12,mobilenet_recplot,19,robustness,1.0
12,mobilenet_recplot,19,complexity,0.6327184575417191
12,mobilenet_recplot,20,faithfulness,0.03139597177505493
12,mobilenet_recplot,20,robustness,1.0
12,mobilenet_recplot,20,complexity,0.5875995040954506
12,mobilenet_recplot,21,faithfulness,0.1821579486131668
12,mobilenet_recplot,21,robustness,1.0
12,mobilenet_recplot,21,complexity,0.6827834164342825
12,mobilenet_recplot,22,faithfulness,0.006770584732294083
12,mobilenet_recplot,22,robustness,2.8659303188323975
12,mobilenet_recplot,22,complexity,0.38490849122900966
12,mobilenet_recplot,23,faithfulness,0.17015644907951355
12,mobilenet_recplot,23,robustness,3.163602828979492
12,mobilenet_recplot,23,complexity,0.32859205690665616
12,mobilenet_recplot,24,faithfulness,0.21843408048152924
12,mobilenet_recplot,24,robustness,3.8013973236083984
12,mobilenet_recplot,24,complexity,0.48773517150443585
12,mobilenet_recplot,25,faithfulness,0.10537257790565491
12,mobilenet_recplot,25,robustness,2.8850667476654053
12,mobilenet_recplot,25,complexity,0.4572557433360162
12,mobilenet_recplot,26,faithfulness,0.01900932937860489
12,mobilenet_recplot,26,robustness,5.276981353759766
12,mobilenet_recplot,26,complexity,0.6332883057280997
12,mobilenet_recplot,27,faithfulness,-0.0734482854604721
12,mobilenet_recplot,27,robustness,2.5501248836517334
12,mobilenet_recplot,27,complexity,0.5273120658604677
12,mobilenet_recplot,28,faithfulness,0.06303370743989944
12,mobilenet_recplot,28,robustness,4.433996200561523
12,mobilenet_recplot,28,complexity,0.4237553472876537
12,mobilenet_recplot,29,faithfulness,-0.11227770149707794
12,mobilenet_recplot,29,robustness,8.303427696228027
12,mobilenet_recplot,29,complexity,0.37798008126926846
12,mobilenet_recplot,30,faithfulness,0.19430232048034668
12,mobilenet_recplot,30,robustness,5.03776216506958
12,mobilenet_recplot,30,complexity,0.41950017683318325
12,mobilenet_recplot,31,faithfulness,0.13122469186782837
12,mobilenet_recplot,31,robustness,1.9301148653030396
12,mobilenet_recplot,31,complexity,0.4962512132478486
12,mobilenet_recplot,32,faithfulness,0.19853752851486206
12,mobilenet_recplot,32,robustness,7.046019554138184
12,mobilenet_recplot,32,complexity,0.6955505734077887
12,mobilenet_recplot,33,faithfulness,-0.05669189244508743
12,mobilenet_recplot,33,robustness,6.364299297332764
12,mobilenet_recplot,33,complexity,0.5279751032957078
12,mobilenet_recplot,34,faithfulness,-0.0927065908908844
12,mobilenet_recplot,34,robustness,12.279120445251465
12,mobilenet_recplot,34,complexity,0.636750444345037
12,mobilenet_recplot,35,faithfulness,0.043260231614112854
12,mobilenet_recplot,35,robustness,3.8244845867156982
12,mobilenet_recplot,35,complexity,0.5571539198287254
12,mobilenet_recplot,36,faithfulness,-0.14728285372257233
12,mobilenet_recplot,36,robustness,3.503282070159912
12,mobilenet_recplot,36,complexity,0.5397042150686214
12,mobilenet_recplot,37,faithfulness,0.17936579883098602
12,mobilenet_recplot,37,robustness,2.454395294189453
12,mobilenet_recplot,37,complexity,0.4742310665715695
12,mobilenet_recplot,38,faithfulness,0.0582360103726387
12,mobilenet_recplot,38,robustness,2.886945962905884
12,mobilenet_recplot,38,complexity,0.5966724500466419
12,mobilenet_recplot,39,faithfulness,0.2343595176935196
12,mobilenet_recplot,39,robustness,2.035454750061035
12,mobilenet_recplot,39,complexity,0.5711069342153688
12,mobilenet_recplot,40,faithfulness,-0.20397822558879852
12,mobilenet_recplot,40,robustness,2.3520748615264893
12,mobilenet_recplot,40,complexity,0.5469522130773887
12,mobilenet_recplot,41,faithfulness,0.07879689335823059
12,mobilenet_recplot,41,robustness,1.5421026945114136
12,mobilenet_recplot,41,complexity,0.5318547467488761
12,mobilenet_recplot,42,faithfulness,0.4794914126396179
12,mobilenet_recplot,42,robustness,2.041558265686035
12,mobilenet_recplot,42,complexity,0.5587669072557266
12,mobilenet_recplot,43,faithfulness,0.2135811597108841
12,mobilenet_recplot,43,robustness,17.211593627929688
12,mobilenet_recplot,43,complexity,0.5831753409888405
12,mobilenet_recplot,44,faithfulness,0.321431428194046
12,mobilenet_recplot,44,robustness,2.5450284481048584
12,mobilenet_recplot,44,complexity,0.5937192919183373
12,mobilenet_recplot,45,faithfulness,0.2049933522939682
12,mobilenet_recplot,45,robustness,1.3431633710861206
12,mobilenet_recplot,45,complexity,0.4519972302532144
12,effnet_orig,0,faithfulness,0.22240985929965973
12,effnet_orig,0,robustness,1.0279622077941895
12,effnet_orig,0,complexity,0.4099651982387406
12,effnet_orig,1,faithfulness,0.11423793435096741
12,effnet_orig,1,robustness,2.9680302143096924
12,effnet_orig,1,complexity,0.8622718716741502
12,effnet_orig,2,faithfulness,0.3636809289455414
12,effnet_orig,2,robustness,1.2146319150924683
12,effnet_orig,2,complexity,0.7699739555682202
12,effnet_orig,3,faithfulness,0.062196552753448486
12,effnet_orig,3,robustness,1.0076202154159546
12,effnet_orig,3,complexity,0.4854020203873673
12,effnet_orig,4,faithfulness,0.26141005754470825
12,effnet_orig,4,robustness,1.1679359674453735
12,effnet_orig,4,complexity,0.729992520724827
12,effnet_orig,5,faithfulness,-0.06339757889509201
12,effnet_orig,5,robustness,2.9607598781585693
12,effnet_orig,5,complexity,0.6836157743270499
12,effnet_orig,6,faithfulness,0.1267452836036682
12,effnet_orig,6,robustness,1.0263166427612305
12,effnet_orig,6,complexity,0.6101789605386979
12,effnet_orig,7,faithfulness,0.3443574905395508
12,effnet_orig,7,robustness,1.6096508502960205
12,effnet_orig,7,complexity,0.8515876709323005
12,effnet_orig,8,faithfulness,0.5350760221481323
12,effnet_orig,8,robustness,1.1027482748031616
12,effnet_orig,8,complexity,0.6658237872089962
12,effnet_orig,9,faithfulness,-0.034743376076221466
12,effnet_orig,9,robustness,1.0689705610275269
12,effnet_orig,9,complexity,0.5332752660049414
12,effnet_orig,10,faithfulness,0.11651560664176941
12,effnet_orig,10,robustness,3.5646815299987793
12,effnet_orig,10,complexity,0.8302246239321848
12,effnet_orig,11,faithfulness,0.009864114224910736
12,effnet_orig,11,robustness,2.9218389987945557
12,effnet_orig,11,complexity,0.8962298518489891
12,effnet_orig,12,faithfulness,0.29096314311027527
12,effnet_orig,12,robustness,1.1743090152740479
12,effnet_orig,12,complexity,0.5891123542644949
12,effnet_orig,13,faithfulness,0.24970848858356476
12,effnet_orig,13,robustness,1.0603466033935547
12,effnet_orig,13,complexity,0.7439503093780769
12,effnet_orig,14,faithfulness,0.01094217598438263
12,effnet_orig,14,robustness,8.571895599365234
12,effnet_orig,14,complexity,0.8922299455248934
12,effnet_orig,15,faithfulness,0.16582439839839935
12,effnet_orig,15,robustness,4.664727210998535
12,effnet_orig,15,complexity,0.7081775071122461
12,effnet_orig,16,faithfulness,0.2087297886610031
12,effnet_orig,16,robustness,1.92770516872406
12,effnet_orig,16,complexity,0.6382524872289738
12,effnet_orig,17,faithfulness,-0.10203567892313004
12,effnet_orig,17,robustness,7.878952503204346
12,effnet_orig,17,complexity,0.7753639998775563
12,effnet_orig,18,faithfulness,0.1383279263973236
12,effnet_orig,18,robustness,3.469693183898926
12,effnet_orig,18,complexity,0.7698267941094571
12,effnet_orig,19,faithfulness,-0.1906159669160843
12,effnet_orig,19,robustness,5.808195114135742
12,effnet_orig,19,complexity,0.7937901016122347
12,effnet_orig,20,faithfulness,0.16728608310222626
12,effnet_orig,20,robustness,10.071150779724121
12,effnet_orig,20,complexity,0.9156457886711984
12,effnet_orig,21,faithfulness,
12,effnet_orig,21,robustness,inf
12,effnet_orig,21,complexity,0.0
12,effnet_orig,22,faithfulness,0.13424068689346313
12,effnet_orig,22,robustness,0.8943325877189636
12,effnet_orig,22,complexity,0.4932422769409488
12,effnet_orig,23,faithfulness,-0.21277038753032684
12,effnet_orig,23,robustness,0.8834317922592163
12,effnet_orig,23,complexity,0.35865295284019477
12,effnet_orig,24,faithfulness,0.07582935690879822
12,effnet_orig,24,robustness,0.8854137659072876
12,effnet_orig,24,complexity,0.29864301370537577
12,effnet_orig,25,faithfulness,0.033729471266269684
12,effnet_orig,25,robustness,0.8665859699249268
12,effnet_orig,25,complexity,0.42642827789188636
12,effnet_orig,26,faithfulness,-0.3132094144821167
12,effnet_orig,26,robustness,0.9361724257469177
12,effnet_orig,26,complexity,0.429855122194723
12,effnet_orig,27,faithfulness,0.1371321827173233
12,effnet_orig,27,robustness,0.9486760497093201
12,effnet_orig,27,complexity,0.41892737657105444
12,effnet_orig,28,faithfulness,0.14742152392864227
12,effnet_orig,28,robustness,0.9551400542259216
12,effnet_orig,28,complexity,0.47899531588738564
12,effnet_orig,29,faithfulness,0.06091974675655365
12,effnet_orig,29,robustness,0.9390665888786316
12,effnet_orig,29,complexity,0.3478691624817631
12,effnet_orig,30,faithfulness,-0.28824853897094727
12,effnet_orig,30,robustness,0.9500010013580322
12,effnet_orig,30,complexity,0.4164184108365928
12,effnet_orig,31,faithfulness,-0.3219655156135559
12,effnet_orig,31,robustness,0.8532629013061523
12,effnet_orig,31,complexity,0.3222249249943666
12,effnet_orig,32,faithfulness,-0.00047992169857025146
12,effnet_orig,32,robustness,0.9125438928604126
12,effnet_orig,32,complexity,0.4391027126271702
12,effnet_orig,33,faithfulness,0.30176159739494324
12,effnet_orig,33,robustness,0.883163332939148
12,effnet_orig,33,complexity,0.4419078643319032
12,effnet_orig,34,faithfulness,-0.023647617548704147
12,effnet_orig,34,robustness,0.9297841787338257
12,effnet_orig,34,complexity,0.4588788508161674
12,effnet_orig,35,faithfulness,-0.2643586993217468
12,effnet_orig,35,robustness,0.9393756985664368
12,effnet_orig,35,complexity,0.3803748831287173
12,effnet_orig,36,faithfulness,-0.13024722039699554
12,effnet_orig,36,robustness,0.9061269760131836
12,effnet_orig,36,complexity,0.43782371506054013
12,effnet_orig,37,faithfulness,-0.21643441915512085
12,effnet_orig,37,robustness,0.9380814433097839
12,effnet_orig,37,complexity,0.390825249284451
12,effnet_orig,38,faithfulness,-0.014338333159685135
12,effnet_orig,38,robustness,0.8928932547569275
12,effnet_orig,38,complexity,0.36433627591217804
12,effnet_orig,39,faithfulness,-0.4112855792045593
12,effnet_orig,39,robustness,0.9591640830039978
12,effnet_orig,39,complexity,0.5129803523651381
12,effnet_orig,40,faithfulness,-0.09784112870693207
12,effnet_orig,40,robustness,0.9159526824951172
12,effnet_orig,40,complexity,0.5043049647574721
12,effnet_orig,41,faithfulness,-0.04185917228460312
12,effnet_orig,41,robustness,0.9409671425819397
12,effnet_orig,41,complexity,0.3717569281756084
12,effnet_orig,42,faithfulness,0.2300528585910797
12,effnet_orig,42,robustness,0.9160162210464478
12,effnet_orig,42,complexity,0.4252111633802947
12,effnet_orig,43,faithfulness,-0.44267410039901733
12,effnet_orig,43,robustness,0.8612163066864014
12,effnet_orig,43,complexity,0.4229547596932598
12,effnet_orig,44,faithfulness,0.00344172865152359
12,effnet_orig,44,robustness,0.9179304242134094
12,effnet_orig,44,complexity,0.42943875904001
12,effnet_orig,45,faithfulness,0.19148676097393036
12,effnet_orig,45,robustness,0.9258949160575867
12,effnet_orig,45,complexity,0.3747222631565957
12,effnet_recplot,0,faithfulness,-0.013281360268592834
12,effnet_recplot,0,robustness,4.256447792053223
12,effnet_recplot,0,complexity,0.7555401117953774
12,effnet_recplot,1,faithfulness,-0.012775924056768417
12,effnet_recplot,1,robustness,4.998692989349365
12,effnet_recplot,1,complexity,0.7835127648898497
12,effnet_recplot,2,faithfulness,0.08567089587450027
12,effnet_recplot,2,robustness,2.3391520977020264
12,effnet_recplot,2,complexity,0.6110412675506136
12,effnet_recplot,3,faithfulness,0.09938299655914307
12,effnet_recplot,3,robustness,2.5289018154144287
12,effnet_recplot,3,complexity,0.6202147056625952
12,effnet_recplot,4,faithfulness,0.07909901440143585
12,effnet_recplot,4,robustness,0.999707043170929
12,effnet_recplot,4,complexity,0.6339661225996628
12,effnet_recplot,5,faithfulness,-0.178917795419693
12,effnet_recplot,5,robustness,4.259611129760742
12,effnet_recplot,5,complexity,0.6311704382925122
12,effnet_recplot,6,faithfulness,0.2906705141067505
12,effnet_recplot,6,robustness,1.3820037841796875
12,effnet_recplot,6,complexity,0.6830457089536337
12,effnet_recplot,7,faithfulness,0.4011100232601166
12,effnet_recplot,7,robustness,2.4462125301361084
12,effnet_recplot,7,complexity,0.7455767496900324
12,effnet_recplot,8,faithfulness,-0.03081950545310974
12,effnet_recplot,8,robustness,2.017383575439453
12,effnet_recplot,8,complexity,0.6162428070260801
12,effnet_recplot,9,faithfulness,0.1361340582370758
12,effnet_recplot,9,robustness,1.6763170957565308
12,effnet_recplot,9,complexity,0.7230702388164705
12,effnet_recplot,10,faithfulness,0.06238754093647003
12,effnet_recplot,10,robustness,2.7446129322052
12,effnet_recplot,10,complexity,0.6424443589183503
12,effnet_recplot,11,faithfulness,0.2895659804344177
12,effnet_recplot,11,robustness,0.9998103976249695
12,effnet_recplot,11,complexity,0.7648570081922567
12,effnet_recplot,12,faithfulness,-0.16939698159694672
12,effnet_recplot,12,robustness,7.458093643188477
12,effnet_recplot,12,complexity,0.7885175448834568
12,effnet_recplot,13,faithfulness,0.17639894783496857
12,effnet_recplot,13,robustness,1.5344221591949463
12,effnet_recplot,13,complexity,0.8362591664089623
12,effnet_recplot,14,faithfulness,0.10665139555931091
12,effnet_recplot,14,robustness,1.9262292385101318
12,effnet_recplot,14,complexity,0.6143204762245102
12,effnet_recplot,15,faithfulness,0.017215363681316376
12,effnet_recplot,15,robustness,2.4483962059020996
12,effnet_recplot,15,complexity,0.576170608558193
12,effnet_recplot,16,faithfulness,0.3056253492832184
12,effnet_recplot,16,robustness,3.257899761199951
12,effnet_recplot,16,complexity,0.8129220017652734
12,effnet_recplot,17,faithfulness,0.45009303092956543
12,effnet_recplot,17,robustness,1.2365862131118774
12,effnet_recplot,17,complexity,0.6940139219934145
12,effnet_recplot,18,faithfulness,0.15990859270095825
12,effnet_recplot,18,robustness,4.816728591918945
12,effnet_recplot,18,complexity,0.8053226968296577
12,effnet_recplot,19,faithfulness,0.09923885762691498
12,effnet_recplot,19,robustness,6.5385541915893555
12,effnet_recplot,19,complexity,0.6721057782451394
12,effnet_recplot,20,faithfulness,0.30958372354507446
12,effnet_recplot,20,robustness,1.2697423696517944
12,effnet_recplot,20,complexity,0.670402995047848
12,effnet_recplot,21,faithfulness,0.061990562826395035
12,effnet_recplot,21,robustness,1.9208014011383057
12,effnet_recplot,21,complexity,0.677623684159685
12,effnet_recplot,22,faithfulness,-0.03519752621650696
12,effnet_recplot,22,robustness,1.0
12,effnet_recplot,22,complexity,0.4182004449844081
12,effnet_recplot,23,faithfulness,0.18784090876579285
12,effnet_recplot,23,robustness,1.0
12,effnet_recplot,23,complexity,0.4754227674676454
12,effnet_recplot,24,faithfulness,0.0192849300801754
12,effnet_recplot,24,robustness,1.0
12,effnet_recplot,24,complexity,0.4480577925358532
12,effnet_recplot,25,faithfulness,0.2369295060634613
12,effnet_recplot,25,robustness,1.4934087991714478
12,effnet_recplot,25,complexity,0.6263007639783117
12,effnet_recplot,26,faithfulness,0.010664978995919228
12,effnet_recplot,26,robustness,1.0005247592926025
12,effnet_recplot,26,complexity,0.5820653613545866
12,effnet_recplot,27,faithfulness,0.040978748351335526
12,effnet_recplot,27,robustness,1.0
12,effnet_recplot,27,complexity,0.5211921111332822
12,effnet_recplot,28,faithfulness,-0.06713339686393738
12,effnet_recplot,28,robustness,4.400618076324463
12,effnet_recplot,28,complexity,0.18483274776388017
12,effnet_recplot,29,faithfulness,-0.041033484041690826
12,effnet_recplot,29,robustness,5.620579719543457
12,effnet_recplot,29,complexity,0.3405712926288563
12,effnet_recplot,30,faithfulness,-0.43664947152137756
12,effnet_recplot,30,robustness,1.1693354845046997
12,effnet_recplot,30,complexity,0.26266117492100866
12,effnet_recplot,31,faithfulness,-0.2038334161043167
12,effnet_recplot,31,robustness,12.480585098266602
12,effnet_recplot,31,complexity,0.44339770850881977
12,effnet_recplot,32,faithfulness,0.24718376994132996
12,effnet_recplot,32,robustness,1.0
12,effnet_recplot,32,complexity,0.33778248908396563
12,effnet_recplot,33,faithfulness,0.005097530782222748
12,effnet_recplot,33,robustness,1.0
12,effnet_recplot,33,complexity,0.38044352627223366
12,effnet_recplot,34,faithfulness,-0.08019406348466873
12,effnet_recplot,34,robustness,1.0
12,effnet_recplot,34,complexity,0.6926451751042829
12,effnet_recplot,35,faithfulness,0.2862396836280823
12,effnet_recplot,35,robustness,1.0972338914871216
12,effnet_recplot,35,complexity,0.8432547512749089
12,effnet_recplot,36,faithfulness,0.0023449473083019257
12,effnet_recplot,36,robustness,1.0
12,effnet_recplot,36,complexity,0.5940699066847571
12,effnet_recplot,37,faithfulness,-0.12399622052907944
12,effnet_recplot,37,robustness,1.0507816076278687
12,effnet_recplot,37,complexity,0.24652062104744335
12,effnet_recplot,38,faithfulness,-0.07745707035064697
12,effnet_recplot,38,robustness,1.0
12,effnet_recplot,38,complexity,0.26198951925240077
12,effnet_recplot,39,faithfulness,0.027401700615882874
12,effnet_recplot,39,robustness,1.0
12,effnet_recplot,39,complexity,0.27548793419948414
12,effnet_recplot,40,faithfulness,0.2652932107448578
12,effnet_recplot,40,robustness,1.0000648498535156
12,effnet_recplot,40,complexity,0.711474705505606
12,effnet_recplot,41,faithfulness,0.09568171203136444
12,effnet_recplot,41,robustness,2.041762351989746
12,effnet_recplot,41,complexity,0.6472884407911476
12,effnet_recplot,42,faithfulness,0.1573348045349121
12,effnet_recplot,42,robustness,1.0146770477294922
12,effnet_recplot,42,complexity,0.6896022974178757
12,effnet_recplot,43,faithfulness,0.4613235592842102
12,effnet_recplot,43,robustness,1.0
12,effnet_recplot,43,complexity,0.6504016653650078
12,effnet_recplot,44,faithfulness,-0.09285317361354828
12,effnet_recplot,44,robustness,1.0
12,effnet_recplot,44,complexity,0.27130965068597035
12,effnet_recplot,45,faithfulness,0.05135830119252205
12,effnet_recplot,45,robustness,1.0
12,effnet_recplot,45,complexity,0.41387339312589183
42,mobilenet_orig,0,faithfulness,0.04904304817318916
42,mobilenet_orig,0,robustness,1.1241300106048584
42,mobilenet_orig,0,complexity,0.46048833669604017
42,mobilenet_orig,1,faithfulness,-0.08990196138620377
42,mobilenet_orig,1,robustness,1.8275034427642822
42,mobilenet_orig,1,complexity,0.7314432968729422
42,mobilenet_orig,2,faithfulness,0.024379445239901543
42,mobilenet_orig,2,robustness,0.9707061648368835
42,mobilenet_orig,2,complexity,0.5223142378787854
42,mobilenet_orig,3,faithfulness,0.12711073458194733
42,mobilenet_orig,3,robustness,1.7056304216384888
42,mobilenet_orig,3,complexity,0.6542567292355567
42,mobilenet_orig,4,faithfulness,0.06443877518177032
42,mobilenet_orig,4,robustness,0.7467312216758728
42,mobilenet_orig,4,complexity,0.6231362781323773
42,mobilenet_orig,5,faithfulness,0.19457289576530457
42,mobilenet_orig,5,robustness,1.1253525018692017
42,mobilenet_orig,5,complexity,0.6122650253010373
42,mobilenet_orig,6,faithfulness,0.0026286542415618896
42,mobilenet_orig,6,robustness,0.930525541305542
42,mobilenet_orig,6,complexity,0.6414148297472001
42,mobilenet_orig,7,faithfulness,0.41108089685440063
42,mobilenet_orig,7,robustness,1.1731131076812744
42,mobilenet_orig,7,complexity,0.6553020809447568
42,mobilenet_orig,8,faithfulness,-0.1088661178946495
42,mobilenet_orig,8,robustness,0.7175163626670837
42,mobilenet_orig,8,complexity,0.518693976727579
42,mobilenet_orig,9,faithfulness,-0.23178482055664062
42,mobilenet_orig,9,robustness,2.8068883419036865
42,mobilenet_orig,9,complexity,0.6272337881326725
42,mobilenet_orig,10,faithfulness,0.056814372539520264
42,mobilenet_orig,10,robustness,2.5021018981933594
42,mobilenet_orig,10,complexity,0.7641342215556871
42,mobilenet_orig,11,faithfulness,0.4649271070957184
42,mobilenet_orig,11,robustness,2.226425886154175
42,mobilenet_orig,11,complexity,0.6959658804008482
42,mobilenet_orig,12,faithfulness,0.13298609852790833
42,mobilenet_orig,12,robustness,0.8057537078857422
42,mobilenet_orig,12,complexity,0.5940499579431691
42,mobilenet_orig,13,faithfulness,0.0008337721228599548
42,mobilenet_orig,13,robustness,0.9461841583251953
42,mobilenet_orig,13,complexity,0.5115779846251898
42,mobilenet_orig,14,faithfulness,-0.05308296158909798
42,mobilenet_orig,14,robustness,0.7165958285331726
42,mobilenet_orig,14,complexity,0.5229599666869627
42,mobilenet_orig,15,faithfulness,0.30982762575149536
42,mobilenet_orig,15,robustness,1.6464835405349731
42,mobilenet_orig,15,complexity,0.6872842350665584
42,mobilenet_orig,16,faithfulness,0.03764863312244415
42,mobilenet_orig,16,robustness,0.907348096370697
42,mobilenet_orig,16,complexity,0.4860417826915618
42,mobilenet_orig,17,faithfulness,-0.1269322633743286
42,mobilenet_orig,17,robustness,2.0371387004852295
42,mobilenet_orig,17,complexity,0.6485141849742749
42,mobilenet_orig,18,faithfulness,-0.0029812082648277283
42,mobilenet_orig,18,robustness,0.8439649343490601
42,mobilenet_orig,18,complexity,0.7413473918886234
42,mobilenet_orig,19,faithfulness,0.10757900774478912
42,mobilenet_orig,19,robustness,0.5989935994148254
42,mobilenet_orig,19,complexity,0.5383982755876952
42,mobilenet_orig,20,faithfulness,-0.20113429427146912
42,mobilenet_orig,20,robustness,1.9178779125213623
42,mobilenet_orig,20,complexity,0.5896137252152407
42,mobilenet_orig,21,faithfulness,0.12223373353481293
42,mobilenet_orig,21,robustness,1.572920322418213
42,mobilenet_orig,21,complexity,0.5226097740618703
42,mobilenet_orig,22,faithfulness,-0.041578132659196854
42,mobilenet_orig,22,robustness,0.9677770733833313
42,mobilenet_orig,22,complexity,0.5310557992444438
42,mobilenet_orig,23,faithfulness,0.1982089877128601
42,mobilenet_orig,23,robustness,0.912037193775177
42,mobilenet_orig,23,complexity,0.47394036321945077
42,mobilenet_orig,24,faithfulness,0.02896009385585785
42,mobilenet_orig,24,robustness,0.8994459509849548
42,mobilenet_orig,24,complexity,0.5239294645419988
42,mobilenet_orig,25,faithfulness,0.24913427233695984
42,mobilenet_orig,25,robustness,0.8067598342895508
42,mobilenet_orig,25,complexity,0.5923996997782994
42,mobilenet_orig,26,faithfulness,0.6141535043716431
42,mobilenet_orig,26,robustness,0.9817111492156982
42,mobilenet_orig,26,complexity,0.5725731918155185
42,mobilenet_orig,27,faithfulness,-0.2695128321647644
42,mobilenet_orig,27,robustness,0.956005871295929
42,mobilenet_orig,27,complexity,0.5715735736647147
42,mobilenet_orig,28,faithfulness,0.2561183571815491
42,mobilenet_orig,28,robustness,2.5205862522125244
42,mobilenet_orig,28,complexity,0.812525401751255
42,mobilenet_orig,29,faithfulness,0.026821572333574295
42,mobilenet_orig,29,robustness,0.9424363970756531
42,mobilenet_orig,29,complexity,0.5969824094064811
42,mobilenet_orig,30,faithfulness,0.06899211555719376
42,mobilenet_orig,30,robustness,0.8737192749977112
42,mobilenet_orig,30,complexity,0.6598870621255714
42,mobilenet_orig,31,faithfulness,0.050556790083646774
42,mobilenet_orig,31,robustness,0.9394137859344482
42,mobilenet_orig,31,complexity,0.49555153693171383
42,mobilenet_orig,32,faithfulness,-0.18494054675102234
42,mobilenet_orig,32,robustness,0.9637801647186279
42,mobilenet_orig,32,complexity,0.5693920164132663
42,mobilenet_orig,33,faithfulness,0.1980820894241333
42,mobilenet_orig,33,robustness,0.9760273694992065
42,mobilenet_orig,33,complexity,0.5240764040797463
42,mobilenet_orig,34,faithfulness,-0.21074949204921722
42,mobilenet_orig,34,robustness,0.9872159361839294
42,mobilenet_orig,34,complexity,0.4980832392143333
42,mobilenet_orig,35,faithfulness,-0.23199722170829773
42,mobilenet_orig,35,robustness,0.8789538741111755
42,mobilenet_orig,35,complexity,0.581400235795823
42,mobilenet_orig,36,faithfulness,-0.186092346906662
42,mobilenet_orig,36,robustness,0.9060207009315491
42,mobilenet_orig,36,complexity,0.6392106591757903
42,mobilenet_orig,37,faithfulness,-0.1220756247639656
42,mobilenet_orig,37,robustness,0.9486055374145508
42,mobilenet_orig,37,complexity,0.5575780586099133
42,mobilenet_orig,38,faithfulness,0.08381561934947968
42,mobilenet_orig,38,robustness,0.7032127380371094
42,mobilenet_orig,38,complexity,0.6073859180879618
42,mobilenet_orig,39,faithfulness,0.11798007786273956
42,mobilenet_orig,39,robustness,0.8773953318595886
42,mobilenet_orig,39,complexity,0.6096140584670431
42,mobilenet_orig,40,faithfulness,-0.13098135590553284
42,mobilenet_orig,40,robustness,0.9765061140060425
42,mobilenet_orig,40,complexity,0.5967578548769688
42,mobilenet_orig,41,faithfulness,-0.16557453572750092
42,mobilenet_orig,41,robustness,0.773758590221405
42,mobilenet_orig,41,complexity,0.4961416013227454
42,mobilenet_orig,42,faithfulness,-0.13376638293266296
42,mobilenet_orig,42,robustness,0.5011689066886902
42,mobilenet_orig,42,complexity,0.5416867621686989
42,mobilenet_orig,43,faithfulness,0.11445857584476471
42,mobilenet_orig,43,robustness,0.9611009359359741
42,mobilenet_orig,43,complexity,0.6181419555956658
42,mobilenet_orig,44,faithfulness,0.10054628551006317
42,mobilenet_orig,44,robustness,0.878092885017395
42,mobilenet_orig,44,complexity,0.5140853007732923
42,mobilenet_orig,45,faithfulness,0.28163713216781616
42,mobilenet_orig,45,robustness,0.8724192976951599
42,mobilenet_orig,45,complexity,0.5316809184428349
42,mobilenet_recplot,0,faithfulness,-0.23950739204883575
42,mobilenet_recplot,0,robustness,4.384269714355469
42,mobilenet_recplot,0,complexity,0.7984497755813172
42,mobilenet_recplot,1,faithfulness,0.15778961777687073
42,mobilenet_recplot,1,robustness,1.036365270614624
42,mobilenet_recplot,1,complexity,0.7439164013719294
42,mobilenet_recplot,2,faithfulness,0.2435847669839859
42,mobilenet_recplot,2,robustness,0.9842268824577332
42,mobilenet_recplot,2,complexity,0.5461932975897333
42,mobilenet_recplot,3,faithfulness,0.21285662055015564
42,mobilenet_recplot,3,robustness,0.9624136686325073
42,mobilenet_recplot,3,complexity,0.5150577960389066
42,mobilenet_recplot,4,faithfulness,-0.17925521731376648
42,mobilenet_recplot,4,robustness,1.2702678442001343
42,mobilenet_recplot,4,complexity,0.631350342826332
42,mobilenet_recplot,5,faithfulness,-0.19007918238639832
42,mobilenet_recplot,5,robustness,0.9310967326164246
42,mobilenet_recplot,5,complexity,0.6043378007643615
42,mobilenet_recplot,6,faithfulness,0.11388786137104034
42,mobilenet_recplot,6,robustness,1.0436062812805176
42,mobilenet_recplot,6,complexity,0.6281859782297564
42,mobilenet_recplot,7,faithfulness,0.16365885734558105
42,mobilenet_recplot,7,robustness,0.9750505685806274
42,mobilenet_recplot,7,complexity,0.6408560149668121
42,mobilenet_recplot,8,faithfulness,0.21217429637908936
42,mobilenet_recplot,8,robustness,0.9937314391136169
42,mobilenet_recplot,8,complexity,0.6876408250216669
42,mobilenet_recplot,9,faithfulness,0.318989098072052
42,mobilenet_recplot,9,robustness,0.9945129752159119
42,mobilenet_recplot,9,complexity,0.651126513512122
42,mobilenet_recplot,10,faithfulness,-0.13184964656829834
42,mobilenet_recplot,10,robustness,0.9984421133995056
42,mobilenet_recplot,10,complexity,0.6090594512372087
42,mobilenet_recplot,11,faithfulness,-0.03183884173631668
42,mobilenet_recplot,11,robustness,0.9868635535240173
42,mobilenet_recplot,11,complexity,0.5740336336746892
42,mobilenet_recplot,12,faithfulness,0.1849333941936493
42,mobilenet_recplot,12,robustness,0.9771277904510498
42,mobilenet_recplot,12,complexity,0.6281462073980227
42,mobilenet_recplot,13,faithfulness,-0.2148258239030838
42,mobilenet_recplot,13,robustness,1.1554429531097412
42,mobilenet_recplot,13,complexity,0.40653282764289966
42,mobilenet_recplot,14,faithfulness,0.27110472321510315
42,mobilenet_recplot,14,robustness,0.99874347448349
42,mobilenet_recplot,14,complexity,0.6505930446032931
42,mobilenet_recplot,15,faithfulness,-0.08042451739311218
42,mobilenet_recplot,15,robustness,0.9861794114112854
42,mobilenet_recplot,15,complexity,0.6463367301735012
42,mobilenet_recplot,16,faithfulness,0.26014918088912964
42,mobilenet_recplot,16,robustness,1.104159951210022
42,mobilenet_recplot,16,complexity,0.6730345386396361
42,mobilenet_recplot,17,faithfulness,0.08881638199090958
42,mobilenet_recplot,17,robustness,0.9263834357261658
42,mobilenet_recplot,17,complexity,0.38629037958409884
42,mobilenet_recplot,18,faithfulness,0.1893819123506546
42,mobilenet_recplot,18,robustness,1.0746694803237915
42,mobilenet_recplot,18,complexity,0.6875840642158862
42,mobilenet_recplot,19,faithfulness,-0.021977625787258148
42,mobilenet_recplot,19,robustness,1.0469635725021362
42,mobilenet_recplot,19,complexity,0.5248983268839552
42,mobilenet_recplot,20,faithfulness,0.32077908515930176
42,mobilenet_recplot,20,robustness,0.9905518889427185
42,mobilenet_recplot,20,complexity,0.5425141108940066
42,mobilenet_recplot,21,faithfulness,-0.11969710886478424
42,mobilenet_recplot,21,robustness,1.0253887176513672
42,mobilenet_recplot,21,complexity,0.5585566811412684
42,mobilenet_recplot,22,faithfulness,-0.034243062138557434
42,mobilenet_recplot,22,robustness,3.521153450012207
42,mobilenet_recplot,22,complexity,0.5043303513703866
42,mobilenet_recplot,23,faithfulness,0.024707797914743423
42,mobilenet_recplot,23,robustness,1.7767647504806519
42,mobilenet_recplot,23,complexity,0.34718773335237935
42,mobilenet_recplot,24,faithfulness,-0.1801488697528839
42,mobilenet_recplot,24,robustness,3.235042095184326
42,mobilenet_recplot,24,complexity,0.4219112849684947
42,mobilenet_recplot,25,faithfulness,0.014504857361316681
42,mobilenet_recplot,25,robustness,4.007258892059326
42,mobilenet_recplot,25,complexity,0.5684694978773812
42,mobilenet_recplot,26,faithfulness,0.12980173528194427
42,mobilenet_recplot,26,robustness,8.092164039611816
42,mobilenet_recplot,26,complexity,0.6977485271767507
42,mobilenet_recplot,27,faithfulness,0.11690101772546768
42,mobilenet_recplot,27,robustness,3.0907883644104004
42,mobilenet_recplot,27,complexity,0.34641055008171023
42,mobilenet_recplot,28,faithfulness,0.3697347044944763
42,mobilenet_recplot,28,robustness,3.6446824073791504
42,mobilenet_recplot,28,complexity,0.3912524154914
42,mobilenet_recplot,29,faithfulness,-0.25030383467674255
42,mobilenet_recplot,29,robustness,5.93748140335083
42,mobilenet_recplot,29,complexity,0.45030878645745787
42,mobilenet_recplot,30,faithfulness,0.26857346296310425
42,mobilenet_recplot,30,robustness,2.783031463623047
42,mobilenet_recplot,30,complexity,0.4168917410421115
42,mobilenet_recplot,31,faithfulness,0.17305105924606323
42,mobilenet_recplot,31,robustness,8.108080863952637
42,mobilenet_recplot,31,complexity,0.6987907057816352
42,mobilenet_recplot,32,faithfulness,0.035870350897312164
42,mobilenet_recplot,32,robustness,6.765529155731201
42,mobilenet_recplot,32,complexity,0.731598838417273
42,mobilenet_recplot,33,faithfulness,0.14146298170089722
42,mobilenet_recplot,33,robustness,4.392487049102783
42,mobilenet_recplot,33,complexity,0.46864044501167923
42,mobilenet_recplot,34,faithfulness,-0.1414959728717804
42,mobilenet_recplot,34,robustness,3.3392395973205566
42,mobilenet_recplot,34,complexity,0.7214834442229304
42,mobilenet_recplot,35,faithfulness,0.23061734437942505
42,mobilenet_recplot,35,robustness,4.615373134613037
42,mobilenet_recplot,35,complexity,0.5755281065406689
42,mobilenet_recplot,36,faithfulness,0.19714033603668213
42,mobilenet_recplot,36,robustness,10.176779747009277
42,mobilenet_recplot,36,complexity,0.7918458818706908
42,mobilenet_recplot,37,faithfulness,-0.23029035329818726
42,mobilenet_recplot,37,robustness,1.765670895576477
42,mobilenet_recplot,37,complexity,0.4271131038886857
42,mobilenet_recplot,38,faithfulness,0.2754632830619812
42,mobilenet_recplot,38,robustness,1.9907493591308594
42,mobilenet_recplot,38,complexity,0.4270215659878112
42,mobilenet_recplot,39,faithfulness,0.2181517481803894
42,mobilenet_recplot,39,robustness,1.3915369510650635
42,mobilenet_recplot,39,complexity,0.3920286234778763
42,mobilenet_recplot,40,faithfulness,0.008670404553413391
42,mobilenet_recplot,40,robustness,3.7787652015686035
42,mobilenet_recplot,40,complexity,0.5679478413109142
42,mobilenet_recplot,41,faithfulness,0.07325125485658646
42,mobilenet_recplot,41,robustness,2.882977247238159
42,mobilenet_recplot,41,complexity,0.44556914820565796
42,mobilenet_recplot,42,faithfulness,-0.03676295280456543
42,mobilenet_recplot,42,robustness,1.908008337020874
42,mobilenet_recplot,42,complexity,0.4634005197975799
42,mobilenet_recplot,43,faithfulness,0.3707049489021301
42,mobilenet_recplot,43,robustness,11.108850479125977
42,mobilenet_recplot,43,complexity,0.7281987651356888
42,mobilenet_recplot,44,faithfulness,0.07793086767196655
42,mobilenet_recplot,44,robustness,2.147726535797119
42,mobilenet_recplot,44,complexity,0.3941666334058237
42,mobilenet_recplot,45,faithfulness,0.19516275823116302
42,mobilenet_recplot,45,robustness,1.4123040437698364
42,mobilenet_recplot,45,complexity,0.4471920113248943
42,effnet_orig,0,faithfulness,-0.02829144522547722
42,effnet_orig,0,robustness,0.9865041375160217
42,effnet_orig,0,complexity,0.4197343246233363
42,effnet_orig,1,faithfulness,0.3730156421661377
42,effnet_orig,1,robustness,5.816519260406494
42,effnet_orig,1,complexity,0.8363240673734316
42,effnet_orig,2,faithfulness,0.2957652807235718
42,effnet_orig,2,robustness,1.1584393978118896
42,effnet_orig,2,complexity,0.6667922614381
42,effnet_orig,3,faithfulness,-0.05506336688995361
42,effnet_orig,3,robustness,0.9714066386222839
42,effnet_orig,3,complexity,0.4011190175065268
42,effnet_orig,4,faithfulness,0.05673332139849663
42,effnet_orig,4,robustness,1.1748141050338745
42,effnet_orig,4,complexity,0.7306366556968171
42,effnet_orig,5,faithfulness,0.02302180975675583
42,effnet_orig,5,robustness,1.430768609046936
42,effnet_orig,5,complexity,0.5578455247261863
42,effnet_orig,6,faithfulness,-0.056004539132118225
42,effnet_orig,6,robustness,1.1089738607406616
42,effnet_orig,6,complexity,0.5824018745619092
42,effnet_orig,7,faithfulness,0.22856402397155762
42,effnet_orig,7,robustness,2.9884872436523438
42,effnet_orig,7,complexity,0.6830410074010194
42,effnet_orig,8,faithfulness,0.17325617372989655
42,effnet_orig,8,robustness,1.0859829187393188
42,effnet_orig,8,complexity,0.5725885466918266
42,effnet_orig,9,faithfulness,0.08087080717086792
42,effnet_orig,9,robustness,0.9982879161834717
42,effnet_orig,9,complexity,0.4050027623171918
42,effnet_orig,10,faithfulness,-0.07683532685041428
42,effnet_orig,10,robustness,6.7119669914245605
42,effnet_orig,10,complexity,0.7662768041329562
42,effnet_orig,11,faithfulness,0.013109199702739716
42,effnet_orig,11,robustness,1.6324397325515747
42,effnet_orig,11,complexity,0.7661312924169601
42,effnet_orig,12,faithfulness,0.19638073444366455
42,effnet_orig,12,robustness,1.0549265146255493
42,effnet_orig,12,complexity,0.8155988805432588
42,effnet_orig,13,faithfulness,0.25277677178382874
42,effnet_orig,13,robustness,1.0011433362960815
42,effnet_orig,13,complexity,0.6893355731541001
42,effnet_orig,14,faithfulness,-0.1191420704126358
42,effnet_orig,14,robustness,1.282450795173645
42,effnet_orig,14,complexity,0.8293829503793185
42,effnet_orig,15,faithfulness,-0.12492093443870544
42,effnet_orig,15,robustness,1.0619970560073853
42,effnet_orig,15,complexity,0.4998335841721489
42,effnet_orig,16,faithfulness,-0.18925505876541138
42,effnet_orig,16,robustness,1.6676653623580933
42,effnet_orig,16,complexity,0.5960937602183423
42,effnet_orig,17,faithfulness,0.4561727046966553
42,effnet_orig,17,robustness,0.9118649363517761
42,effnet_orig,17,complexity,0.802156620631643
42,effnet_orig,18,faithfulness,0.26149624586105347
42,effnet_orig,18,robustness,1.0207840204238892
42,effnet_orig,18,complexity,0.4810406964396699
42,effnet_orig,19,faithfulness,0.057783275842666626
42,effnet_orig,19,robustness,4.549805641174316
42,effnet_orig,19,complexity,0.5093936985271341
42,effnet_orig,20,faithfulness,-0.2307288646697998
42,effnet_orig,20,robustness,5.83402156829834
42,effnet_orig,20,complexity,0.857880279288046
42,effnet_orig,21,faithfulness,0.06816131621599197
42,effnet_orig,21,robustness,5.260894298553467
42,effnet_orig,21,complexity,0.6554575025114202
42,effnet_orig,22,faithfulness,-0.09725873172283173
42,effnet_orig,22,robustness,0.8972011208534241
42,effnet_orig,22,complexity,0.3921589344397638
42,effnet_orig,23,faithfulness,0.02368246763944626
42,effnet_orig,23,robustness,0.8821803331375122
42,effnet_orig,23,complexity,0.3601500010326422
42,effnet_orig,24,faithfulness,-0.04352226108312607
42,effnet_orig,24,robustness,0.8833669424057007
42,effnet_orig,24,complexity,0.33450546515397944
42,effnet_orig,25,faithfulness,0.2991294264793396
42,effnet_orig,25,robustness,0.9209405183792114
42,effnet_orig,25,complexity,0.41863827572352635
42,effnet_orig,26,faithfulness,0.2774799168109894
42,effnet_orig,26,robustness,0.938427746295929
42,effnet_orig,26,complexity,0.43476341462580154
42,effnet_orig,27,faithfulness,-0.10879264026880264
42,effnet_orig,27,robustness,0.9487457871437073
42,effnet_orig,27,complexity,0.42622099710000194
42,effnet_orig,28,faithfulness,0.2039303481578827
42,effnet_orig,28,robustness,1.4122605323791504
42,effnet_orig,28,complexity,0.670194255745233
42,effnet_orig,29,faithfulness,-0.07104767113924026
42,effnet_orig,29,robustness,0.938656210899353
42,effnet_orig,29,complexity,0.4072060816953776
42,effnet_orig,30,faithfulness,0.19043861329555511
42,effnet_orig,30,robustness,0.9407848715782166
42,effnet_orig,30,complexity,0.46684815872261876
42,effnet_orig,31,faithfulness,-0.15276694297790527
42,effnet_orig,31,robustness,0.8665972352027893
42,effnet_orig,31,complexity,0.3890844962373489
42,effnet_orig,32,faithfulness,-0.046379461884498596
42,effnet_orig,32,robustness,0.896773636341095
42,effnet_orig,32,complexity,0.3341433405968758
42,effnet_orig,33,faithfulness,-0.164790078997612
42,effnet_orig,33,robustness,0.937610924243927
42,effnet_orig,33,complexity,0.42722596319900036
42,effnet_orig,34,faithfulness,-0.3188358545303345
42,effnet_orig,34,robustness,0.9324615597724915
42,effnet_orig,34,complexity,0.5062922968314603
42,effnet_orig,35,faithfulness,0.07062467932701111
42,effnet_orig,35,robustness,0.9496269226074219
42,effnet_orig,35,complexity,0.470094120420614
42,effnet_orig,36,faithfulness,0.053855061531066895
42,effnet_orig,36,robustness,0.9277071356773376
42,effnet_orig,36,complexity,0.4791489266364176
42,effnet_orig,37,faithfulness,-0.1992439329624176
42,effnet_orig,37,robustness,0.9403188824653625
42,effnet_orig,37,complexity,0.4413113517778919
42,effnet_orig,38,faithfulness,0.06203995645046234
42,effnet_orig,38,robustness,0.9157874584197998
42,effnet_orig,38,complexity,0.33095460559939643
42,effnet_orig,39,faithfulness,0.2166934311389923
42,effnet_orig,39,robustness,0.9475772976875305
42,effnet_orig,39,complexity,0.5495283784048844
42,effnet_orig,40,faithfulness,-0.25176501274108887
42,effnet_orig,40,robustness,0.9337819814682007
42,effnet_orig,40,complexity,0.558650983189581
42,effnet_orig,41,faithfulness,0.18932609260082245
42,effnet_orig,41,robustness,0.9478327631950378
42,effnet_orig,41,complexity,0.49042078074068796
42,effnet_orig,42,faithfulness,-0.20957908034324646
42,effnet_orig,42,robustness,0.913745105266571
42,effnet_orig,42,complexity,0.42975917611915365
42,effnet_orig,43,faithfulness,-0.12034274637699127
42,effnet_orig,43,robustness,0.8619998693466187
42,effnet_orig,43,complexity,0.35891814493993357
42,effnet_orig,44,faithfulness,-0.24833422899246216
42,effnet_orig,44,robustness,0.9136145710945129
42,effnet_orig,44,complexity,0.3890256183018967
42,effnet_orig,45,faithfulness,-0.0992179811000824
42,effnet_orig,45,robustness,0.9352879524230957
42,effnet_orig,45,complexity,0.39735172030963645
42,effnet_recplot,0,faithfulness,0.36121731996536255
42,effnet_recplot,0,robustness,6.404726505279541
42,effnet_recplot,0,complexity,0.8018564068404009
42,effnet_recplot,1,faithfulness,-0.19102779030799866
42,effnet_recplot,1,robustness,1.0
42,effnet_recplot,1,complexity,0.7045436769938876
42,effnet_recplot,2,faithfulness,0.0568380169570446
42,effnet_recplot,2,robustness,1.0
42,effnet_recplot,2,complexity,0.38429214477225176
42,effnet_recplot,3,faithfulness,0.4004007875919342
42,effnet_recplot,3,robustness,1.0
42,effnet_recplot,3,complexity,0.49470278902103665
42,effnet_recplot,4,faithfulness,0.22196485102176666
42,effnet_recplot,4,robustness,1.3266383409500122
42,effnet_recplot,4,complexity,0.609948087752735
42,effnet_recplot,5,faithfulness,0.23468858003616333
42,effnet_recplot,5,robustness,1.0
42,effnet_recplot,5,complexity,0.5351360902838027
42,effnet_recplot,6,faithfulness,0.1009083092212677
42,effnet_recplot,6,robustness,1.0559313297271729
42,effnet_recplot,6,complexity,0.545316484591587
42,effnet_recplot,7,faithfulness,-0.19292843341827393
42,effnet_recplot,7,robustness,0.9999978542327881
42,effnet_recplot,7,complexity,0.4546156704110726
42,effnet_recplot,8,faithfulness,0.013814345002174377
42,effnet_recplot,8,robustness,1.0788193941116333
42,effnet_recplot,8,complexity,0.4876224045771391
42,effnet_recplot,9,faithfulness,0.10346274822950363
42,effnet_recplot,9,robustness,0.9998982548713684
42,effnet_recplot,9,complexity,0.6040662939286119
42,effnet_recplot,10,faithfulness,0.31661471724510193
42,effnet_recplot,10,robustness,1.0
42,effnet_recplot,10,complexity,0.420272343991823
42,effnet_recplot,11,faithfulness,0.11487603187561035
42,effnet_recplot,11,robustness,2.753009796142578
42,effnet_recplot,11,complexity,0.4251249300807798
42,effnet_recplot,12,faithfulness,0.031626224517822266
42,effnet_recplot,12,robustness,1.6103439331054688
42,effnet_recplot,12,complexity,0.6018739877489085
42,effnet_recplot,13,faithfulness,0.1262354552745819
42,effnet_recplot,13,robustness,1.0
42,effnet_recplot,13,complexity,0.36305914237027964
42,effnet_recplot,14,faithfulness,-0.13099175691604614
42,effnet_recplot,14,robustness,1.0
42,effnet_recplot,14,complexity,0.5263218739041103
42,effnet_recplot,15,faithfulness,-0.0721704512834549
42,effnet_recplot,15,robustness,1.0
42,effnet_recplot,15,complexity,0.5297249565123384
42,effnet_recplot,16,faithfulness,-0.09362637996673584
42,effnet_recplot,16,robustness,1.0
42,effnet_recplot,16,complexity,0.6073729490603804
42,effnet_recplot,17,faithfulness,0.017202802002429962
42,effnet_recplot,17,robustness,1.1941863298416138
42,effnet_recplot,17,complexity,0.4162206942868961
42,effnet_recplot,18,faithfulness,0.20105507969856262
42,effnet_recplot,18,robustness,1.0
42,effnet_recplot,18,complexity,0.5864025068360211
42,effnet_recplot,19,faithfulness,-0.014612734317779541
42,effnet_recplot,19,robustness,1.0
42,effnet_recplot,19,complexity,0.545364301111027
42,effnet_recplot,20,faithfulness,0.0625724047422409
42,effnet_recplot,20,robustness,1.0
42,effnet_recplot,20,complexity,0.5553914041975956
42,effnet_recplot,21,faithfulness,-0.03227917104959488
42,effnet_recplot,21,robustness,1.0
42,effnet_recplot,21,complexity,0.5728104463095237
42,effnet_recplot,22,faithfulness,-0.05296790599822998
42,effnet_recplot,22,robustness,1.3068963289260864
42,effnet_recplot,22,complexity,0.7180019441706056
42,effnet_recplot,23,faithfulness,-0.024949349462985992
42,effnet_recplot,23,robustness,1.43336021900177
42,effnet_recplot,23,complexity,0.4835954603094648
42,effnet_recplot,24,faithfulness,0.20448635518550873
42,effnet_recplot,24,robustness,1.7468801736831665
42,effnet_recplot,24,complexity,0.5316264828670019
42,effnet_recplot,25,faithfulness,0.07306463271379471
42,effnet_recplot,25,robustness,1.0676323175430298
42,effnet_recplot,25,complexity,0.5258051586737915
42,effnet_recplot,26,faithfulness,-0.00623505562543869
42,effnet_recplot,26,robustness,6.201045513153076
42,effnet_recplot,26,complexity,0.7596283343478464
42,effnet_recplot,27,faithfulness,0.41053473949432373
42,effnet_recplot,27,robustness,1.086991310119629
42,effnet_recplot,27,complexity,0.6402832810574849
42,effnet_recplot,28,faithfulness,0.40173619985580444
42,effnet_recplot,28,robustness,3.4853827953338623
42,effnet_recplot,28,complexity,0.7103436435963139
42,effnet_recplot,29,faithfulness,0.41039472818374634
42,effnet_recplot,29,robustness,0.96488356590271
42,effnet_recplot,29,complexity,0.6608004813610746
42,effnet_recplot,30,faithfulness,0.16683822870254517
42,effnet_recplot,30,robustness,1.1815615892410278
42,effnet_recplot,30,complexity,0.6069243413675653
42,effnet_recplot,31,faithfulness,-0.1356840431690216
42,effnet_recplot,31,robustness,0.9999105334281921
42,effnet_recplot,31,complexity,0.5846637153835644
42,effnet_recplot,32,faithfulness,-0.21694473922252655
42,effnet_recplot,32,robustness,17.460262298583984
42,effnet_recplot,32,complexity,0.7565186863331655
42,effnet_recplot,33,faithfulness,0.24205026030540466
42,effnet_recplot,33,robustness,1.021560788154602
42,effnet_recplot,33,complexity,0.47919557228676385
42,effnet_recplot,34,faithfulness,-0.15343214571475983
42,effnet_recplot,34,robustness,10.130086898803711
42,effnet_recplot,34,complexity,0.8690664280547414
42,effnet_recplot,35,faithfulness,0.21463695168495178
42,effnet_recplot,35,robustness,2.2416176795959473
42,effnet_recplot,35,complexity,0.8191670029893797
42,effnet_recplot,36,faithfulness,0.08901387453079224
42,effnet_recplot,36,robustness,3.8757615089416504
42,effnet_recplot,36,complexity,0.8041799967669401
42,effnet_recplot,37,faithfulness,-0.09566641598939896
42,effnet_recplot,37,robustness,1.3861693143844604
42,effnet_recplot,37,complexity,0.41746992743152206
42,effnet_recplot,38,faithfulness,-0.07534351199865341
42,effnet_recplot,38,robustness,1.4299490451812744
42,effnet_recplot,38,complexity,0.44468284656787144
42,effnet_recplot,39,faithfulness,0.0717371255159378
42,effnet_recplot,39,robustness,0.9502133131027222
42,effnet_recplot,39,complexity,0.41311269558904185
42,effnet_recplot,40,faithfulness,0.11772259324789047
42,effnet_recplot,40,robustness,1.0184171199798584
42,effnet_recplot,40,complexity,0.7792727963632466
42,effnet_recplot,41,faithfulness,0.005451902747154236
42,effnet_recplot,41,robustness,1.5675878524780273
42,effnet_recplot,41,complexity,0.7023316668300054
42,effnet_recplot,42,faithfulness,-0.005100324749946594
42,effnet_recplot,42,robustness,1.0185866355895996
42,effnet_recplot,42,complexity,0.7015551680715629
42,effnet_recplot,43,faithfulness,0.48419344425201416
42,effnet_recplot,43,robustness,5.79811429977417
42,effnet_recplot,43,complexity,0.7021436220524466
42,effnet_recplot,44,faithfulness,-0.03378179669380188
42,effnet_recplot,44,robustness,1.183646559715271
42,effnet_recplot,44,complexity,0.3809978144992264
42,effnet_recplot,45,faithfulness,-0.1409085988998413
42,effnet_recplot,45,robustness,1.2619969844818115
42,effnet_recplot,45,complexity,0.5089677518591792
65,mobilenet_orig,0,faithfulness,-0.480388879776001
65,mobilenet_orig,0,robustness,0.7709731459617615
65,mobilenet_orig,0,complexity,0.6321775305388799
65,mobilenet_orig,1,faithfulness,-0.0798519179224968
65,mobilenet_orig,1,robustness,0.6967256665229797
65,mobilenet_orig,1,complexity,0.7260716224605349
65,mobilenet_orig,2,faithfulness,0.39737704396247864
65,mobilenet_orig,2,robustness,0.9985544681549072
65,mobilenet_orig,2,complexity,0.6911183472162097
65,mobilenet_orig,3,faithfulness,0.01009579747915268
65,mobilenet_orig,3,robustness,0.7160521745681763
65,mobilenet_orig,3,complexity,0.6428772124060858
65,mobilenet_orig,4,faithfulness,-0.12949517369270325
65,mobilenet_orig,4,robustness,1.303558111190796
65,mobilenet_orig,4,complexity,0.7110315388410977
65,mobilenet_orig,5,faithfulness,0.15569879114627838
65,mobilenet_orig,5,robustness,1.13736093044281
65,mobilenet_orig,5,complexity,0.5560905661501714
65,mobilenet_orig,6,faithfulness,-0.11697657406330109
65,mobilenet_orig,6,robustness,1.0172938108444214
65,mobilenet_orig,6,complexity,0.6195649178619564
65,mobilenet_orig,7,faithfulness,-0.048259276896715164
65,mobilenet_orig,7,robustness,1.059248685836792
65,mobilenet_orig,7,complexity,0.6606082576303579
65,mobilenet_orig,8,faithfulness,0.19493848085403442
65,mobilenet_orig,8,robustness,0.7799537181854248
65,mobilenet_orig,8,complexity,0.565175590098051
65,mobilenet_orig,9,faithfulness,0.18755021691322327
65,mobilenet_orig,9,robustness,1.4461419582366943
65,mobilenet_orig,9,complexity,0.7128826615012654
65,mobilenet_orig,10,faithfulness,-0.15062445402145386
65,mobilenet_orig,10,robustness,2.782938241958618
65,mobilenet_orig,10,complexity,0.7459261746790798
65,mobilenet_orig,11,faithfulness,0.303253173828125
65,mobilenet_orig,11,robustness,1.0377634763717651
65,mobilenet_orig,11,complexity,0.6823424837460188
65,mobilenet_orig,12,faithfulness,0.16269943118095398
65,mobilenet_orig,12,robustness,0.7679517269134521
65,mobilenet_orig,12,complexity,0.7341765988287062
65,mobilenet_orig,13,faithfulness,-0.08774974942207336
65,mobilenet_orig,13,robustness,0.9775113463401794
65,mobilenet_orig,13,complexity,0.6571357419835039
65,mobilenet_orig,14,faithfulness,-0.02443346381187439
65,mobilenet_orig,14,robustness,0.6644526720046997
65,mobilenet_orig,14,complexity,0.5570279039242289
65,mobilenet_orig,15,faithfulness,0.05630151182413101
65,mobilenet_orig,15,robustness,1.1289608478546143
65,mobilenet_orig,15,complexity,0.7355017974061177
65,mobilenet_orig,16,faithfulness,0.005967691540718079
65,mobilenet_orig,16,robustness,0.7351770997047424
65,mobilenet_orig,16,complexity,0.610358152666712
65,mobilenet_orig,17,faithfulness,-0.09498568624258041
65,mobilenet_orig,17,robustness,1.1689774990081787
65,mobilenet_orig,17,complexity,0.8209327901430498
65,mobilenet_orig,18,faithfulness,0.13913926482200623
65,mobilenet_orig,18,robustness,0.9012460112571716
65,mobilenet_orig,18,complexity,0.7551287024793502
65,mobilenet_orig,19,faithfulness,0.25980228185653687
65,mobilenet_orig,19,robustness,0.8644289374351501
65,mobilenet_orig,19,complexity,0.7179628676429006
65,mobilenet_orig,20,faithfulness,0.5542327165603638
65,mobilenet_orig,20,robustness,1.510892629623413
65,mobilenet_orig,20,complexity,0.7323768534268235
65,mobilenet_orig,21,faithfulness,0.19323454797267914
65,mobilenet_orig,21,robustness,1.8265548944473267
65,mobilenet_orig,21,complexity,0.6773297600953493
65,mobilenet_orig,22,faithfulness,-0.36571118235588074
65,mobilenet_orig,22,robustness,0.995414674282074
65,mobilenet_orig,22,complexity,0.5418927296223272
65,mobilenet_orig,23,faithfulness,-0.08116795122623444
65,mobilenet_orig,23,robustness,0.909274697303772
65,mobilenet_orig,23,complexity,0.473390290422638
65,mobilenet_orig,24,faithfulness,-0.06791792809963226
65,mobilenet_orig,24,robustness,0.9403524398803711
65,mobilenet_orig,24,complexity,0.4530022247363475
65,mobilenet_orig,25,faithfulness,-0.22401046752929688
65,mobilenet_orig,25,robustness,0.7689333558082581
65,mobilenet_orig,25,complexity,0.5506517470015319
65,mobilenet_orig,26,faithfulness,0.12362128496170044
65,mobilenet_orig,26,robustness,0.9851967096328735
65,mobilenet_orig,26,complexity,0.5450190639077764
65,mobilenet_orig,27,faithfulness,-0.04599256440997124
65,mobilenet_orig,27,robustness,2.9720351696014404
65,mobilenet_orig,27,complexity,0.5229606302440625
65,mobilenet_orig,28,faithfulness,0.22853495180606842
65,mobilenet_orig,28,robustness,2.7458865642547607
65,mobilenet_orig,28,complexity,0.7412943081145767
65,mobilenet_orig,29,faithfulness,-0.043309539556503296
65,mobilenet_orig,29,robustness,1.3025262355804443
65,mobilenet_orig,29,complexity,0.6279420745159312
65,mobilenet_orig,30,faithfulness,-0.038895994424819946
65,mobilenet_orig,30,robustness,1.0984790325164795
65,mobilenet_orig,30,complexity,0.6755352436711893
65,mobilenet_orig,31,faithfulness,0.08952781558036804
65,mobilenet_orig,31,robustness,0.9315447211265564
65,mobilenet_orig,31,complexity,0.48749560287802957
65,mobilenet_orig,32,faithfulness,0.13811638951301575
65,mobilenet_orig,32,robustness,0.9806787967681885
65,mobilenet_orig,32,complexity,0.5560801546084793
65,mobilenet_orig,33,faithfulness,-0.029751814901828766
65,mobilenet_orig,33,robustness,0.9545004963874817
65,mobilenet_orig,33,complexity,0.5012606646685074
65,mobilenet_orig,34,faithfulness,0.2870429754257202
65,mobilenet_orig,34,robustness,0.859018087387085
65,mobilenet_orig,34,complexity,0.4750461792071419
65,mobilenet_orig,35,faithfulness,0.16332979500293732
65,mobilenet_orig,35,robustness,0.7838117480278015
65,mobilenet_orig,35,complexity,0.5936596029569561
65,mobilenet_orig,36,faithfulness,0.11481532454490662
65,mobilenet_orig,36,robustness,0.8286677598953247
65,mobilenet_orig,36,complexity,0.692625792829095
65,mobilenet_orig,37,faithfulness,0.06497752666473389
65,mobilenet_orig,37,robustness,0.7225722670555115
65,mobilenet_orig,37,complexity,0.5142004244851021
65,mobilenet_orig,38,faithfulness,-0.07876944541931152
65,mobilenet_orig,38,robustness,0.713578999042511
65,mobilenet_orig,38,complexity,0.6429318103876195
65,mobilenet_orig,39,faithfulness,0.17362450063228607
65,mobilenet_orig,39,robustness,0.8124617338180542
65,mobilenet_orig,39,complexity,0.6268126372124292
65,mobilenet_orig,40,faithfulness,0.19928336143493652
65,mobilenet_orig,40,robustness,0.9258174896240234
65,mobilenet_orig,40,complexity,0.5342693922792754
65,mobilenet_orig,41,faithfulness,-0.30514276027679443
65,mobilenet_orig,41,robustness,0.8125976324081421
65,mobilenet_orig,41,complexity,0.4679552131870701
65,mobilenet_orig,42,faithfulness,0.1835865080356598
65,mobilenet_orig,42,robustness,0.6356045007705688
65,mobilenet_orig,42,complexity,0.5119274215192581
65,mobilenet_orig,43,faithfulness,0.2719287574291229
65,mobilenet_orig,43,robustness,0.7418761849403381
65,mobilenet_orig,43,complexity,0.6632167441282386
65,mobilenet_orig,44,faithfulness,-0.1643998771905899
65,mobilenet_orig,44,robustness,0.8534138798713684
65,mobilenet_orig,44,complexity,0.5112291195471416
65,mobilenet_orig,45,faithfulness,0.008655577898025513
65,mobilenet_orig,45,robustness,0.5606125593185425
65,mobilenet_orig,45,complexity,0.557239800086994
65,mobilenet_recplot,0,faithfulness,0.2377665638923645
65,mobilenet_recplot,0,robustness,1.012648344039917
65,mobilenet_recplot,0,complexity,0.8065612029029647
65,mobilenet_recplot,1,faithfulness,-0.03387395292520523
65,mobilenet_recplot,1,robustness,1.0027587413787842
65,mobilenet_recplot,1,complexity,0.74888363882809
65,mobilenet_recplot,2,faithfulness,-0.13090065121650696
65,mobilenet_recplot,2,robustness,0.9966691732406616
65,mobilenet_recplot,2,complexity,0.5312767142216418
65,mobilenet_recplot,3,faithfulness,-0.11509567499160767
65,mobilenet_recplot,3,robustness,0.9994987845420837
65,mobilenet_recplot,3,complexity,0.5865626431498414
65,mobilenet_recplot,4,faithfulness,0.09294342994689941
65,mobilenet_recplot,4,robustness,1.0
65,mobilenet_recplot,4,complexity,0.6215069799738573
65,mobilenet_recplot,5,faithfulness,-0.13555705547332764
65,mobilenet_recplot,5,robustness,0.9998398423194885
65,mobilenet_recplot,5,complexity,0.6234361719587931
65,mobilenet_recplot,6,faithfulness,-0.09374160319566727
65,mobilenet_recplot,6,robustness,0.9991584420204163
65,mobilenet_recplot,6,complexity,0.601464164235954
65,mobilenet_recplot,7,faithfulness,0.006109621375799179
65,mobilenet_recplot,7,robustness,0.9984241724014282
65,mobilenet_recplot,7,complexity,0.5856492739859909
65,mobilenet_recplot,8,faithfulness,-0.08538942039012909
65,mobilenet_recplot,8,robustness,1.0000412464141846
65,mobilenet_recplot,8,complexity,0.6911449687553599
65,mobilenet_recplot,9,faithfulness,0.13840490579605103
65,mobilenet_recplot,9,robustness,0.999873697757721
65,mobilenet_recplot,9,complexity,0.639670969069612
65,mobilenet_recplot,10,faithfulness,-0.17954710125923157
65,mobilenet_recplot,10,robustness,1.0510021448135376
65,mobilenet_recplot,10,complexity,0.5582202835848306
65,mobilenet_recplot,11,faithfulness,-0.05082022398710251
65,mobilenet_recplot,11,robustness,0.9999419450759888
65,mobilenet_recplot,11,complexity,0.5099184666927028
65,mobilenet_recplot,12,faithfulness,-0.03379327803850174
65,mobilenet_recplot,12,robustness,1.0003862380981445
65,mobilenet_recplot,12,complexity,0.7478414960141142
65,mobilenet_recplot,13,faithfulness,-0.24579285085201263
65,mobilenet_recplot,13,robustness,0.9712568521499634
65,mobilenet_recplot,13,complexity,0.5698383216163475
65,mobilenet_recplot,14,faithfulness,0.29859116673469543
65,mobilenet_recplot,14,robustness,0.9987491369247437
65,mobilenet_recplot,14,complexity,0.6377155859352807
65,mobilenet_recplot,15,faithfulness,-0.03300860524177551
65,mobilenet_recplot,15,robustness,0.9949474334716797
65,mobilenet_recplot,15,complexity,0.6298432557546874
65,mobilenet_recplot,16,faithfulness,0.30589205026626587
65,mobilenet_recplot,16,robustness,0.9829515814781189
65,mobilenet_recplot,16,complexity,0.8223846686320677
65,mobilenet_recplot,17,faithfulness,0.1796002984046936
65,mobilenet_recplot,17,robustness,0.995425283908844
65,mobilenet_recplot,17,complexity,0.5269251095949119
65,mobilenet_recplot,18,faithfulness,0.4011639356613159
65,mobilenet_recplot,18,robustness,1.0014606714248657
65,mobilenet_recplot,18,complexity,0.7683020950020717
65,mobilenet_recplot,19,faithfulness,0.2101346254348755
65,mobilenet_recplot,19,robustness,0.9993903636932373
65,mobilenet_recplot,19,complexity,0.6070946264682981
65,mobilenet_recplot,20,faithfulness,0.1024322658777237
65,mobilenet_recplot,20,robustness,0.998948335647583
65,mobilenet_recplot,20,complexity,0.5163355565169557
65,mobilenet_recplot,21,faithfulness,-0.25333645939826965
65,mobilenet_recplot,21,robustness,0.9908417463302612
65,mobilenet_recplot,21,complexity,0.6268847444145961
65,mobilenet_recplot,22,faithfulness,0.1574142426252365
65,mobilenet_recplot,22,robustness,3.484863758087158
65,mobilenet_recplot,22,complexity,0.5367235758212915
65,mobilenet_recplot,23,faithfulness,0.041280947625637054
65,mobilenet_recplot,23,robustness,1.116930603981018
65,mobilenet_recplot,23,complexity,0.3145414895834132
65,mobilenet_recplot,24,faithfulness,-0.2319992035627365
65,mobilenet_recplot,24,robustness,1.4200485944747925
65,mobilenet_recplot,24,complexity,0.408176986423984
65,mobilenet_recplot,25,faithfulness,0.12106078118085861
65,mobilenet_recplot,25,robustness,2.5992932319641113
65,mobilenet_recplot,25,complexity,0.6293183228257014
65,mobilenet_recplot,26,faithfulness,0.02389754354953766
65,mobilenet_recplot,26,robustness,2.820352077484131
65,mobilenet_recplot,26,complexity,0.719569080517004
65,mobilenet_recplot,27,faithfulness,-0.13697534799575806
65,mobilenet_recplot,27,robustness,1.675756573677063
65,mobilenet_recplot,27,complexity,0.4094098617908094
65,mobilenet_recplot,28,faithfulness,-0.04528006538748741
65,mobilenet_recplot,28,robustness,2.159820556640625
65,mobilenet_recplot,28,complexity,0.4573038912039087
65,mobilenet_recplot,29,faithfulness,-0.06068797409534454
65,mobilenet_recplot,29,robustness,3.1197123527526855
65,mobilenet_recplot,29,complexity,0.3954836803874122
65,mobilenet_recplot,30,faithfulness,0.20387524366378784
65,mobilenet_recplot,30,robustness,1.9513070583343506
65,mobilenet_recplot,30,complexity,0.46858239203387086
65,mobilenet_recplot,31,faithfulness,0.07238586246967316
65,mobilenet_recplot,31,robustness,2.8601272106170654
65,mobilenet_recplot,31,complexity,0.640716423615612
65,mobilenet_recplot,32,faithfulness,0.002601340413093567
65,mobilenet_recplot,32,robustness,3.666788101196289
65,mobilenet_recplot,32,complexity,0.6566511780415545
65,mobilenet_recplot,33,faithfulness,0.18622884154319763
65,mobilenet_recplot,33,robustness,3.411280393600464
65,mobilenet_recplot,33,complexity,0.5710278270663973
65,mobilenet_recplot,34,faithfulness,-0.10743053257465363
65,mobilenet_recplot,34,robustness,1.3986337184906006
65,mobilenet_recplot,34,complexity,0.6779160870256066
65,mobilenet_recplot,35,faithfulness,0.15232740342617035
65,mobilenet_recplot,35,robustness,3.1353118419647217
65,mobilenet_recplot,35,complexity,0.5613918681319116
65,mobilenet_recplot,36,faithfulness,0.15889573097229004
65,mobilenet_recplot,36,robustness,10.055937767028809
65,mobilenet_recplot,36,complexity,0.6085483575106804
65,mobilenet_recplot,37,faithfulness,0.27410075068473816
65,mobilenet_recplot,37,robustness,1.1308679580688477
65,mobilenet_recplot,37,complexity,0.40745946553454165
65,mobilenet_recplot,38,faithfulness,0.08409903198480606
65,mobilenet_recplot,38,robustness,0.7963781356811523
65,mobilenet_recplot,38,complexity,0.48082350616048664
65,mobilenet_recplot,39,faithfulness,0.33309391140937805
65,mobilenet_recplot,39,robustness,0.8185211420059204
65,mobilenet_recplot,39,complexity,0.4583294446471639
65,mobilenet_recplot,40,faithfulness,-0.028466735035181046
65,mobilenet_recplot,40,robustness,1.4238266944885254
65,mobilenet_recplot,40,complexity,0.5355245675635757
65,mobilenet_recplot,41,faithfulness,0.17724765837192535
65,mobilenet_recplot,41,robustness,1.0229206085205078
65,mobilenet_recplot,41,complexity,0.5514943491965659
65,mobilenet_recplot,42,faithfulness,0.12805768847465515
65,mobilenet_recplot,42,robustness,1.056933045387268
65,mobilenet_recplot,42,complexity,0.46090511268121265
65,mobilenet_recplot,43,faithfulness,0.004959225654602051
65,mobilenet_recplot,43,robustness,5.0371575355529785
65,mobilenet_recplot,43,complexity,0.5967754597320685
65,mobilenet_recplot,44,faithfulness,-0.18116283416748047
65,mobilenet_recplot,44,robustness,0.9147021174430847
65,mobilenet_recplot,44,complexity,0.47862046496810096
65,mobilenet_recplot,45,faithfulness,-0.286689817905426
65,mobilenet_recplot,45,robustness,0.8541702032089233
65,mobilenet_recplot,45,complexity,0.5070771961043467
65,effnet_orig,0,faithfulness,0.3598887324333191
65,effnet_orig,0,robustness,1.2598658800125122
65,effnet_orig,0,complexity,0.47484310756640724
65,effnet_orig,1,faithfulness,0.29058194160461426
65,effnet_orig,1,robustness,3.512087345123291
65,effnet_orig,1,complexity,0.5748442439226705
65,effnet_orig,2,faithfulness,0.44593730568885803
65,effnet_orig,2,robustness,1.111984372138977
65,effnet_orig,2,complexity,0.672783992639865
65,effnet_orig,3,faithfulness,-0.0053199827671051025
65,effnet_orig,3,robustness,0.8250495195388794
65,effnet_orig,3,complexity,0.3960629963228983
65,effnet_orig,4,faithfulness,0.23287595808506012
65,effnet_orig,4,robustness,3.427079439163208
65,effnet_orig,4,complexity,0.7208496006617581
65,effnet_orig,5,faithfulness,-0.06777162104845047
65,effnet_orig,5,robustness,0.9493324160575867
65,effnet_orig,5,complexity,0.4825135127738666
65,effnet_orig,6,faithfulness,0.16249492764472961
65,effnet_orig,6,robustness,0.9157617688179016
65,effnet_orig,6,complexity,0.5748707593109971
65,effnet_orig,7,faithfulness,0.01835785061120987
65,effnet_orig,7,robustness,2.2539305686950684
65,effnet_orig,7,complexity,0.5359729257558541
65,effnet_orig,8,faithfulness,0.05672934651374817
65,effnet_orig,8,robustness,0.9168972373008728
65,effnet_orig,8,complexity,0.5368399446698187
65,effnet_orig,9,faithfulness,0.16538958251476288
65,effnet_orig,9,robustness,1.0249725580215454
65,effnet_orig,9,complexity,0.5885406078957736
65,effnet_orig,10,faithfulness,0.06850288063287735
65,effnet_orig,10,robustness,10.425568580627441
65,effnet_orig,10,complexity,0.7057245745753933
65,effnet_orig,11,faithfulness,0.004773758351802826
65,effnet_orig,11,robustness,9.507022857666016
65,effnet_orig,11,complexity,0.6586163558579171
65,effnet_orig,12,faithfulness,0.1378197818994522
65,effnet_orig,12,robustness,2.8408432006835938
65,effnet_orig,12,complexity,0.5691733870625444
65,effnet_orig,13,faithfulness,0.40131497383117676
65,effnet_orig,13,robustness,0.9736705422401428
65,effnet_orig,13,complexity,0.7258605497862202
65,effnet_orig,14,faithfulness,0.12548890709877014
65,effnet_orig,14,robustness,6.536856651306152
65,effnet_orig,14,complexity,0.573862136766937
65,effnet_orig,15,faithfulness,0.0356132835149765
65,effnet_orig,15,robustness,1.9731097221374512
65,effnet_orig,15,complexity,0.6227722346117119
65,effnet_orig,16,faithfulness,0.3414737582206726
65,effnet_orig,16,robustness,1.855316400527954
65,effnet_orig,16,complexity,0.5495863576698535
65,effnet_orig,17,faithfulness,-0.18650880455970764
65,effnet_orig,17,robustness,3.389295816421509
65,effnet_orig,17,complexity,0.6910853345375413
65,effnet_orig,18,faithfulness,0.028368636965751648
65,effnet_orig,18,robustness,3.87123703956604
65,effnet_orig,18,complexity,0.5944315112236375
65,effnet_orig,19,faithfulness,-0.05167775973677635
65,effnet_orig,19,robustness,1.771228551864624
65,effnet_orig,19,complexity,0.4502857089694824
65,effnet_orig,20,faithfulness,-0.014965798705816269
65,effnet_orig,20,robustness,2.8433146476745605
65,effnet_orig,20,complexity,0.7235725042169032
65,effnet_orig,21,faithfulness,0.00848318636417389
65,effnet_orig,21,robustness,6.484933853149414
65,effnet_orig,21,complexity,0.6434819108112417
65,effnet_orig,22,faithfulness,0.1942751407623291
65,effnet_orig,22,robustness,0.9789984226226807
65,effnet_orig,22,complexity,0.4586896397809156
65,effnet_orig,23,faithfulness,-0.025887012481689453
65,effnet_orig,23,robustness,0.9903484582901001
65,effnet_orig,23,complexity,0.5647119498854715
65,effnet_orig,24,faithfulness,0.05305074155330658
65,effnet_orig,24,robustness,0.9927172064781189
65,effnet_orig,24,complexity,0.5348204162902961
65,effnet_orig,25,faithfulness,0.17499132454395294
65,effnet_orig,25,robustness,0.9872269630432129
65,effnet_orig,25,complexity,0.5275451034589886
65,effnet_orig,26,faithfulness,0.011881476268172264
65,effnet_orig,26,robustness,1.0054445266723633
65,effnet_orig,26,complexity,0.5668453973366079
65,effnet_orig,27,faithfulness,-0.2715126574039459
65,effnet_orig,27,robustness,0.9598871469497681
65,effnet_orig,27,complexity,0.4600792430756827
65,effnet_orig,28,faithfulness,0.17083695530891418
65,effnet_orig,28,robustness,0.9908329248428345
65,effnet_orig,28,complexity,0.6961828592681953
65,effnet_orig,29,faithfulness,-0.3035798668861389
65,effnet_orig,29,robustness,0.9965180158615112
65,effnet_orig,29,complexity,0.5418811490943682
65,effnet_orig,30,faithfulness,0.16711673140525818
65,effnet_orig,30,robustness,0.9576926827430725
65,effnet_orig,30,complexity,0.46426005097582956
65,effnet_orig,31,faithfulness,0.10325166583061218
65,effnet_orig,31,robustness,0.9779592752456665
65,effnet_orig,31,complexity,0.41699527038737744
65,effnet_orig,32,faithfulness,0.3816409111022949
65,effnet_orig,32,robustness,0.9856312870979309
65,effnet_orig,32,complexity,0.5176245243284793
65,effnet_orig,33,faithfulness,0.06654985249042511
65,effnet_orig,33,robustness,0.9996715188026428
65,effnet_orig,33,complexity,0.4818779948191415
65,effnet_orig,34,faithfulness,-0.08967465162277222
65,effnet_orig,34,robustness,0.991388738155365
65,effnet_orig,34,complexity,0.4985080028354946
65,effnet_orig,35,faithfulness,0.025499597191810608
65,effnet_orig,35,robustness,0.9877304434776306
65,effnet_orig,35,complexity,0.5155879041590709
65,effnet_orig,36,faithfulness,-0.07313624024391174
65,effnet_orig,36,robustness,0.9990337491035461
65,effnet_orig,36,complexity,0.4893294807302589
65,effnet_orig,37,faithfulness,-0.1896909475326538
65,effnet_orig,37,robustness,0.9940104484558105
65,effnet_orig,37,complexity,0.474863555328738
65,effnet_orig,38,faithfulness,-0.3588186502456665
65,effnet_orig,38,robustness,0.9916856288909912
65,effnet_orig,38,complexity,0.36810236970353183
65,effnet_orig,39,faithfulness,0.02549757808446884
65,effnet_orig,39,robustness,0.9974181652069092
65,effnet_orig,39,complexity,0.5619361626508773
65,effnet_orig,40,faithfulness,-0.3723311424255371
65,effnet_orig,40,robustness,0.9674312472343445
65,effnet_orig,40,complexity,0.5418393235693716
65,effnet_orig,41,faithfulness,0.04004935920238495
65,effnet_orig,41,robustness,0.9835455417633057
65,effnet_orig,41,complexity,0.4503014666636683
65,effnet_orig,42,faithfulness,0.16807085275650024
65,effnet_orig,42,robustness,0.9639645218849182
65,effnet_orig,42,complexity,0.6225535228262454
65,effnet_orig,43,faithfulness,-0.16185219585895538
65,effnet_orig,43,robustness,0.9741337895393372
65,effnet_orig,43,complexity,0.41919293619601944
65,effnet_orig,44,faithfulness,-0.13514050841331482
65,effnet_orig,44,robustness,0.9948355555534363
65,effnet_orig,44,complexity,0.5240336942284236
65,effnet_orig,45,faithfulness,-0.4097575545310974
65,effnet_orig,45,robustness,0.9926177859306335
65,effnet_orig,45,complexity,0.5145406838414562
65,effnet_recplot,0,faithfulness,0.2330467253923416
65,effnet_recplot,0,robustness,5.201469421386719
65,effnet_recplot,0,complexity,0.540002607392384
65,effnet_recplot,1,faithfulness,-0.3484645485877991
65,effnet_recplot,1,robustness,1.0
65,effnet_recplot,1,complexity,0.6840797746834492
65,effnet_recplot,2,faithfulness,-0.31612032651901245
65,effnet_recplot,2,robustness,1.0
65,effnet_recplot,2,complexity,0.5529499345585008
65,effnet_recplot,3,faithfulness,-0.1864372342824936
65,effnet_recplot,3,robustness,1.0
65,effnet_recplot,3,complexity,0.5742170523842486
65,effnet_recplot,4,faithfulness,0.3881767690181732
65,effnet_recplot,4,robustness,1.0
65,effnet_recplot,4,complexity,0.5930698830610001
65,effnet_recplot,5,faithfulness,0.1669379472732544
65,effnet_recplot,5,robustness,1.0
65,effnet_recplot,5,complexity,0.658073472113691
65,effnet_recplot,6,faithfulness,-0.16562917828559875
65,effnet_recplot,6,robustness,1.0
65,effnet_recplot,6,complexity,0.5019690659064993
65,effnet_recplot,7,faithfulness,-0.1464269906282425
65,effnet_recplot,7,robustness,1.0
65,effnet_recplot,7,complexity,0.6355163560939454
65,effnet_recplot,8,faithfulness,0.03932420536875725
65,effnet_recplot,8,robustness,1.0165008306503296
65,effnet_recplot,8,complexity,0.6976698500480798
65,effnet_recplot,9,faithfulness,-0.1904790997505188
65,effnet_recplot,9,robustness,1.0007665157318115
65,effnet_recplot,9,complexity,0.6129445374630861
65,effnet_recplot,10,faithfulness,0.0493970662355423
65,effnet_recplot,10,robustness,1.1768810749053955
65,effnet_recplot,10,complexity,0.6059279112550678
65,effnet_recplot,11,faithfulness,0.15630404651165009
65,effnet_recplot,11,robustness,1.0
65,effnet_recplot,11,complexity,0.677440139956285
65,effnet_recplot,12,faithfulness,-0.21712002158164978
65,effnet_recplot,12,robustness,1.998144507408142
65,effnet_recplot,12,complexity,0.7894712608017317
65,effnet_recplot,13,faithfulness,0.28691768646240234
65,effnet_recplot,13,robustness,1.4976364374160767
65,effnet_recplot,13,complexity,0.6397412185175134
65,effnet_recplot,14,faithfulness,-0.027143601328134537
65,effnet_recplot,14,robustness,1.0037956237792969
65,effnet_recplot,14,complexity,0.6349815156999691
65,effnet_recplot,15,faithfulness,-0.34583279490470886
65,effnet_recplot,15,robustness,1.0
65,effnet_recplot,15,complexity,0.5622870170663692
65,effnet_recplot,16,faithfulness,0.12411821633577347
65,effnet_recplot,16,robustness,1.2577497959136963
65,effnet_recplot,16,complexity,0.7637807835961713
65,effnet_recplot,17,faithfulness,-0.167848140001297
65,effnet_recplot,17,robustness,1.1234687566757202
65,effnet_recplot,17,complexity,0.6701876181865689
65,effnet_recplot,18,faithfulness,-0.001588284969329834
65,effnet_recplot,18,robustness,1.0
65,effnet_recplot,18,complexity,0.6654297418578574
65,effnet_recplot,19,faithfulness,-0.09938719868659973
65,effnet_recplot,19,robustness,1.0
65,effnet_recplot,19,complexity,0.5926325634629674
65,effnet_recplot,20,faithfulness,0.03362332284450531
65,effnet_recplot,20,robustness,0.9999009966850281
65,effnet_recplot,20,complexity,0.45093822227111613
65,effnet_recplot,21,faithfulness,-0.10962346196174622
65,effnet_recplot,21,robustness,1.0950201749801636
65,effnet_recplot,21,complexity,0.7820432431384243
65,effnet_recplot,22,faithfulness,0.0943782851099968
65,effnet_recplot,22,robustness,1.0
65,effnet_recplot,22,complexity,0.6518223724098132
65,effnet_recplot,23,faithfulness,-0.1232747882604599
65,effnet_recplot,23,robustness,0.9420731067657471
65,effnet_recplot,23,complexity,0.45514958444862835
65,effnet_recplot,24,faithfulness,0.2682552933692932
65,effnet_recplot,24,robustness,1.7463085651397705
65,effnet_recplot,24,complexity,0.3650796246055338
65,effnet_recplot,25,faithfulness,-0.09137693047523499
65,effnet_recplot,25,robustness,0.9999933838844299
65,effnet_recplot,25,complexity,0.5252396512260696
65,effnet_recplot,26,faithfulness,0.015847019851207733
65,effnet_recplot,26,robustness,0.9998013973236084
65,effnet_recplot,26,complexity,0.4796544334530887
65,effnet_recplot,27,faithfulness,0.10267825424671173
65,effnet_recplot,27,robustness,1.0
65,effnet_recplot,27,complexity,0.41408976804135667
65,effnet_recplot,28,faithfulness,0.23924855887889862
65,effnet_recplot,28,robustness,1.969250202178955
65,effnet_recplot,28,complexity,0.30537602091778426
65,effnet_recplot,29,faithfulness,-0.20394030213356018
65,effnet_recplot,29,robustness,1.2793495655059814
65,effnet_recplot,29,complexity,0.29486097540958767
65,effnet_recplot,30,faithfulness,-0.19932417571544647
65,effnet_recplot,30,robustness,1.0
65,effnet_recplot,30,complexity,0.3194125393715678
65,effnet_recplot,31,faithfulness,-0.29195237159729004
65,effnet_recplot,31,robustness,8.443413734436035
65,effnet_recplot,31,complexity,0.48998337460137303
65,effnet_recplot,32,faithfulness,0.002548694610595703
65,effnet_recplot,32,robustness,2.22961688041687
65,effnet_recplot,32,complexity,0.8256186914498165
65,effnet_recplot,33,faithfulness,0.14671766757965088
65,effnet_recplot,33,robustness,4.997159004211426
65,effnet_recplot,33,complexity,0.5530986061573043
65,effnet_recplot,34,faithfulness,0.07067038118839264
65,effnet_recplot,34,robustness,1.0000396966934204
65,effnet_recplot,34,complexity,0.934555343556121
65,effnet_recplot,35,faithfulness,-0.06394075602293015
65,effnet_recplot,35,robustness,3.1254119873046875
65,effnet_recplot,35,complexity,0.7751492782605078
65,effnet_recplot,36,faithfulness,-0.051998723298311234
65,effnet_recplot,36,robustness,6.887259483337402
65,effnet_recplot,36,complexity,0.5953945461892448
65,effnet_recplot,37,faithfulness,0.1392446756362915
65,effnet_recplot,37,robustness,1.0
65,effnet_recplot,37,complexity,0.4805843556562608
65,effnet_recplot,38,faithfulness,-0.1423952877521515
65,effnet_recplot,38,robustness,1.0
65,effnet_recplot,38,complexity,0.4625638798783807
65,effnet_recplot,39,faithfulness,0.18215981125831604
65,effnet_recplot,39,robustness,1.014465570449829
65,effnet_recplot,39,complexity,0.45942719472635735
65,effnet_recplot,40,faithfulness,0.22389230132102966
65,effnet_recplot,40,robustness,1.0
65,effnet_recplot,40,complexity,0.5603307830011293
65,effnet_recplot,41,faithfulness,0.11676512658596039
65,effnet_recplot,41,robustness,1.0
65,effnet_recplot,41,complexity,0.5783638135033509
65,effnet_recplot,42,faithfulness,0.02459985949099064
65,effnet_recplot,42,robustness,1.0
65,effnet_recplot,42,complexity,0.6409032649325374
65,effnet_recplot,43,faithfulness,0.2068386673927307
65,effnet_recplot,43,robustness,0.999832272529602
65,effnet_recplot,43,complexity,0.731192070088938
65,effnet_recplot,44,faithfulness,0.31884586811065674
65,effnet_recplot,44,robustness,1.0
65,effnet_recplot,44,complexity,0.4406865505781317
65,effnet_recplot,45,faithfulness,0.10424315929412842
65,effnet_recplot,45,robustness,2.688133716583252
65,effnet_recplot,45,complexity,0.5099999121712637
87,mobilenet_orig,0,faithfulness,0.21247275173664093
87,mobilenet_orig,0,robustness,1.0447064638137817
87,mobilenet_orig,0,complexity,0.6359020317297154
87,mobilenet_orig,1,faithfulness,0.33619222044944763
87,mobilenet_orig,1,robustness,1.2203160524368286
87,mobilenet_orig,1,complexity,0.691825856434621
87,mobilenet_orig,2,faithfulness,-0.2767446041107178
87,mobilenet_orig,2,robustness,1.2416863441467285
87,mobilenet_orig,2,complexity,0.5560685411061336
87,mobilenet_orig,3,faithfulness,0.35690537095069885
87,mobilenet_orig,3,robustness,0.861158549785614
87,mobilenet_orig,3,complexity,0.6801518473883547
87,mobilenet_orig,4,faithfulness,-0.13504713773727417
87,mobilenet_orig,4,robustness,1.5486845970153809
87,mobilenet_orig,4,complexity,0.662020903737281
87,mobilenet_orig,5,faithfulness,0.2855248749256134
87,mobilenet_orig,5,robustness,1.5103923082351685
87,mobilenet_orig,5,complexity,0.6224207946748609
87,mobilenet_orig,6,faithfulness,0.12780877947807312
87,mobilenet_orig,6,robustness,1.24551522731781
87,mobilenet_orig,6,complexity,0.6321568893872125
87,mobilenet_orig,7,faithfulness,-0.16777005791664124
87,mobilenet_orig,7,robustness,1.4126322269439697
87,mobilenet_orig,7,complexity,0.5700265448561397
87,mobilenet_orig,8,faithfulness,0.12356888502836227
87,mobilenet_orig,8,robustness,0.9077224135398865
87,mobilenet_orig,8,complexity,0.5269140615589388
87,mobilenet_orig,9,faithfulness,-0.17279291152954102
87,mobilenet_orig,9,robustness,1.9374191761016846
87,mobilenet_orig,9,complexity,0.6365897687672352
87,mobilenet_orig,10,faithfulness,0.13561254739761353
87,mobilenet_orig,10,robustness,1.2871532440185547
87,mobilenet_orig,10,complexity,0.7728852114806045
87,mobilenet_orig,11,faithfulness,0.2366824597120285
87,mobilenet_orig,11,robustness,0.965582549571991
87,mobilenet_orig,11,complexity,0.6847688094549343
87,mobilenet_orig,12,faithfulness,0.016957402229309082
87,mobilenet_orig,12,robustness,1.10536789894104
87,mobilenet_orig,12,complexity,0.687314062818549
87,mobilenet_orig,13,faithfulness,0.1236434206366539
87,mobilenet_orig,13,robustness,1.1308821439743042
87,mobilenet_orig,13,complexity,0.6285389198475261
87,mobilenet_orig,14,faithfulness,0.4492950439453125
87,mobilenet_orig,14,robustness,0.799812376499176
87,mobilenet_orig,14,complexity,0.555869619131919
87,mobilenet_orig,15,faithfulness,-0.30363860726356506
87,mobilenet_orig,15,robustness,2.25989031791687
87,mobilenet_orig,15,complexity,0.7045607144614708
87,mobilenet_orig,16,faithfulness,0.26883018016815186
87,mobilenet_orig,16,robustness,0.8612254858016968
87,mobilenet_orig,16,complexity,0.6773643231709048
87,mobilenet_orig,17,faithfulness,0.01792675256729126
87,mobilenet_orig,17,robustness,1.6031605005264282
87,mobilenet_orig,17,complexity,0.8352602782169847
87,mobilenet_orig,18,faithfulness,-0.04170958697795868
87,mobilenet_orig,18,robustness,0.7810152173042297
87,mobilenet_orig,18,complexity,0.8155266350961444
87,mobilenet_orig,19,faithfulness,-0.11234638839960098
87,mobilenet_orig,19,robustness,0.6827623844146729
87,mobilenet_orig,19,complexity,0.6241133500904565
87,mobilenet_orig,20,faithfulness,0.04742728918790817
87,mobilenet_orig,20,robustness,4.099543571472168
87,mobilenet_orig,20,complexity,0.6515193132499383
87,mobilenet_orig,21,faithfulness,0.002736613154411316
87,mobilenet_orig,21,robustness,2.888148784637451
87,mobilenet_orig,21,complexity,0.5674116885646996
87,mobilenet_orig,22,faithfulness,-0.24962326884269714
87,mobilenet_orig,22,robustness,0.9877182245254517
87,mobilenet_orig,22,complexity,0.4670461669740204
87,mobilenet_orig,23,faithfulness,0.0415426567196846
87,mobilenet_orig,23,robustness,0.9189145565032959
87,mobilenet_orig,23,complexity,0.40126311430164935
87,mobilenet_orig,24,faithfulness,0.2942230999469757
87,mobilenet_orig,24,robustness,0.950012743473053
87,mobilenet_orig,24,complexity,0.4415891909058197
87,mobilenet_orig,25,faithfulness,-0.1400102972984314
87,mobilenet_orig,25,robustness,0.7327198386192322
87,mobilenet_orig,25,complexity,0.5444990905079784
87,mobilenet_orig,26,faithfulness,0.028194330632686615
87,mobilenet_orig,26,robustness,0.9958527684211731
87,mobilenet_orig,26,complexity,0.5707749615450854
87,mobilenet_orig,27,faithfulness,0.229832261800766
87,mobilenet_orig,27,robustness,0.809783935546875
87,mobilenet_orig,27,complexity,0.4933661629898164
87,mobilenet_orig,28,faithfulness,0.06939904391765594
87,mobilenet_orig,28,robustness,0.866682767868042
87,mobilenet_orig,28,complexity,0.7666679069275516
87,mobilenet_orig,29,faithfulness,0.47372353076934814
87,mobilenet_orig,29,robustness,1.1530065536499023
87,mobilenet_orig,29,complexity,0.535693686495069
87,mobilenet_orig,30,faithfulness,-0.12136953324079514
87,mobilenet_orig,30,robustness,0.8046941161155701
87,mobilenet_orig,30,complexity,0.6180293316752443
87,mobilenet_orig,31,faithfulness,0.3302198052406311
87,mobilenet_orig,31,robustness,0.9090971946716309
87,mobilenet_orig,31,complexity,0.4575377050818043
87,mobilenet_orig,32,faithfulness,0.16809004545211792
87,mobilenet_orig,32,robustness,0.9515170454978943
87,mobilenet_orig,32,complexity,0.48716211846195195
87,mobilenet_orig,33,faithfulness,-0.001965656876564026
87,mobilenet_orig,33,robustness,0.9772998690605164
87,mobilenet_orig,33,complexity,0.4485221968816912
87,mobilenet_orig,34,faithfulness,0.1370365023612976
87,mobilenet_orig,34,robustness,0.9430094957351685
87,mobilenet_orig,34,complexity,0.4622708558906224
87,mobilenet_orig,35,faithfulness,0.24329537153244019
87,mobilenet_orig,35,robustness,0.895527184009552
87,mobilenet_orig,35,complexity,0.5479558492537147
87,mobilenet_orig,36,faithfulness,-0.06731903553009033
87,mobilenet_orig,36,robustness,1.1394915580749512
87,mobilenet_orig,36,complexity,0.6249719261731608
87,mobilenet_orig,37,faithfulness,-0.09767119586467743
87,mobilenet_orig,37,robustness,0.7770727276802063
87,mobilenet_orig,37,complexity,0.48377561712752687
87,mobilenet_orig,38,faithfulness,0.409609854221344
87,mobilenet_orig,38,robustness,1.2301915884017944
87,mobilenet_orig,38,complexity,0.6307392356087894
87,mobilenet_orig,39,faithfulness,0.05682414770126343
87,mobilenet_orig,39,robustness,0.8632428646087646
87,mobilenet_orig,39,complexity,0.597523021576997
87,mobilenet_orig,40,faithfulness,0.26950857043266296
87,mobilenet_orig,40,robustness,0.8641107082366943
87,mobilenet_orig,40,complexity,0.5816708559623297
87,mobilenet_orig,41,faithfulness,0.16521194577217102
87,mobilenet_orig,41,robustness,0.8573294878005981
87,mobilenet_orig,41,complexity,0.41474299343988835
87,mobilenet_orig,42,faithfulness,0.11490805447101593
87,mobilenet_orig,42,robustness,0.6764155626296997
87,mobilenet_orig,42,complexity,0.49202451412411813
87,mobilenet_orig,43,faithfulness,0.05518253147602081
87,mobilenet_orig,43,robustness,0.7129625678062439
87,mobilenet_orig,43,complexity,0.6046207719558322
87,mobilenet_orig,44,faithfulness,0.014978844672441483
87,mobilenet_orig,44,robustness,0.8663515448570251
87,mobilenet_orig,44,complexity,0.4785445934458297
87,mobilenet_orig,45,faithfulness,-0.013373281806707382
87,mobilenet_orig,45,robustness,0.640768826007843
87,mobilenet_orig,45,complexity,0.519774145675064
87,mobilenet_recplot,0,faithfulness,0.12007253617048264
87,mobilenet_recplot,0,robustness,1.003157377243042
87,mobilenet_recplot,0,complexity,0.863328120265489
87,mobilenet_recplot,1,faithfulness,-0.032255519181489944
87,mobilenet_recplot,1,robustness,1.0
87,mobilenet_recplot,1,complexity,0.7916706510656194
87,mobilenet_recplot,2,faithfulness,0.2906983196735382
87,mobilenet_recplot,2,robustness,1.0
87,mobilenet_recplot,2,complexity,0.693138229180176
87,mobilenet_recplot,3,faithfulness,0.20318478345870972
87,mobilenet_recplot,3,robustness,1.0
87,mobilenet_recplot,3,complexity,0.6609165054565084
87,mobilenet_recplot,4,faithfulness,-0.023074515163898468
87,mobilenet_recplot,4,robustness,1.0
87,mobilenet_recplot,4,complexity,0.7334793120455867
87,mobilenet_recplot,5,faithfulness,0.18073922395706177
87,mobilenet_recplot,5,robustness,1.0001455545425415
87,mobilenet_recplot,5,complexity,0.6660519820142705
87,mobilenet_recplot,6,faithfulness,0.16435210406780243
87,mobilenet_recplot,6,robustness,1.0
87,mobilenet_recplot,6,complexity,0.7309812751549086
87,mobilenet_recplot,7,faithfulness,0.0660027489066124
87,mobilenet_recplot,7,robustness,1.0
87,mobilenet_recplot,7,complexity,0.7203190707131608
87,mobilenet_recplot,8,faithfulness,0.06385234743356705
87,mobilenet_recplot,8,robustness,1.0
87,mobilenet_recplot,8,complexity,0.7959371964285294
87,mobilenet_recplot,9,faithfulness,0.1504792720079422
87,mobilenet_recplot,9,robustness,1.0
87,mobilenet_recplot,9,complexity,0.8542702468160108
87,mobilenet_recplot,10,faithfulness,-0.2443324774503708
87,mobilenet_recplot,10,robustness,1.0
87,mobilenet_recplot,10,complexity,0.7632154379972523
87,mobilenet_recplot,11,faithfulness,0.1529368758201599
87,mobilenet_recplot,11,robustness,1.0
87,mobilenet_recplot,11,complexity,0.6786803225064637
87,mobilenet_recplot,12,faithfulness,-0.10473413020372391
87,mobilenet_recplot,12,robustness,1.0
87,mobilenet_recplot,12,complexity,0.6646969224286993
87,mobilenet_recplot,13,faithfulness,0.3270528316497803
87,mobilenet_recplot,13,robustness,1.0
87,mobilenet_recplot,13,complexity,0.7238574460334487
87,mobilenet_recplot,14,faithfulness,0.20257370173931122
87,mobilenet_recplot,14,robustness,1.0
87,mobilenet_recplot,14,complexity,0.5897322608702839
87,mobilenet_recplot,15,faithfulness,0.0955141931772232
87,mobilenet_recplot,15,robustness,1.0
87,mobilenet_recplot,15,complexity,0.7261114937357978
87,mobilenet_recplot,16,faithfulness,0.30896902084350586
87,mobilenet_recplot,16,robustness,1.0
87,mobilenet_recplot,16,complexity,0.874757965545125
87,mobilenet_recplot,17,faithfulness,-0.0435013584792614
87,mobilenet_recplot,17,robustness,1.0
87,mobilenet_recplot,17,complexity,0.5588414528554787
87,mobilenet_recplot,18,faithfulness,-0.049047715961933136
87,mobilenet_recplot,18,robustness,1.0557711124420166
87,mobilenet_recplot,18,complexity,0.728630021349245
87,mobilenet_recplot,19,faithfulness,0.16175344586372375
87,mobilenet_recplot,19,robustness,1.0011366605758667
87,mobilenet_recplot,19,complexity,0.5976039373824846
87,mobilenet_recplot,20,faithfulness,0.12664099037647247
87,mobilenet_recplot,20,robustness,1.0
87,mobilenet_recplot,20,complexity,0.5535389294877724
87,mobilenet_recplot,21,faithfulness,-0.23635351657867432
87,mobilenet_recplot,21,robustness,1.0
87,mobilenet_recplot,21,complexity,0.6909966404336189
87,mobilenet_recplot,22,faithfulness,-0.10695987194776535
87,mobilenet_recplot,22,robustness,3.240863561630249
87,mobilenet_recplot,22,complexity,0.4814955447943819
87,mobilenet_recplot,23,faithfulness,0.003612324595451355
87,mobilenet_recplot,23,robustness,2.0588366985321045
87,mobilenet_recplot,23,complexity,0.3666648612958546
87,mobilenet_recplot,24,faithfulness,0.060494858771562576
87,mobilenet_recplot,24,robustness,2.54662823677063
87,mobilenet_recplot,24,complexity,0.3835242355444634
87,mobilenet_recplot,25,faithfulness,0.14901036024093628
87,mobilenet_recplot,25,robustness,3.8080894947052
87,mobilenet_recplot,25,complexity,0.5776280261307212
87,mobilenet_recplot,26,faithfulness,-0.1294575333595276
87,mobilenet_recplot,26,robustness,4.832906723022461
87,mobilenet_recplot,26,complexity,0.4902643474283549
87,mobilenet_recplot,27,faithfulness,0.02360471338033676
87,mobilenet_recplot,27,robustness,3.492422580718994
87,mobilenet_recplot,27,complexity,0.39820381336308625
87,mobilenet_recplot,28,faithfulness,0.3170487582683563
87,mobilenet_recplot,28,robustness,5.795932292938232
87,mobilenet_recplot,28,complexity,0.3159145263423304
87,mobilenet_recplot,29,faithfulness,0.020197134464979172
87,mobilenet_recplot,29,robustness,7.177319526672363
87,mobilenet_recplot,29,complexity,0.36517300021354515
87,mobilenet_recplot,30,faithfulness,-0.00033111870288848877
87,mobilenet_recplot,30,robustness,4.020529747009277
87,mobilenet_recplot,30,complexity,0.36218403802658106
87,mobilenet_recplot,31,faithfulness,0.07336141914129257
87,mobilenet_recplot,31,robustness,5.614989757537842
87,mobilenet_recplot,31,complexity,0.429860979989957
87,mobilenet_recplot,32,faithfulness,0.106373131275177
87,mobilenet_recplot,32,robustness,10.5211820602417
87,mobilenet_recplot,32,complexity,0.7376986931982137
87,mobilenet_recplot,33,faithfulness,-0.02589314430952072
87,mobilenet_recplot,33,robustness,3.16341495513916
87,mobilenet_recplot,33,complexity,0.5107206091616429
87,mobilenet_recplot,34,faithfulness,0.021090619266033173
87,mobilenet_recplot,34,robustness,6.935471057891846
87,mobilenet_recplot,34,complexity,0.52559838378032
87,mobilenet_recplot,35,faithfulness,0.47006505727767944
87,mobilenet_recplot,35,robustness,3.534444570541382
87,mobilenet_recplot,35,complexity,0.6572017002366304
87,mobilenet_recplot,36,faithfulness,-0.12256897985935211
87,mobilenet_recplot,36,robustness,13.01994800567627
87,mobilenet_recplot,36,complexity,0.699979181207681
87,mobilenet_recplot,37,faithfulness,0.35086673498153687
87,mobilenet_recplot,37,robustness,2.508089303970337
87,mobilenet_recplot,37,complexity,0.44276018726826816
87,mobilenet_recplot,38,faithfulness,-0.05053447559475899
87,mobilenet_recplot,38,robustness,2.8214776515960693
87,mobilenet_recplot,38,complexity,0.41478457000104746
87,mobilenet_recplot,39,faithfulness,-0.07600884884595871
87,mobilenet_recplot,39,robustness,2.2284321784973145
87,mobilenet_recplot,39,complexity,0.4161359729701502
87,mobilenet_recplot,40,faithfulness,0.1255490779876709
87,mobilenet_recplot,40,robustness,2.7342405319213867
87,mobilenet_recplot,40,complexity,0.424737392764695
87,mobilenet_recplot,41,faithfulness,0.009579550474882126
87,mobilenet_recplot,41,robustness,1.8531473875045776
87,mobilenet_recplot,41,complexity,0.40823385279034957
87,mobilenet_recplot,42,faithfulness,0.272555947303772
87,mobilenet_recplot,42,robustness,2.4221434593200684
87,mobilenet_recplot,42,complexity,0.47324971023381923
87,mobilenet_recplot,43,faithfulness,-0.10389072448015213
87,mobilenet_recplot,43,robustness,6.9491868019104
87,mobilenet_recplot,43,complexity,0.6037260219598058
87,mobilenet_recplot,44,faithfulness,0.5275586843490601
87,mobilenet_recplot,44,robustness,2.614140748977661
87,mobilenet_recplot,44,complexity,0.40634550277114634
87,mobilenet_recplot,45,faithfulness,0.18223020434379578
87,mobilenet_recplot,45,robustness,1.7946757078170776
87,mobilenet_recplot,45,complexity,0.519581927161132
87,effnet_orig,0,faithfulness,-0.14512749016284943
87,effnet_orig,0,robustness,1.043286681175232
87,effnet_orig,0,complexity,0.5656837274362485
87,effnet_orig,1,faithfulness,0.10404013097286224
87,effnet_orig,1,robustness,8.715485572814941
87,effnet_orig,1,complexity,0.5978155328617681
87,effnet_orig,2,faithfulness,0.2711184620857239
87,effnet_orig,2,robustness,1.0594581365585327
87,effnet_orig,2,complexity,0.5063052926473949
87,effnet_orig,3,faithfulness,0.06976468861103058
87,effnet_orig,3,robustness,0.9983444213867188
87,effnet_orig,3,complexity,0.42183008744031986
87,effnet_orig,4,faithfulness,-0.027850709855556488
87,effnet_orig,4,robustness,1.0331059694290161
87,effnet_orig,4,complexity,0.705174544005707
87,effnet_orig,5,faithfulness,-0.20203536748886108
87,effnet_orig,5,robustness,1.3792259693145752
87,effnet_orig,5,complexity,0.5974317800128471
87,effnet_orig,6,faithfulness,-0.1721356064081192
87,effnet_orig,6,robustness,1.3329507112503052
87,effnet_orig,6,complexity,0.5581607725885
87,effnet_orig,7,faithfulness,0.44663530588150024
87,effnet_orig,7,robustness,1.9828686714172363
87,effnet_orig,7,complexity,0.6585240871456765
87,effnet_orig,8,faithfulness,-0.32140782475471497
87,effnet_orig,8,robustness,1.4400969743728638
87,effnet_orig,8,complexity,0.5149693488261552
87,effnet_orig,9,faithfulness,-0.10351443290710449
87,effnet_orig,9,robustness,2.347216844558716
87,effnet_orig,9,complexity,0.44123480438473583
87,effnet_orig,10,faithfulness,0.09759331494569778
87,effnet_orig,10,robustness,1.9761943817138672
87,effnet_orig,10,complexity,0.74328788641455
87,effnet_orig,11,faithfulness,0.29085972905158997
87,effnet_orig,11,robustness,3.877901315689087
87,effnet_orig,11,complexity,0.5478206990509746
87,effnet_orig,12,faithfulness,-0.12553942203521729
87,effnet_orig,12,robustness,1.612166404724121
87,effnet_orig,12,complexity,0.589471593597802
87,effnet_orig,13,faithfulness,0.28694579005241394
87,effnet_orig,13,robustness,2.0933456420898438
87,effnet_orig,13,complexity,0.6453527305149214
87,effnet_orig,14,faithfulness,0.05358196794986725
87,effnet_orig,14,robustness,2.6979029178619385
87,effnet_orig,14,complexity,0.5599022043616415
87,effnet_orig,15,faithfulness,0.14481300115585327
87,effnet_orig,15,robustness,3.3947842121124268
87,effnet_orig,15,complexity,0.40557593545737564
87,effnet_orig,16,faithfulness,0.37792733311653137
87,effnet_orig,16,robustness,2.012732744216919
87,effnet_orig,16,complexity,0.5351743349664672
87,effnet_orig,17,faithfulness,0.08809834718704224
87,effnet_orig,17,robustness,2.162172317504883
87,effnet_orig,17,complexity,0.536525419956748
87,effnet_orig,18,faithfulness,0.04651721194386482
87,effnet_orig,18,robustness,0.8646855354309082
87,effnet_orig,18,complexity,0.4737140876044685
87,effnet_orig,19,faithfulness,0.09472765773534775
87,effnet_orig,19,robustness,1.4566248655319214
87,effnet_orig,19,complexity,0.5860049090044428
87,effnet_orig,20,faithfulness,-0.003941424190998077
87,effnet_orig,20,robustness,3.1059393882751465
87,effnet_orig,20,complexity,0.6631403070615478
87,effnet_orig,21,faithfulness,0.040575750172138214
87,effnet_orig,21,robustness,2.298919200897217
87,effnet_orig,21,complexity,0.5584951550179543
87,effnet_orig,22,faithfulness,0.176855206489563
87,effnet_orig,22,robustness,0.9991776943206787
87,effnet_orig,22,complexity,0.45542594214451154
87,effnet_orig,23,faithfulness,0.03942915052175522
87,effnet_orig,23,robustness,0.9984431862831116
87,effnet_orig,23,complexity,0.41417097850970097
87,effnet_orig,24,faithfulness,-0.23633348941802979
87,effnet_orig,24,robustness,0.9986988306045532
87,effnet_orig,24,complexity,0.39064302498654235
87,effnet_orig,25,faithfulness,0.3228094279766083
87,effnet_orig,25,robustness,0.9974873661994934
87,effnet_orig,25,complexity,0.4108105449873391
87,effnet_orig,26,faithfulness,0.4127782881259918
87,effnet_orig,26,robustness,0.995952844619751
87,effnet_orig,26,complexity,0.5246324841048078
87,effnet_orig,27,faithfulness,0.19065330922603607
87,effnet_orig,27,robustness,0.986547589302063
87,effnet_orig,27,complexity,0.4749985293690866
87,effnet_orig,28,faithfulness,0.01025448739528656
87,effnet_orig,28,robustness,0.9928544759750366
87,effnet_orig,28,complexity,0.7955069225468246
87,effnet_orig,29,faithfulness,0.25902867317199707
87,effnet_orig,29,robustness,0.9907369017601013
87,effnet_orig,29,complexity,0.5024931525053247
87,effnet_orig,30,faithfulness,0.13998042047023773
87,effnet_orig,30,robustness,0.9797125458717346
87,effnet_orig,30,complexity,0.38978770396446205
87,effnet_orig,31,faithfulness,0.07498056441545486
87,effnet_orig,31,robustness,0.9993462562561035
87,effnet_orig,31,complexity,0.3988466892373558
87,effnet_orig,32,faithfulness,-0.3222660422325134
87,effnet_orig,32,robustness,0.9976828098297119
87,effnet_orig,32,complexity,0.38324344238814123
87,effnet_orig,33,faithfulness,-0.24352937936782837
87,effnet_orig,33,robustness,0.986930787563324
87,effnet_orig,33,complexity,0.45786905787630183
87,effnet_orig,34,faithfulness,0.07410980761051178
87,effnet_orig,34,robustness,0.9997840523719788
87,effnet_orig,34,complexity,0.49566621040637737
87,effnet_orig,35,faithfulness,-0.15625908970832825
87,effnet_orig,35,robustness,0.9982434511184692
87,effnet_orig,35,complexity,0.4644091844994935
87,effnet_orig,36,faithfulness,-0.11880981177091599
87,effnet_orig,36,robustness,1.0
87,effnet_orig,36,complexity,0.5062870683460446
87,effnet_orig,37,faithfulness,-0.06270822882652283
87,effnet_orig,37,robustness,0.9996721148490906
87,effnet_orig,37,complexity,0.45383930041792364
87,effnet_orig,38,faithfulness,-0.02883247286081314
87,effnet_orig,38,robustness,0.9979463815689087
87,effnet_orig,38,complexity,0.39399555786794394
87,effnet_orig,39,faithfulness,0.07808887958526611
87,effnet_orig,39,robustness,0.9993698000907898
87,effnet_orig,39,complexity,0.5385778365408195
87,effnet_orig,40,faithfulness,-0.6094701290130615
87,effnet_orig,40,robustness,0.9934677481651306
87,effnet_orig,40,complexity,0.46550478814757656
87,effnet_orig,41,faithfulness,0.1726337969303131
87,effnet_orig,41,robustness,0.9988877773284912
87,effnet_orig,41,complexity,0.4578680126995941
87,effnet_orig,42,faithfulness,-0.009357050061225891
87,effnet_orig,42,robustness,0.9965512156486511
87,effnet_orig,42,complexity,0.4348122085940081
87,effnet_orig,43,faithfulness,0.23454034328460693
87,effnet_orig,43,robustness,0.998991847038269
87,effnet_orig,43,complexity,0.4892541940735662
87,effnet_orig,44,faithfulness,0.44165658950805664
87,effnet_orig,44,robustness,0.9992497563362122
87,effnet_orig,44,complexity,0.5146393176065073
87,effnet_orig,45,faithfulness,0.25351738929748535
87,effnet_orig,45,robustness,0.9995810389518738
87,effnet_orig,45,complexity,0.37161957017558983
87,effnet_recplot,0,faithfulness,-0.08528953045606613
87,effnet_recplot,0,robustness,14.058741569519043
87,effnet_recplot,0,complexity,0.6594156422135651
87,effnet_recplot,1,faithfulness,0.032445549964904785
87,effnet_recplot,1,robustness,4.810620307922363
87,effnet_recplot,1,complexity,0.7952107862544522
87,effnet_recplot,2,faithfulness,0.04250247776508331
87,effnet_recplot,2,robustness,2.3051443099975586
87,effnet_recplot,2,complexity,0.6302600957316884
87,effnet_recplot,3,faithfulness,-0.06061641126871109
87,effnet_recplot,3,robustness,1.620652437210083
87,effnet_recplot,3,complexity,0.5696028722529001
87,effnet_recplot,4,faithfulness,0.3421362638473511
87,effnet_recplot,4,robustness,1.0
87,effnet_recplot,4,complexity,0.5299167966097426
87,effnet_recplot,5,faithfulness,-0.3550831377506256
87,effnet_recplot,5,robustness,1.1430708169937134
87,effnet_recplot,5,complexity,0.6063146003400288
87,effnet_recplot,6,faithfulness,0.17691802978515625
87,effnet_recplot,6,robustness,1.485191822052002
87,effnet_recplot,6,complexity,0.48325966944748
87,effnet_recplot,7,faithfulness,0.18147675693035126
87,effnet_recplot,7,robustness,1.132995843887329
87,effnet_recplot,7,complexity,0.4747227026015306
87,effnet_recplot,8,faithfulness,-0.037229664623737335
87,effnet_recplot,8,robustness,1.1371138095855713
87,effnet_recplot,8,complexity,0.4747550248838181
87,effnet_recplot,9,faithfulness,-0.056613944470882416
87,effnet_recplot,9,robustness,1.0585427284240723
87,effnet_recplot,9,complexity,0.6516894277968387
87,effnet_recplot,10,faithfulness,0.41885897517204285
87,effnet_recplot,10,robustness,1.7655186653137207
87,effnet_recplot,10,complexity,0.6641386966218656
87,effnet_recplot,11,faithfulness,0.01192106306552887
87,effnet_recplot,11,robustness,1.1844451427459717
87,effnet_recplot,11,complexity,0.48160106423161664
87,effnet_recplot,12,faithfulness,0.1158846765756607
87,effnet_recplot,12,robustness,13.402727127075195
87,effnet_recplot,12,complexity,0.7730432314991946
87,effnet_recplot,13,faithfulness,-0.2757316827774048
87,effnet_recplot,13,robustness,1.8645983934402466
87,effnet_recplot,13,complexity,0.5860495426489694
87,effnet_recplot,14,faithfulness,0.03547566384077072
87,effnet_recplot,14,robustness,1.2708778381347656
87,effnet_recplot,14,complexity,0.6253781097386291
87,effnet_recplot,15,faithfulness,-0.32231175899505615
87,effnet_recplot,15,robustness,1.0360809564590454
87,effnet_recplot,15,complexity,0.526860850555779
87,effnet_recplot,16,faithfulness,-0.15303447842597961
87,effnet_recplot,16,robustness,1.887976050376892
87,effnet_recplot,16,complexity,0.7492774929610427
87,effnet_recplot,17,faithfulness,-0.12907350063323975
87,effnet_recplot,17,robustness,1.8405998945236206
87,effnet_recplot,17,complexity,0.40811797706641917
87,effnet_recplot,18,faithfulness,0.03727871924638748
87,effnet_recplot,18,robustness,2.3275070190429688
87,effnet_recplot,18,complexity,0.5507155850862764
87,effnet_recplot,19,faithfulness,0.2443869560956955
87,effnet_recplot,19,robustness,1.0600740909576416
87,effnet_recplot,19,complexity,0.5384086401623739
87,effnet_recplot,20,faithfulness,-0.2705329954624176
87,effnet_recplot,20,robustness,1.298144817352295
87,effnet_recplot,20,complexity,0.5057609297911926
87,effnet_recplot,21,faithfulness,-0.15393689274787903
87,effnet_recplot,21,robustness,7.3371901512146
87,effnet_recplot,21,complexity,0.7319762504796643
87,effnet_recplot,22,faithfulness,0.0685049518942833
87,effnet_recplot,22,robustness,7.296679973602295
87,effnet_recplot,22,complexity,0.6391346659343705
87,effnet_recplot,23,faithfulness,0.2489219605922699
87,effnet_recplot,23,robustness,1.0
87,effnet_recplot,23,complexity,0.4838295209081007
87,effnet_recplot,24,faithfulness,0.10085330903530121
87,effnet_recplot,24,robustness,1.000139832496643
87,effnet_recplot,24,complexity,0.44298275733919446
87,effnet_recplot,25,faithfulness,-0.21207869052886963
87,effnet_recplot,25,robustness,1.220125436782837
87,effnet_recplot,25,complexity,0.5511018818543234
87,effnet_recplot,26,faithfulness,0.12974220514297485
87,effnet_recplot,26,robustness,11.814635276794434
87,effnet_recplot,26,complexity,0.6075853608078955
87,effnet_recplot,27,faithfulness,0.2778177261352539
87,effnet_recplot,27,robustness,1.2433761358261108
87,effnet_recplot,27,complexity,0.5870938599955127
87,effnet_recplot,28,faithfulness,0.09539428353309631
87,effnet_recplot,28,robustness,4.26215124130249
87,effnet_recplot,28,complexity,0.4416836251325123
87,effnet_recplot,29,faithfulness,0.08004850894212723
87,effnet_recplot,29,robustness,2.6982805728912354
87,effnet_recplot,29,complexity,0.3646362979856005
87,effnet_recplot,30,faithfulness,0.009143844246864319
87,effnet_recplot,30,robustness,3.118471622467041
87,effnet_recplot,30,complexity,0.44796584604389034
87,effnet_recplot,31,faithfulness,-0.037404630333185196
87,effnet_recplot,31,robustness,1.6439231634140015
87,effnet_recplot,31,complexity,0.47202362344517906
87,effnet_recplot,32,faithfulness,0.22481931746006012
87,effnet_recplot,32,robustness,116.27335357666016
87,effnet_recplot,32,complexity,0.8815565612006924
87,effnet_recplot,33,faithfulness,0.18221718072891235
87,effnet_recplot,33,robustness,1.0
87,effnet_recplot,33,complexity,0.46752472205561063
87,effnet_recplot,34,faithfulness,-0.31811589002609253
87,effnet_recplot,34,robustness,15.382987976074219
87,effnet_recplot,34,complexity,0.7886954058534715
87,effnet_recplot,35,faithfulness,0.12214738130569458
87,effnet_recplot,35,robustness,1.1250044107437134
87,effnet_recplot,35,complexity,0.7193828542308858
87,effnet_recplot,36,faithfulness,0.18486104905605316
87,effnet_recplot,36,robustness,1.829291582107544
87,effnet_recplot,36,complexity,0.6962730922862649
87,effnet_recplot,37,faithfulness,0.34955430030822754
87,effnet_recplot,37,robustness,1.0092424154281616
87,effnet_recplot,37,complexity,0.4667140946607045
87,effnet_recplot,38,faithfulness,-0.0619116872549057
87,effnet_recplot,38,robustness,1.0034416913986206
87,effnet_recplot,38,complexity,0.5030896509454349
87,effnet_recplot,39,faithfulness,-0.1245327889919281
87,effnet_recplot,39,robustness,1.03484046459198
87,effnet_recplot,39,complexity,0.5057771892022689
87,effnet_recplot,40,faithfulness,-0.18347956240177155
87,effnet_recplot,40,robustness,1.3343987464904785
87,effnet_recplot,40,complexity,0.6378234726821286
87,effnet_recplot,41,faithfulness,-0.22822824120521545
87,effnet_recplot,41,robustness,1.1390460729599
87,effnet_recplot,41,complexity,0.6031120241554168
87,effnet_recplot,42,faithfulness,0.15545828640460968
87,effnet_recplot,42,robustness,1.6609255075454712
87,effnet_recplot,42,complexity,0.6405001058843787
87,effnet_recplot,43,faithfulness,0.1697235405445099
87,effnet_recplot,43,robustness,1.1833933591842651
87,effnet_recplot,43,complexity,0.6873437054936414
87,effnet_recplot,44,faithfulness,-0.0021545253694057465
87,effnet_recplot,44,robustness,1.024967074394226
87,effnet_recplot,44,complexity,0.4826045526391252
87,effnet_recplot,45,faithfulness,-0.05970747768878937
87,effnet_recplot,45,robustness,1.8538668155670166
87,effnet_recplot,45,complexity,0.5165378189742721
93,mobilenet_orig,0,faithfulness,-0.002127602696418762
93,mobilenet_orig,0,robustness,0.8351343274116516
93,mobilenet_orig,0,complexity,0.5441596350971603
93,mobilenet_orig,1,faithfulness,0.005818229168653488
93,mobilenet_orig,1,robustness,0.8129704594612122
93,mobilenet_orig,1,complexity,0.6954328627113108
93,mobilenet_orig,2,faithfulness,-0.15148992836475372
93,mobilenet_orig,2,robustness,0.8651007413864136
93,mobilenet_orig,2,complexity,0.5579275418284705
93,mobilenet_orig,3,faithfulness,0.22062629461288452
93,mobilenet_orig,3,robustness,0.8327504992485046
93,mobilenet_orig,3,complexity,0.6500243680418663
93,mobilenet_orig,4,faithfulness,-0.38001352548599243
93,mobilenet_orig,4,robustness,0.8452340960502625
93,mobilenet_orig,4,complexity,0.5402191333723306
93,mobilenet_orig,5,faithfulness,-0.08422070741653442
93,mobilenet_orig,5,robustness,1.36815345287323
93,mobilenet_orig,5,complexity,0.5699927975925281
93,mobilenet_orig,6,faithfulness,-0.10087402909994125
93,mobilenet_orig,6,robustness,0.8679476380348206
93,mobilenet_orig,6,complexity,0.5654506189416592
93,mobilenet_orig,7,faithfulness,-0.21253415942192078
93,mobilenet_orig,7,robustness,1.03840172290802
93,mobilenet_orig,7,complexity,0.5717179678388288
93,mobilenet_orig,8,faithfulness,0.11352653801441193
93,mobilenet_orig,8,robustness,0.8668605089187622
93,mobilenet_orig,8,complexity,0.4780582597207568
93,mobilenet_orig,9,faithfulness,0.01482360064983368
93,mobilenet_orig,9,robustness,1.196695327758789
93,mobilenet_orig,9,complexity,0.42056185516405764
93,mobilenet_orig,10,faithfulness,0.28514471650123596
93,mobilenet_orig,10,robustness,1.0369131565093994
93,mobilenet_orig,10,complexity,0.6943710042630629
93,mobilenet_orig,11,faithfulness,0.26724469661712646
93,mobilenet_orig,11,robustness,0.977031946182251
93,mobilenet_orig,11,complexity,0.6072443817765791
93,mobilenet_orig,12,faithfulness,-0.09647944569587708
93,mobilenet_orig,12,robustness,0.9025200009346008
93,mobilenet_orig,12,complexity,0.5386507777144895
93,mobilenet_orig,13,faithfulness,0.32074427604675293
93,mobilenet_orig,13,robustness,0.9757561683654785
93,mobilenet_orig,13,complexity,0.5386238455595255
93,mobilenet_orig,14,faithfulness,-0.22209234535694122
93,mobilenet_orig,14,robustness,0.8791380524635315
93,mobilenet_orig,14,complexity,0.5382632681538028
93,mobilenet_orig,15,faithfulness,-0.25948208570480347
93,mobilenet_orig,15,robustness,0.971885621547699
93,mobilenet_orig,15,complexity,0.6187787136124615
93,mobilenet_orig,16,faithfulness,-0.1231493353843689
93,mobilenet_orig,16,robustness,0.799714982509613
93,mobilenet_orig,16,complexity,0.5358798088494814
93,mobilenet_orig,17,faithfulness,-0.10689754784107208
93,mobilenet_orig,17,robustness,1.02321457862854
93,mobilenet_orig,17,complexity,0.7222647765737527
93,mobilenet_orig,18,faithfulness,0.20451867580413818
93,mobilenet_orig,18,robustness,0.8206803202629089
93,mobilenet_orig,18,complexity,0.6752511898167034
93,mobilenet_orig,19,faithfulness,0.22293353080749512
93,mobilenet_orig,19,robustness,0.7394053339958191
93,mobilenet_orig,19,complexity,0.55633299457532
93,mobilenet_orig,20,faithfulness,-0.181582510471344
93,mobilenet_orig,20,robustness,0.8932005763053894
93,mobilenet_orig,20,complexity,0.7132412457075951
93,mobilenet_orig,21,faithfulness,0.07473324984312057
93,mobilenet_orig,21,robustness,1.5099108219146729
93,mobilenet_orig,21,complexity,0.6077349237693667
93,mobilenet_orig,22,faithfulness,0.17004796862602234
93,mobilenet_orig,22,robustness,0.9956360459327698
93,mobilenet_orig,22,complexity,0.565944627087524
93,mobilenet_orig,23,faithfulness,0.3655027747154236
93,mobilenet_orig,23,robustness,0.9648628830909729
93,mobilenet_orig,23,complexity,0.4975273415734095
93,mobilenet_orig,24,faithfulness,-0.16671495139598846
93,mobilenet_orig,24,robustness,0.9830996990203857
93,mobilenet_orig,24,complexity,0.4933121885877621
93,mobilenet_orig,25,faithfulness,-0.18028216063976288
93,mobilenet_orig,25,robustness,0.9249481558799744
93,mobilenet_orig,25,complexity,0.6111447794961998
93,mobilenet_orig,26,faithfulness,0.086930051445961
93,mobilenet_orig,26,robustness,0.9987925887107849
93,mobilenet_orig,26,complexity,0.5596795796842471
93,mobilenet_orig,27,faithfulness,0.4560280740261078
93,mobilenet_orig,27,robustness,0.9937518239021301
93,mobilenet_orig,27,complexity,0.6662383643508456
93,mobilenet_orig,28,faithfulness,0.28044193983078003
93,mobilenet_orig,28,robustness,1.1003870964050293
93,mobilenet_orig,28,complexity,0.7752587796697884
93,mobilenet_orig,29,faithfulness,-0.2661113440990448
93,mobilenet_orig,29,robustness,2.3626322746276855
93,mobilenet_orig,29,complexity,0.5895333546071453
93,mobilenet_orig,30,faithfulness,-0.09459856152534485
93,mobilenet_orig,30,robustness,0.8162274956703186
93,mobilenet_orig,30,complexity,0.708142892593784
93,mobilenet_orig,31,faithfulness,0.25688743591308594
93,mobilenet_orig,31,robustness,0.9327520728111267
93,mobilenet_orig,31,complexity,0.555153624614195
93,mobilenet_orig,32,faithfulness,-0.02536243014037609
93,mobilenet_orig,32,robustness,0.9638510346412659
93,mobilenet_orig,32,complexity,0.5802045329695975
93,mobilenet_orig,33,faithfulness,-0.06115412712097168
93,mobilenet_orig,33,robustness,1.0366333723068237
93,mobilenet_orig,33,complexity,0.6070062843666854
93,mobilenet_orig,34,faithfulness,-0.03511403501033783
93,mobilenet_orig,34,robustness,0.9615076184272766
93,mobilenet_orig,34,complexity,0.4689077239364506
93,mobilenet_orig,35,faithfulness,0.19920353591442108
93,mobilenet_orig,35,robustness,0.9052121639251709
93,mobilenet_orig,35,complexity,0.5910752682583946
93,mobilenet_orig,36,faithfulness,-0.032752200961112976
93,mobilenet_orig,36,robustness,0.8935447931289673
93,mobilenet_orig,36,complexity,0.6179268870423461
93,mobilenet_orig,37,faithfulness,0.2805488109588623
93,mobilenet_orig,37,robustness,0.9054250121116638
93,mobilenet_orig,37,complexity,0.5530608093097364
93,mobilenet_orig,38,faithfulness,0.15508830547332764
93,mobilenet_orig,38,robustness,0.8131436705589294
93,mobilenet_orig,38,complexity,0.6071318525196353
93,mobilenet_orig,39,faithfulness,-0.11343654990196228
93,mobilenet_orig,39,robustness,0.913702130317688
93,mobilenet_orig,39,complexity,0.584289659768993
93,mobilenet_orig,40,faithfulness,0.22228148579597473
93,mobilenet_orig,40,robustness,0.9542902112007141
93,mobilenet_orig,40,complexity,0.577638625055661
93,mobilenet_orig,41,faithfulness,0.4450654685497284
93,mobilenet_orig,41,robustness,0.7218007445335388
93,mobilenet_orig,41,complexity,0.496854315717258
93,mobilenet_orig,42,faithfulness,-0.1537545621395111
93,mobilenet_orig,42,robustness,0.7787871360778809
93,mobilenet_orig,42,complexity,0.5524333681279736
93,mobilenet_orig,43,faithfulness,-0.042360108345746994
93,mobilenet_orig,43,robustness,0.8688272833824158
93,mobilenet_orig,43,complexity,0.6467318893920164
93,mobilenet_orig,44,faithfulness,-0.16443592309951782
93,mobilenet_orig,44,robustness,0.9082375764846802
93,mobilenet_orig,44,complexity,0.474037394473583
93,mobilenet_orig,45,faithfulness,0.006000995635986328
93,mobilenet_orig,45,robustness,0.6999617218971252
93,mobilenet_orig,45,complexity,0.593286666331167
93,mobilenet_recplot,0,faithfulness,0.14507323503494263
93,mobilenet_recplot,0,robustness,1.3998806476593018
93,mobilenet_recplot,0,complexity,0.7082637677391456
93,mobilenet_recplot,1,faithfulness,-0.06680049747228622
93,mobilenet_recplot,1,robustness,1.021140456199646
93,mobilenet_recplot,1,complexity,0.8428208841131224
93,mobilenet_recplot,2,faithfulness,0.17107459902763367
93,mobilenet_recplot,2,robustness,0.9998500943183899
93,mobilenet_recplot,2,complexity,0.6295181129945027
93,mobilenet_recplot,3,faithfulness,0.3750806450843811
93,mobilenet_recplot,3,robustness,0.9991017580032349
93,mobilenet_recplot,3,complexity,0.6400096877346416
93,mobilenet_recplot,4,faithfulness,-0.0869748592376709
93,mobilenet_recplot,4,robustness,1.0012493133544922
93,mobilenet_recplot,4,complexity,0.7168736553586609
93,mobilenet_recplot,5,faithfulness,0.434540718793869
93,mobilenet_recplot,5,robustness,0.9982411861419678
93,mobilenet_recplot,5,complexity,0.6749799913373192
93,mobilenet_recplot,6,faithfulness,0.2260076403617859
93,mobilenet_recplot,6,robustness,0.9999294281005859
93,mobilenet_recplot,6,complexity,0.6705095101081855
93,mobilenet_recplot,7,faithfulness,0.1181393712759018
93,mobilenet_recplot,7,robustness,1.0000895261764526
93,mobilenet_recplot,7,complexity,0.7386681075531916
93,mobilenet_recplot,8,faithfulness,0.1820814162492752
93,mobilenet_recplot,8,robustness,1.0001593828201294
93,mobilenet_recplot,8,complexity,0.7437782513431915
93,mobilenet_recplot,9,faithfulness,0.42022252082824707
93,mobilenet_recplot,9,robustness,0.9991919994354248
93,mobilenet_recplot,9,complexity,0.6709289164403232
93,mobilenet_recplot,10,faithfulness,0.3717067837715149
93,mobilenet_recplot,10,robustness,1.1163052320480347
93,mobilenet_recplot,10,complexity,0.6468492852167436
93,mobilenet_recplot,11,faithfulness,0.29400941729545593
93,mobilenet_recplot,11,robustness,1.0
93,mobilenet_recplot,11,complexity,0.6240926610951426
93,mobilenet_recplot,12,faithfulness,-0.06620769947767258
93,mobilenet_recplot,12,robustness,1.0405404567718506
93,mobilenet_recplot,12,complexity,0.7763828095172698
93,mobilenet_recplot,13,faithfulness,0.3940122723579407
93,mobilenet_recplot,13,robustness,1.0
93,mobilenet_recplot,13,complexity,0.6934799113806974
93,mobilenet_recplot,14,faithfulness,0.2798305153846741
93,mobilenet_recplot,14,robustness,1.0066804885864258
93,mobilenet_recplot,14,complexity,0.7919012485094586
93,mobilenet_recplot,15,faithfulness,-0.1742003858089447
93,mobilenet_recplot,15,robustness,1.0251864194869995
93,mobilenet_recplot,15,complexity,0.745715703298832
93,mobilenet_recplot,16,faithfulness,0.4452834725379944
93,mobilenet_recplot,16,robustness,1.0192992687225342
93,mobilenet_recplot,16,complexity,0.7419709172576968
93,mobilenet_recplot,17,faithfulness,-0.07925479114055634
93,mobilenet_recplot,17,robustness,1.0
93,mobilenet_recplot,17,complexity,0.5460396905287896
93,mobilenet_recplot,18,faithfulness,0.6294228434562683
93,mobilenet_recplot,18,robustness,1.0001623630523682
93,mobilenet_recplot,18,complexity,0.763071663041644
93,mobilenet_recplot,19,faithfulness,0.1680578589439392
93,mobilenet_recplot,19,robustness,1.1403428316116333
93,mobilenet_recplot,19,complexity,0.6125170785462851
93,mobilenet_recplot,20,faithfulness,0.19421666860580444
93,mobilenet_recplot,20,robustness,1.001644253730774
93,mobilenet_recplot,20,complexity,0.6555098308800995
93,mobilenet_recplot,21,faithfulness,0.01662934198975563
93,mobilenet_recplot,21,robustness,1.0010132789611816
93,mobilenet_recplot,21,complexity,0.6779914081091161
93,mobilenet_recplot,22,faithfulness,-0.024690639227628708
93,mobilenet_recplot,22,robustness,2.5998375415802
93,mobilenet_recplot,22,complexity,0.5499917297456971
93,mobilenet_recplot,23,faithfulness,0.03391736000776291
93,mobilenet_recplot,23,robustness,1.4451225996017456
93,mobilenet_recplot,23,complexity,0.3916268845510071
93,mobilenet_recplot,24,faithfulness,-0.0407126285135746
93,mobilenet_recplot,24,robustness,3.4066476821899414
93,mobilenet_recplot,24,complexity,0.4214174730483207
93,mobilenet_recplot,25,faithfulness,0.26079612970352173
93,mobilenet_recplot,25,robustness,4.004897594451904
93,mobilenet_recplot,25,complexity,0.7000566045033292
93,mobilenet_recplot,26,faithfulness,0.07890601456165314
93,mobilenet_recplot,26,robustness,6.35529088973999
93,mobilenet_recplot,26,complexity,0.6620809729873472
93,mobilenet_recplot,27,faithfulness,0.19328567385673523
93,mobilenet_recplot,27,robustness,2.9274370670318604
93,mobilenet_recplot,27,complexity,0.5023218278374167
93,mobilenet_recplot,28,faithfulness,0.3009207546710968
93,mobilenet_recplot,28,robustness,2.2925422191619873
93,mobilenet_recplot,28,complexity,0.5517998830402849
93,mobilenet_recplot,29,faithfulness,0.23295778036117554
93,mobilenet_recplot,29,robustness,4.6889777183532715
93,mobilenet_recplot,29,complexity,0.3854796675985931
93,mobilenet_recplot,30,faithfulness,-0.03718911111354828
93,mobilenet_recplot,30,robustness,2.0440306663513184
93,mobilenet_recplot,30,complexity,0.4877264808095141
93,mobilenet_recplot,31,faithfulness,0.06773141026496887
93,mobilenet_recplot,31,robustness,2.0729382038116455
93,mobilenet_recplot,31,complexity,0.5987660051173088
93,mobilenet_recplot,32,faithfulness,0.2677413821220398
93,mobilenet_recplot,32,robustness,3.6486446857452393
93,mobilenet_recplot,32,complexity,0.7521527821584835
93,mobilenet_recplot,33,faithfulness,0.0680968388915062
93,mobilenet_recplot,33,robustness,4.953816890716553
93,mobilenet_recplot,33,complexity,0.5364329503636862
93,mobilenet_recplot,34,faithfulness,0.10878580063581467
93,mobilenet_recplot,34,robustness,1.0916252136230469
93,mobilenet_recplot,34,complexity,0.5351022609284273
93,mobilenet_recplot,35,faithfulness,0.22992786765098572
93,mobilenet_recplot,35,robustness,2.9079766273498535
93,mobilenet_recplot,35,complexity,0.7667723170326995
93,mobilenet_recplot,36,faithfulness,0.2899959087371826
93,mobilenet_recplot,36,robustness,9.94750690460205
93,mobilenet_recplot,36,complexity,0.7276030522794474
93,mobilenet_recplot,37,faithfulness,0.409380704164505
93,mobilenet_recplot,37,robustness,1.5085558891296387
93,mobilenet_recplot,37,complexity,0.46652871881772984
93,mobilenet_recplot,38,faithfulness,0.004786878824234009
93,mobilenet_recplot,38,robustness,1.7068676948547363
93,mobilenet_recplot,38,complexity,0.43686032177847367
93,mobilenet_recplot,39,faithfulness,-0.10335295647382736
93,mobilenet_recplot,39,robustness,1.6739122867584229
93,mobilenet_recplot,39,complexity,0.45297682584935917
93,mobilenet_recplot,40,faithfulness,0.46290794014930725
93,mobilenet_recplot,40,robustness,1.4155049324035645
93,mobilenet_recplot,40,complexity,0.6218749426669301
93,mobilenet_recplot,41,faithfulness,-0.02210601419210434
93,mobilenet_recplot,41,robustness,1.5682076215744019
93,mobilenet_recplot,41,complexity,0.5897449281172824
93,mobilenet_recplot,42,faithfulness,0.0761633962392807
93,mobilenet_recplot,42,robustness,1.3021361827850342
93,mobilenet_recplot,42,complexity,0.49509743558102587
93,mobilenet_recplot,43,faithfulness,0.16305139660835266
93,mobilenet_recplot,43,robustness,24.45960235595703
93,mobilenet_recplot,43,complexity,0.6886310169350522
93,mobilenet_recplot,44,faithfulness,0.24029092490673065
93,mobilenet_recplot,44,robustness,1.3978441953659058
93,mobilenet_recplot,44,complexity,0.47752694884772456
93,mobilenet_recplot,45,faithfulness,-0.04707254841923714
93,mobilenet_recplot,45,robustness,1.8049956560134888
93,mobilenet_recplot,45,complexity,0.5512188427473648
93,effnet_orig,0,faithfulness,-0.07528668642044067
93,effnet_orig,0,robustness,1.0618735551834106
93,effnet_orig,0,complexity,0.3971219758171006
93,effnet_orig,1,faithfulness,0.18678084015846252
93,effnet_orig,1,robustness,1.3909778594970703
93,effnet_orig,1,complexity,0.8199839856688581
93,effnet_orig,2,faithfulness,0.15831372141838074
93,effnet_orig,2,robustness,1.1566866636276245
93,effnet_orig,2,complexity,0.7571590616316807
93,effnet_orig,3,faithfulness,-0.24540919065475464
93,effnet_orig,3,robustness,0.9990523457527161
93,effnet_orig,3,complexity,0.47857327062260924
93,effnet_orig,4,faithfulness,0.19876821339130402
93,effnet_orig,4,robustness,1.8051825761795044
93,effnet_orig,4,complexity,0.7942678160447535
93,effnet_orig,5,faithfulness,0.3121764063835144
93,effnet_orig,5,robustness,1.095834732055664
93,effnet_orig,5,complexity,0.576424533442142
93,effnet_orig,6,faithfulness,0.24244628846645355
93,effnet_orig,6,robustness,1.0319058895111084
93,effnet_orig,6,complexity,0.5571116417824116
93,effnet_orig,7,faithfulness,0.19778969883918762
93,effnet_orig,7,robustness,1.724380612373352
93,effnet_orig,7,complexity,0.7046722969737147
93,effnet_orig,8,faithfulness,-0.1602707803249359
93,effnet_orig,8,robustness,0.9999160766601562
93,effnet_orig,8,complexity,0.5644701858110898
93,effnet_orig,9,faithfulness,0.3170505166053772
93,effnet_orig,9,robustness,1.217481017112732
93,effnet_orig,9,complexity,0.678653646968827
93,effnet_orig,10,faithfulness,0.12312576919794083
93,effnet_orig,10,robustness,10.684676170349121
93,effnet_orig,10,complexity,0.8754994094230099
93,effnet_orig,11,faithfulness,0.2503177523612976
93,effnet_orig,11,robustness,1.9024572372436523
93,effnet_orig,11,complexity,0.8554797581130051
93,effnet_orig,12,faithfulness,0.08585000038146973
93,effnet_orig,12,robustness,1.62777841091156
93,effnet_orig,12,complexity,0.7698099680686782
93,effnet_orig,13,faithfulness,0.3153647780418396
93,effnet_orig,13,robustness,1.0636160373687744
93,effnet_orig,13,complexity,0.7686141018439319
93,effnet_orig,14,faithfulness,0.16401991248130798
93,effnet_orig,14,robustness,11.423578262329102
93,effnet_orig,14,complexity,0.9321361462462922
93,effnet_orig,15,faithfulness,-0.22005900740623474
93,effnet_orig,15,robustness,1.2752306461334229
93,effnet_orig,15,complexity,0.7555021553003216
93,effnet_orig,16,faithfulness,0.300364226102829
93,effnet_orig,16,robustness,1.0917750597000122
93,effnet_orig,16,complexity,0.586628243814068
93,effnet_orig,17,faithfulness,-0.07039086520671844
93,effnet_orig,17,robustness,1.7859243154525757
93,effnet_orig,17,complexity,0.6816296472628272
93,effnet_orig,18,faithfulness,-0.145048588514328
93,effnet_orig,18,robustness,1.0103771686553955
93,effnet_orig,18,complexity,0.7071372898099128
93,effnet_orig,19,faithfulness,-0.14180299639701843
93,effnet_orig,19,robustness,18.819705963134766
93,effnet_orig,19,complexity,0.7684756392242014
93,effnet_orig,20,faithfulness,0.05190690606832504
93,effnet_orig,20,robustness,1.5262454748153687
93,effnet_orig,20,complexity,0.879288288174008
93,effnet_orig,21,faithfulness,0.0012731552124023438
93,effnet_orig,21,robustness,7.3164167404174805
93,effnet_orig,21,complexity,0.8355690207354368
93,effnet_orig,22,faithfulness,-0.09613628685474396
93,effnet_orig,22,robustness,0.9714499115943909
93,effnet_orig,22,complexity,0.42037372557328306
93,effnet_orig,23,faithfulness,-0.056487683206796646
93,effnet_orig,23,robustness,0.9834995269775391
93,effnet_orig,23,complexity,0.4202744017384887
93,effnet_orig,24,faithfulness,0.08293280750513077
93,effnet_orig,24,robustness,0.9666457176208496
93,effnet_orig,24,complexity,0.39012773715072846
93,effnet_orig,25,faithfulness,-0.15580487251281738
93,effnet_orig,25,robustness,0.9561934471130371
93,effnet_orig,25,complexity,0.4061088809342449
93,effnet_orig,26,faithfulness,-0.1856372058391571
93,effnet_orig,26,robustness,0.9261490106582642
93,effnet_orig,26,complexity,0.579077530206595
93,effnet_orig,27,faithfulness,-0.1446552574634552
93,effnet_orig,27,robustness,0.9631165266036987
93,effnet_orig,27,complexity,0.4477611336899854
93,effnet_orig,28,faithfulness,-0.16385722160339355
93,effnet_orig,28,robustness,1.5289572477340698
93,effnet_orig,28,complexity,0.739563714608332
93,effnet_orig,29,faithfulness,-0.0241190567612648
93,effnet_orig,29,robustness,0.9864130616188049
93,effnet_orig,29,complexity,0.5561307155683214
93,effnet_orig,30,faithfulness,-0.26062607765197754
93,effnet_orig,30,robustness,0.9584711790084839
93,effnet_orig,30,complexity,0.5043716227530215
93,effnet_orig,31,faithfulness,-0.029344845563173294
93,effnet_orig,31,robustness,0.9773223996162415
93,effnet_orig,31,complexity,0.4005320890481913
93,effnet_orig,32,faithfulness,-0.08843964338302612
93,effnet_orig,32,robustness,0.9859210252761841
93,effnet_orig,32,complexity,0.40559347023245534
93,effnet_orig,33,faithfulness,-0.09181876480579376
93,effnet_orig,33,robustness,0.9387872219085693
93,effnet_orig,33,complexity,0.37664966480262946
93,effnet_orig,34,faithfulness,-0.0775168314576149
93,effnet_orig,34,robustness,0.9814421534538269
93,effnet_orig,34,complexity,0.46741540644546636
93,effnet_orig,35,faithfulness,-0.03186674416065216
93,effnet_orig,35,robustness,0.9722810387611389
93,effnet_orig,35,complexity,0.3973120715894019
93,effnet_orig,36,faithfulness,-0.17681822180747986
93,effnet_orig,36,robustness,0.971156120300293
93,effnet_orig,36,complexity,0.4750138726695412
93,effnet_orig,37,faithfulness,0.008109476417303085
93,effnet_orig,37,robustness,0.9767693877220154
93,effnet_orig,37,complexity,0.4008536655859183
93,effnet_orig,38,faithfulness,-0.0759614109992981
93,effnet_orig,38,robustness,0.9477276802062988
93,effnet_orig,38,complexity,0.337377105853703
93,effnet_orig,39,faithfulness,0.1429748386144638
93,effnet_orig,39,robustness,0.9752792716026306
93,effnet_orig,39,complexity,0.5132802952655587
93,effnet_orig,40,faithfulness,-0.10298511385917664
93,effnet_orig,40,robustness,0.9733046889305115
93,effnet_orig,40,complexity,0.5790292457871593
93,effnet_orig,41,faithfulness,-0.13921883702278137
93,effnet_orig,41,robustness,0.9869588613510132
93,effnet_orig,41,complexity,0.4519080316737982
93,effnet_orig,42,faithfulness,-0.1151154637336731
93,effnet_orig,42,robustness,0.9593014717102051
93,effnet_orig,42,complexity,0.4422282215925375
93,effnet_orig,43,faithfulness,-0.08931201696395874
93,effnet_orig,43,robustness,0.9217955470085144
93,effnet_orig,43,complexity,0.39023884611565507
93,effnet_orig,44,faithfulness,0.2554067075252533
93,effnet_orig,44,robustness,0.97234046459198
93,effnet_orig,44,complexity,0.3702492443797252
93,effnet_orig,45,faithfulness,0.2169286608695984
93,effnet_orig,45,robustness,0.9628894925117493
93,effnet_orig,45,complexity,0.3550695112495913
93,effnet_recplot,0,faithfulness,0.04313226416707039
93,effnet_recplot,0,robustness,7.891422748565674
93,effnet_recplot,0,complexity,0.8805965857874665
93,effnet_recplot,1,faithfulness,0.006371781229972839
93,effnet_recplot,1,robustness,1.8218026161193848
93,effnet_recplot,1,complexity,0.7578066907981851
93,effnet_recplot,2,faithfulness,0.007093658670783043
93,effnet_recplot,2,robustness,1.0857841968536377
93,effnet_recplot,2,complexity,0.6468444084816204
93,effnet_recplot,3,faithfulness,0.16418305039405823
93,effnet_recplot,3,robustness,1.0271155834197998
93,effnet_recplot,3,complexity,0.6862452668622158
93,effnet_recplot,4,faithfulness,0.08120016753673553
93,effnet_recplot,4,robustness,1.1897461414337158
93,effnet_recplot,4,complexity,0.5056443237926248
93,effnet_recplot,5,faithfulness,-0.18656550347805023
93,effnet_recplot,5,robustness,1.0149096250534058
93,effnet_recplot,5,complexity,0.6814688837731587
93,effnet_recplot,6,faithfulness,0.3297575116157532
93,effnet_recplot,6,robustness,1.068537712097168
93,effnet_recplot,6,complexity,0.37577762122485514
93,effnet_recplot,7,faithfulness,0.14230415225028992
93,effnet_recplot,7,robustness,0.9999919533729553
93,effnet_recplot,7,complexity,0.7204947787890866
93,effnet_recplot,8,faithfulness,-0.025579802691936493
93,effnet_recplot,8,robustness,1.0622966289520264
93,effnet_recplot,8,complexity,0.6412054067303712
93,effnet_recplot,9,faithfulness,0.06048642843961716
93,effnet_recplot,9,robustness,1.0
93,effnet_recplot,9,complexity,0.5358559602165478
93,effnet_recplot,10,faithfulness,0.2301710546016693
93,effnet_recplot,10,robustness,1.0131903886795044
93,effnet_recplot,10,complexity,0.6695198261299498
93,effnet_recplot,11,faithfulness,0.17651720345020294
93,effnet_recplot,11,robustness,1.0396816730499268
93,effnet_recplot,11,complexity,0.7699871250992995
93,effnet_recplot,12,faithfulness,-0.054622832685709
93,effnet_recplot,12,robustness,4.954594612121582
93,effnet_recplot,12,complexity,0.7943418300847956
93,effnet_recplot,13,faithfulness,-0.05274978280067444
93,effnet_recplot,13,robustness,1.1015652418136597
93,effnet_recplot,13,complexity,0.8439040255991354
93,effnet_recplot,14,faithfulness,0.043636247515678406
93,effnet_recplot,14,robustness,1.2111306190490723
93,effnet_recplot,14,complexity,0.57340317877665
93,effnet_recplot,15,faithfulness,-0.2508193254470825
93,effnet_recplot,15,robustness,0.9974592328071594
93,effnet_recplot,15,complexity,0.5042395922064957
93,effnet_recplot,16,faithfulness,0.0691021978855133
93,effnet_recplot,16,robustness,1.1926069259643555
93,effnet_recplot,16,complexity,0.7205301093436441
93,effnet_recplot,17,faithfulness,0.07839339226484299
93,effnet_recplot,17,robustness,1.027238368988037
93,effnet_recplot,17,complexity,0.8435978482491975
93,effnet_recplot,18,faithfulness,0.04278884828090668
93,effnet_recplot,18,robustness,1.07991361618042
93,effnet_recplot,18,complexity,0.5960994356946157
93,effnet_recplot,19,faithfulness,-0.21479865908622742
93,effnet_recplot,19,robustness,1.0
93,effnet_recplot,19,complexity,0.678179792220531
93,effnet_recplot,20,faithfulness,0.2941760718822479
93,effnet_recplot,20,robustness,1.0
93,effnet_recplot,20,complexity,0.4488122319543019
93,effnet_recplot,21,faithfulness,0.04793617129325867
93,effnet_recplot,21,robustness,8.651423454284668
93,effnet_recplot,21,complexity,0.6173192151942627
93,effnet_recplot,22,faithfulness,-0.41722333431243896
93,effnet_recplot,22,robustness,9.247737884521484
93,effnet_recplot,22,complexity,0.5140231472234978
93,effnet_recplot,23,faithfulness,-0.1709173321723938
93,effnet_recplot,23,robustness,1.3678464889526367
93,effnet_recplot,23,complexity,0.3977850522204187
93,effnet_recplot,24,faithfulness,0.12368752062320709
93,effnet_recplot,24,robustness,1.0
93,effnet_recplot,24,complexity,0.38705564580807245
93,effnet_recplot,25,faithfulness,0.35625866055488586
93,effnet_recplot,25,robustness,1.130771517753601
93,effnet_recplot,25,complexity,0.5112331724762865
93,effnet_recplot,26,faithfulness,0.31706926226615906
93,effnet_recplot,26,robustness,30.300201416015625
93,effnet_recplot,26,complexity,0.8749401769999836
93,effnet_recplot,27,faithfulness,-0.19295677542686462
93,effnet_recplot,27,robustness,2.8013885021209717
93,effnet_recplot,27,complexity,0.5601446362028133
93,effnet_recplot,28,faithfulness,-0.002392064779996872
93,effnet_recplot,28,robustness,10.150161743164062
93,effnet_recplot,28,complexity,0.49033329182475893
93,effnet_recplot,29,faithfulness,0.12130414694547653
93,effnet_recplot,29,robustness,9.389435768127441
93,effnet_recplot,29,complexity,0.4144243053333052
93,effnet_recplot,30,faithfulness,-0.47488030791282654
93,effnet_recplot,30,robustness,1.6440620422363281
93,effnet_recplot,30,complexity,0.5574463760799763
93,effnet_recplot,31,faithfulness,-0.18473553657531738
93,effnet_recplot,31,robustness,1.6518999338150024
93,effnet_recplot,31,complexity,0.5754874104386382
93,effnet_recplot,32,faithfulness,0.06497073173522949
93,effnet_recplot,32,robustness,35.19326400756836
93,effnet_recplot,32,complexity,0.749303246934037
93,effnet_recplot,33,faithfulness,-0.19937868416309357
93,effnet_recplot,33,robustness,4.556741237640381
93,effnet_recplot,33,complexity,0.4649074570377091
93,effnet_recplot,34,faithfulness,-0.13012808561325073
93,effnet_recplot,34,robustness,45.569400787353516
93,effnet_recplot,34,complexity,0.7611548120821123
93,effnet_recplot,35,faithfulness,0.007113056257367134
93,effnet_recplot,35,robustness,5.714225769042969
93,effnet_recplot,35,complexity,0.7995297417400957
93,effnet_recplot,36,faithfulness,0.3421909213066101
93,effnet_recplot,36,robustness,1.0
93,effnet_recplot,36,complexity,0.7510042174706052
93,effnet_recplot,37,faithfulness,-0.06888474524021149
93,effnet_recplot,37,robustness,3.8748254776000977
93,effnet_recplot,37,complexity,0.47244405584407634
93,effnet_recplot,38,faithfulness,-0.05389168858528137
93,effnet_recplot,38,robustness,1.4886878728866577
93,effnet_recplot,38,complexity,0.4916824651585284
93,effnet_recplot,39,faithfulness,0.12627646327018738
93,effnet_recplot,39,robustness,3.88887095451355
93,effnet_recplot,39,complexity,0.4888180585752935
93,effnet_recplot,40,faithfulness,0.18355825543403625
93,effnet_recplot,40,robustness,2.276519298553467
93,effnet_recplot,40,complexity,0.7562756231759522
93,effnet_recplot,41,faithfulness,-0.1302567422389984
93,effnet_recplot,41,robustness,2.765864133834839
93,effnet_recplot,41,complexity,0.6919653431286339
93,effnet_recplot,42,faithfulness,0.033704109489917755
93,effnet_recplot,42,robustness,3.0558106899261475
93,effnet_recplot,42,complexity,0.7442893824623378
93,effnet_recplot,43,faithfulness,0.1300140619277954
93,effnet_recplot,43,robustness,1.6628100872039795
93,effnet_recplot,43,complexity,0.6715597953765757
93,effnet_recplot,44,faithfulness,-0.15835538506507874
93,effnet_recplot,44,robustness,1.3382022380828857
93,effnet_recplot,44,complexity,0.46572568791080404
93,effnet_recplot,45,faithfulness,-0.15320226550102234
93,effnet_recplot,45,robustness,1.0
93,effnet_recplot,45,complexity,0.5102534259125412
107,mobilenet_orig,0,faithfulness,0.17017483711242676
107,mobilenet_orig,0,robustness,0.832649290561676
107,mobilenet_orig,0,complexity,0.5642879903775251
107,mobilenet_orig,1,faithfulness,-0.033366575837135315
107,mobilenet_orig,1,robustness,1.0066564083099365
107,mobilenet_orig,1,complexity,0.7200551270946349
107,mobilenet_orig,2,faithfulness,0.04882131516933441
107,mobilenet_orig,2,robustness,1.037235140800476
107,mobilenet_orig,2,complexity,0.5901878827653552
107,mobilenet_orig,3,faithfulness,-0.389127254486084
107,mobilenet_orig,3,robustness,1.0098538398742676
107,mobilenet_orig,3,complexity,0.6110714793561783
107,mobilenet_orig,4,faithfulness,0.07470335066318512
107,mobilenet_orig,4,robustness,1.2600717544555664
107,mobilenet_orig,4,complexity,0.658416377529083
107,mobilenet_orig,5,faithfulness,0.15845979750156403
107,mobilenet_orig,5,robustness,0.9549617171287537
107,mobilenet_orig,5,complexity,0.6247694942585555
107,mobilenet_orig,6,faithfulness,0.3436889350414276
107,mobilenet_orig,6,robustness,0.8424754738807678
107,mobilenet_orig,6,complexity,0.641636158510016
107,mobilenet_orig,7,faithfulness,0.48428604006767273
107,mobilenet_orig,7,robustness,1.0188665390014648
107,mobilenet_orig,7,complexity,0.606100860526523
107,mobilenet_orig,8,faithfulness,0.2549886703491211
107,mobilenet_orig,8,robustness,0.8049173355102539
107,mobilenet_orig,8,complexity,0.6024649512571547
107,mobilenet_orig,9,faithfulness,-0.09785888344049454
107,mobilenet_orig,9,robustness,1.4558483362197876
107,mobilenet_orig,9,complexity,0.7290475128073424
107,mobilenet_orig,10,faithfulness,0.2979491353034973
107,mobilenet_orig,10,robustness,1.2888201475143433
107,mobilenet_orig,10,complexity,0.7336729222768674
107,mobilenet_orig,11,faithfulness,0.1212993860244751
107,mobilenet_orig,11,robustness,1.037854552268982
107,mobilenet_orig,11,complexity,0.698820849018136
107,mobilenet_orig,12,faithfulness,-0.2691875994205475
107,mobilenet_orig,12,robustness,0.7286764979362488
107,mobilenet_orig,12,complexity,0.6335015687920762
107,mobilenet_orig,13,faithfulness,0.19454723596572876
107,mobilenet_orig,13,robustness,0.9929582476615906
107,mobilenet_orig,13,complexity,0.6422567265898479
107,mobilenet_orig,14,faithfulness,-0.1620524525642395
107,mobilenet_orig,14,robustness,0.9464792609214783
107,mobilenet_orig,14,complexity,0.5640937453657815
107,mobilenet_orig,15,faithfulness,-0.020787551999092102
107,mobilenet_orig,15,robustness,0.7992384433746338
107,mobilenet_orig,15,complexity,0.753185740915222
107,mobilenet_orig,16,faithfulness,-0.15914103388786316
107,mobilenet_orig,16,robustness,0.8678420186042786
107,mobilenet_orig,16,complexity,0.5684220898546344
107,mobilenet_orig,17,faithfulness,0.25090569257736206
107,mobilenet_orig,17,robustness,0.9889494180679321
107,mobilenet_orig,17,complexity,0.6904603604314447
107,mobilenet_orig,18,faithfulness,0.0902169942855835
107,mobilenet_orig,18,robustness,0.8705727458000183
107,mobilenet_orig,18,complexity,0.7659443166482879
107,mobilenet_orig,19,faithfulness,0.28566548228263855
107,mobilenet_orig,19,robustness,0.7639838457107544
107,mobilenet_orig,19,complexity,0.6631070693024114
107,mobilenet_orig,20,faithfulness,-0.060210421681404114
107,mobilenet_orig,20,robustness,2.591093063354492
107,mobilenet_orig,20,complexity,0.6692697471460267
107,mobilenet_orig,21,faithfulness,-0.17480909824371338
107,mobilenet_orig,21,robustness,1.332478642463684
107,mobilenet_orig,21,complexity,0.6943699815088088
107,mobilenet_orig,22,faithfulness,-0.07602536678314209
107,mobilenet_orig,22,robustness,0.9922544956207275
107,mobilenet_orig,22,complexity,0.5808333487595311
107,mobilenet_orig,23,faithfulness,0.2494189441204071
107,mobilenet_orig,23,robustness,0.9461848139762878
107,mobilenet_orig,23,complexity,0.5501725915028243
107,mobilenet_orig,24,faithfulness,0.19291438162326813
107,mobilenet_orig,24,robustness,0.9642831087112427
107,mobilenet_orig,24,complexity,0.5300487910809236
107,mobilenet_orig,25,faithfulness,-0.2989041209220886
107,mobilenet_orig,25,robustness,0.8578733205795288
107,mobilenet_orig,25,complexity,0.6086418778959918
107,mobilenet_orig,26,faithfulness,0.2702227830886841
107,mobilenet_orig,26,robustness,0.9774015545845032
107,mobilenet_orig,26,complexity,0.5650189786272583
107,mobilenet_orig,27,faithfulness,0.3420397639274597
107,mobilenet_orig,27,robustness,0.891313910484314
107,mobilenet_orig,27,complexity,0.6170245928599247
107,mobilenet_orig,28,faithfulness,-0.4020470082759857
107,mobilenet_orig,28,robustness,1.9101934432983398
107,mobilenet_orig,28,complexity,0.7723064977160692
107,mobilenet_orig,29,faithfulness,0.20711997151374817
107,mobilenet_orig,29,robustness,1.154524803161621
107,mobilenet_orig,29,complexity,0.6015058770859324
107,mobilenet_orig,30,faithfulness,0.05203325301408768
107,mobilenet_orig,30,robustness,0.662022590637207
107,mobilenet_orig,30,complexity,0.632793612711247
107,mobilenet_orig,31,faithfulness,0.058516163378953934
107,mobilenet_orig,31,robustness,0.9407522678375244
107,mobilenet_orig,31,complexity,0.5125737893111706
107,mobilenet_orig,32,faithfulness,0.19012175500392914
107,mobilenet_orig,32,robustness,0.9335317015647888
107,mobilenet_orig,32,complexity,0.5749693473571144
107,mobilenet_orig,33,faithfulness,0.023217637091875076
107,mobilenet_orig,33,robustness,0.9850778579711914
107,mobilenet_orig,33,complexity,0.640621519217
107,mobilenet_orig,34,faithfulness,-0.25297531485557556
107,mobilenet_orig,34,robustness,0.9306499361991882
107,mobilenet_orig,34,complexity,0.5020982231233798
107,mobilenet_orig,35,faithfulness,0.4073287844657898
107,mobilenet_orig,35,robustness,0.8002089858055115
107,mobilenet_orig,35,complexity,0.5461108962744998
107,mobilenet_orig,36,faithfulness,0.179677352309227
107,mobilenet_orig,36,robustness,0.9100386500358582
107,mobilenet_orig,36,complexity,0.6738722669794049
107,mobilenet_orig,37,faithfulness,-0.13615983724594116
107,mobilenet_orig,37,robustness,0.9178473353385925
107,mobilenet_orig,37,complexity,0.5759875705589854
107,mobilenet_orig,38,faithfulness,-0.1425836831331253
107,mobilenet_orig,38,robustness,0.7673941254615784
107,mobilenet_orig,38,complexity,0.632357732028151
107,mobilenet_orig,39,faithfulness,0.30707305669784546
107,mobilenet_orig,39,robustness,0.9193711876869202
107,mobilenet_orig,39,complexity,0.6482603913808201
107,mobilenet_orig,40,faithfulness,0.1933075487613678
107,mobilenet_orig,40,robustness,0.8735710382461548
107,mobilenet_orig,40,complexity,0.578402978444999
107,mobilenet_orig,41,faithfulness,-0.08432252705097198
107,mobilenet_orig,41,robustness,0.7216927409172058
107,mobilenet_orig,41,complexity,0.5140401781720478
107,mobilenet_orig,42,faithfulness,0.18571150302886963
107,mobilenet_orig,42,robustness,0.5466346144676208
107,mobilenet_orig,42,complexity,0.5835858886347547
107,mobilenet_orig,43,faithfulness,0.4177097678184509
107,mobilenet_orig,43,robustness,1.029396653175354
107,mobilenet_orig,43,complexity,0.7363817716125655
107,mobilenet_orig,44,faithfulness,0.3261737525463104
107,mobilenet_orig,44,robustness,0.8754943013191223
107,mobilenet_orig,44,complexity,0.48143143075583184
107,mobilenet_orig,45,faithfulness,-0.23984000086784363
107,mobilenet_orig,45,robustness,0.6959972381591797
107,mobilenet_orig,45,complexity,0.6219342019689061
107,mobilenet_recplot,0,faithfulness,0.012565240263938904
107,mobilenet_recplot,0,robustness,1.0857990980148315
107,mobilenet_recplot,0,complexity,0.8830510309679453
107,mobilenet_recplot,1,faithfulness,0.3366178870201111
107,mobilenet_recplot,1,robustness,0.9985970854759216
107,mobilenet_recplot,1,complexity,0.8092755020291731
107,mobilenet_recplot,2,faithfulness,0.20405225455760956
107,mobilenet_recplot,2,robustness,0.9817001223564148
107,mobilenet_recplot,2,complexity,0.6790593134111397
107,mobilenet_recplot,3,faithfulness,0.11686645448207855
107,mobilenet_recplot,3,robustness,0.9953898191452026
107,mobilenet_recplot,3,complexity,0.6635710419855848
107,mobilenet_recplot,4,faithfulness,0.2676554024219513
107,mobilenet_recplot,4,robustness,0.9690427780151367
107,mobilenet_recplot,4,complexity,0.8612520196859023
107,mobilenet_recplot,5,faithfulness,0.12587133049964905
107,mobilenet_recplot,5,robustness,1.0000219345092773
107,mobilenet_recplot,5,complexity,0.6916631401508495
107,mobilenet_recplot,6,faithfulness,-0.1501273363828659
107,mobilenet_recplot,6,robustness,0.9678351879119873
107,mobilenet_recplot,6,complexity,0.7658158406593992
107,mobilenet_recplot,7,faithfulness,0.3516163229942322
107,mobilenet_recplot,7,robustness,0.9798259735107422
107,mobilenet_recplot,7,complexity,0.7550249194078065
107,mobilenet_recplot,8,faithfulness,0.10594794154167175
107,mobilenet_recplot,8,robustness,0.9920772910118103
107,mobilenet_recplot,8,complexity,0.8165893899995356
107,mobilenet_recplot,9,faithfulness,0.27203673124313354
107,mobilenet_recplot,9,robustness,0.9786887168884277
107,mobilenet_recplot,9,complexity,0.8264625008182516
107,mobilenet_recplot,10,faithfulness,0.037686001509428024
107,mobilenet_recplot,10,robustness,1.0172326564788818
107,mobilenet_recplot,10,complexity,0.6075016329223476
107,mobilenet_recplot,11,faithfulness,0.35890164971351624
107,mobilenet_recplot,11,robustness,0.9691373705863953
107,mobilenet_recplot,11,complexity,0.5843362037885471
107,mobilenet_recplot,12,faithfulness,0.08005465567111969
107,mobilenet_recplot,12,robustness,0.9687497019767761
107,mobilenet_recplot,12,complexity,0.7321064996893583
107,mobilenet_recplot,13,faithfulness,0.14195924997329712
107,mobilenet_recplot,13,robustness,1.011419415473938
107,mobilenet_recplot,13,complexity,0.7828052089454721
107,mobilenet_recplot,14,faithfulness,0.18238122761249542
107,mobilenet_recplot,14,robustness,0.9948378205299377
107,mobilenet_recplot,14,complexity,0.7175149405179551
107,mobilenet_recplot,15,faithfulness,-0.3295811414718628
107,mobilenet_recplot,15,robustness,0.9753057956695557
107,mobilenet_recplot,15,complexity,0.8408552031592159
107,mobilenet_recplot,16,faithfulness,0.21197819709777832
107,mobilenet_recplot,16,robustness,0.9698705077171326
107,mobilenet_recplot,16,complexity,0.9060537772255368
107,mobilenet_recplot,17,faithfulness,0.23935523629188538
107,mobilenet_recplot,17,robustness,0.9752991795539856
107,mobilenet_recplot,17,complexity,0.8031313845264464
107,mobilenet_recplot,18,faithfulness,0.09813062101602554
107,mobilenet_recplot,18,robustness,0.9991422295570374
107,mobilenet_recplot,18,complexity,0.8128620042784874
107,mobilenet_recplot,19,faithfulness,0.21907761693000793
107,mobilenet_recplot,19,robustness,0.9980127215385437
107,mobilenet_recplot,19,complexity,0.6511380657948264
107,mobilenet_recplot,20,faithfulness,0.4166998267173767
107,mobilenet_recplot,20,robustness,0.9980243444442749
107,mobilenet_recplot,20,complexity,0.6003263649628102
107,mobilenet_recplot,21,faithfulness,-0.002041073516011238
107,mobilenet_recplot,21,robustness,0.9424203038215637
107,mobilenet_recplot,21,complexity,0.7535969952736236
107,mobilenet_recplot,22,faithfulness,-0.3055244982242584
107,mobilenet_recplot,22,robustness,3.486703634262085
107,mobilenet_recplot,22,complexity,0.454122881741022
107,mobilenet_recplot,23,faithfulness,0.001866418868303299
107,mobilenet_recplot,23,robustness,1.4110736846923828
107,mobilenet_recplot,23,complexity,0.42650153443675676
107,mobilenet_recplot,24,faithfulness,0.025602329522371292
107,mobilenet_recplot,24,robustness,1.5406769514083862
107,mobilenet_recplot,24,complexity,0.5853737253938548
107,mobilenet_recplot,25,faithfulness,-0.01889362931251526
107,mobilenet_recplot,25,robustness,1.0618371963500977
107,mobilenet_recplot,25,complexity,0.6301052214775333
107,mobilenet_recplot,26,faithfulness,0.13252557814121246
107,mobilenet_recplot,26,robustness,2.1377127170562744
107,mobilenet_recplot,26,complexity,0.6922567507312938
107,mobilenet_recplot,27,faithfulness,0.04061131551861763
107,mobilenet_recplot,27,robustness,2.195566415786743
107,mobilenet_recplot,27,complexity,0.60313338842674
107,mobilenet_recplot,28,faithfulness,0.033978525549173355
107,mobilenet_recplot,28,robustness,2.7702815532684326
107,mobilenet_recplot,28,complexity,0.5329283373411031
107,mobilenet_recplot,29,faithfulness,-0.26456502079963684
107,mobilenet_recplot,29,robustness,8.889023780822754
107,mobilenet_recplot,29,complexity,0.46379559878694554
107,mobilenet_recplot,30,faithfulness,0.02823590487241745
107,mobilenet_recplot,30,robustness,2.3925156593322754
107,mobilenet_recplot,30,complexity,0.3879761252866208
107,mobilenet_recplot,31,faithfulness,0.29768070578575134
107,mobilenet_recplot,31,robustness,1.1549103260040283
107,mobilenet_recplot,31,complexity,0.6536949466139615
107,mobilenet_recplot,32,faithfulness,-0.260763943195343
107,mobilenet_recplot,32,robustness,5.884665012359619
107,mobilenet_recplot,32,complexity,0.7178093290985993
107,mobilenet_recplot,33,faithfulness,0.12659746408462524
107,mobilenet_recplot,33,robustness,2.003858804702759
107,mobilenet_recplot,33,complexity,0.5297224954229021
107,mobilenet_recplot,34,faithfulness,0.03507758677005768
107,mobilenet_recplot,34,robustness,1.1836936473846436
107,mobilenet_recplot,34,complexity,0.7453310716362778
107,mobilenet_recplot,35,faithfulness,0.40878525376319885
107,mobilenet_recplot,35,robustness,1.0044552087783813
107,mobilenet_recplot,35,complexity,0.7272997991106327
107,mobilenet_recplot,36,faithfulness,0.14602050185203552
107,mobilenet_recplot,36,robustness,1.5250357389450073
107,mobilenet_recplot,36,complexity,0.5475616903368483
107,mobilenet_recplot,37,faithfulness,-0.2671615481376648
107,mobilenet_recplot,37,robustness,2.061279773712158
107,mobilenet_recplot,37,complexity,0.45706353876123607
107,mobilenet_recplot,38,faithfulness,0.027326706796884537
107,mobilenet_recplot,38,robustness,1.1997137069702148
107,mobilenet_recplot,38,complexity,0.43272415507737455
107,mobilenet_recplot,39,faithfulness,-0.09668052196502686
107,mobilenet_recplot,39,robustness,1.2272348403930664
107,mobilenet_recplot,39,complexity,0.44914325711788405
107,mobilenet_recplot,40,faithfulness,0.19820904731750488
107,mobilenet_recplot,40,robustness,0.9641832113265991
107,mobilenet_recplot,40,complexity,0.5469256360962697
107,mobilenet_recplot,41,faithfulness,0.20215821266174316
107,mobilenet_recplot,41,robustness,0.9555242657661438
107,mobilenet_recplot,41,complexity,0.5760253383225946
107,mobilenet_recplot,42,faithfulness,0.149601012468338
107,mobilenet_recplot,42,robustness,0.9516290426254272
107,mobilenet_recplot,42,complexity,0.5277111761339356
107,mobilenet_recplot,43,faithfulness,0.431665301322937
107,mobilenet_recplot,43,robustness,12.276643753051758
107,mobilenet_recplot,43,complexity,0.609478170323231
107,mobilenet_recplot,44,faithfulness,0.16116748750209808
107,mobilenet_recplot,44,robustness,1.550753116607666
107,mobilenet_recplot,44,complexity,0.45714143226901627
107,mobilenet_recplot,45,faithfulness,-0.2583896517753601
107,mobilenet_recplot,45,robustness,1.0262867212295532
107,mobilenet_recplot,45,complexity,0.473101744649037
107,effnet_orig,0,faithfulness,0.46048304438591003
107,effnet_orig,0,robustness,0.8787943720817566
107,effnet_orig,0,complexity,0.4964396365115379
107,effnet_orig,1,faithfulness,0.048752523958683014
107,effnet_orig,1,robustness,1.2798506021499634
107,effnet_orig,1,complexity,0.8148434416640481
107,effnet_orig,2,faithfulness,0.14168784022331238
107,effnet_orig,2,robustness,0.957065999507904
107,effnet_orig,2,complexity,0.5680694863103823
107,effnet_orig,3,faithfulness,0.32217565178871155
107,effnet_orig,3,robustness,0.9833196997642517
107,effnet_orig,3,complexity,0.46951188147522754
107,effnet_orig,4,faithfulness,0.007673025131225586
107,effnet_orig,4,robustness,0.9852128028869629
107,effnet_orig,4,complexity,0.6304272615199211
107,effnet_orig,5,faithfulness,0.049225062131881714
107,effnet_orig,5,robustness,1.2002025842666626
107,effnet_orig,5,complexity,0.5156231093581048
107,effnet_orig,6,faithfulness,0.38327816128730774
107,effnet_orig,6,robustness,0.9926949739456177
107,effnet_orig,6,complexity,0.5931743844538866
107,effnet_orig,7,faithfulness,0.23179520666599274
107,effnet_orig,7,robustness,0.9835195541381836
107,effnet_orig,7,complexity,0.5476926315167552
107,effnet_orig,8,faithfulness,0.1783452033996582
107,effnet_orig,8,robustness,0.9863086342811584
107,effnet_orig,8,complexity,0.4730669445815763
107,effnet_orig,9,faithfulness,-0.1125636100769043
107,effnet_orig,9,robustness,0.9787225723266602
107,effnet_orig,9,complexity,0.46297254329268855
107,effnet_orig,10,faithfulness,0.2770000994205475
107,effnet_orig,10,robustness,1.3753247261047363
107,effnet_orig,10,complexity,0.726723198418946
107,effnet_orig,11,faithfulness,0.009598225355148315
107,effnet_orig,11,robustness,1.1416552066802979
107,effnet_orig,11,complexity,0.6937395452607054
107,effnet_orig,12,faithfulness,0.40657851099967957
107,effnet_orig,12,robustness,0.9994539022445679
107,effnet_orig,12,complexity,0.6717408294669266
107,effnet_orig,13,faithfulness,0.13420337438583374
107,effnet_orig,13,robustness,1.0785008668899536
107,effnet_orig,13,complexity,0.7443827565643165
107,effnet_orig,14,faithfulness,0.12257014214992523
107,effnet_orig,14,robustness,2.469916343688965
107,effnet_orig,14,complexity,0.7247760704983909
107,effnet_orig,15,faithfulness,0.16544371843338013
107,effnet_orig,15,robustness,1.149696707725525
107,effnet_orig,15,complexity,0.6026510637669036
107,effnet_orig,16,faithfulness,-0.018434319645166397
107,effnet_orig,16,robustness,1.0003547668457031
107,effnet_orig,16,complexity,0.7353373365488514
107,effnet_orig,17,faithfulness,-0.18199406564235687
107,effnet_orig,17,robustness,2.547628164291382
107,effnet_orig,17,complexity,0.7414356074951015
107,effnet_orig,18,faithfulness,-0.4258006811141968
107,effnet_orig,18,robustness,1.7760978937149048
107,effnet_orig,18,complexity,0.6196353448704831
107,effnet_orig,19,faithfulness,-0.19701257348060608
107,effnet_orig,19,robustness,1.155565619468689
107,effnet_orig,19,complexity,0.7127732896775916
107,effnet_orig,20,faithfulness,0.13103869557380676
107,effnet_orig,20,robustness,49.76202392578125
107,effnet_orig,20,complexity,0.9659624252171384
107,effnet_orig,21,faithfulness,0.590351402759552
107,effnet_orig,21,robustness,9.371580123901367
107,effnet_orig,21,complexity,0.7958140365229811
107,effnet_orig,22,faithfulness,0.12115372717380524
107,effnet_orig,22,robustness,0.9941713809967041
107,effnet_orig,22,complexity,0.4727450097686145
107,effnet_orig,23,faithfulness,-0.11615169048309326
107,effnet_orig,23,robustness,1.0151116847991943
107,effnet_orig,23,complexity,0.447595896613882
107,effnet_orig,24,faithfulness,0.278152197599411
107,effnet_orig,24,robustness,0.9915568828582764
107,effnet_orig,24,complexity,0.3630733203327926
107,effnet_orig,25,faithfulness,-0.13549557328224182
107,effnet_orig,25,robustness,0.9421425461769104
107,effnet_orig,25,complexity,0.4856999131616975
107,effnet_orig,26,faithfulness,0.08853842318058014
107,effnet_orig,26,robustness,0.9991409778594971
107,effnet_orig,26,complexity,0.43654773546130604
107,effnet_orig,27,faithfulness,0.06911548227071762
107,effnet_orig,27,robustness,0.9989753365516663
107,effnet_orig,27,complexity,0.4097393385844054
107,effnet_orig,28,faithfulness,0.055453330278396606
107,effnet_orig,28,robustness,1.5522515773773193
107,effnet_orig,28,complexity,0.451611834594604
107,effnet_orig,29,faithfulness,0.11716534197330475
107,effnet_orig,29,robustness,0.9745185375213623
107,effnet_orig,29,complexity,0.3081999321733348
107,effnet_orig,30,faithfulness,-0.13584353029727936
107,effnet_orig,30,robustness,0.9999905824661255
107,effnet_orig,30,complexity,0.41745568922209864
107,effnet_orig,31,faithfulness,0.3220156729221344
107,effnet_orig,31,robustness,1.0418384075164795
107,effnet_orig,31,complexity,0.41306991923280184
107,effnet_orig,32,faithfulness,0.0994172990322113
107,effnet_orig,32,robustness,0.9913333654403687
107,effnet_orig,32,complexity,0.4033749083427614
107,effnet_orig,33,faithfulness,-0.2255975604057312
107,effnet_orig,33,robustness,0.9914724230766296
107,effnet_orig,33,complexity,0.3846973473980383
107,effnet_orig,34,faithfulness,-0.08320745080709457
107,effnet_orig,34,robustness,0.9950916171073914
107,effnet_orig,34,complexity,0.4705718795059822
107,effnet_orig,35,faithfulness,-0.0060455650091171265
107,effnet_orig,35,robustness,0.994053304195404
107,effnet_orig,35,complexity,0.4450375571638824
107,effnet_orig,36,faithfulness,-0.1495395451784134
107,effnet_orig,36,robustness,1.0254138708114624
107,effnet_orig,36,complexity,0.4656822179910681
107,effnet_orig,37,faithfulness,0.03119591623544693
107,effnet_orig,37,robustness,1.0473260879516602
107,effnet_orig,37,complexity,0.4053402498928404
107,effnet_orig,38,faithfulness,0.23469634354114532
107,effnet_orig,38,robustness,1.0236128568649292
107,effnet_orig,38,complexity,0.33675208450928523
107,effnet_orig,39,faithfulness,0.22706696391105652
107,effnet_orig,39,robustness,0.9783062934875488
107,effnet_orig,39,complexity,0.5171973175733581
107,effnet_orig,40,faithfulness,-0.13485363125801086
107,effnet_orig,40,robustness,1.1068423986434937
107,effnet_orig,40,complexity,0.5189266955938319
107,effnet_orig,41,faithfulness,0.012458808720111847
107,effnet_orig,41,robustness,0.9929984211921692
107,effnet_orig,41,complexity,0.4535258138965192
107,effnet_orig,42,faithfulness,0.1389012336730957
107,effnet_orig,42,robustness,0.9981948733329773
107,effnet_orig,42,complexity,0.49099664978910623
107,effnet_orig,43,faithfulness,0.25986742973327637
107,effnet_orig,43,robustness,0.9860416054725647
107,effnet_orig,43,complexity,0.4450527812005294
107,effnet_orig,44,faithfulness,-0.0850258395075798
107,effnet_orig,44,robustness,0.9568751454353333
107,effnet_orig,44,complexity,0.3728417368445674
107,effnet_orig,45,faithfulness,-0.07985126972198486
107,effnet_orig,45,robustness,0.9940480589866638
107,effnet_orig,45,complexity,0.3890445675097553
107,effnet_recplot,0,faithfulness,-0.18540135025978088
107,effnet_recplot,0,robustness,55.167293548583984
107,effnet_recplot,0,complexity,0.7690530785045695
107,effnet_recplot,1,faithfulness,-0.0975433737039566
107,effnet_recplot,1,robustness,2.0726890563964844
107,effnet_recplot,1,complexity,0.5516132325530991
107,effnet_recplot,2,faithfulness,0.38202840089797974
107,effnet_recplot,2,robustness,1.6256065368652344
107,effnet_recplot,2,complexity,0.37373569172454757
107,effnet_recplot,3,faithfulness,0.35790693759918213
107,effnet_recplot,3,robustness,2.413219690322876
107,effnet_recplot,3,complexity,0.3814399343480338
107,effnet_recplot,4,faithfulness,-0.07377025485038757
107,effnet_recplot,4,robustness,0.9999300837516785
107,effnet_recplot,4,complexity,0.6046270747456611
107,effnet_recplot,5,faithfulness,0.20507799088954926
107,effnet_recplot,5,robustness,3.202958822250366
107,effnet_recplot,5,complexity,0.497942784841734
107,effnet_recplot,6,faithfulness,0.15606243908405304
107,effnet_recplot,6,robustness,8.510685920715332
107,effnet_recplot,6,complexity,0.5442880815982513
107,effnet_recplot,7,faithfulness,0.1959511935710907
107,effnet_recplot,7,robustness,1.7607107162475586
107,effnet_recplot,7,complexity,0.488520999307199
107,effnet_recplot,8,faithfulness,0.16326576471328735
107,effnet_recplot,8,robustness,1.3782401084899902
107,effnet_recplot,8,complexity,0.32331054817820803
107,effnet_recplot,9,faithfulness,0.15328454971313477
107,effnet_recplot,9,robustness,1.022512674331665
107,effnet_recplot,9,complexity,0.46087941259728693
107,effnet_recplot,10,faithfulness,0.19458214938640594
107,effnet_recplot,10,robustness,6.565941333770752
107,effnet_recplot,10,complexity,0.6871325477306123
107,effnet_recplot,11,faithfulness,0.08874145895242691
107,effnet_recplot,11,robustness,1.0
107,effnet_recplot,11,complexity,0.6348513324733333
107,effnet_recplot,12,faithfulness,0.027032360434532166
107,effnet_recplot,12,robustness,9.265684127807617
107,effnet_recplot,12,complexity,0.5437495638976079
107,effnet_recplot,13,faithfulness,-0.15837036073207855
107,effnet_recplot,13,robustness,1.8554171323776245
107,effnet_recplot,13,complexity,0.5399793956078778
107,effnet_recplot,14,faithfulness,0.10963746905326843
107,effnet_recplot,14,robustness,1.0
107,effnet_recplot,14,complexity,0.40855418687285333
107,effnet_recplot,15,faithfulness,0.15469717979431152
107,effnet_recplot,15,robustness,1.2662127017974854
107,effnet_recplot,15,complexity,0.4006452625850366
107,effnet_recplot,16,faithfulness,-0.08060265332460403
107,effnet_recplot,16,robustness,2.7636637687683105
107,effnet_recplot,16,complexity,0.5280470284236813
107,effnet_recplot,17,faithfulness,-0.17301003634929657
107,effnet_recplot,17,robustness,1.268519401550293
107,effnet_recplot,17,complexity,0.5175267703126671
107,effnet_recplot,18,faithfulness,-0.12098841369152069
107,effnet_recplot,18,robustness,19.28253746032715
107,effnet_recplot,18,complexity,0.6316236337130864
107,effnet_recplot,19,faithfulness,-0.1641446053981781
107,effnet_recplot,19,robustness,1.317954659461975
107,effnet_recplot,19,complexity,0.5605473197471426
107,effnet_recplot,20,faithfulness,0.13772733509540558
107,effnet_recplot,20,robustness,3.0617260932922363
107,effnet_recplot,20,complexity,0.376277886928171
107,effnet_recplot,21,faithfulness,-0.08073879778385162
107,effnet_recplot,21,robustness,0.9984192252159119
107,effnet_recplot,21,complexity,0.5761693522402456
107,effnet_recplot,22,faithfulness,0.03976256027817726
107,effnet_recplot,22,robustness,6.535984516143799
107,effnet_recplot,22,complexity,0.7398161742593655
107,effnet_recplot,23,faithfulness,0.2913050651550293
107,effnet_recplot,23,robustness,1.0
107,effnet_recplot,23,complexity,0.5590464705583114
107,effnet_recplot,24,faithfulness,0.07556204497814178
107,effnet_recplot,24,robustness,1.0
107,effnet_recplot,24,complexity,0.4517241006842124
107,effnet_recplot,25,faithfulness,0.248336061835289
107,effnet_recplot,25,robustness,1.0
107,effnet_recplot,25,complexity,0.671460668480365
107,effnet_recplot,26,faithfulness,0.1922270506620407
107,effnet_recplot,26,robustness,163.2351837158203
107,effnet_recplot,26,complexity,0.8828292387083032
107,effnet_recplot,27,faithfulness,0.1073850765824318
107,effnet_recplot,27,robustness,3.2019052505493164
107,effnet_recplot,27,complexity,0.5247658792466854
107,effnet_recplot,28,faithfulness,-0.2117263674736023
107,effnet_recplot,28,robustness,1.471177339553833
107,effnet_recplot,28,complexity,0.3063140801614354
107,effnet_recplot,29,faithfulness,-0.14736634492874146
107,effnet_recplot,29,robustness,4.363512992858887
107,effnet_recplot,29,complexity,0.582989523392974
107,effnet_recplot,30,faithfulness,-0.07977950572967529
107,effnet_recplot,30,robustness,1.0
107,effnet_recplot,30,complexity,0.4379199539873097
107,effnet_recplot,31,faithfulness,-0.2903723120689392
107,effnet_recplot,31,robustness,2.413928985595703
107,effnet_recplot,31,complexity,0.5285987136646834
107,effnet_recplot,32,faithfulness,-0.05064765363931656
107,effnet_recplot,32,robustness,15.072663307189941
107,effnet_recplot,32,complexity,0.8408525335992144
107,effnet_recplot,33,faithfulness,-0.15695896744728088
107,effnet_recplot,33,robustness,1.1203184127807617
107,effnet_recplot,33,complexity,0.4706313356305024
107,effnet_recplot,34,faithfulness,-0.04983675479888916
107,effnet_recplot,34,robustness,90.45171356201172
107,effnet_recplot,34,complexity,0.8226212229030689
107,effnet_recplot,35,faithfulness,-0.09454940259456635
107,effnet_recplot,35,robustness,1.0224268436431885
107,effnet_recplot,35,complexity,0.8044514695335906
107,effnet_recplot,36,faithfulness,-0.10172395408153534
107,effnet_recplot,36,robustness,1.2927569150924683
107,effnet_recplot,36,complexity,0.6681415578249629
107,effnet_recplot,37,faithfulness,0.036842599511146545
107,effnet_recplot,37,robustness,1.8075734376907349
107,effnet_recplot,37,complexity,0.47736408139958364
107,effnet_recplot,38,faithfulness,-0.27276381850242615
107,effnet_recplot,38,robustness,2.276625871658325
107,effnet_recplot,38,complexity,0.4481036180329915
107,effnet_recplot,39,faithfulness,-0.03929021954536438
107,effnet_recplot,39,robustness,1.0
107,effnet_recplot,39,complexity,0.4675496396243863
107,effnet_recplot,40,faithfulness,0.1943499892950058
107,effnet_recplot,40,robustness,1.0000056028366089
107,effnet_recplot,40,complexity,0.7363461992868627
107,effnet_recplot,41,faithfulness,0.012163788080215454
107,effnet_recplot,41,robustness,2.601421594619751
107,effnet_recplot,41,complexity,0.6271992973311762
107,effnet_recplot,42,faithfulness,0.2545742988586426
107,effnet_recplot,42,robustness,1.0083047151565552
107,effnet_recplot,42,complexity,0.6878085780814991
107,effnet_recplot,43,faithfulness,0.24839913845062256
107,effnet_recplot,43,robustness,3.9951162338256836
107,effnet_recplot,43,complexity,0.8509836495558867
107,effnet_recplot,44,faithfulness,0.20503699779510498
107,effnet_recplot,44,robustness,2.0904948711395264
107,effnet_recplot,44,complexity,0.4446982580442142
107,effnet_recplot,45,faithfulness,0.14580188691616058
107,effnet_recplot,45,robustness,1.0606834888458252
107,effnet_recplot,45,complexity,0.49514348756935017
121,mobilenet_orig,0,faithfulness,0.25663021206855774
121,mobilenet_orig,0,robustness,0.9428475499153137
121,mobilenet_orig,0,complexity,0.6115981581014961
121,mobilenet_orig,1,faithfulness,-0.07754714041948318
121,mobilenet_orig,1,robustness,0.9405160546302795
121,mobilenet_orig,1,complexity,0.7404052757952968
121,mobilenet_orig,2,faithfulness,-0.10133238136768341
121,mobilenet_orig,2,robustness,0.9774615168571472
121,mobilenet_orig,2,complexity,0.6108032333234278
121,mobilenet_orig,3,faithfulness,0.4214085340499878
121,mobilenet_orig,3,robustness,0.9053264260292053
121,mobilenet_orig,3,complexity,0.6008016761455804
121,mobilenet_orig,4,faithfulness,0.0075245201587677
121,mobilenet_orig,4,robustness,1.205070972442627
121,mobilenet_orig,4,complexity,0.5843735340035539
121,mobilenet_orig,5,faithfulness,0.33439332246780396
121,mobilenet_orig,5,robustness,1.396040678024292
121,mobilenet_orig,5,complexity,0.4990157836649751
121,mobilenet_orig,6,faithfulness,0.1911950409412384
121,mobilenet_orig,6,robustness,0.9814808368682861
121,mobilenet_orig,6,complexity,0.5994042398012381
121,mobilenet_orig,7,faithfulness,0.07547616213560104
121,mobilenet_orig,7,robustness,1.0740128755569458
121,mobilenet_orig,7,complexity,0.6579951617211344
121,mobilenet_orig,8,faithfulness,0.5026755332946777
121,mobilenet_orig,8,robustness,0.8846805095672607
121,mobilenet_orig,8,complexity,0.5572641872031638
121,mobilenet_orig,9,faithfulness,-0.008064329624176025
121,mobilenet_orig,9,robustness,1.5378739833831787
121,mobilenet_orig,9,complexity,0.661379163882139
121,mobilenet_orig,10,faithfulness,0.19800230860710144
121,mobilenet_orig,10,robustness,0.9928797483444214
121,mobilenet_orig,10,complexity,0.6899096128498832
121,mobilenet_orig,11,faithfulness,0.24934335052967072
121,mobilenet_orig,11,robustness,0.9996742606163025
121,mobilenet_orig,11,complexity,0.761024746800234
121,mobilenet_orig,12,faithfulness,-0.021389596164226532
121,mobilenet_orig,12,robustness,0.7680018544197083
121,mobilenet_orig,12,complexity,0.6673801275789848
121,mobilenet_orig,13,faithfulness,0.061728015542030334
121,mobilenet_orig,13,robustness,0.996996283531189
121,mobilenet_orig,13,complexity,0.7386396204367092
121,mobilenet_orig,14,faithfulness,0.29540878534317017
121,mobilenet_orig,14,robustness,0.772494912147522
121,mobilenet_orig,14,complexity,0.5020571336458339
121,mobilenet_orig,15,faithfulness,0.10319755971431732
121,mobilenet_orig,15,robustness,0.777497410774231
121,mobilenet_orig,15,complexity,0.7572079097310268
121,mobilenet_orig,16,faithfulness,-0.031120840460062027
121,mobilenet_orig,16,robustness,0.8394059538841248
121,mobilenet_orig,16,complexity,0.588470666068779
121,mobilenet_orig,17,faithfulness,-0.2964848577976227
121,mobilenet_orig,17,robustness,0.9842165112495422
121,mobilenet_orig,17,complexity,0.6728175900334517
121,mobilenet_orig,18,faithfulness,0.08477536588907242
121,mobilenet_orig,18,robustness,0.9125750660896301
121,mobilenet_orig,18,complexity,0.7099816288099804
121,mobilenet_orig,19,faithfulness,0.3414725363254547
121,mobilenet_orig,19,robustness,0.702745795249939
121,mobilenet_orig,19,complexity,0.5065877027917671
121,mobilenet_orig,20,faithfulness,0.148564875125885
121,mobilenet_orig,20,robustness,3.7038424015045166
121,mobilenet_orig,20,complexity,0.6870596183561373
121,mobilenet_orig,21,faithfulness,0.12205301225185394
121,mobilenet_orig,21,robustness,0.9015717506408691
121,mobilenet_orig,21,complexity,0.6127520039612213
121,mobilenet_orig,22,faithfulness,-0.10589765012264252
121,mobilenet_orig,22,robustness,0.8387449383735657
121,mobilenet_orig,22,complexity,0.5160672666701741
121,mobilenet_orig,23,faithfulness,-0.1607060581445694
121,mobilenet_orig,23,robustness,1.3574872016906738
121,mobilenet_orig,23,complexity,0.48352586556775107
121,mobilenet_orig,24,faithfulness,-0.15782488882541656
121,mobilenet_orig,24,robustness,0.8639294505119324
121,mobilenet_orig,24,complexity,0.48600342771347493
121,mobilenet_orig,25,faithfulness,-0.034801140427589417
121,mobilenet_orig,25,robustness,0.7548694014549255
121,mobilenet_orig,25,complexity,0.5876175519862644
121,mobilenet_orig,26,faithfulness,0.4614543318748474
121,mobilenet_orig,26,robustness,0.9540606141090393
121,mobilenet_orig,26,complexity,0.5534448855100254
121,mobilenet_orig,27,faithfulness,0.27680838108062744
121,mobilenet_orig,27,robustness,0.9566740393638611
121,mobilenet_orig,27,complexity,0.7520044144420263
121,mobilenet_orig,28,faithfulness,0.46497511863708496
121,mobilenet_orig,28,robustness,1.3514506816864014
121,mobilenet_orig,28,complexity,0.7557888531090009
121,mobilenet_orig,29,faithfulness,0.36791539192199707
121,mobilenet_orig,29,robustness,0.9182429313659668
121,mobilenet_orig,29,complexity,0.654026849359409
121,mobilenet_orig,30,faithfulness,0.203208327293396
121,mobilenet_orig,30,robustness,0.8601565361022949
121,mobilenet_orig,30,complexity,0.6894716156843435
121,mobilenet_orig,31,faithfulness,-0.08136983215808868
121,mobilenet_orig,31,robustness,0.7630698680877686
121,mobilenet_orig,31,complexity,0.5761021146874816
121,mobilenet_orig,32,faithfulness,-0.31820017099380493
121,mobilenet_orig,32,robustness,0.9852519035339355
121,mobilenet_orig,32,complexity,0.5883789928312538
121,mobilenet_orig,33,faithfulness,-0.0005299299955368042
121,mobilenet_orig,33,robustness,0.8524258136749268
121,mobilenet_orig,33,complexity,0.6511554600359795
121,mobilenet_orig,34,faithfulness,0.2200770527124405
121,mobilenet_orig,34,robustness,0.8326415419578552
121,mobilenet_orig,34,complexity,0.5199164371136374
121,mobilenet_orig,35,faithfulness,0.08162456750869751
121,mobilenet_orig,35,robustness,0.8007996678352356
121,mobilenet_orig,35,complexity,0.6212007791791604
121,mobilenet_orig,36,faithfulness,-0.2061881124973297
121,mobilenet_orig,36,robustness,0.7865268588066101
121,mobilenet_orig,36,complexity,0.6958554022664739
121,mobilenet_orig,37,faithfulness,-0.11711246520280838
121,mobilenet_orig,37,robustness,0.751365602016449
121,mobilenet_orig,37,complexity,0.5853300930280563
121,mobilenet_orig,38,faithfulness,-0.08539235591888428
121,mobilenet_orig,38,robustness,0.799689769744873
121,mobilenet_orig,38,complexity,0.6827522425829666
121,mobilenet_orig,39,faithfulness,0.10182256251573563
121,mobilenet_orig,39,robustness,0.8594426512718201
121,mobilenet_orig,39,complexity,0.6307000489143606
121,mobilenet_orig,40,faithfulness,0.19602572917938232
121,mobilenet_orig,40,robustness,0.882117748260498
121,mobilenet_orig,40,complexity,0.6432115083435658
121,mobilenet_orig,41,faithfulness,-0.09775228053331375
121,mobilenet_orig,41,robustness,0.6249999403953552
121,mobilenet_orig,41,complexity,0.495542606220123
121,mobilenet_orig,42,faithfulness,0.04147226735949516
121,mobilenet_orig,42,robustness,0.5931102633476257
121,mobilenet_orig,42,complexity,0.5650790081327102
121,mobilenet_orig,43,faithfulness,-0.09174733608961105
121,mobilenet_orig,43,robustness,0.907029926776886
121,mobilenet_orig,43,complexity,0.6776168004142958
121,mobilenet_orig,44,faithfulness,0.3159753382205963
121,mobilenet_orig,44,robustness,0.8246846795082092
121,mobilenet_orig,44,complexity,0.5218381545134948
121,mobilenet_orig,45,faithfulness,0.12439626455307007
121,mobilenet_orig,45,robustness,0.7996278405189514
121,mobilenet_orig,45,complexity,0.6202153846979314
121,mobilenet_recplot,0,faithfulness,-0.12179495394229889
121,mobilenet_recplot,0,robustness,3.844132661819458
121,mobilenet_recplot,0,complexity,0.8094134674946198
121,mobilenet_recplot,1,faithfulness,0.06187395751476288
121,mobilenet_recplot,1,robustness,1.060511827468872
121,mobilenet_recplot,1,complexity,0.8230797139944296
121,mobilenet_recplot,2,faithfulness,-0.1389361321926117
121,mobilenet_recplot,2,robustness,0.9537050127983093
121,mobilenet_recplot,2,complexity,0.6904928536088414
121,mobilenet_recplot,3,faithfulness,0.10595284402370453
121,mobilenet_recplot,3,robustness,0.9123897552490234
121,mobilenet_recplot,3,complexity,0.7002034446212542
121,mobilenet_recplot,4,faithfulness,0.12118198722600937
121,mobilenet_recplot,4,robustness,1.0843220949172974
121,mobilenet_recplot,4,complexity,0.8356307456398031
121,mobilenet_recplot,5,faithfulness,0.22766825556755066
121,mobilenet_recplot,5,robustness,0.9885569214820862
121,mobilenet_recplot,5,complexity,0.6784937340829094
121,mobilenet_recplot,6,faithfulness,0.0961705893278122
121,mobilenet_recplot,6,robustness,0.9452401995658875
121,mobilenet_recplot,6,complexity,0.6307811058366174
121,mobilenet_recplot,7,faithfulness,-0.07371871173381805
121,mobilenet_recplot,7,robustness,0.905841052532196
121,mobilenet_recplot,7,complexity,0.7934294427599585
121,mobilenet_recplot,8,faithfulness,-0.04807959869503975
121,mobilenet_recplot,8,robustness,0.9792993068695068
121,mobilenet_recplot,8,complexity,0.715639271260931
121,mobilenet_recplot,9,faithfulness,-0.01829635351896286
121,mobilenet_recplot,9,robustness,0.9526503086090088
121,mobilenet_recplot,9,complexity,0.7965663321334652
121,mobilenet_recplot,10,faithfulness,0.055640775710344315
121,mobilenet_recplot,10,robustness,1.7812155485153198
121,mobilenet_recplot,10,complexity,0.6005281822221947
121,mobilenet_recplot,11,faithfulness,-0.005144186317920685
121,mobilenet_recplot,11,robustness,0.9302502870559692
121,mobilenet_recplot,11,complexity,0.6361712761941191
121,mobilenet_recplot,12,faithfulness,0.26460006833076477
121,mobilenet_recplot,12,robustness,1.5128432512283325
121,mobilenet_recplot,12,complexity,0.7368486343981562
121,mobilenet_recplot,13,faithfulness,0.5140202641487122
121,mobilenet_recplot,13,robustness,1.2120944261550903
121,mobilenet_recplot,13,complexity,0.757557194358041
121,mobilenet_recplot,14,faithfulness,-0.22317638993263245
121,mobilenet_recplot,14,robustness,0.9863819479942322
121,mobilenet_recplot,14,complexity,0.7143796794013096
121,mobilenet_recplot,15,faithfulness,-0.3657861649990082
121,mobilenet_recplot,15,robustness,1.0410656929016113
121,mobilenet_recplot,15,complexity,0.8348062423139783
121,mobilenet_recplot,16,faithfulness,0.13581576943397522
121,mobilenet_recplot,16,robustness,1.5183674097061157
121,mobilenet_recplot,16,complexity,0.8691620412189178
121,mobilenet_recplot,17,faithfulness,0.4613863229751587
121,mobilenet_recplot,17,robustness,1.3473423719406128
121,mobilenet_recplot,17,complexity,0.7912571427833904
121,mobilenet_recplot,18,faithfulness,-0.19540655612945557
121,mobilenet_recplot,18,robustness,1.2468448877334595
121,mobilenet_recplot,18,complexity,0.8437575535778804
121,mobilenet_recplot,19,faithfulness,-0.37280720472335815
121,mobilenet_recplot,19,robustness,0.8847954869270325
121,mobilenet_recplot,19,complexity,0.5927716836604151
121,mobilenet_recplot,20,faithfulness,0.02073848992586136
121,mobilenet_recplot,20,robustness,0.9445291757583618
121,mobilenet_recplot,20,complexity,0.6139781262596049
121,mobilenet_recplot,21,faithfulness,0.34210556745529175
121,mobilenet_recplot,21,robustness,1.1176576614379883
121,mobilenet_recplot,21,complexity,0.6814304631464211
121,mobilenet_recplot,22,faithfulness,-0.05672349035739899
121,mobilenet_recplot,22,robustness,1.258410096168518
121,mobilenet_recplot,22,complexity,0.49791028708819346
121,mobilenet_recplot,23,faithfulness,0.12052851170301437
121,mobilenet_recplot,23,robustness,1.4470349550247192
121,mobilenet_recplot,23,complexity,0.4181183946219205
121,mobilenet_recplot,24,faithfulness,-0.07945487648248672
121,mobilenet_recplot,24,robustness,1.7473926544189453
121,mobilenet_recplot,24,complexity,0.4979510444899379
121,mobilenet_recplot,25,faithfulness,0.0782788023352623
121,mobilenet_recplot,25,robustness,1.5296354293823242
121,mobilenet_recplot,25,complexity,0.692560149479802
121,mobilenet_recplot,26,faithfulness,0.14163732528686523
121,mobilenet_recplot,26,robustness,3.556013822555542
121,mobilenet_recplot,26,complexity,0.6344747136351261
121,mobilenet_recplot,27,faithfulness,0.014608539640903473
121,mobilenet_recplot,27,robustness,2.5461108684539795
121,mobilenet_recplot,27,complexity,0.449789506521204
121,mobilenet_recplot,28,faithfulness,0.2660132646560669
121,mobilenet_recplot,28,robustness,2.9769887924194336
121,mobilenet_recplot,28,complexity,0.4276124356466584
121,mobilenet_recplot,29,faithfulness,0.07368649542331696
121,mobilenet_recplot,29,robustness,6.4976348876953125
121,mobilenet_recplot,29,complexity,0.40020792794208926
121,mobilenet_recplot,30,faithfulness,0.2466108649969101
121,mobilenet_recplot,30,robustness,2.5883712768554688
121,mobilenet_recplot,30,complexity,0.42070406299301566
121,mobilenet_recplot,31,faithfulness,0.048950351774692535
121,mobilenet_recplot,31,robustness,2.5861737728118896
121,mobilenet_recplot,31,complexity,0.7071654298229165
121,mobilenet_recplot,32,faithfulness,0.22313155233860016
121,mobilenet_recplot,32,robustness,34.567386627197266
121,mobilenet_recplot,32,complexity,0.7584864517416356
121,mobilenet_recplot,33,faithfulness,0.17458704113960266
121,mobilenet_recplot,33,robustness,5.549172878265381
121,mobilenet_recplot,33,complexity,0.5916143897239885
121,mobilenet_recplot,34,faithfulness,0.21851849555969238
121,mobilenet_recplot,34,robustness,2.1368768215179443
121,mobilenet_recplot,34,complexity,0.6488310903652111
121,mobilenet_recplot,35,faithfulness,0.048540908843278885
121,mobilenet_recplot,35,robustness,1.7836384773254395
121,mobilenet_recplot,35,complexity,0.6917096657254764
121,mobilenet_recplot,36,faithfulness,-0.004235371947288513
121,mobilenet_recplot,36,robustness,4.134504795074463
121,mobilenet_recplot,36,complexity,0.5096559515371027
121,mobilenet_recplot,37,faithfulness,0.0031453222036361694
121,mobilenet_recplot,37,robustness,2.0951783657073975
121,mobilenet_recplot,37,complexity,0.42499916675830424
121,mobilenet_recplot,38,faithfulness,0.14014974236488342
121,mobilenet_recplot,38,robustness,1.396541953086853
121,mobilenet_recplot,38,complexity,0.43340733112139507
121,mobilenet_recplot,39,faithfulness,0.025056879967451096
121,mobilenet_recplot,39,robustness,1.3353291749954224
121,mobilenet_recplot,39,complexity,0.4472557639908231
121,mobilenet_recplot,40,faithfulness,-0.13452011346817017
121,mobilenet_recplot,40,robustness,2.1444480419158936
121,mobilenet_recplot,40,complexity,0.49324988077091764
121,mobilenet_recplot,41,faithfulness,0.0020373649895191193
121,mobilenet_recplot,41,robustness,1.310131549835205
121,mobilenet_recplot,41,complexity,0.5560859593805016
121,mobilenet_recplot,42,faithfulness,0.49938857555389404
121,mobilenet_recplot,42,robustness,1.184977412223816
121,mobilenet_recplot,42,complexity,0.4806376494412995
121,mobilenet_recplot,43,faithfulness,0.10387864708900452
121,mobilenet_recplot,43,robustness,6.815615177154541
121,mobilenet_recplot,43,complexity,0.6332467060680419
121,mobilenet_recplot,44,faithfulness,-0.05907466635107994
121,mobilenet_recplot,44,robustness,1.8094698190689087
121,mobilenet_recplot,44,complexity,0.4123035199258955
121,mobilenet_recplot,45,faithfulness,-0.1145392432808876
121,mobilenet_recplot,45,robustness,1.2115662097930908
121,mobilenet_recplot,45,complexity,0.47182875992052375
121,effnet_orig,0,faithfulness,0.028343580663204193
121,effnet_orig,0,robustness,1.0977619886398315
121,effnet_orig,0,complexity,0.3738343530732317
121,effnet_orig,1,faithfulness,0.23693245649337769
121,effnet_orig,1,robustness,1.9927120208740234
121,effnet_orig,1,complexity,0.7586816783433222
121,effnet_orig,2,faithfulness,0.10528465360403061
121,effnet_orig,2,robustness,0.9986643195152283
121,effnet_orig,2,complexity,0.5470438447706286
121,effnet_orig,3,faithfulness,0.4284653663635254
121,effnet_orig,3,robustness,1.0019625425338745
121,effnet_orig,3,complexity,0.3794689628739602
121,effnet_orig,4,faithfulness,-0.13220800459384918
121,effnet_orig,4,robustness,0.9938693046569824
121,effnet_orig,4,complexity,0.6964628664694981
121,effnet_orig,5,faithfulness,0.22040227055549622
121,effnet_orig,5,robustness,1.0798839330673218
121,effnet_orig,5,complexity,0.5639870604896811
121,effnet_orig,6,faithfulness,0.34553062915802
121,effnet_orig,6,robustness,0.9809012413024902
121,effnet_orig,6,complexity,0.5813981233598973
121,effnet_orig,7,faithfulness,-0.09786964952945709
121,effnet_orig,7,robustness,1.4623768329620361
121,effnet_orig,7,complexity,0.6418680523871693
121,effnet_orig,8,faithfulness,-0.29283177852630615
121,effnet_orig,8,robustness,1.067183256149292
121,effnet_orig,8,complexity,0.5371636453171942
121,effnet_orig,9,faithfulness,0.26807790994644165
121,effnet_orig,9,robustness,1.7496411800384521
121,effnet_orig,9,complexity,0.5240539757263907
121,effnet_orig,10,faithfulness,0.05837421119213104
121,effnet_orig,10,robustness,2.454765558242798
121,effnet_orig,10,complexity,0.7468719684495421
121,effnet_orig,11,faithfulness,0.47216159105300903
121,effnet_orig,11,robustness,1.0393503904342651
121,effnet_orig,11,complexity,0.6510409604829825
121,effnet_orig,12,faithfulness,0.13505345582962036
121,effnet_orig,12,robustness,1.4416300058364868
121,effnet_orig,12,complexity,0.7561574129259425
121,effnet_orig,13,faithfulness,-0.15966388583183289
121,effnet_orig,13,robustness,2.0731115341186523
121,effnet_orig,13,complexity,0.7089476384052452
121,effnet_orig,14,faithfulness,0.43634387850761414
121,effnet_orig,14,robustness,3.0064170360565186
121,effnet_orig,14,complexity,0.7528048823997855
121,effnet_orig,15,faithfulness,0.25715142488479614
121,effnet_orig,15,robustness,1.6838620901107788
121,effnet_orig,15,complexity,0.603615592002011
121,effnet_orig,16,faithfulness,-0.054499320685863495
121,effnet_orig,16,robustness,0.997575581073761
121,effnet_orig,16,complexity,0.6743230020562168
121,effnet_orig,17,faithfulness,0.1942494958639145
121,effnet_orig,17,robustness,2.8752267360687256
121,effnet_orig,17,complexity,0.6637115762592105
121,effnet_orig,18,faithfulness,0.14438019692897797
121,effnet_orig,18,robustness,2.7777018547058105
121,effnet_orig,18,complexity,0.6282074442336738
121,effnet_orig,19,faithfulness,0.21292784810066223
121,effnet_orig,19,robustness,1.031298279762268
121,effnet_orig,19,complexity,0.6109931901354481
121,effnet_orig,20,faithfulness,0.3161575496196747
121,effnet_orig,20,robustness,4.328848361968994
121,effnet_orig,20,complexity,0.7916963272478392
121,effnet_orig,21,faithfulness,0.15583263337612152
121,effnet_orig,21,robustness,3.4551682472229004
121,effnet_orig,21,complexity,0.7434070127259841
121,effnet_orig,22,faithfulness,0.12410186231136322
121,effnet_orig,22,robustness,0.9561514258384705
121,effnet_orig,22,complexity,0.25179665551565966
121,effnet_orig,23,faithfulness,-0.09452424198389053
121,effnet_orig,23,robustness,0.9464257955551147
121,effnet_orig,23,complexity,0.3480620572321785
121,effnet_orig,24,faithfulness,0.29430249333381653
121,effnet_orig,24,robustness,0.9518824219703674
121,effnet_orig,24,complexity,0.34272726416802884
121,effnet_orig,25,faithfulness,0.07797005772590637
121,effnet_orig,25,robustness,0.9511275291442871
121,effnet_orig,25,complexity,0.2824869538703271
121,effnet_orig,26,faithfulness,0.17243918776512146
121,effnet_orig,26,robustness,0.9900246858596802
121,effnet_orig,26,complexity,0.4599437203194336
121,effnet_orig,27,faithfulness,-0.28374171257019043
121,effnet_orig,27,robustness,0.8452305197715759
121,effnet_orig,27,complexity,0.4268778054332311
121,effnet_orig,28,faithfulness,0.23710772395133972
121,effnet_orig,28,robustness,1.2870155572891235
121,effnet_orig,28,complexity,0.7245560355249279
121,effnet_orig,29,faithfulness,-0.03250516578555107
121,effnet_orig,29,robustness,0.9270548820495605
121,effnet_orig,29,complexity,0.6110244375114927
121,effnet_orig,30,faithfulness,0.2511604130268097
121,effnet_orig,30,robustness,0.8823147416114807
121,effnet_orig,30,complexity,0.4161102477025411
121,effnet_orig,31,faithfulness,0.12514498829841614
121,effnet_orig,31,robustness,0.9225949645042419
121,effnet_orig,31,complexity,0.32784226076491646
121,effnet_orig,32,faithfulness,-0.354218065738678
121,effnet_orig,32,robustness,0.8995891213417053
121,effnet_orig,32,complexity,0.2946316218167173
121,effnet_orig,33,faithfulness,-0.03831981122493744
121,effnet_orig,33,robustness,0.9842095971107483
121,effnet_orig,33,complexity,0.470724897399072
121,effnet_orig,34,faithfulness,0.2353547364473343
121,effnet_orig,34,robustness,0.9679735898971558
121,effnet_orig,34,complexity,0.4369866253255997
121,effnet_orig,35,faithfulness,-0.08131032437086105
121,effnet_orig,35,robustness,0.8965458869934082
121,effnet_orig,35,complexity,0.3769733141031725
121,effnet_orig,36,faithfulness,0.2627246677875519
121,effnet_orig,36,robustness,0.9804748296737671
121,effnet_orig,36,complexity,0.43498838527276035
121,effnet_orig,37,faithfulness,0.28514841198921204
121,effnet_orig,37,robustness,0.9139900803565979
121,effnet_orig,37,complexity,0.4383847319187203
121,effnet_orig,38,faithfulness,-0.11779841780662537
121,effnet_orig,38,robustness,0.9468326568603516
121,effnet_orig,38,complexity,0.2937668728011109
121,effnet_orig,39,faithfulness,-0.4582563638687134
121,effnet_orig,39,robustness,0.9453365802764893
121,effnet_orig,39,complexity,0.452945256034208
121,effnet_orig,40,faithfulness,-0.13589419424533844
121,effnet_orig,40,robustness,0.9190572500228882
121,effnet_orig,40,complexity,0.44367163515703056
121,effnet_orig,41,faithfulness,0.13741475343704224
121,effnet_orig,41,robustness,0.9659576416015625
121,effnet_orig,41,complexity,0.4153099347625724
121,effnet_orig,42,faithfulness,-0.1528732031583786
121,effnet_orig,42,robustness,0.9408552646636963
121,effnet_orig,42,complexity,0.5009255524077088
121,effnet_orig,43,faithfulness,-0.19759786128997803
121,effnet_orig,43,robustness,0.9189379215240479
121,effnet_orig,43,complexity,0.42175416355218975
121,effnet_orig,44,faithfulness,-0.26910462975502014
121,effnet_orig,44,robustness,0.910781741142273
121,effnet_orig,44,complexity,0.3675192563576022
121,effnet_orig,45,faithfulness,-0.14072975516319275
121,effnet_orig,45,robustness,0.9406175017356873
121,effnet_orig,45,complexity,0.334110227060668
121,effnet_recplot,0,faithfulness,0.14833909273147583
121,effnet_recplot,0,robustness,1.4151283502578735
121,effnet_recplot,0,complexity,0.6815832354716451
121,effnet_recplot,1,faithfulness,-0.0723000168800354
121,effnet_recplot,1,robustness,259.7247619628906
121,effnet_recplot,1,complexity,0.9463281821180852
121,effnet_recplot,2,faithfulness,0.11847531795501709
121,effnet_recplot,2,robustness,1.0
121,effnet_recplot,2,complexity,0.6629681670754486
121,effnet_recplot,3,faithfulness,-0.049518220126628876
121,effnet_recplot,3,robustness,7.563129425048828
121,effnet_recplot,3,complexity,0.8652074540805853
121,effnet_recplot,4,faithfulness,0.1241307258605957
121,effnet_recplot,4,robustness,1.4969732761383057
121,effnet_recplot,4,complexity,0.44259191657099123
121,effnet_recplot,5,faithfulness,0.2490299642086029
121,effnet_recplot,5,robustness,4.667173862457275
121,effnet_recplot,5,complexity,0.808472583560289
121,effnet_recplot,6,faithfulness,0.25580957531929016
121,effnet_recplot,6,robustness,1.0
121,effnet_recplot,6,complexity,0.5209726676917934
121,effnet_recplot,7,faithfulness,0.347582072019577
121,effnet_recplot,7,robustness,1.0
121,effnet_recplot,7,complexity,0.5933395780741216
121,effnet_recplot,8,faithfulness,0.30271950364112854
121,effnet_recplot,8,robustness,1.5371625423431396
121,effnet_recplot,8,complexity,0.6024047023836979
121,effnet_recplot,9,faithfulness,0.03600243851542473
121,effnet_recplot,9,robustness,8.494994163513184
121,effnet_recplot,9,complexity,0.6366906966687462
121,effnet_recplot,10,faithfulness,-0.0915486067533493
121,effnet_recplot,10,robustness,1.094034194946289
121,effnet_recplot,10,complexity,0.8265097426357393
121,effnet_recplot,11,faithfulness,0.38937458395957947
121,effnet_recplot,11,robustness,1.0
121,effnet_recplot,11,complexity,0.6318403765324032
121,effnet_recplot,12,faithfulness,-0.05073431134223938
121,effnet_recplot,12,robustness,45.70159149169922
121,effnet_recplot,12,complexity,0.9127203922604745
121,effnet_recplot,13,faithfulness,-0.2313615083694458
121,effnet_recplot,13,robustness,0.9989843964576721
121,effnet_recplot,13,complexity,0.4762152183131506
121,effnet_recplot,14,faithfulness,-0.33620184659957886
121,effnet_recplot,14,robustness,46.88932418823242
121,effnet_recplot,14,complexity,0.7052991843575386
121,effnet_recplot,15,faithfulness,0.16819237172603607
121,effnet_recplot,15,robustness,13.401134490966797
121,effnet_recplot,15,complexity,0.685048426359981
121,effnet_recplot,16,faithfulness,0.138518825173378
121,effnet_recplot,16,robustness,2.0056769847869873
121,effnet_recplot,16,complexity,0.8438594885346961
121,effnet_recplot,17,faithfulness,-0.15346264839172363
121,effnet_recplot,17,robustness,3.175771951675415
121,effnet_recplot,17,complexity,0.5657964712430027
121,effnet_recplot,18,faithfulness,0.09608988463878632
121,effnet_recplot,18,robustness,2.48482346534729
121,effnet_recplot,18,complexity,0.659196038913844
121,effnet_recplot,19,faithfulness,-0.17959795892238617
121,effnet_recplot,19,robustness,7.099236011505127
121,effnet_recplot,19,complexity,0.6273084763502491
121,effnet_recplot,20,faithfulness,-0.19458265602588654
121,effnet_recplot,20,robustness,1.57624089717865
121,effnet_recplot,20,complexity,0.5762457770465543
121,effnet_recplot,21,faithfulness,-0.15653619170188904
121,effnet_recplot,21,robustness,6.193820476531982
121,effnet_recplot,21,complexity,0.6191761277139737
121,effnet_recplot,22,faithfulness,0.12920993566513062
121,effnet_recplot,22,robustness,7.263075351715088
121,effnet_recplot,22,complexity,0.8292676056337325
121,effnet_recplot,23,faithfulness,-0.417386531829834
121,effnet_recplot,23,robustness,2.00775146484375
121,effnet_recplot,23,complexity,0.35694871117623744
121,effnet_recplot,24,faithfulness,0.06660106778144836
121,effnet_recplot,24,robustness,1.0
121,effnet_recplot,24,complexity,0.3601381295008376
121,effnet_recplot,25,faithfulness,-0.04558466002345085
121,effnet_recplot,25,robustness,1.0
121,effnet_recplot,25,complexity,0.5710575437061152
121,effnet_recplot,26,faithfulness,-0.21673859655857086
121,effnet_recplot,26,robustness,12.048388481140137
121,effnet_recplot,26,complexity,0.6146838360820951
121,effnet_recplot,27,faithfulness,-0.033098004758358
121,effnet_recplot,27,robustness,1.5957353115081787
121,effnet_recplot,27,complexity,0.5908898937592418
121,effnet_recplot,28,faithfulness,0.14109721779823303
121,effnet_recplot,28,robustness,6.0688557624816895
121,effnet_recplot,28,complexity,0.46234129063240637
121,effnet_recplot,29,faithfulness,0.16578106582164764
121,effnet_recplot,29,robustness,9.102160453796387
121,effnet_recplot,29,complexity,0.5099369137219092
121,effnet_recplot,30,faithfulness,-0.038490891456604004
121,effnet_recplot,30,robustness,1.0
121,effnet_recplot,30,complexity,0.4464035667037192
121,effnet_recplot,31,faithfulness,-0.13550764322280884
121,effnet_recplot,31,robustness,3.802395820617676
121,effnet_recplot,31,complexity,0.3994102295828896
121,effnet_recplot,32,faithfulness,0.1386244148015976
121,effnet_recplot,32,robustness,44.14085388183594
121,effnet_recplot,32,complexity,0.8811204701806039
121,effnet_recplot,33,faithfulness,-0.17480765283107758
121,effnet_recplot,33,robustness,4.870412349700928
121,effnet_recplot,33,complexity,0.5101513580076028
121,effnet_recplot,34,faithfulness,0.38586610555648804
121,effnet_recplot,34,robustness,1.3477182388305664
121,effnet_recplot,34,complexity,0.9148576546916057
121,effnet_recplot,35,faithfulness,-0.040865130722522736
121,effnet_recplot,35,robustness,1.275882363319397
121,effnet_recplot,35,complexity,0.7961588347259583
121,effnet_recplot,36,faithfulness,0.05608060210943222
121,effnet_recplot,36,robustness,2.704070568084717
121,effnet_recplot,36,complexity,0.5324733584806497
121,effnet_recplot,37,faithfulness,0.11061367392539978
121,effnet_recplot,37,robustness,1.6477141380310059
121,effnet_recplot,37,complexity,0.5384651662293175
121,effnet_recplot,38,faithfulness,0.013658776879310608
121,effnet_recplot,38,robustness,4.108343124389648
121,effnet_recplot,38,complexity,0.5357130240869401
121,effnet_recplot,39,faithfulness,-0.3116419017314911
121,effnet_recplot,39,robustness,1.1322784423828125
121,effnet_recplot,39,complexity,0.5507955182154504
121,effnet_recplot,40,faithfulness,0.04628909006714821
121,effnet_recplot,40,robustness,1.0031487941741943
121,effnet_recplot,40,complexity,0.7628886895225819
121,effnet_recplot,41,faithfulness,0.23471854627132416
121,effnet_recplot,41,robustness,1.0
121,effnet_recplot,41,complexity,0.6981441648861492
121,effnet_recplot,42,faithfulness,-0.00256376713514328
121,effnet_recplot,42,robustness,1.0462895631790161
121,effnet_recplot,42,complexity,0.7627464878918881
121,effnet_recplot,43,faithfulness,0.38736972212791443
121,effnet_recplot,43,robustness,3.230286121368408
121,effnet_recplot,43,complexity,0.7568087687399923
121,effnet_recplot,44,faithfulness,0.083067387342453
121,effnet_recplot,44,robustness,2.569434404373169
121,effnet_recplot,44,complexity,0.4797073967374538
121,effnet_recplot,45,faithfulness,0.19318751990795135
121,effnet_recplot,45,robustness,1.7561798095703125
121,effnet_recplot,45,complexity,0.59846902761676
