seed,branch,amostra,metrica,valor
7,mobilenet_orig,0,faithfulness,0.33253270387649536
7,mobilenet_orig,0,robustness,1.7838703393936157
7,mobilenet_orig,0,complexity,0.6627285862747502
7,mobilenet_orig,1,faithfulness,-0.06719601154327393
7,mobilenet_orig,1,robustness,1.11539888381958
7,mobilenet_orig,1,complexity,0.6664271249480919
7,mobilenet_orig,2,faithfulness,-0.07631850242614746
7,mobilenet_orig,2,robustness,1.1054528951644897
7,mobilenet_orig,2,complexity,0.6530694513013258
7,mobilenet_orig,3,faithfulness,0.09569452702999115
7,mobilenet_orig,3,robustness,2.1204471588134766
7,mobilenet_orig,3,complexity,0.49645167901910464
7,mobilenet_orig,4,faithfulness,0.3170631527900696
7,mobilenet_orig,4,robustness,0.6878505945205688
7,mobilenet_orig,4,complexity,0.40403427533474356
7,mobilenet_orig,5,faithfulness,0.0740765929222107
7,mobilenet_orig,5,robustness,0.7355334758758545
7,mobilenet_orig,5,complexity,0.5399132439606518
7,mobilenet_orig,6,faithfulness,-0.04603908956050873
7,mobilenet_orig,6,robustness,0.5989184975624084
7,mobilenet_orig,6,complexity,0.5019293169961857
7,mobilenet_orig,7,faithfulness,-0.08260581642389297
7,mobilenet_orig,7,robustness,2.946983814239502
7,mobilenet_orig,7,complexity,0.7619943819712969
7,mobilenet_orig,8,faithfulness,0.5120331048965454
7,mobilenet_orig,8,robustness,0.6053637862205505
7,mobilenet_orig,8,complexity,0.6518336211701065
7,mobilenet_orig,9,faithfulness,0.11185312271118164
7,mobilenet_orig,9,robustness,1.7218257188796997
7,mobilenet_orig,9,complexity,0.6733780470716264
7,mobilenet_orig,10,faithfulness,-0.016125820577144623
7,mobilenet_orig,10,robustness,0.7197977900505066
7,mobilenet_orig,10,complexity,0.6045858249290926
7,mobilenet_orig,11,faithfulness,-0.12218531966209412
7,mobilenet_orig,11,robustness,0.9299370050430298
7,mobilenet_orig,11,complexity,0.639076177367684
7,mobilenet_orig,12,faithfulness,-0.15128540992736816
7,mobilenet_orig,12,robustness,0.967377245426178
7,mobilenet_orig,12,complexity,0.6029396014067643
7,mobilenet_orig,13,faithfulness,-0.27111196517944336
7,mobilenet_orig,13,robustness,1.0211671590805054
7,mobilenet_orig,13,complexity,0.561364236420791
7,mobilenet_orig,14,faithfulness,0.13610625267028809
7,mobilenet_orig,14,robustness,0.6777768731117249
7,mobilenet_orig,14,complexity,0.36186123517237223
7,mobilenet_orig,15,faithfulness,-0.0694902241230011
7,mobilenet_orig,15,robustness,2.5512595176696777
7,mobilenet_orig,15,complexity,0.708651043296042
7,mobilenet_orig,16,faithfulness,-0.2964590787887573
7,mobilenet_orig,16,robustness,0.46976974606513977
7,mobilenet_orig,16,complexity,0.7409079267610486
7,mobilenet_orig,17,faithfulness,0.08970801532268524
7,mobilenet_orig,17,robustness,0.8756588101387024
7,mobilenet_orig,17,complexity,0.524708043872243
7,mobilenet_orig,18,faithfulness,0.43981266021728516
7,mobilenet_orig,18,robustness,0.3955823481082916
7,mobilenet_orig,18,complexity,0.5235476780249675
7,mobilenet_orig,19,faithfulness,-0.0718659982085228
7,mobilenet_orig,19,robustness,0.4038195013999939
7,mobilenet_orig,19,complexity,0.5293278670960129
7,mobilenet_orig,20,faithfulness,0.00011811405420303345
7,mobilenet_orig,20,robustness,0.4979749619960785
7,mobilenet_orig,20,complexity,0.48447790455015205
7,mobilenet_orig,21,faithfulness,-0.10473838448524475
7,mobilenet_orig,21,robustness,0.5432885885238647
7,mobilenet_orig,21,complexity,0.659818485910501
7,mobilenet_orig,22,faithfulness,0.0019774362444877625
7,mobilenet_orig,22,robustness,0.8188589811325073
7,mobilenet_orig,22,complexity,0.40150439474392
7,mobilenet_orig,23,faithfulness,0.3713935613632202
7,mobilenet_orig,23,robustness,0.9065002799034119
7,mobilenet_orig,23,complexity,0.42247217083649435
7,mobilenet_orig,24,faithfulness,-0.030566353350877762
7,mobilenet_orig,24,robustness,0.9167458415031433
7,mobilenet_orig,24,complexity,0.5901332030224191
7,mobilenet_orig,25,faithfulness,0.06921926885843277
7,mobilenet_orig,25,robustness,0.6462073922157288
7,mobilenet_orig,25,complexity,0.48370860613938194
7,mobilenet_orig,26,faithfulness,-0.25476065278053284
7,mobilenet_orig,26,robustness,0.9427642226219177
7,mobilenet_orig,26,complexity,0.6137421002645237
7,mobilenet_orig,27,faithfulness,-0.269772469997406
7,mobilenet_orig,27,robustness,1.5444145202636719
7,mobilenet_orig,27,complexity,0.5079594956869657
7,mobilenet_orig,28,faithfulness,0.012552063912153244
7,mobilenet_orig,28,robustness,0.6550047397613525
7,mobilenet_orig,28,complexity,0.5138248017126743
7,mobilenet_orig,29,faithfulness,-0.28388530015945435
7,mobilenet_orig,29,robustness,1.3172909021377563
7,mobilenet_orig,29,complexity,0.4170778470121085
7,mobilenet_orig,30,faithfulness,0.1541377454996109
7,mobilenet_orig,30,robustness,0.8254863619804382
7,mobilenet_orig,30,complexity,0.5298983214878489
7,mobilenet_orig,31,faithfulness,-0.11315837502479553
7,mobilenet_orig,31,robustness,0.9159163236618042
7,mobilenet_orig,31,complexity,0.5689559669385965
7,mobilenet_orig,32,faithfulness,-0.2215774655342102
7,mobilenet_orig,32,robustness,0.5826247334480286
7,mobilenet_orig,32,complexity,0.6257122198890699
7,mobilenet_orig,33,faithfulness,-0.26611649990081787
7,mobilenet_orig,33,robustness,0.3779483139514923
7,mobilenet_orig,33,complexity,0.593701590370602
7,mobilenet_orig,34,faithfulness,-0.1886458694934845
7,mobilenet_orig,34,robustness,0.4039473235607147
7,mobilenet_orig,34,complexity,0.6680529069659946
7,mobilenet_orig,35,faithfulness,-0.09778688848018646
7,mobilenet_orig,35,robustness,0.5453176498413086
7,mobilenet_orig,35,complexity,0.5653158797140965
7,mobilenet_orig,36,faithfulness,-0.23064659535884857
7,mobilenet_orig,36,robustness,0.3101826310157776
7,mobilenet_orig,36,complexity,0.5266547378815918
7,mobilenet_orig,37,faithfulness,-0.054721638560295105
7,mobilenet_orig,37,robustness,0.8057819604873657
7,mobilenet_orig,37,complexity,0.4594241010465551
7,mobilenet_orig,38,faithfulness,-0.0767744928598404
7,mobilenet_orig,38,robustness,1.0447847843170166
7,mobilenet_orig,38,complexity,0.5895893702306271
7,mobilenet_orig,39,faithfulness,-0.09627564996480942
7,mobilenet_orig,39,robustness,0.8486766815185547
7,mobilenet_orig,39,complexity,0.5213891565830041
7,mobilenet_orig,40,faithfulness,0.038084179162979126
7,mobilenet_orig,40,robustness,0.44872239232063293
7,mobilenet_orig,40,complexity,0.4986843582990093
7,mobilenet_orig,41,faithfulness,-0.06864846497774124
7,mobilenet_orig,41,robustness,0.5252987146377563
7,mobilenet_orig,41,complexity,0.5461948030136131
7,mobilenet_orig,42,faithfulness,-0.11930229514837265
7,mobilenet_orig,42,robustness,0.8987042903900146
7,mobilenet_orig,42,complexity,0.49450912133988334
7,mobilenet_orig,43,faithfulness,-0.058828406035900116
7,mobilenet_orig,43,robustness,0.637668251991272
7,mobilenet_orig,43,complexity,0.5051287764633949
7,mobilenet_orig,44,faithfulness,0.14266514778137207
7,mobilenet_orig,44,robustness,0.7166255116462708
7,mobilenet_orig,44,complexity,0.42105687348192666
7,mobilenet_orig,45,faithfulness,-0.055013179779052734
7,mobilenet_orig,45,robustness,0.8413785099983215
7,mobilenet_orig,45,complexity,0.5022139880504157
7,mobilenet_orig,46,faithfulness,0.1549094319343567
7,mobilenet_orig,46,robustness,0.6772500276565552
7,mobilenet_orig,46,complexity,0.5814993134967372
7,mobilenet_orig,47,faithfulness,0.07821778953075409
7,mobilenet_orig,47,robustness,0.7028415203094482
7,mobilenet_orig,47,complexity,0.6127743461955711
7,mobilenet_orig,48,faithfulness,0.2942250370979309
7,mobilenet_orig,48,robustness,0.9020404815673828
7,mobilenet_orig,48,complexity,0.546600498081122
7,mobilenet_orig,49,faithfulness,-0.10088011622428894
7,mobilenet_orig,49,robustness,0.6637189388275146
7,mobilenet_orig,49,complexity,0.6105788173264699
7,mobilenet_orig,50,faithfulness,-0.239820659160614
7,mobilenet_orig,50,robustness,0.7344650626182556
7,mobilenet_orig,50,complexity,0.6232133480234482
7,mobilenet_orig,51,faithfulness,0.1965358853340149
7,mobilenet_orig,51,robustness,1.1205142736434937
7,mobilenet_orig,51,complexity,0.7974313784694657
7,mobilenet_orig,52,faithfulness,0.11429493129253387
7,mobilenet_orig,52,robustness,0.7144911289215088
7,mobilenet_orig,52,complexity,0.6693519901137193
7,mobilenet_orig,53,faithfulness,0.10198511928319931
7,mobilenet_orig,53,robustness,0.970970094203949
7,mobilenet_orig,53,complexity,0.5141967897699522
7,mobilenet_orig,54,faithfulness,0.05137917026877403
7,mobilenet_orig,54,robustness,0.7826077342033386
7,mobilenet_orig,54,complexity,0.5273801953976537
7,mobilenet_orig,55,faithfulness,0.07846824824810028
7,mobilenet_orig,55,robustness,0.8469735383987427
7,mobilenet_orig,55,complexity,0.5618390881377854
7,mobilenet_orig,56,faithfulness,-0.11913388967514038
7,mobilenet_orig,56,robustness,0.5460193753242493
7,mobilenet_orig,56,complexity,0.5379427876723929
7,mobilenet_orig,57,faithfulness,0.2104739546775818
7,mobilenet_orig,57,robustness,0.8660492897033691
7,mobilenet_orig,57,complexity,0.6425233920273116
7,mobilenet_orig,58,faithfulness,0.0684208795428276
7,mobilenet_orig,58,robustness,0.4959639310836792
7,mobilenet_orig,58,complexity,0.4680424280952533
7,mobilenet_recplot,0,faithfulness,-0.112668476998806
7,mobilenet_recplot,0,robustness,1.0132640600204468
7,mobilenet_recplot,0,complexity,0.832183529859349
7,mobilenet_recplot,1,faithfulness,0.13026802241802216
7,mobilenet_recplot,1,robustness,1.0122270584106445
7,mobilenet_recplot,1,complexity,0.7719963611296842
7,mobilenet_recplot,2,faithfulness,-0.010086625814437866
7,mobilenet_recplot,2,robustness,1.001548171043396
7,mobilenet_recplot,2,complexity,0.6591646581436752
7,mobilenet_recplot,3,faithfulness,-0.02140747755765915
7,mobilenet_recplot,3,robustness,0.9992921948432922
7,mobilenet_recplot,3,complexity,0.6595911215863551
7,mobilenet_recplot,4,faithfulness,0.17536106705665588
7,mobilenet_recplot,4,robustness,1.0
7,mobilenet_recplot,4,complexity,0.5134996143245117
7,mobilenet_recplot,5,faithfulness,0.0568014457821846
7,mobilenet_recplot,5,robustness,0.9999552965164185
7,mobilenet_recplot,5,complexity,0.521088038862056
7,mobilenet_recplot,6,faithfulness,0.16722795367240906
7,mobilenet_recplot,6,robustness,0.9999557733535767
7,mobilenet_recplot,6,complexity,0.5211642992386498
7,mobilenet_recplot,7,faithfulness,0.15468841791152954
7,mobilenet_recplot,7,robustness,2.1927592754364014
7,mobilenet_recplot,7,complexity,0.8700424758971358
7,mobilenet_recplot,8,faithfulness,0.05338096618652344
7,mobilenet_recplot,8,robustness,1.0900605916976929
7,mobilenet_recplot,8,complexity,0.7993913921356355
7,mobilenet_recplot,9,faithfulness,-0.044303812086582184
7,mobilenet_recplot,9,robustness,1.0415630340576172
7,mobilenet_recplot,9,complexity,0.7938451825206974
7,mobilenet_recplot,10,faithfulness,0.1787368655204773
7,mobilenet_recplot,10,robustness,0.9997940063476562
7,mobilenet_recplot,10,complexity,0.457571344197076
7,mobilenet_recplot,11,faithfulness,0.17148151993751526
7,mobilenet_recplot,11,robustness,1.0112230777740479
7,mobilenet_recplot,11,complexity,0.6672466965258508
7,mobilenet_recplot,12,faithfulness,-0.1719907522201538
7,mobilenet_recplot,12,robustness,1.000006914138794
7,mobilenet_recplot,12,complexity,0.6461072315064429
7,mobilenet_recplot,13,faithfulness,-0.18482358753681183
7,mobilenet_recplot,13,robustness,0.9991374015808105
7,mobilenet_recplot,13,complexity,0.6790590726740803
7,mobilenet_recplot,14,faithfulness,0.11684239655733109
7,mobilenet_recplot,14,robustness,1.0024185180664062
7,mobilenet_recplot,14,complexity,0.695269285568588
7,mobilenet_recplot,15,faithfulness,-0.07205631583929062
7,mobilenet_recplot,15,robustness,33.30670166015625
7,mobilenet_recplot,15,complexity,0.9255120613838644
7,mobilenet_recplot,16,faithfulness,0.0018940716981887817
7,mobilenet_recplot,16,robustness,4.805788993835449
7,mobilenet_recplot,16,complexity,0.8838201247411895
7,mobilenet_recplot,17,faithfulness,0.4692714214324951
7,mobilenet_recplot,17,robustness,0.9992905855178833
7,mobilenet_recplot,17,complexity,0.587845407658826
7,mobilenet_recplot,18,faithfulness,0.22209270298480988
7,mobilenet_recplot,18,robustness,1.1235356330871582
7,mobilenet_recplot,18,complexity,0.573523771946412
7,mobilenet_recplot,19,faithfulness,0.07942231744527817
7,mobilenet_recplot,19,robustness,0.792224109172821
7,mobilenet_recplot,19,complexity,0.5060668286202782
7,mobilenet_recplot,20,faithfulness,0.3353816866874695
7,mobilenet_recplot,20,robustness,0.7867838144302368
7,mobilenet_recplot,20,complexity,0.4614400632613132
7,mobilenet_recplot,21,faithfulness,-0.2067144811153412
7,mobilenet_recplot,21,robustness,0.8596498370170593
7,mobilenet_recplot,21,complexity,0.5343803109155827
7,mobilenet_recplot,22,faithfulness,-0.21018537878990173
7,mobilenet_recplot,22,robustness,0.9274712800979614
7,mobilenet_recplot,22,complexity,0.33846676500081796
7,mobilenet_recplot,23,faithfulness,0.41147518157958984
7,mobilenet_recplot,23,robustness,4.654529094696045
7,mobilenet_recplot,23,complexity,0.7565354420959564
7,mobilenet_recplot,24,faithfulness,0.05575554072856903
7,mobilenet_recplot,24,robustness,0.9950277209281921
7,mobilenet_recplot,24,complexity,0.5706182209019417
7,mobilenet_recplot,25,faithfulness,0.12410850822925568
7,mobilenet_recplot,25,robustness,1.419992446899414
7,mobilenet_recplot,25,complexity,0.5328811069922665
7,mobilenet_recplot,26,faithfulness,0.19397291541099548
7,mobilenet_recplot,26,robustness,0.8759521842002869
7,mobilenet_recplot,26,complexity,0.6237239976763843
7,mobilenet_recplot,27,faithfulness,0.46835219860076904
7,mobilenet_recplot,27,robustness,2.1277127265930176
7,mobilenet_recplot,27,complexity,0.7279430813658
7,mobilenet_recplot,28,faithfulness,0.1125139594078064
7,mobilenet_recplot,28,robustness,1.3574243783950806
7,mobilenet_recplot,28,complexity,0.5446336038440366
7,mobilenet_recplot,29,faithfulness,0.4835227429866791
7,mobilenet_recplot,29,robustness,1.0674948692321777
7,mobilenet_recplot,29,complexity,0.48860941450395057
7,mobilenet_recplot,30,faithfulness,0.19138726592063904
7,mobilenet_recplot,30,robustness,1.1216787099838257
7,mobilenet_recplot,30,complexity,0.5612314187982577
7,mobilenet_recplot,31,faithfulness,-0.02869998849928379
7,mobilenet_recplot,31,robustness,1.0733226537704468
7,mobilenet_recplot,31,complexity,0.5538390776443597
7,mobilenet_recplot,32,faithfulness,-0.04623587429523468
7,mobilenet_recplot,32,robustness,1.5182608366012573
7,mobilenet_recplot,32,complexity,0.57148694094072
7,mobilenet_recplot,33,faithfulness,0.3491562604904175
7,mobilenet_recplot,33,robustness,1.0190623998641968
7,mobilenet_recplot,33,complexity,0.5734977591532264
7,mobilenet_recplot,34,faithfulness,0.3819337487220764
7,mobilenet_recplot,34,robustness,2.0856916904449463
7,mobilenet_recplot,34,complexity,0.42995704961139275
7,mobilenet_recplot,35,faithfulness,-0.29925256967544556
7,mobilenet_recplot,35,robustness,0.941152811050415
7,mobilenet_recplot,35,complexity,0.49173501139679565
7,mobilenet_recplot,36,faithfulness,0.36942505836486816
7,mobilenet_recplot,36,robustness,46.38643264770508
7,mobilenet_recplot,36,complexity,0.8200259747764176
7,mobilenet_recplot,37,faithfulness,0.13810890913009644
7,mobilenet_recplot,37,robustness,0.830229640007019
7,mobilenet_recplot,37,complexity,0.3061632482718094
7,mobilenet_recplot,38,faithfulness,-0.02107684314250946
7,mobilenet_recplot,38,robustness,0.9703401923179626
7,mobilenet_recplot,38,complexity,0.5967385121842876
7,mobilenet_recplot,39,faithfulness,0.04821097105741501
7,mobilenet_recplot,39,robustness,2.3667685985565186
7,mobilenet_recplot,39,complexity,0.4843039652087792
7,mobilenet_recplot,40,faithfulness,-0.1909470111131668
7,mobilenet_recplot,40,robustness,1.4688926935195923
7,mobilenet_recplot,40,complexity,0.561898946505879
7,mobilenet_recplot,41,faithfulness,
7,mobilenet_recplot,41,robustness,inf
7,mobilenet_recplot,41,complexity,0.0
7,mobilenet_recplot,42,faithfulness,-0.22134193778038025
7,mobilenet_recplot,42,robustness,0.8404093384742737
7,mobilenet_recplot,42,complexity,0.45070156498615366
7,mobilenet_recplot,43,faithfulness,0.30490055680274963
7,mobilenet_recplot,43,robustness,0.9127469062805176
7,mobilenet_recplot,43,complexity,0.6476377832238718
7,mobilenet_recplot,44,faithfulness,0.16844797134399414
7,mobilenet_recplot,44,robustness,0.7276666164398193
7,mobilenet_recplot,44,complexity,0.3714898880521747
7,mobilenet_recplot,45,faithfulness,0.06521850824356079
7,mobilenet_recplot,45,robustness,1.9211102724075317
7,mobilenet_recplot,45,complexity,0.43054635877589104
7,mobilenet_recplot,46,faithfulness,0.30429762601852417
7,mobilenet_recplot,46,robustness,0.8441717028617859
7,mobilenet_recplot,46,complexity,0.5074964655921429
7,mobilenet_recplot,47,faithfulness,0.5017777681350708
7,mobilenet_recplot,47,robustness,0.9996094107627869
7,mobilenet_recplot,47,complexity,0.5170247326744497
7,mobilenet_recplot,48,faithfulness,-0.1310463398694992
7,mobilenet_recplot,48,robustness,1.0095744132995605
7,mobilenet_recplot,48,complexity,0.5007713739966819
7,mobilenet_recplot,49,faithfulness,0.07112345099449158
7,mobilenet_recplot,49,robustness,1.0
7,mobilenet_recplot,49,complexity,0.8534144158823064
7,mobilenet_recplot,50,faithfulness,-0.25055867433547974
7,mobilenet_recplot,50,robustness,1.0094854831695557
7,mobilenet_recplot,50,complexity,0.569560084238814
7,mobilenet_recplot,51,faithfulness,0.2368077039718628
7,mobilenet_recplot,51,robustness,1.0
7,mobilenet_recplot,51,complexity,0.5645777696162209
7,mobilenet_recplot,52,faithfulness,0.4567626416683197
7,mobilenet_recplot,52,robustness,1.000004529953003
7,mobilenet_recplot,52,complexity,0.6716974361615917
7,mobilenet_recplot,53,faithfulness,0.10502094775438309
7,mobilenet_recplot,53,robustness,0.9999756217002869
7,mobilenet_recplot,53,complexity,0.3897968190037019
7,mobilenet_recplot,54,faithfulness,0.14627112448215485
7,mobilenet_recplot,54,robustness,0.999882161617279
7,mobilenet_recplot,54,complexity,0.4332613308910224
7,mobilenet_recplot,55,faithfulness,0.32196739315986633
7,mobilenet_recplot,55,robustness,1.0
7,mobilenet_recplot,55,complexity,0.6445260438592254
7,mobilenet_recplot,56,faithfulness,-0.14273223280906677
7,mobilenet_recplot,56,robustness,1.0
7,mobilenet_recplot,56,complexity,0.5427362147124252
7,mobilenet_recplot,57,faithfulness,0.37666118144989014
7,mobilenet_recplot,57,robustness,0.999628484249115
7,mobilenet_recplot,57,complexity,0.8085894101613756
7,mobilenet_recplot,58,faithfulness,0.1351250857114792
7,mobilenet_recplot,58,robustness,1.009019136428833
7,mobilenet_recplot,58,complexity,0.7307835247646631
7,effnet_orig,0,faithfulness,0.13546721637248993
7,effnet_orig,0,robustness,1.4023919105529785
7,effnet_orig,0,complexity,0.5272030686211202
7,effnet_orig,1,faithfulness,-0.0503629595041275
7,effnet_orig,1,robustness,0.4331180155277252
7,effnet_orig,1,complexity,0.5363348739851247
7,effnet_orig,2,faithfulness,0.15781784057617188
7,effnet_orig,2,robustness,0.6373777985572815
7,effnet_orig,2,complexity,0.49085928528696404
7,effnet_orig,3,faithfulness,0.10231129825115204
7,effnet_orig,3,robustness,0.8276668190956116
7,effnet_orig,3,complexity,0.43416670997118345
7,effnet_orig,4,faithfulness,0.1673544943332672
7,effnet_orig,4,robustness,0.7649733424186707
7,effnet_orig,4,complexity,0.3747260881537801
7,effnet_orig,5,faithfulness,-0.22040975093841553
7,effnet_orig,5,robustness,0.493617981672287
7,effnet_orig,5,complexity,0.4075723054964172
7,effnet_orig,6,faithfulness,-0.05710235983133316
7,effnet_orig,6,robustness,0.3537849187850952
7,effnet_orig,6,complexity,0.4732999117769668
7,effnet_orig,7,faithfulness,0.03279557824134827
7,effnet_orig,7,robustness,0.7505135536193848
7,effnet_orig,7,complexity,0.5545965053279833
7,effnet_orig,8,faithfulness,0.27632835507392883
7,effnet_orig,8,robustness,1.8974130153656006
7,effnet_orig,8,complexity,0.6480898823121941
7,effnet_orig,9,faithfulness,-0.16128554940223694
7,effnet_orig,9,robustness,1.125872015953064
7,effnet_orig,9,complexity,0.40993428781249186
7,effnet_orig,10,faithfulness,0.18666455149650574
7,effnet_orig,10,robustness,0.4499679207801819
7,effnet_orig,10,complexity,0.4928881343224886
7,effnet_orig,11,faithfulness,0.18129950761795044
7,effnet_orig,11,robustness,0.5613720417022705
7,effnet_orig,11,complexity,0.4595069008387012
7,effnet_orig,12,faithfulness,-0.061845265328884125
7,effnet_orig,12,robustness,0.6855751872062683
7,effnet_orig,12,complexity,0.4783568110025363
7,effnet_orig,13,faithfulness,-0.14784996211528778
7,effnet_orig,13,robustness,0.5647891759872437
7,effnet_orig,13,complexity,0.49510535220232865
7,effnet_orig,14,faithfulness,0.18471579253673553
7,effnet_orig,14,robustness,0.7654985785484314
7,effnet_orig,14,complexity,0.40408703910008203
7,effnet_orig,15,faithfulness,-0.25046348571777344
7,effnet_orig,15,robustness,3.2544002532958984
7,effnet_orig,15,complexity,0.5164918657965438
7,effnet_orig,16,faithfulness,0.10216467082500458
7,effnet_orig,16,robustness,1.11766517162323
7,effnet_orig,16,complexity,0.5265485029303355
7,effnet_orig,17,faithfulness,0.34574469923973083
7,effnet_orig,17,robustness,0.6688963174819946
7,effnet_orig,17,complexity,0.4057258691291465
7,effnet_orig,18,faithfulness,-0.22828902304172516
7,effnet_orig,18,robustness,0.7289689779281616
7,effnet_orig,18,complexity,0.6333328247666584
7,effnet_orig,19,faithfulness,0.14930090308189392
7,effnet_orig,19,robustness,0.5657271146774292
7,effnet_orig,19,complexity,0.5611886061961974
7,effnet_orig,20,faithfulness,0.2550244629383087
7,effnet_orig,20,robustness,0.593813955783844
7,effnet_orig,20,complexity,0.5247477463354053
7,effnet_orig,21,faithfulness,-0.5895031690597534
7,effnet_orig,21,robustness,0.6043869853019714
7,effnet_orig,21,complexity,0.7183591412841973
7,effnet_orig,22,faithfulness,-0.05766597017645836
7,effnet_orig,22,robustness,0.7153704762458801
7,effnet_orig,22,complexity,0.4113983180673082
7,effnet_orig,23,faithfulness,0.25269222259521484
7,effnet_orig,23,robustness,0.7634667754173279
7,effnet_orig,23,complexity,0.7931838471660974
7,effnet_orig,24,faithfulness,0.413219690322876
7,effnet_orig,24,robustness,1.6923102140426636
7,effnet_orig,24,complexity,0.6656885903311726
7,effnet_orig,25,faithfulness,0.2817315459251404
7,effnet_orig,25,robustness,0.7370901107788086
7,effnet_orig,25,complexity,0.6254140375070001
7,effnet_orig,26,faithfulness,0.1690220683813095
7,effnet_orig,26,robustness,1.2572009563446045
7,effnet_orig,26,complexity,0.7018313397758646
7,effnet_orig,27,faithfulness,-0.19315797090530396
7,effnet_orig,27,robustness,1.131158471107483
7,effnet_orig,27,complexity,0.722466713311501
7,effnet_orig,28,faithfulness,0.13588674366474152
7,effnet_orig,28,robustness,0.9025984406471252
7,effnet_orig,28,complexity,0.5819500932842179
7,effnet_orig,29,faithfulness,-0.24133771657943726
7,effnet_orig,29,robustness,0.6058520078659058
7,effnet_orig,29,complexity,0.5655048373185784
7,effnet_orig,30,faithfulness,-0.010992076247930527
7,effnet_orig,30,robustness,1.2707374095916748
7,effnet_orig,30,complexity,0.7244636896925193
7,effnet_orig,31,faithfulness,0.25209367275238037
7,effnet_orig,31,robustness,0.6785300374031067
7,effnet_orig,31,complexity,0.7618314974733899
7,effnet_orig,32,faithfulness,0.07450882345438004
7,effnet_orig,32,robustness,0.8761918544769287
7,effnet_orig,32,complexity,0.7125806586367534
7,effnet_orig,33,faithfulness,0.10184558480978012
7,effnet_orig,33,robustness,0.6379128098487854
7,effnet_orig,33,complexity,0.7755840308629035
7,effnet_orig,34,faithfulness,-0.320909708738327
7,effnet_orig,34,robustness,0.5727810859680176
7,effnet_orig,34,complexity,0.7559816086129513
7,effnet_orig,35,faithfulness,0.14877064526081085
7,effnet_orig,35,robustness,0.8407525420188904
7,effnet_orig,35,complexity,0.7531580379493868
7,effnet_orig,36,faithfulness,0.1379677653312683
7,effnet_orig,36,robustness,0.7154878377914429
7,effnet_orig,36,complexity,0.4712488247216352
7,effnet_orig,37,faithfulness,-0.1063908040523529
7,effnet_orig,37,robustness,0.6262966394424438
7,effnet_orig,37,complexity,0.4641771195826293
7,effnet_orig,38,faithfulness,0.33025479316711426
7,effnet_orig,38,robustness,0.9221082329750061
7,effnet_orig,38,complexity,0.7140241317384758
7,effnet_orig,39,faithfulness,-0.18086455762386322
7,effnet_orig,39,robustness,0.5707934498786926
7,effnet_orig,39,complexity,0.734764642890188
7,effnet_orig,40,faithfulness,0.0017123743891716003
7,effnet_orig,40,robustness,0.3823002278804779
7,effnet_orig,40,complexity,0.605167398746472
7,effnet_orig,41,faithfulness,-0.05447390675544739
7,effnet_orig,41,robustness,0.6871970295906067
7,effnet_orig,41,complexity,0.5361789574610022
7,effnet_orig,42,faithfulness,-0.06510675698518753
7,effnet_orig,42,robustness,0.9254720211029053
7,effnet_orig,42,complexity,0.5089774952483564
7,effnet_orig,43,faithfulness,-0.42594677209854126
7,effnet_orig,43,robustness,1.9598422050476074
7,effnet_orig,43,complexity,0.3205396634440829
7,effnet_orig,44,faithfulness,-0.046248339116573334
7,effnet_orig,44,robustness,0.7364794015884399
7,effnet_orig,44,complexity,0.6246620600889994
7,effnet_orig,45,faithfulness,0.19241467118263245
7,effnet_orig,45,robustness,1.6863503456115723
7,effnet_orig,45,complexity,0.4305560159120875
7,effnet_orig,46,faithfulness,-0.05882208049297333
7,effnet_orig,46,robustness,0.8409715890884399
7,effnet_orig,46,complexity,0.4946232965520665
7,effnet_orig,47,faithfulness,0.13530150055885315
7,effnet_orig,47,robustness,0.7308536171913147
7,effnet_orig,47,complexity,0.31507979302366546
7,effnet_orig,48,faithfulness,0.02002236247062683
7,effnet_orig,48,robustness,1.1753320693969727
7,effnet_orig,48,complexity,0.34257274907621055
7,effnet_orig,49,faithfulness,0.14496707916259766
7,effnet_orig,49,robustness,1.9763901233673096
7,effnet_orig,49,complexity,0.44750967867686725
7,effnet_orig,50,faithfulness,-0.3388556241989136
7,effnet_orig,50,robustness,0.7898634076118469
7,effnet_orig,50,complexity,0.2797222615419795
7,effnet_orig,51,faithfulness,-0.0002702102065086365
7,effnet_orig,51,robustness,0.8061038851737976
7,effnet_orig,51,complexity,0.3546878316603138
7,effnet_orig,52,faithfulness,-0.19911307096481323
7,effnet_orig,52,robustness,0.9097306132316589
7,effnet_orig,52,complexity,0.5669433394690215
7,effnet_orig,53,faithfulness,0.22670204937458038
7,effnet_orig,53,robustness,0.7218908667564392
7,effnet_orig,53,complexity,0.26663143976962184
7,effnet_orig,54,faithfulness,0.1929675042629242
7,effnet_orig,54,robustness,0.7283944487571716
7,effnet_orig,54,complexity,0.2621014177096557
7,effnet_orig,55,faithfulness,0.3609203100204468
7,effnet_orig,55,robustness,0.6455243229866028
7,effnet_orig,55,complexity,0.3067309048495455
7,effnet_orig,56,faithfulness,0.012867189943790436
7,effnet_orig,56,robustness,0.5828243494033813
7,effnet_orig,56,complexity,0.31463276409860547
7,effnet_orig,57,faithfulness,0.1577593982219696
7,effnet_orig,57,robustness,0.7970434427261353
7,effnet_orig,57,complexity,0.3839927115457007
7,effnet_orig,58,faithfulness,0.051393479108810425
7,effnet_orig,58,robustness,0.7939155101776123
7,effnet_orig,58,complexity,0.2775733178585634
7,effnet_recplot,0,faithfulness,-0.1336197853088379
7,effnet_recplot,0,robustness,3.0342953205108643
7,effnet_recplot,0,complexity,0.6407476869498918
7,effnet_recplot,1,faithfulness,-0.06577153503894806
7,effnet_recplot,1,robustness,48.25760269165039
7,effnet_recplot,1,complexity,0.8889748278520226
7,effnet_recplot,2,faithfulness,0.0010445304214954376
7,effnet_recplot,2,robustness,1.000000238418579
7,effnet_recplot,2,complexity,0.7571898954213514
7,effnet_recplot,3,faithfulness,-0.2605045437812805
7,effnet_recplot,3,robustness,1.0
7,effnet_recplot,3,complexity,0.4034925738201683
7,effnet_recplot,4,faithfulness,0.09161519259214401
7,effnet_recplot,4,robustness,0.9999982118606567
7,effnet_recplot,4,complexity,0.5134521323782238
7,effnet_recplot,5,faithfulness,-0.008092880249023438
7,effnet_recplot,5,robustness,0.9999772906303406
7,effnet_recplot,5,complexity,0.41935003896354733
7,effnet_recplot,6,faithfulness,0.019222475588321686
7,effnet_recplot,6,robustness,0.9999389052391052
7,effnet_recplot,6,complexity,0.46871148827426096
7,effnet_recplot,7,faithfulness,-0.20055627822875977
7,effnet_recplot,7,robustness,45.67515182495117
7,effnet_recplot,7,complexity,0.7843371742888431
7,effnet_recplot,8,faithfulness,0.015813544392585754
7,effnet_recplot,8,robustness,3.877699136734009
7,effnet_recplot,8,complexity,0.644522342224025
7,effnet_recplot,9,faithfulness,-0.07523966580629349
7,effnet_recplot,9,robustness,1.0
7,effnet_recplot,9,complexity,0.6265263682730968
7,effnet_recplot,10,faithfulness,-0.04155661165714264
7,effnet_recplot,10,robustness,0.9999608397483826
7,effnet_recplot,10,complexity,0.43506017845341305
7,effnet_recplot,11,faithfulness,0.019590958952903748
7,effnet_recplot,11,robustness,2.6182167530059814
7,effnet_recplot,11,complexity,0.7771718913675617
7,effnet_recplot,12,faithfulness,0.10409332066774368
7,effnet_recplot,12,robustness,1.0
7,effnet_recplot,12,complexity,0.788826443581645
7,effnet_recplot,13,faithfulness,-0.014013417065143585
7,effnet_recplot,13,robustness,1.0078473091125488
7,effnet_recplot,13,complexity,0.8307546903155266
7,effnet_recplot,14,faithfulness,0.12148937582969666
7,effnet_recplot,14,robustness,1.0007259845733643
7,effnet_recplot,14,complexity,0.6873642911003731
7,effnet_recplot,15,faithfulness,0.2187543362379074
7,effnet_recplot,15,robustness,2.877701997756958
7,effnet_recplot,15,complexity,0.8204358683148575
7,effnet_recplot,16,faithfulness,0.24705298244953156
7,effnet_recplot,16,robustness,1.0284022092819214
7,effnet_recplot,16,complexity,0.5961543808998173
7,effnet_recplot,17,faithfulness,0.14041420817375183
7,effnet_recplot,17,robustness,0.9997425079345703
7,effnet_recplot,17,complexity,0.4547117478605087
7,effnet_recplot,18,faithfulness,0.38480865955352783
7,effnet_recplot,18,robustness,4.3777174949646
7,effnet_recplot,18,complexity,0.8866142803640643
7,effnet_recplot,19,faithfulness,0.05755237862467766
7,effnet_recplot,19,robustness,1.0908880233764648
7,effnet_recplot,19,complexity,0.6084859350953211
7,effnet_recplot,20,faithfulness,-0.20368291437625885
7,effnet_recplot,20,robustness,3.434365749359131
7,effnet_recplot,20,complexity,0.3785512802027077
7,effnet_recplot,21,faithfulness,0.14954154193401337
7,effnet_recplot,21,robustness,1.1005932092666626
7,effnet_recplot,21,complexity,0.5365384121712595
7,effnet_recplot,22,faithfulness,-0.051004741340875626
7,effnet_recplot,22,robustness,2.1167361736297607
7,effnet_recplot,22,complexity,0.4836029668086403
7,effnet_recplot,23,faithfulness,0.17594368755817413
7,effnet_recplot,23,robustness,1.0003306865692139
7,effnet_recplot,23,complexity,0.6535797695185956
7,effnet_recplot,24,faithfulness,0.48766618967056274
7,effnet_recplot,24,robustness,2.097275972366333
7,effnet_recplot,24,complexity,0.6860239513969039
7,effnet_recplot,25,faithfulness,-0.0522012859582901
7,effnet_recplot,25,robustness,1.1184242963790894
7,effnet_recplot,25,complexity,0.665060388495268
7,effnet_recplot,26,faithfulness,0.12328965961933136
7,effnet_recplot,26,robustness,2.4116361141204834
7,effnet_recplot,26,complexity,0.5891605831020068
7,effnet_recplot,27,faithfulness,-0.23072120547294617
7,effnet_recplot,27,robustness,7.367729663848877
7,effnet_recplot,27,complexity,0.7862497327046986
7,effnet_recplot,28,faithfulness,0.11215092241764069
7,effnet_recplot,28,robustness,5.768847942352295
7,effnet_recplot,28,complexity,0.26214654492455
7,effnet_recplot,29,faithfulness,0.35516875982284546
7,effnet_recplot,29,robustness,3.432541608810425
7,effnet_recplot,29,complexity,0.5347853056994434
7,effnet_recplot,30,faithfulness,0.31795328855514526
7,effnet_recplot,30,robustness,1.4506922960281372
7,effnet_recplot,30,complexity,0.6912411914193791
7,effnet_recplot,31,faithfulness,0.11145716905593872
7,effnet_recplot,31,robustness,0.9978428483009338
7,effnet_recplot,31,complexity,0.7017157020628635
7,effnet_recplot,32,faithfulness,0.41199570894241333
7,effnet_recplot,32,robustness,1.3340234756469727
7,effnet_recplot,32,complexity,0.6548412647572268
7,effnet_recplot,33,faithfulness,0.30846166610717773
7,effnet_recplot,33,robustness,1.1302566528320312
7,effnet_recplot,33,complexity,0.673108676305983
7,effnet_recplot,34,faithfulness,0.11434224992990494
7,effnet_recplot,34,robustness,3.539689540863037
7,effnet_recplot,34,complexity,0.6022618070302704
7,effnet_recplot,35,faithfulness,0.31647789478302
7,effnet_recplot,35,robustness,1.973915457725525
7,effnet_recplot,35,complexity,0.6328848664658497
7,effnet_recplot,36,faithfulness,-0.22368541359901428
7,effnet_recplot,36,robustness,41.08368682861328
7,effnet_recplot,36,complexity,0.9281394570089768
7,effnet_recplot,37,faithfulness,0.3731778860092163
7,effnet_recplot,37,robustness,1.4121447801589966
7,effnet_recplot,37,complexity,0.6503915912027799
7,effnet_recplot,38,faithfulness,-0.13390254974365234
7,effnet_recplot,38,robustness,1.9448888301849365
7,effnet_recplot,38,complexity,0.6356064344289298
7,effnet_recplot,39,faithfulness,-0.12852662801742554
7,effnet_recplot,39,robustness,4.231465816497803
7,effnet_recplot,39,complexity,0.6224829773435788
7,effnet_recplot,40,faithfulness,0.07674095034599304
7,effnet_recplot,40,robustness,4.484195232391357
7,effnet_recplot,40,complexity,0.4904749862230754
7,effnet_recplot,41,faithfulness,0.35878631472587585
7,effnet_recplot,41,robustness,32.893043518066406
7,effnet_recplot,41,complexity,0.8065529664331216
7,effnet_recplot,42,faithfulness,0.048969950526952744
7,effnet_recplot,42,robustness,1.828461766242981
7,effnet_recplot,42,complexity,0.4996980082968327
7,effnet_recplot,43,faithfulness,0.435099333524704
7,effnet_recplot,43,robustness,14.719663619995117
7,effnet_recplot,43,complexity,0.7063914994773888
7,effnet_recplot,44,faithfulness,-0.15079963207244873
7,effnet_recplot,44,robustness,1.2357507944107056
7,effnet_recplot,44,complexity,0.43453282966021195
7,effnet_recplot,45,faithfulness,-0.05670086666941643
7,effnet_recplot,45,robustness,2.1221120357513428
7,effnet_recplot,45,complexity,0.8027997686389922
7,effnet_recplot,46,faithfulness,0.2684307396411896
7,effnet_recplot,46,robustness,1.857237458229065
7,effnet_recplot,46,complexity,0.6101410977541353
7,effnet_recplot,47,faithfulness,-0.1412470042705536
7,effnet_recplot,47,robustness,1.0
7,effnet_recplot,47,complexity,0.2572221209398646
7,effnet_recplot,48,faithfulness,-0.1397348791360855
7,effnet_recplot,48,robustness,1.0
7,effnet_recplot,48,complexity,0.24530799016494279
7,effnet_recplot,49,faithfulness,0.012159690260887146
7,effnet_recplot,49,robustness,38.12044143676758
7,effnet_recplot,49,complexity,0.8996619604067383
7,effnet_recplot,50,faithfulness,0.11750360578298569
7,effnet_recplot,50,robustness,1.0
7,effnet_recplot,50,complexity,0.413800865608603
7,effnet_recplot,51,faithfulness,-0.008617337793111801
7,effnet_recplot,51,robustness,1.0
7,effnet_recplot,51,complexity,0.3658441444066534
7,effnet_recplot,52,faithfulness,0.0875217616558075
7,effnet_recplot,52,robustness,1.0
7,effnet_recplot,52,complexity,0.35667246627505694
7,effnet_recplot,53,faithfulness,-0.09267935156822205
7,effnet_recplot,53,robustness,1.0
7,effnet_recplot,53,complexity,0.3809330980182694
7,effnet_recplot,54,faithfulness,0.26012980937957764
7,effnet_recplot,54,robustness,1.0
7,effnet_recplot,54,complexity,0.39618051239449453
7,effnet_recplot,55,faithfulness,0.03408506512641907
7,effnet_recplot,55,robustness,1.0
7,effnet_recplot,55,complexity,0.42100421823026496
7,effnet_recplot,56,faithfulness,0.2686404585838318
7,effnet_recplot,56,robustness,1.0
7,effnet_recplot,56,complexity,0.46508610774710923
7,effnet_recplot,57,faithfulness,0.20932647585868835
7,effnet_recplot,57,robustness,1.0
7,effnet_recplot,57,complexity,0.582543903670783
7,effnet_recplot,58,faithfulness,0.1928555816411972
7,effnet_recplot,58,robustness,1.3816860914230347
7,effnet_recplot,58,complexity,0.5059372629608903
12,mobilenet_orig,0,faithfulness,-0.08648791909217834
12,mobilenet_orig,0,robustness,1.0311869382858276
12,mobilenet_orig,0,complexity,0.6341495660150903
12,mobilenet_orig,1,faithfulness,-0.08647952973842621
12,mobilenet_orig,1,robustness,1.1385250091552734
12,mobilenet_orig,1,complexity,0.5299274716031119
12,mobilenet_orig,2,faithfulness,0.2883766293525696
12,mobilenet_orig,2,robustness,1.108646273612976
12,mobilenet_orig,2,complexity,0.5865055329818557
12,mobilenet_orig,3,faithfulness,-0.2750800549983978
12,mobilenet_orig,3,robustness,1.1809204816818237
12,mobilenet_orig,3,complexity,0.6323619016280975
12,mobilenet_orig,4,faithfulness,0.02070508897304535
12,mobilenet_orig,4,robustness,0.8502590656280518
12,mobilenet_orig,4,complexity,0.36916855528942844
12,mobilenet_orig,5,faithfulness,-0.19903376698493958
12,mobilenet_orig,5,robustness,0.8300431966781616
12,mobilenet_orig,5,complexity,0.6031006972971641
12,mobilenet_orig,6,faithfulness,-0.07198608666658401
12,mobilenet_orig,6,robustness,0.9078925251960754
12,mobilenet_orig,6,complexity,0.43857011531628115
12,mobilenet_orig,7,faithfulness,0.0908467099070549
12,mobilenet_orig,7,robustness,1.616347074508667
12,mobilenet_orig,7,complexity,0.6882446020400503
12,mobilenet_orig,8,faithfulness,-0.12772217392921448
12,mobilenet_orig,8,robustness,0.8873857259750366
12,mobilenet_orig,8,complexity,0.6451815885032022
12,mobilenet_orig,9,faithfulness,-0.1448194682598114
12,mobilenet_orig,9,robustness,1.1778314113616943
12,mobilenet_orig,9,complexity,0.5727746624754172
12,mobilenet_orig,10,faithfulness,0.1693996638059616
12,mobilenet_orig,10,robustness,0.7207179665565491
12,mobilenet_orig,10,complexity,0.6157790152251656
12,mobilenet_orig,11,faithfulness,-0.008475475013256073
12,mobilenet_orig,11,robustness,0.8235272765159607
12,mobilenet_orig,11,complexity,0.6941612781257527
12,mobilenet_orig,12,faithfulness,-0.3450440466403961
12,mobilenet_orig,12,robustness,0.9590880274772644
12,mobilenet_orig,12,complexity,0.6697606813084976
12,mobilenet_orig,13,faithfulness,0.10206128656864166
12,mobilenet_orig,13,robustness,1.1749778985977173
12,mobilenet_orig,13,complexity,0.5141087196063986
12,mobilenet_orig,14,faithfulness,0.04430190473794937
12,mobilenet_orig,14,robustness,1.0219380855560303
12,mobilenet_orig,14,complexity,0.3396004717688453
12,mobilenet_orig,15,faithfulness,-0.07086161524057388
12,mobilenet_orig,15,robustness,0.8282697796821594
12,mobilenet_orig,15,complexity,0.7557132055087936
12,mobilenet_orig,16,faithfulness,-0.06220303475856781
12,mobilenet_orig,16,robustness,0.7589994668960571
12,mobilenet_orig,16,complexity,0.7055141738937103
12,mobilenet_orig,17,faithfulness,0.08656839281320572
12,mobilenet_orig,17,robustness,0.7718998193740845
12,mobilenet_orig,17,complexity,0.49133682259959705
12,mobilenet_orig,18,faithfulness,-0.04640856757760048
12,mobilenet_orig,18,robustness,0.4821355640888214
12,mobilenet_orig,18,complexity,0.493652480469815
12,mobilenet_orig,19,faithfulness,0.08739426732063293
12,mobilenet_orig,19,robustness,0.3387073874473572
12,mobilenet_orig,19,complexity,0.6132281199074936
12,mobilenet_orig,20,faithfulness,0.0228005051612854
12,mobilenet_orig,20,robustness,1.4024391174316406
12,mobilenet_orig,20,complexity,0.3265788690753105
12,mobilenet_orig,21,faithfulness,0.09495143592357635
12,mobilenet_orig,21,robustness,0.4052876830101013
12,mobilenet_orig,21,complexity,0.5920331652273326
12,mobilenet_orig,22,faithfulness,0.025992106646299362
12,mobilenet_orig,22,robustness,0.9807620644569397
12,mobilenet_orig,22,complexity,0.36425413350753266
12,mobilenet_orig,23,faithfulness,-0.15193940699100494
12,mobilenet_orig,23,robustness,1.2868964672088623
12,mobilenet_orig,23,complexity,0.46292178681091395
12,mobilenet_orig,24,faithfulness,-0.14215104281902313
12,mobilenet_orig,24,robustness,1.0169917345046997
12,mobilenet_orig,24,complexity,0.6375615085247763
12,mobilenet_orig,25,faithfulness,0.10887981951236725
12,mobilenet_orig,25,robustness,0.7661314606666565
12,mobilenet_orig,25,complexity,0.4238818438031366
12,mobilenet_orig,26,faithfulness,0.31119972467422485
12,mobilenet_orig,26,robustness,0.6432521343231201
12,mobilenet_orig,26,complexity,0.6075039938743669
12,mobilenet_orig,27,faithfulness,-0.27306514978408813
12,mobilenet_orig,27,robustness,0.9958965182304382
12,mobilenet_orig,27,complexity,0.4080559685456707
12,mobilenet_orig,28,faithfulness,0.03944706171751022
12,mobilenet_orig,28,robustness,1.4346987009048462
12,mobilenet_orig,28,complexity,0.3650043477929175
12,mobilenet_orig,29,faithfulness,-0.10557907819747925
12,mobilenet_orig,29,robustness,0.9386071562767029
12,mobilenet_orig,29,complexity,0.4337329470596007
12,mobilenet_orig,30,faithfulness,0.1922978162765503
12,mobilenet_orig,30,robustness,1.1635324954986572
12,mobilenet_orig,30,complexity,0.5579191772357731
12,mobilenet_orig,31,faithfulness,0.08303117752075195
12,mobilenet_orig,31,robustness,0.48875880241394043
12,mobilenet_orig,31,complexity,0.4972492056484206
12,mobilenet_orig,32,faithfulness,-0.3262304663658142
12,mobilenet_orig,32,robustness,0.4937790334224701
12,mobilenet_orig,32,complexity,0.561172731009227
12,mobilenet_orig,33,faithfulness,-0.08970218896865845
12,mobilenet_orig,33,robustness,0.6508850455284119
12,mobilenet_orig,33,complexity,0.5019416402524153
12,mobilenet_orig,34,faithfulness,0.19369465112686157
12,mobilenet_orig,34,robustness,1.0477056503295898
12,mobilenet_orig,34,complexity,0.5141949168200901
12,mobilenet_orig,35,faithfulness,0.21620072424411774
12,mobilenet_orig,35,robustness,0.8683164119720459
12,mobilenet_orig,35,complexity,0.5265513175362193
12,mobilenet_orig,36,faithfulness,-0.07421594113111496
12,mobilenet_orig,36,robustness,0.6474506855010986
12,mobilenet_orig,36,complexity,0.5075452021078429
12,mobilenet_orig,37,faithfulness,-0.37160903215408325
12,mobilenet_orig,37,robustness,0.5000678300857544
12,mobilenet_orig,37,complexity,0.3405211593184666
12,mobilenet_orig,38,faithfulness,-0.1679166555404663
12,mobilenet_orig,38,robustness,0.9951756596565247
12,mobilenet_orig,38,complexity,0.6665899456269754
12,mobilenet_orig,39,faithfulness,-0.05426420271396637
12,mobilenet_orig,39,robustness,1.887858510017395
12,mobilenet_orig,39,complexity,0.4699749557592213
12,mobilenet_orig,40,faithfulness,0.10584685951471329
12,mobilenet_orig,40,robustness,0.6785603165626526
12,mobilenet_orig,40,complexity,0.4369411330802341
12,mobilenet_orig,41,faithfulness,0.1699468493461609
12,mobilenet_orig,41,robustness,0.5380967855453491
12,mobilenet_orig,41,complexity,0.5203849722431888
12,mobilenet_orig,42,faithfulness,0.33993446826934814
12,mobilenet_orig,42,robustness,0.7375641465187073
12,mobilenet_orig,42,complexity,0.45713240418213474
12,mobilenet_orig,43,faithfulness,-0.21392075717449188
12,mobilenet_orig,43,robustness,1.4874281883239746
12,mobilenet_orig,43,complexity,0.47346474657833626
12,mobilenet_orig,44,faithfulness,-0.1567416489124298
12,mobilenet_orig,44,robustness,1.0841983556747437
12,mobilenet_orig,44,complexity,0.4295891672785664
12,mobilenet_orig,45,faithfulness,0.14245061576366425
12,mobilenet_orig,45,robustness,0.8636789917945862
12,mobilenet_orig,45,complexity,0.425283079049595
12,mobilenet_orig,46,faithfulness,-0.26926738023757935
12,mobilenet_orig,46,robustness,0.9946346879005432
12,mobilenet_orig,46,complexity,0.5370081069731529
12,mobilenet_orig,47,faithfulness,0.061995089054107666
12,mobilenet_orig,47,robustness,0.7341305017471313
12,mobilenet_orig,47,complexity,0.4566909599658232
12,mobilenet_orig,48,faithfulness,0.10555881261825562
12,mobilenet_orig,48,robustness,1.3822743892669678
12,mobilenet_orig,48,complexity,0.4384586010859545
12,mobilenet_orig,49,faithfulness,0.19437165558338165
12,mobilenet_orig,49,robustness,1.276589035987854
12,mobilenet_orig,49,complexity,0.5968574195203579
12,mobilenet_orig,50,faithfulness,-0.19950854778289795
12,mobilenet_orig,50,robustness,0.8146751523017883
12,mobilenet_orig,50,complexity,0.37981736678749795
12,mobilenet_orig,51,faithfulness,-0.36924776434898376
12,mobilenet_orig,51,robustness,2.4378864765167236
12,mobilenet_orig,51,complexity,0.593837977650597
12,mobilenet_orig,52,faithfulness,0.15474475920200348
12,mobilenet_orig,52,robustness,0.7897733449935913
12,mobilenet_orig,52,complexity,0.686355587251917
12,mobilenet_orig,53,faithfulness,0.003980949521064758
12,mobilenet_orig,53,robustness,0.987510085105896
12,mobilenet_orig,53,complexity,0.5988726205668085
12,mobilenet_orig,54,faithfulness,0.0840991958975792
12,mobilenet_orig,54,robustness,0.8268179893493652
12,mobilenet_orig,54,complexity,0.38836653649218134
12,mobilenet_orig,55,faithfulness,-0.2628370523452759
12,mobilenet_orig,55,robustness,0.9526945948600769
12,mobilenet_orig,55,complexity,0.6755614993933798
12,mobilenet_orig,56,faithfulness,0.182763934135437
12,mobilenet_orig,56,robustness,0.501473069190979
12,mobilenet_orig,56,complexity,0.545688446063439
12,mobilenet_orig,57,faithfulness,-0.027144908905029297
12,mobilenet_orig,57,robustness,0.6317570209503174
12,mobilenet_orig,57,complexity,0.6203336058154336
12,mobilenet_orig,58,faithfulness,-0.07120048254728317
12,mobilenet_orig,58,robustness,0.341146856546402
12,mobilenet_orig,58,complexity,0.4014489649094494
12,mobilenet_recplot,0,faithfulness,-0.0643429160118103
12,mobilenet_recplot,0,robustness,11.008635520935059
12,mobilenet_recplot,0,complexity,0.8078714573103557
12,mobilenet_recplot,1,faithfulness,-0.1681322157382965
12,mobilenet_recplot,1,robustness,0.9285560250282288
12,mobilenet_recplot,1,complexity,0.6361868131130666
12,mobilenet_recplot,2,faithfulness,-0.13972215354442596
12,mobilenet_recplot,2,robustness,1.131348967552185
12,mobilenet_recplot,2,complexity,0.760406331594424
12,mobilenet_recplot,3,faithfulness,-0.01345055177807808
12,mobilenet_recplot,3,robustness,1.0141029357910156
12,mobilenet_recplot,3,complexity,0.6755618227637795
12,mobilenet_recplot,4,faithfulness,0.07538261264562607
12,mobilenet_recplot,4,robustness,0.9798389077186584
12,mobilenet_recplot,4,complexity,0.5870819501149146
12,mobilenet_recplot,5,faithfulness,0.15999650955200195
12,mobilenet_recplot,5,robustness,0.9990747570991516
12,mobilenet_recplot,5,complexity,0.5608103248267347
12,mobilenet_recplot,6,faithfulness,0.23151090741157532
12,mobilenet_recplot,6,robustness,0.977002739906311
12,mobilenet_recplot,6,complexity,0.4819929478871437
12,mobilenet_recplot,7,faithfulness,0.1879577487707138
12,mobilenet_recplot,7,robustness,1.0047210454940796
12,mobilenet_recplot,7,complexity,0.7169241062000306
12,mobilenet_recplot,8,faithfulness,-0.015001609921455383
12,mobilenet_recplot,8,robustness,1.0195577144622803
12,mobilenet_recplot,8,complexity,0.7346058727441239
12,mobilenet_recplot,9,faithfulness,0.1572093665599823
12,mobilenet_recplot,9,robustness,0.9977871179580688
12,mobilenet_recplot,9,complexity,0.6417930147596114
12,mobilenet_recplot,10,faithfulness,0.2618519961833954
12,mobilenet_recplot,10,robustness,1.2076623439788818
12,mobilenet_recplot,10,complexity,0.5228489438224715
12,mobilenet_recplot,11,faithfulness,-0.11132171005010605
12,mobilenet_recplot,11,robustness,3.684882164001465
12,mobilenet_recplot,11,complexity,0.7072527396953082
12,mobilenet_recplot,12,faithfulness,0.30367016792297363
12,mobilenet_recplot,12,robustness,0.9992892742156982
12,mobilenet_recplot,12,complexity,0.6681120329687561
12,mobilenet_recplot,13,faithfulness,0.1500549018383026
12,mobilenet_recplot,13,robustness,0.9942554235458374
12,mobilenet_recplot,13,complexity,0.6040891998986992
12,mobilenet_recplot,14,faithfulness,-0.10143250972032547
12,mobilenet_recplot,14,robustness,1.090888261795044
12,mobilenet_recplot,14,complexity,0.741836770302231
12,mobilenet_recplot,15,faithfulness,-0.5343949794769287
12,mobilenet_recplot,15,robustness,6.559253215789795
12,mobilenet_recplot,15,complexity,0.8973727330108002
12,mobilenet_recplot,16,faithfulness,-0.044181108474731445
12,mobilenet_recplot,16,robustness,0.9996007084846497
12,mobilenet_recplot,16,complexity,0.6488562597766191
12,mobilenet_recplot,17,faithfulness,0.283904105424881
12,mobilenet_recplot,17,robustness,0.9468896389007568
12,mobilenet_recplot,17,complexity,0.5543206401063169
12,mobilenet_recplot,18,faithfulness,-0.14341938495635986
12,mobilenet_recplot,18,robustness,1.6716327667236328
12,mobilenet_recplot,18,complexity,0.6705703979092654
12,mobilenet_recplot,19,faithfulness,0.2701350450515747
12,mobilenet_recplot,19,robustness,1.1568511724472046
12,mobilenet_recplot,19,complexity,0.5783012806241964
12,mobilenet_recplot,20,faithfulness,-0.2573225498199463
12,mobilenet_recplot,20,robustness,0.6721766591072083
12,mobilenet_recplot,20,complexity,0.48125598430453065
12,mobilenet_recplot,21,faithfulness,-0.29397764801979065
12,mobilenet_recplot,21,robustness,2.747781991958618
12,mobilenet_recplot,21,complexity,0.5383696612661556
12,mobilenet_recplot,22,faithfulness,-0.22861777245998383
12,mobilenet_recplot,22,robustness,1.424043893814087
12,mobilenet_recplot,22,complexity,0.36926646446327255
12,mobilenet_recplot,23,faithfulness,0.06753459572792053
12,mobilenet_recplot,23,robustness,2.5147275924682617
12,mobilenet_recplot,23,complexity,0.7750146666296102
12,mobilenet_recplot,24,faithfulness,0.11098619550466537
12,mobilenet_recplot,24,robustness,1.086011528968811
12,mobilenet_recplot,24,complexity,0.5205056895370711
12,mobilenet_recplot,25,faithfulness,0.1167098879814148
12,mobilenet_recplot,25,robustness,1.0108877420425415
12,mobilenet_recplot,25,complexity,0.5615502288098831
12,mobilenet_recplot,26,faithfulness,0.16629192233085632
12,mobilenet_recplot,26,robustness,5.207162380218506
12,mobilenet_recplot,26,complexity,0.6916220034245829
12,mobilenet_recplot,27,faithfulness,0.1609455943107605
12,mobilenet_recplot,27,robustness,2.4677517414093018
12,mobilenet_recplot,27,complexity,0.7030841550143593
12,mobilenet_recplot,28,faithfulness,-0.19868864119052887
12,mobilenet_recplot,28,robustness,0.9370244145393372
12,mobilenet_recplot,28,complexity,0.4786375898910873
12,mobilenet_recplot,29,faithfulness,0.0939827561378479
12,mobilenet_recplot,29,robustness,0.8237078189849854
12,mobilenet_recplot,29,complexity,0.5432681763665872
12,mobilenet_recplot,30,faithfulness,0.20978587865829468
12,mobilenet_recplot,30,robustness,1.133668303489685
12,mobilenet_recplot,30,complexity,0.5064271623962898
12,mobilenet_recplot,31,faithfulness,0.14010567963123322
12,mobilenet_recplot,31,robustness,0.8322767019271851
12,mobilenet_recplot,31,complexity,0.4395481539955158
12,mobilenet_recplot,32,faithfulness,-0.0570191815495491
12,mobilenet_recplot,32,robustness,1.1224417686462402
12,mobilenet_recplot,32,complexity,0.4844868575301004
12,mobilenet_recplot,33,faithfulness,0.38688525557518005
12,mobilenet_recplot,33,robustness,0.7989682555198669
12,mobilenet_recplot,33,complexity,0.5264163644774511
12,mobilenet_recplot,34,faithfulness,0.2445320338010788
12,mobilenet_recplot,34,robustness,2.461836338043213
12,mobilenet_recplot,34,complexity,0.5869842401299443
12,mobilenet_recplot,35,faithfulness,0.07389002293348312
12,mobilenet_recplot,35,robustness,1.1195200681686401
12,mobilenet_recplot,35,complexity,0.578296457114959
12,mobilenet_recplot,36,faithfulness,0.023259803652763367
12,mobilenet_recplot,36,robustness,7.175220966339111
12,mobilenet_recplot,36,complexity,0.8077469914574517
12,mobilenet_recplot,37,faithfulness,0.2582619786262512
12,mobilenet_recplot,37,robustness,0.8220740556716919
12,mobilenet_recplot,37,complexity,0.4267507395619989
12,mobilenet_recplot,38,faithfulness,-0.07582256942987442
12,mobilenet_recplot,38,robustness,0.924562394618988
12,mobilenet_recplot,38,complexity,0.6077695821940574
12,mobilenet_recplot,39,faithfulness,0.23975178599357605
12,mobilenet_recplot,39,robustness,2.961249589920044
12,mobilenet_recplot,39,complexity,0.606418543494127
12,mobilenet_recplot,40,faithfulness,-0.05463745817542076
12,mobilenet_recplot,40,robustness,2.616379499435425
12,mobilenet_recplot,40,complexity,0.5443509145167187
12,mobilenet_recplot,41,faithfulness,0.014680452644824982
12,mobilenet_recplot,41,robustness,169.9802703857422
12,mobilenet_recplot,41,complexity,0.9628450878381124
12,mobilenet_recplot,42,faithfulness,0.31941816210746765
12,mobilenet_recplot,42,robustness,1.4849220514297485
12,mobilenet_recplot,42,complexity,0.5543095573090209
12,mobilenet_recplot,43,faithfulness,0.3168206810951233
12,mobilenet_recplot,43,robustness,0.9170233011245728
12,mobilenet_recplot,43,complexity,0.6305931515282085
12,mobilenet_recplot,44,faithfulness,0.15405526757240295
12,mobilenet_recplot,44,robustness,0.576403021812439
12,mobilenet_recplot,44,complexity,0.4166180027273133
12,mobilenet_recplot,45,faithfulness,0.059657879173755646
12,mobilenet_recplot,45,robustness,2.8603341579437256
12,mobilenet_recplot,45,complexity,0.6964785096607331
12,mobilenet_recplot,46,faithfulness,0.348063588142395
12,mobilenet_recplot,46,robustness,0.7125625014305115
12,mobilenet_recplot,46,complexity,0.5595094090249235
12,mobilenet_recplot,47,faithfulness,1.6726553440093994e-05
12,mobilenet_recplot,47,robustness,0.9578068852424622
12,mobilenet_recplot,47,complexity,0.3546981049213332
12,mobilenet_recplot,48,faithfulness,0.3638498783111572
12,mobilenet_recplot,48,robustness,0.9876009821891785
12,mobilenet_recplot,48,complexity,0.403105791147496
12,mobilenet_recplot,49,faithfulness,0.04628126323223114
12,mobilenet_recplot,49,robustness,2.1963067054748535
12,mobilenet_recplot,49,complexity,0.8273338399193807
12,mobilenet_recplot,50,faithfulness,-0.09136452525854111
12,mobilenet_recplot,50,robustness,1.0023363828659058
12,mobilenet_recplot,50,complexity,0.6058003663536061
12,mobilenet_recplot,51,faithfulness,0.10244663059711456
12,mobilenet_recplot,51,robustness,0.9930539131164551
12,mobilenet_recplot,51,complexity,0.6354073169913398
12,mobilenet_recplot,52,faithfulness,0.08678750693798065
12,mobilenet_recplot,52,robustness,0.9994691014289856
12,mobilenet_recplot,52,complexity,0.7113235665913596
12,mobilenet_recplot,53,faithfulness,-0.14819897711277008
12,mobilenet_recplot,53,robustness,0.9791024923324585
12,mobilenet_recplot,53,complexity,0.3778455023449123
12,mobilenet_recplot,54,faithfulness,0.06091420724987984
12,mobilenet_recplot,54,robustness,0.9904981851577759
12,mobilenet_recplot,54,complexity,0.40884314558800156
12,mobilenet_recplot,55,faithfulness,0.32818347215652466
12,mobilenet_recplot,55,robustness,3.1222915649414062
12,mobilenet_recplot,55,complexity,0.6394314936919064
12,mobilenet_recplot,56,faithfulness,0.054433971643447876
12,mobilenet_recplot,56,robustness,0.9968432188034058
12,mobilenet_recplot,56,complexity,0.5009322732880273
12,mobilenet_recplot,57,faithfulness,-0.04313775524497032
12,mobilenet_recplot,57,robustness,1.174199104309082
12,mobilenet_recplot,57,complexity,0.8170073715946311
12,mobilenet_recplot,58,faithfulness,-0.002500690519809723
12,mobilenet_recplot,58,robustness,1.1732845306396484
12,mobilenet_recplot,58,complexity,0.7251554984665524
12,effnet_orig,0,faithfulness,-0.022020965814590454
12,effnet_orig,0,robustness,1.6995351314544678
12,effnet_orig,0,complexity,0.46798360967772745
12,effnet_orig,1,faithfulness,-0.2128404974937439
12,effnet_orig,1,robustness,0.5830522179603577
12,effnet_orig,1,complexity,0.4856915225080279
12,effnet_orig,2,faithfulness,0.05447910726070404
12,effnet_orig,2,robustness,0.8263935446739197
12,effnet_orig,2,complexity,0.4004166214246755
12,effnet_orig,3,faithfulness,0.09528042376041412
12,effnet_orig,3,robustness,1.9517406225204468
12,effnet_orig,3,complexity,0.6756944439049677
12,effnet_orig,4,faithfulness,-0.27582013607025146
12,effnet_orig,4,robustness,0.38861578702926636
12,effnet_orig,4,complexity,0.2728457313146519
12,effnet_orig,5,faithfulness,0.4272853136062622
12,effnet_orig,5,robustness,0.38764122128486633
12,effnet_orig,5,complexity,0.2658174488993188
12,effnet_orig,6,faithfulness,0.28477752208709717
12,effnet_orig,6,robustness,0.4007929265499115
12,effnet_orig,6,complexity,0.3176115549784514
12,effnet_orig,7,faithfulness,0.20647375285625458
12,effnet_orig,7,robustness,1.535854458808899
12,effnet_orig,7,complexity,0.5630340696823866
12,effnet_orig,8,faithfulness,0.10069590061903
12,effnet_orig,8,robustness,0.990115761756897
12,effnet_orig,8,complexity,0.5130488342701263
12,effnet_orig,9,faithfulness,0.2961798906326294
12,effnet_orig,9,robustness,1.0214184522628784
12,effnet_orig,9,complexity,0.3505571958847732
12,effnet_orig,10,faithfulness,0.16854867339134216
12,effnet_orig,10,robustness,0.5128805041313171
12,effnet_orig,10,complexity,0.4457384907279374
12,effnet_orig,11,faithfulness,-0.16004401445388794
12,effnet_orig,11,robustness,0.5523616075515747
12,effnet_orig,11,complexity,0.30123014884675614
12,effnet_orig,12,faithfulness,0.16790983080863953
12,effnet_orig,12,robustness,0.6280979514122009
12,effnet_orig,12,complexity,0.5887551282148383
12,effnet_orig,13,faithfulness,-0.0028192847967147827
12,effnet_orig,13,robustness,0.5194821953773499
12,effnet_orig,13,complexity,0.447414190999541
12,effnet_orig,14,faithfulness,-0.3062002658843994
12,effnet_orig,14,robustness,0.5104643106460571
12,effnet_orig,14,complexity,0.1862498120710517
12,effnet_orig,15,faithfulness,0.21182817220687866
12,effnet_orig,15,robustness,1.7015732526779175
12,effnet_orig,15,complexity,0.46364835598805343
12,effnet_orig,16,faithfulness,0.19496500492095947
12,effnet_orig,16,robustness,0.968903124332428
12,effnet_orig,16,complexity,0.46738557941812137
12,effnet_orig,17,faithfulness,0.2186433970928192
12,effnet_orig,17,robustness,0.5171438455581665
12,effnet_orig,17,complexity,0.31048702262881295
12,effnet_orig,18,faithfulness,-0.08606043457984924
12,effnet_orig,18,robustness,1.2894186973571777
12,effnet_orig,18,complexity,0.4217763280145916
12,effnet_orig,19,faithfulness,-0.014440327882766724
12,effnet_orig,19,robustness,0.5247317552566528
12,effnet_orig,19,complexity,0.48576138386756323
12,effnet_orig,20,faithfulness,-0.29038697481155396
12,effnet_orig,20,robustness,0.5678961277008057
12,effnet_orig,20,complexity,0.426110452462546
12,effnet_orig,21,faithfulness,0.08937035501003265
12,effnet_orig,21,robustness,1.0168765783309937
12,effnet_orig,21,complexity,0.6433058998921964
12,effnet_orig,22,faithfulness,-0.0268261581659317
12,effnet_orig,22,robustness,0.6914989352226257
12,effnet_orig,22,complexity,0.5569260492826613
12,effnet_orig,23,faithfulness,-0.029262930154800415
12,effnet_orig,23,robustness,0.8315613269805908
12,effnet_orig,23,complexity,0.6381218196478745
12,effnet_orig,24,faithfulness,-0.047509901225566864
12,effnet_orig,24,robustness,1.7929787635803223
12,effnet_orig,24,complexity,0.6737195015931458
12,effnet_orig,25,faithfulness,0.12652461230754852
12,effnet_orig,25,robustness,0.4550524652004242
12,effnet_orig,25,complexity,0.6190943343571929
12,effnet_orig,26,faithfulness,-0.07378678023815155
12,effnet_orig,26,robustness,0.5951438546180725
12,effnet_orig,26,complexity,0.6111418749246388
12,effnet_orig,27,faithfulness,-0.1701950579881668
12,effnet_orig,27,robustness,0.6701596975326538
12,effnet_orig,27,complexity,0.44581817773321325
12,effnet_orig,28,faithfulness,0.26566559076309204
12,effnet_orig,28,robustness,0.8420019745826721
12,effnet_orig,28,complexity,0.5234351532871695
12,effnet_orig,29,faithfulness,-0.12201531231403351
12,effnet_orig,29,robustness,0.750229001045227
12,effnet_orig,29,complexity,0.5694420706725416
12,effnet_orig,30,faithfulness,-0.011012956500053406
12,effnet_orig,30,robustness,1.7156795263290405
12,effnet_orig,30,complexity,0.5479103912772004
12,effnet_orig,31,faithfulness,0.02217758446931839
12,effnet_orig,31,robustness,2.995464324951172
12,effnet_orig,31,complexity,0.7278421446960196
12,effnet_orig,32,faithfulness,0.04337194561958313
12,effnet_orig,32,robustness,1.4363882541656494
12,effnet_orig,32,complexity,0.6806167220592312
12,effnet_orig,33,faithfulness,0.10496313124895096
12,effnet_orig,33,robustness,1.5036826133728027
12,effnet_orig,33,complexity,0.57160343414844
12,effnet_orig,34,faithfulness,0.14310096204280853
12,effnet_orig,34,robustness,1.5895538330078125
12,effnet_orig,34,complexity,0.469609239413443
12,effnet_orig,35,faithfulness,0.24091653525829315
12,effnet_orig,35,robustness,1.1342151165008545
12,effnet_orig,35,complexity,0.5831019837371573
12,effnet_orig,36,faithfulness,-0.07197929173707962
12,effnet_orig,36,robustness,1.0299692153930664
12,effnet_orig,36,complexity,0.4360135967156148
12,effnet_orig,37,faithfulness,-0.08424593508243561
12,effnet_orig,37,robustness,0.6407691240310669
12,effnet_orig,37,complexity,0.3891053435110756
12,effnet_orig,38,faithfulness,0.00037781335413455963
12,effnet_orig,38,robustness,0.9979281425476074
12,effnet_orig,38,complexity,0.46905159700762816
12,effnet_orig,39,faithfulness,-0.12461508810520172
12,effnet_orig,39,robustness,1.167189121246338
12,effnet_orig,39,complexity,0.43620798839064195
12,effnet_orig,40,faithfulness,-0.15307870507240295
12,effnet_orig,40,robustness,0.5085933804512024
12,effnet_orig,40,complexity,0.3015265241177082
12,effnet_orig,41,faithfulness,0.08275136351585388
12,effnet_orig,41,robustness,0.4606747031211853
12,effnet_orig,41,complexity,0.47753472618046666
12,effnet_orig,42,faithfulness,0.16445747017860413
12,effnet_orig,42,robustness,1.258976697921753
12,effnet_orig,42,complexity,0.37972640966666166
12,effnet_orig,43,faithfulness,0.21147945523262024
12,effnet_orig,43,robustness,0.835163950920105
12,effnet_orig,43,complexity,0.4847640710528237
12,effnet_orig,44,faithfulness,0.025091199204325676
12,effnet_orig,44,robustness,0.4767996668815613
12,effnet_orig,44,complexity,0.5989274251601976
12,effnet_orig,45,faithfulness,-0.1913815438747406
12,effnet_orig,45,robustness,1.129267930984497
12,effnet_orig,45,complexity,0.49895691573490397
12,effnet_orig,46,faithfulness,-0.18187081813812256
12,effnet_orig,46,robustness,0.8297709226608276
12,effnet_orig,46,complexity,0.26226432276669204
12,effnet_orig,47,faithfulness,0.4256936311721802
12,effnet_orig,47,robustness,0.3955042064189911
12,effnet_orig,47,complexity,0.2895602819775816
12,effnet_orig,48,faithfulness,-0.024967223405838013
12,effnet_orig,48,robustness,0.5636253356933594
12,effnet_orig,48,complexity,0.18964191885911544
12,effnet_orig,49,faithfulness,0.18910029530525208
12,effnet_orig,49,robustness,0.41430994868278503
12,effnet_orig,49,complexity,0.23962235994862413
12,effnet_orig,50,faithfulness,0.09386485815048218
12,effnet_orig,50,robustness,0.4497312605381012
12,effnet_orig,50,complexity,0.2575609016413299
12,effnet_orig,51,faithfulness,-0.049592286348342896
12,effnet_orig,51,robustness,0.5330674648284912
12,effnet_orig,51,complexity,0.32716936288295306
12,effnet_orig,52,faithfulness,-0.13577157258987427
12,effnet_orig,52,robustness,0.31164872646331787
12,effnet_orig,52,complexity,0.4390192007456943
12,effnet_orig,53,faithfulness,-0.08611554652452469
12,effnet_orig,53,robustness,0.9002414345741272
12,effnet_orig,53,complexity,0.2278895688496536
12,effnet_orig,54,faithfulness,-0.19545510411262512
12,effnet_orig,54,robustness,0.7849844694137573
12,effnet_orig,54,complexity,0.1872205453239024
12,effnet_orig,55,faithfulness,-0.3521648943424225
12,effnet_orig,55,robustness,0.9676209092140198
12,effnet_orig,55,complexity,0.5220287439281701
12,effnet_orig,56,faithfulness,-0.108128622174263
12,effnet_orig,56,robustness,0.7132870554924011
12,effnet_orig,56,complexity,0.15736827329687178
12,effnet_orig,57,faithfulness,-0.0658392384648323
12,effnet_orig,57,robustness,0.7163951992988586
12,effnet_orig,57,complexity,0.2988950814801231
12,effnet_orig,58,faithfulness,-0.06030484288930893
12,effnet_orig,58,robustness,0.4462786018848419
12,effnet_orig,58,complexity,0.2107118430539429
12,effnet_recplot,0,faithfulness,-0.30209311842918396
12,effnet_recplot,0,robustness,1.0
12,effnet_recplot,0,complexity,0.7663057670005379
12,effnet_recplot,1,faithfulness,-0.038997530937194824
12,effnet_recplot,1,robustness,1.0
12,effnet_recplot,1,complexity,0.6660921400206772
12,effnet_recplot,2,faithfulness,-0.012370308861136436
12,effnet_recplot,2,robustness,1.7718877792358398
12,effnet_recplot,2,complexity,0.5256788539199246
12,effnet_recplot,3,faithfulness,0.3241601884365082
12,effnet_recplot,3,robustness,1.0
12,effnet_recplot,3,complexity,0.7489051109092043
12,effnet_recplot,4,faithfulness,0.43688228726387024
12,effnet_recplot,4,robustness,1.0
12,effnet_recplot,4,complexity,0.6184264543211491
12,effnet_recplot,5,faithfulness,0.11500909924507141
12,effnet_recplot,5,robustness,1.0
12,effnet_recplot,5,complexity,0.4091334976301579
12,effnet_recplot,6,faithfulness,0.3229859471321106
12,effnet_recplot,6,robustness,1.0
12,effnet_recplot,6,complexity,0.5165709154092463
12,effnet_recplot,7,faithfulness,-0.03311048820614815
12,effnet_recplot,7,robustness,1.0162904262542725
12,effnet_recplot,7,complexity,0.6936219284053833
12,effnet_recplot,8,faithfulness,0.10940679907798767
12,effnet_recplot,8,robustness,1.0050259828567505
12,effnet_recplot,8,complexity,0.5804394286663261
12,effnet_recplot,9,faithfulness,0.3531685769557953
12,effnet_recplot,9,robustness,1.0
12,effnet_recplot,9,complexity,0.4774188645227181
12,effnet_recplot,10,faithfulness,0.3179819583892822
12,effnet_recplot,10,robustness,1.0
12,effnet_recplot,10,complexity,0.5282543125761685
12,effnet_recplot,11,faithfulness,-0.21113216876983643
12,effnet_recplot,11,robustness,1.0
12,effnet_recplot,11,complexity,0.9062460154599966
12,effnet_recplot,12,faithfulness,0.27222341299057007
12,effnet_recplot,12,robustness,1.0
12,effnet_recplot,12,complexity,0.7089127742860402
12,effnet_recplot,13,faithfulness,0.00888967514038086
12,effnet_recplot,13,robustness,1.0
12,effnet_recplot,13,complexity,0.7004227515686774
12,effnet_recplot,14,faithfulness,0.15568046271800995
12,effnet_recplot,14,robustness,1.0
12,effnet_recplot,14,complexity,0.4815123079444139
12,effnet_recplot,15,faithfulness,0.13029739260673523
12,effnet_recplot,15,robustness,1.1173617839813232
12,effnet_recplot,15,complexity,0.7090302189155697
12,effnet_recplot,16,faithfulness,0.050650306046009064
12,effnet_recplot,16,robustness,1.0
12,effnet_recplot,16,complexity,0.47034600716814723
12,effnet_recplot,17,faithfulness,0.17687499523162842
12,effnet_recplot,17,robustness,1.000079870223999
12,effnet_recplot,17,complexity,0.6221289863378483
12,effnet_recplot,18,faithfulness,-0.19471372663974762
12,effnet_recplot,18,robustness,6.015696048736572
12,effnet_recplot,18,complexity,0.7926908990584348
12,effnet_recplot,19,faithfulness,-0.11895862221717834
12,effnet_recplot,19,robustness,3.3480794429779053
12,effnet_recplot,19,complexity,0.6679662622723251
12,effnet_recplot,20,faithfulness,0.3034551739692688
12,effnet_recplot,20,robustness,1.5965592861175537
12,effnet_recplot,20,complexity,0.5663770909103211
12,effnet_recplot,21,faithfulness,0.2502959668636322
12,effnet_recplot,21,robustness,2.318368673324585
12,effnet_recplot,21,complexity,0.5170549477556101
12,effnet_recplot,22,faithfulness,-0.0015465393662452698
12,effnet_recplot,22,robustness,2.4655303955078125
12,effnet_recplot,22,complexity,0.43326740511663786
12,effnet_recplot,23,faithfulness,-0.23915983736515045
12,effnet_recplot,23,robustness,19.44049644470215
12,effnet_recplot,23,complexity,0.7282891437737098
12,effnet_recplot,24,faithfulness,0.055885978043079376
12,effnet_recplot,24,robustness,3.204552173614502
12,effnet_recplot,24,complexity,0.675152657957837
12,effnet_recplot,25,faithfulness,0.2537722885608673
12,effnet_recplot,25,robustness,2.635788917541504
12,effnet_recplot,25,complexity,0.6426445232813547
12,effnet_recplot,26,faithfulness,0.05569803714752197
12,effnet_recplot,26,robustness,8.368487358093262
12,effnet_recplot,26,complexity,0.8756364303506585
12,effnet_recplot,27,faithfulness,0.49634668231010437
12,effnet_recplot,27,robustness,2.824326515197754
12,effnet_recplot,27,complexity,0.8721981666595229
12,effnet_recplot,28,faithfulness,-0.11262859404087067
12,effnet_recplot,28,robustness,2.9125454425811768
12,effnet_recplot,28,complexity,0.3147803709758813
12,effnet_recplot,29,faithfulness,0.3597654700279236
12,effnet_recplot,29,robustness,2.240569829940796
12,effnet_recplot,29,complexity,0.641113391400832
12,effnet_recplot,30,faithfulness,0.43774324655532837
12,effnet_recplot,30,robustness,2.5663135051727295
12,effnet_recplot,30,complexity,0.6843140579971522
12,effnet_recplot,31,faithfulness,0.32618021965026855
12,effnet_recplot,31,robustness,2.4493846893310547
12,effnet_recplot,31,complexity,0.7252442508627418
12,effnet_recplot,32,faithfulness,-0.2809678018093109
12,effnet_recplot,32,robustness,3.03633189201355
12,effnet_recplot,32,complexity,0.699153263945179
12,effnet_recplot,33,faithfulness,0.28665950894355774
12,effnet_recplot,33,robustness,1.1024342775344849
12,effnet_recplot,33,complexity,0.6594848680830285
12,effnet_recplot,34,faithfulness,0.15425677597522736
12,effnet_recplot,34,robustness,3.5442140102386475
12,effnet_recplot,34,complexity,0.7142247524261184
12,effnet_recplot,35,faithfulness,0.10779507458209991
12,effnet_recplot,35,robustness,2.7141666412353516
12,effnet_recplot,35,complexity,0.6363714380257692
12,effnet_recplot,36,faithfulness,
12,effnet_recplot,36,robustness,inf
12,effnet_recplot,36,complexity,0.0
12,effnet_recplot,37,faithfulness,0.1736333668231964
12,effnet_recplot,37,robustness,1.0081911087036133
12,effnet_recplot,37,complexity,0.7452036489070054
12,effnet_recplot,38,faithfulness,0.4440382122993469
12,effnet_recplot,38,robustness,1.940813422203064
12,effnet_recplot,38,complexity,0.6745944180903232
12,effnet_recplot,39,faithfulness,-0.03618345409631729
12,effnet_recplot,39,robustness,4.700373649597168
12,effnet_recplot,39,complexity,0.7184128076909181
12,effnet_recplot,40,faithfulness,0.040829990059137344
12,effnet_recplot,40,robustness,1.818545937538147
12,effnet_recplot,40,complexity,0.7073583314176566
12,effnet_recplot,41,faithfulness,
12,effnet_recplot,41,robustness,inf
12,effnet_recplot,41,complexity,0.0
12,effnet_recplot,42,faithfulness,-0.39374786615371704
12,effnet_recplot,42,robustness,1.0578842163085938
12,effnet_recplot,42,complexity,0.5977659875803635
12,effnet_recplot,43,faithfulness,0.32055264711380005
12,effnet_recplot,43,robustness,3.1864187717437744
12,effnet_recplot,43,complexity,0.6717826864694139
12,effnet_recplot,44,faithfulness,0.38507556915283203
12,effnet_recplot,44,robustness,1.1051281690597534
12,effnet_recplot,44,complexity,0.5762291205236927
12,effnet_recplot,45,faithfulness,-0.326113760471344
12,effnet_recplot,45,robustness,8.2337007522583
12,effnet_recplot,45,complexity,0.6849684885985469
12,effnet_recplot,46,faithfulness,0.20410561561584473
12,effnet_recplot,46,robustness,0.9999692440032959
12,effnet_recplot,46,complexity,0.6072864366883515
12,effnet_recplot,47,faithfulness,0.24720294773578644
12,effnet_recplot,47,robustness,1.0
12,effnet_recplot,47,complexity,0.43718050107265854
12,effnet_recplot,48,faithfulness,-0.023387901484966278
12,effnet_recplot,48,robustness,1.0
12,effnet_recplot,48,complexity,0.48377242705884205
12,effnet_recplot,49,faithfulness,-0.04196551442146301
12,effnet_recplot,49,robustness,2.525080442428589
12,effnet_recplot,49,complexity,0.7371778009814776
12,effnet_recplot,50,faithfulness,-0.030662953853607178
12,effnet_recplot,50,robustness,1.0
12,effnet_recplot,50,complexity,0.4078411551989334
12,effnet_recplot,51,faithfulness,0.23837482929229736
12,effnet_recplot,51,robustness,1.0
12,effnet_recplot,51,complexity,0.36442333283413714
12,effnet_recplot,52,faithfulness,0.06453750282526016
12,effnet_recplot,52,robustness,1.0
12,effnet_recplot,52,complexity,0.3895331818277872
12,effnet_recplot,53,faithfulness,0.4485512971878052
12,effnet_recplot,53,robustness,1.0
12,effnet_recplot,53,complexity,0.6415673367281788
12,effnet_recplot,54,faithfulness,0.22367028892040253
12,effnet_recplot,54,robustness,1.0
12,effnet_recplot,54,complexity,0.4901897879653235
12,effnet_recplot,55,faithfulness,-0.36374664306640625
12,effnet_recplot,55,robustness,1.0
12,effnet_recplot,55,complexity,0.730683392529968
12,effnet_recplot,56,faithfulness,0.18153050541877747
12,effnet_recplot,56,robustness,1.0
12,effnet_recplot,56,complexity,0.2603120213503689
12,effnet_recplot,57,faithfulness,0.010829567909240723
12,effnet_recplot,57,robustness,1.0
12,effnet_recplot,57,complexity,0.25694846826552453
12,effnet_recplot,58,faithfulness,0.14770033955574036
12,effnet_recplot,58,robustness,1.0
12,effnet_recplot,58,complexity,0.4495830302035349
42,mobilenet_orig,0,faithfulness,0.1494579315185547
42,mobilenet_orig,0,robustness,1.1241679191589355
42,mobilenet_orig,0,complexity,0.7061026074276412
42,mobilenet_orig,1,faithfulness,-0.11069454997777939
42,mobilenet_orig,1,robustness,2.090085983276367
42,mobilenet_orig,1,complexity,0.7293966318341123
42,mobilenet_orig,2,faithfulness,-0.10059249401092529
42,mobilenet_orig,2,robustness,1.5382674932479858
42,mobilenet_orig,2,complexity,0.5364894443526232
42,mobilenet_orig,3,faithfulness,0.031563229858875275
42,mobilenet_orig,3,robustness,3.471069812774658
42,mobilenet_orig,3,complexity,0.6063281809769366
42,mobilenet_orig,4,faithfulness,-0.11549713462591171
42,mobilenet_orig,4,robustness,0.694057822227478
42,mobilenet_orig,4,complexity,0.42123844944949335
42,mobilenet_orig,5,faithfulness,0.05383336544036865
42,mobilenet_orig,5,robustness,0.6791451573371887
42,mobilenet_orig,5,complexity,0.5946297514753156
42,mobilenet_orig,6,faithfulness,-0.019357822835445404
42,mobilenet_orig,6,robustness,0.7633851170539856
42,mobilenet_orig,6,complexity,0.4288028768758217
42,mobilenet_orig,7,faithfulness,-0.4355347752571106
42,mobilenet_orig,7,robustness,1.6899102926254272
42,mobilenet_orig,7,complexity,0.6202807608259062
42,mobilenet_orig,8,faithfulness,-0.06921086460351944
42,mobilenet_orig,8,robustness,1.371059775352478
42,mobilenet_orig,8,complexity,0.7230727578109942
42,mobilenet_orig,9,faithfulness,0.04738985374569893
42,mobilenet_orig,9,robustness,0.9199837446212769
42,mobilenet_orig,9,complexity,0.5973483535679358
42,mobilenet_orig,10,faithfulness,-0.13352566957473755
42,mobilenet_orig,10,robustness,0.9410693645477295
42,mobilenet_orig,10,complexity,0.7334733305368293
42,mobilenet_orig,11,faithfulness,-0.14344342052936554
42,mobilenet_orig,11,robustness,0.7353850603103638
42,mobilenet_orig,11,complexity,0.6178103343981556
42,mobilenet_orig,12,faithfulness,-0.04477035254240036
42,mobilenet_orig,12,robustness,1.1623073816299438
42,mobilenet_orig,12,complexity,0.6207412215563072
42,mobilenet_orig,13,faithfulness,0.15632322430610657
42,mobilenet_orig,13,robustness,1.0233945846557617
42,mobilenet_orig,13,complexity,0.590697919915802
42,mobilenet_orig,14,faithfulness,0.12258405983448029
42,mobilenet_orig,14,robustness,0.7902435660362244
42,mobilenet_orig,14,complexity,0.4532809546920656
42,mobilenet_orig,15,faithfulness,0.22553136944770813
42,mobilenet_orig,15,robustness,0.671457827091217
42,mobilenet_orig,15,complexity,0.7126488042013348
42,mobilenet_orig,16,faithfulness,0.25342661142349243
42,mobilenet_orig,16,robustness,1.7243231534957886
42,mobilenet_orig,16,complexity,0.7319705480082709
42,mobilenet_orig,17,faithfulness,0.21826478838920593
42,mobilenet_orig,17,robustness,1.997351884841919
42,mobilenet_orig,17,complexity,0.5318666190030865
42,mobilenet_orig,18,faithfulness,0.198218435049057
42,mobilenet_orig,18,robustness,0.63645339012146
42,mobilenet_orig,18,complexity,0.48728498656583963
42,mobilenet_orig,19,faithfulness,-0.1339472532272339
42,mobilenet_orig,19,robustness,0.36747244000434875
42,mobilenet_orig,19,complexity,0.471311534959914
42,mobilenet_orig,20,faithfulness,0.1923547387123108
42,mobilenet_orig,20,robustness,1.0463306903839111
42,mobilenet_orig,20,complexity,0.43565476020366556
42,mobilenet_orig,21,faithfulness,0.06258803606033325
42,mobilenet_orig,21,robustness,0.5534815192222595
42,mobilenet_orig,21,complexity,0.6196346334164118
42,mobilenet_orig,22,faithfulness,-0.0900375247001648
42,mobilenet_orig,22,robustness,1.6249918937683105
42,mobilenet_orig,22,complexity,0.3996372478000528
42,mobilenet_orig,23,faithfulness,-0.10258692502975464
42,mobilenet_orig,23,robustness,1.0777360200881958
42,mobilenet_orig,23,complexity,0.40661516146405413
42,mobilenet_orig,24,faithfulness,0.09360700100660324
42,mobilenet_orig,24,robustness,1.3454630374908447
42,mobilenet_orig,24,complexity,0.6400502498115768
42,mobilenet_orig,25,faithfulness,0.07419847697019577
42,mobilenet_orig,25,robustness,0.6573289632797241
42,mobilenet_orig,25,complexity,0.4555416159420578
42,mobilenet_orig,26,faithfulness,-0.1278282105922699
42,mobilenet_orig,26,robustness,0.6895578503608704
42,mobilenet_orig,26,complexity,0.4831847633818446
42,mobilenet_orig,27,faithfulness,0.2751723825931549
42,mobilenet_orig,27,robustness,0.8086192607879639
42,mobilenet_orig,27,complexity,0.4853347761125851
42,mobilenet_orig,28,faithfulness,0.08326486498117447
42,mobilenet_orig,28,robustness,0.9902694225311279
42,mobilenet_orig,28,complexity,0.5250176682656
42,mobilenet_orig,29,faithfulness,-0.060720399022102356
42,mobilenet_orig,29,robustness,1.0687588453292847
42,mobilenet_orig,29,complexity,0.36610524355531465
42,mobilenet_orig,30,faithfulness,0.12214096635580063
42,mobilenet_orig,30,robustness,1.6031855344772339
42,mobilenet_orig,30,complexity,0.4406501986395787
42,mobilenet_orig,31,faithfulness,0.14777424931526184
42,mobilenet_orig,31,robustness,1.1834661960601807
42,mobilenet_orig,31,complexity,0.447006424659983
42,mobilenet_orig,32,faithfulness,0.3952314257621765
42,mobilenet_orig,32,robustness,0.6030920147895813
42,mobilenet_orig,32,complexity,0.5654534322956868
42,mobilenet_orig,33,faithfulness,0.006705194711685181
42,mobilenet_orig,33,robustness,0.49457496404647827
42,mobilenet_orig,33,complexity,0.5109500871863092
42,mobilenet_orig,34,faithfulness,0.24196818470954895
42,mobilenet_orig,34,robustness,0.5202792882919312
42,mobilenet_orig,34,complexity,0.532672551982977
42,mobilenet_orig,35,faithfulness,0.23071973025798798
42,mobilenet_orig,35,robustness,0.9033780097961426
42,mobilenet_orig,35,complexity,0.5025513286308513
42,mobilenet_orig,36,faithfulness,0.12439870834350586
42,mobilenet_orig,36,robustness,0.4527246356010437
42,mobilenet_orig,36,complexity,0.47810725554957156
42,mobilenet_orig,37,faithfulness,-0.2114778459072113
42,mobilenet_orig,37,robustness,0.8157802224159241
42,mobilenet_orig,37,complexity,0.3707872217223405
42,mobilenet_orig,38,faithfulness,0.007991716265678406
42,mobilenet_orig,38,robustness,0.8622360825538635
42,mobilenet_orig,38,complexity,0.4941762690178218
42,mobilenet_orig,39,faithfulness,-0.0509820431470871
42,mobilenet_orig,39,robustness,0.8310734629631042
42,mobilenet_orig,39,complexity,0.5564816312242693
42,mobilenet_orig,40,faithfulness,0.2909362316131592
42,mobilenet_orig,40,robustness,0.5171455144882202
42,mobilenet_orig,40,complexity,0.4323103847649032
42,mobilenet_orig,41,faithfulness,-0.11178125441074371
42,mobilenet_orig,41,robustness,0.4607138931751251
42,mobilenet_orig,41,complexity,0.5520897419091195
42,mobilenet_orig,42,faithfulness,0.26116928458213806
42,mobilenet_orig,42,robustness,0.6660317778587341
42,mobilenet_orig,42,complexity,0.4324583419295607
42,mobilenet_orig,43,faithfulness,-0.14675995707511902
42,mobilenet_orig,43,robustness,0.985887348651886
42,mobilenet_orig,43,complexity,0.49788523639401233
42,mobilenet_orig,44,faithfulness,0.299202561378479
42,mobilenet_orig,44,robustness,1.2910910844802856
42,mobilenet_orig,44,complexity,0.3834532562505405
42,mobilenet_orig,45,faithfulness,0.16920924186706543
42,mobilenet_orig,45,robustness,1.0194889307022095
42,mobilenet_orig,45,complexity,0.47383149136331604
42,mobilenet_orig,46,faithfulness,-0.16795745491981506
42,mobilenet_orig,46,robustness,0.9325011968612671
42,mobilenet_orig,46,complexity,0.5646680287078496
42,mobilenet_orig,47,faithfulness,0.030636921525001526
42,mobilenet_orig,47,robustness,0.5473954677581787
42,mobilenet_orig,47,complexity,0.49481668732246775
42,mobilenet_orig,48,faithfulness,0.3556870222091675
42,mobilenet_orig,48,robustness,0.5845244526863098
42,mobilenet_orig,48,complexity,0.43590040358787063
42,mobilenet_orig,49,faithfulness,0.5024664402008057
42,mobilenet_orig,49,robustness,0.8315297365188599
42,mobilenet_orig,49,complexity,0.5635317691258882
42,mobilenet_orig,50,faithfulness,0.01439632661640644
42,mobilenet_orig,50,robustness,0.8287338614463806
42,mobilenet_orig,50,complexity,0.4359153451715701
42,mobilenet_orig,51,faithfulness,0.10642960667610168
42,mobilenet_orig,51,robustness,0.9497781991958618
42,mobilenet_orig,51,complexity,0.4986595075675549
42,mobilenet_orig,52,faithfulness,-0.035833459347486496
42,mobilenet_orig,52,robustness,0.8399304151535034
42,mobilenet_orig,52,complexity,0.5804076938423691
42,mobilenet_orig,53,faithfulness,0.02897205948829651
42,mobilenet_orig,53,robustness,0.8603361248970032
42,mobilenet_orig,53,complexity,0.41142666260234523
42,mobilenet_orig,54,faithfulness,0.17230269312858582
42,mobilenet_orig,54,robustness,0.6151423454284668
42,mobilenet_orig,54,complexity,0.3902210273974369
42,mobilenet_orig,55,faithfulness,0.07031258940696716
42,mobilenet_orig,55,robustness,0.8185241222381592
42,mobilenet_orig,55,complexity,0.49149147465834364
42,mobilenet_orig,56,faithfulness,-0.42129141092300415
42,mobilenet_orig,56,robustness,1.5507707595825195
42,mobilenet_orig,56,complexity,0.5825030632642014
42,mobilenet_orig,57,faithfulness,-0.18151918053627014
42,mobilenet_orig,57,robustness,0.798378586769104
42,mobilenet_orig,57,complexity,0.47249682732579124
42,mobilenet_orig,58,faithfulness,-0.14676624536514282
42,mobilenet_orig,58,robustness,0.9199389219284058
42,mobilenet_orig,58,complexity,0.4909007517161324
42,mobilenet_recplot,0,faithfulness,0.058692678809165955
42,mobilenet_recplot,0,robustness,1.2976367473602295
42,mobilenet_recplot,0,complexity,0.7049675362438667
42,mobilenet_recplot,1,faithfulness,0.011133529245853424
42,mobilenet_recplot,1,robustness,2.876091480255127
42,mobilenet_recplot,1,complexity,0.8919718811469781
42,mobilenet_recplot,2,faithfulness,0.05754955857992172
42,mobilenet_recplot,2,robustness,1.206255555152893
42,mobilenet_recplot,2,complexity,0.7412949230414523
42,mobilenet_recplot,3,faithfulness,-0.0036485381424427032
42,mobilenet_recplot,3,robustness,1.0089558362960815
42,mobilenet_recplot,3,complexity,0.6913839655920178
42,mobilenet_recplot,4,faithfulness,0.43061885237693787
42,mobilenet_recplot,4,robustness,0.9716770648956299
42,mobilenet_recplot,4,complexity,0.6019800433143575
42,mobilenet_recplot,5,faithfulness,0.5348964929580688
42,mobilenet_recplot,5,robustness,1.0014656782150269
42,mobilenet_recplot,5,complexity,0.6658496459978672
42,mobilenet_recplot,6,faithfulness,0.23989124596118927
42,mobilenet_recplot,6,robustness,0.9921696782112122
42,mobilenet_recplot,6,complexity,0.6600279697547335
42,mobilenet_recplot,7,faithfulness,0.33423560857772827
42,mobilenet_recplot,7,robustness,8.826951026916504
42,mobilenet_recplot,7,complexity,0.8700726998501134
42,mobilenet_recplot,8,faithfulness,0.1383514404296875
42,mobilenet_recplot,8,robustness,1.3693634271621704
42,mobilenet_recplot,8,complexity,0.4772789988516577
42,mobilenet_recplot,9,faithfulness,0.1627989560365677
42,mobilenet_recplot,9,robustness,1.1079857349395752
42,mobilenet_recplot,9,complexity,0.5421416325281304
42,mobilenet_recplot,10,faithfulness,-0.19523398578166962
42,mobilenet_recplot,10,robustness,0.971905529499054
42,mobilenet_recplot,10,complexity,0.5626016393902123
42,mobilenet_recplot,11,faithfulness,0.19603928923606873
42,mobilenet_recplot,11,robustness,1.559324860572815
42,mobilenet_recplot,11,complexity,0.6077188498242133
42,mobilenet_recplot,12,faithfulness,0.43364015221595764
42,mobilenet_recplot,12,robustness,0.9951673150062561
42,mobilenet_recplot,12,complexity,0.6279153545042787
42,mobilenet_recplot,13,faithfulness,0.25224700570106506
42,mobilenet_recplot,13,robustness,1.0132462978363037
42,mobilenet_recplot,13,complexity,0.6485877844120237
42,mobilenet_recplot,14,faithfulness,-0.02099650725722313
42,mobilenet_recplot,14,robustness,0.9972459673881531
42,mobilenet_recplot,14,complexity,0.7238153182394486
42,mobilenet_recplot,15,faithfulness,0.05258452147245407
42,mobilenet_recplot,15,robustness,1.804439663887024
42,mobilenet_recplot,15,complexity,0.7200065855128791
42,mobilenet_recplot,16,faithfulness,-0.07259155809879303
42,mobilenet_recplot,16,robustness,0.9931280016899109
42,mobilenet_recplot,16,complexity,0.5808420566067664
42,mobilenet_recplot,17,faithfulness,0.05857589840888977
42,mobilenet_recplot,17,robustness,0.9715326428413391
42,mobilenet_recplot,17,complexity,0.6329515678734572
42,mobilenet_recplot,18,faithfulness,0.15352916717529297
42,mobilenet_recplot,18,robustness,0.9980887174606323
42,mobilenet_recplot,18,complexity,0.6111228411733931
42,mobilenet_recplot,19,faithfulness,-0.06691218167543411
42,mobilenet_recplot,19,robustness,1.317568302154541
42,mobilenet_recplot,19,complexity,0.5206383275302942
42,mobilenet_recplot,20,faithfulness,0.2471628338098526
42,mobilenet_recplot,20,robustness,0.9982612729072571
42,mobilenet_recplot,20,complexity,0.4879582215925961
42,mobilenet_recplot,21,faithfulness,-0.04307355359196663
42,mobilenet_recplot,21,robustness,1.651467204093933
42,mobilenet_recplot,21,complexity,0.47786744216881477
42,mobilenet_recplot,22,faithfulness,-0.2389030009508133
42,mobilenet_recplot,22,robustness,0.9753109216690063
42,mobilenet_recplot,22,complexity,0.5262577696183922
42,mobilenet_recplot,23,faithfulness,0.1170816421508789
42,mobilenet_recplot,23,robustness,1.0021260976791382
42,mobilenet_recplot,23,complexity,0.6577023467226674
42,mobilenet_recplot,24,faithfulness,0.14694957435131073
42,mobilenet_recplot,24,robustness,0.8629896640777588
42,mobilenet_recplot,24,complexity,0.5519717929154999
42,mobilenet_recplot,25,faithfulness,0.46208593249320984
42,mobilenet_recplot,25,robustness,1.0542913675308228
42,mobilenet_recplot,25,complexity,0.4914165806364404
42,mobilenet_recplot,26,faithfulness,0.39917904138565063
42,mobilenet_recplot,26,robustness,0.9725003838539124
42,mobilenet_recplot,26,complexity,0.4437066018378731
42,mobilenet_recplot,27,faithfulness,0.08068006485700607
42,mobilenet_recplot,27,robustness,2.0007619857788086
42,mobilenet_recplot,27,complexity,0.6703066242472338
42,mobilenet_recplot,28,faithfulness,-0.15692560374736786
42,mobilenet_recplot,28,robustness,0.987650990486145
42,mobilenet_recplot,28,complexity,0.4718715870760978
42,mobilenet_recplot,29,faithfulness,0.05579506233334541
42,mobilenet_recplot,29,robustness,0.972667932510376
42,mobilenet_recplot,29,complexity,0.5262421966331853
42,mobilenet_recplot,30,faithfulness,0.08718383312225342
42,mobilenet_recplot,30,robustness,0.9291307330131531
42,mobilenet_recplot,30,complexity,0.5147439556285964
42,mobilenet_recplot,31,faithfulness,0.1615791767835617
42,mobilenet_recplot,31,robustness,0.9433430433273315
42,mobilenet_recplot,31,complexity,0.4052750522345246
42,mobilenet_recplot,32,faithfulness,-0.27817198634147644
42,mobilenet_recplot,32,robustness,0.9609668254852295
42,mobilenet_recplot,32,complexity,0.5896076506417152
42,mobilenet_recplot,33,faithfulness,0.26942142844200134
42,mobilenet_recplot,33,robustness,0.9567631483078003
42,mobilenet_recplot,33,complexity,0.5482501615228418
42,mobilenet_recplot,34,faithfulness,-0.20764467120170593
42,mobilenet_recplot,34,robustness,0.9482775926589966
42,mobilenet_recplot,34,complexity,0.5514887084581349
42,mobilenet_recplot,35,faithfulness,0.5915322303771973
42,mobilenet_recplot,35,robustness,0.9638906717300415
42,mobilenet_recplot,35,complexity,0.48397929672016626
42,mobilenet_recplot,36,faithfulness,0.18879252672195435
42,mobilenet_recplot,36,robustness,2.159496545791626
42,mobilenet_recplot,36,complexity,0.8061279816450596
42,mobilenet_recplot,37,faithfulness,-0.11445952951908112
42,mobilenet_recplot,37,robustness,0.9972609877586365
42,mobilenet_recplot,37,complexity,0.39276283489985797
42,mobilenet_recplot,38,faithfulness,0.15136826038360596
42,mobilenet_recplot,38,robustness,1.0011236667633057
42,mobilenet_recplot,38,complexity,0.5762455797510179
42,mobilenet_recplot,39,faithfulness,0.25468623638153076
42,mobilenet_recplot,39,robustness,1.1263147592544556
42,mobilenet_recplot,39,complexity,0.6515875429916905
42,mobilenet_recplot,40,faithfulness,0.11704591661691666
42,mobilenet_recplot,40,robustness,1.0025300979614258
42,mobilenet_recplot,40,complexity,0.5979121208282262
42,mobilenet_recplot,41,faithfulness,
42,mobilenet_recplot,41,robustness,inf
42,mobilenet_recplot,41,complexity,0.0
42,mobilenet_recplot,42,faithfulness,-0.04347403347492218
42,mobilenet_recplot,42,robustness,0.9892492890357971
42,mobilenet_recplot,42,complexity,0.4814013543505899
42,mobilenet_recplot,43,faithfulness,0.3330823481082916
42,mobilenet_recplot,43,robustness,1.0529894828796387
42,mobilenet_recplot,43,complexity,0.7716281380155864
42,mobilenet_recplot,44,faithfulness,0.2541770339012146
42,mobilenet_recplot,44,robustness,0.9901105761528015
42,mobilenet_recplot,44,complexity,0.5622399111130453
42,mobilenet_recplot,45,faithfulness,0.2716708779335022
42,mobilenet_recplot,45,robustness,3.061537027359009
42,mobilenet_recplot,45,complexity,0.7050620665943976
42,mobilenet_recplot,46,faithfulness,0.04816719889640808
42,mobilenet_recplot,46,robustness,0.9909237027168274
42,mobilenet_recplot,46,complexity,0.4580716192931335
42,mobilenet_recplot,47,faithfulness,0.35445088148117065
42,mobilenet_recplot,47,robustness,1.5152463912963867
42,mobilenet_recplot,47,complexity,0.5478788498743347
42,mobilenet_recplot,48,faithfulness,0.2475435584783554
42,mobilenet_recplot,48,robustness,1.460839033126831
42,mobilenet_recplot,48,complexity,0.6072612402980089
42,mobilenet_recplot,49,faithfulness,0.09390878677368164
42,mobilenet_recplot,49,robustness,181.76510620117188
42,mobilenet_recplot,49,complexity,0.9171731646177964
42,mobilenet_recplot,50,faithfulness,0.2758544683456421
42,mobilenet_recplot,50,robustness,1.2943791151046753
42,mobilenet_recplot,50,complexity,0.6284555254059091
42,mobilenet_recplot,51,faithfulness,0.54398512840271
42,mobilenet_recplot,51,robustness,1.243371844291687
42,mobilenet_recplot,51,complexity,0.6914370999925484
42,mobilenet_recplot,52,faithfulness,0.20326218008995056
42,mobilenet_recplot,52,robustness,11.51136302947998
42,mobilenet_recplot,52,complexity,0.827214639177321
42,mobilenet_recplot,53,faithfulness,0.32222726941108704
42,mobilenet_recplot,53,robustness,1.6415141820907593
42,mobilenet_recplot,53,complexity,0.4488087949811393
42,mobilenet_recplot,54,faithfulness,-0.03547147288918495
42,mobilenet_recplot,54,robustness,1.420698642730713
42,mobilenet_recplot,54,complexity,0.42395469737527197
42,mobilenet_recplot,55,faithfulness,0.13164079189300537
42,mobilenet_recplot,55,robustness,215.624755859375
42,mobilenet_recplot,55,complexity,0.9175750668774386
42,mobilenet_recplot,56,faithfulness,0.07162462174892426
42,mobilenet_recplot,56,robustness,1.4865882396697998
42,mobilenet_recplot,56,complexity,0.5483402640697003
42,mobilenet_recplot,57,faithfulness,0.14592912793159485
42,mobilenet_recplot,57,robustness,16.138242721557617
42,mobilenet_recplot,57,complexity,0.7601924934817765
42,mobilenet_recplot,58,faithfulness,0.1593196541070938
42,mobilenet_recplot,58,robustness,4.065877437591553
42,mobilenet_recplot,58,complexity,0.6523403671661223
42,effnet_orig,0,faithfulness,0.016868742182850838
42,effnet_orig,0,robustness,0.5342271327972412
42,effnet_orig,0,complexity,0.49288288987014156
42,effnet_orig,1,faithfulness,0.24824795126914978
42,effnet_orig,1,robustness,0.7760947942733765
42,effnet_orig,1,complexity,0.42072077713311756
42,effnet_orig,2,faithfulness,0.050364673137664795
42,effnet_orig,2,robustness,0.7461584806442261
42,effnet_orig,2,complexity,0.4550636938524612
42,effnet_orig,3,faithfulness,0.39063218235969543
42,effnet_orig,3,robustness,0.7255921959877014
42,effnet_orig,3,complexity,0.44450477293639296
42,effnet_orig,4,faithfulness,0.30314287543296814
42,effnet_orig,4,robustness,0.5768291354179382
42,effnet_orig,4,complexity,0.30683723046741995
42,effnet_orig,5,faithfulness,0.23497962951660156
42,effnet_orig,5,robustness,0.5444547533988953
42,effnet_orig,5,complexity,0.3067939306412356
42,effnet_orig,6,faithfulness,0.2298187017440796
42,effnet_orig,6,robustness,0.5202831625938416
42,effnet_orig,6,complexity,0.24466782466700512
42,effnet_orig,7,faithfulness,0.2340136468410492
42,effnet_orig,7,robustness,1.5099643468856812
42,effnet_orig,7,complexity,0.627102347495333
42,effnet_orig,8,faithfulness,0.39188796281814575
42,effnet_orig,8,robustness,0.551625669002533
42,effnet_orig,8,complexity,0.5282206231038539
42,effnet_orig,9,faithfulness,-0.08427855372428894
42,effnet_orig,9,robustness,0.6810051798820496
42,effnet_orig,9,complexity,0.3740115433411451
42,effnet_orig,10,faithfulness,0.1740560382604599
42,effnet_orig,10,robustness,0.572313129901886
42,effnet_orig,10,complexity,0.5065377708096636
42,effnet_orig,11,faithfulness,-0.05896201729774475
42,effnet_orig,11,robustness,0.9244614839553833
42,effnet_orig,11,complexity,0.461104396168306
42,effnet_orig,12,faithfulness,0.21461592614650726
42,effnet_orig,12,robustness,0.6040991544723511
42,effnet_orig,12,complexity,0.4227136215887483
42,effnet_orig,13,faithfulness,-0.3950939178466797
42,effnet_orig,13,robustness,0.6378902792930603
42,effnet_orig,13,complexity,0.29190309002295095
42,effnet_orig,14,faithfulness,0.09301154315471649
42,effnet_orig,14,robustness,0.4515213668346405
42,effnet_orig,14,complexity,0.2640307284844983
42,effnet_orig,15,faithfulness,0.19463515281677246
42,effnet_orig,15,robustness,0.4312911033630371
42,effnet_orig,15,complexity,0.4524803618316609
42,effnet_orig,16,faithfulness,0.11284589022397995
42,effnet_orig,16,robustness,0.6250712871551514
42,effnet_orig,16,complexity,0.4659711496334134
42,effnet_orig,17,faithfulness,0.15179899334907532
42,effnet_orig,17,robustness,0.4705314338207245
42,effnet_orig,17,complexity,0.3049504663120542
42,effnet_orig,18,faithfulness,-0.12444288283586502
42,effnet_orig,18,robustness,0.8411033749580383
42,effnet_orig,18,complexity,0.5337234811807682
42,effnet_orig,19,faithfulness,-0.11186110228300095
42,effnet_orig,19,robustness,0.7258588075637817
42,effnet_orig,19,complexity,0.4228827573018006
42,effnet_orig,20,faithfulness,0.17663416266441345
42,effnet_orig,20,robustness,0.6396786570549011
42,effnet_orig,20,complexity,0.36348063719399004
42,effnet_orig,21,faithfulness,0.017124556005001068
42,effnet_orig,21,robustness,1.3600760698318481
42,effnet_orig,21,complexity,0.5354646086834338
42,effnet_orig,22,faithfulness,-0.08890684694051743
42,effnet_orig,22,robustness,0.9336379170417786
42,effnet_orig,22,complexity,0.32000634998414673
42,effnet_orig,23,faithfulness,0.0001355186104774475
42,effnet_orig,23,robustness,0.6331651210784912
42,effnet_orig,23,complexity,0.47776870548645983
42,effnet_orig,24,faithfulness,0.07830709218978882
42,effnet_orig,24,robustness,0.7405441403388977
42,effnet_orig,24,complexity,0.4408859095123136
42,effnet_orig,25,faithfulness,0.2620196044445038
42,effnet_orig,25,robustness,0.6473240852355957
42,effnet_orig,25,complexity,0.45731909129515963
42,effnet_orig,26,faithfulness,-0.1823350489139557
42,effnet_orig,26,robustness,0.6435510516166687
42,effnet_orig,26,complexity,0.7223129376264776
42,effnet_orig,27,faithfulness,-0.26514989137649536
42,effnet_orig,27,robustness,0.8337286710739136
42,effnet_orig,27,complexity,0.5688515269244312
42,effnet_orig,28,faithfulness,-0.1981443464756012
42,effnet_orig,28,robustness,0.992353081703186
42,effnet_orig,28,complexity,0.4465026214838092
42,effnet_orig,29,faithfulness,-0.04842503368854523
42,effnet_orig,29,robustness,0.7434446811676025
42,effnet_orig,29,complexity,0.5257113449575228
42,effnet_orig,30,faithfulness,0.3994976878166199
42,effnet_orig,30,robustness,2.0625836849212646
42,effnet_orig,30,complexity,0.5045528972619369
42,effnet_orig,31,faithfulness,0.06353830546140671
42,effnet_orig,31,robustness,1.384968638420105
42,effnet_orig,31,complexity,0.5785623327173754
42,effnet_orig,32,faithfulness,0.011242792010307312
42,effnet_orig,32,robustness,0.8492733240127563
42,effnet_orig,32,complexity,0.3608834081461035
42,effnet_orig,33,faithfulness,-0.0595245286822319
42,effnet_orig,33,robustness,0.9367213845252991
42,effnet_orig,33,complexity,0.5773720232777568
42,effnet_orig,34,faithfulness,0.057899195700883865
42,effnet_orig,34,robustness,0.7237204313278198
42,effnet_orig,34,complexity,0.6299507915129361
42,effnet_orig,35,faithfulness,-0.17120853066444397
42,effnet_orig,35,robustness,0.7952179312705994
42,effnet_orig,35,complexity,0.5239853123354975
42,effnet_orig,36,faithfulness,-0.1739320158958435
42,effnet_orig,36,robustness,1.0475921630859375
42,effnet_orig,36,complexity,0.4138289414390914
42,effnet_orig,37,faithfulness,-0.1156751960515976
42,effnet_orig,37,robustness,1.5803425312042236
42,effnet_orig,37,complexity,0.558073045170396
42,effnet_orig,38,faithfulness,0.23716124892234802
42,effnet_orig,38,robustness,0.74130779504776
42,effnet_orig,38,complexity,0.6353561648080458
42,effnet_orig,39,faithfulness,-0.17059355974197388
42,effnet_orig,39,robustness,0.749383807182312
42,effnet_orig,39,complexity,0.583159974064632
42,effnet_orig,40,faithfulness,-0.10097183287143707
42,effnet_orig,40,robustness,0.6718451380729675
42,effnet_orig,40,complexity,0.43877594731635966
42,effnet_orig,41,faithfulness,0.08284236490726471
42,effnet_orig,41,robustness,0.5897622108459473
42,effnet_orig,41,complexity,0.47954094947927
42,effnet_orig,42,faithfulness,-0.011749267578125
42,effnet_orig,42,robustness,1.5915249586105347
42,effnet_orig,42,complexity,0.3710915197290099
42,effnet_orig,43,faithfulness,-0.25810906291007996
42,effnet_orig,43,robustness,1.3994731903076172
42,effnet_orig,43,complexity,0.40768777037829645
42,effnet_orig,44,faithfulness,0.03935573250055313
42,effnet_orig,44,robustness,0.5574678182601929
42,effnet_orig,44,complexity,0.6133852629806114
42,effnet_orig,45,faithfulness,-0.004325471818447113
42,effnet_orig,45,robustness,1.7398921251296997
42,effnet_orig,45,complexity,0.334330549236548
42,effnet_orig,46,faithfulness,0.15341967344284058
42,effnet_orig,46,robustness,0.7874109745025635
42,effnet_orig,46,complexity,0.4290525926590332
42,effnet_orig,47,faithfulness,-0.021257903426885605
42,effnet_orig,47,robustness,0.7655558586120605
42,effnet_orig,47,complexity,0.3733339953097388
42,effnet_orig,48,faithfulness,-0.14426514506340027
42,effnet_orig,48,robustness,0.7762050032615662
42,effnet_orig,48,complexity,0.3215713654982743
42,effnet_orig,49,faithfulness,0.2738494575023651
42,effnet_orig,49,robustness,0.7592511773109436
42,effnet_orig,49,complexity,0.3619510897905184
42,effnet_orig,50,faithfulness,-0.2935890555381775
42,effnet_orig,50,robustness,0.8573421835899353
42,effnet_orig,50,complexity,0.20562284431908975
42,effnet_orig,51,faithfulness,0.27094030380249023
42,effnet_orig,51,robustness,0.7110092639923096
42,effnet_orig,51,complexity,0.29457278020109573
42,effnet_orig,52,faithfulness,-0.14036059379577637
42,effnet_orig,52,robustness,0.6017759442329407
42,effnet_orig,52,complexity,0.5456483176628291
42,effnet_orig,53,faithfulness,-0.01802743971347809
42,effnet_orig,53,robustness,0.8601341247558594
42,effnet_orig,53,complexity,0.3373525130965194
42,effnet_orig,54,faithfulness,-0.4349556863307953
42,effnet_orig,54,robustness,0.9815231561660767
42,effnet_orig,54,complexity,0.26580500107753174
42,effnet_orig,55,faithfulness,0.006198175251483917
42,effnet_orig,55,robustness,0.9114250540733337
42,effnet_orig,55,complexity,0.22435840274170862
42,effnet_orig,56,faithfulness,-0.3915693163871765
42,effnet_orig,56,robustness,0.7839783430099487
42,effnet_orig,56,complexity,0.28464422270838946
42,effnet_orig,57,faithfulness,0.1017148420214653
42,effnet_orig,57,robustness,0.4974747598171234
42,effnet_orig,57,complexity,0.3116178308983425
42,effnet_orig,58,faithfulness,-0.33115267753601074
42,effnet_orig,58,robustness,0.5134748816490173
42,effnet_orig,58,complexity,0.2555067668874326
42,effnet_recplot,0,faithfulness,0.35021984577178955
42,effnet_recplot,0,robustness,2.133841037750244
42,effnet_recplot,0,complexity,0.6791082031509633
42,effnet_recplot,1,faithfulness,-0.13645634055137634
42,effnet_recplot,1,robustness,15.472314834594727
42,effnet_recplot,1,complexity,0.6787738926807554
42,effnet_recplot,2,faithfulness,0.16074758768081665
42,effnet_recplot,2,robustness,1.0
42,effnet_recplot,2,complexity,0.6255257763401325
42,effnet_recplot,3,faithfulness,-0.005901947617530823
42,effnet_recplot,3,robustness,1.0
42,effnet_recplot,3,complexity,0.4290978873066364
42,effnet_recplot,4,faithfulness,0.003491520881652832
42,effnet_recplot,4,robustness,1.0
42,effnet_recplot,4,complexity,0.5442178364427391
42,effnet_recplot,5,faithfulness,-0.10813339054584503
42,effnet_recplot,5,robustness,1.0
42,effnet_recplot,5,complexity,0.34053183739945764
42,effnet_recplot,6,faithfulness,0.060988135635852814
42,effnet_recplot,6,robustness,1.0
42,effnet_recplot,6,complexity,0.3950110540777437
42,effnet_recplot,7,faithfulness,-0.1038888692855835
42,effnet_recplot,7,robustness,1.0890289545059204
42,effnet_recplot,7,complexity,0.8945083409008873
42,effnet_recplot,8,faithfulness,0.10357148200273514
42,effnet_recplot,8,robustness,1.0
42,effnet_recplot,8,complexity,0.47909974976100655
42,effnet_recplot,9,faithfulness,0.10474643111228943
42,effnet_recplot,9,robustness,1.0
42,effnet_recplot,9,complexity,0.5904409040990498
42,effnet_recplot,10,faithfulness,0.048238735646009445
42,effnet_recplot,10,robustness,1.0
42,effnet_recplot,10,complexity,0.36162762046277624
42,effnet_recplot,11,faithfulness,0.001695871353149414
42,effnet_recplot,11,robustness,1.2813193798065186
42,effnet_recplot,11,complexity,0.8552682762740698
42,effnet_recplot,12,faithfulness,0.33444762229919434
42,effnet_recplot,12,robustness,1.0
42,effnet_recplot,12,complexity,0.6865522904429942
42,effnet_recplot,13,faithfulness,0.11361232399940491
42,effnet_recplot,13,robustness,1.1701688766479492
42,effnet_recplot,13,complexity,0.7388021664816606
42,effnet_recplot,14,faithfulness,-0.17562133073806763
42,effnet_recplot,14,robustness,1.0
42,effnet_recplot,14,complexity,0.6302932041762438
42,effnet_recplot,15,faithfulness,0.1244676411151886
42,effnet_recplot,15,robustness,16.66963768005371
42,effnet_recplot,15,complexity,0.650257884422174
42,effnet_recplot,16,faithfulness,-0.37023237347602844
42,effnet_recplot,16,robustness,1.0
42,effnet_recplot,16,complexity,0.5139840340348886
42,effnet_recplot,17,faithfulness,-0.014516741037368774
42,effnet_recplot,17,robustness,1.0
42,effnet_recplot,17,complexity,0.4596659750572178
42,effnet_recplot,18,faithfulness,0.23040616512298584
42,effnet_recplot,18,robustness,0.9920550584793091
42,effnet_recplot,18,complexity,0.5823216936626265
42,effnet_recplot,19,faithfulness,0.06770040839910507
42,effnet_recplot,19,robustness,2.867588996887207
42,effnet_recplot,19,complexity,0.6416702107077953
42,effnet_recplot,20,faithfulness,-0.010807324200868607
42,effnet_recplot,20,robustness,0.987433671951294
42,effnet_recplot,20,complexity,0.5156175323154931
42,effnet_recplot,21,faithfulness,0.18874591588974
42,effnet_recplot,21,robustness,1.7836142778396606
42,effnet_recplot,21,complexity,0.5611233583542046
42,effnet_recplot,22,faithfulness,0.024044997990131378
42,effnet_recplot,22,robustness,3.959862470626831
42,effnet_recplot,22,complexity,0.3560407871570627
42,effnet_recplot,23,faithfulness,0.0017880871891975403
42,effnet_recplot,23,robustness,3.637263774871826
42,effnet_recplot,23,complexity,0.6269641865352452
42,effnet_recplot,24,faithfulness,0.10073590278625488
42,effnet_recplot,24,robustness,2.2410333156585693
42,effnet_recplot,24,complexity,0.7422742586135453
42,effnet_recplot,25,faithfulness,-0.008869580924510956
42,effnet_recplot,25,robustness,1.0764693021774292
42,effnet_recplot,25,complexity,0.7138573649039508
42,effnet_recplot,26,faithfulness,0.07427192479372025
42,effnet_recplot,26,robustness,0.9181831479072571
42,effnet_recplot,26,complexity,0.4657575155661055
42,effnet_recplot,27,faithfulness,0.18329012393951416
42,effnet_recplot,27,robustness,3.5552401542663574
42,effnet_recplot,27,complexity,0.8478318004500679
42,effnet_recplot,28,faithfulness,-0.17445886135101318
42,effnet_recplot,28,robustness,0.9987976551055908
42,effnet_recplot,28,complexity,0.4033434612396855
42,effnet_recplot,29,faithfulness,-0.074415422976017
42,effnet_recplot,29,robustness,1.5711854696273804
42,effnet_recplot,29,complexity,0.5688959508843806
42,effnet_recplot,30,faithfulness,0.37534165382385254
42,effnet_recplot,30,robustness,2.359315872192383
42,effnet_recplot,30,complexity,0.7343132332392479
42,effnet_recplot,31,faithfulness,-0.07986187934875488
42,effnet_recplot,31,robustness,0.9887872338294983
42,effnet_recplot,31,complexity,0.7534134093967604
42,effnet_recplot,32,faithfulness,-0.27807262539863586
42,effnet_recplot,32,robustness,2.283944845199585
42,effnet_recplot,32,complexity,0.7320560836526364
42,effnet_recplot,33,faithfulness,-0.048215851187705994
42,effnet_recplot,33,robustness,1.999670147895813
42,effnet_recplot,33,complexity,0.7083642102108484
42,effnet_recplot,34,faithfulness,-0.19781798124313354
42,effnet_recplot,34,robustness,1.5360504388809204
42,effnet_recplot,34,complexity,0.7190171536771557
42,effnet_recplot,35,faithfulness,0.2335222363471985
42,effnet_recplot,35,robustness,1.3668506145477295
42,effnet_recplot,35,complexity,0.728948867850363
42,effnet_recplot,36,faithfulness,
42,effnet_recplot,36,robustness,inf
42,effnet_recplot,36,complexity,0.0
42,effnet_recplot,37,faithfulness,0.22592908143997192
42,effnet_recplot,37,robustness,1.8159458637237549
42,effnet_recplot,37,complexity,0.6874516014135704
42,effnet_recplot,38,faithfulness,-0.14520958065986633
42,effnet_recplot,38,robustness,1.0757147073745728
42,effnet_recplot,38,complexity,0.796019482726355
42,effnet_recplot,39,faithfulness,-0.01255352795124054
42,effnet_recplot,39,robustness,1.1722023487091064
42,effnet_recplot,39,complexity,0.7609748037520145
42,effnet_recplot,40,faithfulness,0.26544463634490967
42,effnet_recplot,40,robustness,0.9996592402458191
42,effnet_recplot,40,complexity,0.7208820968485702
42,effnet_recplot,41,faithfulness,
42,effnet_recplot,41,robustness,inf
42,effnet_recplot,41,complexity,0.0
42,effnet_recplot,42,faithfulness,0.08354876935482025
42,effnet_recplot,42,robustness,1.9913352727890015
42,effnet_recplot,42,complexity,0.5620779390683038
42,effnet_recplot,43,faithfulness,0.25028496980667114
42,effnet_recplot,43,robustness,2.419785976409912
42,effnet_recplot,43,complexity,0.5745320425697219
42,effnet_recplot,44,faithfulness,-0.15342256426811218
42,effnet_recplot,44,robustness,1.6933112144470215
42,effnet_recplot,44,complexity,0.43984692124834274
42,effnet_recplot,45,faithfulness,0.08142665773630142
42,effnet_recplot,45,robustness,2.251518726348877
42,effnet_recplot,45,complexity,0.5006159996385141
42,effnet_recplot,46,faithfulness,-0.0361630953848362
42,effnet_recplot,46,robustness,0.9998884201049805
42,effnet_recplot,46,complexity,0.5976448085173254
42,effnet_recplot,47,faithfulness,0.1293392777442932
42,effnet_recplot,47,robustness,1.0
42,effnet_recplot,47,complexity,0.209753101581569
42,effnet_recplot,48,faithfulness,0.08136314153671265
42,effnet_recplot,48,robustness,1.0
42,effnet_recplot,48,complexity,0.22341227623677218
42,effnet_recplot,49,faithfulness,-0.27367082238197327
42,effnet_recplot,49,robustness,1.0021871328353882
42,effnet_recplot,49,complexity,0.7319427415512545
42,effnet_recplot,50,faithfulness,0.25009986758232117
42,effnet_recplot,50,robustness,1.0
42,effnet_recplot,50,complexity,0.4661826059063053
42,effnet_recplot,51,faithfulness,0.10179881751537323
42,effnet_recplot,51,robustness,1.0
42,effnet_recplot,51,complexity,0.3621710757180921
42,effnet_recplot,52,faithfulness,0.12231732904911041
42,effnet_recplot,52,robustness,1.0
42,effnet_recplot,52,complexity,0.31903686993894464
42,effnet_recplot,53,faithfulness,0.07732164114713669
42,effnet_recplot,53,robustness,1.0
42,effnet_recplot,53,complexity,0.3314615281009216
42,effnet_recplot,54,faithfulness,-0.01632830500602722
42,effnet_recplot,54,robustness,1.0
42,effnet_recplot,54,complexity,0.24762873718568218
42,effnet_recplot,55,faithfulness,0.058726828545331955
42,effnet_recplot,55,robustness,1.0
42,effnet_recplot,55,complexity,0.38372442279898195
42,effnet_recplot,56,faithfulness,-0.09186690300703049
42,effnet_recplot,56,robustness,1.0
42,effnet_recplot,56,complexity,0.3571832039744475
42,effnet_recplot,57,faithfulness,-0.05380704998970032
42,effnet_recplot,57,robustness,1.0
42,effnet_recplot,57,complexity,0.26919288506332023
42,effnet_recplot,58,faithfulness,-0.10049142688512802
42,effnet_recplot,58,robustness,1.5530757904052734
42,effnet_recplot,58,complexity,0.48990104933156625
65,mobilenet_orig,0,faithfulness,0.026896096765995026
65,mobilenet_orig,0,robustness,3.4832773208618164
65,mobilenet_orig,0,complexity,0.7135193301033905
65,mobilenet_orig,1,faithfulness,0.11670266091823578
65,mobilenet_orig,1,robustness,1.1168677806854248
65,mobilenet_orig,1,complexity,0.7511672468203243
65,mobilenet_orig,2,faithfulness,0.2726472020149231
65,mobilenet_orig,2,robustness,1.3361884355545044
65,mobilenet_orig,2,complexity,0.7489959812269301
65,mobilenet_orig,3,faithfulness,-0.08982707560062408
65,mobilenet_orig,3,robustness,1.1223361492156982
65,mobilenet_orig,3,complexity,0.6352975653824685
65,mobilenet_orig,4,faithfulness,-0.04084883630275726
65,mobilenet_orig,4,robustness,1.046615719795227
65,mobilenet_orig,4,complexity,0.33998665630090763
65,mobilenet_orig,5,faithfulness,0.1747177094221115
65,mobilenet_orig,5,robustness,0.807319700717926
65,mobilenet_orig,5,complexity,0.5947484201308296
65,mobilenet_orig,6,faithfulness,0.04904074966907501
65,mobilenet_orig,6,robustness,0.7770987749099731
65,mobilenet_orig,6,complexity,0.49096282548982595
65,mobilenet_orig,7,faithfulness,-0.06866589188575745
65,mobilenet_orig,7,robustness,2.9551546573638916
65,mobilenet_orig,7,complexity,0.8207968114322394
65,mobilenet_orig,8,faithfulness,0.12215786427259445
65,mobilenet_orig,8,robustness,0.6296597123146057
65,mobilenet_orig,8,complexity,0.5477025181042668
65,mobilenet_orig,9,faithfulness,0.18031352758407593
65,mobilenet_orig,9,robustness,0.7580978870391846
65,mobilenet_orig,9,complexity,0.5664086380837368
65,mobilenet_orig,10,faithfulness,-0.2001793086528778
65,mobilenet_orig,10,robustness,0.9346270561218262
65,mobilenet_orig,10,complexity,0.5943072206260073
65,mobilenet_orig,11,faithfulness,0.34061503410339355
65,mobilenet_orig,11,robustness,0.9125005602836609
65,mobilenet_orig,11,complexity,0.6499025619799671
65,mobilenet_orig,12,faithfulness,-0.10204652696847916
65,mobilenet_orig,12,robustness,0.7235158681869507
65,mobilenet_orig,12,complexity,0.5840154460660043
65,mobilenet_orig,13,faithfulness,-0.1844768077135086
65,mobilenet_orig,13,robustness,0.8635442852973938
65,mobilenet_orig,13,complexity,0.6851695733803368
65,mobilenet_orig,14,faithfulness,0.2814657390117645
65,mobilenet_orig,14,robustness,0.5956833362579346
65,mobilenet_orig,14,complexity,0.3853792154913596
65,mobilenet_orig,15,faithfulness,0.36489880084991455
65,mobilenet_orig,15,robustness,1.229621171951294
65,mobilenet_orig,15,complexity,0.7415617013180779
65,mobilenet_orig,16,faithfulness,-0.18513281643390656
65,mobilenet_orig,16,robustness,0.8845083117485046
65,mobilenet_orig,16,complexity,0.6957437853819546
65,mobilenet_orig,17,faithfulness,0.09523549675941467
65,mobilenet_orig,17,robustness,0.8680168390274048
65,mobilenet_orig,17,complexity,0.47080093667982303
65,mobilenet_orig,18,faithfulness,-0.21564021706581116
65,mobilenet_orig,18,robustness,0.5950770378112793
65,mobilenet_orig,18,complexity,0.5058793218226184
65,mobilenet_orig,19,faithfulness,0.018092747777700424
65,mobilenet_orig,19,robustness,0.48007896542549133
65,mobilenet_orig,19,complexity,0.5550464105366665
65,mobilenet_orig,20,faithfulness,0.06477668136358261
65,mobilenet_orig,20,robustness,0.7282468676567078
65,mobilenet_orig,20,complexity,0.4256733156646293
65,mobilenet_orig,21,faithfulness,0.17037644982337952
65,mobilenet_orig,21,robustness,0.6912189722061157
65,mobilenet_orig,21,complexity,0.723989019825238
65,mobilenet_orig,22,faithfulness,0.36937016248703003
65,mobilenet_orig,22,robustness,0.9607444405555725
65,mobilenet_orig,22,complexity,0.38807708139642677
65,mobilenet_orig,23,faithfulness,-0.20041504502296448
65,mobilenet_orig,23,robustness,1.1891698837280273
65,mobilenet_orig,23,complexity,0.42755486597048087
65,mobilenet_orig,24,faithfulness,-0.08164909482002258
65,mobilenet_orig,24,robustness,1.5064501762390137
65,mobilenet_orig,24,complexity,0.6097581035901104
65,mobilenet_orig,25,faithfulness,0.31468361616134644
65,mobilenet_orig,25,robustness,0.7555443644523621
65,mobilenet_orig,25,complexity,0.49853012173489175
65,mobilenet_orig,26,faithfulness,0.13847927749156952
65,mobilenet_orig,26,robustness,0.7627785205841064
65,mobilenet_orig,26,complexity,0.6359932770621963
65,mobilenet_orig,27,faithfulness,0.05022105574607849
65,mobilenet_orig,27,robustness,1.2883007526397705
65,mobilenet_orig,27,complexity,0.6866670077554485
65,mobilenet_orig,28,faithfulness,-0.3057354688644409
65,mobilenet_orig,28,robustness,0.965965747833252
65,mobilenet_orig,28,complexity,0.488758540146314
65,mobilenet_orig,29,faithfulness,-0.18480107188224792
65,mobilenet_orig,29,robustness,1.075390338897705
65,mobilenet_orig,29,complexity,0.3656341529081799
65,mobilenet_orig,30,faithfulness,-0.02687779814004898
65,mobilenet_orig,30,robustness,0.922715961933136
65,mobilenet_orig,30,complexity,0.44838271373211985
65,mobilenet_orig,31,faithfulness,-0.16645993292331696
65,mobilenet_orig,31,robustness,1.2283375263214111
65,mobilenet_orig,31,complexity,0.583802616415485
65,mobilenet_orig,32,faithfulness,-0.15922585129737854
65,mobilenet_orig,32,robustness,0.7990887761116028
65,mobilenet_orig,32,complexity,0.6573130689087704
65,mobilenet_orig,33,faithfulness,0.042447105050086975
65,mobilenet_orig,33,robustness,0.6082448959350586
65,mobilenet_orig,33,complexity,0.5856868323120061
65,mobilenet_orig,34,faithfulness,0.15222811698913574
65,mobilenet_orig,34,robustness,0.7752317786216736
65,mobilenet_orig,34,complexity,0.7186543514167837
65,mobilenet_orig,35,faithfulness,-0.21228066086769104
65,mobilenet_orig,35,robustness,0.6070930361747742
65,mobilenet_orig,35,complexity,0.5647288502762853
65,mobilenet_orig,36,faithfulness,-0.05559459328651428
65,mobilenet_orig,36,robustness,0.5134425163269043
65,mobilenet_orig,36,complexity,0.4901054554615211
65,mobilenet_orig,37,faithfulness,0.03883945941925049
65,mobilenet_orig,37,robustness,0.652439534664154
65,mobilenet_orig,37,complexity,0.4006937302187225
65,mobilenet_orig,38,faithfulness,-0.06797988712787628
65,mobilenet_orig,38,robustness,0.8074091076850891
65,mobilenet_orig,38,complexity,0.5813756434016553
65,mobilenet_orig,39,faithfulness,0.4420628845691681
65,mobilenet_orig,39,robustness,0.9688117504119873
65,mobilenet_orig,39,complexity,0.5300542111421038
65,mobilenet_orig,40,faithfulness,-0.07701154053211212
65,mobilenet_orig,40,robustness,0.5965405702590942
65,mobilenet_orig,40,complexity,0.5077782208432676
65,mobilenet_orig,41,faithfulness,-0.01144431158900261
65,mobilenet_orig,41,robustness,0.4431000351905823
65,mobilenet_orig,41,complexity,0.543138691319493
65,mobilenet_orig,42,faithfulness,0.25526297092437744
65,mobilenet_orig,42,robustness,0.8327109813690186
65,mobilenet_orig,42,complexity,0.4551441871831617
65,mobilenet_orig,43,faithfulness,-0.1715712696313858
65,mobilenet_orig,43,robustness,0.831542432308197
65,mobilenet_orig,43,complexity,0.5367094163404085
65,mobilenet_orig,44,faithfulness,0.01628791354596615
65,mobilenet_orig,44,robustness,0.9158412218093872
65,mobilenet_orig,44,complexity,0.5104753333901912
65,mobilenet_orig,45,faithfulness,0.06561051309108734
65,mobilenet_orig,45,robustness,1.0673454999923706
65,mobilenet_orig,45,complexity,0.427363600914581
65,mobilenet_orig,46,faithfulness,-0.17801110446453094
65,mobilenet_orig,46,robustness,0.6105005741119385
65,mobilenet_orig,46,complexity,0.6888278623614794
65,mobilenet_orig,47,faithfulness,-0.0037355273962020874
65,mobilenet_orig,47,robustness,1.4822602272033691
65,mobilenet_orig,47,complexity,0.5408934408656935
65,mobilenet_orig,48,faithfulness,0.10623815655708313
65,mobilenet_orig,48,robustness,0.9998844861984253
65,mobilenet_orig,48,complexity,0.5404053185121445
65,mobilenet_orig,49,faithfulness,-0.056877076625823975
65,mobilenet_orig,49,robustness,0.714749276638031
65,mobilenet_orig,49,complexity,0.4940636280210652
65,mobilenet_orig,50,faithfulness,0.05813533067703247
65,mobilenet_orig,50,robustness,0.951915979385376
65,mobilenet_orig,50,complexity,0.40490140404865055
65,mobilenet_orig,51,faithfulness,0.005558975040912628
65,mobilenet_orig,51,robustness,1.2783701419830322
65,mobilenet_orig,51,complexity,0.5997840681318941
65,mobilenet_orig,52,faithfulness,0.11749620735645294
65,mobilenet_orig,52,robustness,0.6863266825675964
65,mobilenet_orig,52,complexity,0.5541221773360205
65,mobilenet_orig,53,faithfulness,0.10963497310876846
65,mobilenet_orig,53,robustness,0.9853854179382324
65,mobilenet_orig,53,complexity,0.46993647834437446
65,mobilenet_orig,54,faithfulness,0.163198322057724
65,mobilenet_orig,54,robustness,0.7514240145683289
65,mobilenet_orig,54,complexity,0.4454815262871169
65,mobilenet_orig,55,faithfulness,0.31391918659210205
65,mobilenet_orig,55,robustness,0.9446343183517456
65,mobilenet_orig,55,complexity,0.44571314839083753
65,mobilenet_orig,56,faithfulness,0.05798277258872986
65,mobilenet_orig,56,robustness,0.5969420671463013
65,mobilenet_orig,56,complexity,0.4892219008863773
65,mobilenet_orig,57,faithfulness,-0.47916144132614136
65,mobilenet_orig,57,robustness,1.8783777952194214
65,mobilenet_orig,57,complexity,0.5949339059584192
65,mobilenet_orig,58,faithfulness,0.09334968030452728
65,mobilenet_orig,58,robustness,0.9874297380447388
65,mobilenet_orig,58,complexity,0.42140509364695034
65,mobilenet_recplot,0,faithfulness,0.06911424547433853
65,mobilenet_recplot,0,robustness,1.017946481704712
65,mobilenet_recplot,0,complexity,0.6697699220387674
65,mobilenet_recplot,1,faithfulness,0.06340649724006653
65,mobilenet_recplot,1,robustness,1.0177196264266968
65,mobilenet_recplot,1,complexity,0.7990549776139089
65,mobilenet_recplot,2,faithfulness,-0.09517098218202591
65,mobilenet_recplot,2,robustness,1.0271594524383545
65,mobilenet_recplot,2,complexity,0.7693190112092265
65,mobilenet_recplot,3,faithfulness,0.09755706042051315
65,mobilenet_recplot,3,robustness,1.0
65,mobilenet_recplot,3,complexity,0.67766739068717
65,mobilenet_recplot,4,faithfulness,0.03632465749979019
65,mobilenet_recplot,4,robustness,0.9995344281196594
65,mobilenet_recplot,4,complexity,0.6146499493115922
65,mobilenet_recplot,5,faithfulness,0.44514280557632446
65,mobilenet_recplot,5,robustness,0.9997521042823792
65,mobilenet_recplot,5,complexity,0.6919734850084086
65,mobilenet_recplot,6,faithfulness,-0.014395758509635925
65,mobilenet_recplot,6,robustness,0.999582827091217
65,mobilenet_recplot,6,complexity,0.695364606575897
65,mobilenet_recplot,7,faithfulness,-0.08295264840126038
65,mobilenet_recplot,7,robustness,3.8037269115448
65,mobilenet_recplot,7,complexity,0.9288839384021506
65,mobilenet_recplot,8,faithfulness,0.08938243240118027
65,mobilenet_recplot,8,robustness,0.9977135062217712
65,mobilenet_recplot,8,complexity,0.5342248342351577
65,mobilenet_recplot,9,faithfulness,0.26251646876335144
65,mobilenet_recplot,9,robustness,1.0063772201538086
65,mobilenet_recplot,9,complexity,0.6782579954303198
65,mobilenet_recplot,10,faithfulness,0.4945116937160492
65,mobilenet_recplot,10,robustness,1.0004541873931885
65,mobilenet_recplot,10,complexity,0.5737898360698422
65,mobilenet_recplot,11,faithfulness,0.17790520191192627
65,mobilenet_recplot,11,robustness,1.1563429832458496
65,mobilenet_recplot,11,complexity,0.7179394353716435
65,mobilenet_recplot,12,faithfulness,0.4706030786037445
65,mobilenet_recplot,12,robustness,1.001348853111267
65,mobilenet_recplot,12,complexity,0.6696821722296771
65,mobilenet_recplot,13,faithfulness,0.08368262648582458
65,mobilenet_recplot,13,robustness,1.000369668006897
65,mobilenet_recplot,13,complexity,0.6249310091111252
65,mobilenet_recplot,14,faithfulness,0.19836896657943726
65,mobilenet_recplot,14,robustness,1.0003365278244019
65,mobilenet_recplot,14,complexity,0.691739415897109
65,mobilenet_recplot,15,faithfulness,0.006235480308532715
65,mobilenet_recplot,15,robustness,2.4430758953094482
65,mobilenet_recplot,15,complexity,0.7960107620700286
65,mobilenet_recplot,16,faithfulness,0.1493855118751526
65,mobilenet_recplot,16,robustness,0.9865913391113281
65,mobilenet_recplot,16,complexity,0.706238372049367
65,mobilenet_recplot,17,faithfulness,0.18888604640960693
65,mobilenet_recplot,17,robustness,0.9993643164634705
65,mobilenet_recplot,17,complexity,0.6272000264818562
65,mobilenet_recplot,18,faithfulness,0.4102979898452759
65,mobilenet_recplot,18,robustness,0.9314393997192383
65,mobilenet_recplot,18,complexity,0.5120786488423962
65,mobilenet_recplot,19,faithfulness,0.4714545011520386
65,mobilenet_recplot,19,robustness,0.9437440633773804
65,mobilenet_recplot,19,complexity,0.49472908603787136
65,mobilenet_recplot,20,faithfulness,0.27037614583969116
65,mobilenet_recplot,20,robustness,0.9690830111503601
65,mobilenet_recplot,20,complexity,0.42924301592144753
65,mobilenet_recplot,21,faithfulness,0.0726555585861206
65,mobilenet_recplot,21,robustness,3.168393135070801
65,mobilenet_recplot,21,complexity,0.6684350562018339
65,mobilenet_recplot,22,faithfulness,0.0529942512512207
65,mobilenet_recplot,22,robustness,0.9220559000968933
65,mobilenet_recplot,22,complexity,0.4160063097520619
65,mobilenet_recplot,23,faithfulness,0.2302061915397644
65,mobilenet_recplot,23,robustness,1.7706127166748047
65,mobilenet_recplot,23,complexity,0.7012049818162925
65,mobilenet_recplot,24,faithfulness,-0.3388780653476715
65,mobilenet_recplot,24,robustness,1.5177913904190063
65,mobilenet_recplot,24,complexity,0.4872389916011501
65,mobilenet_recplot,25,faithfulness,0.17842252552509308
65,mobilenet_recplot,25,robustness,1.1372063159942627
65,mobilenet_recplot,25,complexity,0.45592140002071646
65,mobilenet_recplot,26,faithfulness,-0.19539597630500793
65,mobilenet_recplot,26,robustness,0.8053072094917297
65,mobilenet_recplot,26,complexity,0.44434414106944187
65,mobilenet_recplot,27,faithfulness,-0.009567629545927048
65,mobilenet_recplot,27,robustness,0.8539218306541443
65,mobilenet_recplot,27,complexity,0.770063776285449
65,mobilenet_recplot,28,faithfulness,-0.08222640305757523
65,mobilenet_recplot,28,robustness,0.9709779620170593
65,mobilenet_recplot,28,complexity,0.5304298401553607
65,mobilenet_recplot,29,faithfulness,0.15742427110671997
65,mobilenet_recplot,29,robustness,0.9126007556915283
65,mobilenet_recplot,29,complexity,0.41262668184825674
65,mobilenet_recplot,30,faithfulness,0.1561296284198761
65,mobilenet_recplot,30,robustness,0.8602646589279175
65,mobilenet_recplot,30,complexity,0.4381038279505387
65,mobilenet_recplot,31,faithfulness,0.6759815216064453
65,mobilenet_recplot,31,robustness,0.9019743204116821
65,mobilenet_recplot,31,complexity,0.47255370547463244
65,mobilenet_recplot,32,faithfulness,0.04063308984041214
65,mobilenet_recplot,32,robustness,1.3849318027496338
65,mobilenet_recplot,32,complexity,0.48155822666953607
65,mobilenet_recplot,33,faithfulness,0.09087647497653961
65,mobilenet_recplot,33,robustness,1.3497285842895508
65,mobilenet_recplot,33,complexity,0.4933194614853434
65,mobilenet_recplot,34,faithfulness,-0.15588653087615967
65,mobilenet_recplot,34,robustness,2.28739857673645
65,mobilenet_recplot,34,complexity,0.45582172811428323
65,mobilenet_recplot,35,faithfulness,-0.2501590847969055
65,mobilenet_recplot,35,robustness,1.4633986949920654
65,mobilenet_recplot,35,complexity,0.4725673166692972
65,mobilenet_recplot,36,faithfulness,0.008127346634864807
65,mobilenet_recplot,36,robustness,2.4866998195648193
65,mobilenet_recplot,36,complexity,0.7702168921153537
65,mobilenet_recplot,37,faithfulness,-0.24583286046981812
65,mobilenet_recplot,37,robustness,0.9408788681030273
65,mobilenet_recplot,37,complexity,0.32954731951355504
65,mobilenet_recplot,38,faithfulness,0.07455877959728241
65,mobilenet_recplot,38,robustness,0.9390715956687927
65,mobilenet_recplot,38,complexity,0.451290840160969
65,mobilenet_recplot,39,faithfulness,0.31535983085632324
65,mobilenet_recplot,39,robustness,0.8097367882728577
65,mobilenet_recplot,39,complexity,0.43984302776528483
65,mobilenet_recplot,40,faithfulness,0.2084229588508606
65,mobilenet_recplot,40,robustness,0.9200596809387207
65,mobilenet_recplot,40,complexity,0.49181400919499796
65,mobilenet_recplot,41,faithfulness,-0.05348915606737137
65,mobilenet_recplot,41,robustness,15.048853874206543
65,mobilenet_recplot,41,complexity,0.9457799650488876
65,mobilenet_recplot,42,faithfulness,0.32712042331695557
65,mobilenet_recplot,42,robustness,0.9757269024848938
65,mobilenet_recplot,42,complexity,0.49300952496981476
65,mobilenet_recplot,43,faithfulness,-0.17126153409481049
65,mobilenet_recplot,43,robustness,0.9493086338043213
65,mobilenet_recplot,43,complexity,0.6641808360232159
65,mobilenet_recplot,44,faithfulness,-0.025095239281654358
65,mobilenet_recplot,44,robustness,0.9621741771697998
65,mobilenet_recplot,44,complexity,0.3621951976204906
65,mobilenet_recplot,45,faithfulness,0.33907219767570496
65,mobilenet_recplot,45,robustness,0.9509186148643494
65,mobilenet_recplot,45,complexity,0.5750351731276313
65,mobilenet_recplot,46,faithfulness,-0.16254979372024536
65,mobilenet_recplot,46,robustness,0.9586942791938782
65,mobilenet_recplot,46,complexity,0.4082608091739016
65,mobilenet_recplot,47,faithfulness,-0.2791784405708313
65,mobilenet_recplot,47,robustness,0.9668667912483215
65,mobilenet_recplot,47,complexity,0.3196605096406626
65,mobilenet_recplot,48,faithfulness,-0.023060902953147888
65,mobilenet_recplot,48,robustness,0.9904794692993164
65,mobilenet_recplot,48,complexity,0.42475071253962265
65,mobilenet_recplot,49,faithfulness,0.14397060871124268
65,mobilenet_recplot,49,robustness,5.504045486450195
65,mobilenet_recplot,49,complexity,0.9089856041544283
65,mobilenet_recplot,50,faithfulness,0.08555959165096283
65,mobilenet_recplot,50,robustness,0.9831603765487671
65,mobilenet_recplot,50,complexity,0.6681846350604135
65,mobilenet_recplot,51,faithfulness,0.07095737755298615
65,mobilenet_recplot,51,robustness,0.9744958281517029
65,mobilenet_recplot,51,complexity,0.5187825625723979
65,mobilenet_recplot,52,faithfulness,0.06388528645038605
65,mobilenet_recplot,52,robustness,1.0330305099487305
65,mobilenet_recplot,52,complexity,0.7475222625735818
65,mobilenet_recplot,53,faithfulness,-0.033824823796749115
65,mobilenet_recplot,53,robustness,0.9666576981544495
65,mobilenet_recplot,53,complexity,0.3549827560974765
65,mobilenet_recplot,54,faithfulness,0.15133921802043915
65,mobilenet_recplot,54,robustness,0.9767569899559021
65,mobilenet_recplot,54,complexity,0.3379797476185743
65,mobilenet_recplot,55,faithfulness,0.21917730569839478
65,mobilenet_recplot,55,robustness,2.175729990005493
65,mobilenet_recplot,55,complexity,0.6867682891241986
65,mobilenet_recplot,56,faithfulness,0.3491705358028412
65,mobilenet_recplot,56,robustness,0.9878588914871216
65,mobilenet_recplot,56,complexity,0.42765945584904297
65,mobilenet_recplot,57,faithfulness,-0.23776042461395264
65,mobilenet_recplot,57,robustness,0.9888890981674194
65,mobilenet_recplot,57,complexity,0.6910032405944959
65,mobilenet_recplot,58,faithfulness,0.08032791316509247
65,mobilenet_recplot,58,robustness,1.5707967281341553
65,mobilenet_recplot,58,complexity,0.6414657045191815
65,effnet_orig,0,faithfulness,0.034425534307956696
65,effnet_orig,0,robustness,0.8643134236335754
65,effnet_orig,0,complexity,0.45715454796390476
65,effnet_orig,1,faithfulness,-0.02780180424451828
65,effnet_orig,1,robustness,0.846758246421814
65,effnet_orig,1,complexity,0.5405985288721303
65,effnet_orig,2,faithfulness,0.1026754081249237
65,effnet_orig,2,robustness,0.6790173649787903
65,effnet_orig,2,complexity,0.5360414479702188
65,effnet_orig,3,faithfulness,-0.01847882941365242
65,effnet_orig,3,robustness,0.7873537540435791
65,effnet_orig,3,complexity,0.5460574345182078
65,effnet_orig,4,faithfulness,-0.35051247477531433
65,effnet_orig,4,robustness,0.3752495348453522
65,effnet_orig,4,complexity,0.3348242213818119
65,effnet_orig,5,faithfulness,-0.2555081248283386
65,effnet_orig,5,robustness,0.43914926052093506
65,effnet_orig,5,complexity,0.3997432488418403
65,effnet_orig,6,faithfulness,0.054096776992082596
65,effnet_orig,6,robustness,0.3817647397518158
65,effnet_orig,6,complexity,0.42954037976780995
65,effnet_orig,7,faithfulness,0.2250005155801773
65,effnet_orig,7,robustness,0.9735034108161926
65,effnet_orig,7,complexity,0.6683713294369836
65,effnet_orig,8,faithfulness,0.14491921663284302
65,effnet_orig,8,robustness,0.4308648407459259
65,effnet_orig,8,complexity,0.6671235974815934
65,effnet_orig,9,faithfulness,0.19325563311576843
65,effnet_orig,9,robustness,0.8574309945106506
65,effnet_orig,9,complexity,0.5036562362388266
65,effnet_orig,10,faithfulness,-0.18404607474803925
65,effnet_orig,10,robustness,0.6636916995048523
65,effnet_orig,10,complexity,0.5819724560446236
65,effnet_orig,11,faithfulness,-0.1028243824839592
65,effnet_orig,11,robustness,0.8138343691825867
65,effnet_orig,11,complexity,0.46943162718275855
65,effnet_orig,12,faithfulness,-0.2265123724937439
65,effnet_orig,12,robustness,0.8808086514472961
65,effnet_orig,12,complexity,0.4872800709709442
65,effnet_orig,13,faithfulness,0.07330943644046783
65,effnet_orig,13,robustness,0.6742321848869324
65,effnet_orig,13,complexity,0.4327629744844032
65,effnet_orig,14,faithfulness,-0.1326460838317871
65,effnet_orig,14,robustness,0.44798099994659424
65,effnet_orig,14,complexity,0.33316045269695566
65,effnet_orig,15,faithfulness,-0.030322805047035217
65,effnet_orig,15,robustness,0.4228833317756653
65,effnet_orig,15,complexity,0.44856030426741905
65,effnet_orig,16,faithfulness,0.2887837588787079
65,effnet_orig,16,robustness,0.3962654769420624
65,effnet_orig,16,complexity,0.5274079886440303
65,effnet_orig,17,faithfulness,-0.2809235155582428
65,effnet_orig,17,robustness,0.5905591249465942
65,effnet_orig,17,complexity,0.4314066528568076
65,effnet_orig,18,faithfulness,-0.14291483163833618
65,effnet_orig,18,robustness,0.751426100730896
65,effnet_orig,18,complexity,0.3979421315007079
65,effnet_orig,19,faithfulness,-0.11597545444965363
65,effnet_orig,19,robustness,0.43856239318847656
65,effnet_orig,19,complexity,0.6225525827730983
65,effnet_orig,20,faithfulness,0.07081006467342377
65,effnet_orig,20,robustness,0.4885556101799011
65,effnet_orig,20,complexity,0.4952222855782118
65,effnet_orig,21,faithfulness,-0.38396507501602173
65,effnet_orig,21,robustness,0.9523420333862305
65,effnet_orig,21,complexity,0.5157309903380467
65,effnet_orig,22,faithfulness,0.19769060611724854
65,effnet_orig,22,robustness,0.6315742135047913
65,effnet_orig,22,complexity,0.6097020827060525
65,effnet_orig,23,faithfulness,0.2066878378391266
65,effnet_orig,23,robustness,0.5712028741836548
65,effnet_orig,23,complexity,0.6724586553726948
65,effnet_orig,24,faithfulness,-0.017140347510576248
65,effnet_orig,24,robustness,0.6310476064682007
65,effnet_orig,24,complexity,0.7286428200928515
65,effnet_orig,25,faithfulness,0.01248643547296524
65,effnet_orig,25,robustness,0.3481985628604889
65,effnet_orig,25,complexity,0.6341759556446127
65,effnet_orig,26,faithfulness,-0.34857338666915894
65,effnet_orig,26,robustness,1.2627049684524536
65,effnet_orig,26,complexity,0.5729863472270398
65,effnet_orig,27,faithfulness,0.027603864669799805
65,effnet_orig,27,robustness,0.6173027753829956
65,effnet_orig,27,complexity,0.6720722283009682
65,effnet_orig,28,faithfulness,-0.13631224632263184
65,effnet_orig,28,robustness,0.7844185829162598
65,effnet_orig,28,complexity,0.5885918813834837
65,effnet_orig,29,faithfulness,0.23950815200805664
65,effnet_orig,29,robustness,0.9000842571258545
65,effnet_orig,29,complexity,0.6347555322790557
65,effnet_orig,30,faithfulness,0.03565962612628937
65,effnet_orig,30,robustness,0.5180938243865967
65,effnet_orig,30,complexity,0.6057700927223572
65,effnet_orig,31,faithfulness,-0.051507528871297836
65,effnet_orig,31,robustness,1.1639347076416016
65,effnet_orig,31,complexity,0.5664061485249464
65,effnet_orig,32,faithfulness,0.3569948971271515
65,effnet_orig,32,robustness,0.7316501140594482
65,effnet_orig,32,complexity,0.7613462880601974
65,effnet_orig,33,faithfulness,0.1733577847480774
65,effnet_orig,33,robustness,0.23200392723083496
65,effnet_orig,33,complexity,0.8343648423487948
65,effnet_orig,34,faithfulness,-0.09522581100463867
65,effnet_orig,34,robustness,1.10124933719635
65,effnet_orig,34,complexity,0.3142134298998361
65,effnet_orig,35,faithfulness,-0.15018431842327118
65,effnet_orig,35,robustness,0.8762831687927246
65,effnet_orig,35,complexity,0.5554100190445338
65,effnet_orig,36,faithfulness,0.12486331909894943
65,effnet_orig,36,robustness,0.6451547145843506
65,effnet_orig,36,complexity,0.5380163596338725
65,effnet_orig,37,faithfulness,-0.013594578951597214
65,effnet_orig,37,robustness,3.257286548614502
65,effnet_orig,37,complexity,0.7213303073558945
65,effnet_orig,38,faithfulness,0.15272928774356842
65,effnet_orig,38,robustness,1.0334296226501465
65,effnet_orig,38,complexity,0.40191777756255365
65,effnet_orig,39,faithfulness,-0.27832919359207153
65,effnet_orig,39,robustness,0.8364549279212952
65,effnet_orig,39,complexity,0.4500322313501578
65,effnet_orig,40,faithfulness,0.22449474036693573
65,effnet_orig,40,robustness,0.5912396311759949
65,effnet_orig,40,complexity,0.2631394498500639
65,effnet_orig,41,faithfulness,-0.3836645185947418
65,effnet_orig,41,robustness,0.5143328905105591
65,effnet_orig,41,complexity,0.32961649415263294
65,effnet_orig,42,faithfulness,-0.19408467411994934
65,effnet_orig,42,robustness,0.8698177933692932
65,effnet_orig,42,complexity,0.4238613737099788
65,effnet_orig,43,faithfulness,-0.1447530835866928
65,effnet_orig,43,robustness,1.0163730382919312
65,effnet_orig,43,complexity,0.4285707647701956
65,effnet_orig,44,faithfulness,-0.21031653881072998
65,effnet_orig,44,robustness,0.4335419535636902
65,effnet_orig,44,complexity,0.5582755210128643
65,effnet_orig,45,faithfulness,0.03774295002222061
65,effnet_orig,45,robustness,1.076995611190796
65,effnet_orig,45,complexity,0.4717832419170134
65,effnet_orig,46,faithfulness,-0.2680119276046753
65,effnet_orig,46,robustness,0.5775880813598633
65,effnet_orig,46,complexity,0.48396842720746264
65,effnet_orig,47,faithfulness,-0.10570509731769562
65,effnet_orig,47,robustness,0.7934678196907043
65,effnet_orig,47,complexity,0.402133269885372
65,effnet_orig,48,faithfulness,0.23526957631111145
65,effnet_orig,48,robustness,0.5009827017784119
65,effnet_orig,48,complexity,0.3339529572272178
65,effnet_orig,49,faithfulness,-0.06983041018247604
65,effnet_orig,49,robustness,2.240083932876587
65,effnet_orig,49,complexity,0.41225971095014774
65,effnet_orig,50,faithfulness,0.19206275045871735
65,effnet_orig,50,robustness,0.5538877844810486
65,effnet_orig,50,complexity,0.4776401868149598
65,effnet_orig,51,faithfulness,-0.0849563330411911
65,effnet_orig,51,robustness,0.42010146379470825
65,effnet_orig,51,complexity,0.6162036088950064
65,effnet_orig,52,faithfulness,0.015805203467607498
65,effnet_orig,52,robustness,0.4012945592403412
65,effnet_orig,52,complexity,0.7450293404841901
65,effnet_orig,53,faithfulness,0.2844993472099304
65,effnet_orig,53,robustness,0.38942065834999084
65,effnet_orig,53,complexity,0.21602348575811905
65,effnet_orig,54,faithfulness,-0.11570936441421509
65,effnet_orig,54,robustness,0.6862868070602417
65,effnet_orig,54,complexity,0.25795107018256397
65,effnet_orig,55,faithfulness,4.676729440689087e-05
65,effnet_orig,55,robustness,0.5095832943916321
65,effnet_orig,55,complexity,0.2667115332574555
65,effnet_orig,56,faithfulness,-0.22674843668937683
65,effnet_orig,56,robustness,0.469710111618042
65,effnet_orig,56,complexity,0.4498974853683506
65,effnet_orig,57,faithfulness,0.026909470558166504
65,effnet_orig,57,robustness,0.3936307430267334
65,effnet_orig,57,complexity,0.5994935726564142
65,effnet_orig,58,faithfulness,0.31038424372673035
65,effnet_orig,58,robustness,0.35131779313087463
65,effnet_orig,58,complexity,0.34207450088397134
65,effnet_recplot,0,faithfulness,-0.10768303275108337
65,effnet_recplot,0,robustness,1.0
65,effnet_recplot,0,complexity,0.664050983552583
65,effnet_recplot,1,faithfulness,0.2624821662902832
65,effnet_recplot,1,robustness,1.7096868753433228
65,effnet_recplot,1,complexity,0.6503081183806385
65,effnet_recplot,2,faithfulness,-0.1233881413936615
65,effnet_recplot,2,robustness,1.2332568168640137
65,effnet_recplot,2,complexity,0.5822749804224344
65,effnet_recplot,3,faithfulness,0.26814329624176025
65,effnet_recplot,3,robustness,1.1084203720092773
65,effnet_recplot,3,complexity,0.6273302389464093
65,effnet_recplot,4,faithfulness,0.04053354263305664
65,effnet_recplot,4,robustness,0.9952110052108765
65,effnet_recplot,4,complexity,0.459943761195523
65,effnet_recplot,5,faithfulness,-0.19708743691444397
65,effnet_recplot,5,robustness,0.999877393245697
65,effnet_recplot,5,complexity,0.2505503374799024
65,effnet_recplot,6,faithfulness,-0.16480578482151031
65,effnet_recplot,6,robustness,1.0
65,effnet_recplot,6,complexity,0.2545698343778233
65,effnet_recplot,7,faithfulness,0.355196475982666
65,effnet_recplot,7,robustness,23.14400863647461
65,effnet_recplot,7,complexity,0.8657764061293818
65,effnet_recplot,8,faithfulness,0.09305264800786972
65,effnet_recplot,8,robustness,1.521646499633789
65,effnet_recplot,8,complexity,0.5091314358278196
65,effnet_recplot,9,faithfulness,0.12582463026046753
65,effnet_recplot,9,robustness,1.0
65,effnet_recplot,9,complexity,0.7672862991087354
65,effnet_recplot,10,faithfulness,0.21380391716957092
65,effnet_recplot,10,robustness,1.0
65,effnet_recplot,10,complexity,0.17309696399590763
65,effnet_recplot,11,faithfulness,-0.16008180379867554
65,effnet_recplot,11,robustness,1.010543704032898
65,effnet_recplot,11,complexity,0.6706829526767211
65,effnet_recplot,12,faithfulness,0.17384390532970428
65,effnet_recplot,12,robustness,1.0
65,effnet_recplot,12,complexity,0.42003077694433805
65,effnet_recplot,13,faithfulness,-0.07951284945011139
65,effnet_recplot,13,robustness,1.0
65,effnet_recplot,13,complexity,0.38610526170178694
65,effnet_recplot,14,faithfulness,0.08649599552154541
65,effnet_recplot,14,robustness,1.0
65,effnet_recplot,14,complexity,0.42581416685629503
65,effnet_recplot,15,faithfulness,-0.20521871745586395
65,effnet_recplot,15,robustness,12.617791175842285
65,effnet_recplot,15,complexity,0.9093180183039146
65,effnet_recplot,16,faithfulness,0.002106182277202606
65,effnet_recplot,16,robustness,1.422690749168396
65,effnet_recplot,16,complexity,0.728644198517996
65,effnet_recplot,17,faithfulness,0.24332648515701294
65,effnet_recplot,17,robustness,0.998677134513855
65,effnet_recplot,17,complexity,0.3539681586613297
65,effnet_recplot,18,faithfulness,0.03344271332025528
65,effnet_recplot,18,robustness,1.9498069286346436
65,effnet_recplot,18,complexity,0.6696032135405807
65,effnet_recplot,19,faithfulness,-0.2519790530204773
65,effnet_recplot,19,robustness,0.9925382733345032
65,effnet_recplot,19,complexity,0.6171239123723197
65,effnet_recplot,20,faithfulness,0.040360227227211
65,effnet_recplot,20,robustness,7.725463390350342
65,effnet_recplot,20,complexity,0.287883879870968
65,effnet_recplot,21,faithfulness,0.17022140324115753
65,effnet_recplot,21,robustness,5.847421646118164
65,effnet_recplot,21,complexity,0.6199153600979889
65,effnet_recplot,22,faithfulness,-0.03941206634044647
65,effnet_recplot,22,robustness,0.9856921434402466
65,effnet_recplot,22,complexity,0.41871426482492274
65,effnet_recplot,23,faithfulness,-0.33516421914100647
65,effnet_recplot,23,robustness,5.992712020874023
65,effnet_recplot,23,complexity,0.713028258943065
65,effnet_recplot,24,faithfulness,0.21821776032447815
65,effnet_recplot,24,robustness,0.996947705745697
65,effnet_recplot,24,complexity,0.637087703120719
65,effnet_recplot,25,faithfulness,-0.1556866616010666
65,effnet_recplot,25,robustness,0.9891619086265564
65,effnet_recplot,25,complexity,0.697349006780017
65,effnet_recplot,26,faithfulness,-0.21118542551994324
65,effnet_recplot,26,robustness,4.819559097290039
65,effnet_recplot,26,complexity,0.6884797756947136
65,effnet_recplot,27,faithfulness,0.05760743468999863
65,effnet_recplot,27,robustness,1.1848846673965454
65,effnet_recplot,27,complexity,0.7865600295468793
65,effnet_recplot,28,faithfulness,0.33663210272789
65,effnet_recplot,28,robustness,3.4254913330078125
65,effnet_recplot,28,complexity,0.3725359624560573
65,effnet_recplot,29,faithfulness,-0.19872452318668365
65,effnet_recplot,29,robustness,0.9705109000205994
65,effnet_recplot,29,complexity,0.49328769434237074
65,effnet_recplot,30,faithfulness,-0.07392705976963043
65,effnet_recplot,30,robustness,0.9905875325202942
65,effnet_recplot,30,complexity,0.6839422141171424
65,effnet_recplot,31,faithfulness,0.6605046987533569
65,effnet_recplot,31,robustness,0.9969578385353088
65,effnet_recplot,31,complexity,0.6999117928186767
65,effnet_recplot,32,faithfulness,0.00485043041408062
65,effnet_recplot,32,robustness,0.9783245921134949
65,effnet_recplot,32,complexity,0.5673837816220947
65,effnet_recplot,33,faithfulness,0.35145121812820435
65,effnet_recplot,33,robustness,0.9923538565635681
65,effnet_recplot,33,complexity,0.6350567962577598
65,effnet_recplot,34,faithfulness,0.26544809341430664
65,effnet_recplot,34,robustness,0.9483711123466492
65,effnet_recplot,34,complexity,0.6311921380369461
65,effnet_recplot,35,faithfulness,0.4791358709335327
65,effnet_recplot,35,robustness,1.6201825141906738
65,effnet_recplot,35,complexity,0.6142519402072484
65,effnet_recplot,36,faithfulness,0.09023882448673248
65,effnet_recplot,36,robustness,4.352777481079102
65,effnet_recplot,36,complexity,0.9023849175781609
65,effnet_recplot,37,faithfulness,0.2555299401283264
65,effnet_recplot,37,robustness,2.1903185844421387
65,effnet_recplot,37,complexity,0.6289268178679318
65,effnet_recplot,38,faithfulness,-0.048552170395851135
65,effnet_recplot,38,robustness,3.2218785285949707
65,effnet_recplot,38,complexity,0.7261478744814474
65,effnet_recplot,39,faithfulness,0.1078866571187973
65,effnet_recplot,39,robustness,4.734738826751709
65,effnet_recplot,39,complexity,0.7117683966439556
65,effnet_recplot,40,faithfulness,0.16090989112854004
65,effnet_recplot,40,robustness,2.2696373462677
65,effnet_recplot,40,complexity,0.3332606053182813
65,effnet_recplot,41,faithfulness,0.08162115514278412
65,effnet_recplot,41,robustness,424.9925537109375
65,effnet_recplot,41,complexity,0.9733210084633158
65,effnet_recplot,42,faithfulness,0.09028251469135284
65,effnet_recplot,42,robustness,1.0674954652786255
65,effnet_recplot,42,complexity,0.5154860462706382
65,effnet_recplot,43,faithfulness,-0.10547676682472229
65,effnet_recplot,43,robustness,1.2713135480880737
65,effnet_recplot,43,complexity,0.5700725071792447
65,effnet_recplot,44,faithfulness,0.2159326821565628
65,effnet_recplot,44,robustness,5.946457386016846
65,effnet_recplot,44,complexity,0.4130784634195535
65,effnet_recplot,45,faithfulness,-0.029064349830150604
65,effnet_recplot,45,robustness,9.263806343078613
65,effnet_recplot,45,complexity,0.7791638950333416
65,effnet_recplot,46,faithfulness,-0.1572006493806839
65,effnet_recplot,46,robustness,2.8547537326812744
65,effnet_recplot,46,complexity,0.4513793339588349
65,effnet_recplot,47,faithfulness,0.4088199734687805
65,effnet_recplot,47,robustness,1.0
65,effnet_recplot,47,complexity,0.26905071301116784
65,effnet_recplot,48,faithfulness,0.022221054881811142
65,effnet_recplot,48,robustness,1.0
65,effnet_recplot,48,complexity,0.2972533649421725
65,effnet_recplot,49,faithfulness,-0.0998234674334526
65,effnet_recplot,49,robustness,1.9958021640777588
65,effnet_recplot,49,complexity,0.673391369616392
65,effnet_recplot,50,faithfulness,-0.29008132219314575
65,effnet_recplot,50,robustness,1.0
65,effnet_recplot,50,complexity,0.3201999380131029
65,effnet_recplot,51,faithfulness,0.3276149332523346
65,effnet_recplot,51,robustness,1.0
65,effnet_recplot,51,complexity,0.4409741041327369
65,effnet_recplot,52,faithfulness,0.3410032391548157
65,effnet_recplot,52,robustness,1.0
65,effnet_recplot,52,complexity,0.4125308981868274
65,effnet_recplot,53,faithfulness,0.3031708598136902
65,effnet_recplot,53,robustness,1.0
65,effnet_recplot,53,complexity,0.31970422614323785
65,effnet_recplot,54,faithfulness,0.03497113287448883
65,effnet_recplot,54,robustness,1.0
65,effnet_recplot,54,complexity,0.30973703916365514
65,effnet_recplot,55,faithfulness,-0.009879112243652344
65,effnet_recplot,55,robustness,1.0
65,effnet_recplot,55,complexity,0.6965945124644783
65,effnet_recplot,56,faithfulness,-0.28143030405044556
65,effnet_recplot,56,robustness,1.0
65,effnet_recplot,56,complexity,0.2606045634744999
65,effnet_recplot,57,faithfulness,0.2169274091720581
65,effnet_recplot,57,robustness,1.0
65,effnet_recplot,57,complexity,0.5795135260761763
65,effnet_recplot,58,faithfulness,0.29643869400024414
65,effnet_recplot,58,robustness,1.0
65,effnet_recplot,58,complexity,0.6416259207189288
87,mobilenet_orig,0,faithfulness,0.06602068990468979
87,mobilenet_orig,0,robustness,0.9898520112037659
87,mobilenet_orig,0,complexity,0.5881232918695336
87,mobilenet_orig,1,faithfulness,-0.07456803321838379
87,mobilenet_orig,1,robustness,1.642325520515442
87,mobilenet_orig,1,complexity,0.5759045896071259
87,mobilenet_orig,2,faithfulness,-0.01416868343949318
87,mobilenet_orig,2,robustness,1.6272132396697998
87,mobilenet_orig,2,complexity,0.651527535231006
87,mobilenet_orig,3,faithfulness,0.2661854028701782
87,mobilenet_orig,3,robustness,1.3300718069076538
87,mobilenet_orig,3,complexity,0.6248934163248377
87,mobilenet_orig,4,faithfulness,0.13873298466205597
87,mobilenet_orig,4,robustness,0.8580121994018555
87,mobilenet_orig,4,complexity,0.5149923455631479
87,mobilenet_orig,5,faithfulness,0.21143624186515808
87,mobilenet_orig,5,robustness,0.7851709127426147
87,mobilenet_orig,5,complexity,0.5806123608394516
87,mobilenet_orig,6,faithfulness,-0.2886497378349304
87,mobilenet_orig,6,robustness,0.8122784495353699
87,mobilenet_orig,6,complexity,0.4751287935018232
87,mobilenet_orig,7,faithfulness,-0.2266933023929596
87,mobilenet_orig,7,robustness,1.7158094644546509
87,mobilenet_orig,7,complexity,0.771785180461955
87,mobilenet_orig,8,faithfulness,-0.18887077271938324
87,mobilenet_orig,8,robustness,0.7046399712562561
87,mobilenet_orig,8,complexity,0.6217524286576911
87,mobilenet_orig,9,faithfulness,-0.002666458487510681
87,mobilenet_orig,9,robustness,0.8318609595298767
87,mobilenet_orig,9,complexity,0.5164628642871275
87,mobilenet_orig,10,faithfulness,-0.06633991003036499
87,mobilenet_orig,10,robustness,0.7561320662498474
87,mobilenet_orig,10,complexity,0.5398497597487937
87,mobilenet_orig,11,faithfulness,0.007378030568361282
87,mobilenet_orig,11,robustness,0.8149306774139404
87,mobilenet_orig,11,complexity,0.5892949591594245
87,mobilenet_orig,12,faithfulness,0.0908668264746666
87,mobilenet_orig,12,robustness,0.841629683971405
87,mobilenet_orig,12,complexity,0.5813371904144572
87,mobilenet_orig,13,faithfulness,0.07834364473819733
87,mobilenet_orig,13,robustness,0.7754776477813721
87,mobilenet_orig,13,complexity,0.5495209159919514
87,mobilenet_orig,14,faithfulness,0.24455687403678894
87,mobilenet_orig,14,robustness,0.7168912887573242
87,mobilenet_orig,14,complexity,0.4015468790426799
87,mobilenet_orig,15,faithfulness,-0.05770204961299896
87,mobilenet_orig,15,robustness,0.7327863574028015
87,mobilenet_orig,15,complexity,0.7669296948161424
87,mobilenet_orig,16,faithfulness,0.06364405155181885
87,mobilenet_orig,16,robustness,0.721376359462738
87,mobilenet_orig,16,complexity,0.6801743686914885
87,mobilenet_orig,17,faithfulness,0.02663436532020569
87,mobilenet_orig,17,robustness,0.6442482471466064
87,mobilenet_orig,17,complexity,0.42083869739164514
87,mobilenet_orig,18,faithfulness,-0.04270259290933609
87,mobilenet_orig,18,robustness,0.5047698616981506
87,mobilenet_orig,18,complexity,0.4796753835950509
87,mobilenet_orig,19,faithfulness,0.5900382995605469
87,mobilenet_orig,19,robustness,0.4326591491699219
87,mobilenet_orig,19,complexity,0.5762268517607141
87,mobilenet_orig,20,faithfulness,-0.08073307573795319
87,mobilenet_orig,20,robustness,1.402730941772461
87,mobilenet_orig,20,complexity,0.36020229053802444
87,mobilenet_orig,21,faithfulness,0.11614565551280975
87,mobilenet_orig,21,robustness,0.6474736332893372
87,mobilenet_orig,21,complexity,0.6770686698942239
87,mobilenet_orig,22,faithfulness,0.08843991905450821
87,mobilenet_orig,22,robustness,1.0146422386169434
87,mobilenet_orig,22,complexity,0.36136386143512006
87,mobilenet_orig,23,faithfulness,-0.1127241849899292
87,mobilenet_orig,23,robustness,0.874627947807312
87,mobilenet_orig,23,complexity,0.4489649037808763
87,mobilenet_orig,24,faithfulness,-0.03538031876087189
87,mobilenet_orig,24,robustness,0.9613900184631348
87,mobilenet_orig,24,complexity,0.6293136367614128
87,mobilenet_orig,25,faithfulness,0.3119102716445923
87,mobilenet_orig,25,robustness,1.147524118423462
87,mobilenet_orig,25,complexity,0.5173306085187368
87,mobilenet_orig,26,faithfulness,0.2385985553264618
87,mobilenet_orig,26,robustness,0.8858022093772888
87,mobilenet_orig,26,complexity,0.5202696436291758
87,mobilenet_orig,27,faithfulness,0.06550269573926926
87,mobilenet_orig,27,robustness,0.6894932389259338
87,mobilenet_orig,27,complexity,0.46204202949844114
87,mobilenet_orig,28,faithfulness,0.24667426943778992
87,mobilenet_orig,28,robustness,0.9040907621383667
87,mobilenet_orig,28,complexity,0.3735892202561402
87,mobilenet_orig,29,faithfulness,-0.30536916851997375
87,mobilenet_orig,29,robustness,1.0601122379302979
87,mobilenet_orig,29,complexity,0.44133482954572256
87,mobilenet_orig,30,faithfulness,0.030853522941470146
87,mobilenet_orig,30,robustness,1.8549060821533203
87,mobilenet_orig,30,complexity,0.4814591693239175
87,mobilenet_orig,31,faithfulness,-0.3021600544452667
87,mobilenet_orig,31,robustness,0.9531103372573853
87,mobilenet_orig,31,complexity,0.5546255515075696
87,mobilenet_orig,32,faithfulness,0.03855782002210617
87,mobilenet_orig,32,robustness,0.3540760278701782
87,mobilenet_orig,32,complexity,0.546960504680962
87,mobilenet_orig,33,faithfulness,0.18987147510051727
87,mobilenet_orig,33,robustness,0.5450249910354614
87,mobilenet_orig,33,complexity,0.5382193602906686
87,mobilenet_orig,34,faithfulness,0.07173161953687668
87,mobilenet_orig,34,robustness,0.8418023586273193
87,mobilenet_orig,34,complexity,0.5922291105904696
87,mobilenet_orig,35,faithfulness,0.06442227959632874
87,mobilenet_orig,35,robustness,0.7692188024520874
87,mobilenet_orig,35,complexity,0.5556527102551393
87,mobilenet_orig,36,faithfulness,-0.021190013736486435
87,mobilenet_orig,36,robustness,0.5397483706474304
87,mobilenet_orig,36,complexity,0.5262820726120987
87,mobilenet_orig,37,faithfulness,-0.025302276015281677
87,mobilenet_orig,37,robustness,0.6061450242996216
87,mobilenet_orig,37,complexity,0.33722065775529947
87,mobilenet_orig,38,faithfulness,-0.3296312987804413
87,mobilenet_orig,38,robustness,1.3483024835586548
87,mobilenet_orig,38,complexity,0.5691979431591836
87,mobilenet_orig,39,faithfulness,-0.29758238792419434
87,mobilenet_orig,39,robustness,1.292675256729126
87,mobilenet_orig,39,complexity,0.5541195635200273
87,mobilenet_orig,40,faithfulness,0.1898905336856842
87,mobilenet_orig,40,robustness,0.7085636854171753
87,mobilenet_orig,40,complexity,0.46906749453307983
87,mobilenet_orig,41,faithfulness,0.007567562162876129
87,mobilenet_orig,41,robustness,0.48453548550605774
87,mobilenet_orig,41,complexity,0.5374888072395198
87,mobilenet_orig,42,faithfulness,0.27946707606315613
87,mobilenet_orig,42,robustness,0.7868484258651733
87,mobilenet_orig,42,complexity,0.4571470753426182
87,mobilenet_orig,43,faithfulness,0.3169386386871338
87,mobilenet_orig,43,robustness,0.6010512709617615
87,mobilenet_orig,43,complexity,0.5101419837045544
87,mobilenet_orig,44,faithfulness,0.00857977569103241
87,mobilenet_orig,44,robustness,0.6699234247207642
87,mobilenet_orig,44,complexity,0.42572033698827844
87,mobilenet_orig,45,faithfulness,0.2520304322242737
87,mobilenet_orig,45,robustness,0.609657347202301
87,mobilenet_orig,45,complexity,0.49873837895806505
87,mobilenet_orig,46,faithfulness,0.005283595994114876
87,mobilenet_orig,46,robustness,0.5733510255813599
87,mobilenet_orig,46,complexity,0.6122763763235023
87,mobilenet_orig,47,faithfulness,0.1658768653869629
87,mobilenet_orig,47,robustness,0.925701379776001
87,mobilenet_orig,47,complexity,0.49151169639832876
87,mobilenet_orig,48,faithfulness,0.4613586664199829
87,mobilenet_orig,48,robustness,0.8645613193511963
87,mobilenet_orig,48,complexity,0.4900914394061448
87,mobilenet_orig,49,faithfulness,-0.20499776303768158
87,mobilenet_orig,49,robustness,0.5958046913146973
87,mobilenet_orig,49,complexity,0.5967439375140011
87,mobilenet_orig,50,faithfulness,0.19842645525932312
87,mobilenet_orig,50,robustness,1.3616368770599365
87,mobilenet_orig,50,complexity,0.5914019891576882
87,mobilenet_orig,51,faithfulness,0.12377993762493134
87,mobilenet_orig,51,robustness,2.039031505584717
87,mobilenet_orig,51,complexity,0.7205149152150369
87,mobilenet_orig,52,faithfulness,0.0806112289428711
87,mobilenet_orig,52,robustness,0.49618637561798096
87,mobilenet_orig,52,complexity,0.6139062516312358
87,mobilenet_orig,53,faithfulness,-0.26819175481796265
87,mobilenet_orig,53,robustness,0.989111065864563
87,mobilenet_orig,53,complexity,0.5433631172862402
87,mobilenet_orig,54,faithfulness,0.0763329565525055
87,mobilenet_orig,54,robustness,0.8876766562461853
87,mobilenet_orig,54,complexity,0.5041297013493357
87,mobilenet_orig,55,faithfulness,-0.03703834116458893
87,mobilenet_orig,55,robustness,1.0246787071228027
87,mobilenet_orig,55,complexity,0.6100236059188896
87,mobilenet_orig,56,faithfulness,-0.06463929265737534
87,mobilenet_orig,56,robustness,0.7358883023262024
87,mobilenet_orig,56,complexity,0.541804717913646
87,mobilenet_orig,57,faithfulness,-0.008735515177249908
87,mobilenet_orig,57,robustness,0.9435315132141113
87,mobilenet_orig,57,complexity,0.5591116873111559
87,mobilenet_orig,58,faithfulness,-0.08375950157642365
87,mobilenet_orig,58,robustness,0.6177513599395752
87,mobilenet_orig,58,complexity,0.4683208876976028
87,mobilenet_recplot,0,faithfulness,-0.24754780530929565
87,mobilenet_recplot,0,robustness,1.0677433013916016
87,mobilenet_recplot,0,complexity,0.8231757044676535
87,mobilenet_recplot,1,faithfulness,-0.05692777782678604
87,mobilenet_recplot,1,robustness,1.0563552379608154
87,mobilenet_recplot,1,complexity,0.7530437408606075
87,mobilenet_recplot,2,faithfulness,0.2712010145187378
87,mobilenet_recplot,2,robustness,0.9991827607154846
87,mobilenet_recplot,2,complexity,0.582574702946199
87,mobilenet_recplot,3,faithfulness,0.13896095752716064
87,mobilenet_recplot,3,robustness,1.1235570907592773
87,mobilenet_recplot,3,complexity,0.73313975011717
87,mobilenet_recplot,4,faithfulness,-0.12228149175643921
87,mobilenet_recplot,4,robustness,0.9982703328132629
87,mobilenet_recplot,4,complexity,0.6579624989749814
87,mobilenet_recplot,5,faithfulness,0.4994070827960968
87,mobilenet_recplot,5,robustness,0.9997432231903076
87,mobilenet_recplot,5,complexity,0.5852886902490634
87,mobilenet_recplot,6,faithfulness,0.0028483830392360687
87,mobilenet_recplot,6,robustness,0.9976229071617126
87,mobilenet_recplot,6,complexity,0.5824050624388588
87,mobilenet_recplot,7,faithfulness,-0.2130403369665146
87,mobilenet_recplot,7,robustness,1.0004392862319946
87,mobilenet_recplot,7,complexity,0.7450572272804262
87,mobilenet_recplot,8,faithfulness,-0.2617490291595459
87,mobilenet_recplot,8,robustness,1.3626633882522583
87,mobilenet_recplot,8,complexity,0.6924946657776273
87,mobilenet_recplot,9,faithfulness,0.28798946738243103
87,mobilenet_recplot,9,robustness,1.02659273147583
87,mobilenet_recplot,9,complexity,0.5058971237957983
87,mobilenet_recplot,10,faithfulness,0.2308724820613861
87,mobilenet_recplot,10,robustness,0.9922999143600464
87,mobilenet_recplot,10,complexity,0.5630969831979573
87,mobilenet_recplot,11,faithfulness,0.05297378450632095
87,mobilenet_recplot,11,robustness,3.337484121322632
87,mobilenet_recplot,11,complexity,0.8529336996861309
87,mobilenet_recplot,12,faithfulness,-0.07581323385238647
87,mobilenet_recplot,12,robustness,1.0079150199890137
87,mobilenet_recplot,12,complexity,0.6955610662038735
87,mobilenet_recplot,13,faithfulness,0.44353944063186646
87,mobilenet_recplot,13,robustness,1.0002769231796265
87,mobilenet_recplot,13,complexity,0.669806298782683
87,mobilenet_recplot,14,faithfulness,-0.10046644508838654
87,mobilenet_recplot,14,robustness,1.0060824155807495
87,mobilenet_recplot,14,complexity,0.6966995404308381
87,mobilenet_recplot,15,faithfulness,0.2495778501033783
87,mobilenet_recplot,15,robustness,1.0339620113372803
87,mobilenet_recplot,15,complexity,0.8222955823873446
87,mobilenet_recplot,16,faithfulness,-0.058361317962408066
87,mobilenet_recplot,16,robustness,0.9945184588432312
87,mobilenet_recplot,16,complexity,0.6400612945303963
87,mobilenet_recplot,17,faithfulness,0.3612281382083893
87,mobilenet_recplot,17,robustness,0.9974685311317444
87,mobilenet_recplot,17,complexity,0.6688686075696234
87,mobilenet_recplot,18,faithfulness,0.07388769090175629
87,mobilenet_recplot,18,robustness,0.9889161586761475
87,mobilenet_recplot,18,complexity,0.6486470510315598
87,mobilenet_recplot,19,faithfulness,-0.012622393667697906
87,mobilenet_recplot,19,robustness,0.9123635292053223
87,mobilenet_recplot,19,complexity,0.6286804549199312
87,mobilenet_recplot,20,faithfulness,0.06061083823442459
87,mobilenet_recplot,20,robustness,0.968646228313446
87,mobilenet_recplot,20,complexity,0.5443464637182526
87,mobilenet_recplot,21,faithfulness,0.14336587488651276
87,mobilenet_recplot,21,robustness,0.9755499958992004
87,mobilenet_recplot,21,complexity,0.610588052145457
87,mobilenet_recplot,22,faithfulness,0.38247233629226685
87,mobilenet_recplot,22,robustness,0.9882408976554871
87,mobilenet_recplot,22,complexity,0.47709558313817463
87,mobilenet_recplot,23,faithfulness,0.6225368976593018
87,mobilenet_recplot,23,robustness,0.9960010051727295
87,mobilenet_recplot,23,complexity,0.7551434232538655
87,mobilenet_recplot,24,faithfulness,-0.07450217008590698
87,mobilenet_recplot,24,robustness,1.285914659500122
87,mobilenet_recplot,24,complexity,0.5728254684222212
87,mobilenet_recplot,25,faithfulness,0.06977269053459167
87,mobilenet_recplot,25,robustness,1.0868946313858032
87,mobilenet_recplot,25,complexity,0.6018706782344959
87,mobilenet_recplot,26,faithfulness,-0.10712142288684845
87,mobilenet_recplot,26,robustness,0.9668934345245361
87,mobilenet_recplot,26,complexity,0.5622004623571251
87,mobilenet_recplot,27,faithfulness,0.18388667702674866
87,mobilenet_recplot,27,robustness,0.9273622632026672
87,mobilenet_recplot,27,complexity,0.685431755451985
87,mobilenet_recplot,28,faithfulness,0.0038940049707889557
87,mobilenet_recplot,28,robustness,0.9557155966758728
87,mobilenet_recplot,28,complexity,0.4974321831290121
87,mobilenet_recplot,29,faithfulness,0.22234803438186646
87,mobilenet_recplot,29,robustness,0.9429326057434082
87,mobilenet_recplot,29,complexity,0.5265592901577747
87,mobilenet_recplot,30,faithfulness,-0.17801614105701447
87,mobilenet_recplot,30,robustness,1.0392144918441772
87,mobilenet_recplot,30,complexity,0.5894768701472234
87,mobilenet_recplot,31,faithfulness,-0.2957530915737152
87,mobilenet_recplot,31,robustness,1.040259838104248
87,mobilenet_recplot,31,complexity,0.5700669247453292
87,mobilenet_recplot,32,faithfulness,-0.114778071641922
87,mobilenet_recplot,32,robustness,1.3049166202545166
87,mobilenet_recplot,32,complexity,0.5862705605164467
87,mobilenet_recplot,33,faithfulness,0.24649740755558014
87,mobilenet_recplot,33,robustness,1.0624665021896362
87,mobilenet_recplot,33,complexity,0.5333438503544855
87,mobilenet_recplot,34,faithfulness,0.16758911311626434
87,mobilenet_recplot,34,robustness,1.5132110118865967
87,mobilenet_recplot,34,complexity,0.49715854968556905
87,mobilenet_recplot,35,faithfulness,-0.15488862991333008
87,mobilenet_recplot,35,robustness,0.925850510597229
87,mobilenet_recplot,35,complexity,0.4685812834694766
87,mobilenet_recplot,36,faithfulness,-0.0842302069067955
87,mobilenet_recplot,36,robustness,4.566312789916992
87,mobilenet_recplot,36,complexity,0.7945417366678361
87,mobilenet_recplot,37,faithfulness,0.07041748613119125
87,mobilenet_recplot,37,robustness,0.965640664100647
87,mobilenet_recplot,37,complexity,0.43789316178007376
87,mobilenet_recplot,38,faithfulness,0.0681694746017456
87,mobilenet_recplot,38,robustness,0.9408334493637085
87,mobilenet_recplot,38,complexity,0.4944558857024237
87,mobilenet_recplot,39,faithfulness,0.021239183843135834
87,mobilenet_recplot,39,robustness,0.9973269701004028
87,mobilenet_recplot,39,complexity,0.6077859372572233
87,mobilenet_recplot,40,faithfulness,-0.028643593192100525
87,mobilenet_recplot,40,robustness,0.9686033129692078
87,mobilenet_recplot,40,complexity,0.6658557959783572
87,mobilenet_recplot,41,faithfulness,
87,mobilenet_recplot,41,robustness,inf
87,mobilenet_recplot,41,complexity,0.0
87,mobilenet_recplot,42,faithfulness,-0.06301268190145493
87,mobilenet_recplot,42,robustness,0.9847023487091064
87,mobilenet_recplot,42,complexity,0.42008156924201834
87,mobilenet_recplot,43,faithfulness,0.43116921186447144
87,mobilenet_recplot,43,robustness,0.9879406094551086
87,mobilenet_recplot,43,complexity,0.6766652620586703
87,mobilenet_recplot,44,faithfulness,0.230929434299469
87,mobilenet_recplot,44,robustness,0.9621269106864929
87,mobilenet_recplot,44,complexity,0.5387016894744018
87,mobilenet_recplot,45,faithfulness,0.07484772056341171
87,mobilenet_recplot,45,robustness,0.9875637292861938
87,mobilenet_recplot,45,complexity,0.5995503830421738
87,mobilenet_recplot,46,faithfulness,-0.37225499749183655
87,mobilenet_recplot,46,robustness,0.9778765439987183
87,mobilenet_recplot,46,complexity,0.5548859724803337
87,mobilenet_recplot,47,faithfulness,0.3135676383972168
87,mobilenet_recplot,47,robustness,0.9994359016418457
87,mobilenet_recplot,47,complexity,0.4634647445605736
87,mobilenet_recplot,48,faithfulness,0.27422603964805603
87,mobilenet_recplot,48,robustness,1.363555908203125
87,mobilenet_recplot,48,complexity,0.5771289191995629
87,mobilenet_recplot,49,faithfulness,-0.0657818391919136
87,mobilenet_recplot,49,robustness,35.22038269042969
87,mobilenet_recplot,49,complexity,0.9729395095059962
87,mobilenet_recplot,50,faithfulness,0.09814441204071045
87,mobilenet_recplot,50,robustness,0.9903982877731323
87,mobilenet_recplot,50,complexity,0.5810764097792805
87,mobilenet_recplot,51,faithfulness,-0.13855654001235962
87,mobilenet_recplot,51,robustness,0.9938042163848877
87,mobilenet_recplot,51,complexity,0.5029180593421223
87,mobilenet_recplot,52,faithfulness,0.16551223397254944
87,mobilenet_recplot,52,robustness,0.9695628881454468
87,mobilenet_recplot,52,complexity,0.5939886742117223
87,mobilenet_recplot,53,faithfulness,0.10079985857009888
87,mobilenet_recplot,53,robustness,0.9930937886238098
87,mobilenet_recplot,53,complexity,0.4137648631986205
87,mobilenet_recplot,54,faithfulness,0.22994688153266907
87,mobilenet_recplot,54,robustness,0.9916197061538696
87,mobilenet_recplot,54,complexity,0.3905926157415346
87,mobilenet_recplot,55,faithfulness,0.31004711985588074
87,mobilenet_recplot,55,robustness,1.075110912322998
87,mobilenet_recplot,55,complexity,0.6635639027592343
87,mobilenet_recplot,56,faithfulness,0.1015237420797348
87,mobilenet_recplot,56,robustness,0.9969913363456726
87,mobilenet_recplot,56,complexity,0.5330436957893356
87,mobilenet_recplot,57,faithfulness,-0.21118198335170746
87,mobilenet_recplot,57,robustness,0.9975084662437439
87,mobilenet_recplot,57,complexity,0.7667183343182516
87,mobilenet_recplot,58,faithfulness,0.14852473139762878
87,mobilenet_recplot,58,robustness,1.0359828472137451
87,mobilenet_recplot,58,complexity,0.7299381356251196
87,effnet_orig,0,faithfulness,0.027111433446407318
87,effnet_orig,0,robustness,0.5865547060966492
87,effnet_orig,0,complexity,0.5160552558390173
87,effnet_orig,1,faithfulness,-0.01958971470594406
87,effnet_orig,1,robustness,1.0613300800323486
87,effnet_orig,1,complexity,0.5643527302354295
87,effnet_orig,2,faithfulness,-0.08071671426296234
87,effnet_orig,2,robustness,0.5379747748374939
87,effnet_orig,2,complexity,0.5123596808762871
87,effnet_orig,3,faithfulness,0.1758277714252472
87,effnet_orig,3,robustness,2.9633355140686035
87,effnet_orig,3,complexity,0.40323361674007574
87,effnet_orig,4,faithfulness,-0.03391335904598236
87,effnet_orig,4,robustness,1.1825186014175415
87,effnet_orig,4,complexity,0.2474630677140646
87,effnet_orig,5,faithfulness,0.07868056744337082
87,effnet_orig,5,robustness,0.4549776613712311
87,effnet_orig,5,complexity,0.36890175418591675
87,effnet_orig,6,faithfulness,0.09043610841035843
87,effnet_orig,6,robustness,0.7286434769630432
87,effnet_orig,6,complexity,0.3631772775749623
87,effnet_orig,7,faithfulness,-0.09143128246068954
87,effnet_orig,7,robustness,0.602327823638916
87,effnet_orig,7,complexity,0.49265768247865654
87,effnet_orig,8,faithfulness,0.19900846481323242
87,effnet_orig,8,robustness,5.733067512512207
87,effnet_orig,8,complexity,0.6325150277442334
87,effnet_orig,9,faithfulness,0.19823259115219116
87,effnet_orig,9,robustness,2.021939992904663
87,effnet_orig,9,complexity,0.43008227938394533
87,effnet_orig,10,faithfulness,-0.1791023164987564
87,effnet_orig,10,robustness,0.4842355251312256
87,effnet_orig,10,complexity,0.5083376639678097
87,effnet_orig,11,faithfulness,0.3591928780078888
87,effnet_orig,11,robustness,0.49085506796836853
87,effnet_orig,11,complexity,0.5217993166875708
87,effnet_orig,12,faithfulness,0.29231929779052734
87,effnet_orig,12,robustness,0.8966084718704224
87,effnet_orig,12,complexity,0.4691689565933392
87,effnet_orig,13,faithfulness,-0.29517972469329834
87,effnet_orig,13,robustness,0.7262062430381775
87,effnet_orig,13,complexity,0.3796844996653158
87,effnet_orig,14,faithfulness,-0.3459269404411316
87,effnet_orig,14,robustness,0.4780495762825012
87,effnet_orig,14,complexity,0.33264715739141004
87,effnet_orig,15,faithfulness,-0.02692941017448902
87,effnet_orig,15,robustness,3.040440082550049
87,effnet_orig,15,complexity,0.4204188746243347
87,effnet_orig,16,faithfulness,-0.1734740287065506
87,effnet_orig,16,robustness,0.7904500961303711
87,effnet_orig,16,complexity,0.45685959438118984
87,effnet_orig,17,faithfulness,0.07664891332387924
87,effnet_orig,17,robustness,0.3667707145214081
87,effnet_orig,17,complexity,0.3814100842420771
87,effnet_orig,18,faithfulness,0.023827314376831055
87,effnet_orig,18,robustness,0.8632321953773499
87,effnet_orig,18,complexity,0.512065841975187
87,effnet_orig,19,faithfulness,0.20532487332820892
87,effnet_orig,19,robustness,0.8912703990936279
87,effnet_orig,19,complexity,0.42379199994257294
87,effnet_orig,20,faithfulness,0.29065316915512085
87,effnet_orig,20,robustness,0.9319501519203186
87,effnet_orig,20,complexity,0.39201680964597524
87,effnet_orig,21,faithfulness,0.07167603820562363
87,effnet_orig,21,robustness,2.4244089126586914
87,effnet_orig,21,complexity,0.6198326278898147
87,effnet_orig,22,faithfulness,0.16648073494434357
87,effnet_orig,22,robustness,1.1119568347930908
87,effnet_orig,22,complexity,0.44253879341532437
87,effnet_orig,23,faithfulness,-0.3862413763999939
87,effnet_orig,23,robustness,0.7086041569709778
87,effnet_orig,23,complexity,0.6484166602458811
87,effnet_orig,24,faithfulness,-0.0971340611577034
87,effnet_orig,24,robustness,2.3226816654205322
87,effnet_orig,24,complexity,0.6698023019745206
87,effnet_orig,25,faithfulness,-0.2670575976371765
87,effnet_orig,25,robustness,1.7763935327529907
87,effnet_orig,25,complexity,0.49723046453707104
87,effnet_orig,26,faithfulness,0.21748661994934082
87,effnet_orig,26,robustness,2.0299770832061768
87,effnet_orig,26,complexity,0.6581522027780808
87,effnet_orig,27,faithfulness,0.09703026711940765
87,effnet_orig,27,robustness,2.2210237979888916
87,effnet_orig,27,complexity,0.67005682798976
87,effnet_orig,28,faithfulness,-0.02274695411324501
87,effnet_orig,28,robustness,1.8356246948242188
87,effnet_orig,28,complexity,0.5166357092124064
87,effnet_orig,29,faithfulness,-0.003430604934692383
87,effnet_orig,29,robustness,1.069785237312317
87,effnet_orig,29,complexity,0.6099533287914286
87,effnet_orig,30,faithfulness,-0.29954126477241516
87,effnet_orig,30,robustness,1.5529333353042603
87,effnet_orig,30,complexity,0.7769577410982311
87,effnet_orig,31,faithfulness,-0.07134344428777695
87,effnet_orig,31,robustness,1.810080885887146
87,effnet_orig,31,complexity,0.5154918403808003
87,effnet_orig,32,faithfulness,0.06326625496149063
87,effnet_orig,32,robustness,2.115539312362671
87,effnet_orig,32,complexity,0.6490280599484078
87,effnet_orig,33,faithfulness,0.20901350677013397
87,effnet_orig,33,robustness,0.5550253391265869
87,effnet_orig,33,complexity,0.821930175844001
87,effnet_orig,34,faithfulness,0.26622116565704346
87,effnet_orig,34,robustness,1.4666694402694702
87,effnet_orig,34,complexity,0.5013071190521375
87,effnet_orig,35,faithfulness,0.36284810304641724
87,effnet_orig,35,robustness,1.9626755714416504
87,effnet_orig,35,complexity,0.682568672026881
87,effnet_orig,36,faithfulness,-0.17124506831169128
87,effnet_orig,36,robustness,0.5539124608039856
87,effnet_orig,36,complexity,0.5299987998946314
87,effnet_orig,37,faithfulness,-0.056892890483140945
87,effnet_orig,37,robustness,1.2443006038665771
87,effnet_orig,37,complexity,0.5317035464858665
87,effnet_orig,38,faithfulness,0.20584112405776978
87,effnet_orig,38,robustness,1.8446072340011597
87,effnet_orig,38,complexity,0.535065685812286
87,effnet_orig,39,faithfulness,-0.02814137190580368
87,effnet_orig,39,robustness,0.9951201677322388
87,effnet_orig,39,complexity,0.5940787907260264
87,effnet_orig,40,faithfulness,-0.07821657508611679
87,effnet_orig,40,robustness,1.1164984703063965
87,effnet_orig,40,complexity,0.37879390540823615
87,effnet_orig,41,faithfulness,-0.13703952729701996
87,effnet_orig,41,robustness,1.210541009902954
87,effnet_orig,41,complexity,0.5313801434291341
87,effnet_orig,42,faithfulness,0.1803821623325348
87,effnet_orig,42,robustness,0.7842894196510315
87,effnet_orig,42,complexity,0.47127806131734046
87,effnet_orig,43,faithfulness,0.021090202033519745
87,effnet_orig,43,robustness,1.0271656513214111
87,effnet_orig,43,complexity,0.5885773403265206
87,effnet_orig,44,faithfulness,-0.10782236605882645
87,effnet_orig,44,robustness,1.0343843698501587
87,effnet_orig,44,complexity,0.48521866287239007
87,effnet_orig,45,faithfulness,-0.12770941853523254
87,effnet_orig,45,robustness,1.250118613243103
87,effnet_orig,45,complexity,0.4422905506412929
87,effnet_orig,46,faithfulness,0.07778440415859222
87,effnet_orig,46,robustness,1.488831877708435
87,effnet_orig,46,complexity,0.5001236504289372
87,effnet_orig,47,faithfulness,0.5187027454376221
87,effnet_orig,47,robustness,0.6385220885276794
87,effnet_orig,47,complexity,0.41367829403368395
87,effnet_orig,48,faithfulness,0.044059962034225464
87,effnet_orig,48,robustness,0.654016375541687
87,effnet_orig,48,complexity,0.41442932830989565
87,effnet_orig,49,faithfulness,-0.11481073498725891
87,effnet_orig,49,robustness,0.8408209085464478
87,effnet_orig,49,complexity,0.3763564157798413
87,effnet_orig,50,faithfulness,-0.2065926492214203
87,effnet_orig,50,robustness,0.6986712217330933
87,effnet_orig,50,complexity,0.3333031825805728
87,effnet_orig,51,faithfulness,-0.27320748567581177
87,effnet_orig,51,robustness,1.2128154039382935
87,effnet_orig,51,complexity,0.4944609941796115
87,effnet_orig,52,faithfulness,-0.08336807787418365
87,effnet_orig,52,robustness,0.5448409914970398
87,effnet_orig,52,complexity,0.5102688646709295
87,effnet_orig,53,faithfulness,-0.3239179849624634
87,effnet_orig,53,robustness,3.3598361015319824
87,effnet_orig,53,complexity,0.6175659501294616
87,effnet_orig,54,faithfulness,-0.29936182498931885
87,effnet_orig,54,robustness,0.9126757383346558
87,effnet_orig,54,complexity,0.49849289621944776
87,effnet_orig,55,faithfulness,0.024126775562763214
87,effnet_orig,55,robustness,0.9194850325584412
87,effnet_orig,55,complexity,0.5121819272650511
87,effnet_orig,56,faithfulness,0.2400648295879364
87,effnet_orig,56,robustness,0.8177288174629211
87,effnet_orig,56,complexity,0.311837555810384
87,effnet_orig,57,faithfulness,0.3260672986507416
87,effnet_orig,57,robustness,0.5718827843666077
87,effnet_orig,57,complexity,0.5497890272173871
87,effnet_orig,58,faithfulness,0.3116598129272461
87,effnet_orig,58,robustness,0.7166969776153564
87,effnet_orig,58,complexity,0.21865109482694792
87,effnet_recplot,0,faithfulness,0.03390966355800629
87,effnet_recplot,0,robustness,1.253198504447937
87,effnet_recplot,0,complexity,0.6959674965137873
87,effnet_recplot,1,faithfulness,0.031667448580265045
87,effnet_recplot,1,robustness,1.5466238260269165
87,effnet_recplot,1,complexity,0.5865624834635066
87,effnet_recplot,2,faithfulness,0.22838032245635986
87,effnet_recplot,2,robustness,1.0
87,effnet_recplot,2,complexity,0.7408932613359765
87,effnet_recplot,3,faithfulness,0.15760579705238342
87,effnet_recplot,3,robustness,1.0636558532714844
87,effnet_recplot,3,complexity,0.5915991719120329
87,effnet_recplot,4,faithfulness,-0.15633532404899597
87,effnet_recplot,4,robustness,1.0
87,effnet_recplot,4,complexity,0.6223043643207355
87,effnet_recplot,5,faithfulness,-0.001382574439048767
87,effnet_recplot,5,robustness,1.0
87,effnet_recplot,5,complexity,0.5016001994236735
87,effnet_recplot,6,faithfulness,-0.2808052897453308
87,effnet_recplot,6,robustness,1.0
87,effnet_recplot,6,complexity,0.5623691781375799
87,effnet_recplot,7,faithfulness,0.07310192286968231
87,effnet_recplot,7,robustness,1.381019949913025
87,effnet_recplot,7,complexity,0.8835500461604104
87,effnet_recplot,8,faithfulness,0.47070956230163574
87,effnet_recplot,8,robustness,1.0
87,effnet_recplot,8,complexity,0.4891059048940383
87,effnet_recplot,9,faithfulness,-0.0506121963262558
87,effnet_recplot,9,robustness,1.0
87,effnet_recplot,9,complexity,0.37850457597114906
87,effnet_recplot,10,faithfulness,-0.19185297191143036
87,effnet_recplot,10,robustness,1.0
87,effnet_recplot,10,complexity,0.5373357401115612
87,effnet_recplot,11,faithfulness,-0.04585496336221695
87,effnet_recplot,11,robustness,5.405023097991943
87,effnet_recplot,11,complexity,0.7099916077081319
87,effnet_recplot,12,faithfulness,-0.027416225522756577
87,effnet_recplot,12,robustness,1.001226544380188
87,effnet_recplot,12,complexity,0.8297350854075415
87,effnet_recplot,13,faithfulness,0.04680565744638443
87,effnet_recplot,13,robustness,1.0
87,effnet_recplot,13,complexity,0.9202887554727673
87,effnet_recplot,14,faithfulness,0.3121972978115082
87,effnet_recplot,14,robustness,1.0
87,effnet_recplot,14,complexity,0.7048147237081684
87,effnet_recplot,15,faithfulness,-0.15129569172859192
87,effnet_recplot,15,robustness,2.819209337234497
87,effnet_recplot,15,complexity,0.6580668573423201
87,effnet_recplot,16,faithfulness,-0.19250501692295074
87,effnet_recplot,16,robustness,1.0
87,effnet_recplot,16,complexity,0.4536067871755479
87,effnet_recplot,17,faithfulness,-0.07033431529998779
87,effnet_recplot,17,robustness,1.0
87,effnet_recplot,17,complexity,0.5374750898438875
87,effnet_recplot,18,faithfulness,-0.03937115892767906
87,effnet_recplot,18,robustness,1.1064786911010742
87,effnet_recplot,18,complexity,0.7657037512777879
87,effnet_recplot,19,faithfulness,0.17007534205913544
87,effnet_recplot,19,robustness,1.6944725513458252
87,effnet_recplot,19,complexity,0.6480566227502889
87,effnet_recplot,20,faithfulness,0.2560974657535553
87,effnet_recplot,20,robustness,1.2466299533843994
87,effnet_recplot,20,complexity,0.687287135570364
87,effnet_recplot,21,faithfulness,0.08632440865039825
87,effnet_recplot,21,robustness,3.6710920333862305
87,effnet_recplot,21,complexity,0.31871310611441006
87,effnet_recplot,22,faithfulness,-0.46091824769973755
87,effnet_recplot,22,robustness,3.2037389278411865
87,effnet_recplot,22,complexity,0.33902055496334915
87,effnet_recplot,23,faithfulness,0.27264776825904846
87,effnet_recplot,23,robustness,3.3347926139831543
87,effnet_recplot,23,complexity,0.6739699731625671
87,effnet_recplot,24,faithfulness,0.22233062982559204
87,effnet_recplot,24,robustness,3.066408634185791
87,effnet_recplot,24,complexity,0.7539703566381023
87,effnet_recplot,25,faithfulness,-0.254921555519104
87,effnet_recplot,25,robustness,3.2114107608795166
87,effnet_recplot,25,complexity,0.7869994265937376
87,effnet_recplot,26,faithfulness,-0.1855096071958542
87,effnet_recplot,26,robustness,3.9861669540405273
87,effnet_recplot,26,complexity,0.7322068773371215
87,effnet_recplot,27,faithfulness,0.05290713906288147
87,effnet_recplot,27,robustness,2.341815948486328
87,effnet_recplot,27,complexity,0.8005817981547427
87,effnet_recplot,28,faithfulness,0.40830862522125244
87,effnet_recplot,28,robustness,0.9632895588874817
87,effnet_recplot,28,complexity,0.2562734435665628
87,effnet_recplot,29,faithfulness,-0.12039295583963394
87,effnet_recplot,29,robustness,1.8378510475158691
87,effnet_recplot,29,complexity,0.6688553930477
87,effnet_recplot,30,faithfulness,0.2497718632221222
87,effnet_recplot,30,robustness,3.8248372077941895
87,effnet_recplot,30,complexity,0.7898209620135164
87,effnet_recplot,31,faithfulness,-0.03876733034849167
87,effnet_recplot,31,robustness,1.1449806690216064
87,effnet_recplot,31,complexity,0.7626122073548433
87,effnet_recplot,32,faithfulness,-0.4986419081687927
87,effnet_recplot,32,robustness,1.1052069664001465
87,effnet_recplot,32,complexity,0.7265557287122588
87,effnet_recplot,33,faithfulness,-0.13267220556735992
87,effnet_recplot,33,robustness,1.0000019073486328
87,effnet_recplot,33,complexity,0.7729738238183168
87,effnet_recplot,34,faithfulness,-0.03395037725567818
87,effnet_recplot,34,robustness,2.363459348678589
87,effnet_recplot,34,complexity,0.7912086616838506
87,effnet_recplot,35,faithfulness,-0.14583764970302582
87,effnet_recplot,35,robustness,1.571853518486023
87,effnet_recplot,35,complexity,0.7463191191366372
87,effnet_recplot,36,faithfulness,0.37554073333740234
87,effnet_recplot,36,robustness,186.4375762939453
87,effnet_recplot,36,complexity,0.9483862889590761
87,effnet_recplot,37,faithfulness,0.05707312747836113
87,effnet_recplot,37,robustness,0.9771777987480164
87,effnet_recplot,37,complexity,0.6079603917188476
87,effnet_recplot,38,faithfulness,0.15626132488250732
87,effnet_recplot,38,robustness,3.9409983158111572
87,effnet_recplot,38,complexity,0.7002652475225392
87,effnet_recplot,39,faithfulness,0.1053173765540123
87,effnet_recplot,39,robustness,1.5187256336212158
87,effnet_recplot,39,complexity,0.68181551801022
87,effnet_recplot,40,faithfulness,-0.15869344770908356
87,effnet_recplot,40,robustness,2.636948585510254
87,effnet_recplot,40,complexity,0.7084510882445677
87,effnet_recplot,41,faithfulness,0.4333783984184265
87,effnet_recplot,41,robustness,342.7759094238281
87,effnet_recplot,41,complexity,0.9474343222481906
87,effnet_recplot,42,faithfulness,0.19979113340377808
87,effnet_recplot,42,robustness,0.9976344108581543
87,effnet_recplot,42,complexity,0.40200889218372854
87,effnet_recplot,43,faithfulness,0.09304464608430862
87,effnet_recplot,43,robustness,6.738446235656738
87,effnet_recplot,43,complexity,0.7274429567023865
87,effnet_recplot,44,faithfulness,0.07238645851612091
87,effnet_recplot,44,robustness,0.9858129024505615
87,effnet_recplot,44,complexity,0.3643865013339694
87,effnet_recplot,45,faithfulness,0.02555505931377411
87,effnet_recplot,45,robustness,7.03048849105835
87,effnet_recplot,45,complexity,0.6459690054804402
87,effnet_recplot,46,faithfulness,-0.05102181434631348
87,effnet_recplot,46,robustness,0.9987330436706543
87,effnet_recplot,46,complexity,0.387493697094518
87,effnet_recplot,47,faithfulness,0.19047752022743225
87,effnet_recplot,47,robustness,1.0
87,effnet_recplot,47,complexity,0.3424060598269267
87,effnet_recplot,48,faithfulness,-0.1729620397090912
87,effnet_recplot,48,robustness,1.0
87,effnet_recplot,48,complexity,0.3315218803788786
87,effnet_recplot,49,faithfulness,0.09258867800235748
87,effnet_recplot,49,robustness,1.2817797660827637
87,effnet_recplot,49,complexity,0.6384347162242305
87,effnet_recplot,50,faithfulness,-0.038425788283348083
87,effnet_recplot,50,robustness,1.0
87,effnet_recplot,50,complexity,0.6035765987039382
87,effnet_recplot,51,faithfulness,0.07789754867553711
87,effnet_recplot,51,robustness,1.0
87,effnet_recplot,51,complexity,0.46467526311941804
87,effnet_recplot,52,faithfulness,0.08103188872337341
87,effnet_recplot,52,robustness,1.0
87,effnet_recplot,52,complexity,0.40819866558308116
87,effnet_recplot,53,faithfulness,0.029048018157482147
87,effnet_recplot,53,robustness,1.0
87,effnet_recplot,53,complexity,0.5188124758943503
87,effnet_recplot,54,faithfulness,-0.17407767474651337
87,effnet_recplot,54,robustness,1.0
87,effnet_recplot,54,complexity,0.37070495814107945
87,effnet_recplot,55,faithfulness,0.5076757669448853
87,effnet_recplot,55,robustness,1.0
87,effnet_recplot,55,complexity,0.6333505731851119
87,effnet_recplot,56,faithfulness,-0.08286062628030777
87,effnet_recplot,56,robustness,1.0
87,effnet_recplot,56,complexity,0.35491791006301787
87,effnet_recplot,57,faithfulness,0.5043200254440308
87,effnet_recplot,57,robustness,1.0
87,effnet_recplot,57,complexity,0.46952202648071784
87,effnet_recplot,58,faithfulness,0.14549808204174042
87,effnet_recplot,58,robustness,1.0
87,effnet_recplot,58,complexity,0.6829525869945882
93,mobilenet_orig,0,faithfulness,-0.12902557849884033
93,mobilenet_orig,0,robustness,1.1607269048690796
93,mobilenet_orig,0,complexity,0.5964317547805895
93,mobilenet_orig,1,faithfulness,-0.16220897436141968
93,mobilenet_orig,1,robustness,3.2174313068389893
93,mobilenet_orig,1,complexity,0.659287313427026
93,mobilenet_orig,2,faithfulness,0.26069074869155884
93,mobilenet_orig,2,robustness,1.5797569751739502
93,mobilenet_orig,2,complexity,0.5918062222923685
93,mobilenet_orig,3,faithfulness,0.27614766359329224
93,mobilenet_orig,3,robustness,0.806545078754425
93,mobilenet_orig,3,complexity,0.6580871386627322
93,mobilenet_orig,4,faithfulness,0.4451352655887604
93,mobilenet_orig,4,robustness,0.7949295043945312
93,mobilenet_orig,4,complexity,0.4380307323295459
93,mobilenet_orig,5,faithfulness,0.0035945475101470947
93,mobilenet_orig,5,robustness,0.658359944820404
93,mobilenet_orig,5,complexity,0.5662128125740318
93,mobilenet_orig,6,faithfulness,0.0018465891480445862
93,mobilenet_orig,6,robustness,0.6494461297988892
93,mobilenet_orig,6,complexity,0.4561677348929032
93,mobilenet_orig,7,faithfulness,0.20319341123104095
93,mobilenet_orig,7,robustness,1.355828881263733
93,mobilenet_orig,7,complexity,0.6371971231750222
93,mobilenet_orig,8,faithfulness,0.13282029330730438
93,mobilenet_orig,8,robustness,0.8313219547271729
93,mobilenet_orig,8,complexity,0.6845913699182925
93,mobilenet_orig,9,faithfulness,-0.07741168141365051
93,mobilenet_orig,9,robustness,1.7957682609558105
93,mobilenet_orig,9,complexity,0.5387974390294384
93,mobilenet_orig,10,faithfulness,0.025804463773965836
93,mobilenet_orig,10,robustness,0.7834892868995667
93,mobilenet_orig,10,complexity,0.594097192812243
93,mobilenet_orig,11,faithfulness,0.15204234421253204
93,mobilenet_orig,11,robustness,0.8956159353256226
93,mobilenet_orig,11,complexity,0.7776792705971468
93,mobilenet_orig,12,faithfulness,-0.1536881923675537
93,mobilenet_orig,12,robustness,0.815772294998169
93,mobilenet_orig,12,complexity,0.6161087104707091
93,mobilenet_orig,13,faithfulness,-0.22491873800754547
93,mobilenet_orig,13,robustness,0.7545367479324341
93,mobilenet_orig,13,complexity,0.5742323042919744
93,mobilenet_orig,14,faithfulness,0.1389007866382599
93,mobilenet_orig,14,robustness,0.6212632060050964
93,mobilenet_orig,14,complexity,0.3859799040882939
93,mobilenet_orig,15,faithfulness,0.034720852971076965
93,mobilenet_orig,15,robustness,3.967641830444336
93,mobilenet_orig,15,complexity,0.609210732910131
93,mobilenet_orig,16,faithfulness,-0.2053888440132141
93,mobilenet_orig,16,robustness,1.091413974761963
93,mobilenet_orig,16,complexity,0.7097649382941263
93,mobilenet_orig,17,faithfulness,0.2021513134241104
93,mobilenet_orig,17,robustness,0.8175805807113647
93,mobilenet_orig,17,complexity,0.4356701161956602
93,mobilenet_orig,18,faithfulness,0.08692499995231628
93,mobilenet_orig,18,robustness,0.4761373996734619
93,mobilenet_orig,18,complexity,0.5101339238783394
93,mobilenet_orig,19,faithfulness,0.2731345295906067
93,mobilenet_orig,19,robustness,0.32734909653663635
93,mobilenet_orig,19,complexity,0.5420933401893268
93,mobilenet_orig,20,faithfulness,0.3344328701496124
93,mobilenet_orig,20,robustness,1.2168020009994507
93,mobilenet_orig,20,complexity,0.4470771708065929
93,mobilenet_orig,21,faithfulness,0.1603889763355255
93,mobilenet_orig,21,robustness,1.0743534564971924
93,mobilenet_orig,21,complexity,0.7564665874275908
93,mobilenet_orig,22,faithfulness,-0.22244206070899963
93,mobilenet_orig,22,robustness,0.9477865099906921
93,mobilenet_orig,22,complexity,0.4589118841977751
93,mobilenet_orig,23,faithfulness,0.08846180140972137
93,mobilenet_orig,23,robustness,0.9416409730911255
93,mobilenet_orig,23,complexity,0.4637628818934641
93,mobilenet_orig,24,faithfulness,-0.018743574619293213
93,mobilenet_orig,24,robustness,1.33272385597229
93,mobilenet_orig,24,complexity,0.5897383999007083
93,mobilenet_orig,25,faithfulness,-0.11276945471763611
93,mobilenet_orig,25,robustness,0.7159813046455383
93,mobilenet_orig,25,complexity,0.5034875185180168
93,mobilenet_orig,26,faithfulness,-0.19232234358787537
93,mobilenet_orig,26,robustness,0.8549390435218811
93,mobilenet_orig,26,complexity,0.5757711266055959
93,mobilenet_orig,27,faithfulness,0.3651588559150696
93,mobilenet_orig,27,robustness,1.0711076259613037
93,mobilenet_orig,27,complexity,0.4974719333435474
93,mobilenet_orig,28,faithfulness,-0.02137231081724167
93,mobilenet_orig,28,robustness,1.020233392715454
93,mobilenet_orig,28,complexity,0.519545626194235
93,mobilenet_orig,29,faithfulness,0.12762664258480072
93,mobilenet_orig,29,robustness,0.9818039536476135
93,mobilenet_orig,29,complexity,0.3875293719285826
93,mobilenet_orig,30,faithfulness,0.024482667446136475
93,mobilenet_orig,30,robustness,0.876530647277832
93,mobilenet_orig,30,complexity,0.5289468658131328
93,mobilenet_orig,31,faithfulness,-0.3141326308250427
93,mobilenet_orig,31,robustness,0.6434183120727539
93,mobilenet_orig,31,complexity,0.5549489994436372
93,mobilenet_orig,32,faithfulness,-0.12361922860145569
93,mobilenet_orig,32,robustness,0.618250846862793
93,mobilenet_orig,32,complexity,0.5344914019945661
93,mobilenet_orig,33,faithfulness,0.20555663108825684
93,mobilenet_orig,33,robustness,0.6249010562896729
93,mobilenet_orig,33,complexity,0.49891438209190064
93,mobilenet_orig,34,faithfulness,0.3064611256122589
93,mobilenet_orig,34,robustness,0.4951179027557373
93,mobilenet_orig,34,complexity,0.5775620821061125
93,mobilenet_orig,35,faithfulness,-0.24247370660305023
93,mobilenet_orig,35,robustness,0.9207965135574341
93,mobilenet_orig,35,complexity,0.6093879456586742
93,mobilenet_orig,36,faithfulness,0.04148086905479431
93,mobilenet_orig,36,robustness,0.3673653304576874
93,mobilenet_orig,36,complexity,0.5226752327212109
93,mobilenet_orig,37,faithfulness,0.04422641918063164
93,mobilenet_orig,37,robustness,0.5515727996826172
93,mobilenet_orig,37,complexity,0.49172927214385487
93,mobilenet_orig,38,faithfulness,0.09441100060939789
93,mobilenet_orig,38,robustness,0.7688367366790771
93,mobilenet_orig,38,complexity,0.5165841120055151
93,mobilenet_orig,39,faithfulness,0.011723078787326813
93,mobilenet_orig,39,robustness,1.1379518508911133
93,mobilenet_orig,39,complexity,0.5652244898921757
93,mobilenet_orig,40,faithfulness,0.11131887137889862
93,mobilenet_orig,40,robustness,0.7600142359733582
93,mobilenet_orig,40,complexity,0.4965816328732821
93,mobilenet_orig,41,faithfulness,0.11627154052257538
93,mobilenet_orig,41,robustness,0.41947996616363525
93,mobilenet_orig,41,complexity,0.4982948773179905
93,mobilenet_orig,42,faithfulness,0.3156958222389221
93,mobilenet_orig,42,robustness,0.7547213435173035
93,mobilenet_orig,42,complexity,0.5700123007633803
93,mobilenet_orig,43,faithfulness,0.3952527642250061
93,mobilenet_orig,43,robustness,0.7333149909973145
93,mobilenet_orig,43,complexity,0.48614780548065195
93,mobilenet_orig,44,faithfulness,-0.32964327931404114
93,mobilenet_orig,44,robustness,0.7050766348838806
93,mobilenet_orig,44,complexity,0.5092438582770575
93,mobilenet_orig,45,faithfulness,0.19309505820274353
93,mobilenet_orig,45,robustness,0.562038242816925
93,mobilenet_orig,45,complexity,0.5280546830161504
93,mobilenet_orig,46,faithfulness,-0.08395059406757355
93,mobilenet_orig,46,robustness,0.5942562222480774
93,mobilenet_orig,46,complexity,0.59978955776026
93,mobilenet_orig,47,faithfulness,0.21697458624839783
93,mobilenet_orig,47,robustness,0.9906156063079834
93,mobilenet_orig,47,complexity,0.48835434875610995
93,mobilenet_orig,48,faithfulness,0.24836911261081696
93,mobilenet_orig,48,robustness,0.9930583238601685
93,mobilenet_orig,48,complexity,0.5404831151780312
93,mobilenet_orig,49,faithfulness,0.08104341477155685
93,mobilenet_orig,49,robustness,0.6341785788536072
93,mobilenet_orig,49,complexity,0.5825166042206
93,mobilenet_orig,50,faithfulness,0.3338201940059662
93,mobilenet_orig,50,robustness,0.8106985688209534
93,mobilenet_orig,50,complexity,0.5751213372235211
93,mobilenet_orig,51,faithfulness,0.07760928571224213
93,mobilenet_orig,51,robustness,0.9573410153388977
93,mobilenet_orig,51,complexity,0.6549608016703224
93,mobilenet_orig,52,faithfulness,0.38672149181365967
93,mobilenet_orig,52,robustness,0.7906962037086487
93,mobilenet_orig,52,complexity,0.6468491373377959
93,mobilenet_orig,53,faithfulness,0.06830693781375885
93,mobilenet_orig,53,robustness,0.99725741147995
93,mobilenet_orig,53,complexity,0.5723024931696605
93,mobilenet_orig,54,faithfulness,0.1208055317401886
93,mobilenet_orig,54,robustness,0.6598668694496155
93,mobilenet_orig,54,complexity,0.5677502408484555
93,mobilenet_orig,55,faithfulness,0.2615283131599426
93,mobilenet_orig,55,robustness,0.9907462000846863
93,mobilenet_orig,55,complexity,0.5462983722704172
93,mobilenet_orig,56,faithfulness,-0.05719505250453949
93,mobilenet_orig,56,robustness,0.6222980618476868
93,mobilenet_orig,56,complexity,0.5344189114370899
93,mobilenet_orig,57,faithfulness,-0.06492171436548233
93,mobilenet_orig,57,robustness,1.3944085836410522
93,mobilenet_orig,57,complexity,0.6030622353203129
93,mobilenet_orig,58,faithfulness,-0.3160451650619507
93,mobilenet_orig,58,robustness,0.44822946190834045
93,mobilenet_orig,58,complexity,0.434399748236041
93,mobilenet_recplot,0,faithfulness,0.2979702949523926
93,mobilenet_recplot,0,robustness,2.573330879211426
93,mobilenet_recplot,0,complexity,0.6627313897039528
93,mobilenet_recplot,1,faithfulness,0.11186496913433075
93,mobilenet_recplot,1,robustness,5.838761806488037
93,mobilenet_recplot,1,complexity,0.8364104017591706
93,mobilenet_recplot,2,faithfulness,0.4117790758609772
93,mobilenet_recplot,2,robustness,2.7077574729919434
93,mobilenet_recplot,2,complexity,0.6692428581294476
93,mobilenet_recplot,3,faithfulness,0.07349295169115067
93,mobilenet_recplot,3,robustness,0.9164197444915771
93,mobilenet_recplot,3,complexity,0.627237768376284
93,mobilenet_recplot,4,faithfulness,-0.01266855001449585
93,mobilenet_recplot,4,robustness,0.9858331084251404
93,mobilenet_recplot,4,complexity,0.6554082100899381
93,mobilenet_recplot,5,faithfulness,0.03193437680602074
93,mobilenet_recplot,5,robustness,0.9921565055847168
93,mobilenet_recplot,5,complexity,0.6720947735141399
93,mobilenet_recplot,6,faithfulness,0.31379181146621704
93,mobilenet_recplot,6,robustness,0.9886030554771423
93,mobilenet_recplot,6,complexity,0.6414458886367815
93,mobilenet_recplot,7,faithfulness,0.0755077376961708
93,mobilenet_recplot,7,robustness,9.114221572875977
93,mobilenet_recplot,7,complexity,0.855876600951666
93,mobilenet_recplot,8,faithfulness,0.1502651870250702
93,mobilenet_recplot,8,robustness,0.9370612502098083
93,mobilenet_recplot,8,complexity,0.5585916377734745
93,mobilenet_recplot,9,faithfulness,0.08200903981924057
93,mobilenet_recplot,9,robustness,1.0554560422897339
93,mobilenet_recplot,9,complexity,0.5763666315617351
93,mobilenet_recplot,10,faithfulness,0.014573361724615097
93,mobilenet_recplot,10,robustness,0.9864174723625183
93,mobilenet_recplot,10,complexity,0.6012966593885317
93,mobilenet_recplot,11,faithfulness,0.22849240899085999
93,mobilenet_recplot,11,robustness,8.090895652770996
93,mobilenet_recplot,11,complexity,0.7923588374214559
93,mobilenet_recplot,12,faithfulness,0.04767971485853195
93,mobilenet_recplot,12,robustness,1.0020959377288818
93,mobilenet_recplot,12,complexity,0.6754625686433785
93,mobilenet_recplot,13,faithfulness,-0.03675471991300583
93,mobilenet_recplot,13,robustness,0.9472821354866028
93,mobilenet_recplot,13,complexity,0.5687448180601469
93,mobilenet_recplot,14,faithfulness,0.23769152164459229
93,mobilenet_recplot,14,robustness,1.4559143781661987
93,mobilenet_recplot,14,complexity,0.7658852103852246
93,mobilenet_recplot,15,faithfulness,0.14019498229026794
93,mobilenet_recplot,15,robustness,41.61725997924805
93,mobilenet_recplot,15,complexity,0.8830412465119604
93,mobilenet_recplot,16,faithfulness,0.016217075288295746
93,mobilenet_recplot,16,robustness,0.8027070164680481
93,mobilenet_recplot,16,complexity,0.7136365333853868
93,mobilenet_recplot,17,faithfulness,0.28257283568382263
93,mobilenet_recplot,17,robustness,1.0227714776992798
93,mobilenet_recplot,17,complexity,0.6264694179917816
93,mobilenet_recplot,18,faithfulness,-0.18422964215278625
93,mobilenet_recplot,18,robustness,0.9991748929023743
93,mobilenet_recplot,18,complexity,0.6851727695018376
93,mobilenet_recplot,19,faithfulness,0.32322657108306885
93,mobilenet_recplot,19,robustness,1.0001474618911743
93,mobilenet_recplot,19,complexity,0.6683658067419848
93,mobilenet_recplot,20,faithfulness,0.2603035271167755
93,mobilenet_recplot,20,robustness,0.9987444877624512
93,mobilenet_recplot,20,complexity,0.6021745998966292
93,mobilenet_recplot,21,faithfulness,-0.27379879355430603
93,mobilenet_recplot,21,robustness,0.99589604139328
93,mobilenet_recplot,21,complexity,0.5676920742889326
93,mobilenet_recplot,22,faithfulness,-0.05704754963517189
93,mobilenet_recplot,22,robustness,1.0020297765731812
93,mobilenet_recplot,22,complexity,0.6749707266886976
93,mobilenet_recplot,23,faithfulness,0.26477116346359253
93,mobilenet_recplot,23,robustness,1.5648270845413208
93,mobilenet_recplot,23,complexity,0.8089107928164544
93,mobilenet_recplot,24,faithfulness,0.012578818947076797
93,mobilenet_recplot,24,robustness,0.9925497770309448
93,mobilenet_recplot,24,complexity,0.6073176310859837
93,mobilenet_recplot,25,faithfulness,0.2636319696903229
93,mobilenet_recplot,25,robustness,0.9990149736404419
93,mobilenet_recplot,25,complexity,0.5537926734423183
93,mobilenet_recplot,26,faithfulness,-0.035031549632549286
93,mobilenet_recplot,26,robustness,0.989406168460846
93,mobilenet_recplot,26,complexity,0.5691918545673511
93,mobilenet_recplot,27,faithfulness,-0.01220368966460228
93,mobilenet_recplot,27,robustness,1.0008031129837036
93,mobilenet_recplot,27,complexity,0.6692424890345675
93,mobilenet_recplot,28,faithfulness,0.25871390104293823
93,mobilenet_recplot,28,robustness,0.9455589652061462
93,mobilenet_recplot,28,complexity,0.49182011945067566
93,mobilenet_recplot,29,faithfulness,0.060802385210990906
93,mobilenet_recplot,29,robustness,0.9997555017471313
93,mobilenet_recplot,29,complexity,0.6187971442818716
93,mobilenet_recplot,30,faithfulness,-0.1070910394191742
93,mobilenet_recplot,30,robustness,1.0002423524856567
93,mobilenet_recplot,30,complexity,0.578799564870764
93,mobilenet_recplot,31,faithfulness,-0.11563239991664886
93,mobilenet_recplot,31,robustness,0.9966661930084229
93,mobilenet_recplot,31,complexity,0.5292277894197371
93,mobilenet_recplot,32,faithfulness,0.04028958082199097
93,mobilenet_recplot,32,robustness,0.9918096661567688
93,mobilenet_recplot,32,complexity,0.5698415506711789
93,mobilenet_recplot,33,faithfulness,-0.4717130959033966
93,mobilenet_recplot,33,robustness,1.0198321342468262
93,mobilenet_recplot,33,complexity,0.6231959097645147
93,mobilenet_recplot,34,faithfulness,0.524985671043396
93,mobilenet_recplot,34,robustness,0.9998016357421875
93,mobilenet_recplot,34,complexity,0.6358137063905176
93,mobilenet_recplot,35,faithfulness,0.05743300914764404
93,mobilenet_recplot,35,robustness,0.9954918026924133
93,mobilenet_recplot,35,complexity,0.6044456792072814
93,mobilenet_recplot,36,faithfulness,-0.05859597027301788
93,mobilenet_recplot,36,robustness,118.41385650634766
93,mobilenet_recplot,36,complexity,0.9529022011524204
93,mobilenet_recplot,37,faithfulness,-0.06331252306699753
93,mobilenet_recplot,37,robustness,0.9976949095726013
93,mobilenet_recplot,37,complexity,0.43405465752781186
93,mobilenet_recplot,38,faithfulness,-0.06218516081571579
93,mobilenet_recplot,38,robustness,0.9992915987968445
93,mobilenet_recplot,38,complexity,0.6221661928937428
93,mobilenet_recplot,39,faithfulness,0.23729732632637024
93,mobilenet_recplot,39,robustness,1.5650814771652222
93,mobilenet_recplot,39,complexity,0.6542818188788416
93,mobilenet_recplot,40,faithfulness,-0.18689018487930298
93,mobilenet_recplot,40,robustness,0.9966853260993958
93,mobilenet_recplot,40,complexity,0.6386084835914884
93,mobilenet_recplot,41,faithfulness,
93,mobilenet_recplot,41,robustness,inf
93,mobilenet_recplot,41,complexity,0.0
93,mobilenet_recplot,42,faithfulness,0.3617097735404968
93,mobilenet_recplot,42,robustness,0.9949698448181152
93,mobilenet_recplot,42,complexity,0.5861192872504966
93,mobilenet_recplot,43,faithfulness,0.24067232012748718
93,mobilenet_recplot,43,robustness,0.9994391798973083
93,mobilenet_recplot,43,complexity,0.6258063900103222
93,mobilenet_recplot,44,faithfulness,0.06617242097854614
93,mobilenet_recplot,44,robustness,0.996013879776001
93,mobilenet_recplot,44,complexity,0.5619865160696438
93,mobilenet_recplot,45,faithfulness,-0.09017730504274368
93,mobilenet_recplot,45,robustness,1.200665831565857
93,mobilenet_recplot,45,complexity,0.6004022916703966
93,mobilenet_recplot,46,faithfulness,0.4197344183921814
93,mobilenet_recplot,46,robustness,0.996197521686554
93,mobilenet_recplot,46,complexity,0.6147656847114606
93,mobilenet_recplot,47,faithfulness,0.2641363739967346
93,mobilenet_recplot,47,robustness,1.4102251529693604
93,mobilenet_recplot,47,complexity,0.5094513451625091
93,mobilenet_recplot,48,faithfulness,-0.09217493236064911
93,mobilenet_recplot,48,robustness,1.2020313739776611
93,mobilenet_recplot,48,complexity,0.537158396224906
93,mobilenet_recplot,49,faithfulness,0.12811076641082764
93,mobilenet_recplot,49,robustness,44.32090377807617
93,mobilenet_recplot,49,complexity,0.8994560265487557
93,mobilenet_recplot,50,faithfulness,0.14707760512828827
93,mobilenet_recplot,50,robustness,0.9991347193717957
93,mobilenet_recplot,50,complexity,0.5884359400191054
93,mobilenet_recplot,51,faithfulness,0.0029921233654022217
93,mobilenet_recplot,51,robustness,1.0
93,mobilenet_recplot,51,complexity,0.499101126964577
93,mobilenet_recplot,52,faithfulness,-0.07456646859645844
93,mobilenet_recplot,52,robustness,1.0272499322891235
93,mobilenet_recplot,52,complexity,0.6766813024202872
93,mobilenet_recplot,53,faithfulness,0.03441016376018524
93,mobilenet_recplot,53,robustness,0.9990302324295044
93,mobilenet_recplot,53,complexity,0.4370944275999322
93,mobilenet_recplot,54,faithfulness,0.18420898914337158
93,mobilenet_recplot,54,robustness,0.9969425201416016
93,mobilenet_recplot,54,complexity,0.4140251282855809
93,mobilenet_recplot,55,faithfulness,0.2889462113380432
93,mobilenet_recplot,55,robustness,1.0551165342330933
93,mobilenet_recplot,55,complexity,0.6560310125108286
93,mobilenet_recplot,56,faithfulness,0.2986264228820801
93,mobilenet_recplot,56,robustness,0.9971107840538025
93,mobilenet_recplot,56,complexity,0.5290422669637822
93,mobilenet_recplot,57,faithfulness,0.1910216510295868
93,mobilenet_recplot,57,robustness,1.8753734827041626
93,mobilenet_recplot,57,complexity,0.76236690030211
93,mobilenet_recplot,58,faithfulness,0.11050603538751602
93,mobilenet_recplot,58,robustness,1.0
93,mobilenet_recplot,58,complexity,0.5768157589801649
93,effnet_orig,0,faithfulness,-0.1377963274717331
93,effnet_orig,0,robustness,0.9490756988525391
93,effnet_orig,0,complexity,0.3909567920496736
93,effnet_orig,1,faithfulness,0.1057305783033371
93,effnet_orig,1,robustness,0.9227604866027832
93,effnet_orig,1,complexity,0.4597089960080117
93,effnet_orig,2,faithfulness,0.13727129995822906
93,effnet_orig,2,robustness,0.9843128323554993
93,effnet_orig,2,complexity,0.562358138791376
93,effnet_orig,3,faithfulness,0.14046955108642578
93,effnet_orig,3,robustness,0.8550906777381897
93,effnet_orig,3,complexity,0.6490437897135589
93,effnet_orig,4,faithfulness,0.09234994649887085
93,effnet_orig,4,robustness,0.49469444155693054
93,effnet_orig,4,complexity,0.26672702876595644
93,effnet_orig,5,faithfulness,0.13239318132400513
93,effnet_orig,5,robustness,0.7446585297584534
93,effnet_orig,5,complexity,0.3780140062571477
93,effnet_orig,6,faithfulness,-0.3419647216796875
93,effnet_orig,6,robustness,0.6638593077659607
93,effnet_orig,6,complexity,0.38240337921138606
93,effnet_orig,7,faithfulness,0.22465252876281738
93,effnet_orig,7,robustness,0.7840619087219238
93,effnet_orig,7,complexity,0.5226560638807723
93,effnet_orig,8,faithfulness,0.31251275539398193
93,effnet_orig,8,robustness,0.6867265701293945
93,effnet_orig,8,complexity,0.5565530756958769
93,effnet_orig,9,faithfulness,-0.09654049575328827
93,effnet_orig,9,robustness,0.8685449361801147
93,effnet_orig,9,complexity,0.42753941680746643
93,effnet_orig,10,faithfulness,0.07094701379537582
93,effnet_orig,10,robustness,0.7048932313919067
93,effnet_orig,10,complexity,0.5425129123607143
93,effnet_orig,11,faithfulness,-0.18344621360301971
93,effnet_orig,11,robustness,0.5546259880065918
93,effnet_orig,11,complexity,0.3742317347075306
93,effnet_orig,12,faithfulness,0.005749925971031189
93,effnet_orig,12,robustness,0.8337578773498535
93,effnet_orig,12,complexity,0.4235636706005478
93,effnet_orig,13,faithfulness,0.25029656291007996
93,effnet_orig,13,robustness,0.6968002915382385
93,effnet_orig,13,complexity,0.4042232851306606
93,effnet_orig,14,faithfulness,0.09161318838596344
93,effnet_orig,14,robustness,0.5856539011001587
93,effnet_orig,14,complexity,0.3140725784678885
93,effnet_orig,15,faithfulness,0.04220966249704361
93,effnet_orig,15,robustness,0.7162193655967712
93,effnet_orig,15,complexity,0.4429546200674193
93,effnet_orig,16,faithfulness,0.05942402780056
93,effnet_orig,16,robustness,0.7984140515327454
93,effnet_orig,16,complexity,0.4572890288818359
93,effnet_orig,17,faithfulness,0.26287221908569336
93,effnet_orig,17,robustness,0.7240718007087708
93,effnet_orig,17,complexity,0.4090091760247379
93,effnet_orig,18,faithfulness,-0.03194742649793625
93,effnet_orig,18,robustness,0.6246461272239685
93,effnet_orig,18,complexity,0.397716997860102
93,effnet_orig,19,faithfulness,0.20132198929786682
93,effnet_orig,19,robustness,0.4666576385498047
93,effnet_orig,19,complexity,0.4991785201576236
93,effnet_orig,20,faithfulness,-0.11056558787822723
93,effnet_orig,20,robustness,0.5938575863838196
93,effnet_orig,20,complexity,0.41682555198976706
93,effnet_orig,21,faithfulness,0.11125493049621582
93,effnet_orig,21,robustness,0.8858662843704224
93,effnet_orig,21,complexity,0.7488130389650623
93,effnet_orig,22,faithfulness,0.2071969211101532
93,effnet_orig,22,robustness,0.6104114055633545
93,effnet_orig,22,complexity,0.5608468778848884
93,effnet_orig,23,faithfulness,0.04628662392497063
93,effnet_orig,23,robustness,0.5044080018997192
93,effnet_orig,23,complexity,0.5645737839830669
93,effnet_orig,24,faithfulness,0.14313797652721405
93,effnet_orig,24,robustness,0.32708555459976196
93,effnet_orig,24,complexity,0.6977682406480094
93,effnet_orig,25,faithfulness,0.23039719462394714
93,effnet_orig,25,robustness,0.4228455722332001
93,effnet_orig,25,complexity,0.47183749010342296
93,effnet_orig,26,faithfulness,0.5210714340209961
93,effnet_orig,26,robustness,0.43945878744125366
93,effnet_orig,26,complexity,0.4635399495533348
93,effnet_orig,27,faithfulness,-0.24156597256660461
93,effnet_orig,27,robustness,0.45170676708221436
93,effnet_orig,27,complexity,0.5264358899851812
93,effnet_orig,28,faithfulness,0.1543804109096527
93,effnet_orig,28,robustness,0.7660340070724487
93,effnet_orig,28,complexity,0.3995174357267794
93,effnet_orig,29,faithfulness,0.21347635984420776
93,effnet_orig,29,robustness,0.5089132785797119
93,effnet_orig,29,complexity,0.37337963666729057
93,effnet_orig,30,faithfulness,0.32910749316215515
93,effnet_orig,30,robustness,0.5315578579902649
93,effnet_orig,30,complexity,0.4862132858147847
93,effnet_orig,31,faithfulness,0.21966052055358887
93,effnet_orig,31,robustness,1.2460981607437134
93,effnet_orig,31,complexity,0.4888238588689313
93,effnet_orig,32,faithfulness,0.051619961857795715
93,effnet_orig,32,robustness,0.6213263869285583
93,effnet_orig,32,complexity,0.641336141482547
93,effnet_orig,33,faithfulness,-0.023538336157798767
93,effnet_orig,33,robustness,0.8136204481124878
93,effnet_orig,33,complexity,0.6430604790012249
93,effnet_orig,34,faithfulness,-0.1715720295906067
93,effnet_orig,34,robustness,0.6242760419845581
93,effnet_orig,34,complexity,0.39983608385189556
93,effnet_orig,35,faithfulness,0.08301694691181183
93,effnet_orig,35,robustness,0.39603617787361145
93,effnet_orig,35,complexity,0.44203583494391074
93,effnet_orig,36,faithfulness,-0.1520581841468811
93,effnet_orig,36,robustness,0.7707319855690002
93,effnet_orig,36,complexity,0.3894843084242054
93,effnet_orig,37,faithfulness,0.14966973662376404
93,effnet_orig,37,robustness,1.6057802438735962
93,effnet_orig,37,complexity,0.7033107154362521
93,effnet_orig,38,faithfulness,0.164571613073349
93,effnet_orig,38,robustness,1.0158536434173584
93,effnet_orig,38,complexity,0.4535129121702266
93,effnet_orig,39,faithfulness,-0.47978532314300537
93,effnet_orig,39,robustness,0.8562002182006836
93,effnet_orig,39,complexity,0.5145967417287617
93,effnet_orig,40,faithfulness,0.1483709216117859
93,effnet_orig,40,robustness,0.5809272527694702
93,effnet_orig,40,complexity,0.48126378091285993
93,effnet_orig,41,faithfulness,-0.3504343628883362
93,effnet_orig,41,robustness,0.6635808348655701
93,effnet_orig,41,complexity,0.4222160736009605
93,effnet_orig,42,faithfulness,0.10669827461242676
93,effnet_orig,42,robustness,0.5700174570083618
93,effnet_orig,42,complexity,0.4249439798233504
93,effnet_orig,43,faithfulness,0.021791573613882065
93,effnet_orig,43,robustness,0.6272006630897522
93,effnet_orig,43,complexity,0.5731019340012845
93,effnet_orig,44,faithfulness,-0.016903623938560486
93,effnet_orig,44,robustness,0.558122992515564
93,effnet_orig,44,complexity,0.48784207931624424
93,effnet_orig,45,faithfulness,-0.09275238960981369
93,effnet_orig,45,robustness,0.9043555855751038
93,effnet_orig,45,complexity,0.48095627961400117
93,effnet_orig,46,faithfulness,-0.2512779235839844
93,effnet_orig,46,robustness,0.5870463848114014
93,effnet_orig,46,complexity,0.5308657171056613
93,effnet_orig,47,faithfulness,0.27561983466148376
93,effnet_orig,47,robustness,0.5330062508583069
93,effnet_orig,47,complexity,0.3513114510658461
93,effnet_orig,48,faithfulness,0.12641236186027527
93,effnet_orig,48,robustness,0.5444397926330566
93,effnet_orig,48,complexity,0.282925003585687
93,effnet_orig,49,faithfulness,-0.23597373068332672
93,effnet_orig,49,robustness,0.5024164915084839
93,effnet_orig,49,complexity,0.42377648882374147
93,effnet_orig,50,faithfulness,-0.19720131158828735
93,effnet_orig,50,robustness,0.4069429636001587
93,effnet_orig,50,complexity,0.3804423350115545
93,effnet_orig,51,faithfulness,-0.32213395833969116
93,effnet_orig,51,robustness,0.4739722013473511
93,effnet_orig,51,complexity,0.44754748139234596
93,effnet_orig,52,faithfulness,0.2505163550376892
93,effnet_orig,52,robustness,0.9595399498939514
93,effnet_orig,52,complexity,0.5012629470415431
93,effnet_orig,53,faithfulness,0.062063343822956085
93,effnet_orig,53,robustness,0.621660053730011
93,effnet_orig,53,complexity,0.21039971586975303
93,effnet_orig,54,faithfulness,0.11150117218494415
93,effnet_orig,54,robustness,0.6368588805198669
93,effnet_orig,54,complexity,0.1999814502008062
93,effnet_orig,55,faithfulness,0.11927253007888794
93,effnet_orig,55,robustness,0.6553142666816711
93,effnet_orig,55,complexity,0.27717493336548793
93,effnet_orig,56,faithfulness,0.2442369908094406
93,effnet_orig,56,robustness,0.4475836455821991
93,effnet_orig,56,complexity,0.3263952008524949
93,effnet_orig,57,faithfulness,-0.1607726812362671
93,effnet_orig,57,robustness,0.4961453974246979
93,effnet_orig,57,complexity,0.47895910498381805
93,effnet_orig,58,faithfulness,0.11403357237577438
93,effnet_orig,58,robustness,0.37625691294670105
93,effnet_orig,58,complexity,0.3713754268418998
93,effnet_recplot,0,faithfulness,0.10006383061408997
93,effnet_recplot,0,robustness,1.7425196170806885
93,effnet_recplot,0,complexity,0.7053683428468241
93,effnet_recplot,1,faithfulness,0.38014575839042664
93,effnet_recplot,1,robustness,4.382160186767578
93,effnet_recplot,1,complexity,0.7406196860337995
93,effnet_recplot,2,faithfulness,-0.021265104413032532
93,effnet_recplot,2,robustness,1.3025234937667847
93,effnet_recplot,2,complexity,0.6736404652548407
93,effnet_recplot,3,faithfulness,0.37216511368751526
93,effnet_recplot,3,robustness,13.312676429748535
93,effnet_recplot,3,complexity,0.7128543189214528
93,effnet_recplot,4,faithfulness,-0.10879619419574738
93,effnet_recplot,4,robustness,1.0
93,effnet_recplot,4,complexity,0.6264516457321644
93,effnet_recplot,5,faithfulness,0.48922374844551086
93,effnet_recplot,5,robustness,1.0
93,effnet_recplot,5,complexity,0.5831190627121484
93,effnet_recplot,6,faithfulness,-0.2415286898612976
93,effnet_recplot,6,robustness,1.0
93,effnet_recplot,6,complexity,0.5624466546747625
93,effnet_recplot,7,faithfulness,-0.09225467592477798
93,effnet_recplot,7,robustness,16.168617248535156
93,effnet_recplot,7,complexity,0.8018894213392039
93,effnet_recplot,8,faithfulness,-0.29987719655036926
93,effnet_recplot,8,robustness,1.4528706073760986
93,effnet_recplot,8,complexity,0.5598193913963966
93,effnet_recplot,9,faithfulness,-0.19645005464553833
93,effnet_recplot,9,robustness,1.2984306812286377
93,effnet_recplot,9,complexity,0.6086214830211866
93,effnet_recplot,10,faithfulness,0.16725173592567444
93,effnet_recplot,10,robustness,1.0
93,effnet_recplot,10,complexity,0.5326961987166793
93,effnet_recplot,11,faithfulness,-0.11198660731315613
93,effnet_recplot,11,robustness,14.3786039352417
93,effnet_recplot,11,complexity,0.8522149163512341
93,effnet_recplot,12,faithfulness,0.24797329306602478
93,effnet_recplot,12,robustness,1.5742765665054321
93,effnet_recplot,12,complexity,0.5833044292509266
93,effnet_recplot,13,faithfulness,0.254391610622406
93,effnet_recplot,13,robustness,1.0
93,effnet_recplot,13,complexity,0.5781180880185004
93,effnet_recplot,14,faithfulness,0.5546098947525024
93,effnet_recplot,14,robustness,1.0583398342132568
93,effnet_recplot,14,complexity,0.76873535558
93,effnet_recplot,15,faithfulness,-0.13925665616989136
93,effnet_recplot,15,robustness,5.438080787658691
93,effnet_recplot,15,complexity,0.8904130473235422
93,effnet_recplot,16,faithfulness,0.10137785226106644
93,effnet_recplot,16,robustness,1.4117310047149658
93,effnet_recplot,16,complexity,0.7715968487106831
93,effnet_recplot,17,faithfulness,0.21168085932731628
93,effnet_recplot,17,robustness,1.0
93,effnet_recplot,17,complexity,0.6549111001691149
93,effnet_recplot,18,faithfulness,0.14599862694740295
93,effnet_recplot,18,robustness,3.9169695377349854
93,effnet_recplot,18,complexity,0.702876380540307
93,effnet_recplot,19,faithfulness,-0.09743936359882355
93,effnet_recplot,19,robustness,0.9870299100875854
93,effnet_recplot,19,complexity,0.582127661457797
93,effnet_recplot,20,faithfulness,0.041297927498817444
93,effnet_recplot,20,robustness,7.475714206695557
93,effnet_recplot,20,complexity,0.47432948732662883
93,effnet_recplot,21,faithfulness,0.2412528395652771
93,effnet_recplot,21,robustness,4.01355504989624
93,effnet_recplot,21,complexity,0.4586608422536985
93,effnet_recplot,22,faithfulness,0.20586341619491577
93,effnet_recplot,22,robustness,0.9359785914421082
93,effnet_recplot,22,complexity,0.2795224666880394
93,effnet_recplot,23,faithfulness,0.1876208335161209
93,effnet_recplot,23,robustness,8.605830192565918
93,effnet_recplot,23,complexity,0.9432046224158214
93,effnet_recplot,24,faithfulness,-0.04336343705654144
93,effnet_recplot,24,robustness,3.660627603530884
93,effnet_recplot,24,complexity,0.5812754667940337
93,effnet_recplot,25,faithfulness,0.1772058755159378
93,effnet_recplot,25,robustness,1.7134568691253662
93,effnet_recplot,25,complexity,0.6437375514750836
93,effnet_recplot,26,faithfulness,0.3050636351108551
93,effnet_recplot,26,robustness,11.21129322052002
93,effnet_recplot,26,complexity,0.6899041353087004
93,effnet_recplot,27,faithfulness,0.4345972239971161
93,effnet_recplot,27,robustness,5.0692901611328125
93,effnet_recplot,27,complexity,0.8428770477466968
93,effnet_recplot,28,faithfulness,-0.07189200818538666
93,effnet_recplot,28,robustness,0.7892366647720337
93,effnet_recplot,28,complexity,0.29012605256579693
93,effnet_recplot,29,faithfulness,-0.23617646098136902
93,effnet_recplot,29,robustness,5.594013690948486
93,effnet_recplot,29,complexity,0.3727407625216506
93,effnet_recplot,30,faithfulness,0.3202207684516907
93,effnet_recplot,30,robustness,2.832958459854126
93,effnet_recplot,30,complexity,0.6682775985317966
93,effnet_recplot,31,faithfulness,0.2659655213356018
93,effnet_recplot,31,robustness,0.9839181303977966
93,effnet_recplot,31,complexity,0.718128396051798
93,effnet_recplot,32,faithfulness,0.4401775598526001
93,effnet_recplot,32,robustness,4.462165832519531
93,effnet_recplot,32,complexity,0.733423313426747
93,effnet_recplot,33,faithfulness,0.24532672762870789
93,effnet_recplot,33,robustness,2.899312734603882
93,effnet_recplot,33,complexity,0.6300379395624992
93,effnet_recplot,34,faithfulness,0.019399218261241913
93,effnet_recplot,34,robustness,4.446825981140137
93,effnet_recplot,34,complexity,0.7653533325906406
93,effnet_recplot,35,faithfulness,0.3031677007675171
93,effnet_recplot,35,robustness,2.90810227394104
93,effnet_recplot,35,complexity,0.73971092202276
93,effnet_recplot,36,faithfulness,
93,effnet_recplot,36,robustness,inf
93,effnet_recplot,36,complexity,0.0
93,effnet_recplot,37,faithfulness,0.3248482346534729
93,effnet_recplot,37,robustness,1.0010864734649658
93,effnet_recplot,37,complexity,0.628700097332945
93,effnet_recplot,38,faithfulness,0.17857512831687927
93,effnet_recplot,38,robustness,4.563794136047363
93,effnet_recplot,38,complexity,0.7057298063441357
93,effnet_recplot,39,faithfulness,0.3024097979068756
93,effnet_recplot,39,robustness,13.047991752624512
93,effnet_recplot,39,complexity,0.7905160345788139
93,effnet_recplot,40,faithfulness,-0.20044656097888947
93,effnet_recplot,40,robustness,2.721651554107666
93,effnet_recplot,40,complexity,0.45228531277553125
93,effnet_recplot,41,faithfulness,
93,effnet_recplot,41,robustness,inf
93,effnet_recplot,41,complexity,0.0
93,effnet_recplot,42,faithfulness,-0.11947064846754074
93,effnet_recplot,42,robustness,1.1059505939483643
93,effnet_recplot,42,complexity,0.30862215143912397
93,effnet_recplot,43,faithfulness,-0.11714325100183487
93,effnet_recplot,43,robustness,16.106184005737305
93,effnet_recplot,43,complexity,0.7611742745519694
93,effnet_recplot,44,faithfulness,0.2605215907096863
93,effnet_recplot,44,robustness,4.402481555938721
93,effnet_recplot,44,complexity,0.25539343196758096
93,effnet_recplot,45,faithfulness,0.21869713068008423
93,effnet_recplot,45,robustness,10.126082420349121
93,effnet_recplot,45,complexity,0.5753655422553522
93,effnet_recplot,46,faithfulness,0.3343406617641449
93,effnet_recplot,46,robustness,2.7787551879882812
93,effnet_recplot,46,complexity,0.45679018754368816
93,effnet_recplot,47,faithfulness,-0.09926051646471024
93,effnet_recplot,47,robustness,1.0
93,effnet_recplot,47,complexity,0.3208412094270114
93,effnet_recplot,48,faithfulness,0.14210914075374603
93,effnet_recplot,48,robustness,1.0
93,effnet_recplot,48,complexity,0.32861548093861165
93,effnet_recplot,49,faithfulness,-0.05129159241914749
93,effnet_recplot,49,robustness,1.0
93,effnet_recplot,49,complexity,0.757450339319507
93,effnet_recplot,50,faithfulness,0.02970467135310173
93,effnet_recplot,50,robustness,1.0
93,effnet_recplot,50,complexity,0.4277009026024349
93,effnet_recplot,51,faithfulness,-0.020856931805610657
93,effnet_recplot,51,robustness,1.0
93,effnet_recplot,51,complexity,0.5099826924844721
93,effnet_recplot,52,faithfulness,0.033707551658153534
93,effnet_recplot,52,robustness,1.0
93,effnet_recplot,52,complexity,0.344774615008871
93,effnet_recplot,53,faithfulness,-0.1089673638343811
93,effnet_recplot,53,robustness,1.0
93,effnet_recplot,53,complexity,0.497953146665827
93,effnet_recplot,54,faithfulness,-0.042050138115882874
93,effnet_recplot,54,robustness,1.0
93,effnet_recplot,54,complexity,0.33958070085095154
93,effnet_recplot,55,faithfulness,-0.2069185972213745
93,effnet_recplot,55,robustness,1.0
93,effnet_recplot,55,complexity,0.43503637575271303
93,effnet_recplot,56,faithfulness,0.11681721359491348
93,effnet_recplot,56,robustness,1.0
93,effnet_recplot,56,complexity,0.29528935549664836
93,effnet_recplot,57,faithfulness,0.20473983883857727
93,effnet_recplot,57,robustness,1.0
93,effnet_recplot,57,complexity,0.577145551001571
93,effnet_recplot,58,faithfulness,0.21125274896621704
93,effnet_recplot,58,robustness,1.0
93,effnet_recplot,58,complexity,0.3878983282022008
107,mobilenet_orig,0,faithfulness,0.11456236243247986
107,mobilenet_orig,0,robustness,0.9010940790176392
107,mobilenet_orig,0,complexity,0.7558007441195069
107,mobilenet_orig,1,faithfulness,-0.09585655480623245
107,mobilenet_orig,1,robustness,1.7463289499282837
107,mobilenet_orig,1,complexity,0.781804290820849
107,mobilenet_orig,2,faithfulness,0.07236351817846298
107,mobilenet_orig,2,robustness,1.351528525352478
107,mobilenet_orig,2,complexity,0.8155984812727218
107,mobilenet_orig,3,faithfulness,0.22655266523361206
107,mobilenet_orig,3,robustness,0.9828094840049744
107,mobilenet_orig,3,complexity,0.6978317569144447
107,mobilenet_orig,4,faithfulness,0.0606139600276947
107,mobilenet_orig,4,robustness,0.6821537613868713
107,mobilenet_orig,4,complexity,0.41778959481166705
107,mobilenet_orig,5,faithfulness,0.21003051102161407
107,mobilenet_orig,5,robustness,0.707291305065155
107,mobilenet_orig,5,complexity,0.5984980223063419
107,mobilenet_orig,6,faithfulness,-0.14854012429714203
107,mobilenet_orig,6,robustness,0.7905836701393127
107,mobilenet_orig,6,complexity,0.4634318229055831
107,mobilenet_orig,7,faithfulness,-0.11056160926818848
107,mobilenet_orig,7,robustness,4.017940998077393
107,mobilenet_orig,7,complexity,0.8558130674601859
107,mobilenet_orig,8,faithfulness,0.2946792542934418
107,mobilenet_orig,8,robustness,2.1221225261688232
107,mobilenet_orig,8,complexity,0.6269824754835303
107,mobilenet_orig,9,faithfulness,0.28819540143013
107,mobilenet_orig,9,robustness,0.9241176247596741
107,mobilenet_orig,9,complexity,0.6859313817955037
107,mobilenet_orig,10,faithfulness,-0.137003555893898
107,mobilenet_orig,10,robustness,0.8734192848205566
107,mobilenet_orig,10,complexity,0.5990834704756686
107,mobilenet_orig,11,faithfulness,-0.053523048758506775
107,mobilenet_orig,11,robustness,0.9150840044021606
107,mobilenet_orig,11,complexity,0.5820016273063534
107,mobilenet_orig,12,faithfulness,0.20266184210777283
107,mobilenet_orig,12,robustness,0.9009522795677185
107,mobilenet_orig,12,complexity,0.6058120242490033
107,mobilenet_orig,13,faithfulness,0.04741638898849487
107,mobilenet_orig,13,robustness,0.778758704662323
107,mobilenet_orig,13,complexity,0.6870300602259387
107,mobilenet_orig,14,faithfulness,0.05443042516708374
107,mobilenet_orig,14,robustness,0.867676854133606
107,mobilenet_orig,14,complexity,0.4712127665017689
107,mobilenet_orig,15,faithfulness,-0.25675249099731445
107,mobilenet_orig,15,robustness,1.3115733861923218
107,mobilenet_orig,15,complexity,0.6624445306352371
107,mobilenet_orig,16,faithfulness,0.24672044813632965
107,mobilenet_orig,16,robustness,1.3239209651947021
107,mobilenet_orig,16,complexity,0.7180249069312367
107,mobilenet_orig,17,faithfulness,0.1620607078075409
107,mobilenet_orig,17,robustness,0.9374139904975891
107,mobilenet_orig,17,complexity,0.4590365720116198
107,mobilenet_orig,18,faithfulness,-0.12719124555587769
107,mobilenet_orig,18,robustness,0.8274858593940735
107,mobilenet_orig,18,complexity,0.5644627404840264
107,mobilenet_orig,19,faithfulness,0.02172514796257019
107,mobilenet_orig,19,robustness,0.4163152575492859
107,mobilenet_orig,19,complexity,0.5903009559018305
107,mobilenet_orig,20,faithfulness,0.11763268709182739
107,mobilenet_orig,20,robustness,1.7418445348739624
107,mobilenet_orig,20,complexity,0.3979713871067738
107,mobilenet_orig,21,faithfulness,0.14756739139556885
107,mobilenet_orig,21,robustness,0.5120235085487366
107,mobilenet_orig,21,complexity,0.6515087679069146
107,mobilenet_orig,22,faithfulness,-0.271731972694397
107,mobilenet_orig,22,robustness,1.0592085123062134
107,mobilenet_orig,22,complexity,0.4629187259484592
107,mobilenet_orig,23,faithfulness,0.4252275824546814
107,mobilenet_orig,23,robustness,1.699933409690857
107,mobilenet_orig,23,complexity,0.6030239121511175
107,mobilenet_orig,24,faithfulness,-0.155409038066864
107,mobilenet_orig,24,robustness,0.7687715888023376
107,mobilenet_orig,24,complexity,0.6048676594609869
107,mobilenet_orig,25,faithfulness,0.605306088924408
107,mobilenet_orig,25,robustness,0.6113638281822205
107,mobilenet_orig,25,complexity,0.5184563380262082
107,mobilenet_orig,26,faithfulness,0.18784764409065247
107,mobilenet_orig,26,robustness,1.7187309265136719
107,mobilenet_orig,26,complexity,0.6557953323781125
107,mobilenet_orig,27,faithfulness,-0.23625540733337402
107,mobilenet_orig,27,robustness,0.7042714357376099
107,mobilenet_orig,27,complexity,0.5411792743983952
107,mobilenet_orig,28,faithfulness,0.21622459590435028
107,mobilenet_orig,28,robustness,1.6233874559402466
107,mobilenet_orig,28,complexity,0.5347134166660255
107,mobilenet_orig,29,faithfulness,-0.1423633098602295
107,mobilenet_orig,29,robustness,1.0361065864562988
107,mobilenet_orig,29,complexity,0.49302308664928146
107,mobilenet_orig,30,faithfulness,0.14934515953063965
107,mobilenet_orig,30,robustness,0.5659410953521729
107,mobilenet_orig,30,complexity,0.5388653618773648
107,mobilenet_orig,31,faithfulness,-0.13459378480911255
107,mobilenet_orig,31,robustness,0.6069056391716003
107,mobilenet_orig,31,complexity,0.5218821133834114
107,mobilenet_orig,32,faithfulness,-0.02355615794658661
107,mobilenet_orig,32,robustness,0.5062810778617859
107,mobilenet_orig,32,complexity,0.5578238680093534
107,mobilenet_orig,33,faithfulness,8.297711610794067e-05
107,mobilenet_orig,33,robustness,0.5231846570968628
107,mobilenet_orig,33,complexity,0.5957485264926474
107,mobilenet_orig,34,faithfulness,0.05252392590045929
107,mobilenet_orig,34,robustness,0.5137949585914612
107,mobilenet_orig,34,complexity,0.6606518761420458
107,mobilenet_orig,35,faithfulness,0.038672998547554016
107,mobilenet_orig,35,robustness,0.8877112865447998
107,mobilenet_orig,35,complexity,0.5659642007701982
107,mobilenet_orig,36,faithfulness,0.13136377930641174
107,mobilenet_orig,36,robustness,0.40555503964424133
107,mobilenet_orig,36,complexity,0.6008811641194118
107,mobilenet_orig,37,faithfulness,0.18859785795211792
107,mobilenet_orig,37,robustness,0.6460903882980347
107,mobilenet_orig,37,complexity,0.48573530492682887
107,mobilenet_orig,38,faithfulness,-0.0961945503950119
107,mobilenet_orig,38,robustness,0.6512742042541504
107,mobilenet_orig,38,complexity,0.6306154555194068
107,mobilenet_orig,39,faithfulness,-0.11718159914016724
107,mobilenet_orig,39,robustness,1.5599315166473389
107,mobilenet_orig,39,complexity,0.6081942349073148
107,mobilenet_orig,40,faithfulness,0.003131851553916931
107,mobilenet_orig,40,robustness,0.5854813456535339
107,mobilenet_orig,40,complexity,0.508540557494907
107,mobilenet_orig,41,faithfulness,-0.2358458936214447
107,mobilenet_orig,41,robustness,0.5901291966438293
107,mobilenet_orig,41,complexity,0.5777771531164198
107,mobilenet_orig,42,faithfulness,-0.3112175762653351
107,mobilenet_orig,42,robustness,0.7879270315170288
107,mobilenet_orig,42,complexity,0.5589040719518121
107,mobilenet_orig,43,faithfulness,0.31034788489341736
107,mobilenet_orig,43,robustness,1.7396379709243774
107,mobilenet_orig,43,complexity,0.6383715422352692
107,mobilenet_orig,44,faithfulness,-0.16714158654212952
107,mobilenet_orig,44,robustness,1.8905936479568481
107,mobilenet_orig,44,complexity,0.4393592651343617
107,mobilenet_orig,45,faithfulness,-0.125517800450325
107,mobilenet_orig,45,robustness,0.9082707166671753
107,mobilenet_orig,45,complexity,0.5650759075115728
107,mobilenet_orig,46,faithfulness,-0.011740878224372864
107,mobilenet_orig,46,robustness,0.754681408405304
107,mobilenet_orig,46,complexity,0.6550575186047891
107,mobilenet_orig,47,faithfulness,0.05862027406692505
107,mobilenet_orig,47,robustness,1.1362929344177246
107,mobilenet_orig,47,complexity,0.5613960620779171
107,mobilenet_orig,48,faithfulness,0.00798354297876358
107,mobilenet_orig,48,robustness,1.0406626462936401
107,mobilenet_orig,48,complexity,0.568860403892273
107,mobilenet_orig,49,faithfulness,-0.11880533397197723
107,mobilenet_orig,49,robustness,1.0006263256072998
107,mobilenet_orig,49,complexity,0.5632022650594614
107,mobilenet_orig,50,faithfulness,0.28805118799209595
107,mobilenet_orig,50,robustness,0.7624567747116089
107,mobilenet_orig,50,complexity,0.3822477471622911
107,mobilenet_orig,51,faithfulness,-0.30177414417266846
107,mobilenet_orig,51,robustness,1.869446873664856
107,mobilenet_orig,51,complexity,0.4834225013446761
107,mobilenet_orig,52,faithfulness,0.2892778515815735
107,mobilenet_orig,52,robustness,0.589826226234436
107,mobilenet_orig,52,complexity,0.6999988568045451
107,mobilenet_orig,53,faithfulness,0.21184182167053223
107,mobilenet_orig,53,robustness,1.1269079446792603
107,mobilenet_orig,53,complexity,0.5764975741551619
107,mobilenet_orig,54,faithfulness,0.012218303978443146
107,mobilenet_orig,54,robustness,0.7770388126373291
107,mobilenet_orig,54,complexity,0.46443682919853535
107,mobilenet_orig,55,faithfulness,0.283622145652771
107,mobilenet_orig,55,robustness,1.0972634553909302
107,mobilenet_orig,55,complexity,0.5772795355874666
107,mobilenet_orig,56,faithfulness,0.025648042559623718
107,mobilenet_orig,56,robustness,0.5657920241355896
107,mobilenet_orig,56,complexity,0.5880182115043469
107,mobilenet_orig,57,faithfulness,-0.16672015190124512
107,mobilenet_orig,57,robustness,1.0775939226150513
107,mobilenet_orig,57,complexity,0.610701064891521
107,mobilenet_orig,58,faithfulness,0.015154657885432243
107,mobilenet_orig,58,robustness,0.5152943730354309
107,mobilenet_orig,58,complexity,0.4378165750230399
107,mobilenet_recplot,0,faithfulness,0.30868446826934814
107,mobilenet_recplot,0,robustness,3.6273386478424072
107,mobilenet_recplot,0,complexity,0.7888339740012785
107,mobilenet_recplot,1,faithfulness,-0.19368582963943481
107,mobilenet_recplot,1,robustness,1.143816351890564
107,mobilenet_recplot,1,complexity,0.7439891288687709
107,mobilenet_recplot,2,faithfulness,-0.05480258911848068
107,mobilenet_recplot,2,robustness,1.1089204549789429
107,mobilenet_recplot,2,complexity,0.7839843428920622
107,mobilenet_recplot,3,faithfulness,-0.026435628533363342
107,mobilenet_recplot,3,robustness,1.0186984539031982
107,mobilenet_recplot,3,complexity,0.6937099158123187
107,mobilenet_recplot,4,faithfulness,0.08411154896020889
107,mobilenet_recplot,4,robustness,0.9904995560646057
107,mobilenet_recplot,4,complexity,0.645224218628516
107,mobilenet_recplot,5,faithfulness,0.3295336961746216
107,mobilenet_recplot,5,robustness,0.9982753992080688
107,mobilenet_recplot,5,complexity,0.7013902250447681
107,mobilenet_recplot,6,faithfulness,0.061994075775146484
107,mobilenet_recplot,6,robustness,0.9981700778007507
107,mobilenet_recplot,6,complexity,0.6638710117046155
107,mobilenet_recplot,7,faithfulness,0.02338169701397419
107,mobilenet_recplot,7,robustness,6.372012615203857
107,mobilenet_recplot,7,complexity,0.905232733841105
107,mobilenet_recplot,8,faithfulness,-0.0463750883936882
107,mobilenet_recplot,8,robustness,1.2731027603149414
107,mobilenet_recplot,8,complexity,0.6293054734264302
107,mobilenet_recplot,9,faithfulness,-0.06717190891504288
107,mobilenet_recplot,9,robustness,1.0219411849975586
107,mobilenet_recplot,9,complexity,0.5425090821434908
107,mobilenet_recplot,10,faithfulness,0.35358041524887085
107,mobilenet_recplot,10,robustness,0.9918590188026428
107,mobilenet_recplot,10,complexity,0.6220973484741376
107,mobilenet_recplot,11,faithfulness,0.034459188580513
107,mobilenet_recplot,11,robustness,1.6878963708877563
107,mobilenet_recplot,11,complexity,0.7793460700529867
107,mobilenet_recplot,12,faithfulness,0.35503941774368286
107,mobilenet_recplot,12,robustness,1.0093860626220703
107,mobilenet_recplot,12,complexity,0.7090125846054913
107,mobilenet_recplot,13,faithfulness,-0.09392644464969635
107,mobilenet_recplot,13,robustness,0.9999106526374817
107,mobilenet_recplot,13,complexity,0.7250557681776038
107,mobilenet_recplot,14,faithfulness,0.31877604126930237
107,mobilenet_recplot,14,robustness,0.9991082549095154
107,mobilenet_recplot,14,complexity,0.7326330767641317
107,mobilenet_recplot,15,faithfulness,-0.12994274497032166
107,mobilenet_recplot,15,robustness,7.670891761779785
107,mobilenet_recplot,15,complexity,0.8072080781942957
107,mobilenet_recplot,16,faithfulness,0.3851211369037628
107,mobilenet_recplot,16,robustness,0.9965110421180725
107,mobilenet_recplot,16,complexity,0.5664023123694085
107,mobilenet_recplot,17,faithfulness,0.31486693024635315
107,mobilenet_recplot,17,robustness,0.9979545474052429
107,mobilenet_recplot,17,complexity,0.720481974408192
107,mobilenet_recplot,18,faithfulness,0.14774221181869507
107,mobilenet_recplot,18,robustness,0.9979425072669983
107,mobilenet_recplot,18,complexity,0.6499725717343418
107,mobilenet_recplot,19,faithfulness,-0.09377801418304443
107,mobilenet_recplot,19,robustness,0.992221474647522
107,mobilenet_recplot,19,complexity,0.5433243121622647
107,mobilenet_recplot,20,faithfulness,0.16776631772518158
107,mobilenet_recplot,20,robustness,0.9931073784828186
107,mobilenet_recplot,20,complexity,0.4634739086778913
107,mobilenet_recplot,21,faithfulness,-0.1199171394109726
107,mobilenet_recplot,21,robustness,1.570655107498169
107,mobilenet_recplot,21,complexity,0.5025209240509164
107,mobilenet_recplot,22,faithfulness,-0.1601978987455368
107,mobilenet_recplot,22,robustness,0.9943774342536926
107,mobilenet_recplot,22,complexity,0.5146321869591333
107,mobilenet_recplot,23,faithfulness,0.1426866054534912
107,mobilenet_recplot,23,robustness,2.008406639099121
107,mobilenet_recplot,23,complexity,0.8131468137187283
107,mobilenet_recplot,24,faithfulness,0.2588503658771515
107,mobilenet_recplot,24,robustness,1.1893517971038818
107,mobilenet_recplot,24,complexity,0.6074125580208946
107,mobilenet_recplot,25,faithfulness,0.13558505475521088
107,mobilenet_recplot,25,robustness,0.9556732773780823
107,mobilenet_recplot,25,complexity,0.5508388324022424
107,mobilenet_recplot,26,faithfulness,0.10991472750902176
107,mobilenet_recplot,26,robustness,0.9950583577156067
107,mobilenet_recplot,26,complexity,0.5650253731871866
107,mobilenet_recplot,27,faithfulness,-0.01719568856060505
107,mobilenet_recplot,27,robustness,1.076396107673645
107,mobilenet_recplot,27,complexity,0.8109075763833986
107,mobilenet_recplot,28,faithfulness,0.12681378424167633
107,mobilenet_recplot,28,robustness,0.9443215131759644
107,mobilenet_recplot,28,complexity,0.5486201667911851
107,mobilenet_recplot,29,faithfulness,0.03081388771533966
107,mobilenet_recplot,29,robustness,0.9990275502204895
107,mobilenet_recplot,29,complexity,0.47963688425303475
107,mobilenet_recplot,30,faithfulness,-0.023026227951049805
107,mobilenet_recplot,30,robustness,1.3529448509216309
107,mobilenet_recplot,30,complexity,0.5828803473072557
107,mobilenet_recplot,31,faithfulness,0.23638728260993958
107,mobilenet_recplot,31,robustness,1.2845369577407837
107,mobilenet_recplot,31,complexity,0.5191002775586299
107,mobilenet_recplot,32,faithfulness,0.15270355343818665
107,mobilenet_recplot,32,robustness,2.1503827571868896
107,mobilenet_recplot,32,complexity,0.6828038385461802
107,mobilenet_recplot,33,faithfulness,0.0931309312582016
107,mobilenet_recplot,33,robustness,1.1288174390792847
107,mobilenet_recplot,33,complexity,0.6483375345051874
107,mobilenet_recplot,34,faithfulness,0.43565988540649414
107,mobilenet_recplot,34,robustness,1.5988107919692993
107,mobilenet_recplot,34,complexity,0.532621008647101
107,mobilenet_recplot,35,faithfulness,0.5417826771736145
107,mobilenet_recplot,35,robustness,1.0515000820159912
107,mobilenet_recplot,35,complexity,0.5302001896848979
107,mobilenet_recplot,36,faithfulness,-0.05755896121263504
107,mobilenet_recplot,36,robustness,4.561849594116211
107,mobilenet_recplot,36,complexity,0.8384348700843619
107,mobilenet_recplot,37,faithfulness,0.14743708074092865
107,mobilenet_recplot,37,robustness,0.9991692900657654
107,mobilenet_recplot,37,complexity,0.39217672155926603
107,mobilenet_recplot,38,faithfulness,0.06772814691066742
107,mobilenet_recplot,38,robustness,1.001078486442566
107,mobilenet_recplot,38,complexity,0.6832577295468606
107,mobilenet_recplot,39,faithfulness,0.09971573948860168
107,mobilenet_recplot,39,robustness,1.0089619159698486
107,mobilenet_recplot,39,complexity,0.7506081979459903
107,mobilenet_recplot,40,faithfulness,0.25989481806755066
107,mobilenet_recplot,40,robustness,0.9914757013320923
107,mobilenet_recplot,40,complexity,0.5201030543086256
107,mobilenet_recplot,41,faithfulness,0.05894581228494644
107,mobilenet_recplot,41,robustness,55.9288444519043
107,mobilenet_recplot,41,complexity,0.9628778562129181
107,mobilenet_recplot,42,faithfulness,0.18448638916015625
107,mobilenet_recplot,42,robustness,0.9807769656181335
107,mobilenet_recplot,42,complexity,0.5218429546141227
107,mobilenet_recplot,43,faithfulness,0.3156653344631195
107,mobilenet_recplot,43,robustness,0.9976553320884705
107,mobilenet_recplot,43,complexity,0.7049609856027858
107,mobilenet_recplot,44,faithfulness,0.07686483860015869
107,mobilenet_recplot,44,robustness,0.9858437180519104
107,mobilenet_recplot,44,complexity,0.3709466490773571
107,mobilenet_recplot,45,faithfulness,0.04236622154712677
107,mobilenet_recplot,45,robustness,0.9953629970550537
107,mobilenet_recplot,45,complexity,0.5711554909029352
107,mobilenet_recplot,46,faithfulness,0.528268575668335
107,mobilenet_recplot,46,robustness,0.9961588978767395
107,mobilenet_recplot,46,complexity,0.5950426632657208
107,mobilenet_recplot,47,faithfulness,0.5859463810920715
107,mobilenet_recplot,47,robustness,1.1050124168395996
107,mobilenet_recplot,47,complexity,0.5622898266281087
107,mobilenet_recplot,48,faithfulness,0.2348184883594513
107,mobilenet_recplot,48,robustness,1.1596599817276
107,mobilenet_recplot,48,complexity,0.5674851131085495
107,mobilenet_recplot,49,faithfulness,0.030629992485046387
107,mobilenet_recplot,49,robustness,130.5462646484375
107,mobilenet_recplot,49,complexity,0.8699977236564915
107,mobilenet_recplot,50,faithfulness,0.4270232319831848
107,mobilenet_recplot,50,robustness,0.8727601766586304
107,mobilenet_recplot,50,complexity,0.5499934455160885
107,mobilenet_recplot,51,faithfulness,0.2649388611316681
107,mobilenet_recplot,51,robustness,0.8746864199638367
107,mobilenet_recplot,51,complexity,0.49422206467181595
107,mobilenet_recplot,52,faithfulness,0.22590991854667664
107,mobilenet_recplot,52,robustness,1.1253591775894165
107,mobilenet_recplot,52,complexity,0.6454151602187576
107,mobilenet_recplot,53,faithfulness,-0.23908790946006775
107,mobilenet_recplot,53,robustness,0.8402590751647949
107,mobilenet_recplot,53,complexity,0.4043674395772634
107,mobilenet_recplot,54,faithfulness,0.0984080582857132
107,mobilenet_recplot,54,robustness,0.8253337740898132
107,mobilenet_recplot,54,complexity,0.4180567234691602
107,mobilenet_recplot,55,faithfulness,-0.05344612896442413
107,mobilenet_recplot,55,robustness,3.131497859954834
107,mobilenet_recplot,55,complexity,0.6630589246405744
107,mobilenet_recplot,56,faithfulness,-0.1654394418001175
107,mobilenet_recplot,56,robustness,0.9017617106437683
107,mobilenet_recplot,56,complexity,0.5248532795382609
107,mobilenet_recplot,57,faithfulness,0.1394534707069397
107,mobilenet_recplot,57,robustness,1.1402372121810913
107,mobilenet_recplot,57,complexity,0.6890397911583407
107,mobilenet_recplot,58,faithfulness,0.04036203771829605
107,mobilenet_recplot,58,robustness,2.538480758666992
107,mobilenet_recplot,58,complexity,0.696097258514425
107,effnet_orig,0,faithfulness,-0.14593401551246643
107,effnet_orig,0,robustness,0.6285010576248169
107,effnet_orig,0,complexity,0.43198158512251467
107,effnet_orig,1,faithfulness,0.08554947376251221
107,effnet_orig,1,robustness,0.7007726430892944
107,effnet_orig,1,complexity,0.5785362560673882
107,effnet_orig,2,faithfulness,-0.4316655397415161
107,effnet_orig,2,robustness,0.8003232479095459
107,effnet_orig,2,complexity,0.5104856140625763
107,effnet_orig,3,faithfulness,-0.10582728683948517
107,effnet_orig,3,robustness,0.8386557102203369
107,effnet_orig,3,complexity,0.3950560562076003
107,effnet_orig,4,faithfulness,-0.11252576857805252
107,effnet_orig,4,robustness,0.4872129261493683
107,effnet_orig,4,complexity,0.31211109477659854
107,effnet_orig,5,faithfulness,-0.12540209293365479
107,effnet_orig,5,robustness,0.5237968564033508
107,effnet_orig,5,complexity,0.3728402157755842
107,effnet_orig,6,faithfulness,0.04116924852132797
107,effnet_orig,6,robustness,0.6576160788536072
107,effnet_orig,6,complexity,0.3691174718748522
107,effnet_orig,7,faithfulness,-0.049735262989997864
107,effnet_orig,7,robustness,0.5744993686676025
107,effnet_orig,7,complexity,0.4848212687036996
107,effnet_orig,8,faithfulness,-0.1693565398454666
107,effnet_orig,8,robustness,0.6614640355110168
107,effnet_orig,8,complexity,0.6487688358512163
107,effnet_orig,9,faithfulness,-0.0638996958732605
107,effnet_orig,9,robustness,0.849720299243927
107,effnet_orig,9,complexity,0.4054398857951577
107,effnet_orig,10,faithfulness,-0.20940180122852325
107,effnet_orig,10,robustness,0.6566879749298096
107,effnet_orig,10,complexity,0.5619135895460383
107,effnet_orig,11,faithfulness,0.18563535809516907
107,effnet_orig,11,robustness,0.6018670797348022
107,effnet_orig,11,complexity,0.44786551504837313
107,effnet_orig,12,faithfulness,0.28567036986351013
107,effnet_orig,12,robustness,0.7978523969650269
107,effnet_orig,12,complexity,0.4795371585986453
107,effnet_orig,13,faithfulness,-0.11706539988517761
107,effnet_orig,13,robustness,0.7262895107269287
107,effnet_orig,13,complexity,0.5320638460209646
107,effnet_orig,14,faithfulness,0.2128213346004486
107,effnet_orig,14,robustness,0.3810758590698242
107,effnet_orig,14,complexity,0.2738996958510292
107,effnet_orig,15,faithfulness,0.15976625680923462
107,effnet_orig,15,robustness,0.9103206396102905
107,effnet_orig,15,complexity,0.45098105413617534
107,effnet_orig,16,faithfulness,-0.1850506067276001
107,effnet_orig,16,robustness,0.3554123640060425
107,effnet_orig,16,complexity,0.5870112363321321
107,effnet_orig,17,faithfulness,0.19911547005176544
107,effnet_orig,17,robustness,0.5809230208396912
107,effnet_orig,17,complexity,0.33978530340322205
107,effnet_orig,18,faithfulness,-0.05618464946746826
107,effnet_orig,18,robustness,0.5377897024154663
107,effnet_orig,18,complexity,0.5400550534984717
107,effnet_orig,19,faithfulness,-0.06026836112141609
107,effnet_orig,19,robustness,0.39161187410354614
107,effnet_orig,19,complexity,0.6758745113427663
107,effnet_orig,20,faithfulness,-0.03286637365818024
107,effnet_orig,20,robustness,0.6983854174613953
107,effnet_orig,20,complexity,0.4700642751230515
107,effnet_orig,21,faithfulness,0.20171819627285004
107,effnet_orig,21,robustness,0.921849250793457
107,effnet_orig,21,complexity,0.8369872274586032
107,effnet_orig,22,faithfulness,0.11707098037004471
107,effnet_orig,22,robustness,0.6789125204086304
107,effnet_orig,22,complexity,0.5299206330749584
107,effnet_orig,23,faithfulness,0.1082645058631897
107,effnet_orig,23,robustness,0.6247538328170776
107,effnet_orig,23,complexity,0.5875740286021663
107,effnet_orig,24,faithfulness,-0.3380785882472992
107,effnet_orig,24,robustness,0.6572220325469971
107,effnet_orig,24,complexity,0.6575876915351573
107,effnet_orig,25,faithfulness,0.32438379526138306
107,effnet_orig,25,robustness,0.36285507678985596
107,effnet_orig,25,complexity,0.7088919874505676
107,effnet_orig,26,faithfulness,-0.0715792328119278
107,effnet_orig,26,robustness,0.6881054639816284
107,effnet_orig,26,complexity,0.6669740773185576
107,effnet_orig,27,faithfulness,0.2951202690601349
107,effnet_orig,27,robustness,0.45920369029045105
107,effnet_orig,27,complexity,0.6848461096168484
107,effnet_orig,28,faithfulness,-0.03269004821777344
107,effnet_orig,28,robustness,0.6900906562805176
107,effnet_orig,28,complexity,0.48691023296825714
107,effnet_orig,29,faithfulness,0.36068159341812134
107,effnet_orig,29,robustness,0.5200756788253784
107,effnet_orig,29,complexity,0.6459091431778526
107,effnet_orig,30,faithfulness,-0.08480997383594513
107,effnet_orig,30,robustness,0.4344738721847534
107,effnet_orig,30,complexity,0.7089488239963282
107,effnet_orig,31,faithfulness,-0.1513383388519287
107,effnet_orig,31,robustness,1.786269187927246
107,effnet_orig,31,complexity,0.6329584027719508
107,effnet_orig,32,faithfulness,0.0886109247803688
107,effnet_orig,32,robustness,0.5808653235435486
107,effnet_orig,32,complexity,0.5027302166812389
107,effnet_orig,33,faithfulness,0.03309863060712814
107,effnet_orig,33,robustness,0.40084657073020935
107,effnet_orig,33,complexity,0.821546205480118
107,effnet_orig,34,faithfulness,0.027425918728113174
107,effnet_orig,34,robustness,0.627336859703064
107,effnet_orig,34,complexity,0.5178989839574412
107,effnet_orig,35,faithfulness,0.35313016176223755
107,effnet_orig,35,robustness,0.8510244488716125
107,effnet_orig,35,complexity,0.667164780764798
107,effnet_orig,36,faithfulness,0.058429792523384094
107,effnet_orig,36,robustness,0.5519689917564392
107,effnet_orig,36,complexity,0.5491996950938135
107,effnet_orig,37,faithfulness,0.27849042415618896
107,effnet_orig,37,robustness,0.8056190013885498
107,effnet_orig,37,complexity,0.5816580307722731
107,effnet_orig,38,faithfulness,0.28484421968460083
107,effnet_orig,38,robustness,0.5764456391334534
107,effnet_orig,38,complexity,0.717613039589334
107,effnet_orig,39,faithfulness,0.12360852211713791
107,effnet_orig,39,robustness,0.5523668527603149
107,effnet_orig,39,complexity,0.6435458599146608
107,effnet_orig,40,faithfulness,-0.05469973757863045
107,effnet_orig,40,robustness,0.586773157119751
107,effnet_orig,40,complexity,0.5597487855850926
107,effnet_orig,41,faithfulness,-0.06336511671543121
107,effnet_orig,41,robustness,0.5789778828620911
107,effnet_orig,41,complexity,0.5251656302869153
107,effnet_orig,42,faithfulness,0.05950884521007538
107,effnet_orig,42,robustness,0.5374852418899536
107,effnet_orig,42,complexity,0.5188943093104883
107,effnet_orig,43,faithfulness,-0.10879453271627426
107,effnet_orig,43,robustness,0.9290070533752441
107,effnet_orig,43,complexity,0.5123871628500931
107,effnet_orig,44,faithfulness,-0.10742160677909851
107,effnet_orig,44,robustness,0.3869108557701111
107,effnet_orig,44,complexity,0.6375333232357638
107,effnet_orig,45,faithfulness,0.22046561539173126
107,effnet_orig,45,robustness,0.8241608142852783
107,effnet_orig,45,complexity,0.46239454972007193
107,effnet_orig,46,faithfulness,0.13223129510879517
107,effnet_orig,46,robustness,0.6625795364379883
107,effnet_orig,46,complexity,0.44535104646388796
107,effnet_orig,47,faithfulness,0.23294177651405334
107,effnet_orig,47,robustness,0.668944239616394
107,effnet_orig,47,complexity,0.4873161549912623
107,effnet_orig,48,faithfulness,0.21459409594535828
107,effnet_orig,48,robustness,0.48215484619140625
107,effnet_orig,48,complexity,0.3929499601823787
107,effnet_orig,49,faithfulness,-0.0012366827577352524
107,effnet_orig,49,robustness,0.6347485780715942
107,effnet_orig,49,complexity,0.37454275482128185
107,effnet_orig,50,faithfulness,-0.10427665710449219
107,effnet_orig,50,robustness,0.5302219390869141
107,effnet_orig,50,complexity,0.4403371747583259
107,effnet_orig,51,faithfulness,-0.13647468388080597
107,effnet_orig,51,robustness,0.7228228449821472
107,effnet_orig,51,complexity,0.35756143928840195
107,effnet_orig,52,faithfulness,0.3383648991584778
107,effnet_orig,52,robustness,0.32907330989837646
107,effnet_orig,52,complexity,0.4694225554073832
107,effnet_orig,53,faithfulness,-0.06722605228424072
107,effnet_orig,53,robustness,0.5589137077331543
107,effnet_orig,53,complexity,0.3465536022903601
107,effnet_orig,54,faithfulness,-0.19381658732891083
107,effnet_orig,54,robustness,0.8532599210739136
107,effnet_orig,54,complexity,0.28137290511516333
107,effnet_orig,55,faithfulness,0.346882164478302
107,effnet_orig,55,robustness,0.7502612471580505
107,effnet_orig,55,complexity,0.30487503611086736
107,effnet_orig,56,faithfulness,-0.030276507139205933
107,effnet_orig,56,robustness,0.3311360478401184
107,effnet_orig,56,complexity,0.4302360290519338
107,effnet_orig,57,faithfulness,0.5006749033927917
107,effnet_orig,57,robustness,0.5261144638061523
107,effnet_orig,57,complexity,0.5579066811497951
107,effnet_orig,58,faithfulness,0.12613147497177124
107,effnet_orig,58,robustness,0.5740317106246948
107,effnet_orig,58,complexity,0.45471622780095333
107,effnet_recplot,0,faithfulness,-0.11525293439626694
107,effnet_recplot,0,robustness,1.0
107,effnet_recplot,0,complexity,0.5614538321272143
107,effnet_recplot,1,faithfulness,-0.13152022659778595
107,effnet_recplot,1,robustness,1.0
107,effnet_recplot,1,complexity,0.4848636038425947
107,effnet_recplot,2,faithfulness,0.06117543950676918
107,effnet_recplot,2,robustness,1.0
107,effnet_recplot,2,complexity,0.530719672068624
107,effnet_recplot,3,faithfulness,-0.198494553565979
107,effnet_recplot,3,robustness,1.0
107,effnet_recplot,3,complexity,0.5046318583831848
107,effnet_recplot,4,faithfulness,0.07998892664909363
107,effnet_recplot,4,robustness,1.0
107,effnet_recplot,4,complexity,0.3087183322015785
107,effnet_recplot,5,faithfulness,0.46463990211486816
107,effnet_recplot,5,robustness,1.0
107,effnet_recplot,5,complexity,0.2931374924730195
107,effnet_recplot,6,faithfulness,-0.1268189400434494
107,effnet_recplot,6,robustness,1.0
107,effnet_recplot,6,complexity,0.2468835014742135
107,effnet_recplot,7,faithfulness,-0.12305573374032974
107,effnet_recplot,7,robustness,1.0
107,effnet_recplot,7,complexity,0.6062897368100996
107,effnet_recplot,8,faithfulness,0.32801884412765503
107,effnet_recplot,8,robustness,1.0
107,effnet_recplot,8,complexity,0.5755878157050652
107,effnet_recplot,9,faithfulness,-0.17069220542907715
107,effnet_recplot,9,robustness,1.0
107,effnet_recplot,9,complexity,0.6356803964478355
107,effnet_recplot,10,faithfulness,-0.0801885798573494
107,effnet_recplot,10,robustness,1.0
107,effnet_recplot,10,complexity,0.24248147240809725
107,effnet_recplot,11,faithfulness,0.06987828016281128
107,effnet_recplot,11,robustness,1.0
107,effnet_recplot,11,complexity,0.580556453572545
107,effnet_recplot,12,faithfulness,0.2523789405822754
107,effnet_recplot,12,robustness,1.0
107,effnet_recplot,12,complexity,0.44079741008889195
107,effnet_recplot,13,faithfulness,0.09568054229021072
107,effnet_recplot,13,robustness,1.0
107,effnet_recplot,13,complexity,0.7235042399669573
107,effnet_recplot,14,faithfulness,0.028006209060549736
107,effnet_recplot,14,robustness,1.0
107,effnet_recplot,14,complexity,0.3260827796807841
107,effnet_recplot,15,faithfulness,-0.06416232883930206
107,effnet_recplot,15,robustness,2.711397647857666
107,effnet_recplot,15,complexity,0.5685206749455792
107,effnet_recplot,16,faithfulness,-0.03447809815406799
107,effnet_recplot,16,robustness,1.0000276565551758
107,effnet_recplot,16,complexity,0.6690279548363405
107,effnet_recplot,17,faithfulness,0.21441979706287384
107,effnet_recplot,17,robustness,1.0
107,effnet_recplot,17,complexity,0.2504426005654701
107,effnet_recplot,18,faithfulness,-0.006549514830112457
107,effnet_recplot,18,robustness,1.0019899606704712
107,effnet_recplot,18,complexity,0.7508092802721006
107,effnet_recplot,19,faithfulness,0.19879817962646484
107,effnet_recplot,19,robustness,2.5050535202026367
107,effnet_recplot,19,complexity,0.6729398702814744
107,effnet_recplot,20,faithfulness,-0.026417363435029984
107,effnet_recplot,20,robustness,1.0000110864639282
107,effnet_recplot,20,complexity,0.5579091032803789
107,effnet_recplot,21,faithfulness,0.23637206852436066
107,effnet_recplot,21,robustness,0.9640174508094788
107,effnet_recplot,21,complexity,0.5356273721270409
107,effnet_recplot,22,faithfulness,0.036242589354515076
107,effnet_recplot,22,robustness,2.7311601638793945
107,effnet_recplot,22,complexity,0.34750001283173904
107,effnet_recplot,23,faithfulness,-0.1170664131641388
107,effnet_recplot,23,robustness,7.469905376434326
107,effnet_recplot,23,complexity,0.8654367768922089
107,effnet_recplot,24,faithfulness,0.25489768385887146
107,effnet_recplot,24,robustness,2.0447051525115967
107,effnet_recplot,24,complexity,0.7619636423505919
107,effnet_recplot,25,faithfulness,0.3654424846172333
107,effnet_recplot,25,robustness,2.231977701187134
107,effnet_recplot,25,complexity,0.7683207066615009
107,effnet_recplot,26,faithfulness,-0.10221297293901443
107,effnet_recplot,26,robustness,1.1919448375701904
107,effnet_recplot,26,complexity,0.6382514523361679
107,effnet_recplot,27,faithfulness,-0.014593765139579773
107,effnet_recplot,27,robustness,3.2756271362304688
107,effnet_recplot,27,complexity,0.8330039899152262
107,effnet_recplot,28,faithfulness,-0.28079402446746826
107,effnet_recplot,28,robustness,0.9997139573097229
107,effnet_recplot,28,complexity,0.3224917397347958
107,effnet_recplot,29,faithfulness,-0.06188303977251053
107,effnet_recplot,29,robustness,1.3905924558639526
107,effnet_recplot,29,complexity,0.7954387811096717
107,effnet_recplot,30,faithfulness,0.28721389174461365
107,effnet_recplot,30,robustness,2.4070088863372803
107,effnet_recplot,30,complexity,0.8041810341898192
107,effnet_recplot,31,faithfulness,0.26939430832862854
107,effnet_recplot,31,robustness,2.6812994480133057
107,effnet_recplot,31,complexity,0.7709684904111245
107,effnet_recplot,32,faithfulness,-0.1484939455986023
107,effnet_recplot,32,robustness,3.8598885536193848
107,effnet_recplot,32,complexity,0.7213770605654759
107,effnet_recplot,33,faithfulness,0.07179933041334152
107,effnet_recplot,33,robustness,2.876685619354248
107,effnet_recplot,33,complexity,0.7720325925575289
107,effnet_recplot,34,faithfulness,-0.2776215076446533
107,effnet_recplot,34,robustness,3.7367665767669678
107,effnet_recplot,34,complexity,0.8068834548224787
107,effnet_recplot,35,faithfulness,0.26051485538482666
107,effnet_recplot,35,robustness,1.9507670402526855
107,effnet_recplot,35,complexity,0.7800028858871791
107,effnet_recplot,36,faithfulness,
107,effnet_recplot,36,robustness,inf
107,effnet_recplot,36,complexity,0.0
107,effnet_recplot,37,faithfulness,0.05018119513988495
107,effnet_recplot,37,robustness,0.9952623248100281
107,effnet_recplot,37,complexity,0.6756543358595165
107,effnet_recplot,38,faithfulness,-0.01496124267578125
107,effnet_recplot,38,robustness,1.0903816223144531
107,effnet_recplot,38,complexity,0.7791270219807537
107,effnet_recplot,39,faithfulness,0.22401849925518036
107,effnet_recplot,39,robustness,3.1342086791992188
107,effnet_recplot,39,complexity,0.9179416841403955
107,effnet_recplot,40,faithfulness,0.04873953014612198
107,effnet_recplot,40,robustness,1.1872321367263794
107,effnet_recplot,40,complexity,0.7538146647934305
107,effnet_recplot,41,faithfulness,
107,effnet_recplot,41,robustness,inf
107,effnet_recplot,41,complexity,0.0
107,effnet_recplot,42,faithfulness,0.04245473071932793
107,effnet_recplot,42,robustness,1.341948390007019
107,effnet_recplot,42,complexity,0.40323149559726157
107,effnet_recplot,43,faithfulness,0.2136218547821045
107,effnet_recplot,43,robustness,14.345683097839355
107,effnet_recplot,43,complexity,0.6303308462999709
107,effnet_recplot,44,faithfulness,-0.37615323066711426
107,effnet_recplot,44,robustness,0.9999300241470337
107,effnet_recplot,44,complexity,0.25392628395327244
107,effnet_recplot,45,faithfulness,-0.03603000193834305
107,effnet_recplot,45,robustness,2.802180767059326
107,effnet_recplot,45,complexity,0.666316530571063
107,effnet_recplot,46,faithfulness,0.08988668024539948
107,effnet_recplot,46,robustness,1.0
107,effnet_recplot,46,complexity,0.415347168447891
107,effnet_recplot,47,faithfulness,0.017117656767368317
107,effnet_recplot,47,robustness,1.0
107,effnet_recplot,47,complexity,0.2743190089107513
107,effnet_recplot,48,faithfulness,0.24624966084957123
107,effnet_recplot,48,robustness,1.0
107,effnet_recplot,48,complexity,0.21369606797013788
107,effnet_recplot,49,faithfulness,-0.1183692142367363
107,effnet_recplot,49,robustness,1.0
107,effnet_recplot,49,complexity,0.5236506859309625
107,effnet_recplot,50,faithfulness,-0.2569899559020996
107,effnet_recplot,50,robustness,1.0
107,effnet_recplot,50,complexity,0.4666559282033899
107,effnet_recplot,51,faithfulness,-0.17577806115150452
107,effnet_recplot,51,robustness,1.0
107,effnet_recplot,51,complexity,0.42264323149097743
107,effnet_recplot,52,faithfulness,0.016356468200683594
107,effnet_recplot,52,robustness,1.0
107,effnet_recplot,52,complexity,0.42647385089536144
107,effnet_recplot,53,faithfulness,0.11868350207805634
107,effnet_recplot,53,robustness,1.0
107,effnet_recplot,53,complexity,0.2966994000996556
107,effnet_recplot,54,faithfulness,0.21738190948963165
107,effnet_recplot,54,robustness,1.0
107,effnet_recplot,54,complexity,0.33689030631766836
107,effnet_recplot,55,faithfulness,0.15324708819389343
107,effnet_recplot,55,robustness,1.5005054473876953
107,effnet_recplot,55,complexity,0.5840399873772008
107,effnet_recplot,56,faithfulness,-0.22410321235656738
107,effnet_recplot,56,robustness,1.0
107,effnet_recplot,56,complexity,0.31083279330270613
107,effnet_recplot,57,faithfulness,0.3066839575767517
107,effnet_recplot,57,robustness,1.0
107,effnet_recplot,57,complexity,0.5536597481705555
107,effnet_recplot,58,faithfulness,-0.027287065982818604
107,effnet_recplot,58,robustness,1.0
107,effnet_recplot,58,complexity,0.5006256525595153
121,mobilenet_orig,0,faithfulness,-0.21208974719047546
121,mobilenet_orig,0,robustness,1.0861461162567139
121,mobilenet_orig,0,complexity,0.6442815033330436
121,mobilenet_orig,1,faithfulness,-0.10650447010993958
121,mobilenet_orig,1,robustness,1.0913126468658447
121,mobilenet_orig,1,complexity,0.5985552868842976
121,mobilenet_orig,2,faithfulness,-0.11646783351898193
121,mobilenet_orig,2,robustness,1.3961974382400513
121,mobilenet_orig,2,complexity,0.8112917617636209
121,mobilenet_orig,3,faithfulness,0.18225371837615967
121,mobilenet_orig,3,robustness,0.9855126142501831
121,mobilenet_orig,3,complexity,0.6215426191016865
121,mobilenet_orig,4,faithfulness,-0.12866666913032532
121,mobilenet_orig,4,robustness,0.7298088073730469
121,mobilenet_orig,4,complexity,0.4222037807040276
121,mobilenet_orig,5,faithfulness,0.46792009472846985
121,mobilenet_orig,5,robustness,0.7358060479164124
121,mobilenet_orig,5,complexity,0.5744509212561015
121,mobilenet_orig,6,faithfulness,0.1668761670589447
121,mobilenet_orig,6,robustness,0.8570624589920044
121,mobilenet_orig,6,complexity,0.44349404104898066
121,mobilenet_orig,7,faithfulness,-0.10188521444797516
121,mobilenet_orig,7,robustness,1.9215646982192993
121,mobilenet_orig,7,complexity,0.6604409061163355
121,mobilenet_orig,8,faithfulness,0.1410936713218689
121,mobilenet_orig,8,robustness,0.6035309433937073
121,mobilenet_orig,8,complexity,0.6079301610449952
121,mobilenet_orig,9,faithfulness,0.2053408920764923
121,mobilenet_orig,9,robustness,1.1384714841842651
121,mobilenet_orig,9,complexity,0.5467296397084616
121,mobilenet_orig,10,faithfulness,-0.10840350389480591
121,mobilenet_orig,10,robustness,0.9155069589614868
121,mobilenet_orig,10,complexity,0.5609907513677316
121,mobilenet_orig,11,faithfulness,0.1538916677236557
121,mobilenet_orig,11,robustness,0.9250913858413696
121,mobilenet_orig,11,complexity,0.5169052155028111
121,mobilenet_orig,12,faithfulness,0.061008572578430176
121,mobilenet_orig,12,robustness,0.9586619734764099
121,mobilenet_orig,12,complexity,0.6457055420397341
121,mobilenet_orig,13,faithfulness,0.177048921585083
121,mobilenet_orig,13,robustness,0.9695298075675964
121,mobilenet_orig,13,complexity,0.6985635264053731
121,mobilenet_orig,14,faithfulness,0.39010804891586304
121,mobilenet_orig,14,robustness,0.6574367880821228
121,mobilenet_orig,14,complexity,0.34761980486907795
121,mobilenet_orig,15,faithfulness,-0.013428062200546265
121,mobilenet_orig,15,robustness,3.558711528778076
121,mobilenet_orig,15,complexity,0.7777188791408949
121,mobilenet_orig,16,faithfulness,-0.25419312715530396
121,mobilenet_orig,16,robustness,1.8762894868850708
121,mobilenet_orig,16,complexity,0.7645171691464834
121,mobilenet_orig,17,faithfulness,0.30742761492729187
121,mobilenet_orig,17,robustness,1.644119381904602
121,mobilenet_orig,17,complexity,0.4350368197603411
121,mobilenet_orig,18,faithfulness,0.020580627024173737
121,mobilenet_orig,18,robustness,0.5950590372085571
121,mobilenet_orig,18,complexity,0.5714739475565584
121,mobilenet_orig,19,faithfulness,-0.2232511341571808
121,mobilenet_orig,19,robustness,0.32794103026390076
121,mobilenet_orig,19,complexity,0.5281252678119903
121,mobilenet_orig,20,faithfulness,0.2524985671043396
121,mobilenet_orig,20,robustness,0.6306759715080261
121,mobilenet_orig,20,complexity,0.4870946921732367
121,mobilenet_orig,21,faithfulness,-0.019242048263549805
121,mobilenet_orig,21,robustness,0.5142208337783813
121,mobilenet_orig,21,complexity,0.6369268197424072
121,mobilenet_orig,22,faithfulness,-0.3379276394844055
121,mobilenet_orig,22,robustness,0.6288429498672485
121,mobilenet_orig,22,complexity,0.44244659516398466
121,mobilenet_orig,23,faithfulness,-0.15179350972175598
121,mobilenet_orig,23,robustness,1.8041048049926758
121,mobilenet_orig,23,complexity,0.5365903102947026
121,mobilenet_orig,24,faithfulness,-0.27449464797973633
121,mobilenet_orig,24,robustness,0.7456645369529724
121,mobilenet_orig,24,complexity,0.6624009200845127
121,mobilenet_orig,25,faithfulness,0.275119811296463
121,mobilenet_orig,25,robustness,0.8302298784255981
121,mobilenet_orig,25,complexity,0.5343811953352953
121,mobilenet_orig,26,faithfulness,-0.2675342559814453
121,mobilenet_orig,26,robustness,0.9459418654441833
121,mobilenet_orig,26,complexity,0.5544284602017657
121,mobilenet_orig,27,faithfulness,0.15120016038417816
121,mobilenet_orig,27,robustness,0.7831354737281799
121,mobilenet_orig,27,complexity,0.5498695688548766
121,mobilenet_orig,28,faithfulness,-0.003324318677186966
121,mobilenet_orig,28,robustness,0.8417072892189026
121,mobilenet_orig,28,complexity,0.5216513374709363
121,mobilenet_orig,29,faithfulness,-0.18858349323272705
121,mobilenet_orig,29,robustness,0.7232277989387512
121,mobilenet_orig,29,complexity,0.4543318586057813
121,mobilenet_orig,30,faithfulness,0.08730973303318024
121,mobilenet_orig,30,robustness,1.7075210809707642
121,mobilenet_orig,30,complexity,0.5185353901979957
121,mobilenet_orig,31,faithfulness,-0.04835530370473862
121,mobilenet_orig,31,robustness,1.0092177391052246
121,mobilenet_orig,31,complexity,0.5709110884568533
121,mobilenet_orig,32,faithfulness,-0.04262645170092583
121,mobilenet_orig,32,robustness,0.4351910948753357
121,mobilenet_orig,32,complexity,0.5644085714669786
121,mobilenet_orig,33,faithfulness,0.1408805400133133
121,mobilenet_orig,33,robustness,0.42999160289764404
121,mobilenet_orig,33,complexity,0.6024402460453919
121,mobilenet_orig,34,faithfulness,0.12495292723178864
121,mobilenet_orig,34,robustness,0.4798276722431183
121,mobilenet_orig,34,complexity,0.5888621917727809
121,mobilenet_orig,35,faithfulness,-0.016516104340553284
121,mobilenet_orig,35,robustness,0.5215164422988892
121,mobilenet_orig,35,complexity,0.6014277383634518
121,mobilenet_orig,36,faithfulness,-0.1585809737443924
121,mobilenet_orig,36,robustness,0.4238695204257965
121,mobilenet_orig,36,complexity,0.5665750542140914
121,mobilenet_orig,37,faithfulness,0.13861191272735596
121,mobilenet_orig,37,robustness,0.632648229598999
121,mobilenet_orig,37,complexity,0.36586899842339793
121,mobilenet_orig,38,faithfulness,0.42519092559814453
121,mobilenet_orig,38,robustness,0.5758523941040039
121,mobilenet_orig,38,complexity,0.6155021546182897
121,mobilenet_orig,39,faithfulness,-0.38826340436935425
121,mobilenet_orig,39,robustness,1.1940150260925293
121,mobilenet_orig,39,complexity,0.5716613710686279
121,mobilenet_orig,40,faithfulness,-0.3003634810447693
121,mobilenet_orig,40,robustness,0.5782943367958069
121,mobilenet_orig,40,complexity,0.5642688088434678
121,mobilenet_orig,41,faithfulness,0.03005119413137436
121,mobilenet_orig,41,robustness,0.4940665066242218
121,mobilenet_orig,41,complexity,0.587494244721356
121,mobilenet_orig,42,faithfulness,-0.29975104331970215
121,mobilenet_orig,42,robustness,0.7822455167770386
121,mobilenet_orig,42,complexity,0.49504446102233984
121,mobilenet_orig,43,faithfulness,0.15082314610481262
121,mobilenet_orig,43,robustness,2.19122314453125
121,mobilenet_orig,43,complexity,0.6345426729372773
121,mobilenet_orig,44,faithfulness,0.23403960466384888
121,mobilenet_orig,44,robustness,0.752331018447876
121,mobilenet_orig,44,complexity,0.414724821308457
121,mobilenet_orig,45,faithfulness,-0.2996065020561218
121,mobilenet_orig,45,robustness,0.9061506986618042
121,mobilenet_orig,45,complexity,0.4837776940452989
121,mobilenet_orig,46,faithfulness,-0.018306389451026917
121,mobilenet_orig,46,robustness,0.9158087968826294
121,mobilenet_orig,46,complexity,0.6402222269838288
121,mobilenet_orig,47,faithfulness,0.17560350894927979
121,mobilenet_orig,47,robustness,0.855939507484436
121,mobilenet_orig,47,complexity,0.5485245639853444
121,mobilenet_orig,48,faithfulness,0.33348768949508667
121,mobilenet_orig,48,robustness,0.8688943982124329
121,mobilenet_orig,48,complexity,0.46035287472219505
121,mobilenet_orig,49,faithfulness,-0.10756854712963104
121,mobilenet_orig,49,robustness,0.7051546573638916
121,mobilenet_orig,49,complexity,0.6039465626958312
121,mobilenet_orig,50,faithfulness,0.08325059711933136
121,mobilenet_orig,50,robustness,0.6414107084274292
121,mobilenet_orig,50,complexity,0.6681457805870433
121,mobilenet_orig,51,faithfulness,0.2790621519088745
121,mobilenet_orig,51,robustness,7.94025993347168
121,mobilenet_orig,51,complexity,0.856832653738034
121,mobilenet_orig,52,faithfulness,0.19406329095363617
121,mobilenet_orig,52,robustness,0.7316039800643921
121,mobilenet_orig,52,complexity,0.5610630244010631
121,mobilenet_orig,53,faithfulness,-0.1370198130607605
121,mobilenet_orig,53,robustness,0.9850449562072754
121,mobilenet_orig,53,complexity,0.47538615849724364
121,mobilenet_orig,54,faithfulness,-0.3625216782093048
121,mobilenet_orig,54,robustness,0.7360729575157166
121,mobilenet_orig,54,complexity,0.45710670909953344
121,mobilenet_orig,55,faithfulness,0.322216659784317
121,mobilenet_orig,55,robustness,0.9361656308174133
121,mobilenet_orig,55,complexity,0.5414195716756182
121,mobilenet_orig,56,faithfulness,0.4294542670249939
121,mobilenet_orig,56,robustness,0.9443727135658264
121,mobilenet_orig,56,complexity,0.5479727782242112
121,mobilenet_orig,57,faithfulness,0.08920618891716003
121,mobilenet_orig,57,robustness,1.2209125757217407
121,mobilenet_orig,57,complexity,0.6052038204731444
121,mobilenet_orig,58,faithfulness,-0.0074852705001831055
121,mobilenet_orig,58,robustness,0.5148290991783142
121,mobilenet_orig,58,complexity,0.5081501937999643
121,mobilenet_recplot,0,faithfulness,0.2199961096048355
121,mobilenet_recplot,0,robustness,1.0553677082061768
121,mobilenet_recplot,0,complexity,0.6954198566349323
121,mobilenet_recplot,1,faithfulness,0.11376336216926575
121,mobilenet_recplot,1,robustness,1.755075454711914
121,mobilenet_recplot,1,complexity,0.8012626299763798
121,mobilenet_recplot,2,faithfulness,0.01681799814105034
121,mobilenet_recplot,2,robustness,1.0065736770629883
121,mobilenet_recplot,2,complexity,0.7608209571042219
121,mobilenet_recplot,3,faithfulness,0.1576252579689026
121,mobilenet_recplot,3,robustness,0.9954673647880554
121,mobilenet_recplot,3,complexity,0.6242521626256043
121,mobilenet_recplot,4,faithfulness,0.16010847687721252
121,mobilenet_recplot,4,robustness,0.9907515048980713
121,mobilenet_recplot,4,complexity,0.5608326162627918
121,mobilenet_recplot,5,faithfulness,0.3814924955368042
121,mobilenet_recplot,5,robustness,0.9989591836929321
121,mobilenet_recplot,5,complexity,0.572087752029276
121,mobilenet_recplot,6,faithfulness,0.10573630034923553
121,mobilenet_recplot,6,robustness,0.9931129813194275
121,mobilenet_recplot,6,complexity,0.5798035196787232
121,mobilenet_recplot,7,faithfulness,0.02965456247329712
121,mobilenet_recplot,7,robustness,2.201549768447876
121,mobilenet_recplot,7,complexity,0.5544275057847196
121,mobilenet_recplot,8,faithfulness,0.2211769074201584
121,mobilenet_recplot,8,robustness,0.9887853264808655
121,mobilenet_recplot,8,complexity,0.6021982782588537
121,mobilenet_recplot,9,faithfulness,0.03665398061275482
121,mobilenet_recplot,9,robustness,0.9862530827522278
121,mobilenet_recplot,9,complexity,0.49742276913358513
121,mobilenet_recplot,10,faithfulness,-0.1049334704875946
121,mobilenet_recplot,10,robustness,0.9904665350914001
121,mobilenet_recplot,10,complexity,0.4743827743383137
121,mobilenet_recplot,11,faithfulness,0.27418234944343567
121,mobilenet_recplot,11,robustness,1.0828968286514282
121,mobilenet_recplot,11,complexity,0.7658987771798023
121,mobilenet_recplot,12,faithfulness,0.1684747189283371
121,mobilenet_recplot,12,robustness,0.9876249432563782
121,mobilenet_recplot,12,complexity,0.5280767615929804
121,mobilenet_recplot,13,faithfulness,0.3225536346435547
121,mobilenet_recplot,13,robustness,0.9986853003501892
121,mobilenet_recplot,13,complexity,0.5317465962108534
121,mobilenet_recplot,14,faithfulness,-0.02477903664112091
121,mobilenet_recplot,14,robustness,0.9878775477409363
121,mobilenet_recplot,14,complexity,0.6788047343901003
121,mobilenet_recplot,15,faithfulness,-0.06623449921607971
121,mobilenet_recplot,15,robustness,1.7196853160858154
121,mobilenet_recplot,15,complexity,0.8122744499723503
121,mobilenet_recplot,16,faithfulness,0.2837081551551819
121,mobilenet_recplot,16,robustness,1.5552873611450195
121,mobilenet_recplot,16,complexity,0.7191540734703217
121,mobilenet_recplot,17,faithfulness,-0.12130273133516312
121,mobilenet_recplot,17,robustness,0.9910345077514648
121,mobilenet_recplot,17,complexity,0.5653184678722739
121,mobilenet_recplot,18,faithfulness,0.21508681774139404
121,mobilenet_recplot,18,robustness,0.9873632192611694
121,mobilenet_recplot,18,complexity,0.6317755057580681
121,mobilenet_recplot,19,faithfulness,-0.04576534032821655
121,mobilenet_recplot,19,robustness,0.9448184967041016
121,mobilenet_recplot,19,complexity,0.5521073939776298
121,mobilenet_recplot,20,faithfulness,0.36065930128097534
121,mobilenet_recplot,20,robustness,0.9956026673316956
121,mobilenet_recplot,20,complexity,0.5071972907553454
121,mobilenet_recplot,21,faithfulness,0.2021806240081787
121,mobilenet_recplot,21,robustness,0.9199939370155334
121,mobilenet_recplot,21,complexity,0.5883915388939066
121,mobilenet_recplot,22,faithfulness,-0.21058738231658936
121,mobilenet_recplot,22,robustness,0.9713738560676575
121,mobilenet_recplot,22,complexity,0.44575016525536304
121,mobilenet_recplot,23,faithfulness,0.14307114481925964
121,mobilenet_recplot,23,robustness,0.9325348138809204
121,mobilenet_recplot,23,complexity,0.8105177463210566
121,mobilenet_recplot,24,faithfulness,0.12369295954704285
121,mobilenet_recplot,24,robustness,1.1258255243301392
121,mobilenet_recplot,24,complexity,0.6185658002528531
121,mobilenet_recplot,25,faithfulness,0.39714738726615906
121,mobilenet_recplot,25,robustness,1.1025288105010986
121,mobilenet_recplot,25,complexity,0.6259957346332297
121,mobilenet_recplot,26,faithfulness,0.21658599376678467
121,mobilenet_recplot,26,robustness,0.9568561911582947
121,mobilenet_recplot,26,complexity,0.6024880611971138
121,mobilenet_recplot,27,faithfulness,0.17711499333381653
121,mobilenet_recplot,27,robustness,0.9324631690979004
121,mobilenet_recplot,27,complexity,0.7083849084494139
121,mobilenet_recplot,28,faithfulness,-0.15402287244796753
121,mobilenet_recplot,28,robustness,0.9964008927345276
121,mobilenet_recplot,28,complexity,0.6182040435410247
121,mobilenet_recplot,29,faithfulness,0.23932364583015442
121,mobilenet_recplot,29,robustness,0.9664344787597656
121,mobilenet_recplot,29,complexity,0.5273879447078265
121,mobilenet_recplot,30,faithfulness,-0.04657301306724548
121,mobilenet_recplot,30,robustness,1.1355650424957275
121,mobilenet_recplot,30,complexity,0.6159775164549033
121,mobilenet_recplot,31,faithfulness,0.19710773229599
121,mobilenet_recplot,31,robustness,1.082367181777954
121,mobilenet_recplot,31,complexity,0.6298435588902006
121,mobilenet_recplot,32,faithfulness,0.07128182053565979
121,mobilenet_recplot,32,robustness,1.3456162214279175
121,mobilenet_recplot,32,complexity,0.6512305190523008
121,mobilenet_recplot,33,faithfulness,0.24069035053253174
121,mobilenet_recplot,33,robustness,1.0044091939926147
121,mobilenet_recplot,33,complexity,0.6119638543070346
121,mobilenet_recplot,34,faithfulness,0.15923410654067993
121,mobilenet_recplot,34,robustness,1.3378331661224365
121,mobilenet_recplot,34,complexity,0.6331132896867162
121,mobilenet_recplot,35,faithfulness,0.359943687915802
121,mobilenet_recplot,35,robustness,1.0800567865371704
121,mobilenet_recplot,35,complexity,0.6114765014492759
121,mobilenet_recplot,36,faithfulness,0.16491225361824036
121,mobilenet_recplot,36,robustness,3.3925297260284424
121,mobilenet_recplot,36,complexity,0.8635595401371404
121,mobilenet_recplot,37,faithfulness,0.06336552649736404
121,mobilenet_recplot,37,robustness,0.9723861813545227
121,mobilenet_recplot,37,complexity,0.40465822386073697
121,mobilenet_recplot,38,faithfulness,0.1996382772922516
121,mobilenet_recplot,38,robustness,0.979564368724823
121,mobilenet_recplot,38,complexity,0.6176598600528611
121,mobilenet_recplot,39,faithfulness,-0.1294631063938141
121,mobilenet_recplot,39,robustness,0.9926021695137024
121,mobilenet_recplot,39,complexity,0.8525562942962887
121,mobilenet_recplot,40,faithfulness,0.08398526161909103
121,mobilenet_recplot,40,robustness,0.9800785183906555
121,mobilenet_recplot,40,complexity,0.6419157796741699
121,mobilenet_recplot,41,faithfulness,
121,mobilenet_recplot,41,robustness,inf
121,mobilenet_recplot,41,complexity,0.0
121,mobilenet_recplot,42,faithfulness,0.3462387025356293
121,mobilenet_recplot,42,robustness,0.982327938079834
121,mobilenet_recplot,42,complexity,0.507872349356011
121,mobilenet_recplot,43,faithfulness,0.32495275139808655
121,mobilenet_recplot,43,robustness,0.9759711623191833
121,mobilenet_recplot,43,complexity,0.7259804594122994
121,mobilenet_recplot,44,faithfulness,0.03073541820049286
121,mobilenet_recplot,44,robustness,0.9917256236076355
121,mobilenet_recplot,44,complexity,0.504920839971863
121,mobilenet_recplot,45,faithfulness,0.1888895481824875
121,mobilenet_recplot,45,robustness,0.9606150984764099
121,mobilenet_recplot,45,complexity,0.7815661452359874
121,mobilenet_recplot,46,faithfulness,-0.055266112089157104
121,mobilenet_recplot,46,robustness,0.9930779337882996
121,mobilenet_recplot,46,complexity,0.5249918558589141
121,mobilenet_recplot,47,faithfulness,-0.11315019428730011
121,mobilenet_recplot,47,robustness,1.0
121,mobilenet_recplot,47,complexity,0.41943340900804005
121,mobilenet_recplot,48,faithfulness,0.10898465663194656
121,mobilenet_recplot,48,robustness,1.0
121,mobilenet_recplot,48,complexity,0.42931330702756026
121,mobilenet_recplot,49,faithfulness,0.019673794507980347
121,mobilenet_recplot,49,robustness,1.1132333278656006
121,mobilenet_recplot,49,complexity,0.7693159492578332
121,mobilenet_recplot,50,faithfulness,-0.27070194482803345
121,mobilenet_recplot,50,robustness,1.0
121,mobilenet_recplot,50,complexity,0.5190879974545717
121,mobilenet_recplot,51,faithfulness,-0.07241252064704895
121,mobilenet_recplot,51,robustness,1.0
121,mobilenet_recplot,51,complexity,0.5859760823271764
121,mobilenet_recplot,52,faithfulness,0.24369311332702637
121,mobilenet_recplot,52,robustness,1.000311255455017
121,mobilenet_recplot,52,complexity,0.7093515118668123
121,mobilenet_recplot,53,faithfulness,0.20928548276424408
121,mobilenet_recplot,53,robustness,1.0
121,mobilenet_recplot,53,complexity,0.43606012349447715
121,mobilenet_recplot,54,faithfulness,0.08911646157503128
121,mobilenet_recplot,54,robustness,1.0
121,mobilenet_recplot,54,complexity,0.5052884324251049
121,mobilenet_recplot,55,faithfulness,0.25938498973846436
121,mobilenet_recplot,55,robustness,1.0127938985824585
121,mobilenet_recplot,55,complexity,0.7552489978158369
121,mobilenet_recplot,56,faithfulness,0.1499899923801422
121,mobilenet_recplot,56,robustness,1.0
121,mobilenet_recplot,56,complexity,0.38966199650891387
121,mobilenet_recplot,57,faithfulness,-0.01714428700506687
121,mobilenet_recplot,57,robustness,1.0016597509384155
121,mobilenet_recplot,57,complexity,0.6695580530875905
121,mobilenet_recplot,58,faithfulness,0.3545112609863281
121,mobilenet_recplot,58,robustness,1.000123381614685
121,mobilenet_recplot,58,complexity,0.6409664873106965
121,effnet_orig,0,faithfulness,0.0681019276380539
121,effnet_orig,0,robustness,1.264952301979065
121,effnet_orig,0,complexity,0.5001442523993561
121,effnet_orig,1,faithfulness,0.28325849771499634
121,effnet_orig,1,robustness,0.7851499319076538
121,effnet_orig,1,complexity,0.4807546723283204
121,effnet_orig,2,faithfulness,-0.11816205829381943
121,effnet_orig,2,robustness,0.9711341857910156
121,effnet_orig,2,complexity,0.49874790948327646
121,effnet_orig,3,faithfulness,-0.08164766430854797
121,effnet_orig,3,robustness,1.394356369972229
121,effnet_orig,3,complexity,0.6547617174682822
121,effnet_orig,4,faithfulness,0.10363757610321045
121,effnet_orig,4,robustness,0.5441306829452515
121,effnet_orig,4,complexity,0.3274731537332998
121,effnet_orig,5,faithfulness,-0.06769251823425293
121,effnet_orig,5,robustness,0.861663818359375
121,effnet_orig,5,complexity,0.3104850545545061
121,effnet_orig,6,faithfulness,-0.24636885523796082
121,effnet_orig,6,robustness,0.6037703156471252
121,effnet_orig,6,complexity,0.36099562774246186
121,effnet_orig,7,faithfulness,0.06746812909841537
121,effnet_orig,7,robustness,0.8894521594047546
121,effnet_orig,7,complexity,0.4937408583718004
121,effnet_orig,8,faithfulness,-0.15861313045024872
121,effnet_orig,8,robustness,0.7810860276222229
121,effnet_orig,8,complexity,0.4847251758772451
121,effnet_orig,9,faithfulness,0.21281233429908752
121,effnet_orig,9,robustness,0.8833664059638977
121,effnet_orig,9,complexity,0.42703338793006873
121,effnet_orig,10,faithfulness,0.20440885424613953
121,effnet_orig,10,robustness,0.7749049067497253
121,effnet_orig,10,complexity,0.5776871474921929
121,effnet_orig,11,faithfulness,-0.13470673561096191
121,effnet_orig,11,robustness,0.7383111715316772
121,effnet_orig,11,complexity,0.47214171837806085
121,effnet_orig,12,faithfulness,0.0632995218038559
121,effnet_orig,12,robustness,0.973859965801239
121,effnet_orig,12,complexity,0.5293297165582223
121,effnet_orig,13,faithfulness,-0.01331687718629837
121,effnet_orig,13,robustness,0.7423187494277954
121,effnet_orig,13,complexity,0.469443418798813
121,effnet_orig,14,faithfulness,0.31770822405815125
121,effnet_orig,14,robustness,0.4652559459209442
121,effnet_orig,14,complexity,0.45308806862504253
121,effnet_orig,15,faithfulness,0.26834622025489807
121,effnet_orig,15,robustness,4.894751071929932
121,effnet_orig,15,complexity,0.8782852270730157
121,effnet_orig,16,faithfulness,0.0002669990062713623
121,effnet_orig,16,robustness,0.9022694826126099
121,effnet_orig,16,complexity,0.46438072786824136
121,effnet_orig,17,faithfulness,-0.08104483038187027
121,effnet_orig,17,robustness,0.6856615543365479
121,effnet_orig,17,complexity,0.386071296315423
121,effnet_orig,18,faithfulness,0.03300222009420395
121,effnet_orig,18,robustness,0.523417592048645
121,effnet_orig,18,complexity,0.3842425571328448
121,effnet_orig,19,faithfulness,-0.21641145646572113
121,effnet_orig,19,robustness,0.43110597133636475
121,effnet_orig,19,complexity,0.5540168619060724
121,effnet_orig,20,faithfulness,0.3402519226074219
121,effnet_orig,20,robustness,0.4446107745170593
121,effnet_orig,20,complexity,0.4225698942941528
121,effnet_orig,21,faithfulness,0.1362580955028534
121,effnet_orig,21,robustness,0.5993441343307495
121,effnet_orig,21,complexity,0.6504946884256658
121,effnet_orig,22,faithfulness,0.04775746166706085
121,effnet_orig,22,robustness,0.6293421983718872
121,effnet_orig,22,complexity,0.48803540669065876
121,effnet_orig,23,faithfulness,-0.024729661643505096
121,effnet_orig,23,robustness,0.6944717764854431
121,effnet_orig,23,complexity,0.5360367745391419
121,effnet_orig,24,faithfulness,0.09817089885473251
121,effnet_orig,24,robustness,0.9713941812515259
121,effnet_orig,24,complexity,0.5925070709916901
121,effnet_orig,25,faithfulness,0.022967521101236343
121,effnet_orig,25,robustness,0.4419844448566437
121,effnet_orig,25,complexity,0.685183382696491
121,effnet_orig,26,faithfulness,0.3472101092338562
121,effnet_orig,26,robustness,0.3119193911552429
121,effnet_orig,26,complexity,0.6547712850584613
121,effnet_orig,27,faithfulness,-0.027660056948661804
121,effnet_orig,27,robustness,0.6376166343688965
121,effnet_orig,27,complexity,0.5409048634695727
121,effnet_orig,28,faithfulness,-0.0008606817573308945
121,effnet_orig,28,robustness,0.7900555729866028
121,effnet_orig,28,complexity,0.4550749298731718
121,effnet_orig,29,faithfulness,0.24339255690574646
121,effnet_orig,29,robustness,0.49829328060150146
121,effnet_orig,29,complexity,0.4335104746112956
121,effnet_orig,30,faithfulness,0.30075526237487793
121,effnet_orig,30,robustness,0.42942699790000916
121,effnet_orig,30,complexity,0.6530438484455463
121,effnet_orig,31,faithfulness,0.22586248815059662
121,effnet_orig,31,robustness,1.6591604948043823
121,effnet_orig,31,complexity,0.6527526523455464
121,effnet_orig,32,faithfulness,-0.14918756484985352
121,effnet_orig,32,robustness,1.1383286714553833
121,effnet_orig,32,complexity,0.5749550163912982
121,effnet_orig,33,faithfulness,0.434164822101593
121,effnet_orig,33,robustness,0.4117571711540222
121,effnet_orig,33,complexity,0.6765066021770242
121,effnet_orig,34,faithfulness,-0.2900436818599701
121,effnet_orig,34,robustness,0.4992872178554535
121,effnet_orig,34,complexity,0.5881789315578506
121,effnet_orig,35,faithfulness,-0.05488310754299164
121,effnet_orig,35,robustness,0.8706020712852478
121,effnet_orig,35,complexity,0.4760807708586169
121,effnet_orig,36,faithfulness,-0.22105924785137177
121,effnet_orig,36,robustness,0.6470631957054138
121,effnet_orig,36,complexity,0.6296065236437836
121,effnet_orig,37,faithfulness,0.17013263702392578
121,effnet_orig,37,robustness,1.3041552305221558
121,effnet_orig,37,complexity,0.5759778246585596
121,effnet_orig,38,faithfulness,0.23028704524040222
121,effnet_orig,38,robustness,0.48892807960510254
121,effnet_orig,38,complexity,0.4584347074192754
121,effnet_orig,39,faithfulness,0.2566247284412384
121,effnet_orig,39,robustness,0.8788093328475952
121,effnet_orig,39,complexity,0.3841666869218121
121,effnet_orig,40,faithfulness,0.06509333848953247
121,effnet_orig,40,robustness,0.45911169052124023
121,effnet_orig,40,complexity,0.24254443589188132
121,effnet_orig,41,faithfulness,0.09730145335197449
121,effnet_orig,41,robustness,0.3802157938480377
121,effnet_orig,41,complexity,0.39882519209352724
121,effnet_orig,42,faithfulness,0.15500526130199432
121,effnet_orig,42,robustness,0.6538218259811401
121,effnet_orig,42,complexity,0.3849015890935184
121,effnet_orig,43,faithfulness,-0.003405878320336342
121,effnet_orig,43,robustness,0.5413751006126404
121,effnet_orig,43,complexity,0.4842171269176165
121,effnet_orig,44,faithfulness,-0.12465231865644455
121,effnet_orig,44,robustness,0.5862867832183838
121,effnet_orig,44,complexity,0.3343523595199395
121,effnet_orig,45,faithfulness,0.3910263776779175
121,effnet_orig,45,robustness,0.6865777373313904
121,effnet_orig,45,complexity,0.38282304302560116
121,effnet_orig,46,faithfulness,-0.12932488322257996
121,effnet_orig,46,robustness,0.5139598250389099
121,effnet_orig,46,complexity,0.4146881519106293
121,effnet_orig,47,faithfulness,-0.087955541908741
121,effnet_orig,47,robustness,0.6404584646224976
121,effnet_orig,47,complexity,0.25339335112267386
121,effnet_orig,48,faithfulness,-0.1614714115858078
121,effnet_orig,48,robustness,0.542126476764679
121,effnet_orig,48,complexity,0.3265945315493807
121,effnet_orig,49,faithfulness,0.0776042640209198
121,effnet_orig,49,robustness,0.5686123371124268
121,effnet_orig,49,complexity,0.45784308959223907
121,effnet_orig,50,faithfulness,-0.34227293729782104
121,effnet_orig,50,robustness,0.5932343602180481
121,effnet_orig,50,complexity,0.41845319068757253
121,effnet_orig,51,faithfulness,0.20191727578639984
121,effnet_orig,51,robustness,0.9217364192008972
121,effnet_orig,51,complexity,0.4194307852103267
121,effnet_orig,52,faithfulness,0.21631929278373718
121,effnet_orig,52,robustness,0.7991148233413696
121,effnet_orig,52,complexity,0.5159615818624904
121,effnet_orig,53,faithfulness,-0.13970664143562317
121,effnet_orig,53,robustness,0.787639319896698
121,effnet_orig,53,complexity,0.2939565733383309
121,effnet_orig,54,faithfulness,-0.020021259784698486
121,effnet_orig,54,robustness,0.7637495398521423
121,effnet_orig,54,complexity,0.21193364032299947
121,effnet_orig,55,faithfulness,0.15989264845848083
121,effnet_orig,55,robustness,0.8540230989456177
121,effnet_orig,55,complexity,0.2858672191219114
121,effnet_orig,56,faithfulness,0.11050868034362793
121,effnet_orig,56,robustness,0.44928133487701416
121,effnet_orig,56,complexity,0.32020266237745826
121,effnet_orig,57,faithfulness,0.12096995115280151
121,effnet_orig,57,robustness,0.5693076848983765
121,effnet_orig,57,complexity,0.3823507042605388
121,effnet_orig,58,faithfulness,0.15216176211833954
121,effnet_orig,58,robustness,0.4487278461456299
121,effnet_orig,58,complexity,0.3116831831369455
121,effnet_recplot,0,faithfulness,0.08327516913414001
121,effnet_recplot,0,robustness,1.0
121,effnet_recplot,0,complexity,0.7418531996326976
121,effnet_recplot,1,faithfulness,0.07844565808773041
121,effnet_recplot,1,robustness,1.0
121,effnet_recplot,1,complexity,0.7245239656415707
121,effnet_recplot,2,faithfulness,-0.16875556111335754
121,effnet_recplot,2,robustness,1.0
121,effnet_recplot,2,complexity,0.5083861750049957
121,effnet_recplot,3,faithfulness,0.23890647292137146
121,effnet_recplot,3,robustness,1.0
121,effnet_recplot,3,complexity,0.7585961114528773
121,effnet_recplot,4,faithfulness,0.14090734720230103
121,effnet_recplot,4,robustness,1.0
121,effnet_recplot,4,complexity,0.49311790853463605
121,effnet_recplot,5,faithfulness,0.11499796062707901
121,effnet_recplot,5,robustness,1.0
121,effnet_recplot,5,complexity,0.40643383037891784
121,effnet_recplot,6,faithfulness,0.02532976120710373
121,effnet_recplot,6,robustness,1.0
121,effnet_recplot,6,complexity,0.44224315926262986
121,effnet_recplot,7,faithfulness,0.06962448358535767
121,effnet_recplot,7,robustness,1.0162022113800049
121,effnet_recplot,7,complexity,0.8095128193654543
121,effnet_recplot,8,faithfulness,0.05728785693645477
121,effnet_recplot,8,robustness,1.0
121,effnet_recplot,8,complexity,0.4576439306253472
121,effnet_recplot,9,faithfulness,-0.03898923471570015
121,effnet_recplot,9,robustness,1.0
121,effnet_recplot,9,complexity,0.43787512233341697
121,effnet_recplot,10,faithfulness,-0.5076061487197876
121,effnet_recplot,10,robustness,1.0
121,effnet_recplot,10,complexity,0.4132885959515846
121,effnet_recplot,11,faithfulness,0.059735674411058426
121,effnet_recplot,11,robustness,1.0
121,effnet_recplot,11,complexity,0.7988514071079879
121,effnet_recplot,12,faithfulness,0.03436168655753136
121,effnet_recplot,12,robustness,1.0
121,effnet_recplot,12,complexity,0.5043834134747028
121,effnet_recplot,13,faithfulness,0.058178260922431946
121,effnet_recplot,13,robustness,1.0
121,effnet_recplot,13,complexity,0.6342427286999273
121,effnet_recplot,14,faithfulness,0.204348623752594
121,effnet_recplot,14,robustness,1.0
121,effnet_recplot,14,complexity,0.5377352540838978
121,effnet_recplot,15,faithfulness,-0.10304944217205048
121,effnet_recplot,15,robustness,1.0162140130996704
121,effnet_recplot,15,complexity,0.7218452186619028
121,effnet_recplot,16,faithfulness,0.4748762845993042
121,effnet_recplot,16,robustness,1.0
121,effnet_recplot,16,complexity,0.6061445106409072
121,effnet_recplot,17,faithfulness,0.1398206204175949
121,effnet_recplot,17,robustness,1.0
121,effnet_recplot,17,complexity,0.4433447549043093
121,effnet_recplot,18,faithfulness,0.1891593486070633
121,effnet_recplot,18,robustness,0.9710608720779419
121,effnet_recplot,18,complexity,0.5245735216774468
121,effnet_recplot,19,faithfulness,0.19698303937911987
121,effnet_recplot,19,robustness,2.4479761123657227
121,effnet_recplot,19,complexity,0.5240955373792886
121,effnet_recplot,20,faithfulness,-0.10209104418754578
121,effnet_recplot,20,robustness,0.9692947268486023
121,effnet_recplot,20,complexity,0.48212079360768345
121,effnet_recplot,21,faithfulness,0.16938918828964233
121,effnet_recplot,21,robustness,1.7055102586746216
121,effnet_recplot,21,complexity,0.5235760257182588
121,effnet_recplot,22,faithfulness,-0.018051229417324066
121,effnet_recplot,22,robustness,2.69832444190979
121,effnet_recplot,22,complexity,0.35513849767565714
121,effnet_recplot,23,faithfulness,0.1712268739938736
121,effnet_recplot,23,robustness,18.76822853088379
121,effnet_recplot,23,complexity,0.436186118576346
121,effnet_recplot,24,faithfulness,0.14935709536075592
121,effnet_recplot,24,robustness,1.7353166341781616
121,effnet_recplot,24,complexity,0.5279446039007111
121,effnet_recplot,25,faithfulness,-0.002423986792564392
121,effnet_recplot,25,robustness,2.9161105155944824
121,effnet_recplot,25,complexity,0.6707637031105542
121,effnet_recplot,26,faithfulness,0.44359105825424194
121,effnet_recplot,26,robustness,10.109475135803223
121,effnet_recplot,26,complexity,0.8001771936865281
121,effnet_recplot,27,faithfulness,0.22404901683330536
121,effnet_recplot,27,robustness,2.4123950004577637
121,effnet_recplot,27,complexity,0.8386694632981545
121,effnet_recplot,28,faithfulness,0.05050273239612579
121,effnet_recplot,28,robustness,3.0284299850463867
121,effnet_recplot,28,complexity,0.24660445677814466
121,effnet_recplot,29,faithfulness,0.20145298540592194
121,effnet_recplot,29,robustness,1.2995144128799438
121,effnet_recplot,29,complexity,0.6883318164336627
121,effnet_recplot,30,faithfulness,0.15365444123744965
121,effnet_recplot,30,robustness,2.9974029064178467
121,effnet_recplot,30,complexity,0.6690166036291971
121,effnet_recplot,31,faithfulness,0.03657922148704529
121,effnet_recplot,31,robustness,1.7662112712860107
121,effnet_recplot,31,complexity,0.6535103912163367
121,effnet_recplot,32,faithfulness,0.07608690857887268
121,effnet_recplot,32,robustness,2.4817333221435547
121,effnet_recplot,32,complexity,0.6121822196556728
121,effnet_recplot,33,faithfulness,0.000637764111161232
121,effnet_recplot,33,robustness,1.706913948059082
121,effnet_recplot,33,complexity,0.6112502194345509
121,effnet_recplot,34,faithfulness,-0.1595746874809265
121,effnet_recplot,34,robustness,4.799231052398682
121,effnet_recplot,34,complexity,0.7472350226888189
121,effnet_recplot,35,faithfulness,0.4824729561805725
121,effnet_recplot,35,robustness,2.096251964569092
121,effnet_recplot,35,complexity,0.7016654439997118
121,effnet_recplot,36,faithfulness,
121,effnet_recplot,36,robustness,inf
121,effnet_recplot,36,complexity,0.0
121,effnet_recplot,37,faithfulness,0.04663302004337311
121,effnet_recplot,37,robustness,1.511182427406311
121,effnet_recplot,37,complexity,0.6310341693729707
121,effnet_recplot,38,faithfulness,0.17755509912967682
121,effnet_recplot,38,robustness,3.051945209503174
121,effnet_recplot,38,complexity,0.546670653806666
121,effnet_recplot,39,faithfulness,0.26618123054504395
121,effnet_recplot,39,robustness,1.6439164876937866
121,effnet_recplot,39,complexity,0.5905642509193371
121,effnet_recplot,40,faithfulness,-0.04333250969648361
121,effnet_recplot,40,robustness,3.563185453414917
121,effnet_recplot,40,complexity,0.3535240811770654
121,effnet_recplot,41,faithfulness,
121,effnet_recplot,41,robustness,inf
121,effnet_recplot,41,complexity,0.0
121,effnet_recplot,42,faithfulness,0.13749957084655762
121,effnet_recplot,42,robustness,1.8182226419448853
121,effnet_recplot,42,complexity,0.37538967593885114
121,effnet_recplot,43,faithfulness,-0.17591705918312073
121,effnet_recplot,43,robustness,3.642355442047119
121,effnet_recplot,43,complexity,0.5871460693355471
121,effnet_recplot,44,faithfulness,0.018131893128156662
121,effnet_recplot,44,robustness,3.9878315925598145
121,effnet_recplot,44,complexity,0.36735008343068476
121,effnet_recplot,45,faithfulness,0.2255849838256836
121,effnet_recplot,45,robustness,11.754326820373535
121,effnet_recplot,45,complexity,0.679032700409248
121,effnet_recplot,46,faithfulness,0.04966534301638603
121,effnet_recplot,46,robustness,0.9816644191741943
121,effnet_recplot,46,complexity,0.46548780387909433
121,effnet_recplot,47,faithfulness,0.1441510021686554
121,effnet_recplot,47,robustness,1.0
121,effnet_recplot,47,complexity,0.2034558626316825
121,effnet_recplot,48,faithfulness,0.09896214306354523
121,effnet_recplot,48,robustness,1.0
121,effnet_recplot,48,complexity,0.19552752164192297
121,effnet_recplot,49,faithfulness,-0.2068803310394287
121,effnet_recplot,49,robustness,1.0
121,effnet_recplot,49,complexity,0.7728531241461147
121,effnet_recplot,50,faithfulness,0.2663349509239197
121,effnet_recplot,50,robustness,1.0
121,effnet_recplot,50,complexity,0.37844714691810316
121,effnet_recplot,51,faithfulness,0.23700575530529022
121,effnet_recplot,51,robustness,1.0
121,effnet_recplot,51,complexity,0.4420732935580084
121,effnet_recplot,52,faithfulness,0.2608751952648163
121,effnet_recplot,52,robustness,1.0
121,effnet_recplot,52,complexity,0.5255863224049376
121,effnet_recplot,53,faithfulness,-0.2712083160877228
121,effnet_recplot,53,robustness,1.0
121,effnet_recplot,53,complexity,0.2827456758829086
121,effnet_recplot,54,faithfulness,-0.1627608835697174
121,effnet_recplot,54,robustness,1.0
121,effnet_recplot,54,complexity,0.20508024168562503
121,effnet_recplot,55,faithfulness,0.07023084163665771
121,effnet_recplot,55,robustness,1.0
121,effnet_recplot,55,complexity,0.5931004484412288
121,effnet_recplot,56,faithfulness,-0.07743241637945175
121,effnet_recplot,56,robustness,1.0
121,effnet_recplot,56,complexity,0.19982890661919075
121,effnet_recplot,57,faithfulness,0.19137395918369293
121,effnet_recplot,57,robustness,1.0
121,effnet_recplot,57,complexity,0.37568632712840627
121,effnet_recplot,58,faithfulness,0.15326477587223053
121,effnet_recplot,58,robustness,1.0
121,effnet_recplot,58,complexity,0.47806044349470017
