seed,branch,amostra,metrica,valor
7,mobilenet_orig,0,faithfulness,-0.10066442936658859
7,mobilenet_orig,0,robustness,2.3084514141082764
7,mobilenet_orig,0,complexity,0.6627285862747502
7,mobilenet_orig,1,faithfulness,-0.18070778250694275
7,mobilenet_orig,1,robustness,1.0980262756347656
7,mobilenet_orig,1,complexity,0.6664271249480919
7,mobilenet_orig,2,faithfulness,-0.052967458963394165
7,mobilenet_orig,2,robustness,1.3390414714813232
7,mobilenet_orig,2,complexity,0.6530694513013258
7,mobilenet_orig,3,faithfulness,0.43218356370925903
7,mobilenet_orig,3,robustness,1.698921799659729
7,mobilenet_orig,3,complexity,0.49645167901910464
7,mobilenet_orig,4,faithfulness,-0.13472026586532593
7,mobilenet_orig,4,robustness,0.6631923317909241
7,mobilenet_orig,4,complexity,0.40403427533474356
7,mobilenet_orig,5,faithfulness,0.401405394077301
7,mobilenet_orig,5,robustness,0.7196390628814697
7,mobilenet_orig,5,complexity,0.5399132439606518
7,mobilenet_orig,6,faithfulness,0.24043028056621552
7,mobilenet_orig,6,robustness,0.6369280219078064
7,mobilenet_orig,6,complexity,0.5019293169961857
7,mobilenet_orig,7,faithfulness,-0.10068666934967041
7,mobilenet_orig,7,robustness,2.747967481613159
7,mobilenet_orig,7,complexity,0.7619943819712969
7,mobilenet_orig,8,faithfulness,0.10183747112751007
7,mobilenet_orig,8,robustness,0.808555543422699
7,mobilenet_orig,8,complexity,0.6518336211701065
7,mobilenet_orig,9,faithfulness,0.04120013490319252
7,mobilenet_orig,9,robustness,1.4057106971740723
7,mobilenet_orig,9,complexity,0.6733780470716264
7,mobilenet_orig,10,faithfulness,0.20835936069488525
7,mobilenet_orig,10,robustness,0.6257237195968628
7,mobilenet_orig,10,complexity,0.6045858249290926
7,mobilenet_orig,11,faithfulness,0.030142057687044144
7,mobilenet_orig,11,robustness,0.8885640501976013
7,mobilenet_orig,11,complexity,0.639076177367684
7,mobilenet_orig,12,faithfulness,0.03915686160326004
7,mobilenet_orig,12,robustness,0.8433488607406616
7,mobilenet_orig,12,complexity,0.6029396014067643
7,mobilenet_orig,13,faithfulness,-0.06282257288694382
7,mobilenet_orig,13,robustness,1.1187489032745361
7,mobilenet_orig,13,complexity,0.561364236420791
7,mobilenet_orig,14,faithfulness,-0.17755575478076935
7,mobilenet_orig,14,robustness,0.6566041111946106
7,mobilenet_orig,14,complexity,0.36186123517237223
7,mobilenet_orig,15,faithfulness,-0.3725764751434326
7,mobilenet_orig,15,robustness,3.0186045169830322
7,mobilenet_orig,15,complexity,0.708651043296042
7,mobilenet_orig,16,faithfulness,0.07477958500385284
7,mobilenet_orig,16,robustness,0.45654597878456116
7,mobilenet_orig,16,complexity,0.7409079267610486
7,mobilenet_orig,17,faithfulness,0.16529755294322968
7,mobilenet_orig,17,robustness,0.8736934661865234
7,mobilenet_orig,17,complexity,0.524708043872243
7,mobilenet_orig,18,faithfulness,-0.20967452228069305
7,mobilenet_orig,18,robustness,0.5028529763221741
7,mobilenet_orig,18,complexity,0.5235476780249675
7,mobilenet_orig,19,faithfulness,-0.14013081789016724
7,mobilenet_orig,19,robustness,0.3626466393470764
7,mobilenet_orig,19,complexity,0.5293278670960129
7,mobilenet_orig,20,faithfulness,0.07884331047534943
7,mobilenet_orig,20,robustness,0.5086023211479187
7,mobilenet_orig,20,complexity,0.48447790455015205
7,mobilenet_orig,21,faithfulness,0.18338406085968018
7,mobilenet_orig,21,robustness,0.7643990516662598
7,mobilenet_orig,21,complexity,0.659818485910501
7,mobilenet_orig,22,faithfulness,0.2426576018333435
7,mobilenet_orig,22,robustness,1.1065603494644165
7,mobilenet_orig,22,complexity,0.40150439474392
7,mobilenet_orig,23,faithfulness,-0.19376523792743683
7,mobilenet_orig,23,robustness,0.7761968970298767
7,mobilenet_orig,23,complexity,0.42247217083649435
7,mobilenet_orig,24,faithfulness,-0.040764156728982925
7,mobilenet_orig,24,robustness,0.7273900508880615
7,mobilenet_orig,24,complexity,0.5901332030224191
7,mobilenet_orig,25,faithfulness,0.19089317321777344
7,mobilenet_orig,25,robustness,0.6058879494667053
7,mobilenet_orig,25,complexity,0.48370860613938194
7,mobilenet_orig,26,faithfulness,-0.08531507849693298
7,mobilenet_orig,26,robustness,0.6524579524993896
7,mobilenet_orig,26,complexity,0.6137421002645237
7,mobilenet_orig,27,faithfulness,0.06750918924808502
7,mobilenet_orig,27,robustness,1.0706151723861694
7,mobilenet_orig,27,complexity,0.5079594956869657
7,mobilenet_orig,28,faithfulness,-0.0810232013463974
7,mobilenet_orig,28,robustness,0.55652916431427
7,mobilenet_orig,28,complexity,0.5138248017126743
7,mobilenet_orig,29,faithfulness,-0.4380698800086975
7,mobilenet_orig,29,robustness,0.8836604356765747
7,mobilenet_orig,29,complexity,0.4170778470121085
7,mobilenet_orig,30,faithfulness,0.091200090944767
7,mobilenet_orig,30,robustness,0.6981936097145081
7,mobilenet_orig,30,complexity,0.5298983214878489
7,mobilenet_orig,31,faithfulness,0.2476203739643097
7,mobilenet_orig,31,robustness,0.7033791542053223
7,mobilenet_orig,31,complexity,0.5689559669385965
7,mobilenet_orig,32,faithfulness,0.02863997220993042
7,mobilenet_orig,32,robustness,0.6871058344841003
7,mobilenet_orig,32,complexity,0.6257122198890699
7,mobilenet_orig,33,faithfulness,-0.06059575080871582
7,mobilenet_orig,33,robustness,0.5387585759162903
7,mobilenet_orig,33,complexity,0.593701590370602
7,mobilenet_orig,34,faithfulness,-0.12241481244564056
7,mobilenet_orig,34,robustness,0.4200102686882019
7,mobilenet_orig,34,complexity,0.6680529069659946
7,mobilenet_orig,35,faithfulness,0.18070651590824127
7,mobilenet_orig,35,robustness,0.6578537821769714
7,mobilenet_orig,35,complexity,0.5653158797140965
7,mobilenet_orig,36,faithfulness,0.01836755871772766
7,mobilenet_orig,36,robustness,0.43342292308807373
7,mobilenet_orig,36,complexity,0.5266547378815918
7,mobilenet_orig,37,faithfulness,-0.24419215321540833
7,mobilenet_orig,37,robustness,0.8193176984786987
7,mobilenet_orig,37,complexity,0.4594241010465551
7,mobilenet_orig,38,faithfulness,0.12718136608600616
7,mobilenet_orig,38,robustness,0.8483725190162659
7,mobilenet_orig,38,complexity,0.5895893702306271
7,mobilenet_orig,39,faithfulness,0.16221949458122253
7,mobilenet_orig,39,robustness,0.6097388863563538
7,mobilenet_orig,39,complexity,0.5213891565830041
7,mobilenet_orig,40,faithfulness,-0.10560321062803268
7,mobilenet_orig,40,robustness,0.710390031337738
7,mobilenet_orig,40,complexity,0.4986843582990093
7,mobilenet_orig,41,faithfulness,0.21682992577552795
7,mobilenet_orig,41,robustness,0.4509519338607788
7,mobilenet_orig,41,complexity,0.5461948030136131
7,mobilenet_orig,42,faithfulness,-0.3310850262641907
7,mobilenet_orig,42,robustness,0.7818551063537598
7,mobilenet_orig,42,complexity,0.49450912133988334
7,mobilenet_orig,43,faithfulness,0.25647982954978943
7,mobilenet_orig,43,robustness,0.7054010033607483
7,mobilenet_orig,43,complexity,0.5051287764633949
7,mobilenet_orig,44,faithfulness,0.04704412817955017
7,mobilenet_orig,44,robustness,0.7138211727142334
7,mobilenet_orig,44,complexity,0.42105687348192666
7,mobilenet_orig,45,faithfulness,-0.04397790506482124
7,mobilenet_orig,45,robustness,0.7222185730934143
7,mobilenet_orig,45,complexity,0.5022139880504157
7,mobilenet_orig,46,faithfulness,0.009034745395183563
7,mobilenet_orig,46,robustness,0.47181591391563416
7,mobilenet_orig,46,complexity,0.5814993134967372
7,mobilenet_orig,47,faithfulness,0.1775253415107727
7,mobilenet_orig,47,robustness,0.8479679822921753
7,mobilenet_orig,47,complexity,0.6127743461955711
7,mobilenet_orig,48,faithfulness,0.12225484848022461
7,mobilenet_orig,48,robustness,0.8248335123062134
7,mobilenet_orig,48,complexity,0.546600498081122
7,mobilenet_orig,49,faithfulness,-0.059372901916503906
7,mobilenet_orig,49,robustness,0.8088547587394714
7,mobilenet_orig,49,complexity,0.6105788173264699
7,mobilenet_orig,50,faithfulness,0.2819831073284149
7,mobilenet_orig,50,robustness,0.8414846062660217
7,mobilenet_orig,50,complexity,0.6232133480234482
7,mobilenet_orig,51,faithfulness,-0.2785741090774536
7,mobilenet_orig,51,robustness,1.0333651304244995
7,mobilenet_orig,51,complexity,0.7974313784694657
7,mobilenet_orig,52,faithfulness,-0.10852323472499847
7,mobilenet_orig,52,robustness,0.8320415616035461
7,mobilenet_orig,52,complexity,0.6693519901137193
7,mobilenet_orig,53,faithfulness,0.45983588695526123
7,mobilenet_orig,53,robustness,0.9386507272720337
7,mobilenet_orig,53,complexity,0.5141967897699522
7,mobilenet_orig,54,faithfulness,-0.09461766481399536
7,mobilenet_orig,54,robustness,0.807328462600708
7,mobilenet_orig,54,complexity,0.5273801953976537
7,mobilenet_orig,55,faithfulness,-0.12597444653511047
7,mobilenet_orig,55,robustness,1.1486998796463013
7,mobilenet_orig,55,complexity,0.5618390881377854
7,mobilenet_orig,56,faithfulness,-0.3259612023830414
7,mobilenet_orig,56,robustness,0.5105951428413391
7,mobilenet_orig,56,complexity,0.5379427876723929
7,mobilenet_orig,57,faithfulness,0.19638480246067047
7,mobilenet_orig,57,robustness,0.9329455494880676
7,mobilenet_orig,57,complexity,0.6425233920273116
7,mobilenet_orig,58,faithfulness,-0.15262895822525024
7,mobilenet_orig,58,robustness,0.5874740481376648
7,mobilenet_orig,58,complexity,0.4680424280952533
7,mobilenet_recplot,0,faithfulness,-0.30919337272644043
7,mobilenet_recplot,0,robustness,1.05342435836792
7,mobilenet_recplot,0,complexity,0.832183529859349
7,mobilenet_recplot,1,faithfulness,-0.1294749677181244
7,mobilenet_recplot,1,robustness,1.0131887197494507
7,mobilenet_recplot,1,complexity,0.7719963611296842
7,mobilenet_recplot,2,faithfulness,0.027319982647895813
7,mobilenet_recplot,2,robustness,1.004636526107788
7,mobilenet_recplot,2,complexity,0.6591646581436752
7,mobilenet_recplot,3,faithfulness,0.43398988246917725
7,mobilenet_recplot,3,robustness,0.9999132752418518
7,mobilenet_recplot,3,complexity,0.6595911215863551
7,mobilenet_recplot,4,faithfulness,0.18871447443962097
7,mobilenet_recplot,4,robustness,0.9999562501907349
7,mobilenet_recplot,4,complexity,0.5134996143245117
7,mobilenet_recplot,5,faithfulness,0.013500362634658813
7,mobilenet_recplot,5,robustness,0.9999065399169922
7,mobilenet_recplot,5,complexity,0.521088038862056
7,mobilenet_recplot,6,faithfulness,0.011695407330989838
7,mobilenet_recplot,6,robustness,1.0
7,mobilenet_recplot,6,complexity,0.5211642992386498
7,mobilenet_recplot,7,faithfulness,-0.11939725279808044
7,mobilenet_recplot,7,robustness,3.7178518772125244
7,mobilenet_recplot,7,complexity,0.8700424758971358
7,mobilenet_recplot,8,faithfulness,0.09941788017749786
7,mobilenet_recplot,8,robustness,1.2411543130874634
7,mobilenet_recplot,8,complexity,0.7993913921356355
7,mobilenet_recplot,9,faithfulness,0.09864634275436401
7,mobilenet_recplot,9,robustness,1.0211665630340576
7,mobilenet_recplot,9,complexity,0.7938451825206974
7,mobilenet_recplot,10,faithfulness,0.20612698793411255
7,mobilenet_recplot,10,robustness,1.0
7,mobilenet_recplot,10,complexity,0.457571344197076
7,mobilenet_recplot,11,faithfulness,0.015694230794906616
7,mobilenet_recplot,11,robustness,1.0373057126998901
7,mobilenet_recplot,11,complexity,0.6672466965258508
7,mobilenet_recplot,12,faithfulness,-0.00689474493265152
7,mobilenet_recplot,12,robustness,1.0000725984573364
7,mobilenet_recplot,12,complexity,0.6461072315064429
7,mobilenet_recplot,13,faithfulness,0.23010286688804626
7,mobilenet_recplot,13,robustness,1.001743197441101
7,mobilenet_recplot,13,complexity,0.6790590726740803
7,mobilenet_recplot,14,faithfulness,0.17399489879608154
7,mobilenet_recplot,14,robustness,1.0
7,mobilenet_recplot,14,complexity,0.695269285568588
7,mobilenet_recplot,15,faithfulness,0.0682358369231224
7,mobilenet_recplot,15,robustness,34.2210693359375
7,mobilenet_recplot,15,complexity,0.9255120613838644
7,mobilenet_recplot,16,faithfulness,-0.28609997034072876
7,mobilenet_recplot,16,robustness,4.16008186340332
7,mobilenet_recplot,16,complexity,0.8838201247411895
7,mobilenet_recplot,17,faithfulness,-0.0692296177148819
7,mobilenet_recplot,17,robustness,0.9999707937240601
7,mobilenet_recplot,17,complexity,0.587845407658826
7,mobilenet_recplot,18,faithfulness,0.3486310839653015
7,mobilenet_recplot,18,robustness,1.7932530641555786
7,mobilenet_recplot,18,complexity,0.573523771946412
7,mobilenet_recplot,19,faithfulness,0.184218630194664
7,mobilenet_recplot,19,robustness,1.5060186386108398
7,mobilenet_recplot,19,complexity,0.5060668286202782
7,mobilenet_recplot,20,faithfulness,0.4404917359352112
7,mobilenet_recplot,20,robustness,0.6916216015815735
7,mobilenet_recplot,20,complexity,0.4614400632613132
7,mobilenet_recplot,21,faithfulness,0.16274583339691162
7,mobilenet_recplot,21,robustness,0.9692027568817139
7,mobilenet_recplot,21,complexity,0.5343803109155827
7,mobilenet_recplot,22,faithfulness,0.11389908194541931
7,mobilenet_recplot,22,robustness,1.4642481803894043
7,mobilenet_recplot,22,complexity,0.33846676500081796
7,mobilenet_recplot,23,faithfulness,0.13200515508651733
7,mobilenet_recplot,23,robustness,2.867877960205078
7,mobilenet_recplot,23,complexity,0.7565354420959564
7,mobilenet_recplot,24,faithfulness,-0.182012140750885
7,mobilenet_recplot,24,robustness,1.1844810247421265
7,mobilenet_recplot,24,complexity,0.5706182209019417
7,mobilenet_recplot,25,faithfulness,0.16160275042057037
7,mobilenet_recplot,25,robustness,1.701338291168213
7,mobilenet_recplot,25,complexity,0.5328811069922665
7,mobilenet_recplot,26,faithfulness,0.5592979788780212
7,mobilenet_recplot,26,robustness,1.045912742614746
7,mobilenet_recplot,26,complexity,0.6237239976763843
7,mobilenet_recplot,27,faithfulness,-0.09083068370819092
7,mobilenet_recplot,27,robustness,1.5203523635864258
7,mobilenet_recplot,27,complexity,0.7279430813658
7,mobilenet_recplot,28,faithfulness,-0.2880241572856903
7,mobilenet_recplot,28,robustness,1.3087191581726074
7,mobilenet_recplot,28,complexity,0.5446336038440366
7,mobilenet_recplot,29,faithfulness,-0.2714768350124359
7,mobilenet_recplot,29,robustness,1.6144651174545288
7,mobilenet_recplot,29,complexity,0.48860941450395057
7,mobilenet_recplot,30,faithfulness,0.16286861896514893
7,mobilenet_recplot,30,robustness,1.2398377656936646
7,mobilenet_recplot,30,complexity,0.5612314187982577
7,mobilenet_recplot,31,faithfulness,0.15384064614772797
7,mobilenet_recplot,31,robustness,0.9937784075737
7,mobilenet_recplot,31,complexity,0.5538390776443597
7,mobilenet_recplot,32,faithfulness,-0.012981042265892029
7,mobilenet_recplot,32,robustness,1.9659364223480225
7,mobilenet_recplot,32,complexity,0.57148694094072
7,mobilenet_recplot,33,faithfulness,-0.45275577902793884
7,mobilenet_recplot,33,robustness,1.1284570693969727
7,mobilenet_recplot,33,complexity,0.5734977591532264
7,mobilenet_recplot,34,faithfulness,-0.0736907571554184
7,mobilenet_recplot,34,robustness,1.8096030950546265
7,mobilenet_recplot,34,complexity,0.42995704961139275
7,mobilenet_recplot,35,faithfulness,0.21753859519958496
7,mobilenet_recplot,35,robustness,1.0577791929244995
7,mobilenet_recplot,35,complexity,0.49173501139679565
7,mobilenet_recplot,36,faithfulness,0.08301304280757904
7,mobilenet_recplot,36,robustness,43.90568161010742
7,mobilenet_recplot,36,complexity,0.8200259747764176
7,mobilenet_recplot,37,faithfulness,-0.2090025246143341
7,mobilenet_recplot,37,robustness,0.7436677813529968
7,mobilenet_recplot,37,complexity,0.3061632482718094
7,mobilenet_recplot,38,faithfulness,-0.08093667030334473
7,mobilenet_recplot,38,robustness,1.2195590734481812
7,mobilenet_recplot,38,complexity,0.5967385121842876
7,mobilenet_recplot,39,faithfulness,0.20544874668121338
7,mobilenet_recplot,39,robustness,2.6062095165252686
7,mobilenet_recplot,39,complexity,0.4843039652087792
7,mobilenet_recplot,40,faithfulness,0.2082071602344513
7,mobilenet_recplot,40,robustness,1.4426519870758057
7,mobilenet_recplot,40,complexity,0.561898946505879
7,mobilenet_recplot,41,faithfulness,
7,mobilenet_recplot,41,robustness,inf
7,mobilenet_recplot,41,complexity,0.0
7,mobilenet_recplot,42,faithfulness,0.1901417076587677
7,mobilenet_recplot,42,robustness,0.9158591628074646
7,mobilenet_recplot,42,complexity,0.45070156498615366
7,mobilenet_recplot,43,faithfulness,0.4825313687324524
7,mobilenet_recplot,43,robustness,0.9343340992927551
7,mobilenet_recplot,43,complexity,0.6476377832238718
7,mobilenet_recplot,44,faithfulness,-0.07370579987764359
7,mobilenet_recplot,44,robustness,0.6297198534011841
7,mobilenet_recplot,44,complexity,0.3714898880521747
7,mobilenet_recplot,45,faithfulness,-0.007403150200843811
7,mobilenet_recplot,45,robustness,2.0351052284240723
7,mobilenet_recplot,45,complexity,0.43054635877589104
7,mobilenet_recplot,46,faithfulness,0.40842655301094055
7,mobilenet_recplot,46,robustness,0.7867409586906433
7,mobilenet_recplot,46,complexity,0.5074964655921429
7,mobilenet_recplot,47,faithfulness,0.2523276209831238
7,mobilenet_recplot,47,robustness,0.9986432790756226
7,mobilenet_recplot,47,complexity,0.5170247326744497
7,mobilenet_recplot,48,faithfulness,-0.15833419561386108
7,mobilenet_recplot,48,robustness,0.9995676875114441
7,mobilenet_recplot,48,complexity,0.5007713739966819
7,mobilenet_recplot,49,faithfulness,0.0756589025259018
7,mobilenet_recplot,49,robustness,1.0322524309158325
7,mobilenet_recplot,49,complexity,0.8534144158823064
7,mobilenet_recplot,50,faithfulness,-0.09552322328090668
7,mobilenet_recplot,50,robustness,1.0223249197006226
7,mobilenet_recplot,50,complexity,0.569560084238814
7,mobilenet_recplot,51,faithfulness,-0.0333014540374279
7,mobilenet_recplot,51,robustness,1.0008244514465332
7,mobilenet_recplot,51,complexity,0.5645777696162209
7,mobilenet_recplot,52,faithfulness,0.15608899295330048
7,mobilenet_recplot,52,robustness,1.001484990119934
7,mobilenet_recplot,52,complexity,0.6716974361615917
7,mobilenet_recplot,53,faithfulness,-0.03883304446935654
7,mobilenet_recplot,53,robustness,0.9990952014923096
7,mobilenet_recplot,53,complexity,0.3897968190037019
7,mobilenet_recplot,54,faithfulness,-0.1356222778558731
7,mobilenet_recplot,54,robustness,0.9998091459274292
7,mobilenet_recplot,54,complexity,0.4332613308910224
7,mobilenet_recplot,55,faithfulness,0.2465749979019165
7,mobilenet_recplot,55,robustness,1.0
7,mobilenet_recplot,55,complexity,0.6445260438592254
7,mobilenet_recplot,56,faithfulness,0.2618074119091034
7,mobilenet_recplot,56,robustness,1.0
7,mobilenet_recplot,56,complexity,0.5427362147124252
7,mobilenet_recplot,57,faithfulness,0.07834217697381973
7,mobilenet_recplot,57,robustness,1.0652929544448853
7,mobilenet_recplot,57,complexity,0.8085894101613756
7,mobilenet_recplot,58,faithfulness,0.313646137714386
7,mobilenet_recplot,58,robustness,1.0007054805755615
7,mobilenet_recplot,58,complexity,0.7307835247646631
7,effnet_orig,0,faithfulness,0.026325367391109467
7,effnet_orig,0,robustness,1.4530006647109985
7,effnet_orig,0,complexity,0.5272030686211202
7,effnet_orig,1,faithfulness,0.25443360209465027
7,effnet_orig,1,robustness,0.5676231980323792
7,effnet_orig,1,complexity,0.5363348739851247
7,effnet_orig,2,faithfulness,0.00034249573945999146
7,effnet_orig,2,robustness,0.5347248911857605
7,effnet_orig,2,complexity,0.49085928528696404
7,effnet_orig,3,faithfulness,0.2443339228630066
7,effnet_orig,3,robustness,1.4912735223770142
7,effnet_orig,3,complexity,0.43416670997118345
7,effnet_orig,4,faithfulness,0.012665003538131714
7,effnet_orig,4,robustness,0.7566776871681213
7,effnet_orig,4,complexity,0.3747260881537801
7,effnet_orig,5,faithfulness,-0.1499086320400238
7,effnet_orig,5,robustness,0.49152427911758423
7,effnet_orig,5,complexity,0.4075723054964172
7,effnet_orig,6,faithfulness,0.019435904920101166
7,effnet_orig,6,robustness,0.5447672605514526
7,effnet_orig,6,complexity,0.4732999117769668
7,effnet_orig,7,faithfulness,-0.29255595803260803
7,effnet_orig,7,robustness,0.8997336030006409
7,effnet_orig,7,complexity,0.5545965053279833
7,effnet_orig,8,faithfulness,0.39227724075317383
7,effnet_orig,8,robustness,2.157025098800659
7,effnet_orig,8,complexity,0.6480898823121941
7,effnet_orig,9,faithfulness,0.3904991149902344
7,effnet_orig,9,robustness,1.396946668624878
7,effnet_orig,9,complexity,0.40993428781249186
7,effnet_orig,10,faithfulness,-0.023722372949123383
7,effnet_orig,10,robustness,0.5873427391052246
7,effnet_orig,10,complexity,0.4928881343224886
7,effnet_orig,11,faithfulness,0.22535064816474915
7,effnet_orig,11,robustness,1.1258597373962402
7,effnet_orig,11,complexity,0.4595069008387012
7,effnet_orig,12,faithfulness,0.014526687562465668
7,effnet_orig,12,robustness,1.06117844581604
7,effnet_orig,12,complexity,0.4783568110025363
7,effnet_orig,13,faithfulness,-0.12691965699195862
7,effnet_orig,13,robustness,0.9717000126838684
7,effnet_orig,13,complexity,0.49510535220232865
7,effnet_orig,14,faithfulness,0.07671993225812912
7,effnet_orig,14,robustness,1.0570026636123657
7,effnet_orig,14,complexity,0.40408703910008203
7,effnet_orig,15,faithfulness,0.5196214914321899
7,effnet_orig,15,robustness,3.586608648300171
7,effnet_orig,15,complexity,0.5164918657965438
7,effnet_orig,16,faithfulness,-0.05777084082365036
7,effnet_orig,16,robustness,1.1546331644058228
7,effnet_orig,16,complexity,0.5265485029303355
7,effnet_orig,17,faithfulness,-0.07822693884372711
7,effnet_orig,17,robustness,0.9164695143699646
7,effnet_orig,17,complexity,0.4057258691291465
7,effnet_orig,18,faithfulness,0.18507136404514313
7,effnet_orig,18,robustness,0.7743808031082153
7,effnet_orig,18,complexity,0.6333328247666584
7,effnet_orig,19,faithfulness,0.0704229325056076
7,effnet_orig,19,robustness,0.7372711300849915
7,effnet_orig,19,complexity,0.5611886061961974
7,effnet_orig,20,faithfulness,0.21197064220905304
7,effnet_orig,20,robustness,0.5438036918640137
7,effnet_orig,20,complexity,0.5247477463354053
7,effnet_orig,21,faithfulness,-0.15072722733020782
7,effnet_orig,21,robustness,1.2176328897476196
7,effnet_orig,21,complexity,0.7183591412841973
7,effnet_orig,22,faithfulness,-0.5302929878234863
7,effnet_orig,22,robustness,0.8802176117897034
7,effnet_orig,22,complexity,0.4113983180673082
7,effnet_orig,23,faithfulness,-0.23567527532577515
7,effnet_orig,23,robustness,0.5056769847869873
7,effnet_orig,23,complexity,0.7931838471660974
7,effnet_orig,24,faithfulness,0.31548601388931274
7,effnet_orig,24,robustness,0.9851475954055786
7,effnet_orig,24,complexity,0.6656885903311726
7,effnet_orig,25,faithfulness,-0.10992585122585297
7,effnet_orig,25,robustness,1.0315555334091187
7,effnet_orig,25,complexity,0.6254140375070001
7,effnet_orig,26,faithfulness,-0.10744699090719223
7,effnet_orig,26,robustness,1.3096400499343872
7,effnet_orig,26,complexity,0.7018313397758646
7,effnet_orig,27,faithfulness,0.10553324222564697
7,effnet_orig,27,robustness,1.0659232139587402
7,effnet_orig,27,complexity,0.722466713311501
7,effnet_orig,28,faithfulness,0.057838261127471924
7,effnet_orig,28,robustness,0.8679080605506897
7,effnet_orig,28,complexity,0.5819500932842179
7,effnet_orig,29,faithfulness,0.2130623608827591
7,effnet_orig,29,robustness,0.5893970727920532
7,effnet_orig,29,complexity,0.5655048373185784
7,effnet_orig,30,faithfulness,-0.2842010259628296
7,effnet_orig,30,robustness,1.5804613828659058
7,effnet_orig,30,complexity,0.7244636896925193
7,effnet_orig,31,faithfulness,0.24443715810775757
7,effnet_orig,31,robustness,1.0839546918869019
7,effnet_orig,31,complexity,0.7618314974733899
7,effnet_orig,32,faithfulness,-0.10391142964363098
7,effnet_orig,32,robustness,1.4191453456878662
7,effnet_orig,32,complexity,0.7125806586367534
7,effnet_orig,33,faithfulness,-0.006932184100151062
7,effnet_orig,33,robustness,0.8474680185317993
7,effnet_orig,33,complexity,0.7755840308629035
7,effnet_orig,34,faithfulness,0.04207076132297516
7,effnet_orig,34,robustness,0.721981942653656
7,effnet_orig,34,complexity,0.7559816086129513
7,effnet_orig,35,faithfulness,0.3746391534805298
7,effnet_orig,35,robustness,0.9079850912094116
7,effnet_orig,35,complexity,0.7531580379493868
7,effnet_orig,36,faithfulness,0.21006974577903748
7,effnet_orig,36,robustness,0.9802364706993103
7,effnet_orig,36,complexity,0.4712488247216352
7,effnet_orig,37,faithfulness,-0.16658827662467957
7,effnet_orig,37,robustness,0.7258504033088684
7,effnet_orig,37,complexity,0.4641771195826293
7,effnet_orig,38,faithfulness,-0.12065401673316956
7,effnet_orig,38,robustness,0.8401411175727844
7,effnet_orig,38,complexity,0.7140241317384758
7,effnet_orig,39,faithfulness,-0.030206847935914993
7,effnet_orig,39,robustness,0.5414020419120789
7,effnet_orig,39,complexity,0.734764642890188
7,effnet_orig,40,faithfulness,-0.0031802430748939514
7,effnet_orig,40,robustness,0.3925008475780487
7,effnet_orig,40,complexity,0.605167398746472
7,effnet_orig,41,faithfulness,-0.31165146827697754
7,effnet_orig,41,robustness,0.7417526841163635
7,effnet_orig,41,complexity,0.5361789574610022
7,effnet_orig,42,faithfulness,0.22416023910045624
7,effnet_orig,42,robustness,1.094829797744751
7,effnet_orig,42,complexity,0.5089774952483564
7,effnet_orig,43,faithfulness,-0.201774001121521
7,effnet_orig,43,robustness,1.6772181987762451
7,effnet_orig,43,complexity,0.3205396634440829
7,effnet_orig,44,faithfulness,0.04838669300079346
7,effnet_orig,44,robustness,0.6305010914802551
7,effnet_orig,44,complexity,0.6246620600889994
7,effnet_orig,45,faithfulness,0.15455128252506256
7,effnet_orig,45,robustness,1.9932876825332642
7,effnet_orig,45,complexity,0.4305560159120875
7,effnet_orig,46,faithfulness,0.047576501965522766
7,effnet_orig,46,robustness,0.7863253951072693
7,effnet_orig,46,complexity,0.4946232965520665
7,effnet_orig,47,faithfulness,-0.08593325316905975
7,effnet_orig,47,robustness,1.131605863571167
7,effnet_orig,47,complexity,0.31507979302366546
7,effnet_orig,48,faithfulness,0.20276550948619843
7,effnet_orig,48,robustness,0.7470700740814209
7,effnet_orig,48,complexity,0.34257274907621055
7,effnet_orig,49,faithfulness,-0.15369924902915955
7,effnet_orig,49,robustness,2.176510810852051
7,effnet_orig,49,complexity,0.44750967867686725
7,effnet_orig,50,faithfulness,-0.05828657001256943
7,effnet_orig,50,robustness,0.7874836921691895
7,effnet_orig,50,complexity,0.2797222615419795
7,effnet_orig,51,faithfulness,0.12543803453445435
7,effnet_orig,51,robustness,0.6429417133331299
7,effnet_orig,51,complexity,0.3546878316603138
7,effnet_orig,52,faithfulness,-0.03983878344297409
7,effnet_orig,52,robustness,0.7125076651573181
7,effnet_orig,52,complexity,0.5669433394690215
7,effnet_orig,53,faithfulness,-0.015181496739387512
7,effnet_orig,53,robustness,0.560972273349762
7,effnet_orig,53,complexity,0.26663143976962184
7,effnet_orig,54,faithfulness,-0.13178586959838867
7,effnet_orig,54,robustness,0.5760435461997986
7,effnet_orig,54,complexity,0.2621014177096557
7,effnet_orig,55,faithfulness,0.1748613715171814
7,effnet_orig,55,robustness,0.5290961861610413
7,effnet_orig,55,complexity,0.3067309048495455
7,effnet_orig,56,faithfulness,-0.17975685000419617
7,effnet_orig,56,robustness,0.5224148631095886
7,effnet_orig,56,complexity,0.31463276409860547
7,effnet_orig,57,faithfulness,-0.1527627408504486
7,effnet_orig,57,robustness,0.969418466091156
7,effnet_orig,57,complexity,0.3839927115457007
7,effnet_orig,58,faithfulness,0.483058899641037
7,effnet_orig,58,robustness,0.8736012578010559
7,effnet_orig,58,complexity,0.2775733178585634
7,effnet_recplot,0,faithfulness,0.21357756853103638
7,effnet_recplot,0,robustness,1.5430498123168945
7,effnet_recplot,0,complexity,0.6407476869498918
7,effnet_recplot,1,faithfulness,0.26570913195610046
7,effnet_recplot,1,robustness,27.660398483276367
7,effnet_recplot,1,complexity,0.8889748278520226
7,effnet_recplot,2,faithfulness,-0.22889095544815063
7,effnet_recplot,2,robustness,0.9999687075614929
7,effnet_recplot,2,complexity,0.7571898954213514
7,effnet_recplot,3,faithfulness,0.2158779501914978
7,effnet_recplot,3,robustness,2.0099377632141113
7,effnet_recplot,3,complexity,0.4034925738201683
7,effnet_recplot,4,faithfulness,0.17543381452560425
7,effnet_recplot,4,robustness,0.9999805688858032
7,effnet_recplot,4,complexity,0.5134521323782238
7,effnet_recplot,5,faithfulness,0.22306793928146362
7,effnet_recplot,5,robustness,0.9999643564224243
7,effnet_recplot,5,complexity,0.41935003896354733
7,effnet_recplot,6,faithfulness,0.147830069065094
7,effnet_recplot,6,robustness,0.9999526739120483
7,effnet_recplot,6,complexity,0.46871148827426096
7,effnet_recplot,7,faithfulness,-0.06485533714294434
7,effnet_recplot,7,robustness,45.55570983886719
7,effnet_recplot,7,complexity,0.7843371742888431
7,effnet_recplot,8,faithfulness,0.19898761808872223
7,effnet_recplot,8,robustness,1.0400041341781616
7,effnet_recplot,8,complexity,0.644522342224025
7,effnet_recplot,9,faithfulness,-0.09071531891822815
7,effnet_recplot,9,robustness,3.258331060409546
7,effnet_recplot,9,complexity,0.6265263682730968
7,effnet_recplot,10,faithfulness,-0.2186775803565979
7,effnet_recplot,10,robustness,0.999825119972229
7,effnet_recplot,10,complexity,0.43506017845341305
7,effnet_recplot,11,faithfulness,0.26174914836883545
7,effnet_recplot,11,robustness,4.607365608215332
7,effnet_recplot,11,complexity,0.7771718913675617
7,effnet_recplot,12,faithfulness,0.094276063144207
7,effnet_recplot,12,robustness,1.0624862909317017
7,effnet_recplot,12,complexity,0.788826443581645
7,effnet_recplot,13,faithfulness,0.1385505646467209
7,effnet_recplot,13,robustness,1.0265604257583618
7,effnet_recplot,13,complexity,0.8307546903155266
7,effnet_recplot,14,faithfulness,0.147540882229805
7,effnet_recplot,14,robustness,0.9998940229415894
7,effnet_recplot,14,complexity,0.6873642911003731
7,effnet_recplot,15,faithfulness,0.29920101165771484
7,effnet_recplot,15,robustness,1.423043966293335
7,effnet_recplot,15,complexity,0.8204358683148575
7,effnet_recplot,16,faithfulness,0.2133401781320572
7,effnet_recplot,16,robustness,1.596397876739502
7,effnet_recplot,16,complexity,0.5961543808998173
7,effnet_recplot,17,faithfulness,0.07044242322444916
7,effnet_recplot,17,robustness,0.9998123645782471
7,effnet_recplot,17,complexity,0.4547117478605087
7,effnet_recplot,18,faithfulness,-0.06218339875340462
7,effnet_recplot,18,robustness,3.8841071128845215
7,effnet_recplot,18,complexity,0.8866142803640643
7,effnet_recplot,19,faithfulness,0.16051077842712402
7,effnet_recplot,19,robustness,1.6251511573791504
7,effnet_recplot,19,complexity,0.6084859350953211
7,effnet_recplot,20,faithfulness,0.0027776286005973816
7,effnet_recplot,20,robustness,2.3338067531585693
7,effnet_recplot,20,complexity,0.3785512802027077
7,effnet_recplot,21,faithfulness,-0.028574761003255844
7,effnet_recplot,21,robustness,1.1028269529342651
7,effnet_recplot,21,complexity,0.5365384121712595
7,effnet_recplot,22,faithfulness,0.05691888555884361
7,effnet_recplot,22,robustness,3.4951589107513428
7,effnet_recplot,22,complexity,0.4836029668086403
7,effnet_recplot,23,faithfulness,0.15390239655971527
7,effnet_recplot,23,robustness,0.9934772253036499
7,effnet_recplot,23,complexity,0.6535797695185956
7,effnet_recplot,24,faithfulness,0.07591570168733597
7,effnet_recplot,24,robustness,1.1341999769210815
7,effnet_recplot,24,complexity,0.6860239513969039
7,effnet_recplot,25,faithfulness,0.42222756147384644
7,effnet_recplot,25,robustness,1.2894047498703003
7,effnet_recplot,25,complexity,0.665060388495268
7,effnet_recplot,26,faithfulness,0.050276219844818115
7,effnet_recplot,26,robustness,1.7193337678909302
7,effnet_recplot,26,complexity,0.5891605831020068
7,effnet_recplot,27,faithfulness,0.030713096261024475
7,effnet_recplot,27,robustness,9.004424095153809
7,effnet_recplot,27,complexity,0.7862497327046986
7,effnet_recplot,28,faithfulness,0.23958447575569153
7,effnet_recplot,28,robustness,6.820581436157227
7,effnet_recplot,28,complexity,0.26214654492455
7,effnet_recplot,29,faithfulness,-0.11369355022907257
7,effnet_recplot,29,robustness,4.809398174285889
7,effnet_recplot,29,complexity,0.5347853056994434
7,effnet_recplot,30,faithfulness,0.403553307056427
7,effnet_recplot,30,robustness,1.5226025581359863
7,effnet_recplot,30,complexity,0.6912411914193791
7,effnet_recplot,31,faithfulness,0.3272588551044464
7,effnet_recplot,31,robustness,0.9957419633865356
7,effnet_recplot,31,complexity,0.7017157020628635
7,effnet_recplot,32,faithfulness,0.369572252035141
7,effnet_recplot,32,robustness,1.6728357076644897
7,effnet_recplot,32,complexity,0.6548412647572268
7,effnet_recplot,33,faithfulness,0.24914413690567017
7,effnet_recplot,33,robustness,1.40705406665802
7,effnet_recplot,33,complexity,0.673108676305983
7,effnet_recplot,34,faithfulness,0.11971622705459595
7,effnet_recplot,34,robustness,4.555458068847656
7,effnet_recplot,34,complexity,0.6022618070302704
7,effnet_recplot,35,faithfulness,0.4008678197860718
7,effnet_recplot,35,robustness,1.3959386348724365
7,effnet_recplot,35,complexity,0.6328848664658497
7,effnet_recplot,36,faithfulness,-0.021489255130290985
7,effnet_recplot,36,robustness,114.30925750732422
7,effnet_recplot,36,complexity,0.9281394570089768
7,effnet_recplot,37,faithfulness,0.16995756328105927
7,effnet_recplot,37,robustness,1.481058955192566
7,effnet_recplot,37,complexity,0.6503915912027799
7,effnet_recplot,38,faithfulness,-0.09155315160751343
7,effnet_recplot,38,robustness,2.24220609664917
7,effnet_recplot,38,complexity,0.6356064344289298
7,effnet_recplot,39,faithfulness,0.24496859312057495
7,effnet_recplot,39,robustness,2.9741790294647217
7,effnet_recplot,39,complexity,0.6224829773435788
7,effnet_recplot,40,faithfulness,-0.11339082568883896
7,effnet_recplot,40,robustness,5.0596489906311035
7,effnet_recplot,40,complexity,0.4904749862230754
7,effnet_recplot,41,faithfulness,0.33775681257247925
7,effnet_recplot,41,robustness,62.31570816040039
7,effnet_recplot,41,complexity,0.8065529664331216
7,effnet_recplot,42,faithfulness,-0.17534956336021423
7,effnet_recplot,42,robustness,0.9002531170845032
7,effnet_recplot,42,complexity,0.4996980082968327
7,effnet_recplot,43,faithfulness,-0.08929663896560669
7,effnet_recplot,43,robustness,8.210827827453613
7,effnet_recplot,43,complexity,0.7063914994773888
7,effnet_recplot,44,faithfulness,-0.026881664991378784
7,effnet_recplot,44,robustness,1.2676661014556885
7,effnet_recplot,44,complexity,0.43453282966021195
7,effnet_recplot,45,faithfulness,0.13267244398593903
7,effnet_recplot,45,robustness,3.2923080921173096
7,effnet_recplot,45,complexity,0.8027997686389922
7,effnet_recplot,46,faithfulness,0.12858037650585175
7,effnet_recplot,46,robustness,1.2350293397903442
7,effnet_recplot,46,complexity,0.6101410977541353
7,effnet_recplot,47,faithfulness,0.06274891644716263
7,effnet_recplot,47,robustness,1.0
7,effnet_recplot,47,complexity,0.2572221209398646
7,effnet_recplot,48,faithfulness,-0.06770135462284088
7,effnet_recplot,48,robustness,1.0
7,effnet_recplot,48,complexity,0.24530799016494279
7,effnet_recplot,49,faithfulness,-0.23275995254516602
7,effnet_recplot,49,robustness,65.4544906616211
7,effnet_recplot,49,complexity,0.8996619604067383
7,effnet_recplot,50,faithfulness,0.3989406228065491
7,effnet_recplot,50,robustness,1.0
7,effnet_recplot,50,complexity,0.413800865608603
7,effnet_recplot,51,faithfulness,-0.010854478925466537
7,effnet_recplot,51,robustness,1.0
7,effnet_recplot,51,complexity,0.3658441444066534
7,effnet_recplot,52,faithfulness,0.28967782855033875
7,effnet_recplot,52,robustness,1.0
7,effnet_recplot,52,complexity,0.35667246627505694
7,effnet_recplot,53,faithfulness,0.05190957710146904
7,effnet_recplot,53,robustness,1.0
7,effnet_recplot,53,complexity,0.3809330980182694
7,effnet_recplot,54,faithfulness,-0.18002289533615112
7,effnet_recplot,54,robustness,1.0
7,effnet_recplot,54,complexity,0.39618051239449453
7,effnet_recplot,55,faithfulness,0.09780681133270264
7,effnet_recplot,55,robustness,1.0
7,effnet_recplot,55,complexity,0.42100421823026496
7,effnet_recplot,56,faithfulness,0.2658376693725586
7,effnet_recplot,56,robustness,1.0
7,effnet_recplot,56,complexity,0.46508610774710923
7,effnet_recplot,57,faithfulness,0.28880181908607483
7,effnet_recplot,57,robustness,1.0
7,effnet_recplot,57,complexity,0.582543903670783
7,effnet_recplot,58,faithfulness,0.09527174383401871
7,effnet_recplot,58,robustness,1.0
7,effnet_recplot,58,complexity,0.5059372629608903
12,mobilenet_orig,0,faithfulness,-0.2496126890182495
12,mobilenet_orig,0,robustness,1.1312695741653442
12,mobilenet_orig,0,complexity,0.6341495660150903
12,mobilenet_orig,1,faithfulness,-0.009804651141166687
12,mobilenet_orig,1,robustness,1.5418637990951538
12,mobilenet_orig,1,complexity,0.5299274716031119
12,mobilenet_orig,2,faithfulness,0.08604663610458374
12,mobilenet_orig,2,robustness,1.010865569114685
12,mobilenet_orig,2,complexity,0.5865055329818557
12,mobilenet_orig,3,faithfulness,-0.05136395990848541
12,mobilenet_orig,3,robustness,1.0631095170974731
12,mobilenet_orig,3,complexity,0.6323619016280975
12,mobilenet_orig,4,faithfulness,0.2539239823818207
12,mobilenet_orig,4,robustness,0.7487500905990601
12,mobilenet_orig,4,complexity,0.36916855528942844
12,mobilenet_orig,5,faithfulness,0.12119010090827942
12,mobilenet_orig,5,robustness,0.7109380960464478
12,mobilenet_orig,5,complexity,0.6031006972971641
12,mobilenet_orig,6,faithfulness,0.03645377606153488
12,mobilenet_orig,6,robustness,0.7181513905525208
12,mobilenet_orig,6,complexity,0.43857011531628115
12,mobilenet_orig,7,faithfulness,0.1330297589302063
12,mobilenet_orig,7,robustness,2.1916022300720215
12,mobilenet_orig,7,complexity,0.6882446020400503
12,mobilenet_orig,8,faithfulness,-0.02222861349582672
12,mobilenet_orig,8,robustness,1.492714524269104
12,mobilenet_orig,8,complexity,0.6451815885032022
12,mobilenet_orig,9,faithfulness,-0.21795476973056793
12,mobilenet_orig,9,robustness,1.6822463274002075
12,mobilenet_orig,9,complexity,0.5727746624754172
12,mobilenet_orig,10,faithfulness,0.32356902956962585
12,mobilenet_orig,10,robustness,0.9287663698196411
12,mobilenet_orig,10,complexity,0.6157790152251656
12,mobilenet_orig,11,faithfulness,-0.0035635381937026978
12,mobilenet_orig,11,robustness,0.9025428295135498
12,mobilenet_orig,11,complexity,0.6941612781257527
12,mobilenet_orig,12,faithfulness,0.142537459731102
12,mobilenet_orig,12,robustness,0.8903847336769104
12,mobilenet_orig,12,complexity,0.6697606813084976
12,mobilenet_orig,13,faithfulness,-0.1648668646812439
12,mobilenet_orig,13,robustness,1.3975145816802979
12,mobilenet_orig,13,complexity,0.5141087196063986
12,mobilenet_orig,14,faithfulness,0.0823964849114418
12,mobilenet_orig,14,robustness,0.7519869208335876
12,mobilenet_orig,14,complexity,0.3396004717688453
12,mobilenet_orig,15,faithfulness,-0.022493381053209305
12,mobilenet_orig,15,robustness,1.130718469619751
12,mobilenet_orig,15,complexity,0.7557132055087936
12,mobilenet_orig,16,faithfulness,-0.09198171645402908
12,mobilenet_orig,16,robustness,1.0243794918060303
12,mobilenet_orig,16,complexity,0.7055141738937103
12,mobilenet_orig,17,faithfulness,0.37802648544311523
12,mobilenet_orig,17,robustness,0.7074316143989563
12,mobilenet_orig,17,complexity,0.49133682259959705
12,mobilenet_orig,18,faithfulness,0.04597240686416626
12,mobilenet_orig,18,robustness,0.5629011392593384
12,mobilenet_orig,18,complexity,0.493652480469815
12,mobilenet_orig,19,faithfulness,0.2641260623931885
12,mobilenet_orig,19,robustness,0.36123570799827576
12,mobilenet_orig,19,complexity,0.6132281199074936
12,mobilenet_orig,20,faithfulness,-0.009026501327753067
12,mobilenet_orig,20,robustness,1.4619364738464355
12,mobilenet_orig,20,complexity,0.3265788690753105
12,mobilenet_orig,21,faithfulness,-0.1268780529499054
12,mobilenet_orig,21,robustness,0.5346674919128418
12,mobilenet_orig,21,complexity,0.5920331652273326
12,mobilenet_orig,22,faithfulness,0.1667884886264801
12,mobilenet_orig,22,robustness,1.1670470237731934
12,mobilenet_orig,22,complexity,0.36425413350753266
12,mobilenet_orig,23,faithfulness,0.03532305359840393
12,mobilenet_orig,23,robustness,1.7200411558151245
12,mobilenet_orig,23,complexity,0.46292178681091395
12,mobilenet_orig,24,faithfulness,0.2737748324871063
12,mobilenet_orig,24,robustness,1.087165117263794
12,mobilenet_orig,24,complexity,0.6375615085247763
12,mobilenet_orig,25,faithfulness,0.3059980869293213
12,mobilenet_orig,25,robustness,0.8653762936592102
12,mobilenet_orig,25,complexity,0.4238818438031366
12,mobilenet_orig,26,faithfulness,0.13053429126739502
12,mobilenet_orig,26,robustness,0.5896909832954407
12,mobilenet_orig,26,complexity,0.6075039938743669
12,mobilenet_orig,27,faithfulness,-0.25690680742263794
12,mobilenet_orig,27,robustness,1.0350570678710938
12,mobilenet_orig,27,complexity,0.4080559685456707
12,mobilenet_orig,28,faithfulness,0.00021182745695114136
12,mobilenet_orig,28,robustness,1.0005614757537842
12,mobilenet_orig,28,complexity,0.3650043477929175
12,mobilenet_orig,29,faithfulness,0.1583031713962555
12,mobilenet_orig,29,robustness,1.1301205158233643
12,mobilenet_orig,29,complexity,0.4337329470596007
12,mobilenet_orig,30,faithfulness,0.19777429103851318
12,mobilenet_orig,30,robustness,1.865105152130127
12,mobilenet_orig,30,complexity,0.5579191772357731
12,mobilenet_orig,31,faithfulness,-0.07259497791528702
12,mobilenet_orig,31,robustness,0.5879332423210144
12,mobilenet_orig,31,complexity,0.4972492056484206
12,mobilenet_orig,32,faithfulness,-0.28812581300735474
12,mobilenet_orig,32,robustness,0.4794776737689972
12,mobilenet_orig,32,complexity,0.561172731009227
12,mobilenet_orig,33,faithfulness,0.15718835592269897
12,mobilenet_orig,33,robustness,0.6592076420783997
12,mobilenet_orig,33,complexity,0.5019416402524153
12,mobilenet_orig,34,faithfulness,0.21791410446166992
12,mobilenet_orig,34,robustness,1.1277283430099487
12,mobilenet_orig,34,complexity,0.5141949168200901
12,mobilenet_orig,35,faithfulness,0.07994341105222702
12,mobilenet_orig,35,robustness,0.7928429245948792
12,mobilenet_orig,35,complexity,0.5265513175362193
12,mobilenet_orig,36,faithfulness,0.12129443883895874
12,mobilenet_orig,36,robustness,0.5071831345558167
12,mobilenet_orig,36,complexity,0.5075452021078429
12,mobilenet_orig,37,faithfulness,-0.03312744200229645
12,mobilenet_orig,37,robustness,0.6515248417854309
12,mobilenet_orig,37,complexity,0.3405211593184666
12,mobilenet_orig,38,faithfulness,-0.00481814332306385
12,mobilenet_orig,38,robustness,1.3011819124221802
12,mobilenet_orig,38,complexity,0.6665899456269754
12,mobilenet_orig,39,faithfulness,-0.1352551281452179
12,mobilenet_orig,39,robustness,1.504097819328308
12,mobilenet_orig,39,complexity,0.4699749557592213
12,mobilenet_orig,40,faithfulness,-0.06674139201641083
12,mobilenet_orig,40,robustness,1.1259368658065796
12,mobilenet_orig,40,complexity,0.4369411330802341
12,mobilenet_orig,41,faithfulness,0.03983336687088013
12,mobilenet_orig,41,robustness,0.5840473771095276
12,mobilenet_orig,41,complexity,0.5203849722431888
12,mobilenet_orig,42,faithfulness,-0.019338376820087433
12,mobilenet_orig,42,robustness,0.7350760102272034
12,mobilenet_orig,42,complexity,0.45713240418213474
12,mobilenet_orig,43,faithfulness,-0.23217663168907166
12,mobilenet_orig,43,robustness,1.2156285047531128
12,mobilenet_orig,43,complexity,0.47346474657833626
12,mobilenet_orig,44,faithfulness,0.18419130146503448
12,mobilenet_orig,44,robustness,0.7139058709144592
12,mobilenet_orig,44,complexity,0.4295891672785664
12,mobilenet_orig,45,faithfulness,-0.14136634767055511
12,mobilenet_orig,45,robustness,1.0637636184692383
12,mobilenet_orig,45,complexity,0.425283079049595
12,mobilenet_orig,46,faithfulness,0.0858859121799469
12,mobilenet_orig,46,robustness,1.4336464405059814
12,mobilenet_orig,46,complexity,0.5370081069731529
12,mobilenet_orig,47,faithfulness,0.17622597515583038
12,mobilenet_orig,47,robustness,0.7362320423126221
12,mobilenet_orig,47,complexity,0.4566909599658232
12,mobilenet_orig,48,faithfulness,0.0972646027803421
12,mobilenet_orig,48,robustness,1.0496379137039185
12,mobilenet_orig,48,complexity,0.4384586010859545
12,mobilenet_orig,49,faithfulness,-0.11771595478057861
12,mobilenet_orig,49,robustness,1.381550669670105
12,mobilenet_orig,49,complexity,0.5968574195203579
12,mobilenet_orig,50,faithfulness,0.13531918823719025
12,mobilenet_orig,50,robustness,0.7668447494506836
12,mobilenet_orig,50,complexity,0.37981736678749795
12,mobilenet_orig,51,faithfulness,-0.15443114936351776
12,mobilenet_orig,51,robustness,2.06201171875
12,mobilenet_orig,51,complexity,0.593837977650597
12,mobilenet_orig,52,faithfulness,-0.04307445138692856
12,mobilenet_orig,52,robustness,0.7708320617675781
12,mobilenet_orig,52,complexity,0.686355587251917
12,mobilenet_orig,53,faithfulness,0.02872387319803238
12,mobilenet_orig,53,robustness,1.0489308834075928
12,mobilenet_orig,53,complexity,0.5988726205668085
12,mobilenet_orig,54,faithfulness,-0.2564607262611389
12,mobilenet_orig,54,robustness,0.7529169321060181
12,mobilenet_orig,54,complexity,0.38836653649218134
12,mobilenet_orig,55,faithfulness,0.34204211831092834
12,mobilenet_orig,55,robustness,1.065342664718628
12,mobilenet_orig,55,complexity,0.6755614993933798
12,mobilenet_orig,56,faithfulness,0.016916554421186447
12,mobilenet_orig,56,robustness,0.6330857276916504
12,mobilenet_orig,56,complexity,0.545688446063439
12,mobilenet_orig,57,faithfulness,-0.2571779489517212
12,mobilenet_orig,57,robustness,1.151466965675354
12,mobilenet_orig,57,complexity,0.6203336058154336
12,mobilenet_orig,58,faithfulness,-0.2560623288154602
12,mobilenet_orig,58,robustness,0.5131844878196716
12,mobilenet_orig,58,complexity,0.4014489649094494
12,mobilenet_recplot,0,faithfulness,-0.00898764282464981
12,mobilenet_recplot,0,robustness,17.104150772094727
12,mobilenet_recplot,0,complexity,0.8078714573103557
12,mobilenet_recplot,1,faithfulness,-0.21888968348503113
12,mobilenet_recplot,1,robustness,1.0089765787124634
12,mobilenet_recplot,1,complexity,0.6361868131130666
12,mobilenet_recplot,2,faithfulness,0.18615449965000153
12,mobilenet_recplot,2,robustness,1.1489380598068237
12,mobilenet_recplot,2,complexity,0.760406331594424
12,mobilenet_recplot,3,faithfulness,0.1609489619731903
12,mobilenet_recplot,3,robustness,1.0853030681610107
12,mobilenet_recplot,3,complexity,0.6755618227637795
12,mobilenet_recplot,4,faithfulness,0.3361300826072693
12,mobilenet_recplot,4,robustness,0.9792565107345581
12,mobilenet_recplot,4,complexity,0.5870819501149146
12,mobilenet_recplot,5,faithfulness,0.7516335248947144
12,mobilenet_recplot,5,robustness,0.9942908883094788
12,mobilenet_recplot,5,complexity,0.5608103248267347
12,mobilenet_recplot,6,faithfulness,0.014570873230695724
12,mobilenet_recplot,6,robustness,0.9966767430305481
12,mobilenet_recplot,6,complexity,0.4819929478871437
12,mobilenet_recplot,7,faithfulness,0.20190435647964478
12,mobilenet_recplot,7,robustness,1.1009478569030762
12,mobilenet_recplot,7,complexity,0.7169241062000306
12,mobilenet_recplot,8,faithfulness,0.06245114654302597
12,mobilenet_recplot,8,robustness,1.0033732652664185
12,mobilenet_recplot,8,complexity,0.7346058727441239
12,mobilenet_recplot,9,faithfulness,0.20133015513420105
12,mobilenet_recplot,9,robustness,1.0128597021102905
12,mobilenet_recplot,9,complexity,0.6417930147596114
12,mobilenet_recplot,10,faithfulness,0.3102579712867737
12,mobilenet_recplot,10,robustness,1.0088642835617065
12,mobilenet_recplot,10,complexity,0.5228489438224715
12,mobilenet_recplot,11,faithfulness,-0.17019183933734894
12,mobilenet_recplot,11,robustness,3.4332635402679443
12,mobilenet_recplot,11,complexity,0.7072527396953082
12,mobilenet_recplot,12,faithfulness,0.20845305919647217
12,mobilenet_recplot,12,robustness,0.9966487884521484
12,mobilenet_recplot,12,complexity,0.6681120329687561
12,mobilenet_recplot,13,faithfulness,0.18686051666736603
12,mobilenet_recplot,13,robustness,0.9855460524559021
12,mobilenet_recplot,13,complexity,0.6040891998986992
12,mobilenet_recplot,14,faithfulness,0.010712504386901855
12,mobilenet_recplot,14,robustness,1.237516164779663
12,mobilenet_recplot,14,complexity,0.741836770302231
12,mobilenet_recplot,15,faithfulness,0.16635018587112427
12,mobilenet_recplot,15,robustness,3.9040932655334473
12,mobilenet_recplot,15,complexity,0.8973727330108002
12,mobilenet_recplot,16,faithfulness,0.2874017059803009
12,mobilenet_recplot,16,robustness,1.0029101371765137
12,mobilenet_recplot,16,complexity,0.6488562597766191
12,mobilenet_recplot,17,faithfulness,0.016118571162223816
12,mobilenet_recplot,17,robustness,0.9537895917892456
12,mobilenet_recplot,17,complexity,0.5543206401063169
12,mobilenet_recplot,18,faithfulness,0.49548619985580444
12,mobilenet_recplot,18,robustness,1.6790984869003296
12,mobilenet_recplot,18,complexity,0.6705703979092654
12,mobilenet_recplot,19,faithfulness,0.19493451714515686
12,mobilenet_recplot,19,robustness,0.9724502563476562
12,mobilenet_recplot,19,complexity,0.5783012806241964
12,mobilenet_recplot,20,faithfulness,0.008602380752563477
12,mobilenet_recplot,20,robustness,0.6089003086090088
12,mobilenet_recplot,20,complexity,0.48125598430453065
12,mobilenet_recplot,21,faithfulness,0.3039477467536926
12,mobilenet_recplot,21,robustness,1.7191318273544312
12,mobilenet_recplot,21,complexity,0.5383696612661556
12,mobilenet_recplot,22,faithfulness,-0.06469197571277618
12,mobilenet_recplot,22,robustness,1.340401291847229
12,mobilenet_recplot,22,complexity,0.36926646446327255
12,mobilenet_recplot,23,faithfulness,-0.03441832959651947
12,mobilenet_recplot,23,robustness,2.511181354522705
12,mobilenet_recplot,23,complexity,0.7750146666296102
12,mobilenet_recplot,24,faithfulness,0.06282676756381989
12,mobilenet_recplot,24,robustness,1.002960205078125
12,mobilenet_recplot,24,complexity,0.5205056895370711
12,mobilenet_recplot,25,faithfulness,-0.2285517454147339
12,mobilenet_recplot,25,robustness,1.033684253692627
12,mobilenet_recplot,25,complexity,0.5615502288098831
12,mobilenet_recplot,26,faithfulness,-0.2455562800168991
12,mobilenet_recplot,26,robustness,5.672054290771484
12,mobilenet_recplot,26,complexity,0.6916220034245829
12,mobilenet_recplot,27,faithfulness,-0.287392258644104
12,mobilenet_recplot,27,robustness,2.8089609146118164
12,mobilenet_recplot,27,complexity,0.7030841550143593
12,mobilenet_recplot,28,faithfulness,0.019444236531853676
12,mobilenet_recplot,28,robustness,1.1280100345611572
12,mobilenet_recplot,28,complexity,0.4786375898910873
12,mobilenet_recplot,29,faithfulness,0.4246237277984619
12,mobilenet_recplot,29,robustness,0.799121081829071
12,mobilenet_recplot,29,complexity,0.5432681763665872
12,mobilenet_recplot,30,faithfulness,-0.17686307430267334
12,mobilenet_recplot,30,robustness,0.8636308908462524
12,mobilenet_recplot,30,complexity,0.5064271623962898
12,mobilenet_recplot,31,faithfulness,-0.05052472651004791
12,mobilenet_recplot,31,robustness,0.8807674050331116
12,mobilenet_recplot,31,complexity,0.4395481539955158
12,mobilenet_recplot,32,faithfulness,0.31461581587791443
12,mobilenet_recplot,32,robustness,1.2102807760238647
12,mobilenet_recplot,32,complexity,0.4844868575301004
12,mobilenet_recplot,33,faithfulness,-0.016282696276903152
12,mobilenet_recplot,33,robustness,0.7858179211616516
12,mobilenet_recplot,33,complexity,0.5264163644774511
12,mobilenet_recplot,34,faithfulness,0.058417074382305145
12,mobilenet_recplot,34,robustness,2.3109235763549805
12,mobilenet_recplot,34,complexity,0.5869842401299443
12,mobilenet_recplot,35,faithfulness,-0.12787316739559174
12,mobilenet_recplot,35,robustness,1.0496419668197632
12,mobilenet_recplot,35,complexity,0.578296457114959
12,mobilenet_recplot,36,faithfulness,0.064327672123909
12,mobilenet_recplot,36,robustness,8.262190818786621
12,mobilenet_recplot,36,complexity,0.8077469914574517
12,mobilenet_recplot,37,faithfulness,0.19696886837482452
12,mobilenet_recplot,37,robustness,0.8809403777122498
12,mobilenet_recplot,37,complexity,0.4267507395619989
12,mobilenet_recplot,38,faithfulness,0.23546943068504333
12,mobilenet_recplot,38,robustness,0.8469846844673157
12,mobilenet_recplot,38,complexity,0.6077695821940574
12,mobilenet_recplot,39,faithfulness,-0.3459576368331909
12,mobilenet_recplot,39,robustness,2.505866527557373
12,mobilenet_recplot,39,complexity,0.606418543494127
12,mobilenet_recplot,40,faithfulness,-0.017351925373077393
12,mobilenet_recplot,40,robustness,2.6081912517547607
12,mobilenet_recplot,40,complexity,0.5443509145167187
12,mobilenet_recplot,41,faithfulness,0.07988190650939941
12,mobilenet_recplot,41,robustness,180.26373291015625
12,mobilenet_recplot,41,complexity,0.9628450878381124
12,mobilenet_recplot,42,faithfulness,-0.12364202737808228
12,mobilenet_recplot,42,robustness,1.3401243686676025
12,mobilenet_recplot,42,complexity,0.5543095573090209
12,mobilenet_recplot,43,faithfulness,0.0012664571404457092
12,mobilenet_recplot,43,robustness,0.9658605456352234
12,mobilenet_recplot,43,complexity,0.6305931515282085
12,mobilenet_recplot,44,faithfulness,0.1123991310596466
12,mobilenet_recplot,44,robustness,0.5258618593215942
12,mobilenet_recplot,44,complexity,0.4166180027273133
12,mobilenet_recplot,45,faithfulness,-0.11563962697982788
12,mobilenet_recplot,45,robustness,3.5709900856018066
12,mobilenet_recplot,45,complexity,0.6964785096607331
12,mobilenet_recplot,46,faithfulness,0.15196870267391205
12,mobilenet_recplot,46,robustness,0.687559962272644
12,mobilenet_recplot,46,complexity,0.5595094090249235
12,mobilenet_recplot,47,faithfulness,0.2005799561738968
12,mobilenet_recplot,47,robustness,0.9700191617012024
12,mobilenet_recplot,47,complexity,0.3546981049213332
12,mobilenet_recplot,48,faithfulness,0.3495112657546997
12,mobilenet_recplot,48,robustness,0.9595352411270142
12,mobilenet_recplot,48,complexity,0.403105791147496
12,mobilenet_recplot,49,faithfulness,-0.05085784196853638
12,mobilenet_recplot,49,robustness,2.031648874282837
12,mobilenet_recplot,49,complexity,0.8273338399193807
12,mobilenet_recplot,50,faithfulness,0.057461418211460114
12,mobilenet_recplot,50,robustness,1.0043615102767944
12,mobilenet_recplot,50,complexity,0.6058003663536061
12,mobilenet_recplot,51,faithfulness,0.003251291811466217
12,mobilenet_recplot,51,robustness,0.9974040389060974
12,mobilenet_recplot,51,complexity,0.6354073169913398
12,mobilenet_recplot,52,faithfulness,0.08677013218402863
12,mobilenet_recplot,52,robustness,1.0019159317016602
12,mobilenet_recplot,52,complexity,0.7113235665913596
12,mobilenet_recplot,53,faithfulness,0.0691206157207489
12,mobilenet_recplot,53,robustness,0.9945483207702637
12,mobilenet_recplot,53,complexity,0.3778455023449123
12,mobilenet_recplot,54,faithfulness,0.17918725311756134
12,mobilenet_recplot,54,robustness,0.9933022260665894
12,mobilenet_recplot,54,complexity,0.40884314558800156
12,mobilenet_recplot,55,faithfulness,0.4785228371620178
12,mobilenet_recplot,55,robustness,3.4773664474487305
12,mobilenet_recplot,55,complexity,0.6394314936919064
12,mobilenet_recplot,56,faithfulness,0.3179054260253906
12,mobilenet_recplot,56,robustness,0.996648371219635
12,mobilenet_recplot,56,complexity,0.5009322732880273
12,mobilenet_recplot,57,faithfulness,-0.021409913897514343
12,mobilenet_recplot,57,robustness,1.1128215789794922
12,mobilenet_recplot,57,complexity,0.8170073715946311
12,mobilenet_recplot,58,faithfulness,0.164137065410614
12,mobilenet_recplot,58,robustness,1.147735834121704
12,mobilenet_recplot,58,complexity,0.7251554984665524
12,effnet_orig,0,faithfulness,0.15571023523807526
12,effnet_orig,0,robustness,1.4290947914123535
12,effnet_orig,0,complexity,0.46798360967772745
12,effnet_orig,1,faithfulness,-0.02173246070742607
12,effnet_orig,1,robustness,0.7148541212081909
12,effnet_orig,1,complexity,0.4856915225080279
12,effnet_orig,2,faithfulness,0.30183589458465576
12,effnet_orig,2,robustness,0.8168238997459412
12,effnet_orig,2,complexity,0.4004166214246755
12,effnet_orig,3,faithfulness,-0.06279583275318146
12,effnet_orig,3,robustness,1.6467393636703491
12,effnet_orig,3,complexity,0.6756944439049677
12,effnet_orig,4,faithfulness,-0.3001154661178589
12,effnet_orig,4,robustness,0.4021345376968384
12,effnet_orig,4,complexity,0.2728457313146519
12,effnet_orig,5,faithfulness,-0.10723775625228882
12,effnet_orig,5,robustness,0.5955682396888733
12,effnet_orig,5,complexity,0.2658174488993188
12,effnet_orig,6,faithfulness,0.23321479558944702
12,effnet_orig,6,robustness,0.3317863941192627
12,effnet_orig,6,complexity,0.3176115549784514
12,effnet_orig,7,faithfulness,-0.05326390266418457
12,effnet_orig,7,robustness,1.6369448900222778
12,effnet_orig,7,complexity,0.5630340696823866
12,effnet_orig,8,faithfulness,-0.30645447969436646
12,effnet_orig,8,robustness,0.7237762808799744
12,effnet_orig,8,complexity,0.5130488342701263
12,effnet_orig,9,faithfulness,-0.14151141047477722
12,effnet_orig,9,robustness,0.9101204872131348
12,effnet_orig,9,complexity,0.3505571958847732
12,effnet_orig,10,faithfulness,-0.30733585357666016
12,effnet_orig,10,robustness,0.5550886988639832
12,effnet_orig,10,complexity,0.4457384907279374
12,effnet_orig,11,faithfulness,0.36129969358444214
12,effnet_orig,11,robustness,0.5423229336738586
12,effnet_orig,11,complexity,0.30123014884675614
12,effnet_orig,12,faithfulness,-0.051447950303554535
12,effnet_orig,12,robustness,0.8603047728538513
12,effnet_orig,12,complexity,0.5887551282148383
12,effnet_orig,13,faithfulness,-0.19447648525238037
12,effnet_orig,13,robustness,0.6695396304130554
12,effnet_orig,13,complexity,0.447414190999541
12,effnet_orig,14,faithfulness,-0.25562816858291626
12,effnet_orig,14,robustness,0.47694632411003113
12,effnet_orig,14,complexity,0.1862498120710517
12,effnet_orig,15,faithfulness,0.12426438182592392
12,effnet_orig,15,robustness,1.3532801866531372
12,effnet_orig,15,complexity,0.46364835598805343
12,effnet_orig,16,faithfulness,-0.19917988777160645
12,effnet_orig,16,robustness,0.43007975816726685
12,effnet_orig,16,complexity,0.46738557941812137
12,effnet_orig,17,faithfulness,-0.1659737527370453
12,effnet_orig,17,robustness,0.404572069644928
12,effnet_orig,17,complexity,0.31048702262881295
12,effnet_orig,18,faithfulness,0.03637906163930893
12,effnet_orig,18,robustness,1.2568237781524658
12,effnet_orig,18,complexity,0.4217763280145916
12,effnet_orig,19,faithfulness,-0.10325543582439423
12,effnet_orig,19,robustness,0.43504807353019714
12,effnet_orig,19,complexity,0.48576138386756323
12,effnet_orig,20,faithfulness,-0.11185548454523087
12,effnet_orig,20,robustness,0.695532500743866
12,effnet_orig,20,complexity,0.426110452462546
12,effnet_orig,21,faithfulness,-0.19661684334278107
12,effnet_orig,21,robustness,1.065479040145874
12,effnet_orig,21,complexity,0.6433058998921964
12,effnet_orig,22,faithfulness,0.029156111180782318
12,effnet_orig,22,robustness,0.6841162443161011
12,effnet_orig,22,complexity,0.5569260492826613
12,effnet_orig,23,faithfulness,-0.2277769148349762
12,effnet_orig,23,robustness,1.009937047958374
12,effnet_orig,23,complexity,0.6381218196478745
12,effnet_orig,24,faithfulness,0.36300128698349
12,effnet_orig,24,robustness,1.6998569965362549
12,effnet_orig,24,complexity,0.6737195015931458
12,effnet_orig,25,faithfulness,0.28558504581451416
12,effnet_orig,25,robustness,0.41648757457733154
12,effnet_orig,25,complexity,0.6190943343571929
12,effnet_orig,26,faithfulness,-0.0626583993434906
12,effnet_orig,26,robustness,0.5786760449409485
12,effnet_orig,26,complexity,0.6111418749246388
12,effnet_orig,27,faithfulness,0.3867756426334381
12,effnet_orig,27,robustness,0.570990800857544
12,effnet_orig,27,complexity,0.44581817773321325
12,effnet_orig,28,faithfulness,0.20157749950885773
12,effnet_orig,28,robustness,0.8450074195861816
12,effnet_orig,28,complexity,0.5234351532871695
12,effnet_orig,29,faithfulness,-0.028925821185112
12,effnet_orig,29,robustness,0.683428943157196
12,effnet_orig,29,complexity,0.5694420706725416
12,effnet_orig,30,faithfulness,-0.07608766108751297
12,effnet_orig,30,robustness,1.3582847118377686
12,effnet_orig,30,complexity,0.5479103912772004
12,effnet_orig,31,faithfulness,-0.2714043855667114
12,effnet_orig,31,robustness,2.677880048751831
12,effnet_orig,31,complexity,0.7278421446960196
12,effnet_orig,32,faithfulness,-0.0586913637816906
12,effnet_orig,32,robustness,1.2514736652374268
12,effnet_orig,32,complexity,0.6806167220592312
12,effnet_orig,33,faithfulness,-0.28534674644470215
12,effnet_orig,33,robustness,1.5237832069396973
12,effnet_orig,33,complexity,0.57160343414844
12,effnet_orig,34,faithfulness,0.17075791954994202
12,effnet_orig,34,robustness,1.1501903533935547
12,effnet_orig,34,complexity,0.469609239413443
12,effnet_orig,35,faithfulness,-0.2794554829597473
12,effnet_orig,35,robustness,0.9493005275726318
12,effnet_orig,35,complexity,0.5831019837371573
12,effnet_orig,36,faithfulness,-0.3346080780029297
12,effnet_orig,36,robustness,0.6282564401626587
12,effnet_orig,36,complexity,0.4360135967156148
12,effnet_orig,37,faithfulness,-0.15833644568920135
12,effnet_orig,37,robustness,0.7024732828140259
12,effnet_orig,37,complexity,0.3891053435110756
12,effnet_orig,38,faithfulness,-0.021862270310521126
12,effnet_orig,38,robustness,0.986760675907135
12,effnet_orig,38,complexity,0.46905159700762816
12,effnet_orig,39,faithfulness,0.05058220028877258
12,effnet_orig,39,robustness,1.0324963331222534
12,effnet_orig,39,complexity,0.43620798839064195
12,effnet_orig,40,faithfulness,0.08000384271144867
12,effnet_orig,40,robustness,0.744454026222229
12,effnet_orig,40,complexity,0.3015265241177082
12,effnet_orig,41,faithfulness,0.2757217288017273
12,effnet_orig,41,robustness,0.3878122866153717
12,effnet_orig,41,complexity,0.47753472618046666
12,effnet_orig,42,faithfulness,0.1691475212574005
12,effnet_orig,42,robustness,1.4178894758224487
12,effnet_orig,42,complexity,0.37972640966666166
12,effnet_orig,43,faithfulness,-0.14104628562927246
12,effnet_orig,43,robustness,1.0239964723587036
12,effnet_orig,43,complexity,0.4847640710528237
12,effnet_orig,44,faithfulness,0.06142214685678482
12,effnet_orig,44,robustness,0.5152841806411743
12,effnet_orig,44,complexity,0.5989274251601976
12,effnet_orig,45,faithfulness,-0.13201074302196503
12,effnet_orig,45,robustness,1.005239486694336
12,effnet_orig,45,complexity,0.49895691573490397
12,effnet_orig,46,faithfulness,0.14752450585365295
12,effnet_orig,46,robustness,0.7499499320983887
12,effnet_orig,46,complexity,0.26226432276669204
12,effnet_orig,47,faithfulness,-0.0328529067337513
12,effnet_orig,47,robustness,0.5050688982009888
12,effnet_orig,47,complexity,0.2895602819775816
12,effnet_orig,48,faithfulness,0.07511299103498459
12,effnet_orig,48,robustness,0.6146585941314697
12,effnet_orig,48,complexity,0.18964191885911544
12,effnet_orig,49,faithfulness,-0.096262127161026
12,effnet_orig,49,robustness,0.5632221698760986
12,effnet_orig,49,complexity,0.23962235994862413
12,effnet_orig,50,faithfulness,0.1356089562177658
12,effnet_orig,50,robustness,0.4691708981990814
12,effnet_orig,50,complexity,0.2575609016413299
12,effnet_orig,51,faithfulness,-0.013115055859088898
12,effnet_orig,51,robustness,0.6567696928977966
12,effnet_orig,51,complexity,0.32716936288295306
12,effnet_orig,52,faithfulness,0.16322948038578033
12,effnet_orig,52,robustness,0.302517831325531
12,effnet_orig,52,complexity,0.4390192007456943
12,effnet_orig,53,faithfulness,-0.1470859944820404
12,effnet_orig,53,robustness,0.936702311038971
12,effnet_orig,53,complexity,0.2278895688496536
12,effnet_orig,54,faithfulness,0.12325573712587357
12,effnet_orig,54,robustness,0.7698123455047607
12,effnet_orig,54,complexity,0.1872205453239024
12,effnet_orig,55,faithfulness,-0.005150854587554932
12,effnet_orig,55,robustness,0.9105995297431946
12,effnet_orig,55,complexity,0.5220287439281701
12,effnet_orig,56,faithfulness,0.05898113548755646
12,effnet_orig,56,robustness,0.7646178603172302
12,effnet_orig,56,complexity,0.15736827329687178
12,effnet_orig,57,faithfulness,-0.2808524966239929
12,effnet_orig,57,robustness,0.4698737561702728
12,effnet_orig,57,complexity,0.2988950814801231
12,effnet_orig,58,faithfulness,0.04276876896619797
12,effnet_orig,58,robustness,0.39335137605667114
12,effnet_orig,58,complexity,0.2107118430539429
12,effnet_recplot,0,faithfulness,-0.025494486093521118
12,effnet_recplot,0,robustness,1.0
12,effnet_recplot,0,complexity,0.7663057670005379
12,effnet_recplot,1,faithfulness,0.21944741904735565
12,effnet_recplot,1,robustness,1.0
12,effnet_recplot,1,complexity,0.6660921400206772
12,effnet_recplot,2,faithfulness,-0.2706943154335022
12,effnet_recplot,2,robustness,1.0044105052947998
12,effnet_recplot,2,complexity,0.5256788539199246
12,effnet_recplot,3,faithfulness,-0.010522156953811646
12,effnet_recplot,3,robustness,1.0
12,effnet_recplot,3,complexity,0.7489051109092043
12,effnet_recplot,4,faithfulness,0.1890403777360916
12,effnet_recplot,4,robustness,1.0
12,effnet_recplot,4,complexity,0.6184264543211491
12,effnet_recplot,5,faithfulness,0.25039994716644287
12,effnet_recplot,5,robustness,1.0
12,effnet_recplot,5,complexity,0.4091334976301579
12,effnet_recplot,6,faithfulness,-0.18442228436470032
12,effnet_recplot,6,robustness,1.0
12,effnet_recplot,6,complexity,0.5165709154092463
12,effnet_recplot,7,faithfulness,-0.24152937531471252
12,effnet_recplot,7,robustness,2.39152193069458
12,effnet_recplot,7,complexity,0.6936219284053833
12,effnet_recplot,8,faithfulness,-0.18042269349098206
12,effnet_recplot,8,robustness,1.0
12,effnet_recplot,8,complexity,0.5804394286663261
12,effnet_recplot,9,faithfulness,-0.0722774937748909
12,effnet_recplot,9,robustness,1.0
12,effnet_recplot,9,complexity,0.4774188645227181
12,effnet_recplot,10,faithfulness,-0.23792673647403717
12,effnet_recplot,10,robustness,1.0
12,effnet_recplot,10,complexity,0.5282543125761685
12,effnet_recplot,11,faithfulness,0.03618811443448067
12,effnet_recplot,11,robustness,16.948440551757812
12,effnet_recplot,11,complexity,0.9062460154599966
12,effnet_recplot,12,faithfulness,-0.0036314018070697784
12,effnet_recplot,12,robustness,1.0
12,effnet_recplot,12,complexity,0.7089127742860402
12,effnet_recplot,13,faithfulness,0.012318668887019157
12,effnet_recplot,13,robustness,1.0
12,effnet_recplot,13,complexity,0.7004227515686774
12,effnet_recplot,14,faithfulness,0.13285548985004425
12,effnet_recplot,14,robustness,1.0
12,effnet_recplot,14,complexity,0.4815123079444139
12,effnet_recplot,15,faithfulness,0.10029321163892746
12,effnet_recplot,15,robustness,2.0288867950439453
12,effnet_recplot,15,complexity,0.7090302189155697
12,effnet_recplot,16,faithfulness,0.22267477214336395
12,effnet_recplot,16,robustness,1.0
12,effnet_recplot,16,complexity,0.47034600716814723
12,effnet_recplot,17,faithfulness,0.47077614068984985
12,effnet_recplot,17,robustness,1.0
12,effnet_recplot,17,complexity,0.6221289863378483
12,effnet_recplot,18,faithfulness,-0.2643662393093109
12,effnet_recplot,18,robustness,4.9384002685546875
12,effnet_recplot,18,complexity,0.7926908990584348
12,effnet_recplot,19,faithfulness,0.167109876871109
12,effnet_recplot,19,robustness,2.785994291305542
12,effnet_recplot,19,complexity,0.6679662622723251
12,effnet_recplot,20,faithfulness,0.020555466413497925
12,effnet_recplot,20,robustness,1.4681521654129028
12,effnet_recplot,20,complexity,0.5663770909103211
12,effnet_recplot,21,faithfulness,-0.1377648413181305
12,effnet_recplot,21,robustness,3.5405726432800293
12,effnet_recplot,21,complexity,0.5170549477556101
12,effnet_recplot,22,faithfulness,0.013489410281181335
12,effnet_recplot,22,robustness,2.659083604812622
12,effnet_recplot,22,complexity,0.43326740511663786
12,effnet_recplot,23,faithfulness,0.011314205825328827
12,effnet_recplot,23,robustness,18.929689407348633
12,effnet_recplot,23,complexity,0.7282891437737098
12,effnet_recplot,24,faithfulness,-0.1822586953639984
12,effnet_recplot,24,robustness,3.065537691116333
12,effnet_recplot,24,complexity,0.675152657957837
12,effnet_recplot,25,faithfulness,0.04314084351062775
12,effnet_recplot,25,robustness,2.915048599243164
12,effnet_recplot,25,complexity,0.6426445232813547
12,effnet_recplot,26,faithfulness,0.2735283672809601
12,effnet_recplot,26,robustness,7.58076286315918
12,effnet_recplot,26,complexity,0.8756364303506585
12,effnet_recplot,27,faithfulness,0.49200719594955444
12,effnet_recplot,27,robustness,2.0970184803009033
12,effnet_recplot,27,complexity,0.8721981666595229
12,effnet_recplot,28,faithfulness,-0.1464928388595581
12,effnet_recplot,28,robustness,1.0
12,effnet_recplot,28,complexity,0.3147803709758813
12,effnet_recplot,29,faithfulness,0.008022204041481018
12,effnet_recplot,29,robustness,2.5290403366088867
12,effnet_recplot,29,complexity,0.641113391400832
12,effnet_recplot,30,faithfulness,0.15685385465621948
12,effnet_recplot,30,robustness,2.0740299224853516
12,effnet_recplot,30,complexity,0.6843140579971522
12,effnet_recplot,31,faithfulness,0.29187142848968506
12,effnet_recplot,31,robustness,3.156599521636963
12,effnet_recplot,31,complexity,0.7252442508627418
12,effnet_recplot,32,faithfulness,-0.006286971271038055
12,effnet_recplot,32,robustness,2.5066604614257812
12,effnet_recplot,32,complexity,0.699153263945179
12,effnet_recplot,33,faithfulness,0.12937095761299133
12,effnet_recplot,33,robustness,2.958613872528076
12,effnet_recplot,33,complexity,0.6594848680830285
12,effnet_recplot,34,faithfulness,0.02670888975262642
12,effnet_recplot,34,robustness,3.6855309009552
12,effnet_recplot,34,complexity,0.7142247524261184
12,effnet_recplot,35,faithfulness,0.24232253432273865
12,effnet_recplot,35,robustness,2.6019976139068604
12,effnet_recplot,35,complexity,0.6363714380257692
12,effnet_recplot,36,faithfulness,
12,effnet_recplot,36,robustness,inf
12,effnet_recplot,36,complexity,0.0
12,effnet_recplot,37,faithfulness,-0.12669490277767181
12,effnet_recplot,37,robustness,1.0517343282699585
12,effnet_recplot,37,complexity,0.7452036489070054
12,effnet_recplot,38,faithfulness,0.09032860398292542
12,effnet_recplot,38,robustness,2.2870044708251953
12,effnet_recplot,38,complexity,0.6745944180903232
12,effnet_recplot,39,faithfulness,0.019648779183626175
12,effnet_recplot,39,robustness,5.282821178436279
12,effnet_recplot,39,complexity,0.7184128076909181
12,effnet_recplot,40,faithfulness,-0.10049784928560257
12,effnet_recplot,40,robustness,1.0
12,effnet_recplot,40,complexity,0.7073583314176566
12,effnet_recplot,41,faithfulness,
12,effnet_recplot,41,robustness,inf
12,effnet_recplot,41,complexity,0.0
12,effnet_recplot,42,faithfulness,0.15045645833015442
12,effnet_recplot,42,robustness,1.6035350561141968
12,effnet_recplot,42,complexity,0.5977659875803635
12,effnet_recplot,43,faithfulness,-0.12893979251384735
12,effnet_recplot,43,robustness,3.3111798763275146
12,effnet_recplot,43,complexity,0.6717826864694139
12,effnet_recplot,44,faithfulness,0.10885544866323471
12,effnet_recplot,44,robustness,1.0
12,effnet_recplot,44,complexity,0.5762291205236927
12,effnet_recplot,45,faithfulness,0.15760968625545502
12,effnet_recplot,45,robustness,7.9972124099731445
12,effnet_recplot,45,complexity,0.6849684885985469
12,effnet_recplot,46,faithfulness,0.09312188625335693
12,effnet_recplot,46,robustness,1.025868535041809
12,effnet_recplot,46,complexity,0.6072864366883515
12,effnet_recplot,47,faithfulness,0.4692215919494629
12,effnet_recplot,47,robustness,1.0
12,effnet_recplot,47,complexity,0.43718050107265854
12,effnet_recplot,48,faithfulness,0.23030045628547668
12,effnet_recplot,48,robustness,1.0
12,effnet_recplot,48,complexity,0.48377242705884205
12,effnet_recplot,49,faithfulness,-0.2619721293449402
12,effnet_recplot,49,robustness,1.9254093170166016
12,effnet_recplot,49,complexity,0.7371778009814776
12,effnet_recplot,50,faithfulness,-0.13962149620056152
12,effnet_recplot,50,robustness,1.0
12,effnet_recplot,50,complexity,0.4078411551989334
12,effnet_recplot,51,faithfulness,-0.011527076363563538
12,effnet_recplot,51,robustness,1.3675237894058228
12,effnet_recplot,51,complexity,0.36442333283413714
12,effnet_recplot,52,faithfulness,0.2509290277957916
12,effnet_recplot,52,robustness,1.0
12,effnet_recplot,52,complexity,0.3895331818277872
12,effnet_recplot,53,faithfulness,0.1282033622264862
12,effnet_recplot,53,robustness,1.0
12,effnet_recplot,53,complexity,0.6415673367281788
12,effnet_recplot,54,faithfulness,0.400877445936203
12,effnet_recplot,54,robustness,1.0
12,effnet_recplot,54,complexity,0.4901897879653235
12,effnet_recplot,55,faithfulness,0.3131721019744873
12,effnet_recplot,55,robustness,2.194033622741699
12,effnet_recplot,55,complexity,0.730683392529968
12,effnet_recplot,56,faithfulness,0.24691081047058105
12,effnet_recplot,56,robustness,1.0
12,effnet_recplot,56,complexity,0.2603120213503689
12,effnet_recplot,57,faithfulness,-0.08817093074321747
12,effnet_recplot,57,robustness,1.0
12,effnet_recplot,57,complexity,0.25694846826552453
12,effnet_recplot,58,faithfulness,0.3037894666194916
12,effnet_recplot,58,robustness,1.0070083141326904
12,effnet_recplot,58,complexity,0.4495830302035349
42,mobilenet_orig,0,faithfulness,0.23523923754692078
42,mobilenet_orig,0,robustness,0.9806411266326904
42,mobilenet_orig,0,complexity,0.7061026074276412
42,mobilenet_orig,1,faithfulness,-0.09721970558166504
42,mobilenet_orig,1,robustness,2.224327564239502
42,mobilenet_orig,1,complexity,0.7293966318341123
42,mobilenet_orig,2,faithfulness,-0.49589627981185913
42,mobilenet_orig,2,robustness,1.4413807392120361
42,mobilenet_orig,2,complexity,0.5364894443526232
42,mobilenet_orig,3,faithfulness,-0.15893128514289856
42,mobilenet_orig,3,robustness,2.750021457672119
42,mobilenet_orig,3,complexity,0.6063281809769366
42,mobilenet_orig,4,faithfulness,-0.24237188696861267
42,mobilenet_orig,4,robustness,1.034918189048767
42,mobilenet_orig,4,complexity,0.42123844944949335
42,mobilenet_orig,5,faithfulness,0.08696596324443817
42,mobilenet_orig,5,robustness,0.5664907693862915
42,mobilenet_orig,5,complexity,0.5946297514753156
42,mobilenet_orig,6,faithfulness,0.07404513657093048
42,mobilenet_orig,6,robustness,0.7842957973480225
42,mobilenet_orig,6,complexity,0.4288028768758217
42,mobilenet_orig,7,faithfulness,-0.275060772895813
42,mobilenet_orig,7,robustness,1.767586588859558
42,mobilenet_orig,7,complexity,0.6202807608259062
42,mobilenet_orig,8,faithfulness,-0.25484517216682434
42,mobilenet_orig,8,robustness,1.103346347808838
42,mobilenet_orig,8,complexity,0.7230727578109942
42,mobilenet_orig,9,faithfulness,0.30022403597831726
42,mobilenet_orig,9,robustness,1.1226626634597778
42,mobilenet_orig,9,complexity,0.5973483535679358
42,mobilenet_orig,10,faithfulness,-0.025951210409402847
42,mobilenet_orig,10,robustness,0.9831039309501648
42,mobilenet_orig,10,complexity,0.7334733305368293
42,mobilenet_orig,11,faithfulness,-0.1450691521167755
42,mobilenet_orig,11,robustness,0.8123393654823303
42,mobilenet_orig,11,complexity,0.6178103343981556
42,mobilenet_orig,12,faithfulness,0.1445818543434143
42,mobilenet_orig,12,robustness,0.8358978629112244
42,mobilenet_orig,12,complexity,0.6207412215563072
42,mobilenet_orig,13,faithfulness,0.22498582303524017
42,mobilenet_orig,13,robustness,1.6074217557907104
42,mobilenet_orig,13,complexity,0.590697919915802
42,mobilenet_orig,14,faithfulness,0.11583644896745682
42,mobilenet_orig,14,robustness,0.7153637409210205
42,mobilenet_orig,14,complexity,0.4532809546920656
42,mobilenet_orig,15,faithfulness,0.0555264949798584
42,mobilenet_orig,15,robustness,0.7687271237373352
42,mobilenet_orig,15,complexity,0.7126488042013348
42,mobilenet_orig,16,faithfulness,0.07191963493824005
42,mobilenet_orig,16,robustness,1.9043415784835815
42,mobilenet_orig,16,complexity,0.7319705480082709
42,mobilenet_orig,17,faithfulness,0.28901371359825134
42,mobilenet_orig,17,robustness,2.386181354522705
42,mobilenet_orig,17,complexity,0.5318666190030865
42,mobilenet_orig,18,faithfulness,0.08600889146327972
42,mobilenet_orig,18,robustness,0.7205114364624023
42,mobilenet_orig,18,complexity,0.48728498656583963
42,mobilenet_orig,19,faithfulness,0.20690764486789703
42,mobilenet_orig,19,robustness,0.4052528738975525
42,mobilenet_orig,19,complexity,0.471311534959914
42,mobilenet_orig,20,faithfulness,-0.2418760061264038
42,mobilenet_orig,20,robustness,1.1199969053268433
42,mobilenet_orig,20,complexity,0.43565476020366556
42,mobilenet_orig,21,faithfulness,0.01933448575437069
42,mobilenet_orig,21,robustness,0.5334169268608093
42,mobilenet_orig,21,complexity,0.6196346334164118
42,mobilenet_orig,22,faithfulness,0.17279160022735596
42,mobilenet_orig,22,robustness,1.1528303623199463
42,mobilenet_orig,22,complexity,0.3996372478000528
42,mobilenet_orig,23,faithfulness,0.06623054295778275
42,mobilenet_orig,23,robustness,1.239447832107544
42,mobilenet_orig,23,complexity,0.40661516146405413
42,mobilenet_orig,24,faithfulness,0.13209521770477295
42,mobilenet_orig,24,robustness,1.172911286354065
42,mobilenet_orig,24,complexity,0.6400502498115768
42,mobilenet_orig,25,faithfulness,0.03566746786236763
42,mobilenet_orig,25,robustness,0.6576436758041382
42,mobilenet_orig,25,complexity,0.4555416159420578
42,mobilenet_orig,26,faithfulness,0.1253986656665802
42,mobilenet_orig,26,robustness,0.799098551273346
42,mobilenet_orig,26,complexity,0.4831847633818446
42,mobilenet_orig,27,faithfulness,0.3394981920719147
42,mobilenet_orig,27,robustness,1.0180108547210693
42,mobilenet_orig,27,complexity,0.4853347761125851
42,mobilenet_orig,28,faithfulness,-0.04565257579088211
42,mobilenet_orig,28,robustness,1.2300180196762085
42,mobilenet_orig,28,complexity,0.5250176682656
42,mobilenet_orig,29,faithfulness,0.2740139961242676
42,mobilenet_orig,29,robustness,1.5328363180160522
42,mobilenet_orig,29,complexity,0.36610524355531465
42,mobilenet_orig,30,faithfulness,0.26773801445961
42,mobilenet_orig,30,robustness,2.1554477214813232
42,mobilenet_orig,30,complexity,0.4406501986395787
42,mobilenet_orig,31,faithfulness,-0.17390449345111847
42,mobilenet_orig,31,robustness,1.3261574506759644
42,mobilenet_orig,31,complexity,0.447006424659983
42,mobilenet_orig,32,faithfulness,0.2117922306060791
42,mobilenet_orig,32,robustness,0.5123748779296875
42,mobilenet_orig,32,complexity,0.5654534322956868
42,mobilenet_orig,33,faithfulness,-0.003704499453306198
42,mobilenet_orig,33,robustness,0.8375737071037292
42,mobilenet_orig,33,complexity,0.5109500871863092
42,mobilenet_orig,34,faithfulness,-0.01796768233180046
42,mobilenet_orig,34,robustness,0.6041207313537598
42,mobilenet_orig,34,complexity,0.532672551982977
42,mobilenet_orig,35,faithfulness,-0.06085126847028732
42,mobilenet_orig,35,robustness,0.8105732202529907
42,mobilenet_orig,35,complexity,0.5025513286308513
42,mobilenet_orig,36,faithfulness,-0.3363356590270996
42,mobilenet_orig,36,robustness,0.3791979253292084
42,mobilenet_orig,36,complexity,0.47810725554957156
42,mobilenet_orig,37,faithfulness,0.1405298113822937
42,mobilenet_orig,37,robustness,0.7864089608192444
42,mobilenet_orig,37,complexity,0.3707872217223405
42,mobilenet_orig,38,faithfulness,-0.2749772071838379
42,mobilenet_orig,38,robustness,1.030109167098999
42,mobilenet_orig,38,complexity,0.4941762690178218
42,mobilenet_orig,39,faithfulness,-0.07300402969121933
42,mobilenet_orig,39,robustness,0.8796672821044922
42,mobilenet_orig,39,complexity,0.5564816312242693
42,mobilenet_orig,40,faithfulness,0.1638619750738144
42,mobilenet_orig,40,robustness,0.6935215592384338
42,mobilenet_orig,40,complexity,0.4323103847649032
42,mobilenet_orig,41,faithfulness,0.0954984650015831
42,mobilenet_orig,41,robustness,0.6310176849365234
42,mobilenet_orig,41,complexity,0.5520897419091195
42,mobilenet_orig,42,faithfulness,-0.060207799077034
42,mobilenet_orig,42,robustness,0.6714133024215698
42,mobilenet_orig,42,complexity,0.4324583419295607
42,mobilenet_orig,43,faithfulness,0.04376547038555145
42,mobilenet_orig,43,robustness,0.9551717638969421
42,mobilenet_orig,43,complexity,0.49788523639401233
42,mobilenet_orig,44,faithfulness,-0.09059718996286392
42,mobilenet_orig,44,robustness,1.4064404964447021
42,mobilenet_orig,44,complexity,0.3834532562505405
42,mobilenet_orig,45,faithfulness,-0.10619401931762695
42,mobilenet_orig,45,robustness,1.2892019748687744
42,mobilenet_orig,45,complexity,0.47383149136331604
42,mobilenet_orig,46,faithfulness,0.14730536937713623
42,mobilenet_orig,46,robustness,0.966895580291748
42,mobilenet_orig,46,complexity,0.5646680287078496
42,mobilenet_orig,47,faithfulness,0.26792654395103455
42,mobilenet_orig,47,robustness,0.9623793363571167
42,mobilenet_orig,47,complexity,0.49481668732246775
42,mobilenet_orig,48,faithfulness,0.26644575595855713
42,mobilenet_orig,48,robustness,0.6154182553291321
42,mobilenet_orig,48,complexity,0.43590040358787063
42,mobilenet_orig,49,faithfulness,-0.1850583851337433
42,mobilenet_orig,49,robustness,1.1484906673431396
42,mobilenet_orig,49,complexity,0.5635317691258882
42,mobilenet_orig,50,faithfulness,0.2335624098777771
42,mobilenet_orig,50,robustness,0.7816247940063477
42,mobilenet_orig,50,complexity,0.4359153451715701
42,mobilenet_orig,51,faithfulness,0.10551484674215317
42,mobilenet_orig,51,robustness,1.0835236310958862
42,mobilenet_orig,51,complexity,0.4986595075675549
42,mobilenet_orig,52,faithfulness,-0.3657965064048767
42,mobilenet_orig,52,robustness,0.5104955434799194
42,mobilenet_orig,52,complexity,0.5804076938423691
42,mobilenet_orig,53,faithfulness,0.17376179993152618
42,mobilenet_orig,53,robustness,0.8503368496894836
42,mobilenet_orig,53,complexity,0.41142666260234523
42,mobilenet_orig,54,faithfulness,0.057893894612789154
42,mobilenet_orig,54,robustness,0.5678905248641968
42,mobilenet_orig,54,complexity,0.3902210273974369
42,mobilenet_orig,55,faithfulness,0.2851242125034332
42,mobilenet_orig,55,robustness,0.8502792716026306
42,mobilenet_orig,55,complexity,0.49149147465834364
42,mobilenet_orig,56,faithfulness,0.05162258446216583
42,mobilenet_orig,56,robustness,1.3300213813781738
42,mobilenet_orig,56,complexity,0.5825030632642014
42,mobilenet_orig,57,faithfulness,-0.2198163866996765
42,mobilenet_orig,57,robustness,0.7418326735496521
42,mobilenet_orig,57,complexity,0.47249682732579124
42,mobilenet_orig,58,faithfulness,0.259745717048645
42,mobilenet_orig,58,robustness,0.9442495703697205
42,mobilenet_orig,58,complexity,0.4909007517161324
42,mobilenet_recplot,0,faithfulness,0.11277612298727036
42,mobilenet_recplot,0,robustness,1.3515506982803345
42,mobilenet_recplot,0,complexity,0.7049675362438667
42,mobilenet_recplot,1,faithfulness,0.2590823769569397
42,mobilenet_recplot,1,robustness,2.4283227920532227
42,mobilenet_recplot,1,complexity,0.8919718811469781
42,mobilenet_recplot,2,faithfulness,0.06653794646263123
42,mobilenet_recplot,2,robustness,1.5773375034332275
42,mobilenet_recplot,2,complexity,0.7412949230414523
42,mobilenet_recplot,3,faithfulness,0.34601786732673645
42,mobilenet_recplot,3,robustness,1.0118547677993774
42,mobilenet_recplot,3,complexity,0.6913839655920178
42,mobilenet_recplot,4,faithfulness,0.2854342758655548
42,mobilenet_recplot,4,robustness,0.96389240026474
42,mobilenet_recplot,4,complexity,0.6019800433143575
42,mobilenet_recplot,5,faithfulness,0.023260727524757385
42,mobilenet_recplot,5,robustness,0.9899612665176392
42,mobilenet_recplot,5,complexity,0.6658496459978672
42,mobilenet_recplot,6,faithfulness,-0.03295520320534706
42,mobilenet_recplot,6,robustness,0.9859960079193115
42,mobilenet_recplot,6,complexity,0.6600279697547335
42,mobilenet_recplot,7,faithfulness,-0.41484951972961426
42,mobilenet_recplot,7,robustness,6.918082237243652
42,mobilenet_recplot,7,complexity,0.8700726998501134
42,mobilenet_recplot,8,faithfulness,-0.183950275182724
42,mobilenet_recplot,8,robustness,1.1101652383804321
42,mobilenet_recplot,8,complexity,0.4772789988516577
42,mobilenet_recplot,9,faithfulness,0.12209533154964447
42,mobilenet_recplot,9,robustness,1.2094837427139282
42,mobilenet_recplot,9,complexity,0.5421416325281304
42,mobilenet_recplot,10,faithfulness,0.3489874303340912
42,mobilenet_recplot,10,robustness,0.9643293619155884
42,mobilenet_recplot,10,complexity,0.5626016393902123
42,mobilenet_recplot,11,faithfulness,0.4579220116138458
42,mobilenet_recplot,11,robustness,3.122634172439575
42,mobilenet_recplot,11,complexity,0.6077188498242133
42,mobilenet_recplot,12,faithfulness,0.5850659608840942
42,mobilenet_recplot,12,robustness,0.9961052536964417
42,mobilenet_recplot,12,complexity,0.6279153545042787
42,mobilenet_recplot,13,faithfulness,0.20736393332481384
42,mobilenet_recplot,13,robustness,0.9999349117279053
42,mobilenet_recplot,13,complexity,0.6485877844120237
42,mobilenet_recplot,14,faithfulness,0.061899080872535706
42,mobilenet_recplot,14,robustness,1.0062769651412964
42,mobilenet_recplot,14,complexity,0.7238153182394486
42,mobilenet_recplot,15,faithfulness,0.14607267081737518
42,mobilenet_recplot,15,robustness,1.6898893117904663
42,mobilenet_recplot,15,complexity,0.7200065855128791
42,mobilenet_recplot,16,faithfulness,0.017702847719192505
42,mobilenet_recplot,16,robustness,0.9814901351928711
42,mobilenet_recplot,16,complexity,0.5808420566067664
42,mobilenet_recplot,17,faithfulness,-0.10026660561561584
42,mobilenet_recplot,17,robustness,0.9781505465507507
42,mobilenet_recplot,17,complexity,0.6329515678734572
42,mobilenet_recplot,18,faithfulness,0.3597845435142517
42,mobilenet_recplot,18,robustness,0.9983658790588379
42,mobilenet_recplot,18,complexity,0.6111228411733931
42,mobilenet_recplot,19,faithfulness,-0.11357524245977402
42,mobilenet_recplot,19,robustness,0.8536452054977417
42,mobilenet_recplot,19,complexity,0.5206383275302942
42,mobilenet_recplot,20,faithfulness,0.18038997054100037
42,mobilenet_recplot,20,robustness,0.9920578002929688
42,mobilenet_recplot,20,complexity,0.4879582215925961
42,mobilenet_recplot,21,faithfulness,0.1951599270105362
42,mobilenet_recplot,21,robustness,0.963871955871582
42,mobilenet_recplot,21,complexity,0.47786744216881477
42,mobilenet_recplot,22,faithfulness,-0.40714558959007263
42,mobilenet_recplot,22,robustness,0.9852386116981506
42,mobilenet_recplot,22,complexity,0.5262577696183922
42,mobilenet_recplot,23,faithfulness,0.1700214445590973
42,mobilenet_recplot,23,robustness,1.5956432819366455
42,mobilenet_recplot,23,complexity,0.6577023467226674
42,mobilenet_recplot,24,faithfulness,0.15411067008972168
42,mobilenet_recplot,24,robustness,0.9837585687637329
42,mobilenet_recplot,24,complexity,0.5519717929154999
42,mobilenet_recplot,25,faithfulness,0.2808484137058258
42,mobilenet_recplot,25,robustness,1.0145576000213623
42,mobilenet_recplot,25,complexity,0.4914165806364404
42,mobilenet_recplot,26,faithfulness,0.3255215883255005
42,mobilenet_recplot,26,robustness,0.9851402044296265
42,mobilenet_recplot,26,complexity,0.4437066018378731
42,mobilenet_recplot,27,faithfulness,0.0041161999106407166
42,mobilenet_recplot,27,robustness,2.07169246673584
42,mobilenet_recplot,27,complexity,0.6703066242472338
42,mobilenet_recplot,28,faithfulness,0.20036545395851135
42,mobilenet_recplot,28,robustness,0.9780617356300354
42,mobilenet_recplot,28,complexity,0.4718715870760978
42,mobilenet_recplot,29,faithfulness,-0.24712005257606506
42,mobilenet_recplot,29,robustness,0.9818867444992065
42,mobilenet_recplot,29,complexity,0.5262421966331853
42,mobilenet_recplot,30,faithfulness,-0.025967955589294434
42,mobilenet_recplot,30,robustness,0.8532670736312866
42,mobilenet_recplot,30,complexity,0.5147439556285964
42,mobilenet_recplot,31,faithfulness,0.08253553509712219
42,mobilenet_recplot,31,robustness,0.9122515916824341
42,mobilenet_recplot,31,complexity,0.4052750522345246
42,mobilenet_recplot,32,faithfulness,-0.2953190505504608
42,mobilenet_recplot,32,robustness,1.0736424922943115
42,mobilenet_recplot,32,complexity,0.5896076506417152
42,mobilenet_recplot,33,faithfulness,0.2706243097782135
42,mobilenet_recplot,33,robustness,0.9835768342018127
42,mobilenet_recplot,33,complexity,0.5482501615228418
42,mobilenet_recplot,34,faithfulness,0.10668295621871948
42,mobilenet_recplot,34,robustness,0.9094592928886414
42,mobilenet_recplot,34,complexity,0.5514887084581349
42,mobilenet_recplot,35,faithfulness,0.10478639602661133
42,mobilenet_recplot,35,robustness,0.909501314163208
42,mobilenet_recplot,35,complexity,0.48397929672016626
42,mobilenet_recplot,36,faithfulness,0.2763189673423767
42,mobilenet_recplot,36,robustness,1.8197263479232788
42,mobilenet_recplot,36,complexity,0.8061279816450596
42,mobilenet_recplot,37,faithfulness,-0.16478346288204193
42,mobilenet_recplot,37,robustness,0.9797238707542419
42,mobilenet_recplot,37,complexity,0.39276283489985797
42,mobilenet_recplot,38,faithfulness,0.06695931404829025
42,mobilenet_recplot,38,robustness,0.9977466464042664
42,mobilenet_recplot,38,complexity,0.5762455797510179
42,mobilenet_recplot,39,faithfulness,0.20812922716140747
42,mobilenet_recplot,39,robustness,1.3636362552642822
42,mobilenet_recplot,39,complexity,0.6515875429916905
42,mobilenet_recplot,40,faithfulness,-0.41603273153305054
42,mobilenet_recplot,40,robustness,0.9971386194229126
42,mobilenet_recplot,40,complexity,0.5979121208282262
42,mobilenet_recplot,41,faithfulness,
42,mobilenet_recplot,41,robustness,inf
42,mobilenet_recplot,41,complexity,0.0
42,mobilenet_recplot,42,faithfulness,0.2204725593328476
42,mobilenet_recplot,42,robustness,0.9827601909637451
42,mobilenet_recplot,42,complexity,0.4814013543505899
42,mobilenet_recplot,43,faithfulness,0.24806584417819977
42,mobilenet_recplot,43,robustness,1.0444296598434448
42,mobilenet_recplot,43,complexity,0.7716281380155864
42,mobilenet_recplot,44,faithfulness,0.22620800137519836
42,mobilenet_recplot,44,robustness,0.9951504468917847
42,mobilenet_recplot,44,complexity,0.5622399111130453
42,mobilenet_recplot,45,faithfulness,0.1851639449596405
42,mobilenet_recplot,45,robustness,2.1507391929626465
42,mobilenet_recplot,45,complexity,0.7050620665943976
42,mobilenet_recplot,46,faithfulness,0.15426647663116455
42,mobilenet_recplot,46,robustness,0.9904015064239502
42,mobilenet_recplot,46,complexity,0.4580716192931335
42,mobilenet_recplot,47,faithfulness,0.15359090268611908
42,mobilenet_recplot,47,robustness,1.3237318992614746
42,mobilenet_recplot,47,complexity,0.5478788498743347
42,mobilenet_recplot,48,faithfulness,0.26678407192230225
42,mobilenet_recplot,48,robustness,1.4360723495483398
42,mobilenet_recplot,48,complexity,0.6072612402980089
42,mobilenet_recplot,49,faithfulness,0.5184149146080017
42,mobilenet_recplot,49,robustness,182.7817840576172
42,mobilenet_recplot,49,complexity,0.9171731646177964
42,mobilenet_recplot,50,faithfulness,0.3488991856575012
42,mobilenet_recplot,50,robustness,1.515491247177124
42,mobilenet_recplot,50,complexity,0.6284555254059091
42,mobilenet_recplot,51,faithfulness,0.16567926108837128
42,mobilenet_recplot,51,robustness,1.3096641302108765
42,mobilenet_recplot,51,complexity,0.6914370999925484
42,mobilenet_recplot,52,faithfulness,0.24114388227462769
42,mobilenet_recplot,52,robustness,9.74498462677002
42,mobilenet_recplot,52,complexity,0.827214639177321
42,mobilenet_recplot,53,faithfulness,0.2319139838218689
42,mobilenet_recplot,53,robustness,1.5897798538208008
42,mobilenet_recplot,53,complexity,0.4488087949811393
42,mobilenet_recplot,54,faithfulness,-0.07112790644168854
42,mobilenet_recplot,54,robustness,1.5609172582626343
42,mobilenet_recplot,54,complexity,0.42395469737527197
42,mobilenet_recplot,55,faithfulness,-0.041837796568870544
42,mobilenet_recplot,55,robustness,189.63478088378906
42,mobilenet_recplot,55,complexity,0.9175750668774386
42,mobilenet_recplot,56,faithfulness,0.026176193729043007
42,mobilenet_recplot,56,robustness,1.5142418146133423
42,mobilenet_recplot,56,complexity,0.5483402640697003
42,mobilenet_recplot,57,faithfulness,0.09555366635322571
42,mobilenet_recplot,57,robustness,13.17272663116455
42,mobilenet_recplot,57,complexity,0.7601924934817765
42,mobilenet_recplot,58,faithfulness,0.21347036957740784
42,mobilenet_recplot,58,robustness,3.524221181869507
42,mobilenet_recplot,58,complexity,0.6523403671661223
42,effnet_orig,0,faithfulness,-0.04554707556962967
42,effnet_orig,0,robustness,0.6056706309318542
42,effnet_orig,0,complexity,0.49288288987014156
42,effnet_orig,1,faithfulness,-0.16639703512191772
42,effnet_orig,1,robustness,0.6111131906509399
42,effnet_orig,1,complexity,0.42072077713311756
42,effnet_orig,2,faithfulness,0.11528133600950241
42,effnet_orig,2,robustness,0.6337652802467346
42,effnet_orig,2,complexity,0.4550636938524612
42,effnet_orig,3,faithfulness,0.16964420676231384
42,effnet_orig,3,robustness,0.712782084941864
42,effnet_orig,3,complexity,0.44450477293639296
42,effnet_orig,4,faithfulness,0.11674053221940994
42,effnet_orig,4,robustness,0.5329888463020325
42,effnet_orig,4,complexity,0.30683723046741995
42,effnet_orig,5,faithfulness,-0.21637576818466187
42,effnet_orig,5,robustness,0.5598028898239136
42,effnet_orig,5,complexity,0.3067939306412356
42,effnet_orig,6,faithfulness,-0.3026106357574463
42,effnet_orig,6,robustness,0.5255782008171082
42,effnet_orig,6,complexity,0.24466782466700512
42,effnet_orig,7,faithfulness,0.28851649165153503
42,effnet_orig,7,robustness,1.2722355127334595
42,effnet_orig,7,complexity,0.627102347495333
42,effnet_orig,8,faithfulness,-0.0720529705286026
42,effnet_orig,8,robustness,0.6140293478965759
42,effnet_orig,8,complexity,0.5282206231038539
42,effnet_orig,9,faithfulness,-0.29911887645721436
42,effnet_orig,9,robustness,0.6447625160217285
42,effnet_orig,9,complexity,0.3740115433411451
42,effnet_orig,10,faithfulness,-0.04777885973453522
42,effnet_orig,10,robustness,0.6198962330818176
42,effnet_orig,10,complexity,0.5065377708096636
42,effnet_orig,11,faithfulness,0.05003766715526581
42,effnet_orig,11,robustness,0.5968170762062073
42,effnet_orig,11,complexity,0.461104396168306
42,effnet_orig,12,faithfulness,-0.12477679550647736
42,effnet_orig,12,robustness,0.604205846786499
42,effnet_orig,12,complexity,0.4227136215887483
42,effnet_orig,13,faithfulness,-0.06730020046234131
42,effnet_orig,13,robustness,0.6370797157287598
42,effnet_orig,13,complexity,0.29190309002295095
42,effnet_orig,14,faithfulness,0.09718625247478485
42,effnet_orig,14,robustness,0.3475695848464966
42,effnet_orig,14,complexity,0.2640307284844983
42,effnet_orig,15,faithfulness,-0.27242252230644226
42,effnet_orig,15,robustness,0.3851426839828491
42,effnet_orig,15,complexity,0.4524803618316609
42,effnet_orig,16,faithfulness,-0.05748699605464935
42,effnet_orig,16,robustness,0.41740724444389343
42,effnet_orig,16,complexity,0.4659711496334134
42,effnet_orig,17,faithfulness,0.1859356313943863
42,effnet_orig,17,robustness,0.5863169431686401
42,effnet_orig,17,complexity,0.3049504663120542
42,effnet_orig,18,faithfulness,0.006449475884437561
42,effnet_orig,18,robustness,0.7488787174224854
42,effnet_orig,18,complexity,0.5337234811807682
42,effnet_orig,19,faithfulness,0.03249324858188629
42,effnet_orig,19,robustness,0.7776514291763306
42,effnet_orig,19,complexity,0.4228827573018006
42,effnet_orig,20,faithfulness,-0.3274036645889282
42,effnet_orig,20,robustness,0.6245961785316467
42,effnet_orig,20,complexity,0.36348063719399004
42,effnet_orig,21,faithfulness,-0.08253057301044464
42,effnet_orig,21,robustness,1.2378805875778198
42,effnet_orig,21,complexity,0.5354646086834338
42,effnet_orig,22,faithfulness,-0.35581153631210327
42,effnet_orig,22,robustness,0.5448347330093384
42,effnet_orig,22,complexity,0.32000634998414673
42,effnet_orig,23,faithfulness,-0.2575233578681946
42,effnet_orig,23,robustness,0.5894272327423096
42,effnet_orig,23,complexity,0.47776870548645983
42,effnet_orig,24,faithfulness,-0.24566200375556946
42,effnet_orig,24,robustness,0.5496252179145813
42,effnet_orig,24,complexity,0.4408859095123136
42,effnet_orig,25,faithfulness,-0.1339011937379837
42,effnet_orig,25,robustness,0.6170800924301147
42,effnet_orig,25,complexity,0.45731909129515963
42,effnet_orig,26,faithfulness,0.26366063952445984
42,effnet_orig,26,robustness,0.6613301634788513
42,effnet_orig,26,complexity,0.7223129376264776
42,effnet_orig,27,faithfulness,-0.3776044547557831
42,effnet_orig,27,robustness,0.5250145792961121
42,effnet_orig,27,complexity,0.5688515269244312
42,effnet_orig,28,faithfulness,0.009565189480781555
42,effnet_orig,28,robustness,0.9222199320793152
42,effnet_orig,28,complexity,0.4465026214838092
42,effnet_orig,29,faithfulness,-0.4217199683189392
42,effnet_orig,29,robustness,0.9577528834342957
42,effnet_orig,29,complexity,0.5257113449575228
42,effnet_orig,30,faithfulness,0.4020189940929413
42,effnet_orig,30,robustness,1.6725749969482422
42,effnet_orig,30,complexity,0.5045528972619369
42,effnet_orig,31,faithfulness,0.290589839220047
42,effnet_orig,31,robustness,2.44329571723938
42,effnet_orig,31,complexity,0.5785623327173754
42,effnet_orig,32,faithfulness,0.005077913403511047
42,effnet_orig,32,robustness,0.6635944843292236
42,effnet_orig,32,complexity,0.3608834081461035
42,effnet_orig,33,faithfulness,0.061898939311504364
42,effnet_orig,33,robustness,1.0528349876403809
42,effnet_orig,33,complexity,0.5773720232777568
42,effnet_orig,34,faithfulness,0.04231550544500351
42,effnet_orig,34,robustness,0.7274150252342224
42,effnet_orig,34,complexity,0.6299507915129361
42,effnet_orig,35,faithfulness,-0.2932661771774292
42,effnet_orig,35,robustness,0.7638105750083923
42,effnet_orig,35,complexity,0.5239853123354975
42,effnet_orig,36,faithfulness,-0.12861698865890503
42,effnet_orig,36,robustness,0.7498077750205994
42,effnet_orig,36,complexity,0.4138289414390914
42,effnet_orig,37,faithfulness,-0.18250037729740143
42,effnet_orig,37,robustness,1.3831251859664917
42,effnet_orig,37,complexity,0.558073045170396
42,effnet_orig,38,faithfulness,-0.11208528280258179
42,effnet_orig,38,robustness,0.8125264644622803
42,effnet_orig,38,complexity,0.6353561648080458
42,effnet_orig,39,faithfulness,0.2546002268791199
42,effnet_orig,39,robustness,0.7536700367927551
42,effnet_orig,39,complexity,0.583159974064632
42,effnet_orig,40,faithfulness,-0.03314824402332306
42,effnet_orig,40,robustness,0.6752169728279114
42,effnet_orig,40,complexity,0.43877594731635966
42,effnet_orig,41,faithfulness,0.03613667190074921
42,effnet_orig,41,robustness,0.6149510145187378
42,effnet_orig,41,complexity,0.47954094947927
42,effnet_orig,42,faithfulness,-0.2058619111776352
42,effnet_orig,42,robustness,1.2446798086166382
42,effnet_orig,42,complexity,0.3710915197290099
42,effnet_orig,43,faithfulness,-0.03883734717965126
42,effnet_orig,43,robustness,1.139851450920105
42,effnet_orig,43,complexity,0.40768777037829645
42,effnet_orig,44,faithfulness,-0.44902682304382324
42,effnet_orig,44,robustness,0.5402092933654785
42,effnet_orig,44,complexity,0.6133852629806114
42,effnet_orig,45,faithfulness,0.13982276618480682
42,effnet_orig,45,robustness,1.4023058414459229
42,effnet_orig,45,complexity,0.334330549236548
42,effnet_orig,46,faithfulness,-0.10116402804851532
42,effnet_orig,46,robustness,0.879384458065033
42,effnet_orig,46,complexity,0.4290525926590332
42,effnet_orig,47,faithfulness,-0.17436662316322327
42,effnet_orig,47,robustness,1.1798490285873413
42,effnet_orig,47,complexity,0.3733339953097388
42,effnet_orig,48,faithfulness,-0.11728796362876892
42,effnet_orig,48,robustness,0.8872218728065491
42,effnet_orig,48,complexity,0.3215713654982743
42,effnet_orig,49,faithfulness,0.34702759981155396
42,effnet_orig,49,robustness,0.662832498550415
42,effnet_orig,49,complexity,0.3619510897905184
42,effnet_orig,50,faithfulness,0.12304389476776123
42,effnet_orig,50,robustness,0.7952635288238525
42,effnet_orig,50,complexity,0.20562284431908975
42,effnet_orig,51,faithfulness,0.2688233256340027
42,effnet_orig,51,robustness,0.6936514377593994
42,effnet_orig,51,complexity,0.29457278020109573
42,effnet_orig,52,faithfulness,0.3517185151576996
42,effnet_orig,52,robustness,0.703742504119873
42,effnet_orig,52,complexity,0.5456483176628291
42,effnet_orig,53,faithfulness,-0.1720966249704361
42,effnet_orig,53,robustness,0.8189723491668701
42,effnet_orig,53,complexity,0.3373525130965194
42,effnet_orig,54,faithfulness,0.07903118431568146
42,effnet_orig,54,robustness,0.9459373354911804
42,effnet_orig,54,complexity,0.26580500107753174
42,effnet_orig,55,faithfulness,-0.048503294587135315
42,effnet_orig,55,robustness,0.9436820149421692
42,effnet_orig,55,complexity,0.22435840274170862
42,effnet_orig,56,faithfulness,0.02609831839799881
42,effnet_orig,56,robustness,0.8893391489982605
42,effnet_orig,56,complexity,0.28464422270838946
42,effnet_orig,57,faithfulness,0.18454670906066895
42,effnet_orig,57,robustness,0.5427375435829163
42,effnet_orig,57,complexity,0.3116178308983425
42,effnet_orig,58,faithfulness,0.08288054168224335
42,effnet_orig,58,robustness,0.5311833620071411
42,effnet_orig,58,complexity,0.2555067668874326
42,effnet_recplot,0,faithfulness,-0.027588065713644028
42,effnet_recplot,0,robustness,1.0
42,effnet_recplot,0,complexity,0.6791082031509633
42,effnet_recplot,1,faithfulness,0.38733556866645813
42,effnet_recplot,1,robustness,1.128089189529419
42,effnet_recplot,1,complexity,0.6787738926807554
42,effnet_recplot,2,faithfulness,0.003687813878059387
42,effnet_recplot,2,robustness,1.0
42,effnet_recplot,2,complexity,0.6255257763401325
42,effnet_recplot,3,faithfulness,0.5616458654403687
42,effnet_recplot,3,robustness,1.0
42,effnet_recplot,3,complexity,0.4290978873066364
42,effnet_recplot,4,faithfulness,0.15700162947177887
42,effnet_recplot,4,robustness,1.0
42,effnet_recplot,4,complexity,0.5442178364427391
42,effnet_recplot,5,faithfulness,0.20950601994991302
42,effnet_recplot,5,robustness,1.0
42,effnet_recplot,5,complexity,0.34053183739945764
42,effnet_recplot,6,faithfulness,0.2632986903190613
42,effnet_recplot,6,robustness,1.0
42,effnet_recplot,6,complexity,0.3950110540777437
42,effnet_recplot,7,faithfulness,-0.10797435790300369
42,effnet_recplot,7,robustness,1.1902475357055664
42,effnet_recplot,7,complexity,0.8945083409008873
42,effnet_recplot,8,faithfulness,0.02839197963476181
42,effnet_recplot,8,robustness,1.0
42,effnet_recplot,8,complexity,0.47909974976100655
42,effnet_recplot,9,faithfulness,0.2680138647556305
42,effnet_recplot,9,robustness,1.0
42,effnet_recplot,9,complexity,0.5904409040990498
42,effnet_recplot,10,faithfulness,-0.11492719501256943
42,effnet_recplot,10,robustness,1.0
42,effnet_recplot,10,complexity,0.36162762046277624
42,effnet_recplot,11,faithfulness,-0.25920742750167847
42,effnet_recplot,11,robustness,1.0000003576278687
42,effnet_recplot,11,complexity,0.8552682762740698
42,effnet_recplot,12,faithfulness,0.16457825899124146
42,effnet_recplot,12,robustness,1.0
42,effnet_recplot,12,complexity,0.6865522904429942
42,effnet_recplot,13,faithfulness,0.22144176065921783
42,effnet_recplot,13,robustness,1.0
42,effnet_recplot,13,complexity,0.7388021664816606
42,effnet_recplot,14,faithfulness,0.4150475859642029
42,effnet_recplot,14,robustness,1.0
42,effnet_recplot,14,complexity,0.6302932041762438
42,effnet_recplot,15,faithfulness,-0.07854326069355011
42,effnet_recplot,15,robustness,1.0
42,effnet_recplot,15,complexity,0.650257884422174
42,effnet_recplot,16,faithfulness,0.17803631722927094
42,effnet_recplot,16,robustness,1.0
42,effnet_recplot,16,complexity,0.5139840340348886
42,effnet_recplot,17,faithfulness,-0.15906181931495667
42,effnet_recplot,17,robustness,1.0
42,effnet_recplot,17,complexity,0.4596659750572178
42,effnet_recplot,18,faithfulness,0.14865602552890778
42,effnet_recplot,18,robustness,0.9745959639549255
42,effnet_recplot,18,complexity,0.5823216936626265
42,effnet_recplot,19,faithfulness,0.007810696959495544
42,effnet_recplot,19,robustness,2.745872974395752
42,effnet_recplot,19,complexity,0.6416702107077953
42,effnet_recplot,20,faithfulness,-0.1880742460489273
42,effnet_recplot,20,robustness,0.9950270056724548
42,effnet_recplot,20,complexity,0.5156175323154931
42,effnet_recplot,21,faithfulness,0.05387461557984352
42,effnet_recplot,21,robustness,3.4274206161499023
42,effnet_recplot,21,complexity,0.5611233583542046
42,effnet_recplot,22,faithfulness,-0.18366852402687073
42,effnet_recplot,22,robustness,1.007060170173645
42,effnet_recplot,22,complexity,0.3560407871570627
42,effnet_recplot,23,faithfulness,0.3208869695663452
42,effnet_recplot,23,robustness,4.2060627937316895
42,effnet_recplot,23,complexity,0.6269641865352452
42,effnet_recplot,24,faithfulness,0.11071687936782837
42,effnet_recplot,24,robustness,2.2362613677978516
42,effnet_recplot,24,complexity,0.7422742586135453
42,effnet_recplot,25,faithfulness,-0.11002848297357559
42,effnet_recplot,25,robustness,1.5695037841796875
42,effnet_recplot,25,complexity,0.7138573649039508
42,effnet_recplot,26,faithfulness,0.10665924847126007
42,effnet_recplot,26,robustness,0.9761214852333069
42,effnet_recplot,26,complexity,0.4657575155661055
42,effnet_recplot,27,faithfulness,-0.18769779801368713
42,effnet_recplot,27,robustness,1.4387052059173584
42,effnet_recplot,27,complexity,0.8478318004500679
42,effnet_recplot,28,faithfulness,0.4158084988594055
42,effnet_recplot,28,robustness,0.9991722702980042
42,effnet_recplot,28,complexity,0.4033434612396855
42,effnet_recplot,29,faithfulness,0.0104236900806427
42,effnet_recplot,29,robustness,4.4355387687683105
42,effnet_recplot,29,complexity,0.5688959508843806
42,effnet_recplot,30,faithfulness,-0.04141479730606079
42,effnet_recplot,30,robustness,2.019068479537964
42,effnet_recplot,30,complexity,0.7343132332392479
42,effnet_recplot,31,faithfulness,-0.0835425853729248
42,effnet_recplot,31,robustness,1.777930498123169
42,effnet_recplot,31,complexity,0.7534134093967604
42,effnet_recplot,32,faithfulness,-0.28913959860801697
42,effnet_recplot,32,robustness,0.9837216734886169
42,effnet_recplot,32,complexity,0.7320560836526364
42,effnet_recplot,33,faithfulness,0.2291625589132309
42,effnet_recplot,33,robustness,1.9633456468582153
42,effnet_recplot,33,complexity,0.7083642102108484
42,effnet_recplot,34,faithfulness,-0.16019207239151
42,effnet_recplot,34,robustness,1.0845236778259277
42,effnet_recplot,34,complexity,0.7190171536771557
42,effnet_recplot,35,faithfulness,0.20743487775325775
42,effnet_recplot,35,robustness,1.8029601573944092
42,effnet_recplot,35,complexity,0.728948867850363
42,effnet_recplot,36,faithfulness,
42,effnet_recplot,36,robustness,inf
42,effnet_recplot,36,complexity,0.0
42,effnet_recplot,37,faithfulness,-0.1242147907614708
42,effnet_recplot,37,robustness,1.830155849456787
42,effnet_recplot,37,complexity,0.6874516014135704
42,effnet_recplot,38,faithfulness,0.11272130906581879
42,effnet_recplot,38,robustness,0.9877243041992188
42,effnet_recplot,38,complexity,0.796019482726355
42,effnet_recplot,39,faithfulness,0.08177575469017029
42,effnet_recplot,39,robustness,3.162506103515625
42,effnet_recplot,39,complexity,0.7609748037520145
42,effnet_recplot,40,faithfulness,0.05131569504737854
42,effnet_recplot,40,robustness,0.9999657869338989
42,effnet_recplot,40,complexity,0.7208820968485702
42,effnet_recplot,41,faithfulness,
42,effnet_recplot,41,robustness,inf
42,effnet_recplot,41,complexity,0.0
42,effnet_recplot,42,faithfulness,0.16308507323265076
42,effnet_recplot,42,robustness,0.942500114440918
42,effnet_recplot,42,complexity,0.5620779390683038
42,effnet_recplot,43,faithfulness,0.15932302176952362
42,effnet_recplot,43,robustness,1.5414633750915527
42,effnet_recplot,43,complexity,0.5745320425697219
42,effnet_recplot,44,faithfulness,0.32546862959861755
42,effnet_recplot,44,robustness,0.9992570877075195
42,effnet_recplot,44,complexity,0.43984692124834274
42,effnet_recplot,45,faithfulness,0.29934796690940857
42,effnet_recplot,45,robustness,2.3148844242095947
42,effnet_recplot,45,complexity,0.5006159996385141
42,effnet_recplot,46,faithfulness,0.3733300268650055
42,effnet_recplot,46,robustness,2.175832748413086
42,effnet_recplot,46,complexity,0.5976448085173254
42,effnet_recplot,47,faithfulness,0.08766235411167145
42,effnet_recplot,47,robustness,1.0
42,effnet_recplot,47,complexity,0.209753101581569
42,effnet_recplot,48,faithfulness,-0.00558958575129509
42,effnet_recplot,48,robustness,1.0
42,effnet_recplot,48,complexity,0.22341227623677218
42,effnet_recplot,49,faithfulness,0.07520674914121628
42,effnet_recplot,49,robustness,1.0379222631454468
42,effnet_recplot,49,complexity,0.7319427415512545
42,effnet_recplot,50,faithfulness,0.3036002516746521
42,effnet_recplot,50,robustness,1.0
42,effnet_recplot,50,complexity,0.4661826059063053
42,effnet_recplot,51,faithfulness,0.04658381640911102
42,effnet_recplot,51,robustness,1.0
42,effnet_recplot,51,complexity,0.3621710757180921
42,effnet_recplot,52,faithfulness,0.1530899852514267
42,effnet_recplot,52,robustness,1.0
42,effnet_recplot,52,complexity,0.31903686993894464
42,effnet_recplot,53,faithfulness,-0.11961230635643005
42,effnet_recplot,53,robustness,1.0
42,effnet_recplot,53,complexity,0.3314615281009216
42,effnet_recplot,54,faithfulness,0.1690955013036728
42,effnet_recplot,54,robustness,1.0
42,effnet_recplot,54,complexity,0.24762873718568218
42,effnet_recplot,55,faithfulness,0.05323399603366852
42,effnet_recplot,55,robustness,1.0
42,effnet_recplot,55,complexity,0.38372442279898195
42,effnet_recplot,56,faithfulness,-0.05844520777463913
42,effnet_recplot,56,robustness,1.0
42,effnet_recplot,56,complexity,0.3571832039744475
42,effnet_recplot,57,faithfulness,0.37205255031585693
42,effnet_recplot,57,robustness,1.0
42,effnet_recplot,57,complexity,0.26919288506332023
42,effnet_recplot,58,faithfulness,-0.09993088990449905
42,effnet_recplot,58,robustness,1.0
42,effnet_recplot,58,complexity,0.48990104933156625
65,mobilenet_orig,0,faithfulness,-0.0004776418209075928
65,mobilenet_orig,0,robustness,2.3035013675689697
65,mobilenet_orig,0,complexity,0.7135193301033905
65,mobilenet_orig,1,faithfulness,0.024072811007499695
65,mobilenet_orig,1,robustness,1.1700435876846313
65,mobilenet_orig,1,complexity,0.7511672468203243
65,mobilenet_orig,2,faithfulness,-0.1644115149974823
65,mobilenet_orig,2,robustness,1.1902159452438354
65,mobilenet_orig,2,complexity,0.7489959812269301
65,mobilenet_orig,3,faithfulness,-0.27141863107681274
65,mobilenet_orig,3,robustness,2.0680296421051025
65,mobilenet_orig,3,complexity,0.6352975653824685
65,mobilenet_orig,4,faithfulness,0.08939442038536072
65,mobilenet_orig,4,robustness,1.1700897216796875
65,mobilenet_orig,4,complexity,0.33998665630090763
65,mobilenet_orig,5,faithfulness,0.022888343781232834
65,mobilenet_orig,5,robustness,0.6540506482124329
65,mobilenet_orig,5,complexity,0.5947484201308296
65,mobilenet_orig,6,faithfulness,0.19088901579380035
65,mobilenet_orig,6,robustness,0.8308069705963135
65,mobilenet_orig,6,complexity,0.49096282548982595
65,mobilenet_orig,7,faithfulness,0.019912581890821457
65,mobilenet_orig,7,robustness,1.7167332172393799
65,mobilenet_orig,7,complexity,0.8207968114322394
65,mobilenet_orig,8,faithfulness,0.044957175850868225
65,mobilenet_orig,8,robustness,0.7906826734542847
65,mobilenet_orig,8,complexity,0.5477025181042668
65,mobilenet_orig,9,faithfulness,0.1768319308757782
65,mobilenet_orig,9,robustness,1.121411681175232
65,mobilenet_orig,9,complexity,0.5664086380837368
65,mobilenet_orig,10,faithfulness,0.008008576929569244
65,mobilenet_orig,10,robustness,0.8167126774787903
65,mobilenet_orig,10,complexity,0.5943072206260073
65,mobilenet_orig,11,faithfulness,0.10509009659290314
65,mobilenet_orig,11,robustness,0.9716059565544128
65,mobilenet_orig,11,complexity,0.6499025619799671
65,mobilenet_orig,12,faithfulness,-0.03053644299507141
65,mobilenet_orig,12,robustness,0.8535699248313904
65,mobilenet_orig,12,complexity,0.5840154460660043
65,mobilenet_orig,13,faithfulness,0.30636119842529297
65,mobilenet_orig,13,robustness,1.4356673955917358
65,mobilenet_orig,13,complexity,0.6851695733803368
65,mobilenet_orig,14,faithfulness,0.09901641309261322
65,mobilenet_orig,14,robustness,0.6280139088630676
65,mobilenet_orig,14,complexity,0.3853792154913596
65,mobilenet_orig,15,faithfulness,0.30243515968322754
65,mobilenet_orig,15,robustness,1.537135362625122
65,mobilenet_orig,15,complexity,0.7415617013180779
65,mobilenet_orig,16,faithfulness,0.09411632269620895
65,mobilenet_orig,16,robustness,0.8491953611373901
65,mobilenet_orig,16,complexity,0.6957437853819546
65,mobilenet_orig,17,faithfulness,-0.09256838262081146
65,mobilenet_orig,17,robustness,0.9925287365913391
65,mobilenet_orig,17,complexity,0.47080093667982303
65,mobilenet_orig,18,faithfulness,0.21285875141620636
65,mobilenet_orig,18,robustness,0.5846434235572815
65,mobilenet_orig,18,complexity,0.5058793218226184
65,mobilenet_orig,19,faithfulness,0.135039821267128
65,mobilenet_orig,19,robustness,0.5490289330482483
65,mobilenet_orig,19,complexity,0.5550464105366665
65,mobilenet_orig,20,faithfulness,0.284967839717865
65,mobilenet_orig,20,robustness,0.802839457988739
65,mobilenet_orig,20,complexity,0.4256733156646293
65,mobilenet_orig,21,faithfulness,0.32063359022140503
65,mobilenet_orig,21,robustness,0.48193514347076416
65,mobilenet_orig,21,complexity,0.723989019825238
65,mobilenet_orig,22,faithfulness,0.1275867074728012
65,mobilenet_orig,22,robustness,1.3136471509933472
65,mobilenet_orig,22,complexity,0.38807708139642677
65,mobilenet_orig,23,faithfulness,0.031964994966983795
65,mobilenet_orig,23,robustness,1.057716965675354
65,mobilenet_orig,23,complexity,0.42755486597048087
65,mobilenet_orig,24,faithfulness,0.04615795612335205
65,mobilenet_orig,24,robustness,0.9533036947250366
65,mobilenet_orig,24,complexity,0.6097581035901104
65,mobilenet_orig,25,faithfulness,0.1386156678199768
65,mobilenet_orig,25,robustness,0.852479875087738
65,mobilenet_orig,25,complexity,0.49853012173489175
65,mobilenet_orig,26,faithfulness,-0.361288845539093
65,mobilenet_orig,26,robustness,1.0104994773864746
65,mobilenet_orig,26,complexity,0.6359932770621963
65,mobilenet_orig,27,faithfulness,0.21532323956489563
65,mobilenet_orig,27,robustness,1.7601832151412964
65,mobilenet_orig,27,complexity,0.6866670077554485
65,mobilenet_orig,28,faithfulness,-0.01018446683883667
65,mobilenet_orig,28,robustness,0.7644113302230835
65,mobilenet_orig,28,complexity,0.488758540146314
65,mobilenet_orig,29,faithfulness,0.006743565201759338
65,mobilenet_orig,29,robustness,1.361507534980774
65,mobilenet_orig,29,complexity,0.3656341529081799
65,mobilenet_orig,30,faithfulness,0.10859164595603943
65,mobilenet_orig,30,robustness,0.9908648133277893
65,mobilenet_orig,30,complexity,0.44838271373211985
65,mobilenet_orig,31,faithfulness,-0.15411818027496338
65,mobilenet_orig,31,robustness,0.6464991569519043
65,mobilenet_orig,31,complexity,0.583802616415485
65,mobilenet_orig,32,faithfulness,-0.21487107872962952
65,mobilenet_orig,32,robustness,1.1126033067703247
65,mobilenet_orig,32,complexity,0.6573130689087704
65,mobilenet_orig,33,faithfulness,0.09063518047332764
65,mobilenet_orig,33,robustness,0.6147894859313965
65,mobilenet_orig,33,complexity,0.5856868323120061
65,mobilenet_orig,34,faithfulness,-0.40313461422920227
65,mobilenet_orig,34,robustness,1.1040449142456055
65,mobilenet_orig,34,complexity,0.7186543514167837
65,mobilenet_orig,35,faithfulness,0.02102471888065338
65,mobilenet_orig,35,robustness,0.9205303192138672
65,mobilenet_orig,35,complexity,0.5647288502762853
65,mobilenet_orig,36,faithfulness,0.12012744694948196
65,mobilenet_orig,36,robustness,0.4917474389076233
65,mobilenet_orig,36,complexity,0.4901054554615211
65,mobilenet_orig,37,faithfulness,0.32041072845458984
65,mobilenet_orig,37,robustness,0.616411566734314
65,mobilenet_orig,37,complexity,0.4006937302187225
65,mobilenet_orig,38,faithfulness,-0.4332331717014313
65,mobilenet_orig,38,robustness,1.1808077096939087
65,mobilenet_orig,38,complexity,0.5813756434016553
65,mobilenet_orig,39,faithfulness,-0.14539016783237457
65,mobilenet_orig,39,robustness,0.9058482050895691
65,mobilenet_orig,39,complexity,0.5300542111421038
65,mobilenet_orig,40,faithfulness,0.02905607968568802
65,mobilenet_orig,40,robustness,0.5411164164543152
65,mobilenet_orig,40,complexity,0.5077782208432676
65,mobilenet_orig,41,faithfulness,0.18627798557281494
65,mobilenet_orig,41,robustness,0.48888206481933594
65,mobilenet_orig,41,complexity,0.543138691319493
65,mobilenet_orig,42,faithfulness,0.3108951449394226
65,mobilenet_orig,42,robustness,0.7439447641372681
65,mobilenet_orig,42,complexity,0.4551441871831617
65,mobilenet_orig,43,faithfulness,-0.09194197505712509
65,mobilenet_orig,43,robustness,0.9512447118759155
65,mobilenet_orig,43,complexity,0.5367094163404085
65,mobilenet_orig,44,faithfulness,0.15359382331371307
65,mobilenet_orig,44,robustness,1.0573467016220093
65,mobilenet_orig,44,complexity,0.5104753333901912
65,mobilenet_orig,45,faithfulness,-0.13378717005252838
65,mobilenet_orig,45,robustness,0.9961624145507812
65,mobilenet_orig,45,complexity,0.427363600914581
65,mobilenet_orig,46,faithfulness,0.12051845341920853
65,mobilenet_orig,46,robustness,0.6014994978904724
65,mobilenet_orig,46,complexity,0.6888278623614794
65,mobilenet_orig,47,faithfulness,0.4022555649280548
65,mobilenet_orig,47,robustness,2.374202251434326
65,mobilenet_orig,47,complexity,0.5408934408656935
65,mobilenet_orig,48,faithfulness,-0.11683742702007294
65,mobilenet_orig,48,robustness,1.017361044883728
65,mobilenet_orig,48,complexity,0.5404053185121445
65,mobilenet_orig,49,faithfulness,0.007530294358730316
65,mobilenet_orig,49,robustness,1.0019046068191528
65,mobilenet_orig,49,complexity,0.4940636280210652
65,mobilenet_orig,50,faithfulness,0.15391205251216888
65,mobilenet_orig,50,robustness,0.9693513512611389
65,mobilenet_orig,50,complexity,0.40490140404865055
65,mobilenet_orig,51,faithfulness,0.009688585996627808
65,mobilenet_orig,51,robustness,1.7272186279296875
65,mobilenet_orig,51,complexity,0.5997840681318941
65,mobilenet_orig,52,faithfulness,-0.04581871256232262
65,mobilenet_orig,52,robustness,0.6985517740249634
65,mobilenet_orig,52,complexity,0.5541221773360205
65,mobilenet_orig,53,faithfulness,-0.26573315262794495
65,mobilenet_orig,53,robustness,1.4128358364105225
65,mobilenet_orig,53,complexity,0.46993647834437446
65,mobilenet_orig,54,faithfulness,-0.17478761076927185
65,mobilenet_orig,54,robustness,0.7632175087928772
65,mobilenet_orig,54,complexity,0.4454815262871169
65,mobilenet_orig,55,faithfulness,0.1256110668182373
65,mobilenet_orig,55,robustness,0.9334529042243958
65,mobilenet_orig,55,complexity,0.44571314839083753
65,mobilenet_orig,56,faithfulness,0.031834907829761505
65,mobilenet_orig,56,robustness,0.6654130816459656
65,mobilenet_orig,56,complexity,0.4892219008863773
65,mobilenet_orig,57,faithfulness,0.11314475536346436
65,mobilenet_orig,57,robustness,2.046135902404785
65,mobilenet_orig,57,complexity,0.5949339059584192
65,mobilenet_orig,58,faithfulness,-0.06799135357141495
65,mobilenet_orig,58,robustness,1.0428729057312012
65,mobilenet_orig,58,complexity,0.42140509364695034
65,mobilenet_recplot,0,faithfulness,0.08204019069671631
65,mobilenet_recplot,0,robustness,1.0009845495224
65,mobilenet_recplot,0,complexity,0.6697699220387674
65,mobilenet_recplot,1,faithfulness,0.02001991868019104
65,mobilenet_recplot,1,robustness,1.0051506757736206
65,mobilenet_recplot,1,complexity,0.7990549776139089
65,mobilenet_recplot,2,faithfulness,-0.021147876977920532
65,mobilenet_recplot,2,robustness,1.0016008615493774
65,mobilenet_recplot,2,complexity,0.7693190112092265
65,mobilenet_recplot,3,faithfulness,0.12214428186416626
65,mobilenet_recplot,3,robustness,1.000030755996704
65,mobilenet_recplot,3,complexity,0.67766739068717
65,mobilenet_recplot,4,faithfulness,0.26914888620376587
65,mobilenet_recplot,4,robustness,0.9995892643928528
65,mobilenet_recplot,4,complexity,0.6146499493115922
65,mobilenet_recplot,5,faithfulness,0.23834601044654846
65,mobilenet_recplot,5,robustness,0.9983489513397217
65,mobilenet_recplot,5,complexity,0.6919734850084086
65,mobilenet_recplot,6,faithfulness,-0.09778475016355515
65,mobilenet_recplot,6,robustness,0.9998508095741272
65,mobilenet_recplot,6,complexity,0.695364606575897
65,mobilenet_recplot,7,faithfulness,0.2540690302848816
65,mobilenet_recplot,7,robustness,4.821188926696777
65,mobilenet_recplot,7,complexity,0.9288839384021506
65,mobilenet_recplot,8,faithfulness,0.13945893943309784
65,mobilenet_recplot,8,robustness,1.0453022718429565
65,mobilenet_recplot,8,complexity,0.5342248342351577
65,mobilenet_recplot,9,faithfulness,0.13198339939117432
65,mobilenet_recplot,9,robustness,1.0012798309326172
65,mobilenet_recplot,9,complexity,0.6782579954303198
65,mobilenet_recplot,10,faithfulness,0.10298612713813782
65,mobilenet_recplot,10,robustness,0.9996031522750854
65,mobilenet_recplot,10,complexity,0.5737898360698422
65,mobilenet_recplot,11,faithfulness,-0.03712175786495209
65,mobilenet_recplot,11,robustness,1.1792285442352295
65,mobilenet_recplot,11,complexity,0.7179394353716435
65,mobilenet_recplot,12,faithfulness,0.07350090891122818
65,mobilenet_recplot,12,robustness,1.0000112056732178
65,mobilenet_recplot,12,complexity,0.6696821722296771
65,mobilenet_recplot,13,faithfulness,-0.09391912072896957
65,mobilenet_recplot,13,robustness,1.0
65,mobilenet_recplot,13,complexity,0.6249310091111252
65,mobilenet_recplot,14,faithfulness,-0.0999385267496109
65,mobilenet_recplot,14,robustness,1.0000487565994263
65,mobilenet_recplot,14,complexity,0.691739415897109
65,mobilenet_recplot,15,faithfulness,0.06844029575586319
65,mobilenet_recplot,15,robustness,1.5490251779556274
65,mobilenet_recplot,15,complexity,0.7960107620700286
65,mobilenet_recplot,16,faithfulness,0.17374438047409058
65,mobilenet_recplot,16,robustness,1.0015839338302612
65,mobilenet_recplot,16,complexity,0.706238372049367
65,mobilenet_recplot,17,faithfulness,0.0009612925350666046
65,mobilenet_recplot,17,robustness,0.9995083808898926
65,mobilenet_recplot,17,complexity,0.6272000264818562
65,mobilenet_recplot,18,faithfulness,0.02286037616431713
65,mobilenet_recplot,18,robustness,0.9121617674827576
65,mobilenet_recplot,18,complexity,0.5120786488423962
65,mobilenet_recplot,19,faithfulness,0.4275299906730652
65,mobilenet_recplot,19,robustness,0.9229761362075806
65,mobilenet_recplot,19,complexity,0.49472908603787136
65,mobilenet_recplot,20,faithfulness,0.08986785262823105
65,mobilenet_recplot,20,robustness,0.9562663435935974
65,mobilenet_recplot,20,complexity,0.42924301592144753
65,mobilenet_recplot,21,faithfulness,0.031678661704063416
65,mobilenet_recplot,21,robustness,2.2235283851623535
65,mobilenet_recplot,21,complexity,0.6684350562018339
65,mobilenet_recplot,22,faithfulness,0.08822809159755707
65,mobilenet_recplot,22,robustness,0.955715000629425
65,mobilenet_recplot,22,complexity,0.4160063097520619
65,mobilenet_recplot,23,faithfulness,0.14768370985984802
65,mobilenet_recplot,23,robustness,1.1600279808044434
65,mobilenet_recplot,23,complexity,0.7012049818162925
65,mobilenet_recplot,24,faithfulness,-0.1795993447303772
65,mobilenet_recplot,24,robustness,1.7938140630722046
65,mobilenet_recplot,24,complexity,0.4872389916011501
65,mobilenet_recplot,25,faithfulness,0.3603568375110626
65,mobilenet_recplot,25,robustness,0.9329958558082581
65,mobilenet_recplot,25,complexity,0.45592140002071646
65,mobilenet_recplot,26,faithfulness,-0.07753084599971771
65,mobilenet_recplot,26,robustness,0.8231875896453857
65,mobilenet_recplot,26,complexity,0.44434414106944187
65,mobilenet_recplot,27,faithfulness,-0.054139938205480576
65,mobilenet_recplot,27,robustness,0.9380528926849365
65,mobilenet_recplot,27,complexity,0.770063776285449
65,mobilenet_recplot,28,faithfulness,-0.09041741490364075
65,mobilenet_recplot,28,robustness,0.9816120862960815
65,mobilenet_recplot,28,complexity,0.5304298401553607
65,mobilenet_recplot,29,faithfulness,0.19858941435813904
65,mobilenet_recplot,29,robustness,0.9146299958229065
65,mobilenet_recplot,29,complexity,0.41262668184825674
65,mobilenet_recplot,30,faithfulness,0.11354707181453705
65,mobilenet_recplot,30,robustness,0.8584223985671997
65,mobilenet_recplot,30,complexity,0.4381038279505387
65,mobilenet_recplot,31,faithfulness,0.14869636297225952
65,mobilenet_recplot,31,robustness,0.9414073824882507
65,mobilenet_recplot,31,complexity,0.47255370547463244
65,mobilenet_recplot,32,faithfulness,0.2718130350112915
65,mobilenet_recplot,32,robustness,1.2036126852035522
65,mobilenet_recplot,32,complexity,0.48155822666953607
65,mobilenet_recplot,33,faithfulness,-0.02180389314889908
65,mobilenet_recplot,33,robustness,1.204564094543457
65,mobilenet_recplot,33,complexity,0.4933194614853434
65,mobilenet_recplot,34,faithfulness,0.04598120227456093
65,mobilenet_recplot,34,robustness,1.1750166416168213
65,mobilenet_recplot,34,complexity,0.45582172811428323
65,mobilenet_recplot,35,faithfulness,-0.1522648185491562
65,mobilenet_recplot,35,robustness,1.482905626296997
65,mobilenet_recplot,35,complexity,0.4725673166692972
65,mobilenet_recplot,36,faithfulness,-0.29248082637786865
65,mobilenet_recplot,36,robustness,2.0126993656158447
65,mobilenet_recplot,36,complexity,0.7702168921153537
65,mobilenet_recplot,37,faithfulness,-0.060216084122657776
65,mobilenet_recplot,37,robustness,0.9232633709907532
65,mobilenet_recplot,37,complexity,0.32954731951355504
65,mobilenet_recplot,38,faithfulness,0.09497050195932388
65,mobilenet_recplot,38,robustness,0.93424391746521
65,mobilenet_recplot,38,complexity,0.451290840160969
65,mobilenet_recplot,39,faithfulness,0.24539536237716675
65,mobilenet_recplot,39,robustness,0.8718445301055908
65,mobilenet_recplot,39,complexity,0.43984302776528483
65,mobilenet_recplot,40,faithfulness,-0.03836940973997116
65,mobilenet_recplot,40,robustness,0.9166830778121948
65,mobilenet_recplot,40,complexity,0.49181400919499796
65,mobilenet_recplot,41,faithfulness,0.3314359784126282
65,mobilenet_recplot,41,robustness,14.625938415527344
65,mobilenet_recplot,41,complexity,0.9457799650488876
65,mobilenet_recplot,42,faithfulness,0.12255533039569855
65,mobilenet_recplot,42,robustness,0.979965329170227
65,mobilenet_recplot,42,complexity,0.49300952496981476
65,mobilenet_recplot,43,faithfulness,0.3588322699069977
65,mobilenet_recplot,43,robustness,0.9567866325378418
65,mobilenet_recplot,43,complexity,0.6641808360232159
65,mobilenet_recplot,44,faithfulness,0.3957056403160095
65,mobilenet_recplot,44,robustness,0.9655161499977112
65,mobilenet_recplot,44,complexity,0.3621951976204906
65,mobilenet_recplot,45,faithfulness,0.012679412961006165
65,mobilenet_recplot,45,robustness,0.9670411348342896
65,mobilenet_recplot,45,complexity,0.5750351731276313
65,mobilenet_recplot,46,faithfulness,-0.07395364344120026
65,mobilenet_recplot,46,robustness,0.9461642503738403
65,mobilenet_recplot,46,complexity,0.4082608091739016
65,mobilenet_recplot,47,faithfulness,0.03678435832262039
65,mobilenet_recplot,47,robustness,0.980687141418457
65,mobilenet_recplot,47,complexity,0.3196605096406626
65,mobilenet_recplot,48,faithfulness,0.23043984174728394
65,mobilenet_recplot,48,robustness,0.9762163162231445
65,mobilenet_recplot,48,complexity,0.42475071253962265
65,mobilenet_recplot,49,faithfulness,-0.30884167551994324
65,mobilenet_recplot,49,robustness,6.94914436340332
65,mobilenet_recplot,49,complexity,0.9089856041544283
65,mobilenet_recplot,50,faithfulness,0.2204361855983734
65,mobilenet_recplot,50,robustness,0.9644824862480164
65,mobilenet_recplot,50,complexity,0.6681846350604135
65,mobilenet_recplot,51,faithfulness,0.27808400988578796
65,mobilenet_recplot,51,robustness,0.9395304918289185
65,mobilenet_recplot,51,complexity,0.5187825625723979
65,mobilenet_recplot,52,faithfulness,0.09862411767244339
65,mobilenet_recplot,52,robustness,1.1052577495574951
65,mobilenet_recplot,52,complexity,0.7475222625735818
65,mobilenet_recplot,53,faithfulness,-0.11593624204397202
65,mobilenet_recplot,53,robustness,0.9757493138313293
65,mobilenet_recplot,53,complexity,0.3549827560974765
65,mobilenet_recplot,54,faithfulness,-0.02967885136604309
65,mobilenet_recplot,54,robustness,0.9769694209098816
65,mobilenet_recplot,54,complexity,0.3379797476185743
65,mobilenet_recplot,55,faithfulness,0.4685690402984619
65,mobilenet_recplot,55,robustness,1.5840681791305542
65,mobilenet_recplot,55,complexity,0.6867682891241986
65,mobilenet_recplot,56,faithfulness,-0.2281632125377655
65,mobilenet_recplot,56,robustness,0.9822571873664856
65,mobilenet_recplot,56,complexity,0.42765945584904297
65,mobilenet_recplot,57,faithfulness,0.2418447583913803
65,mobilenet_recplot,57,robustness,1.0065940618515015
65,mobilenet_recplot,57,complexity,0.6910032405944959
65,mobilenet_recplot,58,faithfulness,-0.042192380875349045
65,mobilenet_recplot,58,robustness,1.3276103734970093
65,mobilenet_recplot,58,complexity,0.6414657045191815
65,effnet_orig,0,faithfulness,0.033552899956703186
65,effnet_orig,0,robustness,0.844380259513855
65,effnet_orig,0,complexity,0.45715454796390476
65,effnet_orig,1,faithfulness,-0.1000119224190712
65,effnet_orig,1,robustness,0.8632400631904602
65,effnet_orig,1,complexity,0.5405985288721303
65,effnet_orig,2,faithfulness,-0.22893474996089935
65,effnet_orig,2,robustness,0.7811461687088013
65,effnet_orig,2,complexity,0.5360414479702188
65,effnet_orig,3,faithfulness,-0.16307342052459717
65,effnet_orig,3,robustness,0.5171672105789185
65,effnet_orig,3,complexity,0.5460574345182078
65,effnet_orig,4,faithfulness,0.08742161840200424
65,effnet_orig,4,robustness,0.3421224057674408
65,effnet_orig,4,complexity,0.3348242213818119
65,effnet_orig,5,faithfulness,-0.13414466381072998
65,effnet_orig,5,robustness,0.4517621397972107
65,effnet_orig,5,complexity,0.3997432488418403
65,effnet_orig,6,faithfulness,-0.30122578144073486
65,effnet_orig,6,robustness,0.40169069170951843
65,effnet_orig,6,complexity,0.42954037976780995
65,effnet_orig,7,faithfulness,0.35867589712142944
65,effnet_orig,7,robustness,0.9883723855018616
65,effnet_orig,7,complexity,0.6683713294369836
65,effnet_orig,8,faithfulness,-0.2540656328201294
65,effnet_orig,8,robustness,0.7310155630111694
65,effnet_orig,8,complexity,0.6671235974815934
65,effnet_orig,9,faithfulness,-0.011199146509170532
65,effnet_orig,9,robustness,0.9408740997314453
65,effnet_orig,9,complexity,0.5036562362388266
65,effnet_orig,10,faithfulness,-0.11621980369091034
65,effnet_orig,10,robustness,0.6708009243011475
65,effnet_orig,10,complexity,0.5819724560446236
65,effnet_orig,11,faithfulness,0.022885244339704514
65,effnet_orig,11,robustness,0.9030596017837524
65,effnet_orig,11,complexity,0.46943162718275855
65,effnet_orig,12,faithfulness,-0.10708003491163254
65,effnet_orig,12,robustness,0.8207696080207825
65,effnet_orig,12,complexity,0.4872800709709442
65,effnet_orig,13,faithfulness,-0.0027434229850769043
65,effnet_orig,13,robustness,0.6241164803504944
65,effnet_orig,13,complexity,0.4327629744844032
65,effnet_orig,14,faithfulness,-0.224351167678833
65,effnet_orig,14,robustness,0.45651543140411377
65,effnet_orig,14,complexity,0.33316045269695566
65,effnet_orig,15,faithfulness,-0.08434554189443588
65,effnet_orig,15,robustness,0.4974234104156494
65,effnet_orig,15,complexity,0.44856030426741905
65,effnet_orig,16,faithfulness,0.22037364542484283
65,effnet_orig,16,robustness,0.42294877767562866
65,effnet_orig,16,complexity,0.5274079886440303
65,effnet_orig,17,faithfulness,-0.13008755445480347
65,effnet_orig,17,robustness,0.5073902010917664
65,effnet_orig,17,complexity,0.4314066528568076
65,effnet_orig,18,faithfulness,0.11466377973556519
65,effnet_orig,18,robustness,0.7856197357177734
65,effnet_orig,18,complexity,0.3979421315007079
65,effnet_orig,19,faithfulness,-0.08523432165384293
65,effnet_orig,19,robustness,0.5426560640335083
65,effnet_orig,19,complexity,0.6225525827730983
65,effnet_orig,20,faithfulness,-0.1950233280658722
65,effnet_orig,20,robustness,0.4755480885505676
65,effnet_orig,20,complexity,0.4952222855782118
65,effnet_orig,21,faithfulness,-0.15989583730697632
65,effnet_orig,21,robustness,0.8376936912536621
65,effnet_orig,21,complexity,0.5157309903380467
65,effnet_orig,22,faithfulness,0.06027474254369736
65,effnet_orig,22,robustness,0.5692023038864136
65,effnet_orig,22,complexity,0.6097020827060525
65,effnet_orig,23,faithfulness,0.3645949959754944
65,effnet_orig,23,robustness,0.7218728065490723
65,effnet_orig,23,complexity,0.6724586553726948
65,effnet_orig,24,faithfulness,-0.1530560851097107
65,effnet_orig,24,robustness,0.6956606507301331
65,effnet_orig,24,complexity,0.7286428200928515
65,effnet_orig,25,faithfulness,0.049586325883865356
65,effnet_orig,25,robustness,0.4225045442581177
65,effnet_orig,25,complexity,0.6341759556446127
65,effnet_orig,26,faithfulness,0.053955286741256714
65,effnet_orig,26,robustness,0.9543637633323669
65,effnet_orig,26,complexity,0.5729863472270398
65,effnet_orig,27,faithfulness,-0.23332257568836212
65,effnet_orig,27,robustness,0.8817126750946045
65,effnet_orig,27,complexity,0.6720722283009682
65,effnet_orig,28,faithfulness,0.2599950134754181
65,effnet_orig,28,robustness,0.7471673488616943
65,effnet_orig,28,complexity,0.5885918813834837
65,effnet_orig,29,faithfulness,0.35113784670829773
65,effnet_orig,29,robustness,0.6019148826599121
65,effnet_orig,29,complexity,0.6347555322790557
65,effnet_orig,30,faithfulness,0.17776969075202942
65,effnet_orig,30,robustness,0.5590867400169373
65,effnet_orig,30,complexity,0.6057700927223572
65,effnet_orig,31,faithfulness,-0.01509256660938263
65,effnet_orig,31,robustness,1.0532463788986206
65,effnet_orig,31,complexity,0.5664061485249464
65,effnet_orig,32,faithfulness,-0.004291202872991562
65,effnet_orig,32,robustness,0.45159661769866943
65,effnet_orig,32,complexity,0.7613462880601974
65,effnet_orig,33,faithfulness,-0.2410380244255066
65,effnet_orig,33,robustness,0.15453249216079712
65,effnet_orig,33,complexity,0.8343648423487948
65,effnet_orig,34,faithfulness,-0.05089375749230385
65,effnet_orig,34,robustness,1.792908787727356
65,effnet_orig,34,complexity,0.3142134298998361
65,effnet_orig,35,faithfulness,-0.16575244069099426
65,effnet_orig,35,robustness,1.374686360359192
65,effnet_orig,35,complexity,0.5554100190445338
65,effnet_orig,36,faithfulness,-0.017516493797302246
65,effnet_orig,36,robustness,0.7468077540397644
65,effnet_orig,36,complexity,0.5380163596338725
65,effnet_orig,37,faithfulness,-0.08557392656803131
65,effnet_orig,37,robustness,3.5722203254699707
65,effnet_orig,37,complexity,0.7213303073558945
65,effnet_orig,38,faithfulness,0.14495745301246643
65,effnet_orig,38,robustness,1.1210167407989502
65,effnet_orig,38,complexity,0.40191777756255365
65,effnet_orig,39,faithfulness,-0.27597591280937195
65,effnet_orig,39,robustness,0.8785719871520996
65,effnet_orig,39,complexity,0.4500322313501578
65,effnet_orig,40,faithfulness,0.11799435317516327
65,effnet_orig,40,robustness,0.6411052346229553
65,effnet_orig,40,complexity,0.2631394498500639
65,effnet_orig,41,faithfulness,-0.1039188802242279
65,effnet_orig,41,robustness,0.5891366600990295
65,effnet_orig,41,complexity,0.32961649415263294
65,effnet_orig,42,faithfulness,-0.31469619274139404
65,effnet_orig,42,robustness,0.8838983774185181
65,effnet_orig,42,complexity,0.4238613737099788
65,effnet_orig,43,faithfulness,-0.23721326887607574
65,effnet_orig,43,robustness,1.2878715991973877
65,effnet_orig,43,complexity,0.4285707647701956
65,effnet_orig,44,faithfulness,-0.14854812622070312
65,effnet_orig,44,robustness,0.461159348487854
65,effnet_orig,44,complexity,0.5582755210128643
65,effnet_orig,45,faithfulness,-0.2161075323820114
65,effnet_orig,45,robustness,1.318005084991455
65,effnet_orig,45,complexity,0.4717832419170134
65,effnet_orig,46,faithfulness,-0.07138535380363464
65,effnet_orig,46,robustness,0.6746237874031067
65,effnet_orig,46,complexity,0.48396842720746264
65,effnet_orig,47,faithfulness,0.023625463247299194
65,effnet_orig,47,robustness,0.6873389482498169
65,effnet_orig,47,complexity,0.402133269885372
65,effnet_orig,48,faithfulness,0.2144138216972351
65,effnet_orig,48,robustness,0.5581369400024414
65,effnet_orig,48,complexity,0.3339529572272178
65,effnet_orig,49,faithfulness,-0.15364360809326172
65,effnet_orig,49,robustness,2.119511365890503
65,effnet_orig,49,complexity,0.41225971095014774
65,effnet_orig,50,faithfulness,-0.10021106898784637
65,effnet_orig,50,robustness,0.4620506763458252
65,effnet_orig,50,complexity,0.4776401868149598
65,effnet_orig,51,faithfulness,-0.11635227501392365
65,effnet_orig,51,robustness,0.5289592742919922
65,effnet_orig,51,complexity,0.6162036088950064
65,effnet_orig,52,faithfulness,0.31707876920700073
65,effnet_orig,52,robustness,0.4200241267681122
65,effnet_orig,52,complexity,0.7450293404841901
65,effnet_orig,53,faithfulness,0.08663536608219147
65,effnet_orig,53,robustness,0.4033728837966919
65,effnet_orig,53,complexity,0.21602348575811905
65,effnet_orig,54,faithfulness,0.29492974281311035
65,effnet_orig,54,robustness,0.7714607119560242
65,effnet_orig,54,complexity,0.25795107018256397
65,effnet_orig,55,faithfulness,0.07647895812988281
65,effnet_orig,55,robustness,0.5530059337615967
65,effnet_orig,55,complexity,0.2667115332574555
65,effnet_orig,56,faithfulness,0.36934730410575867
65,effnet_orig,56,robustness,0.5229308009147644
65,effnet_orig,56,complexity,0.4498974853683506
65,effnet_orig,57,faithfulness,0.13313427567481995
65,effnet_orig,57,robustness,0.36318835616111755
65,effnet_orig,57,complexity,0.5994935726564142
65,effnet_orig,58,faithfulness,0.0864080935716629
65,effnet_orig,58,robustness,0.3922094404697418
65,effnet_orig,58,complexity,0.34207450088397134
65,effnet_recplot,0,faithfulness,-0.01710248738527298
65,effnet_recplot,0,robustness,1.0
65,effnet_recplot,0,complexity,0.664050983552583
65,effnet_recplot,1,faithfulness,0.4357110857963562
65,effnet_recplot,1,robustness,1.0893657207489014
65,effnet_recplot,1,complexity,0.6503081183806385
65,effnet_recplot,2,faithfulness,-0.20035366714000702
65,effnet_recplot,2,robustness,1.0
65,effnet_recplot,2,complexity,0.5822749804224344
65,effnet_recplot,3,faithfulness,0.25209736824035645
65,effnet_recplot,3,robustness,1.0
65,effnet_recplot,3,complexity,0.6273302389464093
65,effnet_recplot,4,faithfulness,0.07950329035520554
65,effnet_recplot,4,robustness,1.0
65,effnet_recplot,4,complexity,0.459943761195523
65,effnet_recplot,5,faithfulness,0.2658730745315552
65,effnet_recplot,5,robustness,0.9985748529434204
65,effnet_recplot,5,complexity,0.2505503374799024
65,effnet_recplot,6,faithfulness,-0.05471798777580261
65,effnet_recplot,6,robustness,1.0
65,effnet_recplot,6,complexity,0.2545698343778233
65,effnet_recplot,7,faithfulness,0.21704740822315216
65,effnet_recplot,7,robustness,58.12251663208008
65,effnet_recplot,7,complexity,0.8657764061293818
65,effnet_recplot,8,faithfulness,0.06426823139190674
65,effnet_recplot,8,robustness,1.0
65,effnet_recplot,8,complexity,0.5091314358278196
65,effnet_recplot,9,faithfulness,0.230819433927536
65,effnet_recplot,9,robustness,4.456113815307617
65,effnet_recplot,9,complexity,0.7672862991087354
65,effnet_recplot,10,faithfulness,-0.3065977990627289
65,effnet_recplot,10,robustness,1.0
65,effnet_recplot,10,complexity,0.17309696399590763
65,effnet_recplot,11,faithfulness,-0.1492195725440979
65,effnet_recplot,11,robustness,1.0000169277191162
65,effnet_recplot,11,complexity,0.6706829526767211
65,effnet_recplot,12,faithfulness,0.2603278160095215
65,effnet_recplot,12,robustness,1.0
65,effnet_recplot,12,complexity,0.42003077694433805
65,effnet_recplot,13,faithfulness,-0.205105721950531
65,effnet_recplot,13,robustness,1.0
65,effnet_recplot,13,complexity,0.38610526170178694
65,effnet_recplot,14,faithfulness,-0.1107325628399849
65,effnet_recplot,14,robustness,1.0
65,effnet_recplot,14,complexity,0.42581416685629503
65,effnet_recplot,15,faithfulness,0.03972676396369934
65,effnet_recplot,15,robustness,31.060766220092773
65,effnet_recplot,15,complexity,0.9093180183039146
65,effnet_recplot,16,faithfulness,-0.10169293731451035
65,effnet_recplot,16,robustness,3.3534321784973145
65,effnet_recplot,16,complexity,0.728644198517996
65,effnet_recplot,17,faithfulness,-0.05429627373814583
65,effnet_recplot,17,robustness,0.9992485642433167
65,effnet_recplot,17,complexity,0.3539681586613297
65,effnet_recplot,18,faithfulness,0.057855553925037384
65,effnet_recplot,18,robustness,1.2690879106521606
65,effnet_recplot,18,complexity,0.6696032135405807
65,effnet_recplot,19,faithfulness,0.31687265634536743
65,effnet_recplot,19,robustness,0.9839646816253662
65,effnet_recplot,19,complexity,0.6171239123723197
65,effnet_recplot,20,faithfulness,-0.1688595414161682
65,effnet_recplot,20,robustness,7.555984973907471
65,effnet_recplot,20,complexity,0.287883879870968
65,effnet_recplot,21,faithfulness,0.2160218358039856
65,effnet_recplot,21,robustness,5.881021022796631
65,effnet_recplot,21,complexity,0.6199153600979889
65,effnet_recplot,22,faithfulness,0.011438414454460144
65,effnet_recplot,22,robustness,0.9868723750114441
65,effnet_recplot,22,complexity,0.41871426482492274
65,effnet_recplot,23,faithfulness,0.21006909012794495
65,effnet_recplot,23,robustness,2.938248634338379
65,effnet_recplot,23,complexity,0.713028258943065
65,effnet_recplot,24,faithfulness,0.25640586018562317
65,effnet_recplot,24,robustness,0.995637834072113
65,effnet_recplot,24,complexity,0.637087703120719
65,effnet_recplot,25,faithfulness,-0.2871074974536896
65,effnet_recplot,25,robustness,0.9883653521537781
65,effnet_recplot,25,complexity,0.697349006780017
65,effnet_recplot,26,faithfulness,0.11484703421592712
65,effnet_recplot,26,robustness,4.243557453155518
65,effnet_recplot,26,complexity,0.6884797756947136
65,effnet_recplot,27,faithfulness,0.0786127969622612
65,effnet_recplot,27,robustness,1.0091898441314697
65,effnet_recplot,27,complexity,0.7865600295468793
65,effnet_recplot,28,faithfulness,0.0611748993396759
65,effnet_recplot,28,robustness,4.398908615112305
65,effnet_recplot,28,complexity,0.3725359624560573
65,effnet_recplot,29,faithfulness,-0.3784002959728241
65,effnet_recplot,29,robustness,3.2084648609161377
65,effnet_recplot,29,complexity,0.49328769434237074
65,effnet_recplot,30,faithfulness,0.13657137751579285
65,effnet_recplot,30,robustness,0.9948789477348328
65,effnet_recplot,30,complexity,0.6839422141171424
65,effnet_recplot,31,faithfulness,-0.12236052006483078
65,effnet_recplot,31,robustness,0.9944119453430176
65,effnet_recplot,31,complexity,0.6999117928186767
65,effnet_recplot,32,faithfulness,0.18031218647956848
65,effnet_recplot,32,robustness,0.981864333152771
65,effnet_recplot,32,complexity,0.5673837816220947
65,effnet_recplot,33,faithfulness,0.15955375134944916
65,effnet_recplot,33,robustness,0.9953611493110657
65,effnet_recplot,33,complexity,0.6350567962577598
65,effnet_recplot,34,faithfulness,0.19850382208824158
65,effnet_recplot,34,robustness,0.9900554418563843
65,effnet_recplot,34,complexity,0.6311921380369461
65,effnet_recplot,35,faithfulness,0.30017566680908203
65,effnet_recplot,35,robustness,0.9850786924362183
65,effnet_recplot,35,complexity,0.6142519402072484
65,effnet_recplot,36,faithfulness,-0.02353401482105255
65,effnet_recplot,36,robustness,13.389495849609375
65,effnet_recplot,36,complexity,0.9023849175781609
65,effnet_recplot,37,faithfulness,0.12998540699481964
65,effnet_recplot,37,robustness,1.6914899349212646
65,effnet_recplot,37,complexity,0.6289268178679318
65,effnet_recplot,38,faithfulness,0.06691783666610718
65,effnet_recplot,38,robustness,3.7596421241760254
65,effnet_recplot,38,complexity,0.7261478744814474
65,effnet_recplot,39,faithfulness,-0.24788615107536316
65,effnet_recplot,39,robustness,5.65584135055542
65,effnet_recplot,39,complexity,0.7117683966439556
65,effnet_recplot,40,faithfulness,0.006639957427978516
65,effnet_recplot,40,robustness,1.449562907218933
65,effnet_recplot,40,complexity,0.3332606053182813
65,effnet_recplot,41,faithfulness,0.14436215162277222
65,effnet_recplot,41,robustness,321.9621887207031
65,effnet_recplot,41,complexity,0.9733210084633158
65,effnet_recplot,42,faithfulness,-0.06928640604019165
65,effnet_recplot,42,robustness,0.9928232431411743
65,effnet_recplot,42,complexity,0.5154860462706382
65,effnet_recplot,43,faithfulness,0.26888352632522583
65,effnet_recplot,43,robustness,0.9385741949081421
65,effnet_recplot,43,complexity,0.5700725071792447
65,effnet_recplot,44,faithfulness,-0.048004940152168274
65,effnet_recplot,44,robustness,2.6066839694976807
65,effnet_recplot,44,complexity,0.4130784634195535
65,effnet_recplot,45,faithfulness,0.20351335406303406
65,effnet_recplot,45,robustness,5.909905433654785
65,effnet_recplot,45,complexity,0.7791638950333416
65,effnet_recplot,46,faithfulness,0.1045379787683487
65,effnet_recplot,46,robustness,3.818657398223877
65,effnet_recplot,46,complexity,0.4513793339588349
65,effnet_recplot,47,faithfulness,-0.12785102427005768
65,effnet_recplot,47,robustness,1.0
65,effnet_recplot,47,complexity,0.26905071301116784
65,effnet_recplot,48,faithfulness,0.28226810693740845
65,effnet_recplot,48,robustness,1.0
65,effnet_recplot,48,complexity,0.2972533649421725
65,effnet_recplot,49,faithfulness,0.281735897064209
65,effnet_recplot,49,robustness,1.0000009536743164
65,effnet_recplot,49,complexity,0.673391369616392
65,effnet_recplot,50,faithfulness,-0.2272692322731018
65,effnet_recplot,50,robustness,1.0
65,effnet_recplot,50,complexity,0.3201999380131029
65,effnet_recplot,51,faithfulness,0.02247295156121254
65,effnet_recplot,51,robustness,1.0
65,effnet_recplot,51,complexity,0.4409741041327369
65,effnet_recplot,52,faithfulness,0.03681589663028717
65,effnet_recplot,52,robustness,1.0
65,effnet_recplot,52,complexity,0.4125308981868274
65,effnet_recplot,53,faithfulness,0.17255789041519165
65,effnet_recplot,53,robustness,1.0
65,effnet_recplot,53,complexity,0.31970422614323785
65,effnet_recplot,54,faithfulness,0.1485387682914734
65,effnet_recplot,54,robustness,1.0
65,effnet_recplot,54,complexity,0.30973703916365514
65,effnet_recplot,55,faithfulness,0.202988862991333
65,effnet_recplot,55,robustness,1.0000213384628296
65,effnet_recplot,55,complexity,0.6965945124644783
65,effnet_recplot,56,faithfulness,0.23881801962852478
65,effnet_recplot,56,robustness,1.0
65,effnet_recplot,56,complexity,0.2606045634744999
65,effnet_recplot,57,faithfulness,0.16231057047843933
65,effnet_recplot,57,robustness,1.0
65,effnet_recplot,57,complexity,0.5795135260761763
65,effnet_recplot,58,faithfulness,0.1702854037284851
65,effnet_recplot,58,robustness,1.0
65,effnet_recplot,58,complexity,0.6416259207189288
87,mobilenet_orig,0,faithfulness,-0.08898362517356873
87,mobilenet_orig,0,robustness,1.3624224662780762
87,mobilenet_orig,0,complexity,0.5881232918695336
87,mobilenet_orig,1,faithfulness,-0.023813702166080475
87,mobilenet_orig,1,robustness,2.735374689102173
87,mobilenet_orig,1,complexity,0.5759045896071259
87,mobilenet_orig,2,faithfulness,0.14530858397483826
87,mobilenet_orig,2,robustness,1.1180667877197266
87,mobilenet_orig,2,complexity,0.651527535231006
87,mobilenet_orig,3,faithfulness,0.004248784855008125
87,mobilenet_orig,3,robustness,2.153182029724121
87,mobilenet_orig,3,complexity,0.6248934163248377
87,mobilenet_orig,4,faithfulness,0.20366264879703522
87,mobilenet_orig,4,robustness,0.8682737946510315
87,mobilenet_orig,4,complexity,0.5149923455631479
87,mobilenet_orig,5,faithfulness,-0.07632409036159515
87,mobilenet_orig,5,robustness,0.7750895023345947
87,mobilenet_orig,5,complexity,0.5806123608394516
87,mobilenet_orig,6,faithfulness,-0.15730395913124084
87,mobilenet_orig,6,robustness,0.8939304947853088
87,mobilenet_orig,6,complexity,0.4751287935018232
87,mobilenet_orig,7,faithfulness,-0.1939668208360672
87,mobilenet_orig,7,robustness,1.3973193168640137
87,mobilenet_orig,7,complexity,0.771785180461955
87,mobilenet_orig,8,faithfulness,0.3525000810623169
87,mobilenet_orig,8,robustness,0.667811930179596
87,mobilenet_orig,8,complexity,0.6217524286576911
87,mobilenet_orig,9,faithfulness,-0.1300608515739441
87,mobilenet_orig,9,robustness,0.797428548336029
87,mobilenet_orig,9,complexity,0.5164628642871275
87,mobilenet_orig,10,faithfulness,-0.32512134313583374
87,mobilenet_orig,10,robustness,0.7625841498374939
87,mobilenet_orig,10,complexity,0.5398497597487937
87,mobilenet_orig,11,faithfulness,-0.44829389452934265
87,mobilenet_orig,11,robustness,0.8692970871925354
87,mobilenet_orig,11,complexity,0.5892949591594245
87,mobilenet_orig,12,faithfulness,-0.18446794152259827
87,mobilenet_orig,12,robustness,0.8672385811805725
87,mobilenet_orig,12,complexity,0.5813371904144572
87,mobilenet_orig,13,faithfulness,0.06889676302671432
87,mobilenet_orig,13,robustness,0.6251283884048462
87,mobilenet_orig,13,complexity,0.5495209159919514
87,mobilenet_orig,14,faithfulness,0.07070275396108627
87,mobilenet_orig,14,robustness,0.7765562534332275
87,mobilenet_orig,14,complexity,0.4015468790426799
87,mobilenet_orig,15,faithfulness,-0.1030983030796051
87,mobilenet_orig,15,robustness,0.6177823543548584
87,mobilenet_orig,15,complexity,0.7669296948161424
87,mobilenet_orig,16,faithfulness,-0.0982169508934021
87,mobilenet_orig,16,robustness,0.7877203226089478
87,mobilenet_orig,16,complexity,0.6801743686914885
87,mobilenet_orig,17,faithfulness,0.11566533148288727
87,mobilenet_orig,17,robustness,0.6972240209579468
87,mobilenet_orig,17,complexity,0.42083869739164514
87,mobilenet_orig,18,faithfulness,0.18609589338302612
87,mobilenet_orig,18,robustness,0.4663137197494507
87,mobilenet_orig,18,complexity,0.4796753835950509
87,mobilenet_orig,19,faithfulness,0.08182710409164429
87,mobilenet_orig,19,robustness,0.34554851055145264
87,mobilenet_orig,19,complexity,0.5762268517607141
87,mobilenet_orig,20,faithfulness,-0.01769978180527687
87,mobilenet_orig,20,robustness,1.2213994264602661
87,mobilenet_orig,20,complexity,0.36020229053802444
87,mobilenet_orig,21,faithfulness,0.08588442951440811
87,mobilenet_orig,21,robustness,0.6731430888175964
87,mobilenet_orig,21,complexity,0.6770686698942239
87,mobilenet_orig,22,faithfulness,-0.47033941745758057
87,mobilenet_orig,22,robustness,0.8116397261619568
87,mobilenet_orig,22,complexity,0.36136386143512006
87,mobilenet_orig,23,faithfulness,0.1803465485572815
87,mobilenet_orig,23,robustness,0.9773386716842651
87,mobilenet_orig,23,complexity,0.4489649037808763
87,mobilenet_orig,24,faithfulness,-0.257945716381073
87,mobilenet_orig,24,robustness,0.7383766770362854
87,mobilenet_orig,24,complexity,0.6293136367614128
87,mobilenet_orig,25,faithfulness,-0.0055158864706754684
87,mobilenet_orig,25,robustness,0.9171579480171204
87,mobilenet_orig,25,complexity,0.5173306085187368
87,mobilenet_orig,26,faithfulness,0.054744020104408264
87,mobilenet_orig,26,robustness,0.9469203948974609
87,mobilenet_orig,26,complexity,0.5202696436291758
87,mobilenet_orig,27,faithfulness,0.28470578789711
87,mobilenet_orig,27,robustness,0.7438458204269409
87,mobilenet_orig,27,complexity,0.46204202949844114
87,mobilenet_orig,28,faithfulness,-0.010087370872497559
87,mobilenet_orig,28,robustness,0.890388011932373
87,mobilenet_orig,28,complexity,0.3735892202561402
87,mobilenet_orig,29,faithfulness,-0.17883148789405823
87,mobilenet_orig,29,robustness,0.9629956483840942
87,mobilenet_orig,29,complexity,0.44133482954572256
87,mobilenet_orig,30,faithfulness,0.20009034872055054
87,mobilenet_orig,30,robustness,1.6672124862670898
87,mobilenet_orig,30,complexity,0.4814591693239175
87,mobilenet_orig,31,faithfulness,0.18752217292785645
87,mobilenet_orig,31,robustness,0.8349409699440002
87,mobilenet_orig,31,complexity,0.5546255515075696
87,mobilenet_orig,32,faithfulness,0.3456159830093384
87,mobilenet_orig,32,robustness,0.4076727330684662
87,mobilenet_orig,32,complexity,0.546960504680962
87,mobilenet_orig,33,faithfulness,-0.055921874940395355
87,mobilenet_orig,33,robustness,0.3244001567363739
87,mobilenet_orig,33,complexity,0.5382193602906686
87,mobilenet_orig,34,faithfulness,0.02962309867143631
87,mobilenet_orig,34,robustness,0.5986904501914978
87,mobilenet_orig,34,complexity,0.5922291105904696
87,mobilenet_orig,35,faithfulness,-0.06141570955514908
87,mobilenet_orig,35,robustness,0.7306667566299438
87,mobilenet_orig,35,complexity,0.5556527102551393
87,mobilenet_orig,36,faithfulness,-0.19188141822814941
87,mobilenet_orig,36,robustness,0.6871846318244934
87,mobilenet_orig,36,complexity,0.5262820726120987
87,mobilenet_orig,37,faithfulness,0.17000985145568848
87,mobilenet_orig,37,robustness,0.5367934107780457
87,mobilenet_orig,37,complexity,0.33722065775529947
87,mobilenet_orig,38,faithfulness,0.15914219617843628
87,mobilenet_orig,38,robustness,1.2817925214767456
87,mobilenet_orig,38,complexity,0.5691979431591836
87,mobilenet_orig,39,faithfulness,0.0859590619802475
87,mobilenet_orig,39,robustness,1.0779532194137573
87,mobilenet_orig,39,complexity,0.5541195635200273
87,mobilenet_orig,40,faithfulness,-0.060132406651973724
87,mobilenet_orig,40,robustness,0.6100091338157654
87,mobilenet_orig,40,complexity,0.46906749453307983
87,mobilenet_orig,41,faithfulness,0.0711602121591568
87,mobilenet_orig,41,robustness,0.4595230221748352
87,mobilenet_orig,41,complexity,0.5374888072395198
87,mobilenet_orig,42,faithfulness,0.2792361080646515
87,mobilenet_orig,42,robustness,0.6789369583129883
87,mobilenet_orig,42,complexity,0.4571470753426182
87,mobilenet_orig,43,faithfulness,0.2657149136066437
87,mobilenet_orig,43,robustness,0.6367678046226501
87,mobilenet_orig,43,complexity,0.5101419837045544
87,mobilenet_orig,44,faithfulness,-0.23207324743270874
87,mobilenet_orig,44,robustness,0.839420735836029
87,mobilenet_orig,44,complexity,0.42572033698827844
87,mobilenet_orig,45,faithfulness,-0.10965333878993988
87,mobilenet_orig,45,robustness,0.6117585301399231
87,mobilenet_orig,45,complexity,0.49873837895806505
87,mobilenet_orig,46,faithfulness,-0.24030610918998718
87,mobilenet_orig,46,robustness,0.4062403440475464
87,mobilenet_orig,46,complexity,0.6122763763235023
87,mobilenet_orig,47,faithfulness,-0.006841680966317654
87,mobilenet_orig,47,robustness,0.9382942914962769
87,mobilenet_orig,47,complexity,0.49151169639832876
87,mobilenet_orig,48,faithfulness,0.47893190383911133
87,mobilenet_orig,48,robustness,0.8464629054069519
87,mobilenet_orig,48,complexity,0.4900914394061448
87,mobilenet_orig,49,faithfulness,-0.10516167432069778
87,mobilenet_orig,49,robustness,0.5579880475997925
87,mobilenet_orig,49,complexity,0.5967439375140011
87,mobilenet_orig,50,faithfulness,-0.0589669793844223
87,mobilenet_orig,50,robustness,1.385947346687317
87,mobilenet_orig,50,complexity,0.5914019891576882
87,mobilenet_orig,51,faithfulness,0.377566933631897
87,mobilenet_orig,51,robustness,2.7843446731567383
87,mobilenet_orig,51,complexity,0.7205149152150369
87,mobilenet_orig,52,faithfulness,0.29732006788253784
87,mobilenet_orig,52,robustness,0.7049649953842163
87,mobilenet_orig,52,complexity,0.6139062516312358
87,mobilenet_orig,53,faithfulness,-0.043580926954746246
87,mobilenet_orig,53,robustness,0.9805655479431152
87,mobilenet_orig,53,complexity,0.5433631172862402
87,mobilenet_orig,54,faithfulness,-0.04450105130672455
87,mobilenet_orig,54,robustness,0.8226099014282227
87,mobilenet_orig,54,complexity,0.5041297013493357
87,mobilenet_orig,55,faithfulness,0.16662615537643433
87,mobilenet_orig,55,robustness,1.0175169706344604
87,mobilenet_orig,55,complexity,0.6100236059188896
87,mobilenet_orig,56,faithfulness,0.1329694539308548
87,mobilenet_orig,56,robustness,0.5766120553016663
87,mobilenet_orig,56,complexity,0.541804717913646
87,mobilenet_orig,57,faithfulness,-0.2977120280265808
87,mobilenet_orig,57,robustness,1.0729316473007202
87,mobilenet_orig,57,complexity,0.5591116873111559
87,mobilenet_orig,58,faithfulness,-0.1556280255317688
87,mobilenet_orig,58,robustness,0.4767703115940094
87,mobilenet_orig,58,complexity,0.4683208876976028
87,mobilenet_recplot,0,faithfulness,0.0012794211506843567
87,mobilenet_recplot,0,robustness,1.250149130821228
87,mobilenet_recplot,0,complexity,0.8231757044676535
87,mobilenet_recplot,1,faithfulness,-0.20310920476913452
87,mobilenet_recplot,1,robustness,1.015298843383789
87,mobilenet_recplot,1,complexity,0.7530437408606075
87,mobilenet_recplot,2,faithfulness,0.08483478426933289
87,mobilenet_recplot,2,robustness,1.0075418949127197
87,mobilenet_recplot,2,complexity,0.582574702946199
87,mobilenet_recplot,3,faithfulness,0.06357802450656891
87,mobilenet_recplot,3,robustness,1.04622483253479
87,mobilenet_recplot,3,complexity,0.73313975011717
87,mobilenet_recplot,4,faithfulness,0.3359327018260956
87,mobilenet_recplot,4,robustness,0.9952372908592224
87,mobilenet_recplot,4,complexity,0.6579624989749814
87,mobilenet_recplot,5,faithfulness,0.3247157335281372
87,mobilenet_recplot,5,robustness,0.9996762871742249
87,mobilenet_recplot,5,complexity,0.5852886902490634
87,mobilenet_recplot,6,faithfulness,0.3094034790992737
87,mobilenet_recplot,6,robustness,0.9998778700828552
87,mobilenet_recplot,6,complexity,0.5824050624388588
87,mobilenet_recplot,7,faithfulness,0.1442868709564209
87,mobilenet_recplot,7,robustness,1.027430534362793
87,mobilenet_recplot,7,complexity,0.7450572272804262
87,mobilenet_recplot,8,faithfulness,-0.16724160313606262
87,mobilenet_recplot,8,robustness,3.8444759845733643
87,mobilenet_recplot,8,complexity,0.6924946657776273
87,mobilenet_recplot,9,faithfulness,0.17913217842578888
87,mobilenet_recplot,9,robustness,1.0994184017181396
87,mobilenet_recplot,9,complexity,0.5058971237957983
87,mobilenet_recplot,10,faithfulness,-0.08551524579524994
87,mobilenet_recplot,10,robustness,0.9932453036308289
87,mobilenet_recplot,10,complexity,0.5630969831979573
87,mobilenet_recplot,11,faithfulness,-0.03145444765686989
87,mobilenet_recplot,11,robustness,7.536961078643799
87,mobilenet_recplot,11,complexity,0.8529336996861309
87,mobilenet_recplot,12,faithfulness,0.026594452559947968
87,mobilenet_recplot,12,robustness,1.000830054283142
87,mobilenet_recplot,12,complexity,0.6955610662038735
87,mobilenet_recplot,13,faithfulness,0.03609215468168259
87,mobilenet_recplot,13,robustness,1.0037884712219238
87,mobilenet_recplot,13,complexity,0.669806298782683
87,mobilenet_recplot,14,faithfulness,0.08606076240539551
87,mobilenet_recplot,14,robustness,0.9970239996910095
87,mobilenet_recplot,14,complexity,0.6966995404308381
87,mobilenet_recplot,15,faithfulness,0.14582401514053345
87,mobilenet_recplot,15,robustness,1.1310559511184692
87,mobilenet_recplot,15,complexity,0.8222955823873446
87,mobilenet_recplot,16,faithfulness,0.3750239610671997
87,mobilenet_recplot,16,robustness,1.127382755279541
87,mobilenet_recplot,16,complexity,0.6400612945303963
87,mobilenet_recplot,17,faithfulness,0.31759923696517944
87,mobilenet_recplot,17,robustness,0.9977001547813416
87,mobilenet_recplot,17,complexity,0.6688686075696234
87,mobilenet_recplot,18,faithfulness,-0.09344089031219482
87,mobilenet_recplot,18,robustness,0.9857236742973328
87,mobilenet_recplot,18,complexity,0.6486470510315598
87,mobilenet_recplot,19,faithfulness,0.0774129182100296
87,mobilenet_recplot,19,robustness,0.8963524699211121
87,mobilenet_recplot,19,complexity,0.6286804549199312
87,mobilenet_recplot,20,faithfulness,0.08374558389186859
87,mobilenet_recplot,20,robustness,0.9737722873687744
87,mobilenet_recplot,20,complexity,0.5443464637182526
87,mobilenet_recplot,21,faithfulness,-0.28775379061698914
87,mobilenet_recplot,21,robustness,0.9747405052185059
87,mobilenet_recplot,21,complexity,0.610588052145457
87,mobilenet_recplot,22,faithfulness,0.3708142638206482
87,mobilenet_recplot,22,robustness,0.984635055065155
87,mobilenet_recplot,22,complexity,0.47709558313817463
87,mobilenet_recplot,23,faithfulness,0.11016206443309784
87,mobilenet_recplot,23,robustness,0.9984734654426575
87,mobilenet_recplot,23,complexity,0.7551434232538655
87,mobilenet_recplot,24,faithfulness,0.11999491602182388
87,mobilenet_recplot,24,robustness,1.3731647729873657
87,mobilenet_recplot,24,complexity,0.5728254684222212
87,mobilenet_recplot,25,faithfulness,0.03534635156393051
87,mobilenet_recplot,25,robustness,0.9884786605834961
87,mobilenet_recplot,25,complexity,0.6018706782344959
87,mobilenet_recplot,26,faithfulness,0.18719074130058289
87,mobilenet_recplot,26,robustness,0.9680050015449524
87,mobilenet_recplot,26,complexity,0.5622004623571251
87,mobilenet_recplot,27,faithfulness,0.250105082988739
87,mobilenet_recplot,27,robustness,1.0948169231414795
87,mobilenet_recplot,27,complexity,0.685431755451985
87,mobilenet_recplot,28,faithfulness,-0.17776499688625336
87,mobilenet_recplot,28,robustness,0.9535255432128906
87,mobilenet_recplot,28,complexity,0.4974321831290121
87,mobilenet_recplot,29,faithfulness,0.0782492384314537
87,mobilenet_recplot,29,robustness,0.9670864343643188
87,mobilenet_recplot,29,complexity,0.5265592901577747
87,mobilenet_recplot,30,faithfulness,0.10069984197616577
87,mobilenet_recplot,30,robustness,1.0826308727264404
87,mobilenet_recplot,30,complexity,0.5894768701472234
87,mobilenet_recplot,31,faithfulness,0.2672021985054016
87,mobilenet_recplot,31,robustness,1.0839916467666626
87,mobilenet_recplot,31,complexity,0.5700669247453292
87,mobilenet_recplot,32,faithfulness,-0.10582901537418365
87,mobilenet_recplot,32,robustness,1.3496310710906982
87,mobilenet_recplot,32,complexity,0.5862705605164467
87,mobilenet_recplot,33,faithfulness,-0.05043058842420578
87,mobilenet_recplot,33,robustness,1.3641393184661865
87,mobilenet_recplot,33,complexity,0.5333438503544855
87,mobilenet_recplot,34,faithfulness,0.31260794401168823
87,mobilenet_recplot,34,robustness,1.2920997142791748
87,mobilenet_recplot,34,complexity,0.49715854968556905
87,mobilenet_recplot,35,faithfulness,0.32334837317466736
87,mobilenet_recplot,35,robustness,0.9290727376937866
87,mobilenet_recplot,35,complexity,0.4685812834694766
87,mobilenet_recplot,36,faithfulness,-0.03311121463775635
87,mobilenet_recplot,36,robustness,5.832228660583496
87,mobilenet_recplot,36,complexity,0.7945417366678361
87,mobilenet_recplot,37,faithfulness,0.38182103633880615
87,mobilenet_recplot,37,robustness,0.9752054810523987
87,mobilenet_recplot,37,complexity,0.43789316178007376
87,mobilenet_recplot,38,faithfulness,0.04917053133249283
87,mobilenet_recplot,38,robustness,1.5122538805007935
87,mobilenet_recplot,38,complexity,0.4944558857024237
87,mobilenet_recplot,39,faithfulness,-0.07117518782615662
87,mobilenet_recplot,39,robustness,1.5794659852981567
87,mobilenet_recplot,39,complexity,0.6077859372572233
87,mobilenet_recplot,40,faithfulness,-0.054761096835136414
87,mobilenet_recplot,40,robustness,0.9655209183692932
87,mobilenet_recplot,40,complexity,0.6658557959783572
87,mobilenet_recplot,41,faithfulness,
87,mobilenet_recplot,41,robustness,inf
87,mobilenet_recplot,41,complexity,0.0
87,mobilenet_recplot,42,faithfulness,-0.16608253121376038
87,mobilenet_recplot,42,robustness,0.9671376943588257
87,mobilenet_recplot,42,complexity,0.42008156924201834
87,mobilenet_recplot,43,faithfulness,-0.055643230676651
87,mobilenet_recplot,43,robustness,0.9855137467384338
87,mobilenet_recplot,43,complexity,0.6766652620586703
87,mobilenet_recplot,44,faithfulness,-0.026340410113334656
87,mobilenet_recplot,44,robustness,0.9602750539779663
87,mobilenet_recplot,44,complexity,0.5387016894744018
87,mobilenet_recplot,45,faithfulness,0.256746768951416
87,mobilenet_recplot,45,robustness,1.0021675825119019
87,mobilenet_recplot,45,complexity,0.5995503830421738
87,mobilenet_recplot,46,faithfulness,-0.21488073468208313
87,mobilenet_recplot,46,robustness,0.97762531042099
87,mobilenet_recplot,46,complexity,0.5548859724803337
87,mobilenet_recplot,47,faithfulness,0.16846439242362976
87,mobilenet_recplot,47,robustness,0.9921322464942932
87,mobilenet_recplot,47,complexity,0.4634647445605736
87,mobilenet_recplot,48,faithfulness,0.027922235429286957
87,mobilenet_recplot,48,robustness,1.8386286497116089
87,mobilenet_recplot,48,complexity,0.5771289191995629
87,mobilenet_recplot,49,faithfulness,-0.1237974762916565
87,mobilenet_recplot,49,robustness,39.5121955871582
87,mobilenet_recplot,49,complexity,0.9729395095059962
87,mobilenet_recplot,50,faithfulness,-0.05650228261947632
87,mobilenet_recplot,50,robustness,1.006721019744873
87,mobilenet_recplot,50,complexity,0.5810764097792805
87,mobilenet_recplot,51,faithfulness,0.5439848303794861
87,mobilenet_recplot,51,robustness,0.9962342381477356
87,mobilenet_recplot,51,complexity,0.5029180593421223
87,mobilenet_recplot,52,faithfulness,-0.31624749302864075
87,mobilenet_recplot,52,robustness,0.9667825698852539
87,mobilenet_recplot,52,complexity,0.5939886742117223
87,mobilenet_recplot,53,faithfulness,0.3888377547264099
87,mobilenet_recplot,53,robustness,0.9942983388900757
87,mobilenet_recplot,53,complexity,0.4137648631986205
87,mobilenet_recplot,54,faithfulness,0.010546043515205383
87,mobilenet_recplot,54,robustness,0.9913223385810852
87,mobilenet_recplot,54,complexity,0.3905926157415346
87,mobilenet_recplot,55,faithfulness,0.04483899846673012
87,mobilenet_recplot,55,robustness,1.0944643020629883
87,mobilenet_recplot,55,complexity,0.6635639027592343
87,mobilenet_recplot,56,faithfulness,-0.03262928128242493
87,mobilenet_recplot,56,robustness,0.996760368347168
87,mobilenet_recplot,56,complexity,0.5330436957893356
87,mobilenet_recplot,57,faithfulness,0.19118335843086243
87,mobilenet_recplot,57,robustness,0.9998905062675476
87,mobilenet_recplot,57,complexity,0.7667183343182516
87,mobilenet_recplot,58,faithfulness,0.3136383295059204
87,mobilenet_recplot,58,robustness,1.015192985534668
87,mobilenet_recplot,58,complexity,0.7299381356251196
87,effnet_orig,0,faithfulness,0.4148925542831421
87,effnet_orig,0,robustness,0.641639769077301
87,effnet_orig,0,complexity,0.5160552558390173
87,effnet_orig,1,faithfulness,-0.22688652575016022
87,effnet_orig,1,robustness,0.8395414352416992
87,effnet_orig,1,complexity,0.5643527302354295
87,effnet_orig,2,faithfulness,-0.24048317968845367
87,effnet_orig,2,robustness,0.5230929255485535
87,effnet_orig,2,complexity,0.5123596808762871
87,effnet_orig,3,faithfulness,-0.19216938316822052
87,effnet_orig,3,robustness,1.811745524406433
87,effnet_orig,3,complexity,0.40323361674007574
87,effnet_orig,4,faithfulness,0.048253387212753296
87,effnet_orig,4,robustness,1.0443671941757202
87,effnet_orig,4,complexity,0.2474630677140646
87,effnet_orig,5,faithfulness,0.05315151810646057
87,effnet_orig,5,robustness,0.4020107090473175
87,effnet_orig,5,complexity,0.36890175418591675
87,effnet_orig,6,faithfulness,-0.08410847187042236
87,effnet_orig,6,robustness,0.7203201651573181
87,effnet_orig,6,complexity,0.3631772775749623
87,effnet_orig,7,faithfulness,-0.022252481430768967
87,effnet_orig,7,robustness,0.5551252961158752
87,effnet_orig,7,complexity,0.49265768247865654
87,effnet_orig,8,faithfulness,-0.3899522125720978
87,effnet_orig,8,robustness,5.646864891052246
87,effnet_orig,8,complexity,0.6325150277442334
87,effnet_orig,9,faithfulness,-0.17179441452026367
87,effnet_orig,9,robustness,2.6349551677703857
87,effnet_orig,9,complexity,0.43008227938394533
87,effnet_orig,10,faithfulness,-0.22853045165538788
87,effnet_orig,10,robustness,0.4474635124206543
87,effnet_orig,10,complexity,0.5083376639678097
87,effnet_orig,11,faithfulness,0.24110066890716553
87,effnet_orig,11,robustness,0.4472401738166809
87,effnet_orig,11,complexity,0.5217993166875708
87,effnet_orig,12,faithfulness,-0.34735074639320374
87,effnet_orig,12,robustness,0.9873813986778259
87,effnet_orig,12,complexity,0.4691689565933392
87,effnet_orig,13,faithfulness,-0.19264012575149536
87,effnet_orig,13,robustness,0.7630097270011902
87,effnet_orig,13,complexity,0.3796844996653158
87,effnet_orig,14,faithfulness,0.2528160512447357
87,effnet_orig,14,robustness,0.2958342432975769
87,effnet_orig,14,complexity,0.33264715739141004
87,effnet_orig,15,faithfulness,0.043480124324560165
87,effnet_orig,15,robustness,2.902397394180298
87,effnet_orig,15,complexity,0.4204188746243347
87,effnet_orig,16,faithfulness,-0.02495492994785309
87,effnet_orig,16,robustness,0.7877031564712524
87,effnet_orig,16,complexity,0.45685959438118984
87,effnet_orig,17,faithfulness,0.12608623504638672
87,effnet_orig,17,robustness,0.39332208037376404
87,effnet_orig,17,complexity,0.3814100842420771
87,effnet_orig,18,faithfulness,0.07407785952091217
87,effnet_orig,18,robustness,0.7912333607673645
87,effnet_orig,18,complexity,0.512065841975187
87,effnet_orig,19,faithfulness,0.05751606076955795
87,effnet_orig,19,robustness,1.0417232513427734
87,effnet_orig,19,complexity,0.42379199994257294
87,effnet_orig,20,faithfulness,-0.2229865938425064
87,effnet_orig,20,robustness,0.7685476541519165
87,effnet_orig,20,complexity,0.39201680964597524
87,effnet_orig,21,faithfulness,0.14302657544612885
87,effnet_orig,21,robustness,1.8825786113739014
87,effnet_orig,21,complexity,0.6198326278898147
87,effnet_orig,22,faithfulness,0.2926810383796692
87,effnet_orig,22,robustness,1.0593594312667847
87,effnet_orig,22,complexity,0.44253879341532437
87,effnet_orig,23,faithfulness,0.10426300764083862
87,effnet_orig,23,robustness,0.7668560743331909
87,effnet_orig,23,complexity,0.6484166602458811
87,effnet_orig,24,faithfulness,0.3593294620513916
87,effnet_orig,24,robustness,1.1972953081130981
87,effnet_orig,24,complexity,0.6698023019745206
87,effnet_orig,25,faithfulness,0.056607864797115326
87,effnet_orig,25,robustness,1.3674083948135376
87,effnet_orig,25,complexity,0.49723046453707104
87,effnet_orig,26,faithfulness,0.08374299108982086
87,effnet_orig,26,robustness,1.956473469734192
87,effnet_orig,26,complexity,0.6581522027780808
87,effnet_orig,27,faithfulness,0.3369968831539154
87,effnet_orig,27,robustness,1.2493205070495605
87,effnet_orig,27,complexity,0.67005682798976
87,effnet_orig,28,faithfulness,-0.33968764543533325
87,effnet_orig,28,robustness,1.7968571186065674
87,effnet_orig,28,complexity,0.5166357092124064
87,effnet_orig,29,faithfulness,-0.12795580923557281
87,effnet_orig,29,robustness,1.1248760223388672
87,effnet_orig,29,complexity,0.6099533287914286
87,effnet_orig,30,faithfulness,0.01827375963330269
87,effnet_orig,30,robustness,1.239231824874878
87,effnet_orig,30,complexity,0.7769577410982311
87,effnet_orig,31,faithfulness,0.1384880244731903
87,effnet_orig,31,robustness,1.9957598447799683
87,effnet_orig,31,complexity,0.5154918403808003
87,effnet_orig,32,faithfulness,-0.27647072076797485
87,effnet_orig,32,robustness,1.7100199460983276
87,effnet_orig,32,complexity,0.6490280599484078
87,effnet_orig,33,faithfulness,0.0563686266541481
87,effnet_orig,33,robustness,0.5088827013969421
87,effnet_orig,33,complexity,0.821930175844001
87,effnet_orig,34,faithfulness,-0.00907948613166809
87,effnet_orig,34,robustness,1.739328145980835
87,effnet_orig,34,complexity,0.5013071190521375
87,effnet_orig,35,faithfulness,-0.10404955595731735
87,effnet_orig,35,robustness,1.7733917236328125
87,effnet_orig,35,complexity,0.682568672026881
87,effnet_orig,36,faithfulness,0.31967878341674805
87,effnet_orig,36,robustness,0.6741724014282227
87,effnet_orig,36,complexity,0.5299987998946314
87,effnet_orig,37,faithfulness,0.12649217247962952
87,effnet_orig,37,robustness,1.1450035572052002
87,effnet_orig,37,complexity,0.5317035464858665
87,effnet_orig,38,faithfulness,0.2327059954404831
87,effnet_orig,38,robustness,2.3473188877105713
87,effnet_orig,38,complexity,0.535065685812286
87,effnet_orig,39,faithfulness,0.001054968684911728
87,effnet_orig,39,robustness,1.0219372510910034
87,effnet_orig,39,complexity,0.5940787907260264
87,effnet_orig,40,faithfulness,0.18949392437934875
87,effnet_orig,40,robustness,0.8501967787742615
87,effnet_orig,40,complexity,0.37879390540823615
87,effnet_orig,41,faithfulness,0.11612968891859055
87,effnet_orig,41,robustness,1.482120156288147
87,effnet_orig,41,complexity,0.5313801434291341
87,effnet_orig,42,faithfulness,-0.03184421360492706
87,effnet_orig,42,robustness,0.5850606560707092
87,effnet_orig,42,complexity,0.47127806131734046
87,effnet_orig,43,faithfulness,-0.04206952452659607
87,effnet_orig,43,robustness,1.021052360534668
87,effnet_orig,43,complexity,0.5885773403265206
87,effnet_orig,44,faithfulness,-0.04810333251953125
87,effnet_orig,44,robustness,1.0186439752578735
87,effnet_orig,44,complexity,0.48521866287239007
87,effnet_orig,45,faithfulness,0.24306920170783997
87,effnet_orig,45,robustness,1.2626101970672607
87,effnet_orig,45,complexity,0.4422905506412929
87,effnet_orig,46,faithfulness,0.0009669102728366852
87,effnet_orig,46,robustness,1.0266554355621338
87,effnet_orig,46,complexity,0.5001236504289372
87,effnet_orig,47,faithfulness,-0.046647779643535614
87,effnet_orig,47,robustness,1.0879606008529663
87,effnet_orig,47,complexity,0.41367829403368395
87,effnet_orig,48,faithfulness,0.2142542600631714
87,effnet_orig,48,robustness,0.6027705073356628
87,effnet_orig,48,complexity,0.41442932830989565
87,effnet_orig,49,faithfulness,0.12860387563705444
87,effnet_orig,49,robustness,1.064023733139038
87,effnet_orig,49,complexity,0.3763564157798413
87,effnet_orig,50,faithfulness,0.3598003387451172
87,effnet_orig,50,robustness,0.5103246569633484
87,effnet_orig,50,complexity,0.3333031825805728
87,effnet_orig,51,faithfulness,-0.11273975670337677
87,effnet_orig,51,robustness,1.6394741535186768
87,effnet_orig,51,complexity,0.4944609941796115
87,effnet_orig,52,faithfulness,0.25043174624443054
87,effnet_orig,52,robustness,0.7538432478904724
87,effnet_orig,52,complexity,0.5102688646709295
87,effnet_orig,53,faithfulness,0.08930621296167374
87,effnet_orig,53,robustness,2.2509822845458984
87,effnet_orig,53,complexity,0.6175659501294616
87,effnet_orig,54,faithfulness,0.13777902722358704
87,effnet_orig,54,robustness,0.9394620656967163
87,effnet_orig,54,complexity,0.49849289621944776
87,effnet_orig,55,faithfulness,-0.18803833425045013
87,effnet_orig,55,robustness,0.9649659395217896
87,effnet_orig,55,complexity,0.5121819272650511
87,effnet_orig,56,faithfulness,0.24201306700706482
87,effnet_orig,56,robustness,0.8565453290939331
87,effnet_orig,56,complexity,0.311837555810384
87,effnet_orig,57,faithfulness,-0.2574593126773834
87,effnet_orig,57,robustness,0.662735641002655
87,effnet_orig,57,complexity,0.5497890272173871
87,effnet_orig,58,faithfulness,0.1151154488325119
87,effnet_orig,58,robustness,0.5918425917625427
87,effnet_orig,58,complexity,0.21865109482694792
87,effnet_recplot,0,faithfulness,0.23103924095630646
87,effnet_recplot,0,robustness,1.0
87,effnet_recplot,0,complexity,0.6959674965137873
87,effnet_recplot,1,faithfulness,0.02394973114132881
87,effnet_recplot,1,robustness,1.77566659450531
87,effnet_recplot,1,complexity,0.5865624834635066
87,effnet_recplot,2,faithfulness,-0.033776238560676575
87,effnet_recplot,2,robustness,1.0
87,effnet_recplot,2,complexity,0.7408932613359765
87,effnet_recplot,3,faithfulness,0.10950292646884918
87,effnet_recplot,3,robustness,2.5863707065582275
87,effnet_recplot,3,complexity,0.5915991719120329
87,effnet_recplot,4,faithfulness,0.04408004879951477
87,effnet_recplot,4,robustness,1.0
87,effnet_recplot,4,complexity,0.6223043643207355
87,effnet_recplot,5,faithfulness,-0.029104754328727722
87,effnet_recplot,5,robustness,1.0
87,effnet_recplot,5,complexity,0.5016001994236735
87,effnet_recplot,6,faithfulness,-0.28971371054649353
87,effnet_recplot,6,robustness,1.0
87,effnet_recplot,6,complexity,0.5623691781375799
87,effnet_recplot,7,faithfulness,0.20786909759044647
87,effnet_recplot,7,robustness,7.498376846313477
87,effnet_recplot,7,complexity,0.8835500461604104
87,effnet_recplot,8,faithfulness,0.21064457297325134
87,effnet_recplot,8,robustness,1.0055396556854248
87,effnet_recplot,8,complexity,0.4891059048940383
87,effnet_recplot,9,faithfulness,0.2499656081199646
87,effnet_recplot,9,robustness,1.0
87,effnet_recplot,9,complexity,0.37850457597114906
87,effnet_recplot,10,faithfulness,-0.18336620926856995
87,effnet_recplot,10,robustness,1.0
87,effnet_recplot,10,complexity,0.5373357401115612
87,effnet_recplot,11,faithfulness,0.4945649802684784
87,effnet_recplot,11,robustness,6.189114093780518
87,effnet_recplot,11,complexity,0.7099916077081319
87,effnet_recplot,12,faithfulness,0.03376469016075134
87,effnet_recplot,12,robustness,1.0163090229034424
87,effnet_recplot,12,complexity,0.8297350854075415
87,effnet_recplot,13,faithfulness,-0.056334853172302246
87,effnet_recplot,13,robustness,9.402609825134277
87,effnet_recplot,13,complexity,0.9202887554727673
87,effnet_recplot,14,faithfulness,0.055022016167640686
87,effnet_recplot,14,robustness,1.0
87,effnet_recplot,14,complexity,0.7048147237081684
87,effnet_recplot,15,faithfulness,-0.35889512300491333
87,effnet_recplot,15,robustness,6.457694053649902
87,effnet_recplot,15,complexity,0.6580668573423201
87,effnet_recplot,16,faithfulness,0.5068298578262329
87,effnet_recplot,16,robustness,1.0
87,effnet_recplot,16,complexity,0.4536067871755479
87,effnet_recplot,17,faithfulness,0.060457050800323486
87,effnet_recplot,17,robustness,1.0
87,effnet_recplot,17,complexity,0.5374750898438875
87,effnet_recplot,18,faithfulness,0.08863590657711029
87,effnet_recplot,18,robustness,1.0182385444641113
87,effnet_recplot,18,complexity,0.7657037512777879
87,effnet_recplot,19,faithfulness,-0.034410133957862854
87,effnet_recplot,19,robustness,2.61875581741333
87,effnet_recplot,19,complexity,0.6480566227502889
87,effnet_recplot,20,faithfulness,0.23210018873214722
87,effnet_recplot,20,robustness,1.3228356838226318
87,effnet_recplot,20,complexity,0.687287135570364
87,effnet_recplot,21,faithfulness,-0.28527402877807617
87,effnet_recplot,21,robustness,2.6707160472869873
87,effnet_recplot,21,complexity,0.31871310611441006
87,effnet_recplot,22,faithfulness,0.011382803320884705
87,effnet_recplot,22,robustness,0.9872766733169556
87,effnet_recplot,22,complexity,0.33902055496334915
87,effnet_recplot,23,faithfulness,0.14546477794647217
87,effnet_recplot,23,robustness,3.3142290115356445
87,effnet_recplot,23,complexity,0.6739699731625671
87,effnet_recplot,24,faithfulness,-0.14245471358299255
87,effnet_recplot,24,robustness,1.187318205833435
87,effnet_recplot,24,complexity,0.7539703566381023
87,effnet_recplot,25,faithfulness,0.01569008082151413
87,effnet_recplot,25,robustness,1.7736581563949585
87,effnet_recplot,25,complexity,0.7869994265937376
87,effnet_recplot,26,faithfulness,0.05731792375445366
87,effnet_recplot,26,robustness,1.155096411705017
87,effnet_recplot,26,complexity,0.7322068773371215
87,effnet_recplot,27,faithfulness,0.4240322709083557
87,effnet_recplot,27,robustness,2.4085333347320557
87,effnet_recplot,27,complexity,0.8005817981547427
87,effnet_recplot,28,faithfulness,0.11156491190195084
87,effnet_recplot,28,robustness,1.0
87,effnet_recplot,28,complexity,0.2562734435665628
87,effnet_recplot,29,faithfulness,-0.26535341143608093
87,effnet_recplot,29,robustness,1.7035109996795654
87,effnet_recplot,29,complexity,0.6688553930477
87,effnet_recplot,30,faithfulness,0.11992017179727554
87,effnet_recplot,30,robustness,3.638887643814087
87,effnet_recplot,30,complexity,0.7898209620135164
87,effnet_recplot,31,faithfulness,0.0026484429836273193
87,effnet_recplot,31,robustness,1.5935540199279785
87,effnet_recplot,31,complexity,0.7626122073548433
87,effnet_recplot,32,faithfulness,-0.16730940341949463
87,effnet_recplot,32,robustness,0.9833589196205139
87,effnet_recplot,32,complexity,0.7265557287122588
87,effnet_recplot,33,faithfulness,-0.12752307951450348
87,effnet_recplot,33,robustness,1.0906848907470703
87,effnet_recplot,33,complexity,0.7729738238183168
87,effnet_recplot,34,faithfulness,0.22710824012756348
87,effnet_recplot,34,robustness,3.5056729316711426
87,effnet_recplot,34,complexity,0.7912086616838506
87,effnet_recplot,35,faithfulness,-0.021369680762290955
87,effnet_recplot,35,robustness,1.0123369693756104
87,effnet_recplot,35,complexity,0.7463191191366372
87,effnet_recplot,36,faithfulness,0.0073381587862968445
87,effnet_recplot,36,robustness,183.01068115234375
87,effnet_recplot,36,complexity,0.9483862889590761
87,effnet_recplot,37,faithfulness,0.1850181519985199
87,effnet_recplot,37,robustness,1.0904264450073242
87,effnet_recplot,37,complexity,0.6079603917188476
87,effnet_recplot,38,faithfulness,0.18039214611053467
87,effnet_recplot,38,robustness,1.4650511741638184
87,effnet_recplot,38,complexity,0.7002652475225392
87,effnet_recplot,39,faithfulness,-0.059572938829660416
87,effnet_recplot,39,robustness,1.0514438152313232
87,effnet_recplot,39,complexity,0.68181551801022
87,effnet_recplot,40,faithfulness,0.11328953504562378
87,effnet_recplot,40,robustness,0.9847326278686523
87,effnet_recplot,40,complexity,0.7084510882445677
87,effnet_recplot,41,faithfulness,0.041606366634368896
87,effnet_recplot,41,robustness,311.8885192871094
87,effnet_recplot,41,complexity,0.9474343222481906
87,effnet_recplot,42,faithfulness,0.04529884457588196
87,effnet_recplot,42,robustness,0.9658624529838562
87,effnet_recplot,42,complexity,0.40200889218372854
87,effnet_recplot,43,faithfulness,-0.0767359808087349
87,effnet_recplot,43,robustness,10.099170684814453
87,effnet_recplot,43,complexity,0.7274429567023865
87,effnet_recplot,44,faithfulness,0.019687460735440254
87,effnet_recplot,44,robustness,0.9664024114608765
87,effnet_recplot,44,complexity,0.3643865013339694
87,effnet_recplot,45,faithfulness,-0.09217686206102371
87,effnet_recplot,45,robustness,4.2439727783203125
87,effnet_recplot,45,complexity,0.6459690054804402
87,effnet_recplot,46,faithfulness,0.07293854653835297
87,effnet_recplot,46,robustness,0.9985391497612
87,effnet_recplot,46,complexity,0.387493697094518
87,effnet_recplot,47,faithfulness,0.018555723130702972
87,effnet_recplot,47,robustness,1.0
87,effnet_recplot,47,complexity,0.3424060598269267
87,effnet_recplot,48,faithfulness,-0.051409076899290085
87,effnet_recplot,48,robustness,1.0
87,effnet_recplot,48,complexity,0.3315218803788786
87,effnet_recplot,49,faithfulness,0.044359833002090454
87,effnet_recplot,49,robustness,1.1842633485794067
87,effnet_recplot,49,complexity,0.6384347162242305
87,effnet_recplot,50,faithfulness,0.3682934641838074
87,effnet_recplot,50,robustness,1.0
87,effnet_recplot,50,complexity,0.6035765987039382
87,effnet_recplot,51,faithfulness,-0.16039681434631348
87,effnet_recplot,51,robustness,1.0
87,effnet_recplot,51,complexity,0.46467526311941804
87,effnet_recplot,52,faithfulness,0.23471859097480774
87,effnet_recplot,52,robustness,1.0
87,effnet_recplot,52,complexity,0.40819866558308116
87,effnet_recplot,53,faithfulness,0.2810937464237213
87,effnet_recplot,53,robustness,1.0
87,effnet_recplot,53,complexity,0.5188124758943503
87,effnet_recplot,54,faithfulness,0.094957634806633
87,effnet_recplot,54,robustness,1.0
87,effnet_recplot,54,complexity,0.37070495814107945
87,effnet_recplot,55,faithfulness,0.2498364895582199
87,effnet_recplot,55,robustness,1.0
87,effnet_recplot,55,complexity,0.6333505731851119
87,effnet_recplot,56,faithfulness,0.024755094200372696
87,effnet_recplot,56,robustness,1.0
87,effnet_recplot,56,complexity,0.35491791006301787
87,effnet_recplot,57,faithfulness,0.3253593444824219
87,effnet_recplot,57,robustness,1.0
87,effnet_recplot,57,complexity,0.46952202648071784
87,effnet_recplot,58,faithfulness,-0.31873393058776855
87,effnet_recplot,58,robustness,1.0
87,effnet_recplot,58,complexity,0.6829525869945882
93,mobilenet_orig,0,faithfulness,0.0787062793970108
93,mobilenet_orig,0,robustness,1.491798758506775
93,mobilenet_orig,0,complexity,0.5964317547805895
93,mobilenet_orig,1,faithfulness,-0.12598749995231628
93,mobilenet_orig,1,robustness,2.377394676208496
93,mobilenet_orig,1,complexity,0.659287313427026
93,mobilenet_orig,2,faithfulness,-0.07932252436876297
93,mobilenet_orig,2,robustness,0.987460196018219
93,mobilenet_orig,2,complexity,0.5918062222923685
93,mobilenet_orig,3,faithfulness,0.10122106224298477
93,mobilenet_orig,3,robustness,0.6636411547660828
93,mobilenet_orig,3,complexity,0.6580871386627322
93,mobilenet_orig,4,faithfulness,-0.20275326073169708
93,mobilenet_orig,4,robustness,0.7919025421142578
93,mobilenet_orig,4,complexity,0.4380307323295459
93,mobilenet_orig,5,faithfulness,0.07128017395734787
93,mobilenet_orig,5,robustness,0.7423969507217407
93,mobilenet_orig,5,complexity,0.5662128125740318
93,mobilenet_orig,6,faithfulness,-0.02485264092683792
93,mobilenet_orig,6,robustness,0.6534629464149475
93,mobilenet_orig,6,complexity,0.4561677348929032
93,mobilenet_orig,7,faithfulness,-0.034636519849300385
93,mobilenet_orig,7,robustness,1.4850294589996338
93,mobilenet_orig,7,complexity,0.6371971231750222
93,mobilenet_orig,8,faithfulness,0.3613252639770508
93,mobilenet_orig,8,robustness,1.103766679763794
93,mobilenet_orig,8,complexity,0.6845913699182925
93,mobilenet_orig,9,faithfulness,-0.05535586178302765
93,mobilenet_orig,9,robustness,1.4100123643875122
93,mobilenet_orig,9,complexity,0.5387974390294384
93,mobilenet_orig,10,faithfulness,0.4258595108985901
93,mobilenet_orig,10,robustness,0.7386294603347778
93,mobilenet_orig,10,complexity,0.594097192812243
93,mobilenet_orig,11,faithfulness,0.1666138470172882
93,mobilenet_orig,11,robustness,0.9662103652954102
93,mobilenet_orig,11,complexity,0.7776792705971468
93,mobilenet_orig,12,faithfulness,0.1292184740304947
93,mobilenet_orig,12,robustness,0.8707496523857117
93,mobilenet_orig,12,complexity,0.6161087104707091
93,mobilenet_orig,13,faithfulness,0.04327576607465744
93,mobilenet_orig,13,robustness,1.0000280141830444
93,mobilenet_orig,13,complexity,0.5742323042919744
93,mobilenet_orig,14,faithfulness,-0.2023938149213791
93,mobilenet_orig,14,robustness,0.4685015380382538
93,mobilenet_orig,14,complexity,0.3859799040882939
93,mobilenet_orig,15,faithfulness,0.2677691578865051
93,mobilenet_orig,15,robustness,4.643955707550049
93,mobilenet_orig,15,complexity,0.609210732910131
93,mobilenet_orig,16,faithfulness,-0.0735907107591629
93,mobilenet_orig,16,robustness,0.9450697898864746
93,mobilenet_orig,16,complexity,0.7097649382941263
93,mobilenet_orig,17,faithfulness,-0.050686247646808624
93,mobilenet_orig,17,robustness,0.7485663294792175
93,mobilenet_orig,17,complexity,0.4356701161956602
93,mobilenet_orig,18,faithfulness,-0.17322319746017456
93,mobilenet_orig,18,robustness,0.44264349341392517
93,mobilenet_orig,18,complexity,0.5101339238783394
93,mobilenet_orig,19,faithfulness,0.12614619731903076
93,mobilenet_orig,19,robustness,0.38850265741348267
93,mobilenet_orig,19,complexity,0.5420933401893268
93,mobilenet_orig,20,faithfulness,-0.36246493458747864
93,mobilenet_orig,20,robustness,1.1681814193725586
93,mobilenet_orig,20,complexity,0.4470771708065929
93,mobilenet_orig,21,faithfulness,0.17632541060447693
93,mobilenet_orig,21,robustness,1.267973780632019
93,mobilenet_orig,21,complexity,0.7564665874275908
93,mobilenet_orig,22,faithfulness,-0.497145414352417
93,mobilenet_orig,22,robustness,0.9599634408950806
93,mobilenet_orig,22,complexity,0.4589118841977751
93,mobilenet_orig,23,faithfulness,-0.058763232082128525
93,mobilenet_orig,23,robustness,0.628338098526001
93,mobilenet_orig,23,complexity,0.4637628818934641
93,mobilenet_orig,24,faithfulness,-0.35459649562835693
93,mobilenet_orig,24,robustness,1.1557031869888306
93,mobilenet_orig,24,complexity,0.5897383999007083
93,mobilenet_orig,25,faithfulness,0.21726587414741516
93,mobilenet_orig,25,robustness,0.8334832191467285
93,mobilenet_orig,25,complexity,0.5034875185180168
93,mobilenet_orig,26,faithfulness,0.1520133912563324
93,mobilenet_orig,26,robustness,1.0108990669250488
93,mobilenet_orig,26,complexity,0.5757711266055959
93,mobilenet_orig,27,faithfulness,0.3247373700141907
93,mobilenet_orig,27,robustness,1.3441520929336548
93,mobilenet_orig,27,complexity,0.4974719333435474
93,mobilenet_orig,28,faithfulness,0.23554320633411407
93,mobilenet_orig,28,robustness,0.9317814707756042
93,mobilenet_orig,28,complexity,0.519545626194235
93,mobilenet_orig,29,faithfulness,-0.2709672451019287
93,mobilenet_orig,29,robustness,0.92414790391922
93,mobilenet_orig,29,complexity,0.3875293719285826
93,mobilenet_orig,30,faithfulness,0.2372620701789856
93,mobilenet_orig,30,robustness,1.9501855373382568
93,mobilenet_orig,30,complexity,0.5289468658131328
93,mobilenet_orig,31,faithfulness,0.10225769877433777
93,mobilenet_orig,31,robustness,0.659105122089386
93,mobilenet_orig,31,complexity,0.5549489994436372
93,mobilenet_orig,32,faithfulness,0.39196109771728516
93,mobilenet_orig,32,robustness,0.5398698449134827
93,mobilenet_orig,32,complexity,0.5344914019945661
93,mobilenet_orig,33,faithfulness,0.23775309324264526
93,mobilenet_orig,33,robustness,0.6388988494873047
93,mobilenet_orig,33,complexity,0.49891438209190064
93,mobilenet_orig,34,faithfulness,-0.1780613511800766
93,mobilenet_orig,34,robustness,0.596180260181427
93,mobilenet_orig,34,complexity,0.5775620821061125
93,mobilenet_orig,35,faithfulness,0.22174522280693054
93,mobilenet_orig,35,robustness,0.9756549000740051
93,mobilenet_orig,35,complexity,0.6093879456586742
93,mobilenet_orig,36,faithfulness,-0.07434773445129395
93,mobilenet_orig,36,robustness,0.45070910453796387
93,mobilenet_orig,36,complexity,0.5226752327212109
93,mobilenet_orig,37,faithfulness,0.22059281170368195
93,mobilenet_orig,37,robustness,0.5820030570030212
93,mobilenet_orig,37,complexity,0.49172927214385487
93,mobilenet_orig,38,faithfulness,-0.2553726136684418
93,mobilenet_orig,38,robustness,0.9246693849563599
93,mobilenet_orig,38,complexity,0.5165841120055151
93,mobilenet_orig,39,faithfulness,-0.0941067487001419
93,mobilenet_orig,39,robustness,1.1111046075820923
93,mobilenet_orig,39,complexity,0.5652244898921757
93,mobilenet_orig,40,faithfulness,-0.029954837635159492
93,mobilenet_orig,40,robustness,0.6058371067047119
93,mobilenet_orig,40,complexity,0.4965816328732821
93,mobilenet_orig,41,faithfulness,-0.0706198439002037
93,mobilenet_orig,41,robustness,0.39018815755844116
93,mobilenet_orig,41,complexity,0.4982948773179905
93,mobilenet_orig,42,faithfulness,0.23709814250469208
93,mobilenet_orig,42,robustness,0.7773008942604065
93,mobilenet_orig,42,complexity,0.5700123007633803
93,mobilenet_orig,43,faithfulness,0.03620507940649986
93,mobilenet_orig,43,robustness,0.8336885571479797
93,mobilenet_orig,43,complexity,0.48614780548065195
93,mobilenet_orig,44,faithfulness,-0.011337287724018097
93,mobilenet_orig,44,robustness,0.8394044041633606
93,mobilenet_orig,44,complexity,0.5092438582770575
93,mobilenet_orig,45,faithfulness,-0.26805105805397034
93,mobilenet_orig,45,robustness,0.6753938794136047
93,mobilenet_orig,45,complexity,0.5280546830161504
93,mobilenet_orig,46,faithfulness,-0.09468521177768707
93,mobilenet_orig,46,robustness,0.4933041036128998
93,mobilenet_orig,46,complexity,0.59978955776026
93,mobilenet_orig,47,faithfulness,0.2849089205265045
93,mobilenet_orig,47,robustness,0.5768935680389404
93,mobilenet_orig,47,complexity,0.48835434875610995
93,mobilenet_orig,48,faithfulness,-0.06179676949977875
93,mobilenet_orig,48,robustness,0.9145009517669678
93,mobilenet_orig,48,complexity,0.5404831151780312
93,mobilenet_orig,49,faithfulness,-0.043264031410217285
93,mobilenet_orig,49,robustness,0.6224029660224915
93,mobilenet_orig,49,complexity,0.5825166042206
93,mobilenet_orig,50,faithfulness,0.15475183725357056
93,mobilenet_orig,50,robustness,0.8036485910415649
93,mobilenet_orig,50,complexity,0.5751213372235211
93,mobilenet_orig,51,faithfulness,0.015567243099212646
93,mobilenet_orig,51,robustness,0.9686090350151062
93,mobilenet_orig,51,complexity,0.6549608016703224
93,mobilenet_orig,52,faithfulness,-0.12767484784126282
93,mobilenet_orig,52,robustness,0.6707297563552856
93,mobilenet_orig,52,complexity,0.6468491373377959
93,mobilenet_orig,53,faithfulness,-0.03161486238241196
93,mobilenet_orig,53,robustness,1.0667245388031006
93,mobilenet_orig,53,complexity,0.5723024931696605
93,mobilenet_orig,54,faithfulness,0.1952614039182663
93,mobilenet_orig,54,robustness,0.8006147146224976
93,mobilenet_orig,54,complexity,0.5677502408484555
93,mobilenet_orig,55,faithfulness,0.12354418635368347
93,mobilenet_orig,55,robustness,0.9699025750160217
93,mobilenet_orig,55,complexity,0.5462983722704172
93,mobilenet_orig,56,faithfulness,0.050025466829538345
93,mobilenet_orig,56,robustness,0.65757155418396
93,mobilenet_orig,56,complexity,0.5344189114370899
93,mobilenet_orig,57,faithfulness,-0.014434456825256348
93,mobilenet_orig,57,robustness,1.280985713005066
93,mobilenet_orig,57,complexity,0.6030622353203129
93,mobilenet_orig,58,faithfulness,-0.15543031692504883
93,mobilenet_orig,58,robustness,0.5799211859703064
93,mobilenet_orig,58,complexity,0.434399748236041
93,mobilenet_recplot,0,faithfulness,-0.09651680290699005
93,mobilenet_recplot,0,robustness,4.569406986236572
93,mobilenet_recplot,0,complexity,0.6627313897039528
93,mobilenet_recplot,1,faithfulness,0.22941580414772034
93,mobilenet_recplot,1,robustness,7.8128275871276855
93,mobilenet_recplot,1,complexity,0.8364104017591706
93,mobilenet_recplot,2,faithfulness,0.14595484733581543
93,mobilenet_recplot,2,robustness,2.684410572052002
93,mobilenet_recplot,2,complexity,0.6692428581294476
93,mobilenet_recplot,3,faithfulness,0.12245719879865646
93,mobilenet_recplot,3,robustness,0.9435080289840698
93,mobilenet_recplot,3,complexity,0.627237768376284
93,mobilenet_recplot,4,faithfulness,0.5227226614952087
93,mobilenet_recplot,4,robustness,0.9907498359680176
93,mobilenet_recplot,4,complexity,0.6554082100899381
93,mobilenet_recplot,5,faithfulness,0.13952329754829407
93,mobilenet_recplot,5,robustness,0.9916073679924011
93,mobilenet_recplot,5,complexity,0.6720947735141399
93,mobilenet_recplot,6,faithfulness,0.48267611861228943
93,mobilenet_recplot,6,robustness,1.0428935289382935
93,mobilenet_recplot,6,complexity,0.6414458886367815
93,mobilenet_recplot,7,faithfulness,0.3268429636955261
93,mobilenet_recplot,7,robustness,9.05882453918457
93,mobilenet_recplot,7,complexity,0.855876600951666
93,mobilenet_recplot,8,faithfulness,-0.003500288352370262
93,mobilenet_recplot,8,robustness,1.030739665031433
93,mobilenet_recplot,8,complexity,0.5585916377734745
93,mobilenet_recplot,9,faithfulness,0.17713037133216858
93,mobilenet_recplot,9,robustness,1.2621527910232544
93,mobilenet_recplot,9,complexity,0.5763666315617351
93,mobilenet_recplot,10,faithfulness,0.4565345048904419
93,mobilenet_recplot,10,robustness,1.0509402751922607
93,mobilenet_recplot,10,complexity,0.6012966593885317
93,mobilenet_recplot,11,faithfulness,0.06012490391731262
93,mobilenet_recplot,11,robustness,8.569622993469238
93,mobilenet_recplot,11,complexity,0.7923588374214559
93,mobilenet_recplot,12,faithfulness,0.26170235872268677
93,mobilenet_recplot,12,robustness,0.9729903340339661
93,mobilenet_recplot,12,complexity,0.6754625686433785
93,mobilenet_recplot,13,faithfulness,-0.0031130164861679077
93,mobilenet_recplot,13,robustness,0.9648603796958923
93,mobilenet_recplot,13,complexity,0.5687448180601469
93,mobilenet_recplot,14,faithfulness,0.29549726843833923
93,mobilenet_recplot,14,robustness,1.503248691558838
93,mobilenet_recplot,14,complexity,0.7658852103852246
93,mobilenet_recplot,15,faithfulness,-0.17368188500404358
93,mobilenet_recplot,15,robustness,64.37139129638672
93,mobilenet_recplot,15,complexity,0.8830412465119604
93,mobilenet_recplot,16,faithfulness,0.15832552313804626
93,mobilenet_recplot,16,robustness,0.9053224325180054
93,mobilenet_recplot,16,complexity,0.7136365333853868
93,mobilenet_recplot,17,faithfulness,0.37262386083602905
93,mobilenet_recplot,17,robustness,0.974144697189331
93,mobilenet_recplot,17,complexity,0.6264694179917816
93,mobilenet_recplot,18,faithfulness,-0.2099117934703827
93,mobilenet_recplot,18,robustness,0.999317467212677
93,mobilenet_recplot,18,complexity,0.6851727695018376
93,mobilenet_recplot,19,faithfulness,0.12951333820819855
93,mobilenet_recplot,19,robustness,1.0764323472976685
93,mobilenet_recplot,19,complexity,0.6683658067419848
93,mobilenet_recplot,20,faithfulness,0.48769044876098633
93,mobilenet_recplot,20,robustness,0.9968828558921814
93,mobilenet_recplot,20,complexity,0.6021745998966292
93,mobilenet_recplot,21,faithfulness,-0.17401212453842163
93,mobilenet_recplot,21,robustness,1.2005982398986816
93,mobilenet_recplot,21,complexity,0.5676920742889326
93,mobilenet_recplot,22,faithfulness,-0.21616290509700775
93,mobilenet_recplot,22,robustness,1.0105128288269043
93,mobilenet_recplot,22,complexity,0.6749707266886976
93,mobilenet_recplot,23,faithfulness,0.4073287844657898
93,mobilenet_recplot,23,robustness,1.0449981689453125
93,mobilenet_recplot,23,complexity,0.8089107928164544
93,mobilenet_recplot,24,faithfulness,-0.001248527318239212
93,mobilenet_recplot,24,robustness,0.9771462678909302
93,mobilenet_recplot,24,complexity,0.6073176310859837
93,mobilenet_recplot,25,faithfulness,0.35267508029937744
93,mobilenet_recplot,25,robustness,0.9991005659103394
93,mobilenet_recplot,25,complexity,0.5537926734423183
93,mobilenet_recplot,26,faithfulness,0.3052484393119812
93,mobilenet_recplot,26,robustness,0.9781439304351807
93,mobilenet_recplot,26,complexity,0.5691918545673511
93,mobilenet_recplot,27,faithfulness,-0.12381155788898468
93,mobilenet_recplot,27,robustness,1.4248160123825073
93,mobilenet_recplot,27,complexity,0.6692424890345675
93,mobilenet_recplot,28,faithfulness,0.12532097101211548
93,mobilenet_recplot,28,robustness,0.978069007396698
93,mobilenet_recplot,28,complexity,0.49182011945067566
93,mobilenet_recplot,29,faithfulness,0.3473998010158539
93,mobilenet_recplot,29,robustness,0.9996704459190369
93,mobilenet_recplot,29,complexity,0.6187971442818716
93,mobilenet_recplot,30,faithfulness,-0.060501933097839355
93,mobilenet_recplot,30,robustness,0.9999155402183533
93,mobilenet_recplot,30,complexity,0.578799564870764
93,mobilenet_recplot,31,faithfulness,0.12913474440574646
93,mobilenet_recplot,31,robustness,1.0125333070755005
93,mobilenet_recplot,31,complexity,0.5292277894197371
93,mobilenet_recplot,32,faithfulness,-0.056475941091775894
93,mobilenet_recplot,32,robustness,1.2123183012008667
93,mobilenet_recplot,32,complexity,0.5698415506711789
93,mobilenet_recplot,33,faithfulness,-0.24190405011177063
93,mobilenet_recplot,33,robustness,0.9717230200767517
93,mobilenet_recplot,33,complexity,0.6231959097645147
93,mobilenet_recplot,34,faithfulness,0.17408894002437592
93,mobilenet_recplot,34,robustness,0.9205460548400879
93,mobilenet_recplot,34,complexity,0.6358137063905176
93,mobilenet_recplot,35,faithfulness,0.02080986090004444
93,mobilenet_recplot,35,robustness,0.9993875026702881
93,mobilenet_recplot,35,complexity,0.6044456792072814
93,mobilenet_recplot,36,faithfulness,0.08390893787145615
93,mobilenet_recplot,36,robustness,39.77153015136719
93,mobilenet_recplot,36,complexity,0.9529022011524204
93,mobilenet_recplot,37,faithfulness,-0.07749214768409729
93,mobilenet_recplot,37,robustness,0.9966744184494019
93,mobilenet_recplot,37,complexity,0.43405465752781186
93,mobilenet_recplot,38,faithfulness,-0.01684541255235672
93,mobilenet_recplot,38,robustness,1.0036641359329224
93,mobilenet_recplot,38,complexity,0.6221661928937428
93,mobilenet_recplot,39,faithfulness,0.04794865846633911
93,mobilenet_recplot,39,robustness,2.5592288970947266
93,mobilenet_recplot,39,complexity,0.6542818188788416
93,mobilenet_recplot,40,faithfulness,-0.13994178175926208
93,mobilenet_recplot,40,robustness,0.996715784072876
93,mobilenet_recplot,40,complexity,0.6386084835914884
93,mobilenet_recplot,41,faithfulness,
93,mobilenet_recplot,41,robustness,inf
93,mobilenet_recplot,41,complexity,0.0
93,mobilenet_recplot,42,faithfulness,0.31450384855270386
93,mobilenet_recplot,42,robustness,0.997378408908844
93,mobilenet_recplot,42,complexity,0.5861192872504966
93,mobilenet_recplot,43,faithfulness,0.34204283356666565
93,mobilenet_recplot,43,robustness,0.9976303577423096
93,mobilenet_recplot,43,complexity,0.6258063900103222
93,mobilenet_recplot,44,faithfulness,0.30924302339553833
93,mobilenet_recplot,44,robustness,0.9918453693389893
93,mobilenet_recplot,44,complexity,0.5619865160696438
93,mobilenet_recplot,45,faithfulness,0.0517624095082283
93,mobilenet_recplot,45,robustness,1.4754289388656616
93,mobilenet_recplot,45,complexity,0.6004022916703966
93,mobilenet_recplot,46,faithfulness,-0.1426270455121994
93,mobilenet_recplot,46,robustness,0.9993856549263
93,mobilenet_recplot,46,complexity,0.6147656847114606
93,mobilenet_recplot,47,faithfulness,0.342348575592041
93,mobilenet_recplot,47,robustness,1.3413714170455933
93,mobilenet_recplot,47,complexity,0.5094513451625091
93,mobilenet_recplot,48,faithfulness,0.16465544700622559
93,mobilenet_recplot,48,robustness,1.271877408027649
93,mobilenet_recplot,48,complexity,0.537158396224906
93,mobilenet_recplot,49,faithfulness,0.14892593026161194
93,mobilenet_recplot,49,robustness,51.48773193359375
93,mobilenet_recplot,49,complexity,0.8994560265487557
93,mobilenet_recplot,50,faithfulness,0.14142851531505585
93,mobilenet_recplot,50,robustness,0.9999929666519165
93,mobilenet_recplot,50,complexity,0.5884359400191054
93,mobilenet_recplot,51,faithfulness,0.2853841185569763
93,mobilenet_recplot,51,robustness,1.4637346267700195
93,mobilenet_recplot,51,complexity,0.499101126964577
93,mobilenet_recplot,52,faithfulness,-0.00511050783097744
93,mobilenet_recplot,52,robustness,1.0158228874206543
93,mobilenet_recplot,52,complexity,0.6766813024202872
93,mobilenet_recplot,53,faithfulness,-0.07440999150276184
93,mobilenet_recplot,53,robustness,0.9956616163253784
93,mobilenet_recplot,53,complexity,0.4370944275999322
93,mobilenet_recplot,54,faithfulness,0.11239448189735413
93,mobilenet_recplot,54,robustness,0.9961848855018616
93,mobilenet_recplot,54,complexity,0.4140251282855809
93,mobilenet_recplot,55,faithfulness,-0.2797708511352539
93,mobilenet_recplot,55,robustness,1.0019413232803345
93,mobilenet_recplot,55,complexity,0.6560310125108286
93,mobilenet_recplot,56,faithfulness,0.41532573103904724
93,mobilenet_recplot,56,robustness,0.9954056143760681
93,mobilenet_recplot,56,complexity,0.5290422669637822
93,mobilenet_recplot,57,faithfulness,0.028711095452308655
93,mobilenet_recplot,57,robustness,2.0064499378204346
93,mobilenet_recplot,57,complexity,0.76236690030211
93,mobilenet_recplot,58,faithfulness,0.0671020895242691
93,mobilenet_recplot,58,robustness,1.0004091262817383
93,mobilenet_recplot,58,complexity,0.5768157589801649
93,effnet_orig,0,faithfulness,-0.0867881327867508
93,effnet_orig,0,robustness,0.9100774526596069
93,effnet_orig,0,complexity,0.3909567920496736
93,effnet_orig,1,faithfulness,-0.26461565494537354
93,effnet_orig,1,robustness,0.8540751338005066
93,effnet_orig,1,complexity,0.4597089960080117
93,effnet_orig,2,faithfulness,-0.2090112566947937
93,effnet_orig,2,robustness,0.9769703149795532
93,effnet_orig,2,complexity,0.562358138791376
93,effnet_orig,3,faithfulness,-0.17808982729911804
93,effnet_orig,3,robustness,0.8656298518180847
93,effnet_orig,3,complexity,0.6490437897135589
93,effnet_orig,4,faithfulness,0.002254694700241089
93,effnet_orig,4,robustness,0.4856460988521576
93,effnet_orig,4,complexity,0.26672702876595644
93,effnet_orig,5,faithfulness,0.29867735505104065
93,effnet_orig,5,robustness,0.7558274865150452
93,effnet_orig,5,complexity,0.3780140062571477
93,effnet_orig,6,faithfulness,0.10821495205163956
93,effnet_orig,6,robustness,0.6395516991615295
93,effnet_orig,6,complexity,0.38240337921138606
93,effnet_orig,7,faithfulness,0.11470026522874832
93,effnet_orig,7,robustness,0.6913831233978271
93,effnet_orig,7,complexity,0.5226560638807723
93,effnet_orig,8,faithfulness,0.12864094972610474
93,effnet_orig,8,robustness,0.6507898569107056
93,effnet_orig,8,complexity,0.5565530756958769
93,effnet_orig,9,faithfulness,0.2615019679069519
93,effnet_orig,9,robustness,0.8356155157089233
93,effnet_orig,9,complexity,0.42753941680746643
93,effnet_orig,10,faithfulness,-0.01663997769355774
93,effnet_orig,10,robustness,0.6882590055465698
93,effnet_orig,10,complexity,0.5425129123607143
93,effnet_orig,11,faithfulness,0.22426918148994446
93,effnet_orig,11,robustness,0.6053612232208252
93,effnet_orig,11,complexity,0.3742317347075306
93,effnet_orig,12,faithfulness,0.09655464440584183
93,effnet_orig,12,robustness,0.7526805400848389
93,effnet_orig,12,complexity,0.4235636706005478
93,effnet_orig,13,faithfulness,0.14201714098453522
93,effnet_orig,13,robustness,0.7150573134422302
93,effnet_orig,13,complexity,0.4042232851306606
93,effnet_orig,14,faithfulness,-0.32367023825645447
93,effnet_orig,14,robustness,0.5073985457420349
93,effnet_orig,14,complexity,0.3140725784678885
93,effnet_orig,15,faithfulness,-0.38361746072769165
93,effnet_orig,15,robustness,0.7492032051086426
93,effnet_orig,15,complexity,0.4429546200674193
93,effnet_orig,16,faithfulness,0.11697013676166534
93,effnet_orig,16,robustness,0.6239483952522278
93,effnet_orig,16,complexity,0.4572890288818359
93,effnet_orig,17,faithfulness,0.27570974826812744
93,effnet_orig,17,robustness,0.6524147987365723
93,effnet_orig,17,complexity,0.4090091760247379
93,effnet_orig,18,faithfulness,-0.46394193172454834
93,effnet_orig,18,robustness,0.679637610912323
93,effnet_orig,18,complexity,0.397716997860102
93,effnet_orig,19,faithfulness,0.12118104845285416
93,effnet_orig,19,robustness,0.45347246527671814
93,effnet_orig,19,complexity,0.4991785201576236
93,effnet_orig,20,faithfulness,0.004540914669632912
93,effnet_orig,20,robustness,0.6664220094680786
93,effnet_orig,20,complexity,0.41682555198976706
93,effnet_orig,21,faithfulness,0.1503174751996994
93,effnet_orig,21,robustness,1.3065556287765503
93,effnet_orig,21,complexity,0.7488130389650623
93,effnet_orig,22,faithfulness,0.3260869085788727
93,effnet_orig,22,robustness,0.49247053265571594
93,effnet_orig,22,complexity,0.5608468778848884
93,effnet_orig,23,faithfulness,0.01599261909723282
93,effnet_orig,23,robustness,0.632602870464325
93,effnet_orig,23,complexity,0.5645737839830669
93,effnet_orig,24,faithfulness,-0.1178518757224083
93,effnet_orig,24,robustness,0.5141318440437317
93,effnet_orig,24,complexity,0.6977682406480094
93,effnet_orig,25,faithfulness,-0.09337887167930603
93,effnet_orig,25,robustness,0.3742961287498474
93,effnet_orig,25,complexity,0.47183749010342296
93,effnet_orig,26,faithfulness,0.26611077785491943
93,effnet_orig,26,robustness,0.43638959527015686
93,effnet_orig,26,complexity,0.4635399495533348
93,effnet_orig,27,faithfulness,-0.20507684350013733
93,effnet_orig,27,robustness,0.5548291802406311
93,effnet_orig,27,complexity,0.5264358899851812
93,effnet_orig,28,faithfulness,0.1207185909152031
93,effnet_orig,28,robustness,0.7663612961769104
93,effnet_orig,28,complexity,0.3995174357267794
93,effnet_orig,29,faithfulness,0.08279775083065033
93,effnet_orig,29,robustness,0.5403591990470886
93,effnet_orig,29,complexity,0.37337963666729057
93,effnet_orig,30,faithfulness,-0.18688559532165527
93,effnet_orig,30,robustness,0.47044825553894043
93,effnet_orig,30,complexity,0.4862132858147847
93,effnet_orig,31,faithfulness,0.26495304703712463
93,effnet_orig,31,robustness,1.1699293851852417
93,effnet_orig,31,complexity,0.4888238588689313
93,effnet_orig,32,faithfulness,-0.05171297490596771
93,effnet_orig,32,robustness,0.7668905258178711
93,effnet_orig,32,complexity,0.641336141482547
93,effnet_orig,33,faithfulness,0.33766627311706543
93,effnet_orig,33,robustness,0.8352300524711609
93,effnet_orig,33,complexity,0.6430604790012249
93,effnet_orig,34,faithfulness,0.1728101670742035
93,effnet_orig,34,robustness,0.6876689791679382
93,effnet_orig,34,complexity,0.39983608385189556
93,effnet_orig,35,faithfulness,-0.21457669138908386
93,effnet_orig,35,robustness,0.47934868931770325
93,effnet_orig,35,complexity,0.44203583494391074
93,effnet_orig,36,faithfulness,-0.01777563989162445
93,effnet_orig,36,robustness,0.7796909213066101
93,effnet_orig,36,complexity,0.3894843084242054
93,effnet_orig,37,faithfulness,-0.007862389087677002
93,effnet_orig,37,robustness,1.47220778465271
93,effnet_orig,37,complexity,0.7033107154362521
93,effnet_orig,38,faithfulness,0.057263217866420746
93,effnet_orig,38,robustness,1.1126261949539185
93,effnet_orig,38,complexity,0.4535129121702266
93,effnet_orig,39,faithfulness,0.017135191708803177
93,effnet_orig,39,robustness,0.9401570558547974
93,effnet_orig,39,complexity,0.5145967417287617
93,effnet_orig,40,faithfulness,0.16969382762908936
93,effnet_orig,40,robustness,0.4964522421360016
93,effnet_orig,40,complexity,0.48126378091285993
93,effnet_orig,41,faithfulness,0.2556917071342468
93,effnet_orig,41,robustness,0.7001954913139343
93,effnet_orig,41,complexity,0.4222160736009605
93,effnet_orig,42,faithfulness,0.06409336626529694
93,effnet_orig,42,robustness,0.4475504755973816
93,effnet_orig,42,complexity,0.4249439798233504
93,effnet_orig,43,faithfulness,0.0005981046706438065
93,effnet_orig,43,robustness,0.6490708589553833
93,effnet_orig,43,complexity,0.5731019340012845
93,effnet_orig,44,faithfulness,-0.005967903882265091
93,effnet_orig,44,robustness,0.5657602548599243
93,effnet_orig,44,complexity,0.48784207931624424
93,effnet_orig,45,faithfulness,0.11594647914171219
93,effnet_orig,45,robustness,0.7264286279678345
93,effnet_orig,45,complexity,0.48095627961400117
93,effnet_orig,46,faithfulness,-0.16394923627376556
93,effnet_orig,46,robustness,0.6545904874801636
93,effnet_orig,46,complexity,0.5308657171056613
93,effnet_orig,47,faithfulness,-0.33599525690078735
93,effnet_orig,47,robustness,0.5018128156661987
93,effnet_orig,47,complexity,0.3513114510658461
93,effnet_orig,48,faithfulness,-0.3123611509799957
93,effnet_orig,48,robustness,0.4387100636959076
93,effnet_orig,48,complexity,0.282925003585687
93,effnet_orig,49,faithfulness,0.04395733028650284
93,effnet_orig,49,robustness,0.45892009139060974
93,effnet_orig,49,complexity,0.42377648882374147
93,effnet_orig,50,faithfulness,0.04020232334733009
93,effnet_orig,50,robustness,0.47692063450813293
93,effnet_orig,50,complexity,0.3804423350115545
93,effnet_orig,51,faithfulness,0.07985162734985352
93,effnet_orig,51,robustness,0.4734817445278168
93,effnet_orig,51,complexity,0.44754748139234596
93,effnet_orig,52,faithfulness,-0.07484405487775803
93,effnet_orig,52,robustness,1.2038830518722534
93,effnet_orig,52,complexity,0.5012629470415431
93,effnet_orig,53,faithfulness,-0.27041712403297424
93,effnet_orig,53,robustness,0.5779351592063904
93,effnet_orig,53,complexity,0.21039971586975303
93,effnet_orig,54,faithfulness,-0.3070155382156372
93,effnet_orig,54,robustness,0.5694517493247986
93,effnet_orig,54,complexity,0.1999814502008062
93,effnet_orig,55,faithfulness,-0.44659602642059326
93,effnet_orig,55,robustness,0.6760187745094299
93,effnet_orig,55,complexity,0.27717493336548793
93,effnet_orig,56,faithfulness,0.10264022648334503
93,effnet_orig,56,robustness,0.4366598129272461
93,effnet_orig,56,complexity,0.3263952008524949
93,effnet_orig,57,faithfulness,-0.2992997169494629
93,effnet_orig,57,robustness,0.5099877715110779
93,effnet_orig,57,complexity,0.47895910498381805
93,effnet_orig,58,faithfulness,0.09802448749542236
93,effnet_orig,58,robustness,0.4434153139591217
93,effnet_orig,58,complexity,0.3713754268418998
93,effnet_recplot,0,faithfulness,-0.12877026200294495
93,effnet_recplot,0,robustness,2.6374340057373047
93,effnet_recplot,0,complexity,0.7053683428468241
93,effnet_recplot,1,faithfulness,-0.019170869141817093
93,effnet_recplot,1,robustness,18.088851928710938
93,effnet_recplot,1,complexity,0.7406196860337995
93,effnet_recplot,2,faithfulness,0.18745732307434082
93,effnet_recplot,2,robustness,1.0
93,effnet_recplot,2,complexity,0.6736404652548407
93,effnet_recplot,3,faithfulness,-0.023894861340522766
93,effnet_recplot,3,robustness,5.2786736488342285
93,effnet_recplot,3,complexity,0.7128543189214528
93,effnet_recplot,4,faithfulness,0.22302094101905823
93,effnet_recplot,4,robustness,1.0
93,effnet_recplot,4,complexity,0.6264516457321644
93,effnet_recplot,5,faithfulness,0.14837923645973206
93,effnet_recplot,5,robustness,1.0
93,effnet_recplot,5,complexity,0.5831190627121484
93,effnet_recplot,6,faithfulness,0.01893576979637146
93,effnet_recplot,6,robustness,1.0
93,effnet_recplot,6,complexity,0.5624466546747625
93,effnet_recplot,7,faithfulness,0.14521627128124237
93,effnet_recplot,7,robustness,31.742233276367188
93,effnet_recplot,7,complexity,0.8018894213392039
93,effnet_recplot,8,faithfulness,-0.1182052418589592
93,effnet_recplot,8,robustness,1.020011305809021
93,effnet_recplot,8,complexity,0.5598193913963966
93,effnet_recplot,9,faithfulness,0.3644067645072937
93,effnet_recplot,9,robustness,2.187617301940918
93,effnet_recplot,9,complexity,0.6086214830211866
93,effnet_recplot,10,faithfulness,0.16165202856063843
93,effnet_recplot,10,robustness,1.0
93,effnet_recplot,10,complexity,0.5326961987166793
93,effnet_recplot,11,faithfulness,-0.5412102937698364
93,effnet_recplot,11,robustness,9.522502899169922
93,effnet_recplot,11,complexity,0.8522149163512341
93,effnet_recplot,12,faithfulness,0.5031510591506958
93,effnet_recplot,12,robustness,0.9999443292617798
93,effnet_recplot,12,complexity,0.5833044292509266
93,effnet_recplot,13,faithfulness,0.09204509109258652
93,effnet_recplot,13,robustness,1.0004695653915405
93,effnet_recplot,13,complexity,0.5781180880185004
93,effnet_recplot,14,faithfulness,0.19672158360481262
93,effnet_recplot,14,robustness,1.1071248054504395
93,effnet_recplot,14,complexity,0.76873535558
93,effnet_recplot,15,faithfulness,0.1831517368555069
93,effnet_recplot,15,robustness,23.834081649780273
93,effnet_recplot,15,complexity,0.8904130473235422
93,effnet_recplot,16,faithfulness,-0.017167028039693832
93,effnet_recplot,16,robustness,1.726884126663208
93,effnet_recplot,16,complexity,0.7715968487106831
93,effnet_recplot,17,faithfulness,0.47160565853118896
93,effnet_recplot,17,robustness,1.0
93,effnet_recplot,17,complexity,0.6549111001691149
93,effnet_recplot,18,faithfulness,0.021268293261528015
93,effnet_recplot,18,robustness,4.034783840179443
93,effnet_recplot,18,complexity,0.702876380540307
93,effnet_recplot,19,faithfulness,0.024377942085266113
93,effnet_recplot,19,robustness,2.61635160446167
93,effnet_recplot,19,complexity,0.582127661457797
93,effnet_recplot,20,faithfulness,-0.0552484393119812
93,effnet_recplot,20,robustness,4.010797023773193
93,effnet_recplot,20,complexity,0.47432948732662883
93,effnet_recplot,21,faithfulness,0.10221624374389648
93,effnet_recplot,21,robustness,3.9875452518463135
93,effnet_recplot,21,complexity,0.4586608422536985
93,effnet_recplot,22,faithfulness,-0.27481165528297424
93,effnet_recplot,22,robustness,1.162912368774414
93,effnet_recplot,22,complexity,0.2795224666880394
93,effnet_recplot,23,faithfulness,0.005538120865821838
93,effnet_recplot,23,robustness,12.59455394744873
93,effnet_recplot,23,complexity,0.9432046224158214
93,effnet_recplot,24,faithfulness,-0.0552886426448822
93,effnet_recplot,24,robustness,2.9103424549102783
93,effnet_recplot,24,complexity,0.5812754667940337
93,effnet_recplot,25,faithfulness,-0.09344936907291412
93,effnet_recplot,25,robustness,1.884045124053955
93,effnet_recplot,25,complexity,0.6437375514750836
93,effnet_recplot,26,faithfulness,0.18926504254341125
93,effnet_recplot,26,robustness,10.77811050415039
93,effnet_recplot,26,complexity,0.6899041353087004
93,effnet_recplot,27,faithfulness,0.24789933860301971
93,effnet_recplot,27,robustness,5.083451747894287
93,effnet_recplot,27,complexity,0.8428770477466968
93,effnet_recplot,28,faithfulness,0.03632865846157074
93,effnet_recplot,28,robustness,1.1693836450576782
93,effnet_recplot,28,complexity,0.29012605256579693
93,effnet_recplot,29,faithfulness,-0.3069342374801636
93,effnet_recplot,29,robustness,5.322005271911621
93,effnet_recplot,29,complexity,0.3727407625216506
93,effnet_recplot,30,faithfulness,0.43014824390411377
93,effnet_recplot,30,robustness,2.8387746810913086
93,effnet_recplot,30,complexity,0.6682775985317966
93,effnet_recplot,31,faithfulness,-0.07983678579330444
93,effnet_recplot,31,robustness,0.9803751111030579
93,effnet_recplot,31,complexity,0.718128396051798
93,effnet_recplot,32,faithfulness,0.24472498893737793
93,effnet_recplot,32,robustness,4.437809467315674
93,effnet_recplot,32,complexity,0.733423313426747
93,effnet_recplot,33,faithfulness,0.2067507654428482
93,effnet_recplot,33,robustness,2.6352343559265137
93,effnet_recplot,33,complexity,0.6300379395624992
93,effnet_recplot,34,faithfulness,0.08618448674678802
93,effnet_recplot,34,robustness,4.424691200256348
93,effnet_recplot,34,complexity,0.7653533325906406
93,effnet_recplot,35,faithfulness,-0.013685017824172974
93,effnet_recplot,35,robustness,2.9728517532348633
93,effnet_recplot,35,complexity,0.73971092202276
93,effnet_recplot,36,faithfulness,
93,effnet_recplot,36,robustness,inf
93,effnet_recplot,36,complexity,0.0
93,effnet_recplot,37,faithfulness,0.19625607132911682
93,effnet_recplot,37,robustness,1.186346173286438
93,effnet_recplot,37,complexity,0.628700097332945
93,effnet_recplot,38,faithfulness,-0.2541520893573761
93,effnet_recplot,38,robustness,4.803354740142822
93,effnet_recplot,38,complexity,0.7057298063441357
93,effnet_recplot,39,faithfulness,-0.05309382826089859
93,effnet_recplot,39,robustness,10.96972370147705
93,effnet_recplot,39,complexity,0.7905160345788139
93,effnet_recplot,40,faithfulness,0.2927600145339966
93,effnet_recplot,40,robustness,2.2349448204040527
93,effnet_recplot,40,complexity,0.45228531277553125
93,effnet_recplot,41,faithfulness,
93,effnet_recplot,41,robustness,inf
93,effnet_recplot,41,complexity,0.0
93,effnet_recplot,42,faithfulness,-0.05484205484390259
93,effnet_recplot,42,robustness,1.3391613960266113
93,effnet_recplot,42,complexity,0.30862215143912397
93,effnet_recplot,43,faithfulness,-0.15375274419784546
93,effnet_recplot,43,robustness,16.196592330932617
93,effnet_recplot,43,complexity,0.7611742745519694
93,effnet_recplot,44,faithfulness,0.23614980280399323
93,effnet_recplot,44,robustness,5.713822364807129
93,effnet_recplot,44,complexity,0.25539343196758096
93,effnet_recplot,45,faithfulness,0.10945136845111847
93,effnet_recplot,45,robustness,8.67559814453125
93,effnet_recplot,45,complexity,0.5753655422553522
93,effnet_recplot,46,faithfulness,0.08992978930473328
93,effnet_recplot,46,robustness,2.361161708831787
93,effnet_recplot,46,complexity,0.45679018754368816
93,effnet_recplot,47,faithfulness,0.06124470382928848
93,effnet_recplot,47,robustness,1.0
93,effnet_recplot,47,complexity,0.3208412094270114
93,effnet_recplot,48,faithfulness,0.05595695599913597
93,effnet_recplot,48,robustness,1.0
93,effnet_recplot,48,complexity,0.32861548093861165
93,effnet_recplot,49,faithfulness,-0.34434518218040466
93,effnet_recplot,49,robustness,1.0
93,effnet_recplot,49,complexity,0.757450339319507
93,effnet_recplot,50,faithfulness,-0.02034292370080948
93,effnet_recplot,50,robustness,1.0
93,effnet_recplot,50,complexity,0.4277009026024349
93,effnet_recplot,51,faithfulness,0.40059593319892883
93,effnet_recplot,51,robustness,1.0
93,effnet_recplot,51,complexity,0.5099826924844721
93,effnet_recplot,52,faithfulness,-0.3408265709877014
93,effnet_recplot,52,robustness,1.0
93,effnet_recplot,52,complexity,0.344774615008871
93,effnet_recplot,53,faithfulness,0.16298720240592957
93,effnet_recplot,53,robustness,1.0
93,effnet_recplot,53,complexity,0.497953146665827
93,effnet_recplot,54,faithfulness,0.22828225791454315
93,effnet_recplot,54,robustness,1.0
93,effnet_recplot,54,complexity,0.33958070085095154
93,effnet_recplot,55,faithfulness,0.24948513507843018
93,effnet_recplot,55,robustness,1.0
93,effnet_recplot,55,complexity,0.43503637575271303
93,effnet_recplot,56,faithfulness,0.19894573092460632
93,effnet_recplot,56,robustness,1.0
93,effnet_recplot,56,complexity,0.29528935549664836
93,effnet_recplot,57,faithfulness,-0.10985400527715683
93,effnet_recplot,57,robustness,1.0
93,effnet_recplot,57,complexity,0.577145551001571
93,effnet_recplot,58,faithfulness,-0.27810850739479065
93,effnet_recplot,58,robustness,1.0
93,effnet_recplot,58,complexity,0.3878983282022008
107,mobilenet_orig,0,faithfulness,-0.19445817172527313
107,mobilenet_orig,0,robustness,1.0781269073486328
107,mobilenet_orig,0,complexity,0.7558007441195069
107,mobilenet_orig,1,faithfulness,0.07934840023517609
107,mobilenet_orig,1,robustness,2.8236472606658936
107,mobilenet_orig,1,complexity,0.781804290820849
107,mobilenet_orig,2,faithfulness,-0.07037301361560822
107,mobilenet_orig,2,robustness,1.466173768043518
107,mobilenet_orig,2,complexity,0.8155984812727218
107,mobilenet_orig,3,faithfulness,0.19102990627288818
107,mobilenet_orig,3,robustness,1.015624761581421
107,mobilenet_orig,3,complexity,0.6978317569144447
107,mobilenet_orig,4,faithfulness,-0.13722406327724457
107,mobilenet_orig,4,robustness,0.8447071313858032
107,mobilenet_orig,4,complexity,0.41778959481166705
107,mobilenet_orig,5,faithfulness,-0.2959043085575104
107,mobilenet_orig,5,robustness,0.8264458179473877
107,mobilenet_orig,5,complexity,0.5984980223063419
107,mobilenet_orig,6,faithfulness,-0.02638882026076317
107,mobilenet_orig,6,robustness,0.7889283895492554
107,mobilenet_orig,6,complexity,0.4634318229055831
107,mobilenet_orig,7,faithfulness,-0.18222910165786743
107,mobilenet_orig,7,robustness,5.247696876525879
107,mobilenet_orig,7,complexity,0.8558130674601859
107,mobilenet_orig,8,faithfulness,-0.051247090101242065
107,mobilenet_orig,8,robustness,1.9382344484329224
107,mobilenet_orig,8,complexity,0.6269824754835303
107,mobilenet_orig,9,faithfulness,-0.1435490846633911
107,mobilenet_orig,9,robustness,1.0407830476760864
107,mobilenet_orig,9,complexity,0.6859313817955037
107,mobilenet_orig,10,faithfulness,-0.17177054286003113
107,mobilenet_orig,10,robustness,0.9319824576377869
107,mobilenet_orig,10,complexity,0.5990834704756686
107,mobilenet_orig,11,faithfulness,0.3263053297996521
107,mobilenet_orig,11,robustness,0.8179816603660583
107,mobilenet_orig,11,complexity,0.5820016273063534
107,mobilenet_orig,12,faithfulness,-0.052061792463064194
107,mobilenet_orig,12,robustness,0.8354907035827637
107,mobilenet_orig,12,complexity,0.6058120242490033
107,mobilenet_orig,13,faithfulness,0.0642145425081253
107,mobilenet_orig,13,robustness,0.9346709847450256
107,mobilenet_orig,13,complexity,0.6870300602259387
107,mobilenet_orig,14,faithfulness,0.010664507746696472
107,mobilenet_orig,14,robustness,0.8744999170303345
107,mobilenet_orig,14,complexity,0.4712127665017689
107,mobilenet_orig,15,faithfulness,-0.29885542392730713
107,mobilenet_orig,15,robustness,1.2551206350326538
107,mobilenet_orig,15,complexity,0.6624445306352371
107,mobilenet_orig,16,faithfulness,0.12763705849647522
107,mobilenet_orig,16,robustness,1.5199118852615356
107,mobilenet_orig,16,complexity,0.7180249069312367
107,mobilenet_orig,17,faithfulness,0.40504366159439087
107,mobilenet_orig,17,robustness,0.6910240650177002
107,mobilenet_orig,17,complexity,0.4590365720116198
107,mobilenet_orig,18,faithfulness,-0.06677137315273285
107,mobilenet_orig,18,robustness,0.5207087993621826
107,mobilenet_orig,18,complexity,0.5644627404840264
107,mobilenet_orig,19,faithfulness,0.41890421509742737
107,mobilenet_orig,19,robustness,0.40661415457725525
107,mobilenet_orig,19,complexity,0.5903009559018305
107,mobilenet_orig,20,faithfulness,-0.616719126701355
107,mobilenet_orig,20,robustness,1.9089046716690063
107,mobilenet_orig,20,complexity,0.3979713871067738
107,mobilenet_orig,21,faithfulness,0.12574495375156403
107,mobilenet_orig,21,robustness,0.33398401737213135
107,mobilenet_orig,21,complexity,0.6515087679069146
107,mobilenet_orig,22,faithfulness,0.20660527050495148
107,mobilenet_orig,22,robustness,0.9303967952728271
107,mobilenet_orig,22,complexity,0.4629187259484592
107,mobilenet_orig,23,faithfulness,-0.1510036587715149
107,mobilenet_orig,23,robustness,1.2561500072479248
107,mobilenet_orig,23,complexity,0.6030239121511175
107,mobilenet_orig,24,faithfulness,0.13157114386558533
107,mobilenet_orig,24,robustness,0.992117166519165
107,mobilenet_orig,24,complexity,0.6048676594609869
107,mobilenet_orig,25,faithfulness,-0.07328782230615616
107,mobilenet_orig,25,robustness,0.514019787311554
107,mobilenet_orig,25,complexity,0.5184563380262082
107,mobilenet_orig,26,faithfulness,-0.17035570740699768
107,mobilenet_orig,26,robustness,0.7494344711303711
107,mobilenet_orig,26,complexity,0.6557953323781125
107,mobilenet_orig,27,faithfulness,-0.19009797275066376
107,mobilenet_orig,27,robustness,0.5459089875221252
107,mobilenet_orig,27,complexity,0.5411792743983952
107,mobilenet_orig,28,faithfulness,-0.30000776052474976
107,mobilenet_orig,28,robustness,1.3487411737442017
107,mobilenet_orig,28,complexity,0.5347134166660255
107,mobilenet_orig,29,faithfulness,0.1377328336238861
107,mobilenet_orig,29,robustness,1.028627872467041
107,mobilenet_orig,29,complexity,0.49302308664928146
107,mobilenet_orig,30,faithfulness,-0.03154052793979645
107,mobilenet_orig,30,robustness,0.8228060603141785
107,mobilenet_orig,30,complexity,0.5388653618773648
107,mobilenet_orig,31,faithfulness,-0.17156445980072021
107,mobilenet_orig,31,robustness,0.773898184299469
107,mobilenet_orig,31,complexity,0.5218821133834114
107,mobilenet_orig,32,faithfulness,0.29656434059143066
107,mobilenet_orig,32,robustness,0.452479749917984
107,mobilenet_orig,32,complexity,0.5578238680093534
107,mobilenet_orig,33,faithfulness,0.21683622896671295
107,mobilenet_orig,33,robustness,0.48340412974357605
107,mobilenet_orig,33,complexity,0.5957485264926474
107,mobilenet_orig,34,faithfulness,0.13178382813930511
107,mobilenet_orig,34,robustness,0.7143059968948364
107,mobilenet_orig,34,complexity,0.6606518761420458
107,mobilenet_orig,35,faithfulness,0.12030727416276932
107,mobilenet_orig,35,robustness,0.7781851887702942
107,mobilenet_orig,35,complexity,0.5659642007701982
107,mobilenet_orig,36,faithfulness,0.03342251479625702
107,mobilenet_orig,36,robustness,0.33709537982940674
107,mobilenet_orig,36,complexity,0.6008811641194118
107,mobilenet_orig,37,faithfulness,0.20485278964042664
107,mobilenet_orig,37,robustness,0.6663676500320435
107,mobilenet_orig,37,complexity,0.48573530492682887
107,mobilenet_orig,38,faithfulness,-0.34753692150115967
107,mobilenet_orig,38,robustness,0.6466072201728821
107,mobilenet_orig,38,complexity,0.6306154555194068
107,mobilenet_orig,39,faithfulness,0.15935847163200378
107,mobilenet_orig,39,robustness,0.8338204026222229
107,mobilenet_orig,39,complexity,0.6081942349073148
107,mobilenet_orig,40,faithfulness,0.14982524514198303
107,mobilenet_orig,40,robustness,0.8849635720252991
107,mobilenet_orig,40,complexity,0.508540557494907
107,mobilenet_orig,41,faithfulness,-0.2860112190246582
107,mobilenet_orig,41,robustness,0.7174342274665833
107,mobilenet_orig,41,complexity,0.5777771531164198
107,mobilenet_orig,42,faithfulness,0.32870161533355713
107,mobilenet_orig,42,robustness,0.703612208366394
107,mobilenet_orig,42,complexity,0.5589040719518121
107,mobilenet_orig,43,faithfulness,0.12847033143043518
107,mobilenet_orig,43,robustness,1.4178985357284546
107,mobilenet_orig,43,complexity,0.6383715422352692
107,mobilenet_orig,44,faithfulness,-0.06080450117588043
107,mobilenet_orig,44,robustness,1.6784193515777588
107,mobilenet_orig,44,complexity,0.4393592651343617
107,mobilenet_orig,45,faithfulness,-0.17352452874183655
107,mobilenet_orig,45,robustness,0.6330069899559021
107,mobilenet_orig,45,complexity,0.5650759075115728
107,mobilenet_orig,46,faithfulness,0.25844085216522217
107,mobilenet_orig,46,robustness,0.6103310585021973
107,mobilenet_orig,46,complexity,0.6550575186047891
107,mobilenet_orig,47,faithfulness,-0.14523100852966309
107,mobilenet_orig,47,robustness,1.5702725648880005
107,mobilenet_orig,47,complexity,0.5613960620779171
107,mobilenet_orig,48,faithfulness,0.20335546135902405
107,mobilenet_orig,48,robustness,0.7554003596305847
107,mobilenet_orig,48,complexity,0.568860403892273
107,mobilenet_orig,49,faithfulness,-0.14348897337913513
107,mobilenet_orig,49,robustness,0.8977748155593872
107,mobilenet_orig,49,complexity,0.5632022650594614
107,mobilenet_orig,50,faithfulness,-0.14681899547576904
107,mobilenet_orig,50,robustness,0.7549698948860168
107,mobilenet_orig,50,complexity,0.3822477471622911
107,mobilenet_orig,51,faithfulness,0.2503216862678528
107,mobilenet_orig,51,robustness,1.5428482294082642
107,mobilenet_orig,51,complexity,0.4834225013446761
107,mobilenet_orig,52,faithfulness,-0.06283226609230042
107,mobilenet_orig,52,robustness,0.6400845646858215
107,mobilenet_orig,52,complexity,0.6999988568045451
107,mobilenet_orig,53,faithfulness,-0.1181352436542511
107,mobilenet_orig,53,robustness,0.9379792809486389
107,mobilenet_orig,53,complexity,0.5764975741551619
107,mobilenet_orig,54,faithfulness,0.4441967010498047
107,mobilenet_orig,54,robustness,0.7050623893737793
107,mobilenet_orig,54,complexity,0.46443682919853535
107,mobilenet_orig,55,faithfulness,0.06653539091348648
107,mobilenet_orig,55,robustness,1.190625786781311
107,mobilenet_orig,55,complexity,0.5772795355874666
107,mobilenet_orig,56,faithfulness,-0.06967059522867203
107,mobilenet_orig,56,robustness,0.7025966644287109
107,mobilenet_orig,56,complexity,0.5880182115043469
107,mobilenet_orig,57,faithfulness,-0.12363581359386444
107,mobilenet_orig,57,robustness,0.9826571345329285
107,mobilenet_orig,57,complexity,0.610701064891521
107,mobilenet_orig,58,faithfulness,0.13756898045539856
107,mobilenet_orig,58,robustness,0.5494124293327332
107,mobilenet_orig,58,complexity,0.4378165750230399
107,mobilenet_recplot,0,faithfulness,-0.43842560052871704
107,mobilenet_recplot,0,robustness,7.915889263153076
107,mobilenet_recplot,0,complexity,0.7888339740012785
107,mobilenet_recplot,1,faithfulness,-0.10514518618583679
107,mobilenet_recplot,1,robustness,1.9833917617797852
107,mobilenet_recplot,1,complexity,0.7439891288687709
107,mobilenet_recplot,2,faithfulness,-0.031439073383808136
107,mobilenet_recplot,2,robustness,1.1470568180084229
107,mobilenet_recplot,2,complexity,0.7839843428920622
107,mobilenet_recplot,3,faithfulness,0.07467226684093475
107,mobilenet_recplot,3,robustness,1.1716769933700562
107,mobilenet_recplot,3,complexity,0.6937099158123187
107,mobilenet_recplot,4,faithfulness,0.47036251425743103
107,mobilenet_recplot,4,robustness,0.9860614538192749
107,mobilenet_recplot,4,complexity,0.645224218628516
107,mobilenet_recplot,5,faithfulness,0.058800384402275085
107,mobilenet_recplot,5,robustness,0.9954531192779541
107,mobilenet_recplot,5,complexity,0.7013902250447681
107,mobilenet_recplot,6,faithfulness,0.14470399916172028
107,mobilenet_recplot,6,robustness,0.9961093068122864
107,mobilenet_recplot,6,complexity,0.6638710117046155
107,mobilenet_recplot,7,faithfulness,0.0675884485244751
107,mobilenet_recplot,7,robustness,12.188023567199707
107,mobilenet_recplot,7,complexity,0.905232733841105
107,mobilenet_recplot,8,faithfulness,-0.3279774785041809
107,mobilenet_recplot,8,robustness,1.2294034957885742
107,mobilenet_recplot,8,complexity,0.6293054734264302
107,mobilenet_recplot,9,faithfulness,0.30518072843551636
107,mobilenet_recplot,9,robustness,1.0035516023635864
107,mobilenet_recplot,9,complexity,0.5425090821434908
107,mobilenet_recplot,10,faithfulness,0.3127683997154236
107,mobilenet_recplot,10,robustness,0.9971230626106262
107,mobilenet_recplot,10,complexity,0.6220973484741376
107,mobilenet_recplot,11,faithfulness,0.18296493589878082
107,mobilenet_recplot,11,robustness,1.553665280342102
107,mobilenet_recplot,11,complexity,0.7793460700529867
107,mobilenet_recplot,12,faithfulness,0.17316018044948578
107,mobilenet_recplot,12,robustness,1.0002009868621826
107,mobilenet_recplot,12,complexity,0.7090125846054913
107,mobilenet_recplot,13,faithfulness,0.3015728294849396
107,mobilenet_recplot,13,robustness,1.0145806074142456
107,mobilenet_recplot,13,complexity,0.7250557681776038
107,mobilenet_recplot,14,faithfulness,0.1831447184085846
107,mobilenet_recplot,14,robustness,0.9990574717521667
107,mobilenet_recplot,14,complexity,0.7326330767641317
107,mobilenet_recplot,15,faithfulness,0.09703550487756729
107,mobilenet_recplot,15,robustness,5.128412246704102
107,mobilenet_recplot,15,complexity,0.8072080781942957
107,mobilenet_recplot,16,faithfulness,0.16553112864494324
107,mobilenet_recplot,16,robustness,0.9878317713737488
107,mobilenet_recplot,16,complexity,0.5664023123694085
107,mobilenet_recplot,17,faithfulness,0.2837572991847992
107,mobilenet_recplot,17,robustness,0.9964184761047363
107,mobilenet_recplot,17,complexity,0.720481974408192
107,mobilenet_recplot,18,faithfulness,0.21392758190631866
107,mobilenet_recplot,18,robustness,0.9953091740608215
107,mobilenet_recplot,18,complexity,0.6499725717343418
107,mobilenet_recplot,19,faithfulness,0.037789106369018555
107,mobilenet_recplot,19,robustness,0.9933454394340515
107,mobilenet_recplot,19,complexity,0.5433243121622647
107,mobilenet_recplot,20,faithfulness,0.13619643449783325
107,mobilenet_recplot,20,robustness,0.9915025234222412
107,mobilenet_recplot,20,complexity,0.4634739086778913
107,mobilenet_recplot,21,faithfulness,-0.16566823422908783
107,mobilenet_recplot,21,robustness,0.9974027872085571
107,mobilenet_recplot,21,complexity,0.5025209240509164
107,mobilenet_recplot,22,faithfulness,0.17634190618991852
107,mobilenet_recplot,22,robustness,0.9843951463699341
107,mobilenet_recplot,22,complexity,0.5146321869591333
107,mobilenet_recplot,23,faithfulness,-0.27677690982818604
107,mobilenet_recplot,23,robustness,1.9113353490829468
107,mobilenet_recplot,23,complexity,0.8131468137187283
107,mobilenet_recplot,24,faithfulness,0.09971664100885391
107,mobilenet_recplot,24,robustness,1.0263450145721436
107,mobilenet_recplot,24,complexity,0.6074125580208946
107,mobilenet_recplot,25,faithfulness,0.19587677717208862
107,mobilenet_recplot,25,robustness,1.2508326768875122
107,mobilenet_recplot,25,complexity,0.5508388324022424
107,mobilenet_recplot,26,faithfulness,-0.16277161240577698
107,mobilenet_recplot,26,robustness,1.0049327611923218
107,mobilenet_recplot,26,complexity,0.5650253731871866
107,mobilenet_recplot,27,faithfulness,-0.14697758853435516
107,mobilenet_recplot,27,robustness,1.253345251083374
107,mobilenet_recplot,27,complexity,0.8109075763833986
107,mobilenet_recplot,28,faithfulness,-0.011178761720657349
107,mobilenet_recplot,28,robustness,0.9381595253944397
107,mobilenet_recplot,28,complexity,0.5486201667911851
107,mobilenet_recplot,29,faithfulness,0.16234582662582397
107,mobilenet_recplot,29,robustness,0.9946742057800293
107,mobilenet_recplot,29,complexity,0.47963688425303475
107,mobilenet_recplot,30,faithfulness,0.14859701693058014
107,mobilenet_recplot,30,robustness,1.2793132066726685
107,mobilenet_recplot,30,complexity,0.5828803473072557
107,mobilenet_recplot,31,faithfulness,0.19108714163303375
107,mobilenet_recplot,31,robustness,1.131480097770691
107,mobilenet_recplot,31,complexity,0.5191002775586299
107,mobilenet_recplot,32,faithfulness,-0.011334337294101715
107,mobilenet_recplot,32,robustness,2.0042519569396973
107,mobilenet_recplot,32,complexity,0.6828038385461802
107,mobilenet_recplot,33,faithfulness,0.18040506541728973
107,mobilenet_recplot,33,robustness,0.929108738899231
107,mobilenet_recplot,33,complexity,0.6483375345051874
107,mobilenet_recplot,34,faithfulness,0.39884454011917114
107,mobilenet_recplot,34,robustness,1.3336488008499146
107,mobilenet_recplot,34,complexity,0.532621008647101
107,mobilenet_recplot,35,faithfulness,0.05075245350599289
107,mobilenet_recplot,35,robustness,1.1741094589233398
107,mobilenet_recplot,35,complexity,0.5302001896848979
107,mobilenet_recplot,36,faithfulness,0.15790784358978271
107,mobilenet_recplot,36,robustness,5.473216533660889
107,mobilenet_recplot,36,complexity,0.8384348700843619
107,mobilenet_recplot,37,faithfulness,0.37260106205940247
107,mobilenet_recplot,37,robustness,0.9972923398017883
107,mobilenet_recplot,37,complexity,0.39217672155926603
107,mobilenet_recplot,38,faithfulness,0.27353474497795105
107,mobilenet_recplot,38,robustness,1.0081826448440552
107,mobilenet_recplot,38,complexity,0.6832577295468606
107,mobilenet_recplot,39,faithfulness,0.26857730746269226
107,mobilenet_recplot,39,robustness,1.0958127975463867
107,mobilenet_recplot,39,complexity,0.7506081979459903
107,mobilenet_recplot,40,faithfulness,-0.32614773511886597
107,mobilenet_recplot,40,robustness,0.9967414140701294
107,mobilenet_recplot,40,complexity,0.5201030543086256
107,mobilenet_recplot,41,faithfulness,-0.2927941679954529
107,mobilenet_recplot,41,robustness,125.22463989257812
107,mobilenet_recplot,41,complexity,0.9628778562129181
107,mobilenet_recplot,42,faithfulness,0.4113307595252991
107,mobilenet_recplot,42,robustness,0.9900236129760742
107,mobilenet_recplot,42,complexity,0.5218429546141227
107,mobilenet_recplot,43,faithfulness,0.25601768493652344
107,mobilenet_recplot,43,robustness,1.000063419342041
107,mobilenet_recplot,43,complexity,0.7049609856027858
107,mobilenet_recplot,44,faithfulness,-0.029447272419929504
107,mobilenet_recplot,44,robustness,0.9661539793014526
107,mobilenet_recplot,44,complexity,0.3709466490773571
107,mobilenet_recplot,45,faithfulness,0.09702455997467041
107,mobilenet_recplot,45,robustness,0.9988096356391907
107,mobilenet_recplot,45,complexity,0.5711554909029352
107,mobilenet_recplot,46,faithfulness,0.15121307969093323
107,mobilenet_recplot,46,robustness,0.9948028326034546
107,mobilenet_recplot,46,complexity,0.5950426632657208
107,mobilenet_recplot,47,faithfulness,0.35020536184310913
107,mobilenet_recplot,47,robustness,0.9127394556999207
107,mobilenet_recplot,47,complexity,0.5622898266281087
107,mobilenet_recplot,48,faithfulness,0.42626550793647766
107,mobilenet_recplot,48,robustness,1.3598703145980835
107,mobilenet_recplot,48,complexity,0.5674851131085495
107,mobilenet_recplot,49,faithfulness,0.12162652611732483
107,mobilenet_recplot,49,robustness,157.97747802734375
107,mobilenet_recplot,49,complexity,0.8699977236564915
107,mobilenet_recplot,50,faithfulness,0.21696758270263672
107,mobilenet_recplot,50,robustness,0.8133341073989868
107,mobilenet_recplot,50,complexity,0.5499934455160885
107,mobilenet_recplot,51,faithfulness,0.11859564483165741
107,mobilenet_recplot,51,robustness,1.092342495918274
107,mobilenet_recplot,51,complexity,0.49422206467181595
107,mobilenet_recplot,52,faithfulness,0.26392388343811035
107,mobilenet_recplot,52,robustness,1.4802567958831787
107,mobilenet_recplot,52,complexity,0.6454151602187576
107,mobilenet_recplot,53,faithfulness,0.10856937617063522
107,mobilenet_recplot,53,robustness,0.80985027551651
107,mobilenet_recplot,53,complexity,0.4043674395772634
107,mobilenet_recplot,54,faithfulness,0.10477116703987122
107,mobilenet_recplot,54,robustness,0.8592774868011475
107,mobilenet_recplot,54,complexity,0.4180567234691602
107,mobilenet_recplot,55,faithfulness,-0.01778363063931465
107,mobilenet_recplot,55,robustness,3.634326696395874
107,mobilenet_recplot,55,complexity,0.6630589246405744
107,mobilenet_recplot,56,faithfulness,0.2850325405597687
107,mobilenet_recplot,56,robustness,0.9010197520256042
107,mobilenet_recplot,56,complexity,0.5248532795382609
107,mobilenet_recplot,57,faithfulness,0.23005959391593933
107,mobilenet_recplot,57,robustness,1.976753830909729
107,mobilenet_recplot,57,complexity,0.6890397911583407
107,mobilenet_recplot,58,faithfulness,0.18578782677650452
107,mobilenet_recplot,58,robustness,3.7432048320770264
107,mobilenet_recplot,58,complexity,0.696097258514425
107,effnet_orig,0,faithfulness,-0.16813550889492035
107,effnet_orig,0,robustness,0.7871478199958801
107,effnet_orig,0,complexity,0.43198158512251467
107,effnet_orig,1,faithfulness,0.20931297540664673
107,effnet_orig,1,robustness,0.6903720498085022
107,effnet_orig,1,complexity,0.5785362560673882
107,effnet_orig,2,faithfulness,0.12742206454277039
107,effnet_orig,2,robustness,0.7073830366134644
107,effnet_orig,2,complexity,0.5104856140625763
107,effnet_orig,3,faithfulness,0.4345300793647766
107,effnet_orig,3,robustness,0.9342249631881714
107,effnet_orig,3,complexity,0.3950560562076003
107,effnet_orig,4,faithfulness,0.17533978819847107
107,effnet_orig,4,robustness,0.48088183999061584
107,effnet_orig,4,complexity,0.31211109477659854
107,effnet_orig,5,faithfulness,0.052339643239974976
107,effnet_orig,5,robustness,0.5371798872947693
107,effnet_orig,5,complexity,0.3728402157755842
107,effnet_orig,6,faithfulness,0.01722738891839981
107,effnet_orig,6,robustness,0.602310061454773
107,effnet_orig,6,complexity,0.3691174718748522
107,effnet_orig,7,faithfulness,-0.05188716948032379
107,effnet_orig,7,robustness,0.5989304184913635
107,effnet_orig,7,complexity,0.4848212687036996
107,effnet_orig,8,faithfulness,-0.1528950035572052
107,effnet_orig,8,robustness,0.6947429776191711
107,effnet_orig,8,complexity,0.6487688358512163
107,effnet_orig,9,faithfulness,0.03471554443240166
107,effnet_orig,9,robustness,0.5388281345367432
107,effnet_orig,9,complexity,0.4054398857951577
107,effnet_orig,10,faithfulness,-0.004980817437171936
107,effnet_orig,10,robustness,0.5531685948371887
107,effnet_orig,10,complexity,0.5619135895460383
107,effnet_orig,11,faithfulness,-0.062450192868709564
107,effnet_orig,11,robustness,0.5201931595802307
107,effnet_orig,11,complexity,0.44786551504837313
107,effnet_orig,12,faithfulness,0.26788511872291565
107,effnet_orig,12,robustness,0.7564682960510254
107,effnet_orig,12,complexity,0.4795371585986453
107,effnet_orig,13,faithfulness,-0.20585085451602936
107,effnet_orig,13,robustness,0.6605751514434814
107,effnet_orig,13,complexity,0.5320638460209646
107,effnet_orig,14,faithfulness,0.30541399121284485
107,effnet_orig,14,robustness,0.46911612153053284
107,effnet_orig,14,complexity,0.2738996958510292
107,effnet_orig,15,faithfulness,-0.3121218979358673
107,effnet_orig,15,robustness,0.8505086898803711
107,effnet_orig,15,complexity,0.45098105413617534
107,effnet_orig,16,faithfulness,-0.01001366414129734
107,effnet_orig,16,robustness,0.5695304870605469
107,effnet_orig,16,complexity,0.5870112363321321
107,effnet_orig,17,faithfulness,-0.0001436229795217514
107,effnet_orig,17,robustness,0.4930567443370819
107,effnet_orig,17,complexity,0.33978530340322205
107,effnet_orig,18,faithfulness,0.10580641776323318
107,effnet_orig,18,robustness,0.7128730416297913
107,effnet_orig,18,complexity,0.5400550534984717
107,effnet_orig,19,faithfulness,-0.0023215115070343018
107,effnet_orig,19,robustness,0.4404934346675873
107,effnet_orig,19,complexity,0.6758745113427663
107,effnet_orig,20,faithfulness,0.14625442028045654
107,effnet_orig,20,robustness,0.621223509311676
107,effnet_orig,20,complexity,0.4700642751230515
107,effnet_orig,21,faithfulness,0.146670863032341
107,effnet_orig,21,robustness,0.8693948984146118
107,effnet_orig,21,complexity,0.8369872274586032
107,effnet_orig,22,faithfulness,0.010063601657748222
107,effnet_orig,22,robustness,0.673774242401123
107,effnet_orig,22,complexity,0.5299206330749584
107,effnet_orig,23,faithfulness,-0.04286274313926697
107,effnet_orig,23,robustness,0.6601811647415161
107,effnet_orig,23,complexity,0.5875740286021663
107,effnet_orig,24,faithfulness,0.026180744171142578
107,effnet_orig,24,robustness,0.42670705914497375
107,effnet_orig,24,complexity,0.6575876915351573
107,effnet_orig,25,faithfulness,-0.0608699768781662
107,effnet_orig,25,robustness,0.3130127787590027
107,effnet_orig,25,complexity,0.7088919874505676
107,effnet_orig,26,faithfulness,-0.11915154755115509
107,effnet_orig,26,robustness,0.4123018682003021
107,effnet_orig,26,complexity,0.6669740773185576
107,effnet_orig,27,faithfulness,0.2811177670955658
107,effnet_orig,27,robustness,0.5854377150535583
107,effnet_orig,27,complexity,0.6848461096168484
107,effnet_orig,28,faithfulness,-0.09340903162956238
107,effnet_orig,28,robustness,0.8248137831687927
107,effnet_orig,28,complexity,0.48691023296825714
107,effnet_orig,29,faithfulness,0.4940773844718933
107,effnet_orig,29,robustness,0.5350489020347595
107,effnet_orig,29,complexity,0.6459091431778526
107,effnet_orig,30,faithfulness,-0.08286525309085846
107,effnet_orig,30,robustness,0.4680711627006531
107,effnet_orig,30,complexity,0.7089488239963282
107,effnet_orig,31,faithfulness,-0.005407959222793579
107,effnet_orig,31,robustness,1.2418718338012695
107,effnet_orig,31,complexity,0.6329584027719508
107,effnet_orig,32,faithfulness,0.18900452554225922
107,effnet_orig,32,robustness,0.7532208561897278
107,effnet_orig,32,complexity,0.5027302166812389
107,effnet_orig,33,faithfulness,0.14076396822929382
107,effnet_orig,33,robustness,0.3080526292324066
107,effnet_orig,33,complexity,0.821546205480118
107,effnet_orig,34,faithfulness,-0.14506906270980835
107,effnet_orig,34,robustness,0.650905430316925
107,effnet_orig,34,complexity,0.5178989839574412
107,effnet_orig,35,faithfulness,0.25248056650161743
107,effnet_orig,35,robustness,1.0540180206298828
107,effnet_orig,35,complexity,0.667164780764798
107,effnet_orig,36,faithfulness,-0.09485872089862823
107,effnet_orig,36,robustness,0.5492343306541443
107,effnet_orig,36,complexity,0.5491996950938135
107,effnet_orig,37,faithfulness,0.10141333937644958
107,effnet_orig,37,robustness,0.8485147953033447
107,effnet_orig,37,complexity,0.5816580307722731
107,effnet_orig,38,faithfulness,-0.03826747462153435
107,effnet_orig,38,robustness,0.7536148428916931
107,effnet_orig,38,complexity,0.717613039589334
107,effnet_orig,39,faithfulness,-0.11716553568840027
107,effnet_orig,39,robustness,0.5201150178909302
107,effnet_orig,39,complexity,0.6435458599146608
107,effnet_orig,40,faithfulness,-0.002378106117248535
107,effnet_orig,40,robustness,0.4021679162979126
107,effnet_orig,40,complexity,0.5597487855850926
107,effnet_orig,41,faithfulness,-0.3202534317970276
107,effnet_orig,41,robustness,0.5890986323356628
107,effnet_orig,41,complexity,0.5251656302869153
107,effnet_orig,42,faithfulness,0.26134610176086426
107,effnet_orig,42,robustness,0.7240037322044373
107,effnet_orig,42,complexity,0.5188943093104883
107,effnet_orig,43,faithfulness,-0.2020004540681839
107,effnet_orig,43,robustness,0.888770341873169
107,effnet_orig,43,complexity,0.5123871628500931
107,effnet_orig,44,faithfulness,-0.10399699956178665
107,effnet_orig,44,robustness,0.3983704745769501
107,effnet_orig,44,complexity,0.6375333232357638
107,effnet_orig,45,faithfulness,-0.11319354176521301
107,effnet_orig,45,robustness,0.7353179454803467
107,effnet_orig,45,complexity,0.46239454972007193
107,effnet_orig,46,faithfulness,-0.2294750213623047
107,effnet_orig,46,robustness,0.6665745377540588
107,effnet_orig,46,complexity,0.44535104646388796
107,effnet_orig,47,faithfulness,0.09344033896923065
107,effnet_orig,47,robustness,0.5746031403541565
107,effnet_orig,47,complexity,0.4873161549912623
107,effnet_orig,48,faithfulness,0.03550662100315094
107,effnet_orig,48,robustness,0.44255632162094116
107,effnet_orig,48,complexity,0.3929499601823787
107,effnet_orig,49,faithfulness,0.14754469692707062
107,effnet_orig,49,robustness,0.5882087349891663
107,effnet_orig,49,complexity,0.37454275482128185
107,effnet_orig,50,faithfulness,-0.2000066637992859
107,effnet_orig,50,robustness,0.5105841159820557
107,effnet_orig,50,complexity,0.4403371747583259
107,effnet_orig,51,faithfulness,0.16422295570373535
107,effnet_orig,51,robustness,0.6863656044006348
107,effnet_orig,51,complexity,0.35756143928840195
107,effnet_orig,52,faithfulness,0.10391905903816223
107,effnet_orig,52,robustness,0.4880516529083252
107,effnet_orig,52,complexity,0.4694225554073832
107,effnet_orig,53,faithfulness,0.14416083693504333
107,effnet_orig,53,robustness,0.7313318848609924
107,effnet_orig,53,complexity,0.3465536022903601
107,effnet_orig,54,faithfulness,0.25962531566619873
107,effnet_orig,54,robustness,0.7534555792808533
107,effnet_orig,54,complexity,0.28137290511516333
107,effnet_orig,55,faithfulness,0.10059509426355362
107,effnet_orig,55,robustness,0.7102963924407959
107,effnet_orig,55,complexity,0.30487503611086736
107,effnet_orig,56,faithfulness,0.08369649946689606
107,effnet_orig,56,robustness,0.4087633490562439
107,effnet_orig,56,complexity,0.4302360290519338
107,effnet_orig,57,faithfulness,0.05082417279481888
107,effnet_orig,57,robustness,0.4284215271472931
107,effnet_orig,57,complexity,0.5579066811497951
107,effnet_orig,58,faithfulness,-0.4718274474143982
107,effnet_orig,58,robustness,0.6107288599014282
107,effnet_orig,58,complexity,0.45471622780095333
107,effnet_recplot,0,faithfulness,-0.17133036255836487
107,effnet_recplot,0,robustness,1.0
107,effnet_recplot,0,complexity,0.5614538321272143
107,effnet_recplot,1,faithfulness,-0.20291222631931305
107,effnet_recplot,1,robustness,1.0
107,effnet_recplot,1,complexity,0.4848636038425947
107,effnet_recplot,2,faithfulness,-0.01100289635360241
107,effnet_recplot,2,robustness,1.0
107,effnet_recplot,2,complexity,0.530719672068624
107,effnet_recplot,3,faithfulness,0.05123688280582428
107,effnet_recplot,3,robustness,1.0
107,effnet_recplot,3,complexity,0.5046318583831848
107,effnet_recplot,4,faithfulness,0.1369030475616455
107,effnet_recplot,4,robustness,1.0
107,effnet_recplot,4,complexity,0.3087183322015785
107,effnet_recplot,5,faithfulness,0.43831688165664673
107,effnet_recplot,5,robustness,1.0
107,effnet_recplot,5,complexity,0.2931374924730195
107,effnet_recplot,6,faithfulness,0.3035004138946533
107,effnet_recplot,6,robustness,1.0
107,effnet_recplot,6,complexity,0.2468835014742135
107,effnet_recplot,7,faithfulness,0.2778227925300598
107,effnet_recplot,7,robustness,1.0
107,effnet_recplot,7,complexity,0.6062897368100996
107,effnet_recplot,8,faithfulness,0.2041999250650406
107,effnet_recplot,8,robustness,1.0
107,effnet_recplot,8,complexity,0.5755878157050652
107,effnet_recplot,9,faithfulness,-0.0237613245844841
107,effnet_recplot,9,robustness,1.0
107,effnet_recplot,9,complexity,0.6356803964478355
107,effnet_recplot,10,faithfulness,-0.3781034052371979
107,effnet_recplot,10,robustness,1.0
107,effnet_recplot,10,complexity,0.24248147240809725
107,effnet_recplot,11,faithfulness,0.09185714274644852
107,effnet_recplot,11,robustness,1.713961124420166
107,effnet_recplot,11,complexity,0.580556453572545
107,effnet_recplot,12,faithfulness,0.24976658821105957
107,effnet_recplot,12,robustness,1.0
107,effnet_recplot,12,complexity,0.44079741008889195
107,effnet_recplot,13,faithfulness,-0.24183984100818634
107,effnet_recplot,13,robustness,1.7090933322906494
107,effnet_recplot,13,complexity,0.7235042399669573
107,effnet_recplot,14,faithfulness,0.20644024014472961
107,effnet_recplot,14,robustness,1.0
107,effnet_recplot,14,complexity,0.3260827796807841
107,effnet_recplot,15,faithfulness,0.3943328857421875
107,effnet_recplot,15,robustness,5.361043453216553
107,effnet_recplot,15,complexity,0.5685206749455792
107,effnet_recplot,16,faithfulness,0.08022674173116684
107,effnet_recplot,16,robustness,1.0
107,effnet_recplot,16,complexity,0.6690279548363405
107,effnet_recplot,17,faithfulness,-0.14456889033317566
107,effnet_recplot,17,robustness,1.0
107,effnet_recplot,17,complexity,0.2504426005654701
107,effnet_recplot,18,faithfulness,0.26424217224121094
107,effnet_recplot,18,robustness,0.9996943473815918
107,effnet_recplot,18,complexity,0.7508092802721006
107,effnet_recplot,19,faithfulness,0.47043970227241516
107,effnet_recplot,19,robustness,2.63045072555542
107,effnet_recplot,19,complexity,0.6729398702814744
107,effnet_recplot,20,faithfulness,-0.4060906767845154
107,effnet_recplot,20,robustness,0.9976027607917786
107,effnet_recplot,20,complexity,0.5579091032803789
107,effnet_recplot,21,faithfulness,-0.201754629611969
107,effnet_recplot,21,robustness,0.9825409054756165
107,effnet_recplot,21,complexity,0.5356273721270409
107,effnet_recplot,22,faithfulness,0.05519139766693115
107,effnet_recplot,22,robustness,3.6080775260925293
107,effnet_recplot,22,complexity,0.34750001283173904
107,effnet_recplot,23,faithfulness,-0.12265416234731674
107,effnet_recplot,23,robustness,7.835689544677734
107,effnet_recplot,23,complexity,0.8654367768922089
107,effnet_recplot,24,faithfulness,0.42239445447921753
107,effnet_recplot,24,robustness,2.101980686187744
107,effnet_recplot,24,complexity,0.7619636423505919
107,effnet_recplot,25,faithfulness,-0.43863433599472046
107,effnet_recplot,25,robustness,2.382702589035034
107,effnet_recplot,25,complexity,0.7683207066615009
107,effnet_recplot,26,faithfulness,0.10162635147571564
107,effnet_recplot,26,robustness,1.0145812034606934
107,effnet_recplot,26,complexity,0.6382514523361679
107,effnet_recplot,27,faithfulness,0.10798190534114838
107,effnet_recplot,27,robustness,1.7107268571853638
107,effnet_recplot,27,complexity,0.8330039899152262
107,effnet_recplot,28,faithfulness,0.2404302954673767
107,effnet_recplot,28,robustness,0.9933585524559021
107,effnet_recplot,28,complexity,0.3224917397347958
107,effnet_recplot,29,faithfulness,0.06687657535076141
107,effnet_recplot,29,robustness,1.0974448919296265
107,effnet_recplot,29,complexity,0.7954387811096717
107,effnet_recplot,30,faithfulness,0.0728587657213211
107,effnet_recplot,30,robustness,2.570995569229126
107,effnet_recplot,30,complexity,0.8041810341898192
107,effnet_recplot,31,faithfulness,0.05139952525496483
107,effnet_recplot,31,robustness,2.812185287475586
107,effnet_recplot,31,complexity,0.7709684904111245
107,effnet_recplot,32,faithfulness,0.033356815576553345
107,effnet_recplot,32,robustness,3.5850789546966553
107,effnet_recplot,32,complexity,0.7213770605654759
107,effnet_recplot,33,faithfulness,0.4186253547668457
107,effnet_recplot,33,robustness,2.999258041381836
107,effnet_recplot,33,complexity,0.7720325925575289
107,effnet_recplot,34,faithfulness,-0.13956791162490845
107,effnet_recplot,34,robustness,3.8116960525512695
107,effnet_recplot,34,complexity,0.8068834548224787
107,effnet_recplot,35,faithfulness,-0.1340208351612091
107,effnet_recplot,35,robustness,1.9538899660110474
107,effnet_recplot,35,complexity,0.7800028858871791
107,effnet_recplot,36,faithfulness,
107,effnet_recplot,36,robustness,inf
107,effnet_recplot,36,complexity,0.0
107,effnet_recplot,37,faithfulness,0.1793675720691681
107,effnet_recplot,37,robustness,1.0179111957550049
107,effnet_recplot,37,complexity,0.6756543358595165
107,effnet_recplot,38,faithfulness,-0.08925852179527283
107,effnet_recplot,38,robustness,0.9979950785636902
107,effnet_recplot,38,complexity,0.7791270219807537
107,effnet_recplot,39,faithfulness,0.38255399465560913
107,effnet_recplot,39,robustness,1.354809045791626
107,effnet_recplot,39,complexity,0.9179416841403955
107,effnet_recplot,40,faithfulness,0.24194961786270142
107,effnet_recplot,40,robustness,0.9999558925628662
107,effnet_recplot,40,complexity,0.7538146647934305
107,effnet_recplot,41,faithfulness,
107,effnet_recplot,41,robustness,inf
107,effnet_recplot,41,complexity,0.0
107,effnet_recplot,42,faithfulness,-0.022557858377695084
107,effnet_recplot,42,robustness,2.2251851558685303
107,effnet_recplot,42,complexity,0.40323149559726157
107,effnet_recplot,43,faithfulness,0.11030714213848114
107,effnet_recplot,43,robustness,13.374367713928223
107,effnet_recplot,43,complexity,0.6303308462999709
107,effnet_recplot,44,faithfulness,0.20796799659729004
107,effnet_recplot,44,robustness,0.9973031282424927
107,effnet_recplot,44,complexity,0.25392628395327244
107,effnet_recplot,45,faithfulness,0.14838500320911407
107,effnet_recplot,45,robustness,2.969196319580078
107,effnet_recplot,45,complexity,0.666316530571063
107,effnet_recplot,46,faithfulness,-0.14955595135688782
107,effnet_recplot,46,robustness,0.999779999256134
107,effnet_recplot,46,complexity,0.415347168447891
107,effnet_recplot,47,faithfulness,0.23522032797336578
107,effnet_recplot,47,robustness,1.0
107,effnet_recplot,47,complexity,0.2743190089107513
107,effnet_recplot,48,faithfulness,0.2174994945526123
107,effnet_recplot,48,robustness,1.0
107,effnet_recplot,48,complexity,0.21369606797013788
107,effnet_recplot,49,faithfulness,0.1425197720527649
107,effnet_recplot,49,robustness,1.4268795251846313
107,effnet_recplot,49,complexity,0.5236506859309625
107,effnet_recplot,50,faithfulness,-0.031730808317661285
107,effnet_recplot,50,robustness,1.0
107,effnet_recplot,50,complexity,0.4666559282033899
107,effnet_recplot,51,faithfulness,0.008656270802021027
107,effnet_recplot,51,robustness,1.0
107,effnet_recplot,51,complexity,0.42264323149097743
107,effnet_recplot,52,faithfulness,-0.26810547709465027
107,effnet_recplot,52,robustness,1.0
107,effnet_recplot,52,complexity,0.42647385089536144
107,effnet_recplot,53,faithfulness,0.02623799443244934
107,effnet_recplot,53,robustness,1.0
107,effnet_recplot,53,complexity,0.2966994000996556
107,effnet_recplot,54,faithfulness,0.08878618478775024
107,effnet_recplot,54,robustness,1.0
107,effnet_recplot,54,complexity,0.33689030631766836
107,effnet_recplot,55,faithfulness,0.15365442633628845
107,effnet_recplot,55,robustness,1.4754892587661743
107,effnet_recplot,55,complexity,0.5840399873772008
107,effnet_recplot,56,faithfulness,-0.0035532712936401367
107,effnet_recplot,56,robustness,1.0
107,effnet_recplot,56,complexity,0.31083279330270613
107,effnet_recplot,57,faithfulness,0.5344486236572266
107,effnet_recplot,57,robustness,1.0
107,effnet_recplot,57,complexity,0.5536597481705555
107,effnet_recplot,58,faithfulness,-0.30830878019332886
107,effnet_recplot,58,robustness,1.0
107,effnet_recplot,58,complexity,0.5006256525595153
121,mobilenet_orig,0,faithfulness,-0.002374321222305298
121,mobilenet_orig,0,robustness,1.165479302406311
121,mobilenet_orig,0,complexity,0.6442815033330436
121,mobilenet_orig,1,faithfulness,0.04686532914638519
121,mobilenet_orig,1,robustness,0.7628622055053711
121,mobilenet_orig,1,complexity,0.5985552868842976
121,mobilenet_orig,2,faithfulness,0.03573204204440117
121,mobilenet_orig,2,robustness,1.570115566253662
121,mobilenet_orig,2,complexity,0.8112917617636209
121,mobilenet_orig,3,faithfulness,0.17669075727462769
121,mobilenet_orig,3,robustness,0.9134469032287598
121,mobilenet_orig,3,complexity,0.6215426191016865
121,mobilenet_orig,4,faithfulness,0.21261990070343018
121,mobilenet_orig,4,robustness,0.9245110154151917
121,mobilenet_orig,4,complexity,0.4222037807040276
121,mobilenet_orig,5,faithfulness,0.25473448634147644
121,mobilenet_orig,5,robustness,0.8764318823814392
121,mobilenet_orig,5,complexity,0.5744509212561015
121,mobilenet_orig,6,faithfulness,0.25220251083374023
121,mobilenet_orig,6,robustness,0.866548478603363
121,mobilenet_orig,6,complexity,0.44349404104898066
121,mobilenet_orig,7,faithfulness,0.07306801527738571
121,mobilenet_orig,7,robustness,1.8260092735290527
121,mobilenet_orig,7,complexity,0.6604409061163355
121,mobilenet_orig,8,faithfulness,-0.023893386125564575
121,mobilenet_orig,8,robustness,0.7246464490890503
121,mobilenet_orig,8,complexity,0.6079301610449952
121,mobilenet_orig,9,faithfulness,0.258247435092926
121,mobilenet_orig,9,robustness,1.2724521160125732
121,mobilenet_orig,9,complexity,0.5467296397084616
121,mobilenet_orig,10,faithfulness,-0.09329386800527573
121,mobilenet_orig,10,robustness,0.8621878623962402
121,mobilenet_orig,10,complexity,0.5609907513677316
121,mobilenet_orig,11,faithfulness,-0.14732176065444946
121,mobilenet_orig,11,robustness,0.9015148878097534
121,mobilenet_orig,11,complexity,0.5169052155028111
121,mobilenet_orig,12,faithfulness,0.3389624357223511
121,mobilenet_orig,12,robustness,0.9632075428962708
121,mobilenet_orig,12,complexity,0.6457055420397341
121,mobilenet_orig,13,faithfulness,0.16193658113479614
121,mobilenet_orig,13,robustness,1.0965428352355957
121,mobilenet_orig,13,complexity,0.6985635264053731
121,mobilenet_orig,14,faithfulness,-0.005443044006824493
121,mobilenet_orig,14,robustness,0.6621953845024109
121,mobilenet_orig,14,complexity,0.34761980486907795
121,mobilenet_orig,15,faithfulness,-0.25282543897628784
121,mobilenet_orig,15,robustness,2.294856309890747
121,mobilenet_orig,15,complexity,0.7777188791408949
121,mobilenet_orig,16,faithfulness,-0.01280522346496582
121,mobilenet_orig,16,robustness,1.1561259031295776
121,mobilenet_orig,16,complexity,0.7645171691464834
121,mobilenet_orig,17,faithfulness,0.008690550923347473
121,mobilenet_orig,17,robustness,1.5947625637054443
121,mobilenet_orig,17,complexity,0.4350368197603411
121,mobilenet_orig,18,faithfulness,-0.12224721163511276
121,mobilenet_orig,18,robustness,0.4263645112514496
121,mobilenet_orig,18,complexity,0.5714739475565584
121,mobilenet_orig,19,faithfulness,0.20979031920433044
121,mobilenet_orig,19,robustness,0.30922600626945496
121,mobilenet_orig,19,complexity,0.5281252678119903
121,mobilenet_orig,20,faithfulness,-0.18773289024829865
121,mobilenet_orig,20,robustness,0.612988293170929
121,mobilenet_orig,20,complexity,0.4870946921732367
121,mobilenet_orig,21,faithfulness,-0.32048138976097107
121,mobilenet_orig,21,robustness,0.853560209274292
121,mobilenet_orig,21,complexity,0.6369268197424072
121,mobilenet_orig,22,faithfulness,-0.1948893666267395
121,mobilenet_orig,22,robustness,0.7753474116325378
121,mobilenet_orig,22,complexity,0.44244659516398466
121,mobilenet_orig,23,faithfulness,0.28367823362350464
121,mobilenet_orig,23,robustness,2.4274425506591797
121,mobilenet_orig,23,complexity,0.5365903102947026
121,mobilenet_orig,24,faithfulness,0.34241193532943726
121,mobilenet_orig,24,robustness,0.9179663062095642
121,mobilenet_orig,24,complexity,0.6624009200845127
121,mobilenet_orig,25,faithfulness,0.33636972308158875
121,mobilenet_orig,25,robustness,0.7530239224433899
121,mobilenet_orig,25,complexity,0.5343811953352953
121,mobilenet_orig,26,faithfulness,0.14144420623779297
121,mobilenet_orig,26,robustness,1.3572648763656616
121,mobilenet_orig,26,complexity,0.5544284602017657
121,mobilenet_orig,27,faithfulness,0.08356361091136932
121,mobilenet_orig,27,robustness,0.9221802949905396
121,mobilenet_orig,27,complexity,0.5498695688548766
121,mobilenet_orig,28,faithfulness,0.2618618607521057
121,mobilenet_orig,28,robustness,0.9343422055244446
121,mobilenet_orig,28,complexity,0.5216513374709363
121,mobilenet_orig,29,faithfulness,0.22278106212615967
121,mobilenet_orig,29,robustness,0.8623937964439392
121,mobilenet_orig,29,complexity,0.4543318586057813
121,mobilenet_orig,30,faithfulness,0.3970351219177246
121,mobilenet_orig,30,robustness,1.3129416704177856
121,mobilenet_orig,30,complexity,0.5185353901979957
121,mobilenet_orig,31,faithfulness,-0.2891942858695984
121,mobilenet_orig,31,robustness,1.1783546209335327
121,mobilenet_orig,31,complexity,0.5709110884568533
121,mobilenet_orig,32,faithfulness,0.20500430464744568
121,mobilenet_orig,32,robustness,0.36558979749679565
121,mobilenet_orig,32,complexity,0.5644085714669786
121,mobilenet_orig,33,faithfulness,0.3723480999469757
121,mobilenet_orig,33,robustness,0.5216808319091797
121,mobilenet_orig,33,complexity,0.6024402460453919
121,mobilenet_orig,34,faithfulness,-0.07178681343793869
121,mobilenet_orig,34,robustness,0.6898988485336304
121,mobilenet_orig,34,complexity,0.5888621917727809
121,mobilenet_orig,35,faithfulness,-0.22313430905342102
121,mobilenet_orig,35,robustness,0.6731840968132019
121,mobilenet_orig,35,complexity,0.6014277383634518
121,mobilenet_orig,36,faithfulness,-0.15258897840976715
121,mobilenet_orig,36,robustness,0.5152952671051025
121,mobilenet_orig,36,complexity,0.5665750542140914
121,mobilenet_orig,37,faithfulness,-0.31887301802635193
121,mobilenet_orig,37,robustness,0.6132670640945435
121,mobilenet_orig,37,complexity,0.36586899842339793
121,mobilenet_orig,38,faithfulness,0.09585264325141907
121,mobilenet_orig,38,robustness,0.5921311378479004
121,mobilenet_orig,38,complexity,0.6155021546182897
121,mobilenet_orig,39,faithfulness,0.06982255727052689
121,mobilenet_orig,39,robustness,1.1242111921310425
121,mobilenet_orig,39,complexity,0.5716613710686279
121,mobilenet_orig,40,faithfulness,0.20698046684265137
121,mobilenet_orig,40,robustness,0.6460155248641968
121,mobilenet_orig,40,complexity,0.5642688088434678
121,mobilenet_orig,41,faithfulness,0.14764390885829926
121,mobilenet_orig,41,robustness,0.9003705978393555
121,mobilenet_orig,41,complexity,0.587494244721356
121,mobilenet_orig,42,faithfulness,0.03947734832763672
121,mobilenet_orig,42,robustness,0.7910160422325134
121,mobilenet_orig,42,complexity,0.49504446102233984
121,mobilenet_orig,43,faithfulness,-0.2346848100423813
121,mobilenet_orig,43,robustness,2.370396614074707
121,mobilenet_orig,43,complexity,0.6345426729372773
121,mobilenet_orig,44,faithfulness,0.19328702986240387
121,mobilenet_orig,44,robustness,0.5975793600082397
121,mobilenet_orig,44,complexity,0.414724821308457
121,mobilenet_orig,45,faithfulness,-0.2601396441459656
121,mobilenet_orig,45,robustness,0.8804985880851746
121,mobilenet_orig,45,complexity,0.4837776940452989
121,mobilenet_orig,46,faithfulness,0.12810370326042175
121,mobilenet_orig,46,robustness,0.9282171130180359
121,mobilenet_orig,46,complexity,0.6402222269838288
121,mobilenet_orig,47,faithfulness,0.22899986803531647
121,mobilenet_orig,47,robustness,0.8721266984939575
121,mobilenet_orig,47,complexity,0.5485245639853444
121,mobilenet_orig,48,faithfulness,0.20939379930496216
121,mobilenet_orig,48,robustness,0.9497956037521362
121,mobilenet_orig,48,complexity,0.46035287472219505
121,mobilenet_orig,49,faithfulness,-0.03242809325456619
121,mobilenet_orig,49,robustness,0.6339274048805237
121,mobilenet_orig,49,complexity,0.6039465626958312
121,mobilenet_orig,50,faithfulness,0.07273219525814056
121,mobilenet_orig,50,robustness,0.6386891007423401
121,mobilenet_orig,50,complexity,0.6681457805870433
121,mobilenet_orig,51,faithfulness,0.0027435272932052612
121,mobilenet_orig,51,robustness,8.905372619628906
121,mobilenet_orig,51,complexity,0.856832653738034
121,mobilenet_orig,52,faithfulness,0.2502422630786896
121,mobilenet_orig,52,robustness,0.7152302265167236
121,mobilenet_orig,52,complexity,0.5610630244010631
121,mobilenet_orig,53,faithfulness,-0.27097171545028687
121,mobilenet_orig,53,robustness,1.1380252838134766
121,mobilenet_orig,53,complexity,0.47538615849724364
121,mobilenet_orig,54,faithfulness,-0.34662073850631714
121,mobilenet_orig,54,robustness,0.613737165927887
121,mobilenet_orig,54,complexity,0.45710670909953344
121,mobilenet_orig,55,faithfulness,0.06794752180576324
121,mobilenet_orig,55,robustness,0.9730642437934875
121,mobilenet_orig,55,complexity,0.5414195716756182
121,mobilenet_orig,56,faithfulness,0.1524886041879654
121,mobilenet_orig,56,robustness,0.774312436580658
121,mobilenet_orig,56,complexity,0.5479727782242112
121,mobilenet_orig,57,faithfulness,0.046577826142311096
121,mobilenet_orig,57,robustness,0.819297730922699
121,mobilenet_orig,57,complexity,0.6052038204731444
121,mobilenet_orig,58,faithfulness,-0.0776468962430954
121,mobilenet_orig,58,robustness,0.6988717317581177
121,mobilenet_orig,58,complexity,0.5081501937999643
121,mobilenet_recplot,0,faithfulness,-0.13845032453536987
121,mobilenet_recplot,0,robustness,1.043304443359375
121,mobilenet_recplot,0,complexity,0.6954198566349323
121,mobilenet_recplot,1,faithfulness,0.1932838261127472
121,mobilenet_recplot,1,robustness,1.6537898778915405
121,mobilenet_recplot,1,complexity,0.8012626299763798
121,mobilenet_recplot,2,faithfulness,0.006428048014640808
121,mobilenet_recplot,2,robustness,1.0023272037506104
121,mobilenet_recplot,2,complexity,0.7608209571042219
121,mobilenet_recplot,3,faithfulness,-0.1026528850197792
121,mobilenet_recplot,3,robustness,1.2821085453033447
121,mobilenet_recplot,3,complexity,0.6242521626256043
121,mobilenet_recplot,4,faithfulness,0.15638568997383118
121,mobilenet_recplot,4,robustness,0.9923832416534424
121,mobilenet_recplot,4,complexity,0.5608326162627918
121,mobilenet_recplot,5,faithfulness,0.16598817706108093
121,mobilenet_recplot,5,robustness,0.999824583530426
121,mobilenet_recplot,5,complexity,0.572087752029276
121,mobilenet_recplot,6,faithfulness,0.1460096538066864
121,mobilenet_recplot,6,robustness,0.9950336217880249
121,mobilenet_recplot,6,complexity,0.5798035196787232
121,mobilenet_recplot,7,faithfulness,0.09650322794914246
121,mobilenet_recplot,7,robustness,4.1318817138671875
121,mobilenet_recplot,7,complexity,0.5544275057847196
121,mobilenet_recplot,8,faithfulness,0.34516316652297974
121,mobilenet_recplot,8,robustness,0.9865856170654297
121,mobilenet_recplot,8,complexity,0.6021982782588537
121,mobilenet_recplot,9,faithfulness,0.11714376509189606
121,mobilenet_recplot,9,robustness,0.9911609888076782
121,mobilenet_recplot,9,complexity,0.49742276913358513
121,mobilenet_recplot,10,faithfulness,0.4619863033294678
121,mobilenet_recplot,10,robustness,0.9902821779251099
121,mobilenet_recplot,10,complexity,0.4743827743383137
121,mobilenet_recplot,11,faithfulness,-0.1881171464920044
121,mobilenet_recplot,11,robustness,1.086264967918396
121,mobilenet_recplot,11,complexity,0.7658987771798023
121,mobilenet_recplot,12,faithfulness,0.40710026025772095
121,mobilenet_recplot,12,robustness,0.9881944060325623
121,mobilenet_recplot,12,complexity,0.5280767615929804
121,mobilenet_recplot,13,faithfulness,-0.004743143916130066
121,mobilenet_recplot,13,robustness,0.9996206760406494
121,mobilenet_recplot,13,complexity,0.5317465962108534
121,mobilenet_recplot,14,faithfulness,0.10581691563129425
121,mobilenet_recplot,14,robustness,0.9803110957145691
121,mobilenet_recplot,14,complexity,0.6788047343901003
121,mobilenet_recplot,15,faithfulness,-0.0026752296835184097
121,mobilenet_recplot,15,robustness,2.6627838611602783
121,mobilenet_recplot,15,complexity,0.8122744499723503
121,mobilenet_recplot,16,faithfulness,0.3752304017543793
121,mobilenet_recplot,16,robustness,1.8206768035888672
121,mobilenet_recplot,16,complexity,0.7191540734703217
121,mobilenet_recplot,17,faithfulness,0.010155297815799713
121,mobilenet_recplot,17,robustness,0.9980247616767883
121,mobilenet_recplot,17,complexity,0.5653184678722739
121,mobilenet_recplot,18,faithfulness,-0.011951804161071777
121,mobilenet_recplot,18,robustness,0.9943030476570129
121,mobilenet_recplot,18,complexity,0.6317755057580681
121,mobilenet_recplot,19,faithfulness,0.04011617600917816
121,mobilenet_recplot,19,robustness,0.9812727570533752
121,mobilenet_recplot,19,complexity,0.5521073939776298
121,mobilenet_recplot,20,faithfulness,0.03909330070018768
121,mobilenet_recplot,20,robustness,0.9928095936775208
121,mobilenet_recplot,20,complexity,0.5071972907553454
121,mobilenet_recplot,21,faithfulness,-0.15550516545772552
121,mobilenet_recplot,21,robustness,0.9316593408584595
121,mobilenet_recplot,21,complexity,0.5883915388939066
121,mobilenet_recplot,22,faithfulness,0.05579044669866562
121,mobilenet_recplot,22,robustness,0.9717465043067932
121,mobilenet_recplot,22,complexity,0.44575016525536304
121,mobilenet_recplot,23,faithfulness,0.38696029782295227
121,mobilenet_recplot,23,robustness,1.3692103624343872
121,mobilenet_recplot,23,complexity,0.8105177463210566
121,mobilenet_recplot,24,faithfulness,0.17403244972229004
121,mobilenet_recplot,24,robustness,1.0178593397140503
121,mobilenet_recplot,24,complexity,0.6185658002528531
121,mobilenet_recplot,25,faithfulness,0.14010664820671082
121,mobilenet_recplot,25,robustness,1.0394859313964844
121,mobilenet_recplot,25,complexity,0.6259957346332297
121,mobilenet_recplot,26,faithfulness,-0.24043484032154083
121,mobilenet_recplot,26,robustness,0.9897793531417847
121,mobilenet_recplot,26,complexity,0.6024880611971138
121,mobilenet_recplot,27,faithfulness,0.27273672819137573
121,mobilenet_recplot,27,robustness,0.894966721534729
121,mobilenet_recplot,27,complexity,0.7083849084494139
121,mobilenet_recplot,28,faithfulness,-0.0962640568614006
121,mobilenet_recplot,28,robustness,0.9920337200164795
121,mobilenet_recplot,28,complexity,0.6182040435410247
121,mobilenet_recplot,29,faithfulness,0.45316222310066223
121,mobilenet_recplot,29,robustness,0.9634557366371155
121,mobilenet_recplot,29,complexity,0.5273879447078265
121,mobilenet_recplot,30,faithfulness,0.19468215107917786
121,mobilenet_recplot,30,robustness,0.9488821029663086
121,mobilenet_recplot,30,complexity,0.6159775164549033
121,mobilenet_recplot,31,faithfulness,0.2868383228778839
121,mobilenet_recplot,31,robustness,1.1259007453918457
121,mobilenet_recplot,31,complexity,0.6298435588902006
121,mobilenet_recplot,32,faithfulness,0.12935687601566315
121,mobilenet_recplot,32,robustness,1.458139419555664
121,mobilenet_recplot,32,complexity,0.6512305190523008
121,mobilenet_recplot,33,faithfulness,-0.24909450113773346
121,mobilenet_recplot,33,robustness,0.955372154712677
121,mobilenet_recplot,33,complexity,0.6119638543070346
121,mobilenet_recplot,34,faithfulness,0.22237133979797363
121,mobilenet_recplot,34,robustness,1.4692989587783813
121,mobilenet_recplot,34,complexity,0.6331132896867162
121,mobilenet_recplot,35,faithfulness,0.3602136969566345
121,mobilenet_recplot,35,robustness,1.1592087745666504
121,mobilenet_recplot,35,complexity,0.6114765014492759
121,mobilenet_recplot,36,faithfulness,0.07527321577072144
121,mobilenet_recplot,36,robustness,4.143619537353516
121,mobilenet_recplot,36,complexity,0.8635595401371404
121,mobilenet_recplot,37,faithfulness,-0.018084485083818436
121,mobilenet_recplot,37,robustness,0.9822978377342224
121,mobilenet_recplot,37,complexity,0.40465822386073697
121,mobilenet_recplot,38,faithfulness,-0.00710291787981987
121,mobilenet_recplot,38,robustness,0.9767218828201294
121,mobilenet_recplot,38,complexity,0.6176598600528611
121,mobilenet_recplot,39,faithfulness,0.11926845461130142
121,mobilenet_recplot,39,robustness,1.0238521099090576
121,mobilenet_recplot,39,complexity,0.8525562942962887
121,mobilenet_recplot,40,faithfulness,0.122914157807827
121,mobilenet_recplot,40,robustness,0.9789696931838989
121,mobilenet_recplot,40,complexity,0.6419157796741699
121,mobilenet_recplot,41,faithfulness,
121,mobilenet_recplot,41,robustness,inf
121,mobilenet_recplot,41,complexity,0.0
121,mobilenet_recplot,42,faithfulness,0.38959887623786926
121,mobilenet_recplot,42,robustness,0.975612998008728
121,mobilenet_recplot,42,complexity,0.507872349356011
121,mobilenet_recplot,43,faithfulness,0.08352431654930115
121,mobilenet_recplot,43,robustness,0.989127516746521
121,mobilenet_recplot,43,complexity,0.7259804594122994
121,mobilenet_recplot,44,faithfulness,0.16595929861068726
121,mobilenet_recplot,44,robustness,0.9921149611473083
121,mobilenet_recplot,44,complexity,0.504920839971863
121,mobilenet_recplot,45,faithfulness,0.04173659905791283
121,mobilenet_recplot,45,robustness,0.9473914504051208
121,mobilenet_recplot,45,complexity,0.7815661452359874
121,mobilenet_recplot,46,faithfulness,-0.21976065635681152
121,mobilenet_recplot,46,robustness,0.9898307919502258
121,mobilenet_recplot,46,complexity,0.5249918558589141
121,mobilenet_recplot,47,faithfulness,0.10922805964946747
121,mobilenet_recplot,47,robustness,1.0
121,mobilenet_recplot,47,complexity,0.41943340900804005
121,mobilenet_recplot,48,faithfulness,0.04586844891309738
121,mobilenet_recplot,48,robustness,1.0
121,mobilenet_recplot,48,complexity,0.42931330702756026
121,mobilenet_recplot,49,faithfulness,-0.05562545359134674
121,mobilenet_recplot,49,robustness,1.0094971656799316
121,mobilenet_recplot,49,complexity,0.7693159492578332
121,mobilenet_recplot,50,faithfulness,0.006280846893787384
121,mobilenet_recplot,50,robustness,1.0
121,mobilenet_recplot,50,complexity,0.5190879974545717
121,mobilenet_recplot,51,faithfulness,0.25848984718322754
121,mobilenet_recplot,51,robustness,0.9999179840087891
121,mobilenet_recplot,51,complexity,0.5859760823271764
121,mobilenet_recplot,52,faithfulness,-0.013227008283138275
121,mobilenet_recplot,52,robustness,1.0001364946365356
121,mobilenet_recplot,52,complexity,0.7093515118668123
121,mobilenet_recplot,53,faithfulness,0.4367053210735321
121,mobilenet_recplot,53,robustness,1.0
121,mobilenet_recplot,53,complexity,0.43606012349447715
121,mobilenet_recplot,54,faithfulness,0.1232176274061203
121,mobilenet_recplot,54,robustness,1.0
121,mobilenet_recplot,54,complexity,0.5052884324251049
121,mobilenet_recplot,55,faithfulness,-0.28905147314071655
121,mobilenet_recplot,55,robustness,1.0278486013412476
121,mobilenet_recplot,55,complexity,0.7552489978158369
121,mobilenet_recplot,56,faithfulness,-0.15966838598251343
121,mobilenet_recplot,56,robustness,0.9999446272850037
121,mobilenet_recplot,56,complexity,0.38966199650891387
121,mobilenet_recplot,57,faithfulness,0.10940887778997421
121,mobilenet_recplot,57,robustness,1.000766396522522
121,mobilenet_recplot,57,complexity,0.6695580530875905
121,mobilenet_recplot,58,faithfulness,0.2789629101753235
121,mobilenet_recplot,58,robustness,1.0000548362731934
121,mobilenet_recplot,58,complexity,0.6409664873106965
121,effnet_orig,0,faithfulness,0.20115116238594055
121,effnet_orig,0,robustness,1.1483529806137085
121,effnet_orig,0,complexity,0.5001442523993561
121,effnet_orig,1,faithfulness,-0.05490479990839958
121,effnet_orig,1,robustness,0.8071722388267517
121,effnet_orig,1,complexity,0.4807546723283204
121,effnet_orig,2,faithfulness,-0.21004363894462585
121,effnet_orig,2,robustness,0.9883437156677246
121,effnet_orig,2,complexity,0.49874790948327646
121,effnet_orig,3,faithfulness,-0.0817122757434845
121,effnet_orig,3,robustness,0.9636147022247314
121,effnet_orig,3,complexity,0.6547617174682822
121,effnet_orig,4,faithfulness,0.04051968455314636
121,effnet_orig,4,robustness,0.5569580793380737
121,effnet_orig,4,complexity,0.3274731537332998
121,effnet_orig,5,faithfulness,-0.051218338310718536
121,effnet_orig,5,robustness,0.7859348058700562
121,effnet_orig,5,complexity,0.3104850545545061
121,effnet_orig,6,faithfulness,-0.11306953430175781
121,effnet_orig,6,robustness,0.7665161490440369
121,effnet_orig,6,complexity,0.36099562774246186
121,effnet_orig,7,faithfulness,0.10734496265649796
121,effnet_orig,7,robustness,0.8358711004257202
121,effnet_orig,7,complexity,0.4937408583718004
121,effnet_orig,8,faithfulness,-0.07180051505565643
121,effnet_orig,8,robustness,0.80301433801651
121,effnet_orig,8,complexity,0.4847251758772451
121,effnet_orig,9,faithfulness,-0.0018290504813194275
121,effnet_orig,9,robustness,0.806589663028717
121,effnet_orig,9,complexity,0.42703338793006873
121,effnet_orig,10,faithfulness,0.279676616191864
121,effnet_orig,10,robustness,0.7569548487663269
121,effnet_orig,10,complexity,0.5776871474921929
121,effnet_orig,11,faithfulness,0.023136649280786514
121,effnet_orig,11,robustness,0.6717939972877502
121,effnet_orig,11,complexity,0.47214171837806085
121,effnet_orig,12,faithfulness,-0.3730577230453491
121,effnet_orig,12,robustness,0.9483314156532288
121,effnet_orig,12,complexity,0.5293297165582223
121,effnet_orig,13,faithfulness,-0.5240257382392883
121,effnet_orig,13,robustness,0.7773691415786743
121,effnet_orig,13,complexity,0.469443418798813
121,effnet_orig,14,faithfulness,0.18803982436656952
121,effnet_orig,14,robustness,0.45241692662239075
121,effnet_orig,14,complexity,0.45308806862504253
121,effnet_orig,15,faithfulness,-0.12351950258016586
121,effnet_orig,15,robustness,4.696235179901123
121,effnet_orig,15,complexity,0.8782852270730157
121,effnet_orig,16,faithfulness,0.18802717328071594
121,effnet_orig,16,robustness,0.9152705073356628
121,effnet_orig,16,complexity,0.46438072786824136
121,effnet_orig,17,faithfulness,-0.04970000684261322
121,effnet_orig,17,robustness,0.6173804402351379
121,effnet_orig,17,complexity,0.386071296315423
121,effnet_orig,18,faithfulness,-0.11916932463645935
121,effnet_orig,18,robustness,0.5099498629570007
121,effnet_orig,18,complexity,0.3842425571328448
121,effnet_orig,19,faithfulness,0.19473174214363098
121,effnet_orig,19,robustness,0.4786061644554138
121,effnet_orig,19,complexity,0.5540168619060724
121,effnet_orig,20,faithfulness,-0.22493384778499603
121,effnet_orig,20,robustness,0.48251184821128845
121,effnet_orig,20,complexity,0.4225698942941528
121,effnet_orig,21,faithfulness,0.043994758278131485
121,effnet_orig,21,robustness,0.5880077481269836
121,effnet_orig,21,complexity,0.6504946884256658
121,effnet_orig,22,faithfulness,0.04462197422981262
121,effnet_orig,22,robustness,0.6311759352684021
121,effnet_orig,22,complexity,0.48803540669065876
121,effnet_orig,23,faithfulness,0.003914467990398407
121,effnet_orig,23,robustness,0.6142670512199402
121,effnet_orig,23,complexity,0.5360367745391419
121,effnet_orig,24,faithfulness,-0.09642726927995682
121,effnet_orig,24,robustness,0.636949896812439
121,effnet_orig,24,complexity,0.5925070709916901
121,effnet_orig,25,faithfulness,0.16875086724758148
121,effnet_orig,25,robustness,0.39218613505363464
121,effnet_orig,25,complexity,0.685183382696491
121,effnet_orig,26,faithfulness,0.25373294949531555
121,effnet_orig,26,robustness,0.30161041021347046
121,effnet_orig,26,complexity,0.6547712850584613
121,effnet_orig,27,faithfulness,0.1142066940665245
121,effnet_orig,27,robustness,0.7017129063606262
121,effnet_orig,27,complexity,0.5409048634695727
121,effnet_orig,28,faithfulness,-0.30391407012939453
121,effnet_orig,28,robustness,0.7897270917892456
121,effnet_orig,28,complexity,0.4550749298731718
121,effnet_orig,29,faithfulness,-0.052839331328868866
121,effnet_orig,29,robustness,0.47073042392730713
121,effnet_orig,29,complexity,0.4335104746112956
121,effnet_orig,30,faithfulness,0.22434456646442413
121,effnet_orig,30,robustness,0.43332716822624207
121,effnet_orig,30,complexity,0.6530438484455463
121,effnet_orig,31,faithfulness,-0.24383635818958282
121,effnet_orig,31,robustness,1.6296145915985107
121,effnet_orig,31,complexity,0.6527526523455464
121,effnet_orig,32,faithfulness,-0.27485519647598267
121,effnet_orig,32,robustness,0.43819430470466614
121,effnet_orig,32,complexity,0.5749550163912982
121,effnet_orig,33,faithfulness,0.20368507504463196
121,effnet_orig,33,robustness,0.4746714234352112
121,effnet_orig,33,complexity,0.6765066021770242
121,effnet_orig,34,faithfulness,-0.14804500341415405
121,effnet_orig,34,robustness,0.749775230884552
121,effnet_orig,34,complexity,0.5881789315578506
121,effnet_orig,35,faithfulness,0.2719101011753082
121,effnet_orig,35,robustness,0.8970515131950378
121,effnet_orig,35,complexity,0.4760807708586169
121,effnet_orig,36,faithfulness,-0.31483957171440125
121,effnet_orig,36,robustness,0.5596067905426025
121,effnet_orig,36,complexity,0.6296065236437836
121,effnet_orig,37,faithfulness,-0.018343694508075714
121,effnet_orig,37,robustness,1.2356683015823364
121,effnet_orig,37,complexity,0.5759778246585596
121,effnet_orig,38,faithfulness,0.062034256756305695
121,effnet_orig,38,robustness,0.4015975594520569
121,effnet_orig,38,complexity,0.4584347074192754
121,effnet_orig,39,faithfulness,0.05336108058691025
121,effnet_orig,39,robustness,0.7832782864570618
121,effnet_orig,39,complexity,0.3841666869218121
121,effnet_orig,40,faithfulness,-0.0683078020811081
121,effnet_orig,40,robustness,0.5445839762687683
121,effnet_orig,40,complexity,0.24254443589188132
121,effnet_orig,41,faithfulness,0.0586501844227314
121,effnet_orig,41,robustness,0.4193972051143646
121,effnet_orig,41,complexity,0.39882519209352724
121,effnet_orig,42,faithfulness,-0.1160748079419136
121,effnet_orig,42,robustness,0.6430068612098694
121,effnet_orig,42,complexity,0.3849015890935184
121,effnet_orig,43,faithfulness,-0.05915847420692444
121,effnet_orig,43,robustness,0.37812942266464233
121,effnet_orig,43,complexity,0.4842171269176165
121,effnet_orig,44,faithfulness,-0.01124156266450882
121,effnet_orig,44,robustness,0.6849061846733093
121,effnet_orig,44,complexity,0.3343523595199395
121,effnet_orig,45,faithfulness,0.2592647075653076
121,effnet_orig,45,robustness,0.6980491280555725
121,effnet_orig,45,complexity,0.38282304302560116
121,effnet_orig,46,faithfulness,-0.13470306992530823
121,effnet_orig,46,robustness,0.5107551217079163
121,effnet_orig,46,complexity,0.4146881519106293
121,effnet_orig,47,faithfulness,0.15753164887428284
121,effnet_orig,47,robustness,0.6265462040901184
121,effnet_orig,47,complexity,0.25339335112267386
121,effnet_orig,48,faithfulness,-0.2002953588962555
121,effnet_orig,48,robustness,0.6027952432632446
121,effnet_orig,48,complexity,0.3265945315493807
121,effnet_orig,49,faithfulness,0.01907087117433548
121,effnet_orig,49,robustness,0.5245206952095032
121,effnet_orig,49,complexity,0.45784308959223907
121,effnet_orig,50,faithfulness,-0.03783918172121048
121,effnet_orig,50,robustness,0.6381325125694275
121,effnet_orig,50,complexity,0.41845319068757253
121,effnet_orig,51,faithfulness,-0.11254692077636719
121,effnet_orig,51,robustness,0.6531059741973877
121,effnet_orig,51,complexity,0.4194307852103267
121,effnet_orig,52,faithfulness,-0.30417829751968384
121,effnet_orig,52,robustness,0.5917108058929443
121,effnet_orig,52,complexity,0.5159615818624904
121,effnet_orig,53,faithfulness,0.23310332000255585
121,effnet_orig,53,robustness,0.7917149066925049
121,effnet_orig,53,complexity,0.2939565733383309
121,effnet_orig,54,faithfulness,-0.01571602001786232
121,effnet_orig,54,robustness,0.8207066655158997
121,effnet_orig,54,complexity,0.21193364032299947
121,effnet_orig,55,faithfulness,0.24170345067977905
121,effnet_orig,55,robustness,0.4844057857990265
121,effnet_orig,55,complexity,0.2858672191219114
121,effnet_orig,56,faithfulness,-0.1610506772994995
121,effnet_orig,56,robustness,0.3813110291957855
121,effnet_orig,56,complexity,0.32020266237745826
121,effnet_orig,57,faithfulness,0.05422847718000412
121,effnet_orig,57,robustness,0.5233273506164551
121,effnet_orig,57,complexity,0.3823507042605388
121,effnet_orig,58,faithfulness,-0.22348058223724365
121,effnet_orig,58,robustness,0.42591723799705505
121,effnet_orig,58,complexity,0.3116831831369455
121,effnet_recplot,0,faithfulness,0.3950140178203583
121,effnet_recplot,0,robustness,1.0
121,effnet_recplot,0,complexity,0.7418531996326976
121,effnet_recplot,1,faithfulness,-0.19328036904335022
121,effnet_recplot,1,robustness,1.0
121,effnet_recplot,1,complexity,0.7245239656415707
121,effnet_recplot,2,faithfulness,-0.05324125289916992
121,effnet_recplot,2,robustness,1.0
121,effnet_recplot,2,complexity,0.5083861750049957
121,effnet_recplot,3,faithfulness,-0.09460068494081497
121,effnet_recplot,3,robustness,1.0
121,effnet_recplot,3,complexity,0.7585961114528773
121,effnet_recplot,4,faithfulness,0.01939067617058754
121,effnet_recplot,4,robustness,1.0
121,effnet_recplot,4,complexity,0.49311790853463605
121,effnet_recplot,5,faithfulness,0.11720311641693115
121,effnet_recplot,5,robustness,1.0
121,effnet_recplot,5,complexity,0.40643383037891784
121,effnet_recplot,6,faithfulness,0.2446238100528717
121,effnet_recplot,6,robustness,1.0
121,effnet_recplot,6,complexity,0.44224315926262986
121,effnet_recplot,7,faithfulness,-0.20078930258750916
121,effnet_recplot,7,robustness,1.5387389659881592
121,effnet_recplot,7,complexity,0.8095128193654543
121,effnet_recplot,8,faithfulness,-0.2525442838668823
121,effnet_recplot,8,robustness,1.0
121,effnet_recplot,8,complexity,0.4576439306253472
121,effnet_recplot,9,faithfulness,0.6030118465423584
121,effnet_recplot,9,robustness,1.0
121,effnet_recplot,9,complexity,0.43787512233341697
121,effnet_recplot,10,faithfulness,-0.23476634919643402
121,effnet_recplot,10,robustness,1.0
121,effnet_recplot,10,complexity,0.4132885959515846
121,effnet_recplot,11,faithfulness,0.3180374503135681
121,effnet_recplot,11,robustness,1.0
121,effnet_recplot,11,complexity,0.7988514071079879
121,effnet_recplot,12,faithfulness,0.2788177728652954
121,effnet_recplot,12,robustness,1.0
121,effnet_recplot,12,complexity,0.5043834134747028
121,effnet_recplot,13,faithfulness,-0.014440290629863739
121,effnet_recplot,13,robustness,1.0
121,effnet_recplot,13,complexity,0.6342427286999273
121,effnet_recplot,14,faithfulness,0.08101220428943634
121,effnet_recplot,14,robustness,1.0
121,effnet_recplot,14,complexity,0.5377352540838978
121,effnet_recplot,15,faithfulness,-0.3937179446220398
121,effnet_recplot,15,robustness,1.0
121,effnet_recplot,15,complexity,0.7218452186619028
121,effnet_recplot,16,faithfulness,0.17118287086486816
121,effnet_recplot,16,robustness,1.0
121,effnet_recplot,16,complexity,0.6061445106409072
121,effnet_recplot,17,faithfulness,-0.08746687322854996
121,effnet_recplot,17,robustness,1.0
121,effnet_recplot,17,complexity,0.4433447549043093
121,effnet_recplot,18,faithfulness,0.0009347777813673019
121,effnet_recplot,18,robustness,0.9644787907600403
121,effnet_recplot,18,complexity,0.5245735216774468
121,effnet_recplot,19,faithfulness,0.26706355810165405
121,effnet_recplot,19,robustness,2.2244198322296143
121,effnet_recplot,19,complexity,0.5240955373792886
121,effnet_recplot,20,faithfulness,0.13290269672870636
121,effnet_recplot,20,robustness,1.7607450485229492
121,effnet_recplot,20,complexity,0.48212079360768345
121,effnet_recplot,21,faithfulness,0.43157538771629333
121,effnet_recplot,21,robustness,1.0741374492645264
121,effnet_recplot,21,complexity,0.5235760257182588
121,effnet_recplot,22,faithfulness,-0.24797886610031128
121,effnet_recplot,22,robustness,3.015890598297119
121,effnet_recplot,22,complexity,0.35513849767565714
121,effnet_recplot,23,faithfulness,-0.2693069577217102
121,effnet_recplot,23,robustness,19.507925033569336
121,effnet_recplot,23,complexity,0.436186118576346
121,effnet_recplot,24,faithfulness,0.0016064494848251343
121,effnet_recplot,24,robustness,1.8520411252975464
121,effnet_recplot,24,complexity,0.5279446039007111
121,effnet_recplot,25,faithfulness,0.08950689435005188
121,effnet_recplot,25,robustness,2.2118117809295654
121,effnet_recplot,25,complexity,0.6707637031105542
121,effnet_recplot,26,faithfulness,0.16152335703372955
121,effnet_recplot,26,robustness,11.240674018859863
121,effnet_recplot,26,complexity,0.8001771936865281
121,effnet_recplot,27,faithfulness,0.10853374749422073
121,effnet_recplot,27,robustness,2.8085074424743652
121,effnet_recplot,27,complexity,0.8386694632981545
121,effnet_recplot,28,faithfulness,-0.20027440786361694
121,effnet_recplot,28,robustness,3.433521032333374
121,effnet_recplot,28,complexity,0.24660445677814466
121,effnet_recplot,29,faithfulness,0.03440672159194946
121,effnet_recplot,29,robustness,2.1005091667175293
121,effnet_recplot,29,complexity,0.6883318164336627
121,effnet_recplot,30,faithfulness,-0.08864948153495789
121,effnet_recplot,30,robustness,4.260158061981201
121,effnet_recplot,30,complexity,0.6690166036291971
121,effnet_recplot,31,faithfulness,0.06082053482532501
121,effnet_recplot,31,robustness,1.64924156665802
121,effnet_recplot,31,complexity,0.6535103912163367
121,effnet_recplot,32,faithfulness,0.08734454959630966
121,effnet_recplot,32,robustness,2.422081470489502
121,effnet_recplot,32,complexity,0.6121822196556728
121,effnet_recplot,33,faithfulness,0.13974295556545258
121,effnet_recplot,33,robustness,2.4732747077941895
121,effnet_recplot,33,complexity,0.6112502194345509
121,effnet_recplot,34,faithfulness,0.06424634903669357
121,effnet_recplot,34,robustness,4.43131685256958
121,effnet_recplot,34,complexity,0.7472350226888189
121,effnet_recplot,35,faithfulness,0.4334772229194641
121,effnet_recplot,35,robustness,2.203563928604126
121,effnet_recplot,35,complexity,0.7016654439997118
121,effnet_recplot,36,faithfulness,
121,effnet_recplot,36,robustness,inf
121,effnet_recplot,36,complexity,0.0
121,effnet_recplot,37,faithfulness,0.0774499922990799
121,effnet_recplot,37,robustness,1.7248692512512207
121,effnet_recplot,37,complexity,0.6310341693729707
121,effnet_recplot,38,faithfulness,-0.13145533204078674
121,effnet_recplot,38,robustness,1.460890293121338
121,effnet_recplot,38,complexity,0.546670653806666
121,effnet_recplot,39,faithfulness,-0.06790126115083694
121,effnet_recplot,39,robustness,3.767468214035034
121,effnet_recplot,39,complexity,0.5905642509193371
121,effnet_recplot,40,faithfulness,-0.2853427231311798
121,effnet_recplot,40,robustness,3.311589002609253
121,effnet_recplot,40,complexity,0.3535240811770654
121,effnet_recplot,41,faithfulness,
121,effnet_recplot,41,robustness,inf
121,effnet_recplot,41,complexity,0.0
121,effnet_recplot,42,faithfulness,0.14107951521873474
121,effnet_recplot,42,robustness,1.4269434213638306
121,effnet_recplot,42,complexity,0.37538967593885114
121,effnet_recplot,43,faithfulness,0.024493589997291565
121,effnet_recplot,43,robustness,4.8358964920043945
121,effnet_recplot,43,complexity,0.5871460693355471
121,effnet_recplot,44,faithfulness,-0.028664730489253998
121,effnet_recplot,44,robustness,3.107196569442749
121,effnet_recplot,44,complexity,0.36735008343068476
121,effnet_recplot,45,faithfulness,0.43124741315841675
121,effnet_recplot,45,robustness,11.683679580688477
121,effnet_recplot,45,complexity,0.679032700409248
121,effnet_recplot,46,faithfulness,-0.05786428228020668
121,effnet_recplot,46,robustness,0.9935218691825867
121,effnet_recplot,46,complexity,0.46548780387909433
121,effnet_recplot,47,faithfulness,0.015046223998069763
121,effnet_recplot,47,robustness,1.0
121,effnet_recplot,47,complexity,0.2034558626316825
121,effnet_recplot,48,faithfulness,0.3228466808795929
121,effnet_recplot,48,robustness,1.0
121,effnet_recplot,48,complexity,0.19552752164192297
121,effnet_recplot,49,faithfulness,0.1532934606075287
121,effnet_recplot,49,robustness,1.0
121,effnet_recplot,49,complexity,0.7728531241461147
121,effnet_recplot,50,faithfulness,0.04482758790254593
121,effnet_recplot,50,robustness,1.0
121,effnet_recplot,50,complexity,0.37844714691810316
121,effnet_recplot,51,faithfulness,0.19598476588726044
121,effnet_recplot,51,robustness,1.0
121,effnet_recplot,51,complexity,0.4420732935580084
121,effnet_recplot,52,faithfulness,0.048334091901779175
121,effnet_recplot,52,robustness,1.0
121,effnet_recplot,52,complexity,0.5255863224049376
121,effnet_recplot,53,faithfulness,0.0210712943226099
121,effnet_recplot,53,robustness,1.0
121,effnet_recplot,53,complexity,0.2827456758829086
121,effnet_recplot,54,faithfulness,-0.146291583776474
121,effnet_recplot,54,robustness,1.0
121,effnet_recplot,54,complexity,0.20508024168562503
121,effnet_recplot,55,faithfulness,0.3699387311935425
121,effnet_recplot,55,robustness,1.0
121,effnet_recplot,55,complexity,0.5931004484412288
121,effnet_recplot,56,faithfulness,0.3220003545284271
121,effnet_recplot,56,robustness,1.0
121,effnet_recplot,56,complexity,0.19982890661919075
121,effnet_recplot,57,faithfulness,0.34818515181541443
121,effnet_recplot,57,robustness,1.0
121,effnet_recplot,57,complexity,0.37568632712840627
121,effnet_recplot,58,faithfulness,0.3662634491920471
121,effnet_recplot,58,robustness,1.0
121,effnet_recplot,58,complexity,0.47806044349470017
