seed,branch,amostra,metrica,valor
7,mobilenet_orig,0,faithfulness,-0.092357337474823
7,mobilenet_orig,0,robustness,0.9867186546325684
7,mobilenet_orig,0,complexity,0.47089781662592517
7,mobilenet_orig,1,faithfulness,0.17725618183612823
7,mobilenet_orig,1,robustness,1.5444762706756592
7,mobilenet_orig,1,complexity,0.37732215728844715
7,mobilenet_orig,2,faithfulness,0.3060145378112793
7,mobilenet_orig,2,robustness,3.04858660697937
7,mobilenet_orig,2,complexity,0.4369063390240876
7,mobilenet_orig,3,faithfulness,0.5208823084831238
7,mobilenet_orig,3,robustness,2.0639495849609375
7,mobilenet_orig,3,complexity,0.4941975513639771
7,mobilenet_orig,4,faithfulness,-0.007732793688774109
7,mobilenet_orig,4,robustness,2.1881840229034424
7,mobilenet_orig,4,complexity,0.3726459165336913
7,mobilenet_orig,5,faithfulness,0.10784699767827988
7,mobilenet_orig,5,robustness,3.551095962524414
7,mobilenet_orig,5,complexity,0.42409811148473725
7,mobilenet_orig,6,faithfulness,-0.16810159385204315
7,mobilenet_orig,6,robustness,2.1216835975646973
7,mobilenet_orig,6,complexity,0.4065664383074672
7,mobilenet_orig,7,faithfulness,0.3595476746559143
7,mobilenet_orig,7,robustness,1.3542362451553345
7,mobilenet_orig,7,complexity,0.4282766147354947
7,mobilenet_orig,8,faithfulness,0.12040452659130096
7,mobilenet_orig,8,robustness,1.7615966796875
7,mobilenet_orig,8,complexity,0.47349376698897644
7,mobilenet_orig,9,faithfulness,0.3482288122177124
7,mobilenet_orig,9,robustness,1.5468910932540894
7,mobilenet_orig,9,complexity,0.4140568025321423
7,mobilenet_orig,10,faithfulness,0.4569847285747528
7,mobilenet_orig,10,robustness,1.4181262254714966
7,mobilenet_orig,10,complexity,0.3839441223945247
7,mobilenet_orig,11,faithfulness,0.4214911460876465
7,mobilenet_orig,11,robustness,1.6878671646118164
7,mobilenet_orig,11,complexity,0.4506270973358847
7,mobilenet_orig,12,faithfulness,0.3879674971103668
7,mobilenet_orig,12,robustness,1.2647100687026978
7,mobilenet_orig,12,complexity,0.40566328230544096
7,mobilenet_orig,13,faithfulness,0.11937162280082703
7,mobilenet_orig,13,robustness,1.0623499155044556
7,mobilenet_orig,13,complexity,0.5366603173086917
7,mobilenet_orig,14,faithfulness,0.4968701899051666
7,mobilenet_orig,14,robustness,1.8505160808563232
7,mobilenet_orig,14,complexity,0.4297637715207986
7,mobilenet_orig,15,faithfulness,0.07978226244449615
7,mobilenet_orig,15,robustness,1.8900012969970703
7,mobilenet_orig,15,complexity,0.404736569624541
7,mobilenet_orig,16,faithfulness,-0.36146992444992065
7,mobilenet_orig,16,robustness,3.709937810897827
7,mobilenet_orig,16,complexity,0.447760175049981
7,mobilenet_orig,17,faithfulness,-0.152299702167511
7,mobilenet_orig,17,robustness,1.251947045326233
7,mobilenet_orig,17,complexity,0.45059282036036574
7,mobilenet_orig,18,faithfulness,0.362643301486969
7,mobilenet_orig,18,robustness,1.1633743047714233
7,mobilenet_orig,18,complexity,0.44124681577672875
7,mobilenet_orig,19,faithfulness,0.44176071882247925
7,mobilenet_orig,19,robustness,1.8553926944732666
7,mobilenet_orig,19,complexity,0.43227776989592354
7,mobilenet_orig,20,faithfulness,-0.07941465079784393
7,mobilenet_orig,20,robustness,1.9269957542419434
7,mobilenet_orig,20,complexity,0.39715121444523926
7,mobilenet_orig,21,faithfulness,0.17162343859672546
7,mobilenet_orig,21,robustness,1.6278936862945557
7,mobilenet_orig,21,complexity,0.4450106701013385
7,mobilenet_orig,22,faithfulness,-0.03946727514266968
7,mobilenet_orig,22,robustness,1.0337011814117432
7,mobilenet_orig,22,complexity,0.44942664790936515
7,mobilenet_orig,23,faithfulness,-0.17818155884742737
7,mobilenet_orig,23,robustness,1.1807297468185425
7,mobilenet_orig,23,complexity,0.3927785299306063
7,mobilenet_orig,24,faithfulness,-0.1556912362575531
7,mobilenet_orig,24,robustness,1.0183815956115723
7,mobilenet_orig,24,complexity,0.40355576779345476
7,mobilenet_orig,25,faithfulness,0.40093547105789185
7,mobilenet_orig,25,robustness,0.9450095295906067
7,mobilenet_orig,25,complexity,0.39260637481613975
7,mobilenet_orig,26,faithfulness,0.08036324381828308
7,mobilenet_orig,26,robustness,0.9923592209815979
7,mobilenet_orig,26,complexity,0.5303869154131264
7,mobilenet_orig,27,faithfulness,-0.34702709317207336
7,mobilenet_orig,27,robustness,0.8822499513626099
7,mobilenet_orig,27,complexity,0.3590317030661757
7,mobilenet_orig,28,faithfulness,0.0858701840043068
7,mobilenet_orig,28,robustness,1.631212830543518
7,mobilenet_orig,28,complexity,0.4658835227307174
7,mobilenet_orig,29,faithfulness,0.1310124397277832
7,mobilenet_orig,29,robustness,1.5906944274902344
7,mobilenet_orig,29,complexity,0.424463407619927
7,mobilenet_orig,30,faithfulness,0.09054404497146606
7,mobilenet_orig,30,robustness,1.2185307741165161
7,mobilenet_orig,30,complexity,0.47107800882471895
7,mobilenet_orig,31,faithfulness,0.3062015175819397
7,mobilenet_orig,31,robustness,0.9353907108306885
7,mobilenet_orig,31,complexity,0.4191962090620401
7,mobilenet_orig,32,faithfulness,0.32156240940093994
7,mobilenet_orig,32,robustness,0.9054965376853943
7,mobilenet_orig,32,complexity,0.4374736808274636
7,mobilenet_orig,33,faithfulness,0.3987162411212921
7,mobilenet_orig,33,robustness,0.9555227756500244
7,mobilenet_orig,33,complexity,0.4194026238394156
7,mobilenet_orig,34,faithfulness,0.06257911771535873
7,mobilenet_orig,34,robustness,0.9303320646286011
7,mobilenet_orig,34,complexity,0.35724954203322173
7,mobilenet_orig,35,faithfulness,0.3306828737258911
7,mobilenet_orig,35,robustness,0.986214816570282
7,mobilenet_orig,35,complexity,0.5541802880553419
7,mobilenet_orig,36,faithfulness,0.4168049097061157
7,mobilenet_orig,36,robustness,1.1210991144180298
7,mobilenet_orig,36,complexity,0.4882678631136567
7,mobilenet_orig,37,faithfulness,0.3858228325843811
7,mobilenet_orig,37,robustness,1.0968233346939087
7,mobilenet_orig,37,complexity,0.4514664862035492
7,mobilenet_orig,38,faithfulness,-0.0347527414560318
7,mobilenet_orig,38,robustness,1.2357697486877441
7,mobilenet_orig,38,complexity,0.3483765976670728
7,mobilenet_orig,39,faithfulness,0.08902262151241302
7,mobilenet_orig,39,robustness,0.8874931931495667
7,mobilenet_orig,39,complexity,0.43986004171281873
7,mobilenet_orig,40,faithfulness,0.5650094747543335
7,mobilenet_orig,40,robustness,0.9829466938972473
7,mobilenet_orig,40,complexity,0.44980488527254875
7,mobilenet_orig,41,faithfulness,-0.06472635269165039
7,mobilenet_orig,41,robustness,1.6880933046340942
7,mobilenet_orig,41,complexity,0.47329624679658977
7,mobilenet_orig,42,faithfulness,-0.20933735370635986
7,mobilenet_orig,42,robustness,1.8394460678100586
7,mobilenet_orig,42,complexity,0.46652208048575294
7,mobilenet_orig,43,faithfulness,0.49217888712882996
7,mobilenet_orig,43,robustness,0.9895485043525696
7,mobilenet_orig,43,complexity,0.48116111859420546
7,mobilenet_orig,44,faithfulness,0.29928159713745117
7,mobilenet_orig,44,robustness,1.1371636390686035
7,mobilenet_orig,44,complexity,0.4912019260839491
7,mobilenet_orig,45,faithfulness,-0.05196377635002136
7,mobilenet_orig,45,robustness,1.0959163904190063
7,mobilenet_orig,45,complexity,0.4086416574685705
7,mobilenet_recplot,0,faithfulness,0.16285236179828644
7,mobilenet_recplot,0,robustness,4.7638115882873535
7,mobilenet_recplot,0,complexity,0.5836678231059644
7,mobilenet_recplot,1,faithfulness,0.05481719225645065
7,mobilenet_recplot,1,robustness,4.173952102661133
7,mobilenet_recplot,1,complexity,0.455229126048501
7,mobilenet_recplot,2,faithfulness,0.2499825656414032
7,mobilenet_recplot,2,robustness,1.5612998008728027
7,mobilenet_recplot,2,complexity,0.508823890049368
7,mobilenet_recplot,3,faithfulness,0.18315038084983826
7,mobilenet_recplot,3,robustness,2.6229522228240967
7,mobilenet_recplot,3,complexity,0.5201505834534518
7,mobilenet_recplot,4,faithfulness,0.44858506321907043
7,mobilenet_recplot,4,robustness,1.5929685831069946
7,mobilenet_recplot,4,complexity,0.5379722602509156
7,mobilenet_recplot,5,faithfulness,0.45516663789749146
7,mobilenet_recplot,5,robustness,5.440274715423584
7,mobilenet_recplot,5,complexity,0.4374912465741569
7,mobilenet_recplot,6,faithfulness,-0.09387657046318054
7,mobilenet_recplot,6,robustness,2.000744104385376
7,mobilenet_recplot,6,complexity,0.5029193906085815
7,mobilenet_recplot,7,faithfulness,0.22641213238239288
7,mobilenet_recplot,7,robustness,1.5946621894836426
7,mobilenet_recplot,7,complexity,0.5020569055521534
7,mobilenet_recplot,8,faithfulness,0.6580318808555603
7,mobilenet_recplot,8,robustness,1.8713555335998535
7,mobilenet_recplot,8,complexity,0.5085374539159452
7,mobilenet_recplot,9,faithfulness,0.3136844038963318
7,mobilenet_recplot,9,robustness,1.8990728855133057
7,mobilenet_recplot,9,complexity,0.5941207329389261
7,mobilenet_recplot,10,faithfulness,-0.31690317392349243
7,mobilenet_recplot,10,robustness,2.799426794052124
7,mobilenet_recplot,10,complexity,0.4294415270664087
7,mobilenet_recplot,11,faithfulness,0.030716314911842346
7,mobilenet_recplot,11,robustness,1.2422590255737305
7,mobilenet_recplot,11,complexity,0.5096154998172612
7,mobilenet_recplot,12,faithfulness,-0.25153863430023193
7,mobilenet_recplot,12,robustness,2.4221527576446533
7,mobilenet_recplot,12,complexity,0.5096551603224676
7,mobilenet_recplot,13,faithfulness,0.07066279649734497
7,mobilenet_recplot,13,robustness,3.2700486183166504
7,mobilenet_recplot,13,complexity,0.3647534498398065
7,mobilenet_recplot,14,faithfulness,0.25835180282592773
7,mobilenet_recplot,14,robustness,3.3916237354278564
7,mobilenet_recplot,14,complexity,0.5326730399870558
7,mobilenet_recplot,15,faithfulness,-0.08935365080833435
7,mobilenet_recplot,15,robustness,2.7556447982788086
7,mobilenet_recplot,15,complexity,0.5402820959487556
7,mobilenet_recplot,16,faithfulness,0.15034472942352295
7,mobilenet_recplot,16,robustness,1.947496771812439
7,mobilenet_recplot,16,complexity,0.5339892769916849
7,mobilenet_recplot,17,faithfulness,0.30670246481895447
7,mobilenet_recplot,17,robustness,2.211386203765869
7,mobilenet_recplot,17,complexity,0.46573000201798337
7,mobilenet_recplot,18,faithfulness,0.02446998655796051
7,mobilenet_recplot,18,robustness,2.6200790405273438
7,mobilenet_recplot,18,complexity,0.49617670242473416
7,mobilenet_recplot,19,faithfulness,0.1609719842672348
7,mobilenet_recplot,19,robustness,4.924795627593994
7,mobilenet_recplot,19,complexity,0.48972843800015353
7,mobilenet_recplot,20,faithfulness,0.27709054946899414
7,mobilenet_recplot,20,robustness,2.1047651767730713
7,mobilenet_recplot,20,complexity,0.45717880017067763
7,mobilenet_recplot,21,faithfulness,-0.0641290619969368
7,mobilenet_recplot,21,robustness,2.010416030883789
7,mobilenet_recplot,21,complexity,0.5567684138370046
7,mobilenet_recplot,22,faithfulness,0.24604584276676178
7,mobilenet_recplot,22,robustness,2.9888808727264404
7,mobilenet_recplot,22,complexity,0.4228815637744393
7,mobilenet_recplot,23,faithfulness,0.10657421499490738
7,mobilenet_recplot,23,robustness,2.694183588027954
7,mobilenet_recplot,23,complexity,0.46074820808842093
7,mobilenet_recplot,24,faithfulness,0.3483123481273651
7,mobilenet_recplot,24,robustness,2.3005340099334717
7,mobilenet_recplot,24,complexity,0.48492628606736643
7,mobilenet_recplot,25,faithfulness,0.08287928253412247
7,mobilenet_recplot,25,robustness,1.0113072395324707
7,mobilenet_recplot,25,complexity,0.5107309888833518
7,mobilenet_recplot,26,faithfulness,0.358797162771225
7,mobilenet_recplot,26,robustness,1.3953149318695068
7,mobilenet_recplot,26,complexity,0.3992482199553129
7,mobilenet_recplot,27,faithfulness,-0.19805818796157837
7,mobilenet_recplot,27,robustness,1.8587032556533813
7,mobilenet_recplot,27,complexity,0.4368656848297561
7,mobilenet_recplot,28,faithfulness,0.35331740975379944
7,mobilenet_recplot,28,robustness,3.060652494430542
7,mobilenet_recplot,28,complexity,0.4041554859540823
7,mobilenet_recplot,29,faithfulness,-0.031810663640499115
7,mobilenet_recplot,29,robustness,7.280651092529297
7,mobilenet_recplot,29,complexity,0.32581769092862545
7,mobilenet_recplot,30,faithfulness,0.19861556589603424
7,mobilenet_recplot,30,robustness,3.2620208263397217
7,mobilenet_recplot,30,complexity,0.5145858632487059
7,mobilenet_recplot,31,faithfulness,0.0756610855460167
7,mobilenet_recplot,31,robustness,2.000065326690674
7,mobilenet_recplot,31,complexity,0.4336889160936345
7,mobilenet_recplot,32,faithfulness,0.4004226326942444
7,mobilenet_recplot,32,robustness,1.1450024843215942
7,mobilenet_recplot,32,complexity,0.4591276252144095
7,mobilenet_recplot,33,faithfulness,-0.07355892658233643
7,mobilenet_recplot,33,robustness,1.5413533449172974
7,mobilenet_recplot,33,complexity,0.39563181213553766
7,mobilenet_recplot,34,faithfulness,0.040426794439554214
7,mobilenet_recplot,34,robustness,1.4360036849975586
7,mobilenet_recplot,34,complexity,0.5487336681170916
7,mobilenet_recplot,35,faithfulness,-0.2499590963125229
7,mobilenet_recplot,35,robustness,1.4088287353515625
7,mobilenet_recplot,35,complexity,0.4212208775238648
7,mobilenet_recplot,36,faithfulness,0.1142706498503685
7,mobilenet_recplot,36,robustness,1.733361840248108
7,mobilenet_recplot,36,complexity,0.4201096536685854
7,mobilenet_recplot,37,faithfulness,-0.026802003383636475
7,mobilenet_recplot,37,robustness,1.8951325416564941
7,mobilenet_recplot,37,complexity,0.43541508288187464
7,mobilenet_recplot,38,faithfulness,0.29861384630203247
7,mobilenet_recplot,38,robustness,2.4881527423858643
7,mobilenet_recplot,38,complexity,0.41412032862938697
7,mobilenet_recplot,39,faithfulness,-0.03709409013390541
7,mobilenet_recplot,39,robustness,3.0237271785736084
7,mobilenet_recplot,39,complexity,0.4479955284972
7,mobilenet_recplot,40,faithfulness,0.08443781733512878
7,mobilenet_recplot,40,robustness,1.6446967124938965
7,mobilenet_recplot,40,complexity,0.4275574207017285
7,mobilenet_recplot,41,faithfulness,0.23366810381412506
7,mobilenet_recplot,41,robustness,1.5090707540512085
7,mobilenet_recplot,41,complexity,0.523753195399093
7,mobilenet_recplot,42,faithfulness,0.14630310237407684
7,mobilenet_recplot,42,robustness,1.6417993307113647
7,mobilenet_recplot,42,complexity,0.49516740411492693
7,mobilenet_recplot,43,faithfulness,0.34368208050727844
7,mobilenet_recplot,43,robustness,1.2136523723602295
7,mobilenet_recplot,43,complexity,0.6077342000949292
7,mobilenet_recplot,44,faithfulness,0.24744103848934174
7,mobilenet_recplot,44,robustness,2.347560167312622
7,mobilenet_recplot,44,complexity,0.46314064178188197
7,mobilenet_recplot,45,faithfulness,0.18032591044902802
7,mobilenet_recplot,45,robustness,1.7381905317306519
7,mobilenet_recplot,45,complexity,0.48139679458498164
7,effnet_orig,0,faithfulness,0.16097122430801392
7,effnet_orig,0,robustness,7.43359375
7,effnet_orig,0,complexity,0.4308220738701777
7,effnet_orig,1,faithfulness,0.4042816162109375
7,effnet_orig,1,robustness,4.635239124298096
7,effnet_orig,1,complexity,0.48467730507843354
7,effnet_orig,2,faithfulness,0.02996763586997986
7,effnet_orig,2,robustness,8.044947624206543
7,effnet_orig,2,complexity,0.35999646127005447
7,effnet_orig,3,faithfulness,0.0063517652451992035
7,effnet_orig,3,robustness,4.507044315338135
7,effnet_orig,3,complexity,0.40548924081612775
7,effnet_orig,4,faithfulness,0.4637509882450104
7,effnet_orig,4,robustness,3.1893177032470703
7,effnet_orig,4,complexity,0.27386269525042783
7,effnet_orig,5,faithfulness,0.13009725511074066
7,effnet_orig,5,robustness,3.4235105514526367
7,effnet_orig,5,complexity,0.4112054272039604
7,effnet_orig,6,faithfulness,-0.2980169653892517
7,effnet_orig,6,robustness,6.92862606048584
7,effnet_orig,6,complexity,0.38810566140700825
7,effnet_orig,7,faithfulness,-0.33808058500289917
7,effnet_orig,7,robustness,0.9365838170051575
7,effnet_orig,7,complexity,0.10902764608205903
7,effnet_orig,8,faithfulness,0.1697087436914444
7,effnet_orig,8,robustness,4.497204303741455
7,effnet_orig,8,complexity,0.3073250461657368
7,effnet_orig,9,faithfulness,0.22099527716636658
7,effnet_orig,9,robustness,16.447940826416016
7,effnet_orig,9,complexity,0.4355489945257811
7,effnet_orig,10,faithfulness,-0.310433954000473
7,effnet_orig,10,robustness,2.4788596630096436
7,effnet_orig,10,complexity,0.33770815793304143
7,effnet_orig,11,faithfulness,0.18913745880126953
7,effnet_orig,11,robustness,2.3826181888580322
7,effnet_orig,11,complexity,0.21801946935448013
7,effnet_orig,12,faithfulness,0.4046579599380493
7,effnet_orig,12,robustness,5.531191349029541
7,effnet_orig,12,complexity,0.3034475254723135
7,effnet_orig,13,faithfulness,0.00282423198223114
7,effnet_orig,13,robustness,4.777724266052246
7,effnet_orig,13,complexity,0.3740280732193883
7,effnet_orig,14,faithfulness,-0.05537766218185425
7,effnet_orig,14,robustness,0.9507889747619629
7,effnet_orig,14,complexity,0.046136190406441575
7,effnet_orig,15,faithfulness,0.04095204174518585
7,effnet_orig,15,robustness,7.322141170501709
7,effnet_orig,15,complexity,0.22224610522637486
7,effnet_orig,16,faithfulness,0.0025634169578552246
7,effnet_orig,16,robustness,2.3607559204101562
7,effnet_orig,16,complexity,0.1831752047673551
7,effnet_orig,17,faithfulness,-0.0955817848443985
7,effnet_orig,17,robustness,13.382928848266602
7,effnet_orig,17,complexity,0.26359076680251925
7,effnet_orig,18,faithfulness,-0.17867571115493774
7,effnet_orig,18,robustness,2.351369857788086
7,effnet_orig,18,complexity,0.09838697721599939
7,effnet_orig,19,faithfulness,0.19231462478637695
7,effnet_orig,19,robustness,2.0758886337280273
7,effnet_orig,19,complexity,0.16639326763782442
7,effnet_orig,20,faithfulness,0.012668129056692123
7,effnet_orig,20,robustness,2.0052638053894043
7,effnet_orig,20,complexity,0.08115119452324297
7,effnet_orig,21,faithfulness,-0.37502914667129517
7,effnet_orig,21,robustness,1.6727012395858765
7,effnet_orig,21,complexity,0.08203768548218442
7,effnet_orig,22,faithfulness,-0.1901952475309372
7,effnet_orig,22,robustness,0.9946171641349792
7,effnet_orig,22,complexity,0.0451296247409604
7,effnet_orig,23,faithfulness,0.10094480216503143
7,effnet_orig,23,robustness,0.9931244254112244
7,effnet_orig,23,complexity,0.04303819020859533
7,effnet_orig,24,faithfulness,-0.15715409815311432
7,effnet_orig,24,robustness,0.9862927198410034
7,effnet_orig,24,complexity,0.13123230032896605
7,effnet_orig,25,faithfulness,0.1520334631204605
7,effnet_orig,25,robustness,0.9829407334327698
7,effnet_orig,25,complexity,0.36491162536249055
7,effnet_orig,26,faithfulness,-0.050890542566776276
7,effnet_orig,26,robustness,1.013751745223999
7,effnet_orig,26,complexity,0.03724316939553481
7,effnet_orig,27,faithfulness,0.10069090873003006
7,effnet_orig,27,robustness,1.2328232526779175
7,effnet_orig,27,complexity,0.11092436364850725
7,effnet_orig,28,faithfulness,0.20260724425315857
7,effnet_orig,28,robustness,1.2049204111099243
7,effnet_orig,28,complexity,0.17185922400960546
7,effnet_orig,29,faithfulness,0.167809396982193
7,effnet_orig,29,robustness,1.024964451789856
7,effnet_orig,29,complexity,0.17196832838003043
7,effnet_orig,30,faithfulness,0.09096840023994446
7,effnet_orig,30,robustness,1.7167465686798096
7,effnet_orig,30,complexity,0.13284646218800977
7,effnet_orig,31,faithfulness,0.026033736765384674
7,effnet_orig,31,robustness,1.2247902154922485
7,effnet_orig,31,complexity,0.31252225120936056
7,effnet_orig,32,faithfulness,0.09188239276409149
7,effnet_orig,32,robustness,0.9731226563453674
7,effnet_orig,32,complexity,0.0844985569962997
7,effnet_orig,33,faithfulness,0.1951466202735901
7,effnet_orig,33,robustness,1.639864444732666
7,effnet_orig,33,complexity,0.04945884267106043
7,effnet_orig,34,faithfulness,0.09891785681247711
7,effnet_orig,34,robustness,0.9585590958595276
7,effnet_orig,34,complexity,0.1372542080821562
7,effnet_orig,35,faithfulness,-0.13395382463932037
7,effnet_orig,35,robustness,1.0029305219650269
7,effnet_orig,35,complexity,0.16760052638726047
7,effnet_orig,36,faithfulness,0.08136704564094543
7,effnet_orig,36,robustness,1.0099198818206787
7,effnet_orig,36,complexity,0.047378703565972034
7,effnet_orig,37,faithfulness,0.17860065400600433
7,effnet_orig,37,robustness,0.9856421947479248
7,effnet_orig,37,complexity,0.12276855189704573
7,effnet_orig,38,faithfulness,-0.014037273824214935
7,effnet_orig,38,robustness,0.9469515681266785
7,effnet_orig,38,complexity,0.07878922277393675
7,effnet_orig,39,faithfulness,0.02687438577413559
7,effnet_orig,39,robustness,1.154762864112854
7,effnet_orig,39,complexity,0.26607902181633963
7,effnet_orig,40,faithfulness,0.26729390025138855
7,effnet_orig,40,robustness,2.7268757820129395
7,effnet_orig,40,complexity,0.40190299530214113
7,effnet_orig,41,faithfulness,-0.16914314031600952
7,effnet_orig,41,robustness,0.9551703929901123
7,effnet_orig,41,complexity,0.18078237316821266
7,effnet_orig,42,faithfulness,-0.051980480551719666
7,effnet_orig,42,robustness,0.9724434018135071
7,effnet_orig,42,complexity,0.15224348128148893
7,effnet_orig,43,faithfulness,-0.35852062702178955
7,effnet_orig,43,robustness,0.9812967777252197
7,effnet_orig,43,complexity,0.19274442067801087
7,effnet_orig,44,faithfulness,0.1539788395166397
7,effnet_orig,44,robustness,1.000624179840088
7,effnet_orig,44,complexity,0.2623538570153634
7,effnet_orig,45,faithfulness,-0.1350935995578766
7,effnet_orig,45,robustness,2.656435012817383
7,effnet_orig,45,complexity,0.2819958270826422
7,effnet_recplot,0,faithfulness,0.1720941960811615
7,effnet_recplot,0,robustness,1.5766581296920776
7,effnet_recplot,0,complexity,0.19484390190992376
7,effnet_recplot,1,faithfulness,-0.32139113545417786
7,effnet_recplot,1,robustness,1.0676000118255615
7,effnet_recplot,1,complexity,0.2163382131984408
7,effnet_recplot,2,faithfulness,0.06046745181083679
7,effnet_recplot,2,robustness,1.1185954809188843
7,effnet_recplot,2,complexity,0.10183384125076186
7,effnet_recplot,3,faithfulness,0.041747093200683594
7,effnet_recplot,3,robustness,1.1811524629592896
7,effnet_recplot,3,complexity,0.1266567170333134
7,effnet_recplot,4,faithfulness,0.13470330834388733
7,effnet_recplot,4,robustness,1.1346224546432495
7,effnet_recplot,4,complexity,0.13902063409926832
7,effnet_recplot,5,faithfulness,0.2112480103969574
7,effnet_recplot,5,robustness,1.1119458675384521
7,effnet_recplot,5,complexity,0.39852759773141366
7,effnet_recplot,6,faithfulness,-0.24524113535881042
7,effnet_recplot,6,robustness,1.0197547674179077
7,effnet_recplot,6,complexity,0.18550191893270804
7,effnet_recplot,7,faithfulness,-0.11541534215211868
7,effnet_recplot,7,robustness,1.0114835500717163
7,effnet_recplot,7,complexity,0.04328542787885895
7,effnet_recplot,8,faithfulness,0.4675902724266052
7,effnet_recplot,8,robustness,1.0087671279907227
7,effnet_recplot,8,complexity,0.1371444198367552
7,effnet_recplot,9,faithfulness,-0.068410225212574
7,effnet_recplot,9,robustness,1.1165990829467773
7,effnet_recplot,9,complexity,0.2014162153947157
7,effnet_recplot,10,faithfulness,0.3625677525997162
7,effnet_recplot,10,robustness,1.5092926025390625
7,effnet_recplot,10,complexity,0.4413666306749702
7,effnet_recplot,11,faithfulness,-0.26462265849113464
7,effnet_recplot,11,robustness,1.0245115756988525
7,effnet_recplot,11,complexity,0.04549604837487418
7,effnet_recplot,12,faithfulness,-0.0023026317358016968
7,effnet_recplot,12,robustness,1.1093361377716064
7,effnet_recplot,12,complexity,0.3452460301554825
7,effnet_recplot,13,faithfulness,0.02891875058412552
7,effnet_recplot,13,robustness,1.0604649782180786
7,effnet_recplot,13,complexity,0.03654189646896367
7,effnet_recplot,14,faithfulness,0.1885097622871399
7,effnet_recplot,14,robustness,1.0936464071273804
7,effnet_recplot,14,complexity,0.26169459775948517
7,effnet_recplot,15,faithfulness,0.05401664227247238
7,effnet_recplot,15,robustness,1.0336536169052124
7,effnet_recplot,15,complexity,0.05029719719976499
7,effnet_recplot,16,faithfulness,-0.3049257695674896
7,effnet_recplot,16,robustness,1.0137947797775269
7,effnet_recplot,16,complexity,0.13098907019598682
7,effnet_recplot,17,faithfulness,-0.12065954506397247
7,effnet_recplot,17,robustness,1.0560184717178345
7,effnet_recplot,17,complexity,0.1109425223552631
7,effnet_recplot,18,faithfulness,0.22052201628684998
7,effnet_recplot,18,robustness,1.0489795207977295
7,effnet_recplot,18,complexity,0.10412743375569637
7,effnet_recplot,19,faithfulness,0.2672763466835022
7,effnet_recplot,19,robustness,1.0676239728927612
7,effnet_recplot,19,complexity,0.14813854472995625
7,effnet_recplot,20,faithfulness,-0.13274210691452026
7,effnet_recplot,20,robustness,1.0415948629379272
7,effnet_recplot,20,complexity,0.09909373569983206
7,effnet_recplot,21,faithfulness,-0.048325344920158386
7,effnet_recplot,21,robustness,1.2169411182403564
7,effnet_recplot,21,complexity,0.3581870078892211
7,effnet_recplot,22,faithfulness,-0.026553049683570862
7,effnet_recplot,22,robustness,1.115023136138916
7,effnet_recplot,22,complexity,0.3211334627351236
7,effnet_recplot,23,faithfulness,-0.03877323865890503
7,effnet_recplot,23,robustness,1.0971019268035889
7,effnet_recplot,23,complexity,0.26869453846413455
7,effnet_recplot,24,faithfulness,0.23018212616443634
7,effnet_recplot,24,robustness,1.092073678970337
7,effnet_recplot,24,complexity,0.1890206873533243
7,effnet_recplot,25,faithfulness,0.17630541324615479
7,effnet_recplot,25,robustness,1.0132358074188232
7,effnet_recplot,25,complexity,0.1484634035603402
7,effnet_recplot,26,faithfulness,0.16447171568870544
7,effnet_recplot,26,robustness,1.049154281616211
7,effnet_recplot,26,complexity,0.0742091827833453
7,effnet_recplot,27,faithfulness,0.2808821499347687
7,effnet_recplot,27,robustness,1.2527289390563965
7,effnet_recplot,27,complexity,0.1340328426995378
7,effnet_recplot,28,faithfulness,0.3566213548183441
7,effnet_recplot,28,robustness,1.2287681102752686
7,effnet_recplot,28,complexity,0.3319044769999669
7,effnet_recplot,29,faithfulness,-0.09180881828069687
7,effnet_recplot,29,robustness,1.216611385345459
7,effnet_recplot,29,complexity,0.4597945738718301
7,effnet_recplot,30,faithfulness,-0.10594059526920319
7,effnet_recplot,30,robustness,1.139711856842041
7,effnet_recplot,30,complexity,0.31542901050543076
7,effnet_recplot,31,faithfulness,0.19334611296653748
7,effnet_recplot,31,robustness,2.9193527698516846
7,effnet_recplot,31,complexity,0.10572704726626721
7,effnet_recplot,32,faithfulness,0.1373848021030426
7,effnet_recplot,32,robustness,1.4154433012008667
7,effnet_recplot,32,complexity,0.199936106488142
7,effnet_recplot,33,faithfulness,0.20467165112495422
7,effnet_recplot,33,robustness,1.2422572374343872
7,effnet_recplot,33,complexity,0.29780296307960935
7,effnet_recplot,34,faithfulness,0.1390312761068344
7,effnet_recplot,34,robustness,2.7415084838867188
7,effnet_recplot,34,complexity,0.20517907444965097
7,effnet_recplot,35,faithfulness,0.39680570363998413
7,effnet_recplot,35,robustness,5.398894786834717
7,effnet_recplot,35,complexity,0.20675209705473185
7,effnet_recplot,36,faithfulness,-0.11620544642210007
7,effnet_recplot,36,robustness,1.1638675928115845
7,effnet_recplot,36,complexity,0.12766459226244062
7,effnet_recplot,37,faithfulness,0.21492528915405273
7,effnet_recplot,37,robustness,1.5868127346038818
7,effnet_recplot,37,complexity,0.2195705560558286
7,effnet_recplot,38,faithfulness,-0.20934617519378662
7,effnet_recplot,38,robustness,1.8450812101364136
7,effnet_recplot,38,complexity,0.2676524401232807
7,effnet_recplot,39,faithfulness,0.08087124675512314
7,effnet_recplot,39,robustness,1.528770089149475
7,effnet_recplot,39,complexity,0.32662639769928775
7,effnet_recplot,40,faithfulness,0.31548845767974854
7,effnet_recplot,40,robustness,1.040719985961914
7,effnet_recplot,40,complexity,0.22004458592388831
7,effnet_recplot,41,faithfulness,0.41126883029937744
7,effnet_recplot,41,robustness,3.663980722427368
7,effnet_recplot,41,complexity,0.33994418506522395
7,effnet_recplot,42,faithfulness,0.12209677696228027
7,effnet_recplot,42,robustness,1.0810620784759521
7,effnet_recplot,42,complexity,0.3935415693025363
7,effnet_recplot,43,faithfulness,-0.002597808837890625
7,effnet_recplot,43,robustness,1.0691064596176147
7,effnet_recplot,43,complexity,0.14254013219108383
7,effnet_recplot,44,faithfulness,-0.0660569965839386
7,effnet_recplot,44,robustness,1.7870279550552368
7,effnet_recplot,44,complexity,0.36653677730677364
7,effnet_recplot,45,faithfulness,0.3735959529876709
7,effnet_recplot,45,robustness,1.5890916585922241
7,effnet_recplot,45,complexity,0.08879713477953877
12,mobilenet_orig,0,faithfulness,0.4485071301460266
12,mobilenet_orig,0,robustness,1.0230703353881836
12,mobilenet_orig,0,complexity,0.5383650469561375
12,mobilenet_orig,1,faithfulness,0.0868363231420517
12,mobilenet_orig,1,robustness,1.416536569595337
12,mobilenet_orig,1,complexity,0.38068378943553527
12,mobilenet_orig,2,faithfulness,0.3233680725097656
12,mobilenet_orig,2,robustness,1.9085818529129028
12,mobilenet_orig,2,complexity,0.37607727848989553
12,mobilenet_orig,3,faithfulness,0.2516942024230957
12,mobilenet_orig,3,robustness,1.6098227500915527
12,mobilenet_orig,3,complexity,0.46126678355484774
12,mobilenet_orig,4,faithfulness,-0.06545692682266235
12,mobilenet_orig,4,robustness,1.92952561378479
12,mobilenet_orig,4,complexity,0.42806322743408726
12,mobilenet_orig,5,faithfulness,0.24012836813926697
12,mobilenet_orig,5,robustness,1.7712664604187012
12,mobilenet_orig,5,complexity,0.48735718544531353
12,mobilenet_orig,6,faithfulness,-0.05493225157260895
12,mobilenet_orig,6,robustness,1.3328624963760376
12,mobilenet_orig,6,complexity,0.4716055145041276
12,mobilenet_orig,7,faithfulness,0.2071446180343628
12,mobilenet_orig,7,robustness,1.5485296249389648
12,mobilenet_orig,7,complexity,0.35406361616769233
12,mobilenet_orig,8,faithfulness,0.14440183341503143
12,mobilenet_orig,8,robustness,0.8924893140792847
12,mobilenet_orig,8,complexity,0.5148255104869106
12,mobilenet_orig,9,faithfulness,0.003944605588912964
12,mobilenet_orig,9,robustness,2.5301198959350586
12,mobilenet_orig,9,complexity,0.4407110919657725
12,mobilenet_orig,10,faithfulness,0.044557295739650726
12,mobilenet_orig,10,robustness,1.3979616165161133
12,mobilenet_orig,10,complexity,0.3931650635542531
12,mobilenet_orig,11,faithfulness,0.18823078274726868
12,mobilenet_orig,11,robustness,1.8857530355453491
12,mobilenet_orig,11,complexity,0.3766253950419263
12,mobilenet_orig,12,faithfulness,0.42136824131011963
12,mobilenet_orig,12,robustness,1.35712468624115
12,mobilenet_orig,12,complexity,0.43882957612607054
12,mobilenet_orig,13,faithfulness,-0.04426376521587372
12,mobilenet_orig,13,robustness,1.321755290031433
12,mobilenet_orig,13,complexity,0.430717168579507
12,mobilenet_orig,14,faithfulness,-0.3164592981338501
12,mobilenet_orig,14,robustness,1.3788502216339111
12,mobilenet_orig,14,complexity,0.33775599075266155
12,mobilenet_orig,15,faithfulness,0.16231496632099152
12,mobilenet_orig,15,robustness,1.683670997619629
12,mobilenet_orig,15,complexity,0.45017364820795014
12,mobilenet_orig,16,faithfulness,0.0019778013229370117
12,mobilenet_orig,16,robustness,2.0130910873413086
12,mobilenet_orig,16,complexity,0.5006540650825184
12,mobilenet_orig,17,faithfulness,-0.02890743687748909
12,mobilenet_orig,17,robustness,1.319248080253601
12,mobilenet_orig,17,complexity,0.35610068882835344
12,mobilenet_orig,18,faithfulness,0.6184693574905396
12,mobilenet_orig,18,robustness,1.2788094282150269
12,mobilenet_orig,18,complexity,0.3769898121516081
12,mobilenet_orig,19,faithfulness,0.2765536904335022
12,mobilenet_orig,19,robustness,1.2031052112579346
12,mobilenet_orig,19,complexity,0.42343490033385023
12,mobilenet_orig,20,faithfulness,-0.0011120662093162537
12,mobilenet_orig,20,robustness,1.66707181930542
12,mobilenet_orig,20,complexity,0.34661316737848263
12,mobilenet_orig,21,faithfulness,-0.03282347321510315
12,mobilenet_orig,21,robustness,1.6173095703125
12,mobilenet_orig,21,complexity,0.3935413458070428
12,mobilenet_orig,22,faithfulness,0.3743722438812256
12,mobilenet_orig,22,robustness,0.979790985584259
12,mobilenet_orig,22,complexity,0.4405768404300978
12,mobilenet_orig,23,faithfulness,0.18284954130649567
12,mobilenet_orig,23,robustness,1.3354120254516602
12,mobilenet_orig,23,complexity,0.45075163441962574
12,mobilenet_orig,24,faithfulness,0.033030688762664795
12,mobilenet_orig,24,robustness,0.9663779139518738
12,mobilenet_orig,24,complexity,0.4058118880522417
12,mobilenet_orig,25,faithfulness,0.22492191195487976
12,mobilenet_orig,25,robustness,1.5077664852142334
12,mobilenet_orig,25,complexity,0.4179363105032402
12,mobilenet_orig,26,faithfulness,0.22666889429092407
12,mobilenet_orig,26,robustness,1.036207914352417
12,mobilenet_orig,26,complexity,0.5047641092888818
12,mobilenet_orig,27,faithfulness,0.29854172468185425
12,mobilenet_orig,27,robustness,1.9914506673812866
12,mobilenet_orig,27,complexity,0.4650919050500293
12,mobilenet_orig,28,faithfulness,0.02574782818555832
12,mobilenet_orig,28,robustness,1.3605769872665405
12,mobilenet_orig,28,complexity,0.426762156716099
12,mobilenet_orig,29,faithfulness,-0.20327524840831757
12,mobilenet_orig,29,robustness,1.6942718029022217
12,mobilenet_orig,29,complexity,0.46898239531726643
12,mobilenet_orig,30,faithfulness,0.2824711203575134
12,mobilenet_orig,30,robustness,1.946820616722107
12,mobilenet_orig,30,complexity,0.4304352023312308
12,mobilenet_orig,31,faithfulness,0.582653284072876
12,mobilenet_orig,31,robustness,1.127058506011963
12,mobilenet_orig,31,complexity,0.4195752198898286
12,mobilenet_orig,32,faithfulness,0.11885243654251099
12,mobilenet_orig,32,robustness,1.2685682773590088
12,mobilenet_orig,32,complexity,0.3967447104797581
12,mobilenet_orig,33,faithfulness,0.38513827323913574
12,mobilenet_orig,33,robustness,1.0537023544311523
12,mobilenet_orig,33,complexity,0.4259588549221087
12,mobilenet_orig,34,faithfulness,0.15226538479328156
12,mobilenet_orig,34,robustness,1.6082133054733276
12,mobilenet_orig,34,complexity,0.4553802204296512
12,mobilenet_orig,35,faithfulness,0.6019342541694641
12,mobilenet_orig,35,robustness,0.8607924580574036
12,mobilenet_orig,35,complexity,0.4985097287305291
12,mobilenet_orig,36,faithfulness,0.04207602143287659
12,mobilenet_orig,36,robustness,2.66456937789917
12,mobilenet_orig,36,complexity,0.4899224271304898
12,mobilenet_orig,37,faithfulness,-0.048105865716934204
12,mobilenet_orig,37,robustness,2.464627265930176
12,mobilenet_orig,37,complexity,0.44227637896747596
12,mobilenet_orig,38,faithfulness,-0.20493078231811523
12,mobilenet_orig,38,robustness,1.9043039083480835
12,mobilenet_orig,38,complexity,0.45874203143386894
12,mobilenet_orig,39,faithfulness,0.054948590695858
12,mobilenet_orig,39,robustness,1.0306665897369385
12,mobilenet_orig,39,complexity,0.46776243134851986
12,mobilenet_orig,40,faithfulness,0.3164030909538269
12,mobilenet_orig,40,robustness,1.0064553022384644
12,mobilenet_orig,40,complexity,0.43356323780161804
12,mobilenet_orig,41,faithfulness,0.19118672609329224
12,mobilenet_orig,41,robustness,0.9826244115829468
12,mobilenet_orig,41,complexity,0.42633412362101264
12,mobilenet_orig,42,faithfulness,0.1921519935131073
12,mobilenet_orig,42,robustness,1.2735788822174072
12,mobilenet_orig,42,complexity,0.4469726913375919
12,mobilenet_orig,43,faithfulness,0.5746732354164124
12,mobilenet_orig,43,robustness,2.5448710918426514
12,mobilenet_orig,43,complexity,0.438327293990178
12,mobilenet_orig,44,faithfulness,0.3749576210975647
12,mobilenet_orig,44,robustness,1.2462165355682373
12,mobilenet_orig,44,complexity,0.3674789884556891
12,mobilenet_orig,45,faithfulness,0.06878034770488739
12,mobilenet_orig,45,robustness,1.5332344770431519
12,mobilenet_orig,45,complexity,0.44961468750454336
12,mobilenet_recplot,0,faithfulness,0.10146769136190414
12,mobilenet_recplot,0,robustness,6.719088554382324
12,mobilenet_recplot,0,complexity,0.476787777150395
12,mobilenet_recplot,1,faithfulness,0.22873079776763916
12,mobilenet_recplot,1,robustness,1.8737192153930664
12,mobilenet_recplot,1,complexity,0.5774187969857869
12,mobilenet_recplot,2,faithfulness,0.026284709572792053
12,mobilenet_recplot,2,robustness,1.4976836442947388
12,mobilenet_recplot,2,complexity,0.6066998568947066
12,mobilenet_recplot,3,faithfulness,0.3563964068889618
12,mobilenet_recplot,3,robustness,1.7926868200302124
12,mobilenet_recplot,3,complexity,0.5191058272395868
12,mobilenet_recplot,4,faithfulness,0.0739712119102478
12,mobilenet_recplot,4,robustness,1.1599748134613037
12,mobilenet_recplot,4,complexity,0.5391352580227036
12,mobilenet_recplot,5,faithfulness,0.29034391045570374
12,mobilenet_recplot,5,robustness,2.302443265914917
12,mobilenet_recplot,5,complexity,0.4842296541890908
12,mobilenet_recplot,6,faithfulness,-0.14226146042346954
12,mobilenet_recplot,6,robustness,1.665795922279358
12,mobilenet_recplot,6,complexity,0.48373379168311237
12,mobilenet_recplot,7,faithfulness,0.03431551530957222
12,mobilenet_recplot,7,robustness,1.15873122215271
12,mobilenet_recplot,7,complexity,0.5819988087636845
12,mobilenet_recplot,8,faithfulness,0.4621424674987793
12,mobilenet_recplot,8,robustness,0.9701138734817505
12,mobilenet_recplot,8,complexity,0.5955934933283128
12,mobilenet_recplot,9,faithfulness,0.1453811526298523
12,mobilenet_recplot,9,robustness,1.5081911087036133
12,mobilenet_recplot,9,complexity,0.5810735308893064
12,mobilenet_recplot,10,faithfulness,0.04057217016816139
12,mobilenet_recplot,10,robustness,2.4731390476226807
12,mobilenet_recplot,10,complexity,0.4919935442926298
12,mobilenet_recplot,11,faithfulness,0.1855912208557129
12,mobilenet_recplot,11,robustness,1.0840755701065063
12,mobilenet_recplot,11,complexity,0.5441791624287429
12,mobilenet_recplot,12,faithfulness,0.4476209878921509
12,mobilenet_recplot,12,robustness,1.2888250350952148
12,mobilenet_recplot,12,complexity,0.5279885394311197
12,mobilenet_recplot,13,faithfulness,0.29811006784439087
12,mobilenet_recplot,13,robustness,1.6244111061096191
12,mobilenet_recplot,13,complexity,0.46580721498944966
12,mobilenet_recplot,14,faithfulness,0.4838183522224426
12,mobilenet_recplot,14,robustness,1.3271163702011108
12,mobilenet_recplot,14,complexity,0.620434605829909
12,mobilenet_recplot,15,faithfulness,0.15954959392547607
12,mobilenet_recplot,15,robustness,1.259854793548584
12,mobilenet_recplot,15,complexity,0.5908224146814518
12,mobilenet_recplot,16,faithfulness,0.36282825469970703
12,mobilenet_recplot,16,robustness,1.4763251543045044
12,mobilenet_recplot,16,complexity,0.6069012461602179
12,mobilenet_recplot,17,faithfulness,0.50501948595047
12,mobilenet_recplot,17,robustness,1.4049221277236938
12,mobilenet_recplot,17,complexity,0.5340497909921855
12,mobilenet_recplot,18,faithfulness,0.025072216987609863
12,mobilenet_recplot,18,robustness,2.0678093433380127
12,mobilenet_recplot,18,complexity,0.46809742948591904
12,mobilenet_recplot,19,faithfulness,0.06315487623214722
12,mobilenet_recplot,19,robustness,3.332291603088379
12,mobilenet_recplot,19,complexity,0.5370266481714703
12,mobilenet_recplot,20,faithfulness,0.0840122252702713
12,mobilenet_recplot,20,robustness,1.5226842164993286
12,mobilenet_recplot,20,complexity,0.517700819617222
12,mobilenet_recplot,21,faithfulness,0.34687340259552
12,mobilenet_recplot,21,robustness,1.1836202144622803
12,mobilenet_recplot,21,complexity,0.5658645385303488
12,mobilenet_recplot,22,faithfulness,0.27653175592422485
12,mobilenet_recplot,22,robustness,2.753260374069214
12,mobilenet_recplot,22,complexity,0.4203937456315291
12,mobilenet_recplot,23,faithfulness,0.2917815148830414
12,mobilenet_recplot,23,robustness,4.428918838500977
12,mobilenet_recplot,23,complexity,0.4103560328987192
12,mobilenet_recplot,24,faithfulness,0.16028818488121033
12,mobilenet_recplot,24,robustness,3.764627456665039
12,mobilenet_recplot,24,complexity,0.442304744382225
12,mobilenet_recplot,25,faithfulness,0.19543489813804626
12,mobilenet_recplot,25,robustness,3.9927797317504883
12,mobilenet_recplot,25,complexity,0.40318839728509775
12,mobilenet_recplot,26,faithfulness,0.0541025809943676
12,mobilenet_recplot,26,robustness,3.4597620964050293
12,mobilenet_recplot,26,complexity,0.4860996139819136
12,mobilenet_recplot,27,faithfulness,0.02491362951695919
12,mobilenet_recplot,27,robustness,2.9345145225524902
12,mobilenet_recplot,27,complexity,0.42547998111677177
12,mobilenet_recplot,28,faithfulness,-0.03289247304201126
12,mobilenet_recplot,28,robustness,5.238892078399658
12,mobilenet_recplot,28,complexity,0.4690833263292933
12,mobilenet_recplot,29,faithfulness,-0.009188501164317131
12,mobilenet_recplot,29,robustness,6.63173246383667
12,mobilenet_recplot,29,complexity,0.43681633921713275
12,mobilenet_recplot,30,faithfulness,-0.012183338403701782
12,mobilenet_recplot,30,robustness,8.231646537780762
12,mobilenet_recplot,30,complexity,0.44894895550734615
12,mobilenet_recplot,31,faithfulness,0.2281859964132309
12,mobilenet_recplot,31,robustness,3.857253074645996
12,mobilenet_recplot,31,complexity,0.41426668314536397
12,mobilenet_recplot,32,faithfulness,0.33011987805366516
12,mobilenet_recplot,32,robustness,2.5172007083892822
12,mobilenet_recplot,32,complexity,0.37271784377056477
12,mobilenet_recplot,33,faithfulness,0.2450132668018341
12,mobilenet_recplot,33,robustness,3.9543209075927734
12,mobilenet_recplot,33,complexity,0.3691332233394868
12,mobilenet_recplot,34,faithfulness,0.22991320490837097
12,mobilenet_recplot,34,robustness,1.8714269399642944
12,mobilenet_recplot,34,complexity,0.5470816241179298
12,mobilenet_recplot,35,faithfulness,0.22844916582107544
12,mobilenet_recplot,35,robustness,1.8520315885543823
12,mobilenet_recplot,35,complexity,0.5257714771985892
12,mobilenet_recplot,36,faithfulness,0.2655748128890991
12,mobilenet_recplot,36,robustness,2.766414165496826
12,mobilenet_recplot,36,complexity,0.41457546219058633
12,mobilenet_recplot,37,faithfulness,-0.013705387711524963
12,mobilenet_recplot,37,robustness,3.371953010559082
12,mobilenet_recplot,37,complexity,0.4796379589208008
12,mobilenet_recplot,38,faithfulness,0.36060550808906555
12,mobilenet_recplot,38,robustness,3.8175954818725586
12,mobilenet_recplot,38,complexity,0.4253607731410476
12,mobilenet_recplot,39,faithfulness,0.40048912167549133
12,mobilenet_recplot,39,robustness,2.8972764015197754
12,mobilenet_recplot,39,complexity,0.5057582545864611
12,mobilenet_recplot,40,faithfulness,0.26058655977249146
12,mobilenet_recplot,40,robustness,4.508392810821533
12,mobilenet_recplot,40,complexity,0.4585221482316782
12,mobilenet_recplot,41,faithfulness,-0.1928166151046753
12,mobilenet_recplot,41,robustness,2.586029291152954
12,mobilenet_recplot,41,complexity,0.45862550966074284
12,mobilenet_recplot,42,faithfulness,0.1073710173368454
12,mobilenet_recplot,42,robustness,2.407789707183838
12,mobilenet_recplot,42,complexity,0.4408778430832907
12,mobilenet_recplot,43,faithfulness,0.10320255160331726
12,mobilenet_recplot,43,robustness,2.7539725303649902
12,mobilenet_recplot,43,complexity,0.5350676201768968
12,mobilenet_recplot,44,faithfulness,0.17433086037635803
12,mobilenet_recplot,44,robustness,3.0654311180114746
12,mobilenet_recplot,44,complexity,0.47488668442355736
12,mobilenet_recplot,45,faithfulness,0.23657505214214325
12,mobilenet_recplot,45,robustness,4.345833778381348
12,mobilenet_recplot,45,complexity,0.47069322408124903
12,effnet_orig,0,faithfulness,-0.18274453282356262
12,effnet_orig,0,robustness,2.5540759563446045
12,effnet_orig,0,complexity,0.2245506770160206
12,effnet_orig,1,faithfulness,0.2170398235321045
12,effnet_orig,1,robustness,5.411361217498779
12,effnet_orig,1,complexity,0.36333325057168947
12,effnet_orig,2,faithfulness,0.17329809069633484
12,effnet_orig,2,robustness,2.087188720703125
12,effnet_orig,2,complexity,0.22508330602063442
12,effnet_orig,3,faithfulness,0.33494406938552856
12,effnet_orig,3,robustness,4.897409915924072
12,effnet_orig,3,complexity,0.4574542588369484
12,effnet_orig,4,faithfulness,-0.00431186705827713
12,effnet_orig,4,robustness,1.2899094820022583
12,effnet_orig,4,complexity,0.3314245094596481
12,effnet_orig,5,faithfulness,-0.0402812734246254
12,effnet_orig,5,robustness,4.3241496086120605
12,effnet_orig,5,complexity,0.3543833925398819
12,effnet_orig,6,faithfulness,0.022727593779563904
12,effnet_orig,6,robustness,1.7921133041381836
12,effnet_orig,6,complexity,0.3649176621864383
12,effnet_orig,7,faithfulness,0.16157735884189606
12,effnet_orig,7,robustness,3.1147496700286865
12,effnet_orig,7,complexity,0.2764467353385162
12,effnet_orig,8,faithfulness,0.033901236951351166
12,effnet_orig,8,robustness,1.5971711874008179
12,effnet_orig,8,complexity,0.36087387077702654
12,effnet_orig,9,faithfulness,0.17734640836715698
12,effnet_orig,9,robustness,2.5024466514587402
12,effnet_orig,9,complexity,0.4556705586003264
12,effnet_orig,10,faithfulness,-0.015141904354095459
12,effnet_orig,10,robustness,3.635350465774536
12,effnet_orig,10,complexity,0.20915065962186846
12,effnet_orig,11,faithfulness,0.15657298266887665
12,effnet_orig,11,robustness,1.6719987392425537
12,effnet_orig,11,complexity,0.14841533755106592
12,effnet_orig,12,faithfulness,0.20801469683647156
12,effnet_orig,12,robustness,1.0806047916412354
12,effnet_orig,12,complexity,0.2301141361328763
12,effnet_orig,13,faithfulness,0.2428733855485916
12,effnet_orig,13,robustness,2.472402334213257
12,effnet_orig,13,complexity,0.14872162469137462
12,effnet_orig,14,faithfulness,0.2727261483669281
12,effnet_orig,14,robustness,1.81476628780365
12,effnet_orig,14,complexity,0.11991340621642398
12,effnet_orig,15,faithfulness,-0.3279200494289398
12,effnet_orig,15,robustness,2.813617467880249
12,effnet_orig,15,complexity,0.24766135795198294
12,effnet_orig,16,faithfulness,-0.011318536475300789
12,effnet_orig,16,robustness,1.1969964504241943
12,effnet_orig,16,complexity,0.38826716696733415
12,effnet_orig,17,faithfulness,0.1581767201423645
12,effnet_orig,17,robustness,1.67619788646698
12,effnet_orig,17,complexity,0.13864284040567987
12,effnet_orig,18,faithfulness,-0.19220992922782898
12,effnet_orig,18,robustness,1.489965796470642
12,effnet_orig,18,complexity,0.20297037671226292
12,effnet_orig,19,faithfulness,0.04149409383535385
12,effnet_orig,19,robustness,2.033881187438965
12,effnet_orig,19,complexity,0.13564803370037082
12,effnet_orig,20,faithfulness,0.15171678364276886
12,effnet_orig,20,robustness,0.9772129058837891
12,effnet_orig,20,complexity,0.09302747729066112
12,effnet_orig,21,faithfulness,-0.11810078471899033
12,effnet_orig,21,robustness,1.254269003868103
12,effnet_orig,21,complexity,0.10508695686464767
12,effnet_orig,22,faithfulness,0.23002836108207703
12,effnet_orig,22,robustness,1.3900384902954102
12,effnet_orig,22,complexity,0.17999331987606948
12,effnet_orig,23,faithfulness,0.14493542909622192
12,effnet_orig,23,robustness,1.1602500677108765
12,effnet_orig,23,complexity,0.4006589705575589
12,effnet_orig,24,faithfulness,-0.32106444239616394
12,effnet_orig,24,robustness,0.943474531173706
12,effnet_orig,24,complexity,0.10192460270683183
12,effnet_orig,25,faithfulness,-0.19910943508148193
12,effnet_orig,25,robustness,1.6539440155029297
12,effnet_orig,25,complexity,0.3516247787696846
12,effnet_orig,26,faithfulness,0.28423944115638733
12,effnet_orig,26,robustness,3.1874301433563232
12,effnet_orig,26,complexity,0.45798043652923076
12,effnet_orig,27,faithfulness,0.3774920701980591
12,effnet_orig,27,robustness,0.9902722835540771
12,effnet_orig,27,complexity,0.13024683829102726
12,effnet_orig,28,faithfulness,0.15417414903640747
12,effnet_orig,28,robustness,1.6676944494247437
12,effnet_orig,28,complexity,0.15094470784549288
12,effnet_orig,29,faithfulness,0.08164995908737183
12,effnet_orig,29,robustness,1.041658639907837
12,effnet_orig,29,complexity,0.07225999091320003
12,effnet_orig,30,faithfulness,-0.09695662558078766
12,effnet_orig,30,robustness,1.2415083646774292
12,effnet_orig,30,complexity,0.2114049188642533
12,effnet_orig,31,faithfulness,-0.450198233127594
12,effnet_orig,31,robustness,2.16517972946167
12,effnet_orig,31,complexity,0.4046523116575227
12,effnet_orig,32,faithfulness,0.07053600251674652
12,effnet_orig,32,robustness,1.0507311820983887
12,effnet_orig,32,complexity,0.13067599486878526
12,effnet_orig,33,faithfulness,-0.4524250626564026
12,effnet_orig,33,robustness,1.006705641746521
12,effnet_orig,33,complexity,0.12751226586580208
12,effnet_orig,34,faithfulness,-0.02577871084213257
12,effnet_orig,34,robustness,1.0750819444656372
12,effnet_orig,34,complexity,0.20308866989060062
12,effnet_orig,35,faithfulness,0.27406781911849976
12,effnet_orig,35,robustness,2.9439117908477783
12,effnet_orig,35,complexity,0.42236934710401175
12,effnet_orig,36,faithfulness,-0.15701983869075775
12,effnet_orig,36,robustness,1.7475403547286987
12,effnet_orig,36,complexity,0.17212105973534034
12,effnet_orig,37,faithfulness,0.12667438387870789
12,effnet_orig,37,robustness,1.4928587675094604
12,effnet_orig,37,complexity,0.11869902373529488
12,effnet_orig,38,faithfulness,0.25216659903526306
12,effnet_orig,38,robustness,1.3093339204788208
12,effnet_orig,38,complexity,0.14915428088766963
12,effnet_orig,39,faithfulness,0.031071066856384277
12,effnet_orig,39,robustness,1.533424973487854
12,effnet_orig,39,complexity,0.42316198221731705
12,effnet_orig,40,faithfulness,0.09522829949855804
12,effnet_orig,40,robustness,2.803159713745117
12,effnet_orig,40,complexity,0.3820812470841789
12,effnet_orig,41,faithfulness,0.14400579035282135
12,effnet_orig,41,robustness,1.2757772207260132
12,effnet_orig,41,complexity,0.17496118154831522
12,effnet_orig,42,faithfulness,0.04953533411026001
12,effnet_orig,42,robustness,1.321799635887146
12,effnet_orig,42,complexity,0.22413811591787253
12,effnet_orig,43,faithfulness,-0.2600145936012268
12,effnet_orig,43,robustness,2.121122121810913
12,effnet_orig,43,complexity,0.16969498165910923
12,effnet_orig,44,faithfulness,0.05014379695057869
12,effnet_orig,44,robustness,1.1677614450454712
12,effnet_orig,44,complexity,0.1937499655132597
12,effnet_orig,45,faithfulness,0.21408092975616455
12,effnet_orig,45,robustness,0.9799982309341431
12,effnet_orig,45,complexity,0.22198700937197066
12,effnet_recplot,0,faithfulness,-0.06494701653718948
12,effnet_recplot,0,robustness,1.1052491664886475
12,effnet_recplot,0,complexity,0.3613053258047318
12,effnet_recplot,1,faithfulness,0.053146637976169586
12,effnet_recplot,1,robustness,1.0712932348251343
12,effnet_recplot,1,complexity,0.21892711932730557
12,effnet_recplot,2,faithfulness,0.07473914325237274
12,effnet_recplot,2,robustness,1.1188757419586182
12,effnet_recplot,2,complexity,0.3285915248548619
12,effnet_recplot,3,faithfulness,0.19772832095623016
12,effnet_recplot,3,robustness,1.0472846031188965
12,effnet_recplot,3,complexity,0.29895749290926976
12,effnet_recplot,4,faithfulness,-0.23394951224327087
12,effnet_recplot,4,robustness,1.052453875541687
12,effnet_recplot,4,complexity,0.22346889971311154
12,effnet_recplot,5,faithfulness,0.23838244378566742
12,effnet_recplot,5,robustness,1.0872254371643066
12,effnet_recplot,5,complexity,0.42118709822866685
12,effnet_recplot,6,faithfulness,0.19128689169883728
12,effnet_recplot,6,robustness,1.0317461490631104
12,effnet_recplot,6,complexity,0.10814361006541956
12,effnet_recplot,7,faithfulness,0.0913732573390007
12,effnet_recplot,7,robustness,1.0145602226257324
12,effnet_recplot,7,complexity,0.13962783366751652
12,effnet_recplot,8,faithfulness,0.059458568692207336
12,effnet_recplot,8,robustness,1.0094187259674072
12,effnet_recplot,8,complexity,0.14709376551232523
12,effnet_recplot,9,faithfulness,0.32305407524108887
12,effnet_recplot,9,robustness,1.002912163734436
12,effnet_recplot,9,complexity,0.1335976314656032
12,effnet_recplot,10,faithfulness,-0.08969622850418091
12,effnet_recplot,10,robustness,1.3637666702270508
12,effnet_recplot,10,complexity,0.35942237511732594
12,effnet_recplot,11,faithfulness,0.055027518421411514
12,effnet_recplot,11,robustness,1.0203442573547363
12,effnet_recplot,11,complexity,0.07726284293109148
12,effnet_recplot,12,faithfulness,0.1686849147081375
12,effnet_recplot,12,robustness,1.0889419317245483
12,effnet_recplot,12,complexity,0.3600636555442788
12,effnet_recplot,13,faithfulness,0.059820376336574554
12,effnet_recplot,13,robustness,1.0274920463562012
12,effnet_recplot,13,complexity,0.18769838709593806
12,effnet_recplot,14,faithfulness,-0.14070960879325867
12,effnet_recplot,14,robustness,1.007448673248291
12,effnet_recplot,14,complexity,0.0907890595506327
12,effnet_recplot,15,faithfulness,-0.11881407350301743
12,effnet_recplot,15,robustness,1.0024105310440063
12,effnet_recplot,15,complexity,0.12498647009036946
12,effnet_recplot,16,faithfulness,-0.12904366850852966
12,effnet_recplot,16,robustness,1.249472975730896
12,effnet_recplot,16,complexity,0.2471176469154345
12,effnet_recplot,17,faithfulness,-0.1814819574356079
12,effnet_recplot,17,robustness,1.0159242153167725
12,effnet_recplot,17,complexity,0.04568963634508701
12,effnet_recplot,18,faithfulness,-0.1763274371623993
12,effnet_recplot,18,robustness,1.047676920890808
12,effnet_recplot,18,complexity,0.17067858699160973
12,effnet_recplot,19,faithfulness,-0.017723239958286285
12,effnet_recplot,19,robustness,1.0908843278884888
12,effnet_recplot,19,complexity,0.20092337419915893
12,effnet_recplot,20,faithfulness,-0.06461609154939651
12,effnet_recplot,20,robustness,1.0248676538467407
12,effnet_recplot,20,complexity,0.15283918299226196
12,effnet_recplot,21,faithfulness,-0.15202653408050537
12,effnet_recplot,21,robustness,1.0394067764282227
12,effnet_recplot,21,complexity,0.10724327068502522
12,effnet_recplot,22,faithfulness,0.05083855241537094
12,effnet_recplot,22,robustness,1.085414171218872
12,effnet_recplot,22,complexity,0.2883597275106375
12,effnet_recplot,23,faithfulness,-0.05408242717385292
12,effnet_recplot,23,robustness,1.1250938177108765
12,effnet_recplot,23,complexity,0.4030434798414616
12,effnet_recplot,24,faithfulness,-0.04355817288160324
12,effnet_recplot,24,robustness,1.282217264175415
12,effnet_recplot,24,complexity,0.3527200507363072
12,effnet_recplot,25,faithfulness,-0.11451912671327591
12,effnet_recplot,25,robustness,1.039115071296692
12,effnet_recplot,25,complexity,0.3645187808995314
12,effnet_recplot,26,faithfulness,-0.10810061544179916
12,effnet_recplot,26,robustness,1.1720160245895386
12,effnet_recplot,26,complexity,0.17126726007441231
12,effnet_recplot,27,faithfulness,-0.07268057763576508
12,effnet_recplot,27,robustness,1.0813610553741455
12,effnet_recplot,27,complexity,0.4347298403471947
12,effnet_recplot,28,faithfulness,0.22468268871307373
12,effnet_recplot,28,robustness,1.9049818515777588
12,effnet_recplot,28,complexity,0.42415074247631435
12,effnet_recplot,29,faithfulness,0.5843918919563293
12,effnet_recplot,29,robustness,2.7852509021759033
12,effnet_recplot,29,complexity,0.3479470379609421
12,effnet_recplot,30,faithfulness,0.30102086067199707
12,effnet_recplot,30,robustness,9.510540008544922
12,effnet_recplot,30,complexity,0.43757201748226016
12,effnet_recplot,31,faithfulness,0.2905188202857971
12,effnet_recplot,31,robustness,16.071916580200195
12,effnet_recplot,31,complexity,0.3612817505407651
12,effnet_recplot,32,faithfulness,0.286714106798172
12,effnet_recplot,32,robustness,1.3209762573242188
12,effnet_recplot,32,complexity,0.13302438478765577
12,effnet_recplot,33,faithfulness,0.09630526602268219
12,effnet_recplot,33,robustness,1.0846526622772217
12,effnet_recplot,33,complexity,0.4162679382268751
12,effnet_recplot,34,faithfulness,0.030389554798603058
12,effnet_recplot,34,robustness,1.0604451894760132
12,effnet_recplot,34,complexity,0.3986737132183329
12,effnet_recplot,35,faithfulness,0.2582279443740845
12,effnet_recplot,35,robustness,1.2856990098953247
12,effnet_recplot,35,complexity,0.21617862139765784
12,effnet_recplot,36,faithfulness,-0.08579328656196594
12,effnet_recplot,36,robustness,1.0342274904251099
12,effnet_recplot,36,complexity,0.4167116644103996
12,effnet_recplot,37,faithfulness,0.08248411864042282
12,effnet_recplot,37,robustness,1.0666735172271729
12,effnet_recplot,37,complexity,0.2817776979401303
12,effnet_recplot,38,faithfulness,-0.08822561800479889
12,effnet_recplot,38,robustness,1.2118725776672363
12,effnet_recplot,38,complexity,0.25657604464974065
12,effnet_recplot,39,faithfulness,0.43538960814476013
12,effnet_recplot,39,robustness,1.0312347412109375
12,effnet_recplot,39,complexity,0.30388934684836283
12,effnet_recplot,40,faithfulness,0.11486106365919113
12,effnet_recplot,40,robustness,1.0327919721603394
12,effnet_recplot,40,complexity,0.39311363496308294
12,effnet_recplot,41,faithfulness,0.008644800633192062
12,effnet_recplot,41,robustness,8.66838550567627
12,effnet_recplot,41,complexity,0.3280051003302955
12,effnet_recplot,42,faithfulness,0.11048521846532822
12,effnet_recplot,42,robustness,1.0495835542678833
12,effnet_recplot,42,complexity,0.2872763436850989
12,effnet_recplot,43,faithfulness,0.08754099160432816
12,effnet_recplot,43,robustness,1.2733005285263062
12,effnet_recplot,43,complexity,0.3645170022369614
12,effnet_recplot,44,faithfulness,0.0351480133831501
12,effnet_recplot,44,robustness,1.209976315498352
12,effnet_recplot,44,complexity,0.30251215752860267
12,effnet_recplot,45,faithfulness,0.2240690141916275
12,effnet_recplot,45,robustness,23.58600616455078
12,effnet_recplot,45,complexity,0.42370572050899036
42,mobilenet_orig,0,faithfulness,0.1997864544391632
42,mobilenet_orig,0,robustness,2.6294684410095215
42,mobilenet_orig,0,complexity,0.4305553644275953
42,mobilenet_orig,1,faithfulness,-0.39704346656799316
42,mobilenet_orig,1,robustness,1.6203091144561768
42,mobilenet_orig,1,complexity,0.4082177193462569
42,mobilenet_orig,2,faithfulness,0.5112054944038391
42,mobilenet_orig,2,robustness,2.602191686630249
42,mobilenet_orig,2,complexity,0.47302280247095213
42,mobilenet_orig,3,faithfulness,0.13836218416690826
42,mobilenet_orig,3,robustness,2.8791682720184326
42,mobilenet_orig,3,complexity,0.35812677009259236
42,mobilenet_orig,4,faithfulness,-0.05454409122467041
42,mobilenet_orig,4,robustness,2.757152795791626
42,mobilenet_orig,4,complexity,0.47002769273142625
42,mobilenet_orig,5,faithfulness,0.2291344851255417
42,mobilenet_orig,5,robustness,2.388448476791382
42,mobilenet_orig,5,complexity,0.47064487641495156
42,mobilenet_orig,6,faithfulness,0.49549728631973267
42,mobilenet_orig,6,robustness,1.892744779586792
42,mobilenet_orig,6,complexity,0.4886923219769314
42,mobilenet_orig,7,faithfulness,0.28254303336143494
42,mobilenet_orig,7,robustness,1.3398733139038086
42,mobilenet_orig,7,complexity,0.39303679788856233
42,mobilenet_orig,8,faithfulness,0.2989884316921234
42,mobilenet_orig,8,robustness,1.176856279373169
42,mobilenet_orig,8,complexity,0.43179546760975673
42,mobilenet_orig,9,faithfulness,0.14907021820545197
42,mobilenet_orig,9,robustness,3.8130714893341064
42,mobilenet_orig,9,complexity,0.3821626628360291
42,mobilenet_orig,10,faithfulness,-0.07500042021274567
42,mobilenet_orig,10,robustness,2.3411002159118652
42,mobilenet_orig,10,complexity,0.40389680192878225
42,mobilenet_orig,11,faithfulness,0.2703736126422882
42,mobilenet_orig,11,robustness,1.8220622539520264
42,mobilenet_orig,11,complexity,0.41286791772414716
42,mobilenet_orig,12,faithfulness,0.13233676552772522
42,mobilenet_orig,12,robustness,2.9477181434631348
42,mobilenet_orig,12,complexity,0.4374758768790646
42,mobilenet_orig,13,faithfulness,0.2011619210243225
42,mobilenet_orig,13,robustness,1.5611330270767212
42,mobilenet_orig,13,complexity,0.4439016205564338
42,mobilenet_orig,14,faithfulness,0.16682100296020508
42,mobilenet_orig,14,robustness,1.8003309965133667
42,mobilenet_orig,14,complexity,0.45236408136504447
42,mobilenet_orig,15,faithfulness,-0.0008829385042190552
42,mobilenet_orig,15,robustness,2.292898416519165
42,mobilenet_orig,15,complexity,0.4727174491252967
42,mobilenet_orig,16,faithfulness,-0.14119377732276917
42,mobilenet_orig,16,robustness,1.5880306959152222
42,mobilenet_orig,16,complexity,0.4327005499910059
42,mobilenet_orig,17,faithfulness,0.14240431785583496
42,mobilenet_orig,17,robustness,1.7604693174362183
42,mobilenet_orig,17,complexity,0.42797896158949533
42,mobilenet_orig,18,faithfulness,0.40827304124832153
42,mobilenet_orig,18,robustness,1.010569453239441
42,mobilenet_orig,18,complexity,0.3607518647092248
42,mobilenet_orig,19,faithfulness,0.3014181852340698
42,mobilenet_orig,19,robustness,2.0167081356048584
42,mobilenet_orig,19,complexity,0.4260895853378496
42,mobilenet_orig,20,faithfulness,0.17708463966846466
42,mobilenet_orig,20,robustness,2.2284977436065674
42,mobilenet_orig,20,complexity,0.40275363617122295
42,mobilenet_orig,21,faithfulness,0.029666341841220856
42,mobilenet_orig,21,robustness,3.1781747341156006
42,mobilenet_orig,21,complexity,0.381796838257004
42,mobilenet_orig,22,faithfulness,0.11723276972770691
42,mobilenet_orig,22,robustness,1.4038264751434326
42,mobilenet_orig,22,complexity,0.4526677417636341
42,mobilenet_orig,23,faithfulness,0.4661426544189453
42,mobilenet_orig,23,robustness,1.1337705850601196
42,mobilenet_orig,23,complexity,0.425981354661513
42,mobilenet_orig,24,faithfulness,0.09512723982334137
42,mobilenet_orig,24,robustness,0.9947263598442078
42,mobilenet_orig,24,complexity,0.40531221165632825
42,mobilenet_orig,25,faithfulness,0.30820509791374207
42,mobilenet_orig,25,robustness,1.0798776149749756
42,mobilenet_orig,25,complexity,0.3597845315989112
42,mobilenet_orig,26,faithfulness,0.03039615973830223
42,mobilenet_orig,26,robustness,1.010362148284912
42,mobilenet_orig,26,complexity,0.4296513880720882
42,mobilenet_orig,27,faithfulness,-0.07377250492572784
42,mobilenet_orig,27,robustness,0.9837641716003418
42,mobilenet_orig,27,complexity,0.4543072994896845
42,mobilenet_orig,28,faithfulness,-0.108163021504879
42,mobilenet_orig,28,robustness,4.006354331970215
42,mobilenet_orig,28,complexity,0.44579284035604344
42,mobilenet_orig,29,faithfulness,-0.026392687112092972
42,mobilenet_orig,29,robustness,2.3970251083374023
42,mobilenet_orig,29,complexity,0.4787472397714337
42,mobilenet_orig,30,faithfulness,-0.12947313487529755
42,mobilenet_orig,30,robustness,1.702636480331421
42,mobilenet_orig,30,complexity,0.4457083726166786
42,mobilenet_orig,31,faithfulness,0.3775745928287506
42,mobilenet_orig,31,robustness,1.0535764694213867
42,mobilenet_orig,31,complexity,0.4184866773906844
42,mobilenet_orig,32,faithfulness,0.2098509520292282
42,mobilenet_orig,32,robustness,0.9399204254150391
42,mobilenet_orig,32,complexity,0.4607443053519925
42,mobilenet_orig,33,faithfulness,0.09099743515253067
42,mobilenet_orig,33,robustness,1.2796759605407715
42,mobilenet_orig,33,complexity,0.4267291239673561
42,mobilenet_orig,34,faithfulness,0.013172775506973267
42,mobilenet_orig,34,robustness,1.0323278903961182
42,mobilenet_orig,34,complexity,0.453778465293676
42,mobilenet_orig,35,faithfulness,-0.13638120889663696
42,mobilenet_orig,35,robustness,1.2704049348831177
42,mobilenet_orig,35,complexity,0.4753559563375174
42,mobilenet_orig,36,faithfulness,-0.1162119209766388
42,mobilenet_orig,36,robustness,2.2675859928131104
42,mobilenet_orig,36,complexity,0.5228493317287012
42,mobilenet_orig,37,faithfulness,0.26429274678230286
42,mobilenet_orig,37,robustness,1.0631407499313354
42,mobilenet_orig,37,complexity,0.4483010555745754
42,mobilenet_orig,38,faithfulness,0.07747359573841095
42,mobilenet_orig,38,robustness,1.9318326711654663
42,mobilenet_orig,38,complexity,0.4508223111702946
42,mobilenet_orig,39,faithfulness,0.10298046469688416
42,mobilenet_orig,39,robustness,1.3328983783721924
42,mobilenet_orig,39,complexity,0.47264004065860066
42,mobilenet_orig,40,faithfulness,0.29158449172973633
42,mobilenet_orig,40,robustness,0.9641520977020264
42,mobilenet_orig,40,complexity,0.4149429816740448
42,mobilenet_orig,41,faithfulness,0.042516231536865234
42,mobilenet_orig,41,robustness,1.4164799451828003
42,mobilenet_orig,41,complexity,0.4559102347012092
42,mobilenet_orig,42,faithfulness,-0.03446551039814949
42,mobilenet_orig,42,robustness,1.7767921686172485
42,mobilenet_orig,42,complexity,0.47643802087827825
42,mobilenet_orig,43,faithfulness,-0.09541254490613937
42,mobilenet_orig,43,robustness,2.379528045654297
42,mobilenet_orig,43,complexity,0.47951604061170156
42,mobilenet_orig,44,faithfulness,0.07111181318759918
42,mobilenet_orig,44,robustness,1.3051027059555054
42,mobilenet_orig,44,complexity,0.4322308356876053
42,mobilenet_orig,45,faithfulness,0.08765055239200592
42,mobilenet_orig,45,robustness,1.9520047903060913
42,mobilenet_orig,45,complexity,0.38834061552920374
42,mobilenet_recplot,0,faithfulness,0.19387640058994293
42,mobilenet_recplot,0,robustness,2.2602505683898926
42,mobilenet_recplot,0,complexity,0.44857509481621965
42,mobilenet_recplot,1,faithfulness,0.32110023498535156
42,mobilenet_recplot,1,robustness,1.2240082025527954
42,mobilenet_recplot,1,complexity,0.5666141553651992
42,mobilenet_recplot,2,faithfulness,0.2783390283584595
42,mobilenet_recplot,2,robustness,1.251181721687317
42,mobilenet_recplot,2,complexity,0.5441675689446184
42,mobilenet_recplot,3,faithfulness,-0.12235675007104874
42,mobilenet_recplot,3,robustness,2.362403392791748
42,mobilenet_recplot,3,complexity,0.4999728271490543
42,mobilenet_recplot,4,faithfulness,0.07051050662994385
42,mobilenet_recplot,4,robustness,1.6650221347808838
42,mobilenet_recplot,4,complexity,0.44465255702611345
42,mobilenet_recplot,5,faithfulness,0.050531938672065735
42,mobilenet_recplot,5,robustness,1.5662178993225098
42,mobilenet_recplot,5,complexity,0.4580683051564198
42,mobilenet_recplot,6,faithfulness,0.019665058702230453
42,mobilenet_recplot,6,robustness,1.4614447355270386
42,mobilenet_recplot,6,complexity,0.4392954035489204
42,mobilenet_recplot,7,faithfulness,-0.058250971138477325
42,mobilenet_recplot,7,robustness,1.2451694011688232
42,mobilenet_recplot,7,complexity,0.5090126457643214
42,mobilenet_recplot,8,faithfulness,0.36223578453063965
42,mobilenet_recplot,8,robustness,1.16122305393219
42,mobilenet_recplot,8,complexity,0.5556250216052565
42,mobilenet_recplot,9,faithfulness,0.19299814105033875
42,mobilenet_recplot,9,robustness,1.4975225925445557
42,mobilenet_recplot,9,complexity,0.4900715990638771
42,mobilenet_recplot,10,faithfulness,0.3745875060558319
42,mobilenet_recplot,10,robustness,1.6436353921890259
42,mobilenet_recplot,10,complexity,0.449755130915912
42,mobilenet_recplot,11,faithfulness,0.27051153779029846
42,mobilenet_recplot,11,robustness,1.3388464450836182
42,mobilenet_recplot,11,complexity,0.5560316523671509
42,mobilenet_recplot,12,faithfulness,0.08950351178646088
42,mobilenet_recplot,12,robustness,1.7736657857894897
42,mobilenet_recplot,12,complexity,0.5032119434409741
42,mobilenet_recplot,13,faithfulness,0.32257983088493347
42,mobilenet_recplot,13,robustness,1.3474944829940796
42,mobilenet_recplot,13,complexity,0.3160303161758904
42,mobilenet_recplot,14,faithfulness,0.23998302221298218
42,mobilenet_recplot,14,robustness,1.714044451713562
42,mobilenet_recplot,14,complexity,0.5571912865528433
42,mobilenet_recplot,15,faithfulness,0.19021539390087128
42,mobilenet_recplot,15,robustness,1.5999882221221924
42,mobilenet_recplot,15,complexity,0.5032872095118347
42,mobilenet_recplot,16,faithfulness,0.12817645072937012
42,mobilenet_recplot,16,robustness,1.8677862882614136
42,mobilenet_recplot,16,complexity,0.47000479322313915
42,mobilenet_recplot,17,faithfulness,0.4837242364883423
42,mobilenet_recplot,17,robustness,1.8877452611923218
42,mobilenet_recplot,17,complexity,0.44412913182445696
42,mobilenet_recplot,18,faithfulness,0.08449903875589371
42,mobilenet_recplot,18,robustness,1.9261586666107178
42,mobilenet_recplot,18,complexity,0.5458676502941414
42,mobilenet_recplot,19,faithfulness,0.043428804725408554
42,mobilenet_recplot,19,robustness,2.816065788269043
42,mobilenet_recplot,19,complexity,0.5033808395815212
42,mobilenet_recplot,20,faithfulness,0.270569771528244
42,mobilenet_recplot,20,robustness,1.2866506576538086
42,mobilenet_recplot,20,complexity,0.5156152176505281
42,mobilenet_recplot,21,faithfulness,0.00023711472749710083
42,mobilenet_recplot,21,robustness,1.4746853113174438
42,mobilenet_recplot,21,complexity,0.49001438650564655
42,mobilenet_recplot,22,faithfulness,-0.18544508516788483
42,mobilenet_recplot,22,robustness,2.2992398738861084
42,mobilenet_recplot,22,complexity,0.44245966840526274
42,mobilenet_recplot,23,faithfulness,0.4197806715965271
42,mobilenet_recplot,23,robustness,4.06423807144165
42,mobilenet_recplot,23,complexity,0.4266344107351788
42,mobilenet_recplot,24,faithfulness,-0.1277914047241211
42,mobilenet_recplot,24,robustness,3.8262124061584473
42,mobilenet_recplot,24,complexity,0.46067340935855183
42,mobilenet_recplot,25,faithfulness,-0.18607699871063232
42,mobilenet_recplot,25,robustness,1.993753433227539
42,mobilenet_recplot,25,complexity,0.39975660688887127
42,mobilenet_recplot,26,faithfulness,-0.34942111372947693
42,mobilenet_recplot,26,robustness,2.1110994815826416
42,mobilenet_recplot,26,complexity,0.5259034918516348
42,mobilenet_recplot,27,faithfulness,0.08938731998205185
42,mobilenet_recplot,27,robustness,3.089660882949829
42,mobilenet_recplot,27,complexity,0.4690713538197486
42,mobilenet_recplot,28,faithfulness,0.23511575162410736
42,mobilenet_recplot,28,robustness,4.188453197479248
42,mobilenet_recplot,28,complexity,0.4443030363877868
42,mobilenet_recplot,29,faithfulness,-0.004808858036994934
42,mobilenet_recplot,29,robustness,5.393459320068359
42,mobilenet_recplot,29,complexity,0.43499516856480247
42,mobilenet_recplot,30,faithfulness,0.18169119954109192
42,mobilenet_recplot,30,robustness,4.278924942016602
42,mobilenet_recplot,30,complexity,0.39541642718500863
42,mobilenet_recplot,31,faithfulness,0.38277214765548706
42,mobilenet_recplot,31,robustness,1.3631060123443604
42,mobilenet_recplot,31,complexity,0.3975743076386363
42,mobilenet_recplot,32,faithfulness,0.11906202882528305
42,mobilenet_recplot,32,robustness,2.621403217315674
42,mobilenet_recplot,32,complexity,0.48956482967917625
42,mobilenet_recplot,33,faithfulness,-0.12015052884817123
42,mobilenet_recplot,33,robustness,4.118818283081055
42,mobilenet_recplot,33,complexity,0.4600409899867987
42,mobilenet_recplot,34,faithfulness,0.2995084226131439
42,mobilenet_recplot,34,robustness,1.709715485572815
42,mobilenet_recplot,34,complexity,0.4955178906009689
42,mobilenet_recplot,35,faithfulness,0.3844020664691925
42,mobilenet_recplot,35,robustness,1.8871575593948364
42,mobilenet_recplot,35,complexity,0.4141451651089075
42,mobilenet_recplot,36,faithfulness,0.2518661320209503
42,mobilenet_recplot,36,robustness,3.060281991958618
42,mobilenet_recplot,36,complexity,0.4182252158551604
42,mobilenet_recplot,37,faithfulness,0.059352725744247437
42,mobilenet_recplot,37,robustness,2.062242031097412
42,mobilenet_recplot,37,complexity,0.4032213641067931
42,mobilenet_recplot,38,faithfulness,0.44275447726249695
42,mobilenet_recplot,38,robustness,2.1412811279296875
42,mobilenet_recplot,38,complexity,0.3880301691371593
42,mobilenet_recplot,39,faithfulness,0.05290988087654114
42,mobilenet_recplot,39,robustness,1.7343086004257202
42,mobilenet_recplot,39,complexity,0.48263581676329914
42,mobilenet_recplot,40,faithfulness,0.40835312008857727
42,mobilenet_recplot,40,robustness,2.163217782974243
42,mobilenet_recplot,40,complexity,0.4354969660548692
42,mobilenet_recplot,41,faithfulness,-0.060604725033044815
42,mobilenet_recplot,41,robustness,1.8126875162124634
42,mobilenet_recplot,41,complexity,0.4685083194561424
42,mobilenet_recplot,42,faithfulness,0.26557233929634094
42,mobilenet_recplot,42,robustness,1.7075251340866089
42,mobilenet_recplot,42,complexity,0.44881125948006917
42,mobilenet_recplot,43,faithfulness,0.26259249448776245
42,mobilenet_recplot,43,robustness,2.343810796737671
42,mobilenet_recplot,43,complexity,0.4802392493334067
42,mobilenet_recplot,44,faithfulness,-0.043401628732681274
42,mobilenet_recplot,44,robustness,2.566531181335449
42,mobilenet_recplot,44,complexity,0.4075870262702116
42,mobilenet_recplot,45,faithfulness,0.18686604499816895
42,mobilenet_recplot,45,robustness,2.124840497970581
42,mobilenet_recplot,45,complexity,0.4201157001320182
42,effnet_orig,0,faithfulness,0.592694878578186
42,effnet_orig,0,robustness,2.3228864669799805
42,effnet_orig,0,complexity,0.2094377938910057
42,effnet_orig,1,faithfulness,0.4925864338874817
42,effnet_orig,1,robustness,1.6650723218917847
42,effnet_orig,1,complexity,0.21931722376446236
42,effnet_orig,2,faithfulness,0.024838168174028397
42,effnet_orig,2,robustness,3.153364896774292
42,effnet_orig,2,complexity,0.210597076206308
42,effnet_orig,3,faithfulness,-0.10321252048015594
42,effnet_orig,3,robustness,1.7168769836425781
42,effnet_orig,3,complexity,0.3150544644552455
42,effnet_orig,4,faithfulness,-0.22510483860969543
42,effnet_orig,4,robustness,2.139922857284546
42,effnet_orig,4,complexity,0.34213857405709575
42,effnet_orig,5,faithfulness,0.3703058958053589
42,effnet_orig,5,robustness,2.9819040298461914
42,effnet_orig,5,complexity,0.4314442528125114
42,effnet_orig,6,faithfulness,-0.05243699252605438
42,effnet_orig,6,robustness,2.166247606277466
42,effnet_orig,6,complexity,0.4061438445598957
42,effnet_orig,7,faithfulness,0.14174258708953857
42,effnet_orig,7,robustness,2.2857136726379395
42,effnet_orig,7,complexity,0.3793382375613303
42,effnet_orig,8,faithfulness,0.15312403440475464
42,effnet_orig,8,robustness,1.1670951843261719
42,effnet_orig,8,complexity,0.13075733784200128
42,effnet_orig,9,faithfulness,-0.20034685730934143
42,effnet_orig,9,robustness,1.8548378944396973
42,effnet_orig,9,complexity,0.48904524200005145
42,effnet_orig,10,faithfulness,0.22378984093666077
42,effnet_orig,10,robustness,3.750572681427002
42,effnet_orig,10,complexity,0.22991970064383785
42,effnet_orig,11,faithfulness,0.20375211536884308
42,effnet_orig,11,robustness,2.0920534133911133
42,effnet_orig,11,complexity,0.2510246424527594
42,effnet_orig,12,faithfulness,0.2647234797477722
42,effnet_orig,12,robustness,2.6349380016326904
42,effnet_orig,12,complexity,0.2910164013949484
42,effnet_orig,13,faithfulness,-0.16404420137405396
42,effnet_orig,13,robustness,4.108964920043945
42,effnet_orig,13,complexity,0.2910535843284861
42,effnet_orig,14,faithfulness,-0.07784373313188553
42,effnet_orig,14,robustness,2.2187421321868896
42,effnet_orig,14,complexity,0.26403800854042825
42,effnet_orig,15,faithfulness,0.20691479742527008
42,effnet_orig,15,robustness,1.8674306869506836
42,effnet_orig,15,complexity,0.20316135826677675
42,effnet_orig,16,faithfulness,0.09439973533153534
42,effnet_orig,16,robustness,0.9505953788757324
42,effnet_orig,16,complexity,0.16294528173314513
42,effnet_orig,17,faithfulness,-0.09645798057317734
42,effnet_orig,17,robustness,6.6486358642578125
42,effnet_orig,17,complexity,0.4009567008327253
42,effnet_orig,18,faithfulness,0.38794225454330444
42,effnet_orig,18,robustness,1.4491654634475708
42,effnet_orig,18,complexity,0.34586465817582507
42,effnet_orig,19,faithfulness,0.3703547716140747
42,effnet_orig,19,robustness,2.510296583175659
42,effnet_orig,19,complexity,0.2812900940779667
42,effnet_orig,20,faithfulness,0.0760389044880867
42,effnet_orig,20,robustness,3.4824447631835938
42,effnet_orig,20,complexity,0.24237101675618505
42,effnet_orig,21,faithfulness,0.1640680730342865
42,effnet_orig,21,robustness,2.6928091049194336
42,effnet_orig,21,complexity,0.3378079865037729
42,effnet_orig,22,faithfulness,0.1216922476887703
42,effnet_orig,22,robustness,0.9328746795654297
42,effnet_orig,22,complexity,0.055035583009420234
42,effnet_orig,23,faithfulness,-0.12248875200748444
42,effnet_orig,23,robustness,0.9737099409103394
42,effnet_orig,23,complexity,0.08644906200527581
42,effnet_orig,24,faithfulness,-0.05653565376996994
42,effnet_orig,24,robustness,1.019215703010559
42,effnet_orig,24,complexity,0.20348335672007084
42,effnet_orig,25,faithfulness,-0.006154052913188934
42,effnet_orig,25,robustness,1.3174983263015747
42,effnet_orig,25,complexity,0.43614354736074173
42,effnet_orig,26,faithfulness,0.0516665019094944
42,effnet_orig,26,robustness,1.3265538215637207
42,effnet_orig,26,complexity,0.17021052152128366
42,effnet_orig,27,faithfulness,-0.060308411717414856
42,effnet_orig,27,robustness,1.0384869575500488
42,effnet_orig,27,complexity,0.0887514557696387
42,effnet_orig,28,faithfulness,0.015498936176300049
42,effnet_orig,28,robustness,1.5280641317367554
42,effnet_orig,28,complexity,0.17021889760340136
42,effnet_orig,29,faithfulness,0.18740999698638916
42,effnet_orig,29,robustness,1.1861180067062378
42,effnet_orig,29,complexity,0.12813187175377316
42,effnet_orig,30,faithfulness,-0.023481890559196472
42,effnet_orig,30,robustness,2.2344002723693848
42,effnet_orig,30,complexity,0.137393633321584
42,effnet_orig,31,faithfulness,-0.20820985734462738
42,effnet_orig,31,robustness,3.330655336380005
42,effnet_orig,31,complexity,0.366837092707272
42,effnet_orig,32,faithfulness,-0.05185158923268318
42,effnet_orig,32,robustness,0.9890424013137817
42,effnet_orig,32,complexity,0.14111728277785338
42,effnet_orig,33,faithfulness,-0.08075206726789474
42,effnet_orig,33,robustness,1.0717973709106445
42,effnet_orig,33,complexity,0.11970686166768511
42,effnet_orig,34,faithfulness,0.38390445709228516
42,effnet_orig,34,robustness,1.0808992385864258
42,effnet_orig,34,complexity,0.1634756137361445
42,effnet_orig,35,faithfulness,0.32793402671813965
42,effnet_orig,35,robustness,2.620849847793579
42,effnet_orig,35,complexity,0.3993587805164151
42,effnet_orig,36,faithfulness,-0.01988285779953003
42,effnet_orig,36,robustness,1.056352138519287
42,effnet_orig,36,complexity,0.06766404108252964
42,effnet_orig,37,faithfulness,0.0885993093252182
42,effnet_orig,37,robustness,1.9987117052078247
42,effnet_orig,37,complexity,0.2649911864887453
42,effnet_orig,38,faithfulness,-0.009155556559562683
42,effnet_orig,38,robustness,1.81914222240448
42,effnet_orig,38,complexity,0.20191717023249878
42,effnet_orig,39,faithfulness,-0.13279226422309875
42,effnet_orig,39,robustness,2.4350576400756836
42,effnet_orig,39,complexity,0.3880228391367085
42,effnet_orig,40,faithfulness,0.30981314182281494
42,effnet_orig,40,robustness,3.0779500007629395
42,effnet_orig,40,complexity,0.5163678553597241
42,effnet_orig,41,faithfulness,0.22716543078422546
42,effnet_orig,41,robustness,1.6930710077285767
42,effnet_orig,41,complexity,0.3149536496021098
42,effnet_orig,42,faithfulness,0.14742715656757355
42,effnet_orig,42,robustness,1.8554664850234985
42,effnet_orig,42,complexity,0.31118939681615454
42,effnet_orig,43,faithfulness,-0.00827934592962265
42,effnet_orig,43,robustness,1.6002181768417358
42,effnet_orig,43,complexity,0.25291439420657574
42,effnet_orig,44,faithfulness,0.32085320353507996
42,effnet_orig,44,robustness,1.8294552564620972
42,effnet_orig,44,complexity,0.3390769170454787
42,effnet_orig,45,faithfulness,0.09078007936477661
42,effnet_orig,45,robustness,1.337033748626709
42,effnet_orig,45,complexity,0.23985240516881154
42,effnet_recplot,0,faithfulness,0.1893431693315506
42,effnet_recplot,0,robustness,1.4075467586517334
42,effnet_recplot,0,complexity,0.26407431128830794
42,effnet_recplot,1,faithfulness,0.2212204486131668
42,effnet_recplot,1,robustness,1.1307770013809204
42,effnet_recplot,1,complexity,0.25391298821594555
42,effnet_recplot,2,faithfulness,-0.15866991877555847
42,effnet_recplot,2,robustness,1.1030255556106567
42,effnet_recplot,2,complexity,0.22807183382250865
42,effnet_recplot,3,faithfulness,-0.11698194593191147
42,effnet_recplot,3,robustness,1.1673290729522705
42,effnet_recplot,3,complexity,0.17432385248979584
42,effnet_recplot,4,faithfulness,-0.011602014303207397
42,effnet_recplot,4,robustness,1.8182822465896606
42,effnet_recplot,4,complexity,0.21793328216943067
42,effnet_recplot,5,faithfulness,-0.11365368217229843
42,effnet_recplot,5,robustness,1.645129680633545
42,effnet_recplot,5,complexity,0.4433571332064722
42,effnet_recplot,6,faithfulness,-0.03778935223817825
42,effnet_recplot,6,robustness,3.2514591217041016
42,effnet_recplot,6,complexity,0.19811208827496146
42,effnet_recplot,7,faithfulness,0.10577376186847687
42,effnet_recplot,7,robustness,1.770409107208252
42,effnet_recplot,7,complexity,0.08860926151132752
42,effnet_recplot,8,faithfulness,-0.07546305656433105
42,effnet_recplot,8,robustness,1.656356930732727
42,effnet_recplot,8,complexity,0.08517449966181675
42,effnet_recplot,9,faithfulness,0.21480049192905426
42,effnet_recplot,9,robustness,1.1305550336837769
42,effnet_recplot,9,complexity,0.09515235784344139
42,effnet_recplot,10,faithfulness,0.10563969612121582
42,effnet_recplot,10,robustness,1.2855703830718994
42,effnet_recplot,10,complexity,0.40032694327108087
42,effnet_recplot,11,faithfulness,-0.30204081535339355
42,effnet_recplot,11,robustness,2.7438173294067383
42,effnet_recplot,11,complexity,0.05016520739547599
42,effnet_recplot,12,faithfulness,0.1110912561416626
42,effnet_recplot,12,robustness,4.17246150970459
42,effnet_recplot,12,complexity,0.2203521947229051
42,effnet_recplot,13,faithfulness,0.4183822274208069
42,effnet_recplot,13,robustness,1.0438073873519897
42,effnet_recplot,13,complexity,0.07297729271045808
42,effnet_recplot,14,faithfulness,0.16329574584960938
42,effnet_recplot,14,robustness,1.2174166440963745
42,effnet_recplot,14,complexity,0.11976322632195409
42,effnet_recplot,15,faithfulness,-0.2330789864063263
42,effnet_recplot,15,robustness,1.0181849002838135
42,effnet_recplot,15,complexity,0.09380005141097385
42,effnet_recplot,16,faithfulness,0.17552021145820618
42,effnet_recplot,16,robustness,3.9082043170928955
42,effnet_recplot,16,complexity,0.13464519525809013
42,effnet_recplot,17,faithfulness,0.04262510687112808
42,effnet_recplot,17,robustness,1.3466721773147583
42,effnet_recplot,17,complexity,0.05244030070888925
42,effnet_recplot,18,faithfulness,0.3305794596672058
42,effnet_recplot,18,robustness,1.0825783014297485
42,effnet_recplot,18,complexity,0.20665944061633465
42,effnet_recplot,19,faithfulness,0.10448522865772247
42,effnet_recplot,19,robustness,1.1342127323150635
42,effnet_recplot,19,complexity,0.08157364112486216
42,effnet_recplot,20,faithfulness,-0.11441535502672195
42,effnet_recplot,20,robustness,1.0115387439727783
42,effnet_recplot,20,complexity,0.16828487417952362
42,effnet_recplot,21,faithfulness,-0.14817003905773163
42,effnet_recplot,21,robustness,1.0067522525787354
42,effnet_recplot,21,complexity,0.1539744547392844
42,effnet_recplot,22,faithfulness,-0.08728094398975372
42,effnet_recplot,22,robustness,7.724933624267578
42,effnet_recplot,22,complexity,0.3908995554388218
42,effnet_recplot,23,faithfulness,0.06230853497982025
42,effnet_recplot,23,robustness,1.2684235572814941
42,effnet_recplot,23,complexity,0.3013086284367915
42,effnet_recplot,24,faithfulness,0.16304302215576172
42,effnet_recplot,24,robustness,2.3584775924682617
42,effnet_recplot,24,complexity,0.23125828472679452
42,effnet_recplot,25,faithfulness,0.1587652564048767
42,effnet_recplot,25,robustness,1.8327380418777466
42,effnet_recplot,25,complexity,0.25727197539303903
42,effnet_recplot,26,faithfulness,-0.1309736967086792
42,effnet_recplot,26,robustness,1.4039690494537354
42,effnet_recplot,26,complexity,0.4285449419306017
42,effnet_recplot,27,faithfulness,0.35890457034111023
42,effnet_recplot,27,robustness,1.1324248313903809
42,effnet_recplot,27,complexity,0.34842871960489613
42,effnet_recplot,28,faithfulness,0.247250035405159
42,effnet_recplot,28,robustness,1.7324631214141846
42,effnet_recplot,28,complexity,0.3746647256538342
42,effnet_recplot,29,faithfulness,0.3395087420940399
42,effnet_recplot,29,robustness,3.255258798599243
42,effnet_recplot,29,complexity,0.4771923921716686
42,effnet_recplot,30,faithfulness,0.22920900583267212
42,effnet_recplot,30,robustness,1.157148838043213
42,effnet_recplot,30,complexity,0.4570703419918099
42,effnet_recplot,31,faithfulness,-0.076636403799057
42,effnet_recplot,31,robustness,1.6470777988433838
42,effnet_recplot,31,complexity,0.40129636883411773
42,effnet_recplot,32,faithfulness,0.0733305886387825
42,effnet_recplot,32,robustness,10.299748420715332
42,effnet_recplot,32,complexity,0.431506797920201
42,effnet_recplot,33,faithfulness,0.12327835708856583
42,effnet_recplot,33,robustness,1.2530295848846436
42,effnet_recplot,33,complexity,0.43789338859505356
42,effnet_recplot,34,faithfulness,-0.21805930137634277
42,effnet_recplot,34,robustness,0.9928395748138428
42,effnet_recplot,34,complexity,0.11685684397693542
42,effnet_recplot,35,faithfulness,0.20888905227184296
42,effnet_recplot,35,robustness,5.354404926300049
42,effnet_recplot,35,complexity,0.4724754088959308
42,effnet_recplot,36,faithfulness,0.06667855381965637
42,effnet_recplot,36,robustness,6.1667046546936035
42,effnet_recplot,36,complexity,0.37643390547276173
42,effnet_recplot,37,faithfulness,-0.013470500707626343
42,effnet_recplot,37,robustness,1.1131606101989746
42,effnet_recplot,37,complexity,0.3491919134036731
42,effnet_recplot,38,faithfulness,0.12993906438350677
42,effnet_recplot,38,robustness,1.1658713817596436
42,effnet_recplot,38,complexity,0.2664962682872115
42,effnet_recplot,39,faithfulness,0.019726216793060303
42,effnet_recplot,39,robustness,1.941999077796936
42,effnet_recplot,39,complexity,0.39682234073789646
42,effnet_recplot,40,faithfulness,0.06574484705924988
42,effnet_recplot,40,robustness,4.098252773284912
42,effnet_recplot,40,complexity,0.28720137924122474
42,effnet_recplot,41,faithfulness,0.049035344272851944
42,effnet_recplot,41,robustness,4.50471305847168
42,effnet_recplot,41,complexity,0.4549870363744633
42,effnet_recplot,42,faithfulness,-0.005289636552333832
42,effnet_recplot,42,robustness,2.0257883071899414
42,effnet_recplot,42,complexity,0.4228190129359395
42,effnet_recplot,43,faithfulness,0.191667377948761
42,effnet_recplot,43,robustness,9.570425033569336
42,effnet_recplot,43,complexity,0.391815198821287
42,effnet_recplot,44,faithfulness,0.09143631905317307
42,effnet_recplot,44,robustness,1.1778779029846191
42,effnet_recplot,44,complexity,0.35379353937019026
42,effnet_recplot,45,faithfulness,-0.29145368933677673
42,effnet_recplot,45,robustness,6.578563213348389
42,effnet_recplot,45,complexity,0.3779965299691061
65,mobilenet_orig,0,faithfulness,-0.03676878660917282
65,mobilenet_orig,0,robustness,1.3641977310180664
65,mobilenet_orig,0,complexity,0.4723948361227958
65,mobilenet_orig,1,faithfulness,0.07323251664638519
65,mobilenet_orig,1,robustness,1.1504552364349365
65,mobilenet_orig,1,complexity,0.4071921642064602
65,mobilenet_orig,2,faithfulness,0.24126781523227692
65,mobilenet_orig,2,robustness,2.1457161903381348
65,mobilenet_orig,2,complexity,0.3625533815826741
65,mobilenet_orig,3,faithfulness,0.076364666223526
65,mobilenet_orig,3,robustness,1.8129843473434448
65,mobilenet_orig,3,complexity,0.5241540507168393
65,mobilenet_orig,4,faithfulness,0.07149578630924225
65,mobilenet_orig,4,robustness,2.0474255084991455
65,mobilenet_orig,4,complexity,0.39901177137557103
65,mobilenet_orig,5,faithfulness,-0.010748252272605896
65,mobilenet_orig,5,robustness,2.740241765975952
65,mobilenet_orig,5,complexity,0.4492991704394541
65,mobilenet_orig,6,faithfulness,-0.13242141902446747
65,mobilenet_orig,6,robustness,1.8669774532318115
65,mobilenet_orig,6,complexity,0.413779571684906
65,mobilenet_orig,7,faithfulness,0.09660422056913376
65,mobilenet_orig,7,robustness,1.5397220849990845
65,mobilenet_orig,7,complexity,0.4235809942045948
65,mobilenet_orig,8,faithfulness,-0.020006917417049408
65,mobilenet_orig,8,robustness,1.3216416835784912
65,mobilenet_orig,8,complexity,0.4822880567956417
65,mobilenet_orig,9,faithfulness,-0.022570408880710602
65,mobilenet_orig,9,robustness,1.1998130083084106
65,mobilenet_orig,9,complexity,0.4664055999657683
65,mobilenet_orig,10,faithfulness,0.32793378829956055
65,mobilenet_orig,10,robustness,0.9137309193611145
65,mobilenet_orig,10,complexity,0.3938627329886773
65,mobilenet_orig,11,faithfulness,-0.01892925426363945
65,mobilenet_orig,11,robustness,1.3297587633132935
65,mobilenet_orig,11,complexity,0.512751287290555
65,mobilenet_orig,12,faithfulness,0.03798484802246094
65,mobilenet_orig,12,robustness,1.4038196802139282
65,mobilenet_orig,12,complexity,0.4362319382432607
65,mobilenet_orig,13,faithfulness,0.06192668527364731
65,mobilenet_orig,13,robustness,1.3068832159042358
65,mobilenet_orig,13,complexity,0.38064894110473013
65,mobilenet_orig,14,faithfulness,0.02827402949333191
65,mobilenet_orig,14,robustness,1.6360316276550293
65,mobilenet_orig,14,complexity,0.4848768210938891
65,mobilenet_orig,15,faithfulness,0.003846149891614914
65,mobilenet_orig,15,robustness,1.3394238948822021
65,mobilenet_orig,15,complexity,0.4852084186918134
65,mobilenet_orig,16,faithfulness,0.10935074090957642
65,mobilenet_orig,16,robustness,3.518435001373291
65,mobilenet_orig,16,complexity,0.44547495330084974
65,mobilenet_orig,17,faithfulness,0.16109472513198853
65,mobilenet_orig,17,robustness,1.4544700384140015
65,mobilenet_orig,17,complexity,0.4115041187645928
65,mobilenet_orig,18,faithfulness,0.148634672164917
65,mobilenet_orig,18,robustness,1.4070030450820923
65,mobilenet_orig,18,complexity,0.3296041407767157
65,mobilenet_orig,19,faithfulness,0.2829674482345581
65,mobilenet_orig,19,robustness,1.106986165046692
65,mobilenet_orig,19,complexity,0.39143098187291525
65,mobilenet_orig,20,faithfulness,0.12609463930130005
65,mobilenet_orig,20,robustness,1.2086400985717773
65,mobilenet_orig,20,complexity,0.40337857760461
65,mobilenet_orig,21,faithfulness,0.021416019648313522
65,mobilenet_orig,21,robustness,1.9088859558105469
65,mobilenet_orig,21,complexity,0.4045722005205788
65,mobilenet_orig,22,faithfulness,-0.07264097779989243
65,mobilenet_orig,22,robustness,0.8536909818649292
65,mobilenet_orig,22,complexity,0.38859463477607603
65,mobilenet_orig,23,faithfulness,0.5716937780380249
65,mobilenet_orig,23,robustness,0.9838816523551941
65,mobilenet_orig,23,complexity,0.4634959569559874
65,mobilenet_orig,24,faithfulness,0.11640597879886627
65,mobilenet_orig,24,robustness,0.9591673612594604
65,mobilenet_orig,24,complexity,0.33345703729219917
65,mobilenet_orig,25,faithfulness,0.41610187292099
65,mobilenet_orig,25,robustness,1.6418513059616089
65,mobilenet_orig,25,complexity,0.3722154844644873
65,mobilenet_orig,26,faithfulness,0.3136637210845947
65,mobilenet_orig,26,robustness,0.9733370542526245
65,mobilenet_orig,26,complexity,0.486434072366172
65,mobilenet_orig,27,faithfulness,0.29021766781806946
65,mobilenet_orig,27,robustness,0.9150615334510803
65,mobilenet_orig,27,complexity,0.33968821783266717
65,mobilenet_orig,28,faithfulness,-0.16287308931350708
65,mobilenet_orig,28,robustness,0.8587691783905029
65,mobilenet_orig,28,complexity,0.4908802289501411
65,mobilenet_orig,29,faithfulness,0.11979632079601288
65,mobilenet_orig,29,robustness,1.193594217300415
65,mobilenet_orig,29,complexity,0.4633827759496676
65,mobilenet_orig,30,faithfulness,0.24350088834762573
65,mobilenet_orig,30,robustness,0.9514629244804382
65,mobilenet_orig,30,complexity,0.43536195015915297
65,mobilenet_orig,31,faithfulness,0.24923096597194672
65,mobilenet_orig,31,robustness,1.0959923267364502
65,mobilenet_orig,31,complexity,0.4050527784286484
65,mobilenet_orig,32,faithfulness,0.14251132309436798
65,mobilenet_orig,32,robustness,0.8367623090744019
65,mobilenet_orig,32,complexity,0.43526864105108987
65,mobilenet_orig,33,faithfulness,0.18619592487812042
65,mobilenet_orig,33,robustness,1.1664897203445435
65,mobilenet_orig,33,complexity,0.40636906579755466
65,mobilenet_orig,34,faithfulness,0.0754234716296196
65,mobilenet_orig,34,robustness,0.8745353817939758
65,mobilenet_orig,34,complexity,0.41666274376697154
65,mobilenet_orig,35,faithfulness,-0.008091837167739868
65,mobilenet_orig,35,robustness,0.8648326396942139
65,mobilenet_orig,35,complexity,0.4575784070144367
65,mobilenet_orig,36,faithfulness,-0.09307727217674255
65,mobilenet_orig,36,robustness,1.8474054336547852
65,mobilenet_orig,36,complexity,0.4809385349401521
65,mobilenet_orig,37,faithfulness,0.3119128346443176
65,mobilenet_orig,37,robustness,1.289812445640564
65,mobilenet_orig,37,complexity,0.4212664228069373
65,mobilenet_orig,38,faithfulness,-0.11782769858837128
65,mobilenet_orig,38,robustness,1.5443581342697144
65,mobilenet_orig,38,complexity,0.34882833317044104
65,mobilenet_orig,39,faithfulness,0.13109788298606873
65,mobilenet_orig,39,robustness,0.9637516140937805
65,mobilenet_orig,39,complexity,0.4713557234795686
65,mobilenet_orig,40,faithfulness,0.2260185182094574
65,mobilenet_orig,40,robustness,1.1588459014892578
65,mobilenet_orig,40,complexity,0.4694623525993608
65,mobilenet_orig,41,faithfulness,-0.14087378978729248
65,mobilenet_orig,41,robustness,2.3393313884735107
65,mobilenet_orig,41,complexity,0.3938862722925471
65,mobilenet_orig,42,faithfulness,0.26699399948120117
65,mobilenet_orig,42,robustness,1.4983309507369995
65,mobilenet_orig,42,complexity,0.5255354651152828
65,mobilenet_orig,43,faithfulness,0.23868873715400696
65,mobilenet_orig,43,robustness,1.5809035301208496
65,mobilenet_orig,43,complexity,0.4772243534304838
65,mobilenet_orig,44,faithfulness,-0.1139383316040039
65,mobilenet_orig,44,robustness,1.0681318044662476
65,mobilenet_orig,44,complexity,0.41226441787205975
65,mobilenet_orig,45,faithfulness,0.16797876358032227
65,mobilenet_orig,45,robustness,1.4362071752548218
65,mobilenet_orig,45,complexity,0.35773671622387676
65,mobilenet_recplot,0,faithfulness,0.03561142086982727
65,mobilenet_recplot,0,robustness,2.407691240310669
65,mobilenet_recplot,0,complexity,0.42136874001703445
65,mobilenet_recplot,1,faithfulness,-0.08102475106716156
65,mobilenet_recplot,1,robustness,1.1948506832122803
65,mobilenet_recplot,1,complexity,0.5070184951702718
65,mobilenet_recplot,2,faithfulness,0.4556332230567932
65,mobilenet_recplot,2,robustness,1.6837997436523438
65,mobilenet_recplot,2,complexity,0.5535425476484354
65,mobilenet_recplot,3,faithfulness,-0.0993703305721283
65,mobilenet_recplot,3,robustness,1.0258246660232544
65,mobilenet_recplot,3,complexity,0.4543347449496431
65,mobilenet_recplot,4,faithfulness,-0.06469932198524475
65,mobilenet_recplot,4,robustness,1.6365785598754883
65,mobilenet_recplot,4,complexity,0.4475697221347874
65,mobilenet_recplot,5,faithfulness,0.06617723405361176
65,mobilenet_recplot,5,robustness,1.357219934463501
65,mobilenet_recplot,5,complexity,0.44331983391312
65,mobilenet_recplot,6,faithfulness,-0.11394710838794708
65,mobilenet_recplot,6,robustness,2.166818857192993
65,mobilenet_recplot,6,complexity,0.4737532881820744
65,mobilenet_recplot,7,faithfulness,0.09045875072479248
65,mobilenet_recplot,7,robustness,1.2818833589553833
65,mobilenet_recplot,7,complexity,0.495122518868231
65,mobilenet_recplot,8,faithfulness,0.14759764075279236
65,mobilenet_recplot,8,robustness,1.1780887842178345
65,mobilenet_recplot,8,complexity,0.5181795495417588
65,mobilenet_recplot,9,faithfulness,0.36980175971984863
65,mobilenet_recplot,9,robustness,1.0468666553497314
65,mobilenet_recplot,9,complexity,0.5032345289140049
65,mobilenet_recplot,10,faithfulness,0.1518663763999939
65,mobilenet_recplot,10,robustness,2.377311944961548
65,mobilenet_recplot,10,complexity,0.4939439179296081
65,mobilenet_recplot,11,faithfulness,0.42319244146347046
65,mobilenet_recplot,11,robustness,1.0707696676254272
65,mobilenet_recplot,11,complexity,0.4757951557780845
65,mobilenet_recplot,12,faithfulness,0.33677273988723755
65,mobilenet_recplot,12,robustness,2.325690746307373
65,mobilenet_recplot,12,complexity,0.5204876771288341
65,mobilenet_recplot,13,faithfulness,0.23191112279891968
65,mobilenet_recplot,13,robustness,2.4442875385284424
65,mobilenet_recplot,13,complexity,0.4533246690814577
65,mobilenet_recplot,14,faithfulness,0.4616730809211731
65,mobilenet_recplot,14,robustness,1.4468964338302612
65,mobilenet_recplot,14,complexity,0.5142304787659168
65,mobilenet_recplot,15,faithfulness,-0.0962962806224823
65,mobilenet_recplot,15,robustness,1.571799874305725
65,mobilenet_recplot,15,complexity,0.5391406620391738
65,mobilenet_recplot,16,faithfulness,0.2947813868522644
65,mobilenet_recplot,16,robustness,2.6349937915802
65,mobilenet_recplot,16,complexity,0.531081939976686
65,mobilenet_recplot,17,faithfulness,-0.01133938878774643
65,mobilenet_recplot,17,robustness,1.8553509712219238
65,mobilenet_recplot,17,complexity,0.5031227130316471
65,mobilenet_recplot,18,faithfulness,0.004016950726509094
65,mobilenet_recplot,18,robustness,1.5726714134216309
65,mobilenet_recplot,18,complexity,0.44381947965992224
65,mobilenet_recplot,19,faithfulness,-0.017456024885177612
65,mobilenet_recplot,19,robustness,1.953169822692871
65,mobilenet_recplot,19,complexity,0.503135586648893
65,mobilenet_recplot,20,faithfulness,0.2086285650730133
65,mobilenet_recplot,20,robustness,1.2836745977401733
65,mobilenet_recplot,20,complexity,0.4791444903897141
65,mobilenet_recplot,21,faithfulness,0.322249174118042
65,mobilenet_recplot,21,robustness,1.9900214672088623
65,mobilenet_recplot,21,complexity,0.5039828540827472
65,mobilenet_recplot,22,faithfulness,-0.11073440313339233
65,mobilenet_recplot,22,robustness,2.01155948638916
65,mobilenet_recplot,22,complexity,0.39327233186663746
65,mobilenet_recplot,23,faithfulness,0.10088714957237244
65,mobilenet_recplot,23,robustness,1.8872230052947998
65,mobilenet_recplot,23,complexity,0.5020219489263037
65,mobilenet_recplot,24,faithfulness,0.04184321314096451
65,mobilenet_recplot,24,robustness,2.425473690032959
65,mobilenet_recplot,24,complexity,0.457868000312247
65,mobilenet_recplot,25,faithfulness,0.12601718306541443
65,mobilenet_recplot,25,robustness,1.3541371822357178
65,mobilenet_recplot,25,complexity,0.45223512612136013
65,mobilenet_recplot,26,faithfulness,0.3818036913871765
65,mobilenet_recplot,26,robustness,1.6049286127090454
65,mobilenet_recplot,26,complexity,0.4663648568234653
65,mobilenet_recplot,27,faithfulness,0.016322553157806396
65,mobilenet_recplot,27,robustness,1.7967967987060547
65,mobilenet_recplot,27,complexity,0.4476477348121428
65,mobilenet_recplot,28,faithfulness,-0.25020071864128113
65,mobilenet_recplot,28,robustness,2.6134703159332275
65,mobilenet_recplot,28,complexity,0.4760630735650082
65,mobilenet_recplot,29,faithfulness,0.20954261720180511
65,mobilenet_recplot,29,robustness,4.764395713806152
65,mobilenet_recplot,29,complexity,0.40460241127126223
65,mobilenet_recplot,30,faithfulness,0.2962401509284973
65,mobilenet_recplot,30,robustness,3.1057167053222656
65,mobilenet_recplot,30,complexity,0.46642309782086155
65,mobilenet_recplot,31,faithfulness,0.13796602189540863
65,mobilenet_recplot,31,robustness,1.541944980621338
65,mobilenet_recplot,31,complexity,0.49593114295707846
65,mobilenet_recplot,32,faithfulness,-0.15654116868972778
65,mobilenet_recplot,32,robustness,1.5992194414138794
65,mobilenet_recplot,32,complexity,0.42740170358823004
65,mobilenet_recplot,33,faithfulness,0.4226169288158417
65,mobilenet_recplot,33,robustness,2.972104549407959
65,mobilenet_recplot,33,complexity,0.40643798178807783
65,mobilenet_recplot,34,faithfulness,0.1630345582962036
65,mobilenet_recplot,34,robustness,1.880308985710144
65,mobilenet_recplot,34,complexity,0.4546680679427541
65,mobilenet_recplot,35,faithfulness,0.19438713788986206
65,mobilenet_recplot,35,robustness,1.4123587608337402
65,mobilenet_recplot,35,complexity,0.399323178442383
65,mobilenet_recplot,36,faithfulness,0.08983549475669861
65,mobilenet_recplot,36,robustness,2.308419704437256
65,mobilenet_recplot,36,complexity,0.39717488174119164
65,mobilenet_recplot,37,faithfulness,0.5547252893447876
65,mobilenet_recplot,37,robustness,2.5094242095947266
65,mobilenet_recplot,37,complexity,0.36482353410942
65,mobilenet_recplot,38,faithfulness,0.12962555885314941
65,mobilenet_recplot,38,robustness,1.5076271295547485
65,mobilenet_recplot,38,complexity,0.4311193992440601
65,mobilenet_recplot,39,faithfulness,0.3808448612689972
65,mobilenet_recplot,39,robustness,1.6050359010696411
65,mobilenet_recplot,39,complexity,0.4453143231829222
65,mobilenet_recplot,40,faithfulness,0.4383485019207001
65,mobilenet_recplot,40,robustness,1.6600375175476074
65,mobilenet_recplot,40,complexity,0.4074151142586034
65,mobilenet_recplot,41,faithfulness,0.043416332453489304
65,mobilenet_recplot,41,robustness,1.613808274269104
65,mobilenet_recplot,41,complexity,0.4580936059549824
65,mobilenet_recplot,42,faithfulness,0.32401520013809204
65,mobilenet_recplot,42,robustness,1.2258981466293335
65,mobilenet_recplot,42,complexity,0.39794777721295144
65,mobilenet_recplot,43,faithfulness,0.07164621353149414
65,mobilenet_recplot,43,robustness,2.1345856189727783
65,mobilenet_recplot,43,complexity,0.4547863725262741
65,mobilenet_recplot,44,faithfulness,-0.1399223655462265
65,mobilenet_recplot,44,robustness,1.5902596712112427
65,mobilenet_recplot,44,complexity,0.4730048104264289
65,mobilenet_recplot,45,faithfulness,0.5852416753768921
65,mobilenet_recplot,45,robustness,1.664954662322998
65,mobilenet_recplot,45,complexity,0.5289629543488704
65,effnet_orig,0,faithfulness,-0.12376908957958221
65,effnet_orig,0,robustness,3.7402725219726562
65,effnet_orig,0,complexity,0.3181881687085139
65,effnet_orig,1,faithfulness,-0.1270246058702469
65,effnet_orig,1,robustness,2.5528414249420166
65,effnet_orig,1,complexity,0.1651253787727564
65,effnet_orig,2,faithfulness,0.19914214313030243
65,effnet_orig,2,robustness,3.9742491245269775
65,effnet_orig,2,complexity,0.22089095695963837
65,effnet_orig,3,faithfulness,0.07441199570894241
65,effnet_orig,3,robustness,2.68764066696167
65,effnet_orig,3,complexity,0.244337468205776
65,effnet_orig,4,faithfulness,0.3809344172477722
65,effnet_orig,4,robustness,1.7443928718566895
65,effnet_orig,4,complexity,0.27496930380048135
65,effnet_orig,5,faithfulness,0.2878940999507904
65,effnet_orig,5,robustness,2.4985551834106445
65,effnet_orig,5,complexity,0.4053448986183518
65,effnet_orig,6,faithfulness,0.10966409742832184
65,effnet_orig,6,robustness,3.9355859756469727
65,effnet_orig,6,complexity,0.41873670146677994
65,effnet_orig,7,faithfulness,-0.1586116999387741
65,effnet_orig,7,robustness,6.280403137207031
65,effnet_orig,7,complexity,0.43481936613023925
65,effnet_orig,8,faithfulness,0.16107060015201569
65,effnet_orig,8,robustness,3.3923332691192627
65,effnet_orig,8,complexity,0.42535221494721875
65,effnet_orig,9,faithfulness,0.1452227234840393
65,effnet_orig,9,robustness,7.592385292053223
65,effnet_orig,9,complexity,0.466703104026012
65,effnet_orig,10,faithfulness,0.200664222240448
65,effnet_orig,10,robustness,1.7949800491333008
65,effnet_orig,10,complexity,0.07308917474588762
65,effnet_orig,11,faithfulness,-0.12732549011707306
65,effnet_orig,11,robustness,1.8127522468566895
65,effnet_orig,11,complexity,0.22642748323526418
65,effnet_orig,12,faithfulness,0.08832491189241409
65,effnet_orig,12,robustness,2.6994075775146484
65,effnet_orig,12,complexity,0.2232532136043469
65,effnet_orig,13,faithfulness,0.40567654371261597
65,effnet_orig,13,robustness,4.6859893798828125
65,effnet_orig,13,complexity,0.27018198896768214
65,effnet_orig,14,faithfulness,0.47925543785095215
65,effnet_orig,14,robustness,1.3150190114974976
65,effnet_orig,14,complexity,0.08503219613193379
65,effnet_orig,15,faithfulness,0.00521416962146759
65,effnet_orig,15,robustness,2.6729736328125
65,effnet_orig,15,complexity,0.3395398727125463
65,effnet_orig,16,faithfulness,0.08551020175218582
65,effnet_orig,16,robustness,3.696213960647583
65,effnet_orig,16,complexity,0.436914224223518
65,effnet_orig,17,faithfulness,0.002862837165594101
65,effnet_orig,17,robustness,6.010818958282471
65,effnet_orig,17,complexity,0.31330785096294766
65,effnet_orig,18,faithfulness,0.45610281825065613
65,effnet_orig,18,robustness,5.983887195587158
65,effnet_orig,18,complexity,0.3198281765366811
65,effnet_orig,19,faithfulness,0.19134429097175598
65,effnet_orig,19,robustness,7.513514041900635
65,effnet_orig,19,complexity,0.3734647040690761
65,effnet_orig,20,faithfulness,0.10400188714265823
65,effnet_orig,20,robustness,2.8147785663604736
65,effnet_orig,20,complexity,0.3251797575160766
65,effnet_orig,21,faithfulness,0.12138381600379944
65,effnet_orig,21,robustness,1.743316888809204
65,effnet_orig,21,complexity,0.23221993822454615
65,effnet_orig,22,faithfulness,-0.1893671303987503
65,effnet_orig,22,robustness,1.3305317163467407
65,effnet_orig,22,complexity,0.21897022444854647
65,effnet_orig,23,faithfulness,0.2020748257637024
65,effnet_orig,23,robustness,3.089400291442871
65,effnet_orig,23,complexity,0.3518016361808216
65,effnet_orig,24,faithfulness,-0.04751904308795929
65,effnet_orig,24,robustness,1.9020189046859741
65,effnet_orig,24,complexity,0.2946871398102663
65,effnet_orig,25,faithfulness,0.10706202685832977
65,effnet_orig,25,robustness,1.8138632774353027
65,effnet_orig,25,complexity,0.33076059077278913
65,effnet_orig,26,faithfulness,-0.09470854699611664
65,effnet_orig,26,robustness,1.2983509302139282
65,effnet_orig,26,complexity,0.34703254539117206
65,effnet_orig,27,faithfulness,-0.35179269313812256
65,effnet_orig,27,robustness,0.9097611308097839
65,effnet_orig,27,complexity,0.09006283128975381
65,effnet_orig,28,faithfulness,0.6318308115005493
65,effnet_orig,28,robustness,2.284973382949829
65,effnet_orig,28,complexity,0.3191532921123618
65,effnet_orig,29,faithfulness,-0.08049187064170837
65,effnet_orig,29,robustness,1.4647847414016724
65,effnet_orig,29,complexity,0.1312315721477608
65,effnet_orig,30,faithfulness,0.23995551466941833
65,effnet_orig,30,robustness,0.7925773859024048
65,effnet_orig,30,complexity,0.12067145934758816
65,effnet_orig,31,faithfulness,-0.05158261954784393
65,effnet_orig,31,robustness,5.567502021789551
65,effnet_orig,31,complexity,0.3887506736787618
65,effnet_orig,32,faithfulness,0.04517657309770584
65,effnet_orig,32,robustness,2.0832924842834473
65,effnet_orig,32,complexity,0.2886115762811924
65,effnet_orig,33,faithfulness,-0.1253073662519455
65,effnet_orig,33,robustness,2.623072624206543
65,effnet_orig,33,complexity,0.1451768113560956
65,effnet_orig,34,faithfulness,-0.20532441139221191
65,effnet_orig,34,robustness,1.3792163133621216
65,effnet_orig,34,complexity,0.1570584873303965
65,effnet_orig,35,faithfulness,0.23810790479183197
65,effnet_orig,35,robustness,5.159192085266113
65,effnet_orig,35,complexity,0.39704984357601797
65,effnet_orig,36,faithfulness,0.23507216572761536
65,effnet_orig,36,robustness,1.4726914167404175
65,effnet_orig,36,complexity,0.14395821311024803
65,effnet_orig,37,faithfulness,0.29947274923324585
65,effnet_orig,37,robustness,1.3920789957046509
65,effnet_orig,37,complexity,0.17159667326810743
65,effnet_orig,38,faithfulness,-0.20888270437717438
65,effnet_orig,38,robustness,0.7668613791465759
65,effnet_orig,38,complexity,0.1052317449275256
65,effnet_orig,39,faithfulness,-0.19849950075149536
65,effnet_orig,39,robustness,3.5793895721435547
65,effnet_orig,39,complexity,0.4686508080991596
65,effnet_orig,40,faithfulness,0.2459360957145691
65,effnet_orig,40,robustness,8.513526916503906
65,effnet_orig,40,complexity,0.37137455275429426
65,effnet_orig,41,faithfulness,0.14559659361839294
65,effnet_orig,41,robustness,3.420199155807495
65,effnet_orig,41,complexity,0.4706513536063382
65,effnet_orig,42,faithfulness,0.30940088629722595
65,effnet_orig,42,robustness,3.2795917987823486
65,effnet_orig,42,complexity,0.49465299724686984
65,effnet_orig,43,faithfulness,-0.22604793310165405
65,effnet_orig,43,robustness,3.458813428878784
65,effnet_orig,43,complexity,0.3714940861806314
65,effnet_orig,44,faithfulness,0.01870301365852356
65,effnet_orig,44,robustness,1.526539921760559
65,effnet_orig,44,complexity,0.16636205092606957
65,effnet_orig,45,faithfulness,-0.06853185594081879
65,effnet_orig,45,robustness,2.478342294692993
65,effnet_orig,45,complexity,0.359446998673294
65,effnet_recplot,0,faithfulness,0.20074491202831268
65,effnet_recplot,0,robustness,6.296252250671387
65,effnet_recplot,0,complexity,0.36990227125927705
65,effnet_recplot,1,faithfulness,0.07083915174007416
65,effnet_recplot,1,robustness,1.0945919752120972
65,effnet_recplot,1,complexity,0.2743132582739003
65,effnet_recplot,2,faithfulness,0.02502203732728958
65,effnet_recplot,2,robustness,1.3094074726104736
65,effnet_recplot,2,complexity,0.40815659282590266
65,effnet_recplot,3,faithfulness,0.25883015990257263
65,effnet_recplot,3,robustness,1.0821423530578613
65,effnet_recplot,3,complexity,0.22609457726914342
65,effnet_recplot,4,faithfulness,-0.0101042240858078
65,effnet_recplot,4,robustness,1.0857497453689575
65,effnet_recplot,4,complexity,0.40232476066035455
65,effnet_recplot,5,faithfulness,0.13003948330879211
65,effnet_recplot,5,robustness,1.1888731718063354
65,effnet_recplot,5,complexity,0.39145868235908926
65,effnet_recplot,6,faithfulness,0.21100562810897827
65,effnet_recplot,6,robustness,1.0993210077285767
65,effnet_recplot,6,complexity,0.2652510181011014
65,effnet_recplot,7,faithfulness,-0.06319688260555267
65,effnet_recplot,7,robustness,1.0554250478744507
65,effnet_recplot,7,complexity,0.2459473512122372
65,effnet_recplot,8,faithfulness,-0.15658409893512726
65,effnet_recplot,8,robustness,1.145580530166626
65,effnet_recplot,8,complexity,0.35015148086461734
65,effnet_recplot,9,faithfulness,0.028947196900844574
65,effnet_recplot,9,robustness,1.0364983081817627
65,effnet_recplot,9,complexity,0.37012534572974876
65,effnet_recplot,10,faithfulness,-0.02797137200832367
65,effnet_recplot,10,robustness,1.4060434103012085
65,effnet_recplot,10,complexity,0.38897296728934194
65,effnet_recplot,11,faithfulness,0.182847797870636
65,effnet_recplot,11,robustness,1.0103293657302856
65,effnet_recplot,11,complexity,0.15904881680916205
65,effnet_recplot,12,faithfulness,0.25710323452949524
65,effnet_recplot,12,robustness,1.146288514137268
65,effnet_recplot,12,complexity,0.1262220849415667
65,effnet_recplot,13,faithfulness,-0.09161509573459625
65,effnet_recplot,13,robustness,1.0915772914886475
65,effnet_recplot,13,complexity,0.10015734024602406
65,effnet_recplot,14,faithfulness,-0.150272935628891
65,effnet_recplot,14,robustness,1.505237102508545
65,effnet_recplot,14,complexity,0.37057788750107584
65,effnet_recplot,15,faithfulness,0.16568683087825775
65,effnet_recplot,15,robustness,1.380444049835205
65,effnet_recplot,15,complexity,0.19858536569846322
65,effnet_recplot,16,faithfulness,-0.0015946179628372192
65,effnet_recplot,16,robustness,1.1373788118362427
65,effnet_recplot,16,complexity,0.1947473067083967
65,effnet_recplot,17,faithfulness,-0.023554161190986633
65,effnet_recplot,17,robustness,1.0677989721298218
65,effnet_recplot,17,complexity,0.12697666847482675
65,effnet_recplot,18,faithfulness,-0.1808471977710724
65,effnet_recplot,18,robustness,1.032799482345581
65,effnet_recplot,18,complexity,0.25507686670458146
65,effnet_recplot,19,faithfulness,0.3303605318069458
65,effnet_recplot,19,robustness,1.228919506072998
65,effnet_recplot,19,complexity,0.3065583331408232
65,effnet_recplot,20,faithfulness,-0.27220311760902405
65,effnet_recplot,20,robustness,1.4376792907714844
65,effnet_recplot,20,complexity,0.14075743110965497
65,effnet_recplot,21,faithfulness,0.3642129898071289
65,effnet_recplot,21,robustness,1.0861625671386719
65,effnet_recplot,21,complexity,0.21768714541046902
65,effnet_recplot,22,faithfulness,0.3393455743789673
65,effnet_recplot,22,robustness,1.1977142095565796
65,effnet_recplot,22,complexity,0.23488676954265217
65,effnet_recplot,23,faithfulness,0.2914249897003174
65,effnet_recplot,23,robustness,1.1478092670440674
65,effnet_recplot,23,complexity,0.18808884040292165
65,effnet_recplot,24,faithfulness,-0.22091242671012878
65,effnet_recplot,24,robustness,1.3146312236785889
65,effnet_recplot,24,complexity,0.18467787066886646
65,effnet_recplot,25,faithfulness,0.052115362137556076
65,effnet_recplot,25,robustness,1.0124064683914185
65,effnet_recplot,25,complexity,0.4015483480468285
65,effnet_recplot,26,faithfulness,0.26474881172180176
65,effnet_recplot,26,robustness,1.2737834453582764
65,effnet_recplot,26,complexity,0.44643370945610056
65,effnet_recplot,27,faithfulness,-0.036713987588882446
65,effnet_recplot,27,robustness,1.212148666381836
65,effnet_recplot,27,complexity,0.37175273929858327
65,effnet_recplot,28,faithfulness,0.0483754500746727
65,effnet_recplot,28,robustness,2.633803606033325
65,effnet_recplot,28,complexity,0.43423259508260964
65,effnet_recplot,29,faithfulness,0.25053083896636963
65,effnet_recplot,29,robustness,4.553887844085693
65,effnet_recplot,29,complexity,0.3045025916745168
65,effnet_recplot,30,faithfulness,0.211512491106987
65,effnet_recplot,30,robustness,1.5713785886764526
65,effnet_recplot,30,complexity,0.2733710570150172
65,effnet_recplot,31,faithfulness,-0.12543272972106934
65,effnet_recplot,31,robustness,3.5489068031311035
65,effnet_recplot,31,complexity,0.3145663678507105
65,effnet_recplot,32,faithfulness,0.43617093563079834
65,effnet_recplot,32,robustness,1.2063733339309692
65,effnet_recplot,32,complexity,0.4588072033939139
65,effnet_recplot,33,faithfulness,-0.005036987364292145
65,effnet_recplot,33,robustness,1.2182176113128662
65,effnet_recplot,33,complexity,0.06972136613292891
65,effnet_recplot,34,faithfulness,-0.2511488199234009
65,effnet_recplot,34,robustness,1.0119894742965698
65,effnet_recplot,34,complexity,0.23603183372160716
65,effnet_recplot,35,faithfulness,-0.3441702723503113
65,effnet_recplot,35,robustness,2.148975372314453
65,effnet_recplot,35,complexity,0.44338788849338967
65,effnet_recplot,36,faithfulness,0.05131810903549194
65,effnet_recplot,36,robustness,1.7659579515457153
65,effnet_recplot,36,complexity,0.3319907975227292
65,effnet_recplot,37,faithfulness,0.053167738020420074
65,effnet_recplot,37,robustness,1.2703253030776978
65,effnet_recplot,37,complexity,0.16792389585380965
65,effnet_recplot,38,faithfulness,0.2175578474998474
65,effnet_recplot,38,robustness,1.144829273223877
65,effnet_recplot,38,complexity,0.24280172494983443
65,effnet_recplot,39,faithfulness,-0.07661333680152893
65,effnet_recplot,39,robustness,1.157692790031433
65,effnet_recplot,39,complexity,0.21279168811819596
65,effnet_recplot,40,faithfulness,-0.13627375662326813
65,effnet_recplot,40,robustness,1.0029956102371216
65,effnet_recplot,40,complexity,0.2122237858311226
65,effnet_recplot,41,faithfulness,-0.05603574216365814
65,effnet_recplot,41,robustness,1.0098319053649902
65,effnet_recplot,41,complexity,0.26480743647344884
65,effnet_recplot,42,faithfulness,0.20376716554164886
65,effnet_recplot,42,robustness,1.2183572053909302
65,effnet_recplot,42,complexity,0.4014879806651438
65,effnet_recplot,43,faithfulness,0.32414311170578003
65,effnet_recplot,43,robustness,1.0899420976638794
65,effnet_recplot,43,complexity,0.38058661129808213
65,effnet_recplot,44,faithfulness,0.09529852867126465
65,effnet_recplot,44,robustness,1.9138062000274658
65,effnet_recplot,44,complexity,0.26802103668830324
65,effnet_recplot,45,faithfulness,-0.17001064121723175
65,effnet_recplot,45,robustness,3.2708842754364014
65,effnet_recplot,45,complexity,0.14504452383315236
87,mobilenet_orig,0,faithfulness,0.0031004920601844788
87,mobilenet_orig,0,robustness,0.9858072400093079
87,mobilenet_orig,0,complexity,0.49027629462127786
87,mobilenet_orig,1,faithfulness,0.175222247838974
87,mobilenet_orig,1,robustness,3.5224807262420654
87,mobilenet_orig,1,complexity,0.34015745322441376
87,mobilenet_orig,2,faithfulness,-0.15050426125526428
87,mobilenet_orig,2,robustness,4.220327377319336
87,mobilenet_orig,2,complexity,0.4258815323232939
87,mobilenet_orig,3,faithfulness,0.14819656312465668
87,mobilenet_orig,3,robustness,2.955886125564575
87,mobilenet_orig,3,complexity,0.5122410933271804
87,mobilenet_orig,4,faithfulness,-0.12327872216701508
87,mobilenet_orig,4,robustness,3.6226887702941895
87,mobilenet_orig,4,complexity,0.4173321292967743
87,mobilenet_orig,5,faithfulness,-0.2603858709335327
87,mobilenet_orig,5,robustness,3.6542840003967285
87,mobilenet_orig,5,complexity,0.48892858622587104
87,mobilenet_orig,6,faithfulness,0.11917459219694138
87,mobilenet_orig,6,robustness,2.31964111328125
87,mobilenet_orig,6,complexity,0.42716387707525866
87,mobilenet_orig,7,faithfulness,0.1831023395061493
87,mobilenet_orig,7,robustness,1.881113052368164
87,mobilenet_orig,7,complexity,0.43192871332465826
87,mobilenet_orig,8,faithfulness,-0.11038943380117416
87,mobilenet_orig,8,robustness,1.574256420135498
87,mobilenet_orig,8,complexity,0.5088648145723703
87,mobilenet_orig,9,faithfulness,0.18677392601966858
87,mobilenet_orig,9,robustness,1.9528337717056274
87,mobilenet_orig,9,complexity,0.4637416284306102
87,mobilenet_orig,10,faithfulness,-0.06233098357915878
87,mobilenet_orig,10,robustness,2.083858013153076
87,mobilenet_orig,10,complexity,0.3262661245571098
87,mobilenet_orig,11,faithfulness,0.4576731324195862
87,mobilenet_orig,11,robustness,1.2923961877822876
87,mobilenet_orig,11,complexity,0.5078078945499412
87,mobilenet_orig,12,faithfulness,-0.1545206755399704
87,mobilenet_orig,12,robustness,1.032267689704895
87,mobilenet_orig,12,complexity,0.404184880379267
87,mobilenet_orig,13,faithfulness,0.4970428943634033
87,mobilenet_orig,13,robustness,1.6900160312652588
87,mobilenet_orig,13,complexity,0.38626604977974327
87,mobilenet_orig,14,faithfulness,-0.09239543974399567
87,mobilenet_orig,14,robustness,1.9806432723999023
87,mobilenet_orig,14,complexity,0.45876652059854867
87,mobilenet_orig,15,faithfulness,0.4492189884185791
87,mobilenet_orig,15,robustness,2.1348066329956055
87,mobilenet_orig,15,complexity,0.4880895685355013
87,mobilenet_orig,16,faithfulness,-0.13479536771774292
87,mobilenet_orig,16,robustness,2.541494369506836
87,mobilenet_orig,16,complexity,0.4624981934570146
87,mobilenet_orig,17,faithfulness,0.020998649299144745
87,mobilenet_orig,17,robustness,1.3966039419174194
87,mobilenet_orig,17,complexity,0.37584185139140164
87,mobilenet_orig,18,faithfulness,0.041996292769908905
87,mobilenet_orig,18,robustness,2.5286436080932617
87,mobilenet_orig,18,complexity,0.46519771774101965
87,mobilenet_orig,19,faithfulness,0.30759209394454956
87,mobilenet_orig,19,robustness,1.990191102027893
87,mobilenet_orig,19,complexity,0.39423935966398654
87,mobilenet_orig,20,faithfulness,0.2797698378562927
87,mobilenet_orig,20,robustness,2.083728551864624
87,mobilenet_orig,20,complexity,0.3622545641134988
87,mobilenet_orig,21,faithfulness,-0.09613203257322311
87,mobilenet_orig,21,robustness,3.4078891277313232
87,mobilenet_orig,21,complexity,0.42961945234014925
87,mobilenet_orig,22,faithfulness,-0.13092127442359924
87,mobilenet_orig,22,robustness,1.3397997617721558
87,mobilenet_orig,22,complexity,0.3410741743666847
87,mobilenet_orig,23,faithfulness,0.3215968608856201
87,mobilenet_orig,23,robustness,0.9949278831481934
87,mobilenet_orig,23,complexity,0.4233567821222019
87,mobilenet_orig,24,faithfulness,-0.01598013937473297
87,mobilenet_orig,24,robustness,0.8919960260391235
87,mobilenet_orig,24,complexity,0.3339842761107655
87,mobilenet_orig,25,faithfulness,0.1319654881954193
87,mobilenet_orig,25,robustness,1.3064687252044678
87,mobilenet_orig,25,complexity,0.2816016773482379
87,mobilenet_orig,26,faithfulness,0.1914309412240982
87,mobilenet_orig,26,robustness,0.9609532356262207
87,mobilenet_orig,26,complexity,0.3879859928808475
87,mobilenet_orig,27,faithfulness,0.1300356686115265
87,mobilenet_orig,27,robustness,0.9382765889167786
87,mobilenet_orig,27,complexity,0.36735372078260053
87,mobilenet_orig,28,faithfulness,-0.19383010268211365
87,mobilenet_orig,28,robustness,1.1495814323425293
87,mobilenet_orig,28,complexity,0.4582854841423149
87,mobilenet_orig,29,faithfulness,0.1461688131093979
87,mobilenet_orig,29,robustness,3.408411979675293
87,mobilenet_orig,29,complexity,0.5077516968974435
87,mobilenet_orig,30,faithfulness,0.23138445615768433
87,mobilenet_orig,30,robustness,1.201855182647705
87,mobilenet_orig,30,complexity,0.4033273679467991
87,mobilenet_orig,31,faithfulness,0.16260124742984772
87,mobilenet_orig,31,robustness,0.8738518953323364
87,mobilenet_orig,31,complexity,0.34934511820871966
87,mobilenet_orig,32,faithfulness,-0.2635246515274048
87,mobilenet_orig,32,robustness,1.172065258026123
87,mobilenet_orig,32,complexity,0.45097519949780607
87,mobilenet_orig,33,faithfulness,0.1962173730134964
87,mobilenet_orig,33,robustness,1.7784230709075928
87,mobilenet_orig,33,complexity,0.4250296605913536
87,mobilenet_orig,34,faithfulness,0.27557653188705444
87,mobilenet_orig,34,robustness,0.8423919081687927
87,mobilenet_orig,34,complexity,0.41398901231724494
87,mobilenet_orig,35,faithfulness,0.31632471084594727
87,mobilenet_orig,35,robustness,0.9211590886116028
87,mobilenet_orig,35,complexity,0.48269918153786534
87,mobilenet_orig,36,faithfulness,-0.2601124048233032
87,mobilenet_orig,36,robustness,4.121115207672119
87,mobilenet_orig,36,complexity,0.4252684723368043
87,mobilenet_orig,37,faithfulness,0.25622105598449707
87,mobilenet_orig,37,robustness,1.6205893754959106
87,mobilenet_orig,37,complexity,0.4243582342711058
87,mobilenet_orig,38,faithfulness,0.47223979234695435
87,mobilenet_orig,38,robustness,1.3458927869796753
87,mobilenet_orig,38,complexity,0.4732043301759166
87,mobilenet_orig,39,faithfulness,0.49033671617507935
87,mobilenet_orig,39,robustness,0.9752469062805176
87,mobilenet_orig,39,complexity,0.46051372351151354
87,mobilenet_orig,40,faithfulness,0.17051205039024353
87,mobilenet_orig,40,robustness,0.8025985956192017
87,mobilenet_orig,40,complexity,0.434768819288857
87,mobilenet_orig,41,faithfulness,0.21483257412910461
87,mobilenet_orig,41,robustness,1.4797446727752686
87,mobilenet_orig,41,complexity,0.37263512772465224
87,mobilenet_orig,42,faithfulness,0.09576179087162018
87,mobilenet_orig,42,robustness,0.9019964933395386
87,mobilenet_orig,42,complexity,0.3883936660178024
87,mobilenet_orig,43,faithfulness,0.35250377655029297
87,mobilenet_orig,43,robustness,1.3310775756835938
87,mobilenet_orig,43,complexity,0.44611248342378107
87,mobilenet_orig,44,faithfulness,0.4289320111274719
87,mobilenet_orig,44,robustness,1.6268928050994873
87,mobilenet_orig,44,complexity,0.41935332446205525
87,mobilenet_orig,45,faithfulness,0.039791375398635864
87,mobilenet_orig,45,robustness,1.6944111585617065
87,mobilenet_orig,45,complexity,0.4321034317200857
87,mobilenet_recplot,0,faithfulness,-0.05937083065509796
87,mobilenet_recplot,0,robustness,2.555170774459839
87,mobilenet_recplot,0,complexity,0.4360121386611157
87,mobilenet_recplot,1,faithfulness,0.17737294733524323
87,mobilenet_recplot,1,robustness,2.442183017730713
87,mobilenet_recplot,1,complexity,0.41450247991865374
87,mobilenet_recplot,2,faithfulness,0.47726765275001526
87,mobilenet_recplot,2,robustness,1.4769856929779053
87,mobilenet_recplot,2,complexity,0.5611045864243733
87,mobilenet_recplot,3,faithfulness,0.3090568780899048
87,mobilenet_recplot,3,robustness,2.5682578086853027
87,mobilenet_recplot,3,complexity,0.5034760421445323
87,mobilenet_recplot,4,faithfulness,0.051836639642715454
87,mobilenet_recplot,4,robustness,3.0818264484405518
87,mobilenet_recplot,4,complexity,0.46686426401436626
87,mobilenet_recplot,5,faithfulness,0.2763384282588959
87,mobilenet_recplot,5,robustness,2.8151848316192627
87,mobilenet_recplot,5,complexity,0.4626987859960409
87,mobilenet_recplot,6,faithfulness,-0.21410927176475525
87,mobilenet_recplot,6,robustness,1.8133111000061035
87,mobilenet_recplot,6,complexity,0.4675597259931083
87,mobilenet_recplot,7,faithfulness,0.07684145867824554
87,mobilenet_recplot,7,robustness,1.2520657777786255
87,mobilenet_recplot,7,complexity,0.6495927512073094
87,mobilenet_recplot,8,faithfulness,-0.20274576544761658
87,mobilenet_recplot,8,robustness,2.651132583618164
87,mobilenet_recplot,8,complexity,0.4333282924086125
87,mobilenet_recplot,9,faithfulness,0.19087140262126923
87,mobilenet_recplot,9,robustness,2.157947063446045
87,mobilenet_recplot,9,complexity,0.4626317885422029
87,mobilenet_recplot,10,faithfulness,0.10284921526908875
87,mobilenet_recplot,10,robustness,2.496649980545044
87,mobilenet_recplot,10,complexity,0.48774395800646175
87,mobilenet_recplot,11,faithfulness,0.40385910868644714
87,mobilenet_recplot,11,robustness,1.2076961994171143
87,mobilenet_recplot,11,complexity,0.59064826091345
87,mobilenet_recplot,12,faithfulness,-0.329037070274353
87,mobilenet_recplot,12,robustness,2.0252630710601807
87,mobilenet_recplot,12,complexity,0.4333633834388041
87,mobilenet_recplot,13,faithfulness,0.34428733587265015
87,mobilenet_recplot,13,robustness,3.1260950565338135
87,mobilenet_recplot,13,complexity,0.4774961715822557
87,mobilenet_recplot,14,faithfulness,0.22408394515514374
87,mobilenet_recplot,14,robustness,2.034095287322998
87,mobilenet_recplot,14,complexity,0.4207713566571035
87,mobilenet_recplot,15,faithfulness,0.3798969089984894
87,mobilenet_recplot,15,robustness,1.5158480405807495
87,mobilenet_recplot,15,complexity,0.5771632979504656
87,mobilenet_recplot,16,faithfulness,0.2556654214859009
87,mobilenet_recplot,16,robustness,2.1863110065460205
87,mobilenet_recplot,16,complexity,0.4922041431142093
87,mobilenet_recplot,17,faithfulness,-0.26679497957229614
87,mobilenet_recplot,17,robustness,2.0211308002471924
87,mobilenet_recplot,17,complexity,0.46819834109364006
87,mobilenet_recplot,18,faithfulness,0.37792134284973145
87,mobilenet_recplot,18,robustness,3.146012306213379
87,mobilenet_recplot,18,complexity,0.48185241880587826
87,mobilenet_recplot,19,faithfulness,0.11741521954536438
87,mobilenet_recplot,19,robustness,4.221543788909912
87,mobilenet_recplot,19,complexity,0.5062010809277605
87,mobilenet_recplot,20,faithfulness,0.17203956842422485
87,mobilenet_recplot,20,robustness,1.5141712427139282
87,mobilenet_recplot,20,complexity,0.5005999328096105
87,mobilenet_recplot,21,faithfulness,0.3001860976219177
87,mobilenet_recplot,21,robustness,2.079397678375244
87,mobilenet_recplot,21,complexity,0.4320418533892351
87,mobilenet_recplot,22,faithfulness,0.19719792902469635
87,mobilenet_recplot,22,robustness,2.4537174701690674
87,mobilenet_recplot,22,complexity,0.4481618104030744
87,mobilenet_recplot,23,faithfulness,0.30282893776893616
87,mobilenet_recplot,23,robustness,3.885150671005249
87,mobilenet_recplot,23,complexity,0.38678332643530694
87,mobilenet_recplot,24,faithfulness,0.07384002953767776
87,mobilenet_recplot,24,robustness,3.3759710788726807
87,mobilenet_recplot,24,complexity,0.43014654374647493
87,mobilenet_recplot,25,faithfulness,-0.060144729912281036
87,mobilenet_recplot,25,robustness,3.011848211288452
87,mobilenet_recplot,25,complexity,0.4090712763575126
87,mobilenet_recplot,26,faithfulness,0.017757534980773926
87,mobilenet_recplot,26,robustness,3.398721694946289
87,mobilenet_recplot,26,complexity,0.4626265445932042
87,mobilenet_recplot,27,faithfulness,-0.043605513870716095
87,mobilenet_recplot,27,robustness,5.279318809509277
87,mobilenet_recplot,27,complexity,0.4068856352932894
87,mobilenet_recplot,28,faithfulness,-0.09517157077789307
87,mobilenet_recplot,28,robustness,4.156928539276123
87,mobilenet_recplot,28,complexity,0.3999543051499919
87,mobilenet_recplot,29,faithfulness,-0.002481885254383087
87,mobilenet_recplot,29,robustness,4.914992332458496
87,mobilenet_recplot,29,complexity,0.49670082384839787
87,mobilenet_recplot,30,faithfulness,0.16689345240592957
87,mobilenet_recplot,30,robustness,5.352515697479248
87,mobilenet_recplot,30,complexity,0.39228961079074454
87,mobilenet_recplot,31,faithfulness,-0.08045713603496552
87,mobilenet_recplot,31,robustness,2.38584303855896
87,mobilenet_recplot,31,complexity,0.3793792792712104
87,mobilenet_recplot,32,faithfulness,0.2394380420446396
87,mobilenet_recplot,32,robustness,0.9663646221160889
87,mobilenet_recplot,32,complexity,0.5013976673285244
87,mobilenet_recplot,33,faithfulness,-0.04292895644903183
87,mobilenet_recplot,33,robustness,3.869593858718872
87,mobilenet_recplot,33,complexity,0.42127988158011037
87,mobilenet_recplot,34,faithfulness,0.044841304421424866
87,mobilenet_recplot,34,robustness,3.386665105819702
87,mobilenet_recplot,34,complexity,0.3996342025536305
87,mobilenet_recplot,35,faithfulness,0.2946741580963135
87,mobilenet_recplot,35,robustness,2.090912103652954
87,mobilenet_recplot,35,complexity,0.40580137297483543
87,mobilenet_recplot,36,faithfulness,-0.08925814181566238
87,mobilenet_recplot,36,robustness,3.414261817932129
87,mobilenet_recplot,36,complexity,0.4513046568855347
87,mobilenet_recplot,37,faithfulness,0.06265492737293243
87,mobilenet_recplot,37,robustness,4.093838214874268
87,mobilenet_recplot,37,complexity,0.4157288137377413
87,mobilenet_recplot,38,faithfulness,0.436657577753067
87,mobilenet_recplot,38,robustness,5.512429237365723
87,mobilenet_recplot,38,complexity,0.4650616970781733
87,mobilenet_recplot,39,faithfulness,0.11713902652263641
87,mobilenet_recplot,39,robustness,3.8745410442352295
87,mobilenet_recplot,39,complexity,0.4620218397312961
87,mobilenet_recplot,40,faithfulness,-0.029580049216747284
87,mobilenet_recplot,40,robustness,3.7768356800079346
87,mobilenet_recplot,40,complexity,0.4285606938331526
87,mobilenet_recplot,41,faithfulness,0.3829127848148346
87,mobilenet_recplot,41,robustness,3.7779812812805176
87,mobilenet_recplot,41,complexity,0.34629413466854136
87,mobilenet_recplot,42,faithfulness,0.020051419734954834
87,mobilenet_recplot,42,robustness,4.229348182678223
87,mobilenet_recplot,42,complexity,0.4901004950060064
87,mobilenet_recplot,43,faithfulness,0.316549152135849
87,mobilenet_recplot,43,robustness,2.5878684520721436
87,mobilenet_recplot,43,complexity,0.5156416539130743
87,mobilenet_recplot,44,faithfulness,0.2437232881784439
87,mobilenet_recplot,44,robustness,4.805147171020508
87,mobilenet_recplot,44,complexity,0.4098501237845834
87,mobilenet_recplot,45,faithfulness,0.18400846421718597
87,mobilenet_recplot,45,robustness,4.383584022521973
87,mobilenet_recplot,45,complexity,0.4588766703268824
87,effnet_orig,0,faithfulness,0.3497932255268097
87,effnet_orig,0,robustness,1.6461138725280762
87,effnet_orig,0,complexity,0.2244210294757081
87,effnet_orig,1,faithfulness,-0.06445549428462982
87,effnet_orig,1,robustness,1.0894521474838257
87,effnet_orig,1,complexity,0.12299204005622118
87,effnet_orig,2,faithfulness,-0.1808311641216278
87,effnet_orig,2,robustness,3.904294729232788
87,effnet_orig,2,complexity,0.41860472598217374
87,effnet_orig,3,faithfulness,0.23413562774658203
87,effnet_orig,3,robustness,3.280203342437744
87,effnet_orig,3,complexity,0.37578963334051035
87,effnet_orig,4,faithfulness,0.043579839169979095
87,effnet_orig,4,robustness,3.2756869792938232
87,effnet_orig,4,complexity,0.46919923670420804
87,effnet_orig,5,faithfulness,0.015722252428531647
87,effnet_orig,5,robustness,2.6207046508789062
87,effnet_orig,5,complexity,0.3402946286446236
87,effnet_orig,6,faithfulness,-0.02047351747751236
87,effnet_orig,6,robustness,4.650485038757324
87,effnet_orig,6,complexity,0.41828840159349834
87,effnet_orig,7,faithfulness,0.2026636004447937
87,effnet_orig,7,robustness,1.6518629789352417
87,effnet_orig,7,complexity,0.37961221261318323
87,effnet_orig,8,faithfulness,0.0991414487361908
87,effnet_orig,8,robustness,2.790752410888672
87,effnet_orig,8,complexity,0.4235620439842436
87,effnet_orig,9,faithfulness,-0.17304639518260956
87,effnet_orig,9,robustness,4.179684162139893
87,effnet_orig,9,complexity,0.3784181986225499
87,effnet_orig,10,faithfulness,0.11213220655918121
87,effnet_orig,10,robustness,1.8478929996490479
87,effnet_orig,10,complexity,0.3727363766644944
87,effnet_orig,11,faithfulness,0.3377174139022827
87,effnet_orig,11,robustness,1.5499752759933472
87,effnet_orig,11,complexity,0.0947064861441962
87,effnet_orig,12,faithfulness,0.1692710965871811
87,effnet_orig,12,robustness,2.4238998889923096
87,effnet_orig,12,complexity,0.4847497386770755
87,effnet_orig,13,faithfulness,0.3678082525730133
87,effnet_orig,13,robustness,1.9877452850341797
87,effnet_orig,13,complexity,0.2832238699835062
87,effnet_orig,14,faithfulness,0.18565687537193298
87,effnet_orig,14,robustness,2.925283908843994
87,effnet_orig,14,complexity,0.43637850205217915
87,effnet_orig,15,faithfulness,0.3095118999481201
87,effnet_orig,15,robustness,4.0115532875061035
87,effnet_orig,15,complexity,0.3536916225962418
87,effnet_orig,16,faithfulness,-0.1259554624557495
87,effnet_orig,16,robustness,3.427175998687744
87,effnet_orig,16,complexity,0.3976899877849993
87,effnet_orig,17,faithfulness,-0.394773006439209
87,effnet_orig,17,robustness,5.582956314086914
87,effnet_orig,17,complexity,0.4441041309540513
87,effnet_orig,18,faithfulness,0.12294258177280426
87,effnet_orig,18,robustness,1.1293994188308716
87,effnet_orig,18,complexity,0.23067323672913512
87,effnet_orig,19,faithfulness,-0.13180150091648102
87,effnet_orig,19,robustness,0.9121785759925842
87,effnet_orig,19,complexity,0.22921586039922975
87,effnet_orig,20,faithfulness,0.21598763763904572
87,effnet_orig,20,robustness,3.5662004947662354
87,effnet_orig,20,complexity,0.34221938679936803
87,effnet_orig,21,faithfulness,-0.2642030119895935
87,effnet_orig,21,robustness,0.9199208617210388
87,effnet_orig,21,complexity,0.31241319857908273
87,effnet_orig,22,faithfulness,0.3062134087085724
87,effnet_orig,22,robustness,0.8095242381095886
87,effnet_orig,22,complexity,0.16060597371549412
87,effnet_orig,23,faithfulness,-0.03527332842350006
87,effnet_orig,23,robustness,1.013446569442749
87,effnet_orig,23,complexity,0.2219175734008702
87,effnet_orig,24,faithfulness,0.12337513267993927
87,effnet_orig,24,robustness,1.0639525651931763
87,effnet_orig,24,complexity,0.12029151140029279
87,effnet_orig,25,faithfulness,-0.00037550926208496094
87,effnet_orig,25,robustness,2.6561286449432373
87,effnet_orig,25,complexity,0.4602043042975602
87,effnet_orig,26,faithfulness,0.3776405155658722
87,effnet_orig,26,robustness,0.8577511310577393
87,effnet_orig,26,complexity,0.18712121408788618
87,effnet_orig,27,faithfulness,-0.17490503191947937
87,effnet_orig,27,robustness,0.8731858134269714
87,effnet_orig,27,complexity,0.061187709901470835
87,effnet_orig,28,faithfulness,-0.1948809027671814
87,effnet_orig,28,robustness,1.2000694274902344
87,effnet_orig,28,complexity,0.27804712744349885
87,effnet_orig,29,faithfulness,0.18663451075553894
87,effnet_orig,29,robustness,1.002281665802002
87,effnet_orig,29,complexity,0.09061448381928715
87,effnet_orig,30,faithfulness,-0.09281957149505615
87,effnet_orig,30,robustness,1.1866751909255981
87,effnet_orig,30,complexity,0.12091822507710086
87,effnet_orig,31,faithfulness,-0.07077175378799438
87,effnet_orig,31,robustness,4.102484226226807
87,effnet_orig,31,complexity,0.301870871548425
87,effnet_orig,32,faithfulness,-0.11665387451648712
87,effnet_orig,32,robustness,0.677934467792511
87,effnet_orig,32,complexity,0.07795287345011526
87,effnet_orig,33,faithfulness,-0.285885214805603
87,effnet_orig,33,robustness,0.7990571856498718
87,effnet_orig,33,complexity,0.08934821157804186
87,effnet_orig,34,faithfulness,0.2894803583621979
87,effnet_orig,34,robustness,0.6780485510826111
87,effnet_orig,34,complexity,0.141915306770661
87,effnet_orig,35,faithfulness,0.016017302870750427
87,effnet_orig,35,robustness,3.569777250289917
87,effnet_orig,35,complexity,0.32285936590185754
87,effnet_orig,36,faithfulness,0.05039810389280319
87,effnet_orig,36,robustness,1.0030016899108887
87,effnet_orig,36,complexity,0.12410802881578893
87,effnet_orig,37,faithfulness,-0.02022528648376465
87,effnet_orig,37,robustness,2.220729112625122
87,effnet_orig,37,complexity,0.17794150111220408
87,effnet_orig,38,faithfulness,0.06552554666996002
87,effnet_orig,38,robustness,0.8625062704086304
87,effnet_orig,38,complexity,0.11905370111736727
87,effnet_orig,39,faithfulness,0.21499179303646088
87,effnet_orig,39,robustness,1.0004284381866455
87,effnet_orig,39,complexity,0.289454547975662
87,effnet_orig,40,faithfulness,0.5382118225097656
87,effnet_orig,40,robustness,2.988865375518799
87,effnet_orig,40,complexity,0.29604434672693447
87,effnet_orig,41,faithfulness,-0.1732598841190338
87,effnet_orig,41,robustness,1.4515538215637207
87,effnet_orig,41,complexity,0.2802395760559429
87,effnet_orig,42,faithfulness,0.2565992474555969
87,effnet_orig,42,robustness,0.8633466362953186
87,effnet_orig,42,complexity,0.18915427066447157
87,effnet_orig,43,faithfulness,0.23945234715938568
87,effnet_orig,43,robustness,0.7699592113494873
87,effnet_orig,43,complexity,0.14064108336647257
87,effnet_orig,44,faithfulness,-0.35200318694114685
87,effnet_orig,44,robustness,0.8392802476882935
87,effnet_orig,44,complexity,0.18234095684052481
87,effnet_orig,45,faithfulness,0.16828051209449768
87,effnet_orig,45,robustness,2.2225375175476074
87,effnet_orig,45,complexity,0.30432726746928457
87,effnet_recplot,0,faithfulness,0.2885601818561554
87,effnet_recplot,0,robustness,2.08516001701355
87,effnet_recplot,0,complexity,0.40722822531550534
87,effnet_recplot,1,faithfulness,0.0322062149643898
87,effnet_recplot,1,robustness,1.3150094747543335
87,effnet_recplot,1,complexity,0.28565764764407753
87,effnet_recplot,2,faithfulness,0.28381413221359253
87,effnet_recplot,2,robustness,1.3541306257247925
87,effnet_recplot,2,complexity,0.3487112992088519
87,effnet_recplot,3,faithfulness,0.09367714822292328
87,effnet_recplot,3,robustness,1.2377935647964478
87,effnet_recplot,3,complexity,0.20622788625349864
87,effnet_recplot,4,faithfulness,0.17762070894241333
87,effnet_recplot,4,robustness,1.5645400285720825
87,effnet_recplot,4,complexity,0.1492945829026544
87,effnet_recplot,5,faithfulness,0.3091277480125427
87,effnet_recplot,5,robustness,1.4462482929229736
87,effnet_recplot,5,complexity,0.4087473382221788
87,effnet_recplot,6,faithfulness,0.0173356756567955
87,effnet_recplot,6,robustness,1.8013111352920532
87,effnet_recplot,6,complexity,0.24455773113877377
87,effnet_recplot,7,faithfulness,0.07836612313985825
87,effnet_recplot,7,robustness,1.1533174514770508
87,effnet_recplot,7,complexity,0.1299894125683451
87,effnet_recplot,8,faithfulness,-0.1019197553396225
87,effnet_recplot,8,robustness,1.4058514833450317
87,effnet_recplot,8,complexity,0.22615240534256106
87,effnet_recplot,9,faithfulness,0.1526813805103302
87,effnet_recplot,9,robustness,1.5191137790679932
87,effnet_recplot,9,complexity,0.09711561421478508
87,effnet_recplot,10,faithfulness,0.17190448939800262
87,effnet_recplot,10,robustness,1.267918348312378
87,effnet_recplot,10,complexity,0.23641131668737658
87,effnet_recplot,11,faithfulness,-0.06845156103372574
87,effnet_recplot,11,robustness,1.4904831647872925
87,effnet_recplot,11,complexity,0.12720098425649234
87,effnet_recplot,12,faithfulness,0.5119360089302063
87,effnet_recplot,12,robustness,2.1107070446014404
87,effnet_recplot,12,complexity,0.45174355671022537
87,effnet_recplot,13,faithfulness,-0.06278275698423386
87,effnet_recplot,13,robustness,1.0722123384475708
87,effnet_recplot,13,complexity,0.06941251526479562
87,effnet_recplot,14,faithfulness,0.10622435808181763
87,effnet_recplot,14,robustness,1.414202094078064
87,effnet_recplot,14,complexity,0.22515319952822516
87,effnet_recplot,15,faithfulness,-0.09829060733318329
87,effnet_recplot,15,robustness,1.1235957145690918
87,effnet_recplot,15,complexity,0.08291603787120601
87,effnet_recplot,16,faithfulness,0.36199039220809937
87,effnet_recplot,16,robustness,1.368863582611084
87,effnet_recplot,16,complexity,0.15573399968417137
87,effnet_recplot,17,faithfulness,-0.07680840790271759
87,effnet_recplot,17,robustness,1.1362056732177734
87,effnet_recplot,17,complexity,0.04480501391726872
87,effnet_recplot,18,faithfulness,0.22169890999794006
87,effnet_recplot,18,robustness,1.172243595123291
87,effnet_recplot,18,complexity,0.1572537796977489
87,effnet_recplot,19,faithfulness,0.15696871280670166
87,effnet_recplot,19,robustness,1.831925868988037
87,effnet_recplot,19,complexity,0.3214027448987766
87,effnet_recplot,20,faithfulness,0.23553383350372314
87,effnet_recplot,20,robustness,1.9146463871002197
87,effnet_recplot,20,complexity,0.21361406462582377
87,effnet_recplot,21,faithfulness,-0.0011375881731510162
87,effnet_recplot,21,robustness,2.309169292449951
87,effnet_recplot,21,complexity,0.407101821037233
87,effnet_recplot,22,faithfulness,0.5646413564682007
87,effnet_recplot,22,robustness,1.2412232160568237
87,effnet_recplot,22,complexity,0.30294886403988464
87,effnet_recplot,23,faithfulness,0.2827776074409485
87,effnet_recplot,23,robustness,1.0670278072357178
87,effnet_recplot,23,complexity,0.2452810923982605
87,effnet_recplot,24,faithfulness,-0.09690050780773163
87,effnet_recplot,24,robustness,1.7413612604141235
87,effnet_recplot,24,complexity,0.4227647731812248
87,effnet_recplot,25,faithfulness,-0.08657359331846237
87,effnet_recplot,25,robustness,1.0497727394104004
87,effnet_recplot,25,complexity,0.1772374087838415
87,effnet_recplot,26,faithfulness,-0.1445193588733673
87,effnet_recplot,26,robustness,1.0634427070617676
87,effnet_recplot,26,complexity,0.16497373077790525
87,effnet_recplot,27,faithfulness,0.2784779369831085
87,effnet_recplot,27,robustness,1.6914840936660767
87,effnet_recplot,27,complexity,0.3802302343792785
87,effnet_recplot,28,faithfulness,0.3270389437675476
87,effnet_recplot,28,robustness,10.047273635864258
87,effnet_recplot,28,complexity,0.31527946614554125
87,effnet_recplot,29,faithfulness,0.2677485942840576
87,effnet_recplot,29,robustness,11.983071327209473
87,effnet_recplot,29,complexity,0.3859624352574998
87,effnet_recplot,30,faithfulness,-0.11177269369363785
87,effnet_recplot,30,robustness,11.220033645629883
87,effnet_recplot,30,complexity,0.4662675840815363
87,effnet_recplot,31,faithfulness,-0.16747137904167175
87,effnet_recplot,31,robustness,1.362561821937561
87,effnet_recplot,31,complexity,0.1937850517301673
87,effnet_recplot,32,faithfulness,-0.1331920325756073
87,effnet_recplot,32,robustness,1.196252465248108
87,effnet_recplot,32,complexity,0.2392447991528113
87,effnet_recplot,33,faithfulness,0.3040972948074341
87,effnet_recplot,33,robustness,2.6587836742401123
87,effnet_recplot,33,complexity,0.21085087457327376
87,effnet_recplot,34,faithfulness,-0.19752386212348938
87,effnet_recplot,34,robustness,1.006341576576233
87,effnet_recplot,34,complexity,0.23006986025400047
87,effnet_recplot,35,faithfulness,0.38825923204421997
87,effnet_recplot,35,robustness,1.3873852491378784
87,effnet_recplot,35,complexity,0.5083462486624404
87,effnet_recplot,36,faithfulness,0.15443825721740723
87,effnet_recplot,36,robustness,2.259028196334839
87,effnet_recplot,36,complexity,0.21144291303534074
87,effnet_recplot,37,faithfulness,0.03246167302131653
87,effnet_recplot,37,robustness,1.7567821741104126
87,effnet_recplot,37,complexity,0.14727963661624746
87,effnet_recplot,38,faithfulness,-0.23159092664718628
87,effnet_recplot,38,robustness,1.8110136985778809
87,effnet_recplot,38,complexity,0.21658270929499907
87,effnet_recplot,39,faithfulness,0.46853747963905334
87,effnet_recplot,39,robustness,2.009204149246216
87,effnet_recplot,39,complexity,0.246395208632198
87,effnet_recplot,40,faithfulness,0.25656723976135254
87,effnet_recplot,40,robustness,1.026769757270813
87,effnet_recplot,40,complexity,0.43725147084169413
87,effnet_recplot,41,faithfulness,0.06630026549100876
87,effnet_recplot,41,robustness,2.6352410316467285
87,effnet_recplot,41,complexity,0.4731599368467558
87,effnet_recplot,42,faithfulness,0.20606307685375214
87,effnet_recplot,42,robustness,1.04189932346344
87,effnet_recplot,42,complexity,0.1866541411693683
87,effnet_recplot,43,faithfulness,0.2860705256462097
87,effnet_recplot,43,robustness,1.8812334537506104
87,effnet_recplot,43,complexity,0.4323329576172046
87,effnet_recplot,44,faithfulness,0.2962198257446289
87,effnet_recplot,44,robustness,1.490472435951233
87,effnet_recplot,44,complexity,0.18456215210860175
87,effnet_recplot,45,faithfulness,-0.28265899419784546
87,effnet_recplot,45,robustness,1.1855026483535767
87,effnet_recplot,45,complexity,0.12865627979560465
93,mobilenet_orig,0,faithfulness,-0.08065056800842285
93,mobilenet_orig,0,robustness,1.0918405055999756
93,mobilenet_orig,0,complexity,0.49096581174062937
93,mobilenet_orig,1,faithfulness,0.11018205434083939
93,mobilenet_orig,1,robustness,1.2498329877853394
93,mobilenet_orig,1,complexity,0.37681918947304727
93,mobilenet_orig,2,faithfulness,-0.17340633273124695
93,mobilenet_orig,2,robustness,2.250732183456421
93,mobilenet_orig,2,complexity,0.4425313778957233
93,mobilenet_orig,3,faithfulness,0.43933355808258057
93,mobilenet_orig,3,robustness,1.7875360250473022
93,mobilenet_orig,3,complexity,0.43017769849086834
93,mobilenet_orig,4,faithfulness,-0.2726837396621704
93,mobilenet_orig,4,robustness,2.110753297805786
93,mobilenet_orig,4,complexity,0.446405881946243
93,mobilenet_orig,5,faithfulness,-0.15651385486125946
93,mobilenet_orig,5,robustness,1.9086881875991821
93,mobilenet_orig,5,complexity,0.3838809180272629
93,mobilenet_orig,6,faithfulness,0.25019317865371704
93,mobilenet_orig,6,robustness,1.3722590208053589
93,mobilenet_orig,6,complexity,0.3543138178483216
93,mobilenet_orig,7,faithfulness,0.24625158309936523
93,mobilenet_orig,7,robustness,1.3659156560897827
93,mobilenet_orig,7,complexity,0.3790739761073816
93,mobilenet_orig,8,faithfulness,0.636343777179718
93,mobilenet_orig,8,robustness,1.4528909921646118
93,mobilenet_orig,8,complexity,0.44388730360161827
93,mobilenet_orig,9,faithfulness,0.22267858684062958
93,mobilenet_orig,9,robustness,1.2263649702072144
93,mobilenet_orig,9,complexity,0.4366238425348864
93,mobilenet_orig,10,faithfulness,-0.03160989657044411
93,mobilenet_orig,10,robustness,1.1837451457977295
93,mobilenet_orig,10,complexity,0.3999713175589922
93,mobilenet_orig,11,faithfulness,0.07725168019533157
93,mobilenet_orig,11,robustness,1.3719309568405151
93,mobilenet_orig,11,complexity,0.3603302965771205
93,mobilenet_orig,12,faithfulness,-0.1612756997346878
93,mobilenet_orig,12,robustness,0.9548704028129578
93,mobilenet_orig,12,complexity,0.3502525654279488
93,mobilenet_orig,13,faithfulness,0.25444698333740234
93,mobilenet_orig,13,robustness,1.0533353090286255
93,mobilenet_orig,13,complexity,0.4796486569405342
93,mobilenet_orig,14,faithfulness,0.07281888276338577
93,mobilenet_orig,14,robustness,1.6648907661437988
93,mobilenet_orig,14,complexity,0.4177623312360303
93,mobilenet_orig,15,faithfulness,0.03649928420782089
93,mobilenet_orig,15,robustness,1.3646739721298218
93,mobilenet_orig,15,complexity,0.37277730547894733
93,mobilenet_orig,16,faithfulness,0.06231012940406799
93,mobilenet_orig,16,robustness,1.5280179977416992
93,mobilenet_orig,16,complexity,0.3860875600380919
93,mobilenet_orig,17,faithfulness,0.10114586353302002
93,mobilenet_orig,17,robustness,1.0820369720458984
93,mobilenet_orig,17,complexity,0.4142938661871664
93,mobilenet_orig,18,faithfulness,0.027356313541531563
93,mobilenet_orig,18,robustness,1.2218068838119507
93,mobilenet_orig,18,complexity,0.40940079285139486
93,mobilenet_orig,19,faithfulness,0.3283664584159851
93,mobilenet_orig,19,robustness,1.3822195529937744
93,mobilenet_orig,19,complexity,0.4367232212785397
93,mobilenet_orig,20,faithfulness,0.4653926193714142
93,mobilenet_orig,20,robustness,0.8363268375396729
93,mobilenet_orig,20,complexity,0.31432533089029674
93,mobilenet_orig,21,faithfulness,0.10942423343658447
93,mobilenet_orig,21,robustness,1.0543780326843262
93,mobilenet_orig,21,complexity,0.4087493743474496
93,mobilenet_orig,22,faithfulness,-0.11011800915002823
93,mobilenet_orig,22,robustness,1.1220073699951172
93,mobilenet_orig,22,complexity,0.4322572496029853
93,mobilenet_orig,23,faithfulness,0.2957741916179657
93,mobilenet_orig,23,robustness,1.0072137117385864
93,mobilenet_orig,23,complexity,0.42075681904787887
93,mobilenet_orig,24,faithfulness,0.20384925603866577
93,mobilenet_orig,24,robustness,0.9348534941673279
93,mobilenet_orig,24,complexity,0.35634186817478464
93,mobilenet_orig,25,faithfulness,0.10562901198863983
93,mobilenet_orig,25,robustness,1.5223395824432373
93,mobilenet_orig,25,complexity,0.35318757496742187
93,mobilenet_orig,26,faithfulness,0.018401481211185455
93,mobilenet_orig,26,robustness,1.085296392440796
93,mobilenet_orig,26,complexity,0.48013584910967133
93,mobilenet_orig,27,faithfulness,0.1363539844751358
93,mobilenet_orig,27,robustness,0.8940683007240295
93,mobilenet_orig,27,complexity,0.4214890847099196
93,mobilenet_orig,28,faithfulness,0.18616604804992676
93,mobilenet_orig,28,robustness,1.1511921882629395
93,mobilenet_orig,28,complexity,0.4409416804418935
93,mobilenet_orig,29,faithfulness,0.16328361630439758
93,mobilenet_orig,29,robustness,2.3561272621154785
93,mobilenet_orig,29,complexity,0.3801872742126575
93,mobilenet_orig,30,faithfulness,0.08531861752271652
93,mobilenet_orig,30,robustness,1.0915051698684692
93,mobilenet_orig,30,complexity,0.4245606811546347
93,mobilenet_orig,31,faithfulness,0.002919616177678108
93,mobilenet_orig,31,robustness,0.9707691073417664
93,mobilenet_orig,31,complexity,0.4480291788099141
93,mobilenet_orig,32,faithfulness,0.2162553369998932
93,mobilenet_orig,32,robustness,0.9397470355033875
93,mobilenet_orig,32,complexity,0.4525963507501709
93,mobilenet_orig,33,faithfulness,-0.19287866353988647
93,mobilenet_orig,33,robustness,1.1058259010314941
93,mobilenet_orig,33,complexity,0.3810726946112733
93,mobilenet_orig,34,faithfulness,-0.09091160446405411
93,mobilenet_orig,34,robustness,0.8316904306411743
93,mobilenet_orig,34,complexity,0.35089216595839373
93,mobilenet_orig,35,faithfulness,0.3942822217941284
93,mobilenet_orig,35,robustness,0.7587054967880249
93,mobilenet_orig,35,complexity,0.5152388861214285
93,mobilenet_orig,36,faithfulness,0.3786593973636627
93,mobilenet_orig,36,robustness,1.2320493459701538
93,mobilenet_orig,36,complexity,0.4507419085523042
93,mobilenet_orig,37,faithfulness,0.04349537193775177
93,mobilenet_orig,37,robustness,0.8354479670524597
93,mobilenet_orig,37,complexity,0.45262171477853586
93,mobilenet_orig,38,faithfulness,0.10833355039358139
93,mobilenet_orig,38,robustness,1.4628123044967651
93,mobilenet_orig,38,complexity,0.4578966945658111
93,mobilenet_orig,39,faithfulness,-0.09037365019321442
93,mobilenet_orig,39,robustness,1.0351872444152832
93,mobilenet_orig,39,complexity,0.42590440969087917
93,mobilenet_orig,40,faithfulness,-0.05479614436626434
93,mobilenet_orig,40,robustness,1.0140340328216553
93,mobilenet_orig,40,complexity,0.38679395363885577
93,mobilenet_orig,41,faithfulness,-0.09784895926713943
93,mobilenet_orig,41,robustness,1.172678828239441
93,mobilenet_orig,41,complexity,0.4435716866576055
93,mobilenet_orig,42,faithfulness,-0.2582031488418579
93,mobilenet_orig,42,robustness,1.3518003225326538
93,mobilenet_orig,42,complexity,0.44435507997268686
93,mobilenet_orig,43,faithfulness,0.02790374681353569
93,mobilenet_orig,43,robustness,1.1198550462722778
93,mobilenet_orig,43,complexity,0.4511616434958421
93,mobilenet_orig,44,faithfulness,-0.09646053612232208
93,mobilenet_orig,44,robustness,1.7380906343460083
93,mobilenet_orig,44,complexity,0.4940646118802952
93,mobilenet_orig,45,faithfulness,0.19003576040267944
93,mobilenet_orig,45,robustness,0.7274671792984009
93,mobilenet_orig,45,complexity,0.4105267854885885
93,mobilenet_recplot,0,faithfulness,0.44396156072616577
93,mobilenet_recplot,0,robustness,1.5063260793685913
93,mobilenet_recplot,0,complexity,0.47963436833402456
93,mobilenet_recplot,1,faithfulness,0.26607459783554077
93,mobilenet_recplot,1,robustness,2.6268866062164307
93,mobilenet_recplot,1,complexity,0.5263506405837062
93,mobilenet_recplot,2,faithfulness,-0.15313750505447388
93,mobilenet_recplot,2,robustness,1.677123785018921
93,mobilenet_recplot,2,complexity,0.5559150620854078
93,mobilenet_recplot,3,faithfulness,0.6108618378639221
93,mobilenet_recplot,3,robustness,1.7006596326828003
93,mobilenet_recplot,3,complexity,0.5276543575800204
93,mobilenet_recplot,4,faithfulness,0.07558785378932953
93,mobilenet_recplot,4,robustness,1.2938029766082764
93,mobilenet_recplot,4,complexity,0.5233530385169253
93,mobilenet_recplot,5,faithfulness,0.05574190616607666
93,mobilenet_recplot,5,robustness,1.417480707168579
93,mobilenet_recplot,5,complexity,0.49408847189534677
93,mobilenet_recplot,6,faithfulness,0.32564210891723633
93,mobilenet_recplot,6,robustness,1.6059961318969727
93,mobilenet_recplot,6,complexity,0.5462957969126669
93,mobilenet_recplot,7,faithfulness,0.3250248432159424
93,mobilenet_recplot,7,robustness,1.1976159811019897
93,mobilenet_recplot,7,complexity,0.6143228065622758
93,mobilenet_recplot,8,faithfulness,0.2895602583885193
93,mobilenet_recplot,8,robustness,1.2882916927337646
93,mobilenet_recplot,8,complexity,0.5151489127041362
93,mobilenet_recplot,9,faithfulness,-0.037605684250593185
93,mobilenet_recplot,9,robustness,1.3772202730178833
93,mobilenet_recplot,9,complexity,0.5074136190013814
93,mobilenet_recplot,10,faithfulness,0.1656530350446701
93,mobilenet_recplot,10,robustness,3.40045428276062
93,mobilenet_recplot,10,complexity,0.4416517961797098
93,mobilenet_recplot,11,faithfulness,0.16260996460914612
93,mobilenet_recplot,11,robustness,1.1490784883499146
93,mobilenet_recplot,11,complexity,0.5158923343447903
93,mobilenet_recplot,12,faithfulness,0.2950326204299927
93,mobilenet_recplot,12,robustness,1.6905128955841064
93,mobilenet_recplot,12,complexity,0.5135488842844312
93,mobilenet_recplot,13,faithfulness,0.2627837657928467
93,mobilenet_recplot,13,robustness,1.3920871019363403
93,mobilenet_recplot,13,complexity,0.4857566045899668
93,mobilenet_recplot,14,faithfulness,0.1382451355457306
93,mobilenet_recplot,14,robustness,2.178858995437622
93,mobilenet_recplot,14,complexity,0.5690532853555073
93,mobilenet_recplot,15,faithfulness,-0.32527780532836914
93,mobilenet_recplot,15,robustness,2.693963050842285
93,mobilenet_recplot,15,complexity,0.510295435209951
93,mobilenet_recplot,16,faithfulness,0.45792531967163086
93,mobilenet_recplot,16,robustness,1.8468272686004639
93,mobilenet_recplot,16,complexity,0.5176036774012236
93,mobilenet_recplot,17,faithfulness,0.04246431216597557
93,mobilenet_recplot,17,robustness,2.0017788410186768
93,mobilenet_recplot,17,complexity,0.4503665468124874
93,mobilenet_recplot,18,faithfulness,0.4882240295410156
93,mobilenet_recplot,18,robustness,1.0866587162017822
93,mobilenet_recplot,18,complexity,0.5549327839763983
93,mobilenet_recplot,19,faithfulness,-0.22394683957099915
93,mobilenet_recplot,19,robustness,5.368306636810303
93,mobilenet_recplot,19,complexity,0.4721519807886822
93,mobilenet_recplot,20,faithfulness,0.49297529458999634
93,mobilenet_recplot,20,robustness,1.0770373344421387
93,mobilenet_recplot,20,complexity,0.4831343137464847
93,mobilenet_recplot,21,faithfulness,0.08522921055555344
93,mobilenet_recplot,21,robustness,1.6410306692123413
93,mobilenet_recplot,21,complexity,0.5449751838364713
93,mobilenet_recplot,22,faithfulness,0.11481461673974991
93,mobilenet_recplot,22,robustness,2.7447710037231445
93,mobilenet_recplot,22,complexity,0.5075442719793047
93,mobilenet_recplot,23,faithfulness,0.33603814244270325
93,mobilenet_recplot,23,robustness,3.4087140560150146
93,mobilenet_recplot,23,complexity,0.5180784553824709
93,mobilenet_recplot,24,faithfulness,0.08290629833936691
93,mobilenet_recplot,24,robustness,8.946499824523926
93,mobilenet_recplot,24,complexity,0.4284893332934255
93,mobilenet_recplot,25,faithfulness,0.2008238434791565
93,mobilenet_recplot,25,robustness,1.3263466358184814
93,mobilenet_recplot,25,complexity,0.4702074030218904
93,mobilenet_recplot,26,faithfulness,-0.037311144173145294
93,mobilenet_recplot,26,robustness,2.8079562187194824
93,mobilenet_recplot,26,complexity,0.490896624086043
93,mobilenet_recplot,27,faithfulness,0.27734512090682983
93,mobilenet_recplot,27,robustness,5.056545257568359
93,mobilenet_recplot,27,complexity,0.48621547616160377
93,mobilenet_recplot,28,faithfulness,-0.11948992311954498
93,mobilenet_recplot,28,robustness,4.732541561126709
93,mobilenet_recplot,28,complexity,0.47858512314401613
93,mobilenet_recplot,29,faithfulness,-0.17871519923210144
93,mobilenet_recplot,29,robustness,7.246933937072754
93,mobilenet_recplot,29,complexity,0.3398271614740151
93,mobilenet_recplot,30,faithfulness,0.32728075981140137
93,mobilenet_recplot,30,robustness,5.8726396560668945
93,mobilenet_recplot,30,complexity,0.44543997956611964
93,mobilenet_recplot,31,faithfulness,0.1303037405014038
93,mobilenet_recplot,31,robustness,3.2660491466522217
93,mobilenet_recplot,31,complexity,0.41883491459508804
93,mobilenet_recplot,32,faithfulness,-0.0863964855670929
93,mobilenet_recplot,32,robustness,2.7512993812561035
93,mobilenet_recplot,32,complexity,0.34494688371500354
93,mobilenet_recplot,33,faithfulness,0.49234169721603394
93,mobilenet_recplot,33,robustness,5.166358947753906
93,mobilenet_recplot,33,complexity,0.43195087602268273
93,mobilenet_recplot,34,faithfulness,0.2392800897359848
93,mobilenet_recplot,34,robustness,5.491916656494141
93,mobilenet_recplot,34,complexity,0.488259323870632
93,mobilenet_recplot,35,faithfulness,0.1725711226463318
93,mobilenet_recplot,35,robustness,2.09230375289917
93,mobilenet_recplot,35,complexity,0.4243014350605828
93,mobilenet_recplot,36,faithfulness,0.2739623785018921
93,mobilenet_recplot,36,robustness,2.756737232208252
93,mobilenet_recplot,36,complexity,0.46208092987071175
93,mobilenet_recplot,37,faithfulness,0.09645584225654602
93,mobilenet_recplot,37,robustness,3.1274802684783936
93,mobilenet_recplot,37,complexity,0.46629549829558786
93,mobilenet_recplot,38,faithfulness,-0.2630869448184967
93,mobilenet_recplot,38,robustness,4.561834812164307
93,mobilenet_recplot,38,complexity,0.4065766213055595
93,mobilenet_recplot,39,faithfulness,0.15816238522529602
93,mobilenet_recplot,39,robustness,3.6223134994506836
93,mobilenet_recplot,39,complexity,0.48884112844702154
93,mobilenet_recplot,40,faithfulness,0.17312349379062653
93,mobilenet_recplot,40,robustness,2.880831241607666
93,mobilenet_recplot,40,complexity,0.4248472545337113
93,mobilenet_recplot,41,faithfulness,0.20592474937438965
93,mobilenet_recplot,41,robustness,2.5485665798187256
93,mobilenet_recplot,41,complexity,0.5092947924734981
93,mobilenet_recplot,42,faithfulness,0.038834210485219955
93,mobilenet_recplot,42,robustness,3.05899715423584
93,mobilenet_recplot,42,complexity,0.4680430577993025
93,mobilenet_recplot,43,faithfulness,0.1304822415113449
93,mobilenet_recplot,43,robustness,1.4068421125411987
93,mobilenet_recplot,43,complexity,0.49916532586538087
93,mobilenet_recplot,44,faithfulness,0.1528891921043396
93,mobilenet_recplot,44,robustness,3.071164846420288
93,mobilenet_recplot,44,complexity,0.438675849092274
93,mobilenet_recplot,45,faithfulness,0.3109389543533325
93,mobilenet_recplot,45,robustness,4.226983070373535
93,mobilenet_recplot,45,complexity,0.4541665009592823
93,effnet_orig,0,faithfulness,-0.09032031148672104
93,effnet_orig,0,robustness,4.573989391326904
93,effnet_orig,0,complexity,0.3748978964864781
93,effnet_orig,1,faithfulness,0.25160008668899536
93,effnet_orig,1,robustness,1.8624918460845947
93,effnet_orig,1,complexity,0.32325730362735805
93,effnet_orig,2,faithfulness,0.43956807255744934
93,effnet_orig,2,robustness,1.9928699731826782
93,effnet_orig,2,complexity,0.4341144618298963
93,effnet_orig,3,faithfulness,0.091028593480587
93,effnet_orig,3,robustness,3.4690101146698
93,effnet_orig,3,complexity,0.42815539942488334
93,effnet_orig,4,faithfulness,0.13000547885894775
93,effnet_orig,4,robustness,3.0235595703125
93,effnet_orig,4,complexity,0.49200255711361973
93,effnet_orig,5,faithfulness,0.13236048817634583
93,effnet_orig,5,robustness,3.698812484741211
93,effnet_orig,5,complexity,0.391426282195985
93,effnet_orig,6,faithfulness,-0.07075400650501251
93,effnet_orig,6,robustness,1.8352067470550537
93,effnet_orig,6,complexity,0.24953485952431764
93,effnet_orig,7,faithfulness,0.06073974072933197
93,effnet_orig,7,robustness,2.0424375534057617
93,effnet_orig,7,complexity,0.32640900257285554
93,effnet_orig,8,faithfulness,0.2858954668045044
93,effnet_orig,8,robustness,1.6171914339065552
93,effnet_orig,8,complexity,0.12502582933114498
93,effnet_orig,9,faithfulness,-0.008941028267145157
93,effnet_orig,9,robustness,3.3646891117095947
93,effnet_orig,9,complexity,0.3357738018610685
93,effnet_orig,10,faithfulness,0.2911995053291321
93,effnet_orig,10,robustness,1.952162742614746
93,effnet_orig,10,complexity,0.22283670518102422
93,effnet_orig,11,faithfulness,0.4134885370731354
93,effnet_orig,11,robustness,2.6248056888580322
93,effnet_orig,11,complexity,0.4300233196106179
93,effnet_orig,12,faithfulness,-0.46969184279441833
93,effnet_orig,12,robustness,1.7812076807022095
93,effnet_orig,12,complexity,0.2905570616414343
93,effnet_orig,13,faithfulness,0.5030045509338379
93,effnet_orig,13,robustness,2.4777913093566895
93,effnet_orig,13,complexity,0.4242084225772181
93,effnet_orig,14,faithfulness,-0.19437764585018158
93,effnet_orig,14,robustness,1.3808387517929077
93,effnet_orig,14,complexity,0.09342152165337228
93,effnet_orig,15,faithfulness,-0.028958361595869064
93,effnet_orig,15,robustness,2.3281145095825195
93,effnet_orig,15,complexity,0.32820049654008154
93,effnet_orig,16,faithfulness,-0.00785258412361145
93,effnet_orig,16,robustness,1.7966892719268799
93,effnet_orig,16,complexity,0.28670145583751744
93,effnet_orig,17,faithfulness,0.26299530267715454
93,effnet_orig,17,robustness,2.607032299041748
93,effnet_orig,17,complexity,0.39096817472090784
93,effnet_orig,18,faithfulness,-0.010416947305202484
93,effnet_orig,18,robustness,3.9575822353363037
93,effnet_orig,18,complexity,0.4237378131814241
93,effnet_orig,19,faithfulness,0.09206342697143555
93,effnet_orig,19,robustness,2.9764490127563477
93,effnet_orig,19,complexity,0.296562193655328
93,effnet_orig,20,faithfulness,-0.0773986279964447
93,effnet_orig,20,robustness,6.197911262512207
93,effnet_orig,20,complexity,0.4097469284179648
93,effnet_orig,21,faithfulness,0.15198707580566406
93,effnet_orig,21,robustness,1.9726868867874146
93,effnet_orig,21,complexity,0.35233075518126067
93,effnet_orig,22,faithfulness,0.1621214598417282
93,effnet_orig,22,robustness,1.3184754848480225
93,effnet_orig,22,complexity,0.1264557333538916
93,effnet_orig,23,faithfulness,0.23482289910316467
93,effnet_orig,23,robustness,1.0661699771881104
93,effnet_orig,23,complexity,0.13834903716586344
93,effnet_orig,24,faithfulness,-0.270760715007782
93,effnet_orig,24,robustness,1.2046053409576416
93,effnet_orig,24,complexity,0.23173505583129578
93,effnet_orig,25,faithfulness,-0.15560124814510345
93,effnet_orig,25,robustness,1.8261008262634277
93,effnet_orig,25,complexity,0.25580004271106904
93,effnet_orig,26,faithfulness,-0.12828028202056885
93,effnet_orig,26,robustness,1.289870262145996
93,effnet_orig,26,complexity,0.2574390236652022
93,effnet_orig,27,faithfulness,-0.00972389429807663
93,effnet_orig,27,robustness,1.1127525568008423
93,effnet_orig,27,complexity,0.11438988314050759
93,effnet_orig,28,faithfulness,-0.08144301176071167
93,effnet_orig,28,robustness,7.130734443664551
93,effnet_orig,28,complexity,0.3596195952250372
93,effnet_orig,29,faithfulness,0.012396357953548431
93,effnet_orig,29,robustness,1.5592052936553955
93,effnet_orig,29,complexity,0.15490403691718146
93,effnet_orig,30,faithfulness,0.2359682321548462
93,effnet_orig,30,robustness,1.1684036254882812
93,effnet_orig,30,complexity,0.3170701431488962
93,effnet_orig,31,faithfulness,0.0875149816274643
93,effnet_orig,31,robustness,3.709900379180908
93,effnet_orig,31,complexity,0.45098379272929545
93,effnet_orig,32,faithfulness,0.47003474831581116
93,effnet_orig,32,robustness,1.9700291156768799
93,effnet_orig,32,complexity,0.37698455983108975
93,effnet_orig,33,faithfulness,-0.07204246520996094
93,effnet_orig,33,robustness,1.8642325401306152
93,effnet_orig,33,complexity,0.32375764331687285
93,effnet_orig,34,faithfulness,0.017752856016159058
93,effnet_orig,34,robustness,1.6726289987564087
93,effnet_orig,34,complexity,0.250257710585213
93,effnet_orig,35,faithfulness,-0.10357528924942017
93,effnet_orig,35,robustness,2.2650082111358643
93,effnet_orig,35,complexity,0.2429419410238396
93,effnet_orig,36,faithfulness,-0.1457648128271103
93,effnet_orig,36,robustness,1.3981972932815552
93,effnet_orig,36,complexity,0.19987542433941968
93,effnet_orig,37,faithfulness,-0.11743281781673431
93,effnet_orig,37,robustness,1.552363634109497
93,effnet_orig,37,complexity,0.19441140906527213
93,effnet_orig,38,faithfulness,-0.016750410199165344
93,effnet_orig,38,robustness,1.8334931135177612
93,effnet_orig,38,complexity,0.11864780979410307
93,effnet_orig,39,faithfulness,0.41623079776763916
93,effnet_orig,39,robustness,2.2795963287353516
93,effnet_orig,39,complexity,0.36065776890940493
93,effnet_orig,40,faithfulness,0.020647309720516205
93,effnet_orig,40,robustness,4.039784908294678
93,effnet_orig,40,complexity,0.4650608862185777
93,effnet_orig,41,faithfulness,0.4221324920654297
93,effnet_orig,41,robustness,1.5534331798553467
93,effnet_orig,41,complexity,0.42766034029989985
93,effnet_orig,42,faithfulness,0.22645525634288788
93,effnet_orig,42,robustness,2.076854944229126
93,effnet_orig,42,complexity,0.2700375880179994
93,effnet_orig,43,faithfulness,-0.24958083033561707
93,effnet_orig,43,robustness,2.4667470455169678
93,effnet_orig,43,complexity,0.390182279905036
93,effnet_orig,44,faithfulness,0.02599368616938591
93,effnet_orig,44,robustness,1.5789209604263306
93,effnet_orig,44,complexity,0.16805487753527992
93,effnet_orig,45,faithfulness,-0.1503710150718689
93,effnet_orig,45,robustness,4.326765060424805
93,effnet_orig,45,complexity,0.3540601604824954
93,effnet_recplot,0,faithfulness,0.17567652463912964
93,effnet_recplot,0,robustness,5.143793106079102
93,effnet_recplot,0,complexity,0.35907082769433873
93,effnet_recplot,1,faithfulness,-0.17756709456443787
93,effnet_recplot,1,robustness,1.5722746849060059
93,effnet_recplot,1,complexity,0.20127437346759602
93,effnet_recplot,2,faithfulness,0.24245692789554596
93,effnet_recplot,2,robustness,1.4198687076568604
93,effnet_recplot,2,complexity,0.27844668211613766
93,effnet_recplot,3,faithfulness,0.0741945207118988
93,effnet_recplot,3,robustness,1.030405044555664
93,effnet_recplot,3,complexity,0.1391894203460692
93,effnet_recplot,4,faithfulness,-0.054152872413396835
93,effnet_recplot,4,robustness,1.1165297031402588
93,effnet_recplot,4,complexity,0.19608245682769726
93,effnet_recplot,5,faithfulness,0.21239671111106873
93,effnet_recplot,5,robustness,2.497276544570923
93,effnet_recplot,5,complexity,0.2945358505607524
93,effnet_recplot,6,faithfulness,-0.25871291756629944
93,effnet_recplot,6,robustness,1.3937205076217651
93,effnet_recplot,6,complexity,0.20283259919401075
93,effnet_recplot,7,faithfulness,0.08004409074783325
93,effnet_recplot,7,robustness,1.2013646364212036
93,effnet_recplot,7,complexity,0.19567799638793806
93,effnet_recplot,8,faithfulness,-0.1574939489364624
93,effnet_recplot,8,robustness,1.1324950456619263
93,effnet_recplot,8,complexity,0.18437613664876965
93,effnet_recplot,9,faithfulness,0.11997999250888824
93,effnet_recplot,9,robustness,0.9912753701210022
93,effnet_recplot,9,complexity,0.20599349213618315
93,effnet_recplot,10,faithfulness,0.12995398044586182
93,effnet_recplot,10,robustness,4.552145481109619
93,effnet_recplot,10,complexity,0.3860911152226169
93,effnet_recplot,11,faithfulness,-0.17110522091388702
93,effnet_recplot,11,robustness,1.0884219408035278
93,effnet_recplot,11,complexity,0.09369023030098421
93,effnet_recplot,12,faithfulness,0.1222582682967186
93,effnet_recplot,12,robustness,1.5202865600585938
93,effnet_recplot,12,complexity,0.1054703105456468
93,effnet_recplot,13,faithfulness,-0.18446993827819824
93,effnet_recplot,13,robustness,0.980195164680481
93,effnet_recplot,13,complexity,0.04729513557633458
93,effnet_recplot,14,faithfulness,-0.15630877017974854
93,effnet_recplot,14,robustness,1.6543526649475098
93,effnet_recplot,14,complexity,0.2803992103710531
93,effnet_recplot,15,faithfulness,-0.17341817915439606
93,effnet_recplot,15,robustness,1.071914792060852
93,effnet_recplot,15,complexity,0.0858651733992382
93,effnet_recplot,16,faithfulness,0.16374148428440094
93,effnet_recplot,16,robustness,2.6384847164154053
93,effnet_recplot,16,complexity,0.4481529790952424
93,effnet_recplot,17,faithfulness,-0.06664153188467026
93,effnet_recplot,17,robustness,1.1165395975112915
93,effnet_recplot,17,complexity,0.13365990596907448
93,effnet_recplot,18,faithfulness,-0.15634477138519287
93,effnet_recplot,18,robustness,1.0123255252838135
93,effnet_recplot,18,complexity,0.21264066087954173
93,effnet_recplot,19,faithfulness,0.27040237188339233
93,effnet_recplot,19,robustness,1.2944380044937134
93,effnet_recplot,19,complexity,0.23908414301749203
93,effnet_recplot,20,faithfulness,0.14513131976127625
93,effnet_recplot,20,robustness,1.079758882522583
93,effnet_recplot,20,complexity,0.1450657207559748
93,effnet_recplot,21,faithfulness,0.10344775021076202
93,effnet_recplot,21,robustness,1.71552574634552
93,effnet_recplot,21,complexity,0.30660945658723326
93,effnet_recplot,22,faithfulness,0.1037592813372612
93,effnet_recplot,22,robustness,1.584287166595459
93,effnet_recplot,22,complexity,0.22153459261518094
93,effnet_recplot,23,faithfulness,-0.1453833281993866
93,effnet_recplot,23,robustness,3.4223289489746094
93,effnet_recplot,23,complexity,0.3022469019264646
93,effnet_recplot,24,faithfulness,0.18022188544273376
93,effnet_recplot,24,robustness,1.6076076030731201
93,effnet_recplot,24,complexity,0.3436206627455083
93,effnet_recplot,25,faithfulness,-0.225115567445755
93,effnet_recplot,25,robustness,1.1895513534545898
93,effnet_recplot,25,complexity,0.08664163182717904
93,effnet_recplot,26,faithfulness,-0.0754307433962822
93,effnet_recplot,26,robustness,1.0253446102142334
93,effnet_recplot,26,complexity,0.20591498300782982
93,effnet_recplot,27,faithfulness,0.05390522629022598
93,effnet_recplot,27,robustness,2.6350669860839844
93,effnet_recplot,27,complexity,0.2944793350515425
93,effnet_recplot,28,faithfulness,0.20249582827091217
93,effnet_recplot,28,robustness,2.0154576301574707
93,effnet_recplot,28,complexity,0.20375734403428608
93,effnet_recplot,29,faithfulness,0.10988887399435043
93,effnet_recplot,29,robustness,3.1312291622161865
93,effnet_recplot,29,complexity,0.3038319956620672
93,effnet_recplot,30,faithfulness,0.048810284584760666
93,effnet_recplot,30,robustness,1.6713106632232666
93,effnet_recplot,30,complexity,0.16585496365295962
93,effnet_recplot,31,faithfulness,0.1617678999900818
93,effnet_recplot,31,robustness,1.3372607231140137
93,effnet_recplot,31,complexity,0.30177950120872055
93,effnet_recplot,32,faithfulness,-0.1505494862794876
93,effnet_recplot,32,robustness,2.1246156692504883
93,effnet_recplot,32,complexity,0.3627153989412887
93,effnet_recplot,33,faithfulness,-0.2850014865398407
93,effnet_recplot,33,robustness,1.3412232398986816
93,effnet_recplot,33,complexity,0.13109493160350985
93,effnet_recplot,34,faithfulness,0.16810005903244019
93,effnet_recplot,34,robustness,1.535675287246704
93,effnet_recplot,34,complexity,0.38616922296651723
93,effnet_recplot,35,faithfulness,0.18734031915664673
93,effnet_recplot,35,robustness,1.8171021938323975
93,effnet_recplot,35,complexity,0.1207748280975392
93,effnet_recplot,36,faithfulness,-0.09554737061262131
93,effnet_recplot,36,robustness,1.3803952932357788
93,effnet_recplot,36,complexity,0.36904689363796184
93,effnet_recplot,37,faithfulness,-0.2582550644874573
93,effnet_recplot,37,robustness,2.7468905448913574
93,effnet_recplot,37,complexity,0.11227720177303203
93,effnet_recplot,38,faithfulness,-0.25166982412338257
93,effnet_recplot,38,robustness,4.158145427703857
93,effnet_recplot,38,complexity,0.13777307960733834
93,effnet_recplot,39,faithfulness,0.04132677614688873
93,effnet_recplot,39,robustness,3.64149808883667
93,effnet_recplot,39,complexity,0.21598280581130366
93,effnet_recplot,40,faithfulness,-0.033989422023296356
93,effnet_recplot,40,robustness,1.8273333311080933
93,effnet_recplot,40,complexity,0.3330761673012961
93,effnet_recplot,41,faithfulness,-0.06979230046272278
93,effnet_recplot,41,robustness,1.9353138208389282
93,effnet_recplot,41,complexity,0.20445127458999146
93,effnet_recplot,42,faithfulness,0.32538318634033203
93,effnet_recplot,42,robustness,2.0095057487487793
93,effnet_recplot,42,complexity,0.4480463056682766
93,effnet_recplot,43,faithfulness,-0.06853857636451721
93,effnet_recplot,43,robustness,1.1852167844772339
93,effnet_recplot,43,complexity,0.08348988493795316
93,effnet_recplot,44,faithfulness,-0.15451154112815857
93,effnet_recplot,44,robustness,3.1523208618164062
93,effnet_recplot,44,complexity,0.17461669654477105
93,effnet_recplot,45,faithfulness,-0.012294501066207886
93,effnet_recplot,45,robustness,2.2838621139526367
93,effnet_recplot,45,complexity,0.17204216059949487
107,mobilenet_orig,0,faithfulness,0.4445669651031494
107,mobilenet_orig,0,robustness,1.3733384609222412
107,mobilenet_orig,0,complexity,0.5120635915624877
107,mobilenet_orig,1,faithfulness,-0.4015628695487976
107,mobilenet_orig,1,robustness,1.3100404739379883
107,mobilenet_orig,1,complexity,0.44383963123880654
107,mobilenet_orig,2,faithfulness,0.08340269327163696
107,mobilenet_orig,2,robustness,1.74589204788208
107,mobilenet_orig,2,complexity,0.47692081218077004
107,mobilenet_orig,3,faithfulness,0.11398632824420929
107,mobilenet_orig,3,robustness,2.2229795455932617
107,mobilenet_orig,3,complexity,0.4323504155579848
107,mobilenet_orig,4,faithfulness,-0.06480121612548828
107,mobilenet_orig,4,robustness,2.283820629119873
107,mobilenet_orig,4,complexity,0.44450496142881923
107,mobilenet_orig,5,faithfulness,0.023412078619003296
107,mobilenet_orig,5,robustness,1.1326197385787964
107,mobilenet_orig,5,complexity,0.5363983729115236
107,mobilenet_orig,6,faithfulness,0.33307817578315735
107,mobilenet_orig,6,robustness,1.4091901779174805
107,mobilenet_orig,6,complexity,0.4751496645330149
107,mobilenet_orig,7,faithfulness,0.005654260516166687
107,mobilenet_orig,7,robustness,1.12991464138031
107,mobilenet_orig,7,complexity,0.39450451161442573
107,mobilenet_orig,8,faithfulness,0.16046614944934845
107,mobilenet_orig,8,robustness,0.9485116004943848
107,mobilenet_orig,8,complexity,0.5366219717647156
107,mobilenet_orig,9,faithfulness,0.21943175792694092
107,mobilenet_orig,9,robustness,1.231467366218567
107,mobilenet_orig,9,complexity,0.4116176727220547
107,mobilenet_orig,10,faithfulness,-0.27449357509613037
107,mobilenet_orig,10,robustness,1.846678614616394
107,mobilenet_orig,10,complexity,0.38358576110117726
107,mobilenet_orig,11,faithfulness,0.11975789070129395
107,mobilenet_orig,11,robustness,1.1986802816390991
107,mobilenet_orig,11,complexity,0.4238145586066447
107,mobilenet_orig,12,faithfulness,0.21529141068458557
107,mobilenet_orig,12,robustness,1.3273818492889404
107,mobilenet_orig,12,complexity,0.42205607457871414
107,mobilenet_orig,13,faithfulness,0.16929975152015686
107,mobilenet_orig,13,robustness,1.0780749320983887
107,mobilenet_orig,13,complexity,0.39605594107370856
107,mobilenet_orig,14,faithfulness,0.08186368644237518
107,mobilenet_orig,14,robustness,1.9244903326034546
107,mobilenet_orig,14,complexity,0.39720419998958983
107,mobilenet_orig,15,faithfulness,0.44122153520584106
107,mobilenet_orig,15,robustness,1.3665659427642822
107,mobilenet_orig,15,complexity,0.3550032731840332
107,mobilenet_orig,16,faithfulness,0.25560617446899414
107,mobilenet_orig,16,robustness,1.7928979396820068
107,mobilenet_orig,16,complexity,0.4419485022711804
107,mobilenet_orig,17,faithfulness,0.19221235811710358
107,mobilenet_orig,17,robustness,1.2671318054199219
107,mobilenet_orig,17,complexity,0.45911164793387027
107,mobilenet_orig,18,faithfulness,0.11332660913467407
107,mobilenet_orig,18,robustness,0.8376865983009338
107,mobilenet_orig,18,complexity,0.39239202453633815
107,mobilenet_orig,19,faithfulness,-0.16651123762130737
107,mobilenet_orig,19,robustness,1.902107834815979
107,mobilenet_orig,19,complexity,0.36064754959607803
107,mobilenet_orig,20,faithfulness,0.13315236568450928
107,mobilenet_orig,20,robustness,1.4352202415466309
107,mobilenet_orig,20,complexity,0.3633115532285254
107,mobilenet_orig,21,faithfulness,0.3110620975494385
107,mobilenet_orig,21,robustness,1.7573734521865845
107,mobilenet_orig,21,complexity,0.44886307697833755
107,mobilenet_orig,22,faithfulness,0.053746409714221954
107,mobilenet_orig,22,robustness,0.9643688201904297
107,mobilenet_orig,22,complexity,0.4377047874450958
107,mobilenet_orig,23,faithfulness,0.13138040900230408
107,mobilenet_orig,23,robustness,1.1415443420410156
107,mobilenet_orig,23,complexity,0.4700686134547152
107,mobilenet_orig,24,faithfulness,-0.02210220694541931
107,mobilenet_orig,24,robustness,1.740909457206726
107,mobilenet_orig,24,complexity,0.41479396980127886
107,mobilenet_orig,25,faithfulness,0.6370865106582642
107,mobilenet_orig,25,robustness,1.7867330312728882
107,mobilenet_orig,25,complexity,0.4446469386906061
107,mobilenet_orig,26,faithfulness,0.3230184316635132
107,mobilenet_orig,26,robustness,0.9801853895187378
107,mobilenet_orig,26,complexity,0.43300602887693856
107,mobilenet_orig,27,faithfulness,0.28242620825767517
107,mobilenet_orig,27,robustness,0.9353516101837158
107,mobilenet_orig,27,complexity,0.43861982827324975
107,mobilenet_orig,28,faithfulness,0.13034264743328094
107,mobilenet_orig,28,robustness,1.354056477546692
107,mobilenet_orig,28,complexity,0.4967928605612806
107,mobilenet_orig,29,faithfulness,0.2961543798446655
107,mobilenet_orig,29,robustness,2.338761568069458
107,mobilenet_orig,29,complexity,0.4587391455613039
107,mobilenet_orig,30,faithfulness,0.2190130054950714
107,mobilenet_orig,30,robustness,1.0613274574279785
107,mobilenet_orig,30,complexity,0.4030090175153933
107,mobilenet_orig,31,faithfulness,0.2481999695301056
107,mobilenet_orig,31,robustness,1.202976107597351
107,mobilenet_orig,31,complexity,0.4079236651038384
107,mobilenet_orig,32,faithfulness,0.18225358426570892
107,mobilenet_orig,32,robustness,0.9646829962730408
107,mobilenet_orig,32,complexity,0.42964751827125536
107,mobilenet_orig,33,faithfulness,0.23216351866722107
107,mobilenet_orig,33,robustness,1.0685830116271973
107,mobilenet_orig,33,complexity,0.5117890297932403
107,mobilenet_orig,34,faithfulness,-0.00788058340549469
107,mobilenet_orig,34,robustness,0.9459038972854614
107,mobilenet_orig,34,complexity,0.4331508474182951
107,mobilenet_orig,35,faithfulness,0.4123712480068207
107,mobilenet_orig,35,robustness,1.0007466077804565
107,mobilenet_orig,35,complexity,0.45820461017055325
107,mobilenet_orig,36,faithfulness,0.1471973955631256
107,mobilenet_orig,36,robustness,1.037627100944519
107,mobilenet_orig,36,complexity,0.551482389046718
107,mobilenet_orig,37,faithfulness,0.1598854660987854
107,mobilenet_orig,37,robustness,1.1559537649154663
107,mobilenet_orig,37,complexity,0.3881295784266542
107,mobilenet_orig,38,faithfulness,-0.05974641442298889
107,mobilenet_orig,38,robustness,1.8344519138336182
107,mobilenet_orig,38,complexity,0.4287567131878101
107,mobilenet_orig,39,faithfulness,-0.00960657000541687
107,mobilenet_orig,39,robustness,0.9578438401222229
107,mobilenet_orig,39,complexity,0.4403331622776774
107,mobilenet_orig,40,faithfulness,0.09548671543598175
107,mobilenet_orig,40,robustness,1.1194738149642944
107,mobilenet_orig,40,complexity,0.43592836619484254
107,mobilenet_orig,41,faithfulness,-0.009177371859550476
107,mobilenet_orig,41,robustness,1.9499608278274536
107,mobilenet_orig,41,complexity,0.42796248514528124
107,mobilenet_orig,42,faithfulness,0.03299817442893982
107,mobilenet_orig,42,robustness,1.1292754411697388
107,mobilenet_orig,42,complexity,0.5181012653640105
107,mobilenet_orig,43,faithfulness,0.0916362926363945
107,mobilenet_orig,43,robustness,2.096938133239746
107,mobilenet_orig,43,complexity,0.48552031465649736
107,mobilenet_orig,44,faithfulness,0.011465184390544891
107,mobilenet_orig,44,robustness,1.6245269775390625
107,mobilenet_orig,44,complexity,0.3775426444479679
107,mobilenet_orig,45,faithfulness,0.30321866273880005
107,mobilenet_orig,45,robustness,1.501156210899353
107,mobilenet_orig,45,complexity,0.4338601278065988
107,mobilenet_recplot,0,faithfulness,-0.01584656536579132
107,mobilenet_recplot,0,robustness,4.49669075012207
107,mobilenet_recplot,0,complexity,0.4192375280631176
107,mobilenet_recplot,1,faithfulness,0.009134985506534576
107,mobilenet_recplot,1,robustness,1.8172557353973389
107,mobilenet_recplot,1,complexity,0.5405925564082855
107,mobilenet_recplot,2,faithfulness,0.11711569130420685
107,mobilenet_recplot,2,robustness,1.2641332149505615
107,mobilenet_recplot,2,complexity,0.5857159105012465
107,mobilenet_recplot,3,faithfulness,0.2191094160079956
107,mobilenet_recplot,3,robustness,1.1942683458328247
107,mobilenet_recplot,3,complexity,0.5781709478484702
107,mobilenet_recplot,4,faithfulness,0.186432883143425
107,mobilenet_recplot,4,robustness,1.8329188823699951
107,mobilenet_recplot,4,complexity,0.5286732666954224
107,mobilenet_recplot,5,faithfulness,0.02211957424879074
107,mobilenet_recplot,5,robustness,2.1950576305389404
107,mobilenet_recplot,5,complexity,0.46017837850399756
107,mobilenet_recplot,6,faithfulness,-0.04055870696902275
107,mobilenet_recplot,6,robustness,2.767122745513916
107,mobilenet_recplot,6,complexity,0.5118770842483877
107,mobilenet_recplot,7,faithfulness,-0.10270455479621887
107,mobilenet_recplot,7,robustness,0.9938012957572937
107,mobilenet_recplot,7,complexity,0.6073853971272788
107,mobilenet_recplot,8,faithfulness,0.6011166572570801
107,mobilenet_recplot,8,robustness,1.114854335784912
107,mobilenet_recplot,8,complexity,0.6502454249973116
107,mobilenet_recplot,9,faithfulness,0.005570627748966217
107,mobilenet_recplot,9,robustness,1.1085753440856934
107,mobilenet_recplot,9,complexity,0.5923446224870917
107,mobilenet_recplot,10,faithfulness,-0.18546324968338013
107,mobilenet_recplot,10,robustness,2.363949775695801
107,mobilenet_recplot,10,complexity,0.4481636854061504
107,mobilenet_recplot,11,faithfulness,0.07867681980133057
107,mobilenet_recplot,11,robustness,1.1051185131072998
107,mobilenet_recplot,11,complexity,0.5227909538683505
107,mobilenet_recplot,12,faithfulness,0.11284054815769196
107,mobilenet_recplot,12,robustness,1.1227751970291138
107,mobilenet_recplot,12,complexity,0.5037257938988023
107,mobilenet_recplot,13,faithfulness,0.14442162215709686
107,mobilenet_recplot,13,robustness,2.2972450256347656
107,mobilenet_recplot,13,complexity,0.42232419914507496
107,mobilenet_recplot,14,faithfulness,0.32570332288742065
107,mobilenet_recplot,14,robustness,1.3237049579620361
107,mobilenet_recplot,14,complexity,0.6178940480730919
107,mobilenet_recplot,15,faithfulness,0.234063059091568
107,mobilenet_recplot,15,robustness,1.8975995779037476
107,mobilenet_recplot,15,complexity,0.5302596137589481
107,mobilenet_recplot,16,faithfulness,0.3393160104751587
107,mobilenet_recplot,16,robustness,1.5780435800552368
107,mobilenet_recplot,16,complexity,0.5035779472465423
107,mobilenet_recplot,17,faithfulness,0.22645722329616547
107,mobilenet_recplot,17,robustness,1.0873799324035645
107,mobilenet_recplot,17,complexity,0.5751379588246186
107,mobilenet_recplot,18,faithfulness,0.015016518533229828
107,mobilenet_recplot,18,robustness,1.7204827070236206
107,mobilenet_recplot,18,complexity,0.51990905436262
107,mobilenet_recplot,19,faithfulness,0.0044083669781684875
107,mobilenet_recplot,19,robustness,2.411947250366211
107,mobilenet_recplot,19,complexity,0.5188449058419781
107,mobilenet_recplot,20,faithfulness,-0.2291218638420105
107,mobilenet_recplot,20,robustness,1.3051949739456177
107,mobilenet_recplot,20,complexity,0.5385011297324039
107,mobilenet_recplot,21,faithfulness,0.13410638272762299
107,mobilenet_recplot,21,robustness,1.1545900106430054
107,mobilenet_recplot,21,complexity,0.512296260858682
107,mobilenet_recplot,22,faithfulness,0.017338111996650696
107,mobilenet_recplot,22,robustness,5.028400421142578
107,mobilenet_recplot,22,complexity,0.48101752924552704
107,mobilenet_recplot,23,faithfulness,-0.1541670560836792
107,mobilenet_recplot,23,robustness,3.177640438079834
107,mobilenet_recplot,23,complexity,0.30415527247465735
107,mobilenet_recplot,24,faithfulness,-0.02415868639945984
107,mobilenet_recplot,24,robustness,4.03028678894043
107,mobilenet_recplot,24,complexity,0.5729623258545338
107,mobilenet_recplot,25,faithfulness,0.02525479719042778
107,mobilenet_recplot,25,robustness,2.8955442905426025
107,mobilenet_recplot,25,complexity,0.45155596520827257
107,mobilenet_recplot,26,faithfulness,0.4777337610721588
107,mobilenet_recplot,26,robustness,2.3504183292388916
107,mobilenet_recplot,26,complexity,0.5297705715844445
107,mobilenet_recplot,27,faithfulness,-0.2209092676639557
107,mobilenet_recplot,27,robustness,2.242655038833618
107,mobilenet_recplot,27,complexity,0.4330447128348828
107,mobilenet_recplot,28,faithfulness,0.12139657139778137
107,mobilenet_recplot,28,robustness,3.6613848209381104
107,mobilenet_recplot,28,complexity,0.4732568903172628
107,mobilenet_recplot,29,faithfulness,-0.08052036166191101
107,mobilenet_recplot,29,robustness,4.780512809753418
107,mobilenet_recplot,29,complexity,0.35261953735935697
107,mobilenet_recplot,30,faithfulness,0.35533106327056885
107,mobilenet_recplot,30,robustness,4.801128387451172
107,mobilenet_recplot,30,complexity,0.46555343419016515
107,mobilenet_recplot,31,faithfulness,0.10044622421264648
107,mobilenet_recplot,31,robustness,3.3260600566864014
107,mobilenet_recplot,31,complexity,0.5101033561481082
107,mobilenet_recplot,32,faithfulness,0.12553469836711884
107,mobilenet_recplot,32,robustness,1.6058462858200073
107,mobilenet_recplot,32,complexity,0.4838446564649187
107,mobilenet_recplot,33,faithfulness,-0.07787249982357025
107,mobilenet_recplot,33,robustness,3.1438491344451904
107,mobilenet_recplot,33,complexity,0.43839959121818156
107,mobilenet_recplot,34,faithfulness,0.09164226055145264
107,mobilenet_recplot,34,robustness,3.1393258571624756
107,mobilenet_recplot,34,complexity,0.5378012144320613
107,mobilenet_recplot,35,faithfulness,0.31434446573257446
107,mobilenet_recplot,35,robustness,2.0283069610595703
107,mobilenet_recplot,35,complexity,0.5536530121365205
107,mobilenet_recplot,36,faithfulness,0.2315034568309784
107,mobilenet_recplot,36,robustness,3.592900514602661
107,mobilenet_recplot,36,complexity,0.4597279891555995
107,mobilenet_recplot,37,faithfulness,0.108546681702137
107,mobilenet_recplot,37,robustness,4.627068519592285
107,mobilenet_recplot,37,complexity,0.4084635339466858
107,mobilenet_recplot,38,faithfulness,0.30227047204971313
107,mobilenet_recplot,38,robustness,3.429992437362671
107,mobilenet_recplot,38,complexity,0.449863463273814
107,mobilenet_recplot,39,faithfulness,0.37326937913894653
107,mobilenet_recplot,39,robustness,3.187068462371826
107,mobilenet_recplot,39,complexity,0.4855200819038011
107,mobilenet_recplot,40,faithfulness,-0.12275925278663635
107,mobilenet_recplot,40,robustness,2.0843191146850586
107,mobilenet_recplot,40,complexity,0.3961191686170069
107,mobilenet_recplot,41,faithfulness,0.26017874479293823
107,mobilenet_recplot,41,robustness,2.8460943698883057
107,mobilenet_recplot,41,complexity,0.4584459896428087
107,mobilenet_recplot,42,faithfulness,-0.07948412001132965
107,mobilenet_recplot,42,robustness,3.026960611343384
107,mobilenet_recplot,42,complexity,0.4086156425005783
107,mobilenet_recplot,43,faithfulness,0.08017599582672119
107,mobilenet_recplot,43,robustness,1.6403089761734009
107,mobilenet_recplot,43,complexity,0.5760482934188552
107,mobilenet_recplot,44,faithfulness,-0.006558600813150406
107,mobilenet_recplot,44,robustness,4.015871524810791
107,mobilenet_recplot,44,complexity,0.46946423290425865
107,mobilenet_recplot,45,faithfulness,0.1482509970664978
107,mobilenet_recplot,45,robustness,5.352437496185303
107,mobilenet_recplot,45,complexity,0.4314684098759192
107,effnet_orig,0,faithfulness,0.35319754481315613
107,effnet_orig,0,robustness,4.1542816162109375
107,effnet_orig,0,complexity,0.21070252450207708
107,effnet_orig,1,faithfulness,0.007805563509464264
107,effnet_orig,1,robustness,2.2008650302886963
107,effnet_orig,1,complexity,0.25894652276397445
107,effnet_orig,2,faithfulness,0.094428151845932
107,effnet_orig,2,robustness,1.5741212368011475
107,effnet_orig,2,complexity,0.15546105908798313
107,effnet_orig,3,faithfulness,0.2820190489292145
107,effnet_orig,3,robustness,2.685136079788208
107,effnet_orig,3,complexity,0.35660681819487744
107,effnet_orig,4,faithfulness,0.21144938468933105
107,effnet_orig,4,robustness,1.8558498620986938
107,effnet_orig,4,complexity,0.4174821293538375
107,effnet_orig,5,faithfulness,0.15658006072044373
107,effnet_orig,5,robustness,5.568514347076416
107,effnet_orig,5,complexity,0.4300031166259791
107,effnet_orig,6,faithfulness,-0.036219388246536255
107,effnet_orig,6,robustness,0.9834339618682861
107,effnet_orig,6,complexity,0.28902290130435915
107,effnet_orig,7,faithfulness,-0.02958221733570099
107,effnet_orig,7,robustness,2.117204427719116
107,effnet_orig,7,complexity,0.3504658615339231
107,effnet_orig,8,faithfulness,0.11864681541919708
107,effnet_orig,8,robustness,0.9981973171234131
107,effnet_orig,8,complexity,0.07746066391397487
107,effnet_orig,9,faithfulness,0.1688375622034073
107,effnet_orig,9,robustness,1.7198654413223267
107,effnet_orig,9,complexity,0.3057912414849752
107,effnet_orig,10,faithfulness,-0.04111892729997635
107,effnet_orig,10,robustness,6.69399881362915
107,effnet_orig,10,complexity,0.4231506627555296
107,effnet_orig,11,faithfulness,-0.05367928743362427
107,effnet_orig,11,robustness,2.8276920318603516
107,effnet_orig,11,complexity,0.39849304209630276
107,effnet_orig,12,faithfulness,-0.11986654996871948
107,effnet_orig,12,robustness,7.824458599090576
107,effnet_orig,12,complexity,0.46574415152628057
107,effnet_orig,13,faithfulness,-0.1589895337820053
107,effnet_orig,13,robustness,3.0050389766693115
107,effnet_orig,13,complexity,0.31665260769551645
107,effnet_orig,14,faithfulness,0.4012715220451355
107,effnet_orig,14,robustness,3.94789457321167
107,effnet_orig,14,complexity,0.25520094523480974
107,effnet_orig,15,faithfulness,-0.050444960594177246
107,effnet_orig,15,robustness,0.9944791793823242
107,effnet_orig,15,complexity,0.1982544769952253
107,effnet_orig,16,faithfulness,-0.018144764006137848
107,effnet_orig,16,robustness,0.9875908493995667
107,effnet_orig,16,complexity,0.12435023372683986
107,effnet_orig,17,faithfulness,0.3442564010620117
107,effnet_orig,17,robustness,2.017833709716797
107,effnet_orig,17,complexity,0.41336949131633716
107,effnet_orig,18,faithfulness,0.02749187871813774
107,effnet_orig,18,robustness,1.2326713800430298
107,effnet_orig,18,complexity,0.17485466875255973
107,effnet_orig,19,faithfulness,0.13052989542484283
107,effnet_orig,19,robustness,4.800783634185791
107,effnet_orig,19,complexity,0.42755453796508475
107,effnet_orig,20,faithfulness,-0.027998950332403183
107,effnet_orig,20,robustness,2.9976727962493896
107,effnet_orig,20,complexity,0.3706166675834262
107,effnet_orig,21,faithfulness,0.10404209792613983
107,effnet_orig,21,robustness,1.8657509088516235
107,effnet_orig,21,complexity,0.3562261583566115
107,effnet_orig,22,faithfulness,-0.014927215874195099
107,effnet_orig,22,robustness,1.7010844945907593
107,effnet_orig,22,complexity,0.11339132783809215
107,effnet_orig,23,faithfulness,0.04868482053279877
107,effnet_orig,23,robustness,3.0939548015594482
107,effnet_orig,23,complexity,0.25946786583946607
107,effnet_orig,24,faithfulness,-0.17220745980739594
107,effnet_orig,24,robustness,2.105970621109009
107,effnet_orig,24,complexity,0.37080865510579286
107,effnet_orig,25,faithfulness,0.0762133002281189
107,effnet_orig,25,robustness,1.8580371141433716
107,effnet_orig,25,complexity,0.39235838232542636
107,effnet_orig,26,faithfulness,0.1728729009628296
107,effnet_orig,26,robustness,2.7150862216949463
107,effnet_orig,26,complexity,0.24942506810537304
107,effnet_orig,27,faithfulness,-0.1274631917476654
107,effnet_orig,27,robustness,1.152488112449646
107,effnet_orig,27,complexity,0.15112311754228383
107,effnet_orig,28,faithfulness,0.18197467923164368
107,effnet_orig,28,robustness,3.0239508152008057
107,effnet_orig,28,complexity,0.4286786365248337
107,effnet_orig,29,faithfulness,0.26491671800613403
107,effnet_orig,29,robustness,0.9800506830215454
107,effnet_orig,29,complexity,0.15726529355197477
107,effnet_orig,30,faithfulness,-0.009783275425434113
107,effnet_orig,30,robustness,1.4961038827896118
107,effnet_orig,30,complexity,0.20035848135872575
107,effnet_orig,31,faithfulness,-0.1781349778175354
107,effnet_orig,31,robustness,4.493917942047119
107,effnet_orig,31,complexity,0.32807141480429913
107,effnet_orig,32,faithfulness,0.04680527001619339
107,effnet_orig,32,robustness,1.4704968929290771
107,effnet_orig,32,complexity,0.12152631927748152
107,effnet_orig,33,faithfulness,0.11086657643318176
107,effnet_orig,33,robustness,1.9426109790802002
107,effnet_orig,33,complexity,0.09486594389743716
107,effnet_orig,34,faithfulness,0.031089797616004944
107,effnet_orig,34,robustness,1.4314699172973633
107,effnet_orig,34,complexity,0.162319047056922
107,effnet_orig,35,faithfulness,0.06582502275705338
107,effnet_orig,35,robustness,1.5531327724456787
107,effnet_orig,35,complexity,0.39362685569285305
107,effnet_orig,36,faithfulness,-0.032127946615219116
107,effnet_orig,36,robustness,1.32793128490448
107,effnet_orig,36,complexity,0.1535342486867193
107,effnet_orig,37,faithfulness,0.2493031919002533
107,effnet_orig,37,robustness,1.420919418334961
107,effnet_orig,37,complexity,0.14349745331896965
107,effnet_orig,38,faithfulness,-0.06700483709573746
107,effnet_orig,38,robustness,2.5680510997772217
107,effnet_orig,38,complexity,0.359755747426966
107,effnet_orig,39,faithfulness,0.07391884922981262
107,effnet_orig,39,robustness,2.63999080657959
107,effnet_orig,39,complexity,0.3961926447426337
107,effnet_orig,40,faithfulness,0.2578803598880768
107,effnet_orig,40,robustness,1.993377923965454
107,effnet_orig,40,complexity,0.43995640532839947
107,effnet_orig,41,faithfulness,0.12414847314357758
107,effnet_orig,41,robustness,2.0831501483917236
107,effnet_orig,41,complexity,0.4464515326816328
107,effnet_orig,42,faithfulness,0.2636471092700958
107,effnet_orig,42,robustness,2.636517286300659
107,effnet_orig,42,complexity,0.47382262276486153
107,effnet_orig,43,faithfulness,0.040079034864902496
107,effnet_orig,43,robustness,1.6444107294082642
107,effnet_orig,43,complexity,0.40356028084258966
107,effnet_orig,44,faithfulness,0.3066256642341614
107,effnet_orig,44,robustness,1.418775200843811
107,effnet_orig,44,complexity,0.3109779225798434
107,effnet_orig,45,faithfulness,0.25133106112480164
107,effnet_orig,45,robustness,3.2448413372039795
107,effnet_orig,45,complexity,0.35277422036999667
107,effnet_recplot,0,faithfulness,0.44566935300827026
107,effnet_recplot,0,robustness,11.393183708190918
107,effnet_recplot,0,complexity,0.41820353146396405
107,effnet_recplot,1,faithfulness,0.12833271920681
107,effnet_recplot,1,robustness,1.8358806371688843
107,effnet_recplot,1,complexity,0.3676780666278146
107,effnet_recplot,2,faithfulness,-0.16643546521663666
107,effnet_recplot,2,robustness,1.1799958944320679
107,effnet_recplot,2,complexity,0.2775307075787695
107,effnet_recplot,3,faithfulness,0.13170942664146423
107,effnet_recplot,3,robustness,1.41529381275177
107,effnet_recplot,3,complexity,0.21333279826329388
107,effnet_recplot,4,faithfulness,-0.0515679270029068
107,effnet_recplot,4,robustness,1.4894423484802246
107,effnet_recplot,4,complexity,0.461054406062144
107,effnet_recplot,5,faithfulness,-0.20965740084648132
107,effnet_recplot,5,robustness,3.3770923614501953
107,effnet_recplot,5,complexity,0.4163868813960758
107,effnet_recplot,6,faithfulness,0.22870942950248718
107,effnet_recplot,6,robustness,0.9994442462921143
107,effnet_recplot,6,complexity,0.2480089435898489
107,effnet_recplot,7,faithfulness,-0.257438600063324
107,effnet_recplot,7,robustness,1.457991123199463
107,effnet_recplot,7,complexity,0.13283872996475282
107,effnet_recplot,8,faithfulness,0.07363301515579224
107,effnet_recplot,8,robustness,1.3190339803695679
107,effnet_recplot,8,complexity,0.141680923877888
107,effnet_recplot,9,faithfulness,-0.24726374447345734
107,effnet_recplot,9,robustness,1.9573813676834106
107,effnet_recplot,9,complexity,0.3345373028792443
107,effnet_recplot,10,faithfulness,0.0361369326710701
107,effnet_recplot,10,robustness,1.5107780694961548
107,effnet_recplot,10,complexity,0.14167286068651067
107,effnet_recplot,11,faithfulness,-0.3109661340713501
107,effnet_recplot,11,robustness,1.2027231454849243
107,effnet_recplot,11,complexity,0.08935821630255204
107,effnet_recplot,12,faithfulness,-0.3151490092277527
107,effnet_recplot,12,robustness,1.2336567640304565
107,effnet_recplot,12,complexity,0.16321675066975191
107,effnet_recplot,13,faithfulness,0.260107159614563
107,effnet_recplot,13,robustness,1.6183640956878662
107,effnet_recplot,13,complexity,0.08512476277606026
107,effnet_recplot,14,faithfulness,-0.21392697095870972
107,effnet_recplot,14,robustness,1.080065369606018
107,effnet_recplot,14,complexity,0.14523662493202746
107,effnet_recplot,15,faithfulness,-0.4284089207649231
107,effnet_recplot,15,robustness,1.04840087890625
107,effnet_recplot,15,complexity,0.08387170472497438
107,effnet_recplot,16,faithfulness,0.0016820058226585388
107,effnet_recplot,16,robustness,1.881759524345398
107,effnet_recplot,16,complexity,0.444097592612411
107,effnet_recplot,17,faithfulness,0.09458956122398376
107,effnet_recplot,17,robustness,1.6622073650360107
107,effnet_recplot,17,complexity,0.0842459175520912
107,effnet_recplot,18,faithfulness,0.20138348639011383
107,effnet_recplot,18,robustness,2.007655382156372
107,effnet_recplot,18,complexity,0.4512944907952656
107,effnet_recplot,19,faithfulness,0.29921215772628784
107,effnet_recplot,19,robustness,1.1253420114517212
107,effnet_recplot,19,complexity,0.11964080940544479
107,effnet_recplot,20,faithfulness,-0.0617794543504715
107,effnet_recplot,20,robustness,1.2307240962982178
107,effnet_recplot,20,complexity,0.16135566755079872
107,effnet_recplot,21,faithfulness,-0.13576006889343262
107,effnet_recplot,21,robustness,1.4736112356185913
107,effnet_recplot,21,complexity,0.42723837177230484
107,effnet_recplot,22,faithfulness,-0.006794732064008713
107,effnet_recplot,22,robustness,1.0223060846328735
107,effnet_recplot,22,complexity,0.12556473253473022
107,effnet_recplot,23,faithfulness,0.4940986931324005
107,effnet_recplot,23,robustness,1.3146581649780273
107,effnet_recplot,23,complexity,0.16611376907878256
107,effnet_recplot,24,faithfulness,-0.15476949512958527
107,effnet_recplot,24,robustness,1.7342653274536133
107,effnet_recplot,24,complexity,0.1216031589049509
107,effnet_recplot,25,faithfulness,0.09144087135791779
107,effnet_recplot,25,robustness,1.2243776321411133
107,effnet_recplot,25,complexity,0.11937466561598924
107,effnet_recplot,26,faithfulness,0.49911144375801086
107,effnet_recplot,26,robustness,1.3945461511611938
107,effnet_recplot,26,complexity,0.2533344037205505
107,effnet_recplot,27,faithfulness,0.35218900442123413
107,effnet_recplot,27,robustness,1.1895594596862793
107,effnet_recplot,27,complexity,0.06340785230657311
107,effnet_recplot,28,faithfulness,-0.01379922591149807
107,effnet_recplot,28,robustness,4.859533309936523
107,effnet_recplot,28,complexity,0.3301889792097408
107,effnet_recplot,29,faithfulness,0.1102684810757637
107,effnet_recplot,29,robustness,6.332484245300293
107,effnet_recplot,29,complexity,0.3247707389050339
107,effnet_recplot,30,faithfulness,0.3492767810821533
107,effnet_recplot,30,robustness,1.821061611175537
107,effnet_recplot,30,complexity,0.23481258138104583
107,effnet_recplot,31,faithfulness,0.289503812789917
107,effnet_recplot,31,robustness,3.24716854095459
107,effnet_recplot,31,complexity,0.0871912249010419
107,effnet_recplot,32,faithfulness,-0.2690010964870453
107,effnet_recplot,32,robustness,1.4326908588409424
107,effnet_recplot,32,complexity,0.3904513521982627
107,effnet_recplot,33,faithfulness,0.3874432444572449
107,effnet_recplot,33,robustness,1.6273201704025269
107,effnet_recplot,33,complexity,0.32293003078967314
107,effnet_recplot,34,faithfulness,0.24633406102657318
107,effnet_recplot,34,robustness,1.5654295682907104
107,effnet_recplot,34,complexity,0.324955718455772
107,effnet_recplot,35,faithfulness,0.1717527061700821
107,effnet_recplot,35,robustness,1.8485902547836304
107,effnet_recplot,35,complexity,0.23061172311057682
107,effnet_recplot,36,faithfulness,0.12551695108413696
107,effnet_recplot,36,robustness,1.2691670656204224
107,effnet_recplot,36,complexity,0.16454205038399475
107,effnet_recplot,37,faithfulness,0.03581681102514267
107,effnet_recplot,37,robustness,1.7155314683914185
107,effnet_recplot,37,complexity,0.07325982909365747
107,effnet_recplot,38,faithfulness,0.24491488933563232
107,effnet_recplot,38,robustness,1.145949363708496
107,effnet_recplot,38,complexity,0.06948566502535332
107,effnet_recplot,39,faithfulness,0.3708271086215973
107,effnet_recplot,39,robustness,1.1031874418258667
107,effnet_recplot,39,complexity,0.07762012316621389
107,effnet_recplot,40,faithfulness,0.10325227677822113
107,effnet_recplot,40,robustness,1.6241455078125
107,effnet_recplot,40,complexity,0.12251825206962437
107,effnet_recplot,41,faithfulness,0.3015083074569702
107,effnet_recplot,41,robustness,1.1472153663635254
107,effnet_recplot,41,complexity,0.14685265181671267
107,effnet_recplot,42,faithfulness,0.12634393572807312
107,effnet_recplot,42,robustness,1.261879324913025
107,effnet_recplot,42,complexity,0.10160854885798795
107,effnet_recplot,43,faithfulness,0.21868851780891418
107,effnet_recplot,43,robustness,1.1907886266708374
107,effnet_recplot,43,complexity,0.31157827679595684
107,effnet_recplot,44,faithfulness,0.3559791147708893
107,effnet_recplot,44,robustness,1.1473338603973389
107,effnet_recplot,44,complexity,0.0769870162595602
107,effnet_recplot,45,faithfulness,0.10859452933073044
107,effnet_recplot,45,robustness,1.3801380395889282
107,effnet_recplot,45,complexity,0.08301077364987652
121,mobilenet_orig,0,faithfulness,0.18199072778224945
121,mobilenet_orig,0,robustness,0.9471415281295776
121,mobilenet_orig,0,complexity,0.44859056042141776
121,mobilenet_orig,1,faithfulness,0.09320995211601257
121,mobilenet_orig,1,robustness,1.166145920753479
121,mobilenet_orig,1,complexity,0.3430998440380984
121,mobilenet_orig,2,faithfulness,0.10669887065887451
121,mobilenet_orig,2,robustness,1.6910600662231445
121,mobilenet_orig,2,complexity,0.3780130578425418
121,mobilenet_orig,3,faithfulness,0.19314463436603546
121,mobilenet_orig,3,robustness,2.9229352474212646
121,mobilenet_orig,3,complexity,0.4592927299010162
121,mobilenet_orig,4,faithfulness,-0.10745657980442047
121,mobilenet_orig,4,robustness,2.159442663192749
121,mobilenet_orig,4,complexity,0.3916606706268165
121,mobilenet_orig,5,faithfulness,0.1814960539340973
121,mobilenet_orig,5,robustness,1.6810122728347778
121,mobilenet_orig,5,complexity,0.4915805732070475
121,mobilenet_orig,6,faithfulness,0.24145647883415222
121,mobilenet_orig,6,robustness,1.2363234758377075
121,mobilenet_orig,6,complexity,0.4033808791366644
121,mobilenet_orig,7,faithfulness,0.23982782661914825
121,mobilenet_orig,7,robustness,1.284010887145996
121,mobilenet_orig,7,complexity,0.42412318596678056
121,mobilenet_orig,8,faithfulness,0.13780978322029114
121,mobilenet_orig,8,robustness,1.2895833253860474
121,mobilenet_orig,8,complexity,0.4416522262971104
121,mobilenet_orig,9,faithfulness,-0.19776621460914612
121,mobilenet_orig,9,robustness,1.797621488571167
121,mobilenet_orig,9,complexity,0.432506761861732
121,mobilenet_orig,10,faithfulness,0.33438095450401306
121,mobilenet_orig,10,robustness,1.0543841123580933
121,mobilenet_orig,10,complexity,0.3869840308419047
121,mobilenet_orig,11,faithfulness,0.3360530734062195
121,mobilenet_orig,11,robustness,1.017797589302063
121,mobilenet_orig,11,complexity,0.40316706913543826
121,mobilenet_orig,12,faithfulness,0.22178234159946442
121,mobilenet_orig,12,robustness,0.9636678695678711
121,mobilenet_orig,12,complexity,0.42634209256957584
121,mobilenet_orig,13,faithfulness,0.3763015866279602
121,mobilenet_orig,13,robustness,1.0265588760375977
121,mobilenet_orig,13,complexity,0.3533284666461131
121,mobilenet_orig,14,faithfulness,0.1755368709564209
121,mobilenet_orig,14,robustness,1.5386887788772583
121,mobilenet_orig,14,complexity,0.428284457912749
121,mobilenet_orig,15,faithfulness,0.17061328887939453
121,mobilenet_orig,15,robustness,1.635457992553711
121,mobilenet_orig,15,complexity,0.37881749040082285
121,mobilenet_orig,16,faithfulness,-0.04769017547369003
121,mobilenet_orig,16,robustness,1.9330604076385498
121,mobilenet_orig,16,complexity,0.46590071428307905
121,mobilenet_orig,17,faithfulness,0.2358923852443695
121,mobilenet_orig,17,robustness,1.334269642829895
121,mobilenet_orig,17,complexity,0.4350929166951202
121,mobilenet_orig,18,faithfulness,0.3318508565425873
121,mobilenet_orig,18,robustness,0.95440274477005
121,mobilenet_orig,18,complexity,0.37532743117637957
121,mobilenet_orig,19,faithfulness,0.2416275143623352
121,mobilenet_orig,19,robustness,0.823218822479248
121,mobilenet_orig,19,complexity,0.4262142571409111
121,mobilenet_orig,20,faithfulness,-0.04973028972744942
121,mobilenet_orig,20,robustness,0.9828953146934509
121,mobilenet_orig,20,complexity,0.3289386785684614
121,mobilenet_orig,21,faithfulness,0.719529390335083
121,mobilenet_orig,21,robustness,1.5220569372177124
121,mobilenet_orig,21,complexity,0.4752243470777475
121,mobilenet_orig,22,faithfulness,0.21563273668289185
121,mobilenet_orig,22,robustness,1.0245956182479858
121,mobilenet_orig,22,complexity,0.3694877977488558
121,mobilenet_orig,23,faithfulness,0.17327597737312317
121,mobilenet_orig,23,robustness,1.3509904146194458
121,mobilenet_orig,23,complexity,0.39207634428582816
121,mobilenet_orig,24,faithfulness,0.18285445868968964
121,mobilenet_orig,24,robustness,0.8539425134658813
121,mobilenet_orig,24,complexity,0.4066969822820883
121,mobilenet_orig,25,faithfulness,0.21536260843276978
121,mobilenet_orig,25,robustness,1.1402695178985596
121,mobilenet_orig,25,complexity,0.28671612579210165
121,mobilenet_orig,26,faithfulness,0.06951835006475449
121,mobilenet_orig,26,robustness,0.9438040256500244
121,mobilenet_orig,26,complexity,0.43948515566205193
121,mobilenet_orig,27,faithfulness,0.1385965645313263
121,mobilenet_orig,27,robustness,1.490774154663086
121,mobilenet_orig,27,complexity,0.495814387424738
121,mobilenet_orig,28,faithfulness,0.1146036684513092
121,mobilenet_orig,28,robustness,1.1589943170547485
121,mobilenet_orig,28,complexity,0.46362191483936654
121,mobilenet_orig,29,faithfulness,0.11774297803640366
121,mobilenet_orig,29,robustness,1.202454924583435
121,mobilenet_orig,29,complexity,0.43896465285271863
121,mobilenet_orig,30,faithfulness,0.020729513838887215
121,mobilenet_orig,30,robustness,1.605139970779419
121,mobilenet_orig,30,complexity,0.5302751088469988
121,mobilenet_orig,31,faithfulness,0.34588390588760376
121,mobilenet_orig,31,robustness,0.8783949613571167
121,mobilenet_orig,31,complexity,0.38731748844751457
121,mobilenet_orig,32,faithfulness,-0.07415233552455902
121,mobilenet_orig,32,robustness,1.9749232530593872
121,mobilenet_orig,32,complexity,0.4344480963128585
121,mobilenet_orig,33,faithfulness,-0.016089245676994324
121,mobilenet_orig,33,robustness,0.8492659330368042
121,mobilenet_orig,33,complexity,0.4673318547638428
121,mobilenet_orig,34,faithfulness,-0.2985270619392395
121,mobilenet_orig,34,robustness,0.8221794366836548
121,mobilenet_orig,34,complexity,0.3791258803065114
121,mobilenet_orig,35,faithfulness,0.2268693745136261
121,mobilenet_orig,35,robustness,1.0118778944015503
121,mobilenet_orig,35,complexity,0.518918511263355
121,mobilenet_orig,36,faithfulness,-0.032769907265901566
121,mobilenet_orig,36,robustness,1.4682408571243286
121,mobilenet_orig,36,complexity,0.5299774261309129
121,mobilenet_orig,37,faithfulness,0.09366600960493088
121,mobilenet_orig,37,robustness,1.395120620727539
121,mobilenet_orig,37,complexity,0.45192147741450206
121,mobilenet_orig,38,faithfulness,-0.051926389336586
121,mobilenet_orig,38,robustness,1.2152496576309204
121,mobilenet_orig,38,complexity,0.4058436097727563
121,mobilenet_orig,39,faithfulness,-0.2578218877315521
121,mobilenet_orig,39,robustness,1.1604421138763428
121,mobilenet_orig,39,complexity,0.40465166803262453
121,mobilenet_orig,40,faithfulness,0.38736408948898315
121,mobilenet_orig,40,robustness,0.9053929448127747
121,mobilenet_orig,40,complexity,0.42869777231762585
121,mobilenet_orig,41,faithfulness,-0.18229112029075623
121,mobilenet_orig,41,robustness,3.477471113204956
121,mobilenet_orig,41,complexity,0.39252586641370374
121,mobilenet_orig,42,faithfulness,-0.1079176664352417
121,mobilenet_orig,42,robustness,1.3739135265350342
121,mobilenet_orig,42,complexity,0.40090281719726306
121,mobilenet_orig,43,faithfulness,0.05870373547077179
121,mobilenet_orig,43,robustness,1.715592384338379
121,mobilenet_orig,43,complexity,0.4496269138878281
121,mobilenet_orig,44,faithfulness,0.35883843898773193
121,mobilenet_orig,44,robustness,1.33451509475708
121,mobilenet_orig,44,complexity,0.4221929735183423
121,mobilenet_orig,45,faithfulness,0.04705016314983368
121,mobilenet_orig,45,robustness,1.3669644594192505
121,mobilenet_orig,45,complexity,0.3675082432416353
121,mobilenet_recplot,0,faithfulness,-0.13640275597572327
121,mobilenet_recplot,0,robustness,3.6369118690490723
121,mobilenet_recplot,0,complexity,0.4738084219937294
121,mobilenet_recplot,1,faithfulness,0.236063152551651
121,mobilenet_recplot,1,robustness,1.877612590789795
121,mobilenet_recplot,1,complexity,0.5655315184992867
121,mobilenet_recplot,2,faithfulness,0.05175162851810455
121,mobilenet_recplot,2,robustness,1.2897231578826904
121,mobilenet_recplot,2,complexity,0.6163155236404472
121,mobilenet_recplot,3,faithfulness,-0.42857518792152405
121,mobilenet_recplot,3,robustness,1.4642672538757324
121,mobilenet_recplot,3,complexity,0.585513039152255
121,mobilenet_recplot,4,faithfulness,0.03924902155995369
121,mobilenet_recplot,4,robustness,1.1298083066940308
121,mobilenet_recplot,4,complexity,0.5924673565852038
121,mobilenet_recplot,5,faithfulness,0.09576097130775452
121,mobilenet_recplot,5,robustness,2.4517056941986084
121,mobilenet_recplot,5,complexity,0.5170188040244604
121,mobilenet_recplot,6,faithfulness,0.2879043221473694
121,mobilenet_recplot,6,robustness,1.4971388578414917
121,mobilenet_recplot,6,complexity,0.469510280295598
121,mobilenet_recplot,7,faithfulness,-0.0900922566652298
121,mobilenet_recplot,7,robustness,1.0901411771774292
121,mobilenet_recplot,7,complexity,0.6529657774591239
121,mobilenet_recplot,8,faithfulness,-0.049084052443504333
121,mobilenet_recplot,8,robustness,1.4905065298080444
121,mobilenet_recplot,8,complexity,0.5681137692558211
121,mobilenet_recplot,9,faithfulness,0.08153552561998367
121,mobilenet_recplot,9,robustness,1.8581076860427856
121,mobilenet_recplot,9,complexity,0.5527734955023068
121,mobilenet_recplot,10,faithfulness,0.12774083018302917
121,mobilenet_recplot,10,robustness,1.9189635515213013
121,mobilenet_recplot,10,complexity,0.48671195192793465
121,mobilenet_recplot,11,faithfulness,0.40650370717048645
121,mobilenet_recplot,11,robustness,1.1081897020339966
121,mobilenet_recplot,11,complexity,0.5072819271465095
121,mobilenet_recplot,12,faithfulness,0.2017814964056015
121,mobilenet_recplot,12,robustness,1.098498821258545
121,mobilenet_recplot,12,complexity,0.5176431743761949
121,mobilenet_recplot,13,faithfulness,0.09895765781402588
121,mobilenet_recplot,13,robustness,1.7874326705932617
121,mobilenet_recplot,13,complexity,0.4505647325372424
121,mobilenet_recplot,14,faithfulness,0.04825998470187187
121,mobilenet_recplot,14,robustness,1.5300681591033936
121,mobilenet_recplot,14,complexity,0.5624558226787659
121,mobilenet_recplot,15,faithfulness,0.03089015930891037
121,mobilenet_recplot,15,robustness,1.737961769104004
121,mobilenet_recplot,15,complexity,0.5571648187384965
121,mobilenet_recplot,16,faithfulness,-0.027429215610027313
121,mobilenet_recplot,16,robustness,1.453303337097168
121,mobilenet_recplot,16,complexity,0.5587763532901102
121,mobilenet_recplot,17,faithfulness,0.14130505919456482
121,mobilenet_recplot,17,robustness,1.4040496349334717
121,mobilenet_recplot,17,complexity,0.4725468794299259
121,mobilenet_recplot,18,faithfulness,0.014633964747190475
121,mobilenet_recplot,18,robustness,2.53332257270813
121,mobilenet_recplot,18,complexity,0.4884443985240651
121,mobilenet_recplot,19,faithfulness,0.0419413298368454
121,mobilenet_recplot,19,robustness,3.3078482151031494
121,mobilenet_recplot,19,complexity,0.4937185962348767
121,mobilenet_recplot,20,faithfulness,-0.07417303323745728
121,mobilenet_recplot,20,robustness,1.501552700996399
121,mobilenet_recplot,20,complexity,0.5530637550576384
121,mobilenet_recplot,21,faithfulness,0.07980421930551529
121,mobilenet_recplot,21,robustness,1.4877667427062988
121,mobilenet_recplot,21,complexity,0.46324168890121853
121,mobilenet_recplot,22,faithfulness,0.05767789110541344
121,mobilenet_recplot,22,robustness,1.682645320892334
121,mobilenet_recplot,22,complexity,0.495900215229508
121,mobilenet_recplot,23,faithfulness,0.13296158611774445
121,mobilenet_recplot,23,robustness,1.983521580696106
121,mobilenet_recplot,23,complexity,0.4540737713920276
121,mobilenet_recplot,24,faithfulness,-0.12763121724128723
121,mobilenet_recplot,24,robustness,2.6776952743530273
121,mobilenet_recplot,24,complexity,0.4740096384185296
121,mobilenet_recplot,25,faithfulness,0.1484423279762268
121,mobilenet_recplot,25,robustness,1.5521330833435059
121,mobilenet_recplot,25,complexity,0.5509041581153462
121,mobilenet_recplot,26,faithfulness,0.2558499574661255
121,mobilenet_recplot,26,robustness,2.79270076751709
121,mobilenet_recplot,26,complexity,0.4406157537625641
121,mobilenet_recplot,27,faithfulness,-0.056592389941215515
121,mobilenet_recplot,27,robustness,3.00223708152771
121,mobilenet_recplot,27,complexity,0.42165073478995324
121,mobilenet_recplot,28,faithfulness,0.03116714209318161
121,mobilenet_recplot,28,robustness,3.8231923580169678
121,mobilenet_recplot,28,complexity,0.5076772106552845
121,mobilenet_recplot,29,faithfulness,0.3655013144016266
121,mobilenet_recplot,29,robustness,6.457718849182129
121,mobilenet_recplot,29,complexity,0.4145492020773938
121,mobilenet_recplot,30,faithfulness,-0.25046277046203613
121,mobilenet_recplot,30,robustness,6.46599817276001
121,mobilenet_recplot,30,complexity,0.44784288306881176
121,mobilenet_recplot,31,faithfulness,-0.0704907774925232
121,mobilenet_recplot,31,robustness,1.6549776792526245
121,mobilenet_recplot,31,complexity,0.5227235517767604
121,mobilenet_recplot,32,faithfulness,0.3151471018791199
121,mobilenet_recplot,32,robustness,1.4026663303375244
121,mobilenet_recplot,32,complexity,0.5914581319911746
121,mobilenet_recplot,33,faithfulness,-0.2081502079963684
121,mobilenet_recplot,33,robustness,2.4002230167388916
121,mobilenet_recplot,33,complexity,0.425067008982955
121,mobilenet_recplot,34,faithfulness,0.08393839001655579
121,mobilenet_recplot,34,robustness,1.4061176776885986
121,mobilenet_recplot,34,complexity,0.48634204224627997
121,mobilenet_recplot,35,faithfulness,0.14361873269081116
121,mobilenet_recplot,35,robustness,1.1894365549087524
121,mobilenet_recplot,35,complexity,0.4746237886334392
121,mobilenet_recplot,36,faithfulness,0.18126048147678375
121,mobilenet_recplot,36,robustness,1.923987627029419
121,mobilenet_recplot,36,complexity,0.4385390331308696
121,mobilenet_recplot,37,faithfulness,0.07925894856452942
121,mobilenet_recplot,37,robustness,3.747917890548706
121,mobilenet_recplot,37,complexity,0.42160777570419994
121,mobilenet_recplot,38,faithfulness,-0.05538370832800865
121,mobilenet_recplot,38,robustness,2.066216468811035
121,mobilenet_recplot,38,complexity,0.42465804543974056
121,mobilenet_recplot,39,faithfulness,0.2513176202774048
121,mobilenet_recplot,39,robustness,1.5644432306289673
121,mobilenet_recplot,39,complexity,0.4034994024739427
121,mobilenet_recplot,40,faithfulness,0.25063854455947876
121,mobilenet_recplot,40,robustness,1.8938605785369873
121,mobilenet_recplot,40,complexity,0.415882227535126
121,mobilenet_recplot,41,faithfulness,0.03545907512307167
121,mobilenet_recplot,41,robustness,1.3222874402999878
121,mobilenet_recplot,41,complexity,0.4737294841193756
121,mobilenet_recplot,42,faithfulness,0.01848127692937851
121,mobilenet_recplot,42,robustness,1.3464651107788086
121,mobilenet_recplot,42,complexity,0.43823781205215967
121,mobilenet_recplot,43,faithfulness,0.09772974252700806
121,mobilenet_recplot,43,robustness,1.968544363975525
121,mobilenet_recplot,43,complexity,0.5688518349310917
121,mobilenet_recplot,44,faithfulness,0.17113369703292847
121,mobilenet_recplot,44,robustness,4.1480817794799805
121,mobilenet_recplot,44,complexity,0.4160356598647377
121,mobilenet_recplot,45,faithfulness,0.3164181113243103
121,mobilenet_recplot,45,robustness,1.8087708950042725
121,mobilenet_recplot,45,complexity,0.5001472504525827
121,effnet_orig,0,faithfulness,0.2716101408004761
121,effnet_orig,0,robustness,4.344499588012695
121,effnet_orig,0,complexity,0.43643629142172047
121,effnet_orig,1,faithfulness,0.2772223651409149
121,effnet_orig,1,robustness,1.273810625076294
121,effnet_orig,1,complexity,0.3775527467600628
121,effnet_orig,2,faithfulness,-0.0016814842820167542
121,effnet_orig,2,robustness,1.3241713047027588
121,effnet_orig,2,complexity,0.41724350796941606
121,effnet_orig,3,faithfulness,0.3106325566768646
121,effnet_orig,3,robustness,1.770317554473877
121,effnet_orig,3,complexity,0.3208106526790497
121,effnet_orig,4,faithfulness,0.36377763748168945
121,effnet_orig,4,robustness,2.0968127250671387
121,effnet_orig,4,complexity,0.44268529418700886
121,effnet_orig,5,faithfulness,0.15626800060272217
121,effnet_orig,5,robustness,1.7979472875595093
121,effnet_orig,5,complexity,0.39062211172579364
121,effnet_orig,6,faithfulness,0.44066935777664185
121,effnet_orig,6,robustness,3.6248464584350586
121,effnet_orig,6,complexity,0.3534936305291608
121,effnet_orig,7,faithfulness,0.300320565700531
121,effnet_orig,7,robustness,2.1690738201141357
121,effnet_orig,7,complexity,0.38597757196633864
121,effnet_orig,8,faithfulness,-0.004260178655385971
121,effnet_orig,8,robustness,1.3169221878051758
121,effnet_orig,8,complexity,0.4324525278769547
121,effnet_orig,9,faithfulness,0.24632330238819122
121,effnet_orig,9,robustness,1.5137728452682495
121,effnet_orig,9,complexity,0.4149315094818967
121,effnet_orig,10,faithfulness,-0.3387141227722168
121,effnet_orig,10,robustness,1.8528352975845337
121,effnet_orig,10,complexity,0.39794720862709004
121,effnet_orig,11,faithfulness,0.41273218393325806
121,effnet_orig,11,robustness,1.441433072090149
121,effnet_orig,11,complexity,0.41868419176298594
121,effnet_orig,12,faithfulness,0.11845569312572479
121,effnet_orig,12,robustness,2.7491395473480225
121,effnet_orig,12,complexity,0.38092377002043903
121,effnet_orig,13,faithfulness,0.14101260900497437
121,effnet_orig,13,robustness,2.353264331817627
121,effnet_orig,13,complexity,0.3730212021552432
121,effnet_orig,14,faithfulness,0.27005332708358765
121,effnet_orig,14,robustness,2.1865808963775635
121,effnet_orig,14,complexity,0.38385229956091227
121,effnet_orig,15,faithfulness,-0.29039520025253296
121,effnet_orig,15,robustness,1.0240923166275024
121,effnet_orig,15,complexity,0.33888463468139285
121,effnet_orig,16,faithfulness,-0.05313216522336006
121,effnet_orig,16,robustness,2.728541374206543
121,effnet_orig,16,complexity,0.4508900129191662
121,effnet_orig,17,faithfulness,-0.12737572193145752
121,effnet_orig,17,robustness,5.154175281524658
121,effnet_orig,17,complexity,0.47276159855032396
121,effnet_orig,18,faithfulness,-0.251059353351593
121,effnet_orig,18,robustness,2.2797462940216064
121,effnet_orig,18,complexity,0.3909975646649282
121,effnet_orig,19,faithfulness,0.38205596804618835
121,effnet_orig,19,robustness,2.1016123294830322
121,effnet_orig,19,complexity,0.4005721079265813
121,effnet_orig,20,faithfulness,-0.05853728577494621
121,effnet_orig,20,robustness,2.850344181060791
121,effnet_orig,20,complexity,0.25000046509406154
121,effnet_orig,21,faithfulness,-0.16724085807800293
121,effnet_orig,21,robustness,2.524179458618164
121,effnet_orig,21,complexity,0.49317131580939894
121,effnet_orig,22,faithfulness,-0.05996308475732803
121,effnet_orig,22,robustness,1.0107451677322388
121,effnet_orig,22,complexity,0.28578061485990564
121,effnet_orig,23,faithfulness,0.24330580234527588
121,effnet_orig,23,robustness,4.347153186798096
121,effnet_orig,23,complexity,0.5488904996381122
121,effnet_orig,24,faithfulness,-0.06258776038885117
121,effnet_orig,24,robustness,0.8623769283294678
121,effnet_orig,24,complexity,0.1634056134999954
121,effnet_orig,25,faithfulness,0.24222542345523834
121,effnet_orig,25,robustness,2.2255468368530273
121,effnet_orig,25,complexity,0.4531754314458951
121,effnet_orig,26,faithfulness,0.4050561189651489
121,effnet_orig,26,robustness,1.0638494491577148
121,effnet_orig,26,complexity,0.3086047145575526
121,effnet_orig,27,faithfulness,-0.08019596338272095
121,effnet_orig,27,robustness,0.7635053992271423
121,effnet_orig,27,complexity,0.14030681269543685
121,effnet_orig,28,faithfulness,0.3613814115524292
121,effnet_orig,28,robustness,1.8953338861465454
121,effnet_orig,28,complexity,0.41482320010020934
121,effnet_orig,29,faithfulness,0.08283932507038116
121,effnet_orig,29,robustness,0.8650209903717041
121,effnet_orig,29,complexity,0.24654722422458303
121,effnet_orig,30,faithfulness,0.189986914396286
121,effnet_orig,30,robustness,0.9816639423370361
121,effnet_orig,30,complexity,0.1880272029000367
121,effnet_orig,31,faithfulness,0.12510670721530914
121,effnet_orig,31,robustness,5.880370616912842
121,effnet_orig,31,complexity,0.43169042687326115
121,effnet_orig,32,faithfulness,0.19110709428787231
121,effnet_orig,32,robustness,0.8942508697509766
121,effnet_orig,32,complexity,0.19633212078115045
121,effnet_orig,33,faithfulness,-0.08947835862636566
121,effnet_orig,33,robustness,0.5465425252914429
121,effnet_orig,33,complexity,0.09508691098267573
121,effnet_orig,34,faithfulness,0.25926703214645386
121,effnet_orig,34,robustness,0.7397825121879578
121,effnet_orig,34,complexity,0.21265012578600762
121,effnet_orig,35,faithfulness,0.40212297439575195
121,effnet_orig,35,robustness,2.062786340713501
121,effnet_orig,35,complexity,0.4057863277895823
121,effnet_orig,36,faithfulness,0.17433547973632812
121,effnet_orig,36,robustness,1.0327361822128296
121,effnet_orig,36,complexity,0.216830488810745
121,effnet_orig,37,faithfulness,-0.10966894775629044
121,effnet_orig,37,robustness,1.2757564783096313
121,effnet_orig,37,complexity,0.2939031221567443
121,effnet_orig,38,faithfulness,0.22204962372779846
121,effnet_orig,38,robustness,1.0079021453857422
121,effnet_orig,38,complexity,0.197817358101555
121,effnet_orig,39,faithfulness,0.2511773705482483
121,effnet_orig,39,robustness,0.9228487014770508
121,effnet_orig,39,complexity,0.3076695431129028
121,effnet_orig,40,faithfulness,0.338299036026001
121,effnet_orig,40,robustness,1.4424558877944946
121,effnet_orig,40,complexity,0.4128411767094558
121,effnet_orig,41,faithfulness,0.016377218067646027
121,effnet_orig,41,robustness,1.5184775590896606
121,effnet_orig,41,complexity,0.35977192651841905
121,effnet_orig,42,faithfulness,0.6318373680114746
121,effnet_orig,42,robustness,0.9822840690612793
121,effnet_orig,42,complexity,0.49563389727079543
121,effnet_orig,43,faithfulness,0.24736478924751282
121,effnet_orig,43,robustness,3.369213342666626
121,effnet_orig,43,complexity,0.39364223030026324
121,effnet_orig,44,faithfulness,0.07283064723014832
121,effnet_orig,44,robustness,2.14129638671875
121,effnet_orig,44,complexity,0.35565833726861407
121,effnet_orig,45,faithfulness,0.030702531337738037
121,effnet_orig,45,robustness,1.8637794256210327
121,effnet_orig,45,complexity,0.38038079642369194
121,effnet_recplot,0,faithfulness,0.07936212420463562
121,effnet_recplot,0,robustness,1.3473103046417236
121,effnet_recplot,0,complexity,0.38412419043582113
121,effnet_recplot,1,faithfulness,0.13644802570343018
121,effnet_recplot,1,robustness,1.6704375743865967
121,effnet_recplot,1,complexity,0.11605134479884874
121,effnet_recplot,2,faithfulness,0.06220284104347229
121,effnet_recplot,2,robustness,2.395824670791626
121,effnet_recplot,2,complexity,0.16519152651402969
121,effnet_recplot,3,faithfulness,-0.15334051847457886
121,effnet_recplot,3,robustness,2.231369733810425
121,effnet_recplot,3,complexity,0.29456952025816646
121,effnet_recplot,4,faithfulness,0.254489541053772
121,effnet_recplot,4,robustness,1.7273730039596558
121,effnet_recplot,4,complexity,0.19496031199602942
121,effnet_recplot,5,faithfulness,0.12654070556163788
121,effnet_recplot,5,robustness,5.930698871612549
121,effnet_recplot,5,complexity,0.42594654852376507
121,effnet_recplot,6,faithfulness,0.10305500775575638
121,effnet_recplot,6,robustness,1.6886284351348877
121,effnet_recplot,6,complexity,0.15291783511338405
121,effnet_recplot,7,faithfulness,0.24116729199886322
121,effnet_recplot,7,robustness,1.1877514123916626
121,effnet_recplot,7,complexity,0.045349754893940296
121,effnet_recplot,8,faithfulness,0.5417376160621643
121,effnet_recplot,8,robustness,1.97575843334198
121,effnet_recplot,8,complexity,0.22442353508848162
121,effnet_recplot,9,faithfulness,-0.05884610116481781
121,effnet_recplot,9,robustness,3.470571517944336
121,effnet_recplot,9,complexity,0.3784307213010418
121,effnet_recplot,10,faithfulness,0.272815465927124
121,effnet_recplot,10,robustness,5.450747966766357
121,effnet_recplot,10,complexity,0.4345850539024339
121,effnet_recplot,11,faithfulness,0.011630399152636528
121,effnet_recplot,11,robustness,1.3355398178100586
121,effnet_recplot,11,complexity,0.046667886088886334
121,effnet_recplot,12,faithfulness,0.1730729043483734
121,effnet_recplot,12,robustness,1.611528992652893
121,effnet_recplot,12,complexity,0.07861139362068743
121,effnet_recplot,13,faithfulness,0.45470714569091797
121,effnet_recplot,13,robustness,1.0275808572769165
121,effnet_recplot,13,complexity,0.09716473412077875
121,effnet_recplot,14,faithfulness,0.13073596358299255
121,effnet_recplot,14,robustness,3.52638840675354
121,effnet_recplot,14,complexity,0.28300530791627604
121,effnet_recplot,15,faithfulness,-0.10438519716262817
121,effnet_recplot,15,robustness,2.109619140625
121,effnet_recplot,15,complexity,0.20492650769541057
121,effnet_recplot,16,faithfulness,0.1536707580089569
121,effnet_recplot,16,robustness,2.322479724884033
121,effnet_recplot,16,complexity,0.15405943769716174
121,effnet_recplot,17,faithfulness,0.10382252931594849
121,effnet_recplot,17,robustness,1.6105231046676636
121,effnet_recplot,17,complexity,0.09084219476175298
121,effnet_recplot,18,faithfulness,-0.24177022278308868
121,effnet_recplot,18,robustness,2.930339813232422
121,effnet_recplot,18,complexity,0.3662005690386709
121,effnet_recplot,19,faithfulness,-0.06621185690164566
121,effnet_recplot,19,robustness,5.9870219230651855
121,effnet_recplot,19,complexity,0.39852948027588286
121,effnet_recplot,20,faithfulness,0.05949960649013519
121,effnet_recplot,20,robustness,1.9251290559768677
121,effnet_recplot,20,complexity,0.14431016508431757
121,effnet_recplot,21,faithfulness,-0.05252080410718918
121,effnet_recplot,21,robustness,3.455317974090576
121,effnet_recplot,21,complexity,0.3596935894849184
121,effnet_recplot,22,faithfulness,0.28509825468063354
121,effnet_recplot,22,robustness,1.0780383348464966
121,effnet_recplot,22,complexity,0.12321888619040909
121,effnet_recplot,23,faithfulness,-0.04159191995859146
121,effnet_recplot,23,robustness,1.3192944526672363
121,effnet_recplot,23,complexity,0.17903464395203164
121,effnet_recplot,24,faithfulness,0.10872872918844223
121,effnet_recplot,24,robustness,2.009293794631958
121,effnet_recplot,24,complexity,0.14111390887470157
121,effnet_recplot,25,faithfulness,-0.030221454799175262
121,effnet_recplot,25,robustness,1.1916656494140625
121,effnet_recplot,25,complexity,0.20256212952244232
121,effnet_recplot,26,faithfulness,0.15776993334293365
121,effnet_recplot,26,robustness,4.439617156982422
121,effnet_recplot,26,complexity,0.26117418538565723
121,effnet_recplot,27,faithfulness,0.1721910834312439
121,effnet_recplot,27,robustness,3.23919677734375
121,effnet_recplot,27,complexity,0.20023585137003344
121,effnet_recplot,28,faithfulness,-0.09933805465698242
121,effnet_recplot,28,robustness,3.3853859901428223
121,effnet_recplot,28,complexity,0.1698019112339683
121,effnet_recplot,29,faithfulness,0.17405159771442413
121,effnet_recplot,29,robustness,3.074930191040039
121,effnet_recplot,29,complexity,0.34985192865538883
121,effnet_recplot,30,faithfulness,-0.2421480268239975
121,effnet_recplot,30,robustness,1.4307917356491089
121,effnet_recplot,30,complexity,0.15759453428833453
121,effnet_recplot,31,faithfulness,0.23886781930923462
121,effnet_recplot,31,robustness,3.0106492042541504
121,effnet_recplot,31,complexity,0.10949313412575916
121,effnet_recplot,32,faithfulness,-0.01716737449169159
121,effnet_recplot,32,robustness,4.904796123504639
121,effnet_recplot,32,complexity,0.3870787294675047
121,effnet_recplot,33,faithfulness,0.16361573338508606
121,effnet_recplot,33,robustness,2.2992770671844482
121,effnet_recplot,33,complexity,0.3554578482390619
121,effnet_recplot,34,faithfulness,-0.43296366930007935
121,effnet_recplot,34,robustness,2.18343448638916
121,effnet_recplot,34,complexity,0.22658895956022987
121,effnet_recplot,35,faithfulness,-0.15771609544754028
121,effnet_recplot,35,robustness,1.1240882873535156
121,effnet_recplot,35,complexity,0.2154194493897269
121,effnet_recplot,36,faithfulness,-0.09341731667518616
121,effnet_recplot,36,robustness,2.351154088973999
121,effnet_recplot,36,complexity,0.23271320007757518
121,effnet_recplot,37,faithfulness,0.12624014914035797
121,effnet_recplot,37,robustness,1.9658781290054321
121,effnet_recplot,37,complexity,0.10504034279698692
121,effnet_recplot,38,faithfulness,0.12809067964553833
121,effnet_recplot,38,robustness,2.6730570793151855
121,effnet_recplot,38,complexity,0.15343207259791403
121,effnet_recplot,39,faithfulness,0.13167636096477509
121,effnet_recplot,39,robustness,3.0493364334106445
121,effnet_recplot,39,complexity,0.2096224620988163
121,effnet_recplot,40,faithfulness,0.15946915745735168
121,effnet_recplot,40,robustness,1.892746925354004
121,effnet_recplot,40,complexity,0.17993572772390437
121,effnet_recplot,41,faithfulness,0.0022612661123275757
121,effnet_recplot,41,robustness,1.0448613166809082
121,effnet_recplot,41,complexity,0.13397272500705634
121,effnet_recplot,42,faithfulness,-0.12745527923107147
121,effnet_recplot,42,robustness,2.2355029582977295
121,effnet_recplot,42,complexity,0.23692187275982787
121,effnet_recplot,43,faithfulness,0.23725341260433197
121,effnet_recplot,43,robustness,1.687325358390808
121,effnet_recplot,43,complexity,0.2805925375181347
121,effnet_recplot,44,faithfulness,0.21955528855323792
121,effnet_recplot,44,robustness,2.2543303966522217
121,effnet_recplot,44,complexity,0.1484396426387534
121,effnet_recplot,45,faithfulness,-0.24252304434776306
121,effnet_recplot,45,robustness,3.8605051040649414
121,effnet_recplot,45,complexity,0.18314678491621758
