seed,branch,amostra,metrica,valor
7,mobilenet_orig,0,faithfulness,0.26396968960762024
7,mobilenet_orig,0,robustness,3.2556614875793457
7,mobilenet_orig,0,complexity,0.6241804662332726
7,mobilenet_orig,1,faithfulness,0.012373268604278564
7,mobilenet_orig,1,robustness,3.2117996215820312
7,mobilenet_orig,1,complexity,0.621675423644837
7,mobilenet_orig,2,faithfulness,-0.38234859704971313
7,mobilenet_orig,2,robustness,2.5232555866241455
7,mobilenet_orig,2,complexity,0.6339535010448353
7,mobilenet_orig,3,faithfulness,-0.10205753892660141
7,mobilenet_orig,3,robustness,6.22035551071167
7,mobilenet_orig,3,complexity,0.6123584976589626
7,mobilenet_orig,4,faithfulness,0.12400779128074646
7,mobilenet_orig,4,robustness,6.310124397277832
7,mobilenet_orig,4,complexity,0.6309777842961943
7,mobilenet_orig,5,faithfulness,-0.005075439810752869
7,mobilenet_orig,5,robustness,4.500647068023682
7,mobilenet_orig,5,complexity,0.6425434539515683
7,mobilenet_orig,6,faithfulness,-0.14089448750019073
7,mobilenet_orig,6,robustness,3.843428134918213
7,mobilenet_orig,6,complexity,0.6401941688094727
7,mobilenet_orig,7,faithfulness,-0.12683416903018951
7,mobilenet_orig,7,robustness,2.651644706726074
7,mobilenet_orig,7,complexity,0.6244993041358021
7,mobilenet_orig,8,faithfulness,-0.04987143725156784
7,mobilenet_orig,8,robustness,3.811962127685547
7,mobilenet_orig,8,complexity,0.6152407571596759
7,mobilenet_orig,9,faithfulness,0.0809512585401535
7,mobilenet_orig,9,robustness,3.402864456176758
7,mobilenet_orig,9,complexity,0.6360480588085182
7,mobilenet_orig,10,faithfulness,0.17020852863788605
7,mobilenet_orig,10,robustness,2.288566827774048
7,mobilenet_orig,10,complexity,0.6399873162327067
7,mobilenet_orig,11,faithfulness,0.03452005609869957
7,mobilenet_orig,11,robustness,2.1984095573425293
7,mobilenet_orig,11,complexity,0.6243958983121036
7,mobilenet_orig,12,faithfulness,0.06635425984859467
7,mobilenet_orig,12,robustness,3.259185314178467
7,mobilenet_orig,12,complexity,0.6293553083988133
7,mobilenet_orig,13,faithfulness,-0.057375404983758926
7,mobilenet_orig,13,robustness,2.0007681846618652
7,mobilenet_orig,13,complexity,0.6308701182000589
7,mobilenet_orig,14,faithfulness,-0.11005694419145584
7,mobilenet_orig,14,robustness,4.814513206481934
7,mobilenet_orig,14,complexity,0.6044131890366288
7,mobilenet_orig,15,faithfulness,-0.13438010215759277
7,mobilenet_orig,15,robustness,3.7287237644195557
7,mobilenet_orig,15,complexity,0.6362168759184103
7,mobilenet_orig,16,faithfulness,-0.1396772563457489
7,mobilenet_orig,16,robustness,3.5725317001342773
7,mobilenet_orig,16,complexity,0.6301816603787423
7,mobilenet_orig,17,faithfulness,-0.016648534685373306
7,mobilenet_orig,17,robustness,2.5085761547088623
7,mobilenet_orig,17,complexity,0.6198087891108186
7,mobilenet_orig,18,faithfulness,0.21942810714244843
7,mobilenet_orig,18,robustness,5.78781795501709
7,mobilenet_orig,18,complexity,0.6315667995188
7,mobilenet_orig,19,faithfulness,0.34303906559944153
7,mobilenet_orig,19,robustness,3.176323652267456
7,mobilenet_orig,19,complexity,0.6433541873406633
7,mobilenet_orig,20,faithfulness,-0.03458128869533539
7,mobilenet_orig,20,robustness,6.276971817016602
7,mobilenet_orig,20,complexity,0.6358051048789449
7,mobilenet_orig,21,faithfulness,0.34907978773117065
7,mobilenet_orig,21,robustness,5.953452110290527
7,mobilenet_orig,21,complexity,0.6307824034794169
7,mobilenet_orig,22,faithfulness,-0.0938728004693985
7,mobilenet_orig,22,robustness,1.4119073152542114
7,mobilenet_orig,22,complexity,0.6494576594758715
7,mobilenet_orig,23,faithfulness,0.22267118096351624
7,mobilenet_orig,23,robustness,2.919780731201172
7,mobilenet_orig,23,complexity,0.6306555469583517
7,mobilenet_orig,24,faithfulness,-0.1895005702972412
7,mobilenet_orig,24,robustness,1.519025444984436
7,mobilenet_orig,24,complexity,0.6500298011966723
7,mobilenet_orig,25,faithfulness,0.058422550559043884
7,mobilenet_orig,25,robustness,3.159735918045044
7,mobilenet_orig,25,complexity,0.6741789805284174
7,mobilenet_orig,26,faithfulness,-0.058093756437301636
7,mobilenet_orig,26,robustness,1.1420490741729736
7,mobilenet_orig,26,complexity,0.6367210207947898
7,mobilenet_orig,27,faithfulness,0.3463020622730255
7,mobilenet_orig,27,robustness,2.263359785079956
7,mobilenet_orig,27,complexity,0.6321482733878245
7,mobilenet_orig,28,faithfulness,-0.20549392700195312
7,mobilenet_orig,28,robustness,5.333755016326904
7,mobilenet_orig,28,complexity,0.637166139530721
7,mobilenet_orig,29,faithfulness,0.07719974964857101
7,mobilenet_orig,29,robustness,4.5899834632873535
7,mobilenet_orig,29,complexity,0.6414837149949653
7,mobilenet_orig,30,faithfulness,0.1965319812297821
7,mobilenet_orig,30,robustness,3.1486291885375977
7,mobilenet_orig,30,complexity,0.6407329232030584
7,mobilenet_orig,31,faithfulness,0.28683599829673767
7,mobilenet_orig,31,robustness,4.875595569610596
7,mobilenet_orig,31,complexity,0.6366356620356619
7,mobilenet_orig,32,faithfulness,-0.03674744814634323
7,mobilenet_orig,32,robustness,2.6742045879364014
7,mobilenet_orig,32,complexity,0.6269230067347523
7,mobilenet_orig,33,faithfulness,-0.03804706037044525
7,mobilenet_orig,33,robustness,2.027634859085083
7,mobilenet_orig,33,complexity,0.6087918763852618
7,mobilenet_orig,34,faithfulness,-0.05282816290855408
7,mobilenet_orig,34,robustness,2.0560476779937744
7,mobilenet_orig,34,complexity,0.6158769590261096
7,mobilenet_orig,35,faithfulness,-0.006754882633686066
7,mobilenet_orig,35,robustness,2.815427780151367
7,mobilenet_orig,35,complexity,0.6222491690663337
7,mobilenet_orig,36,faithfulness,-0.06878294795751572
7,mobilenet_orig,36,robustness,3.463118553161621
7,mobilenet_orig,36,complexity,0.6115093656297458
7,mobilenet_orig,37,faithfulness,-0.11709921061992645
7,mobilenet_orig,37,robustness,2.5792758464813232
7,mobilenet_orig,37,complexity,0.651892991318513
7,mobilenet_orig,38,faithfulness,0.18760302662849426
7,mobilenet_orig,38,robustness,3.017565965652466
7,mobilenet_orig,38,complexity,0.6512782938314075
7,mobilenet_orig,39,faithfulness,0.07167181372642517
7,mobilenet_orig,39,robustness,1.6128343343734741
7,mobilenet_orig,39,complexity,0.6540766694935215
7,mobilenet_orig,40,faithfulness,-0.04824522137641907
7,mobilenet_orig,40,robustness,1.7891159057617188
7,mobilenet_orig,40,complexity,0.6235736131978905
7,mobilenet_orig,41,faithfulness,0.07782040536403656
7,mobilenet_orig,41,robustness,3.2535974979400635
7,mobilenet_orig,41,complexity,0.6292583809988413
7,mobilenet_orig,42,faithfulness,0.2508585453033447
7,mobilenet_orig,42,robustness,3.4347281455993652
7,mobilenet_orig,42,complexity,0.6166723623057141
7,mobilenet_orig,43,faithfulness,-0.006120942533016205
7,mobilenet_orig,43,robustness,4.098895072937012
7,mobilenet_orig,43,complexity,0.615241580852994
7,mobilenet_orig,44,faithfulness,-0.20354941487312317
7,mobilenet_orig,44,robustness,2.8225395679473877
7,mobilenet_orig,44,complexity,0.614859570851883
7,mobilenet_orig,45,faithfulness,0.4080730676651001
7,mobilenet_orig,45,robustness,3.283921718597412
7,mobilenet_orig,45,complexity,0.6480312779673767
7,mobilenet_recplot,0,faithfulness,-0.11343590170145035
7,mobilenet_recplot,0,robustness,1.9403172731399536
7,mobilenet_recplot,0,complexity,0.6430706291786689
7,mobilenet_recplot,1,faithfulness,-0.053598273545503616
7,mobilenet_recplot,1,robustness,1.6961899995803833
7,mobilenet_recplot,1,complexity,0.6414752779833517
7,mobilenet_recplot,2,faithfulness,0.09572473168373108
7,mobilenet_recplot,2,robustness,1.5664750337600708
7,mobilenet_recplot,2,complexity,0.6571685148673169
7,mobilenet_recplot,3,faithfulness,-0.19355666637420654
7,mobilenet_recplot,3,robustness,2.3130385875701904
7,mobilenet_recplot,3,complexity,0.6407715590936991
7,mobilenet_recplot,4,faithfulness,0.03693331032991409
7,mobilenet_recplot,4,robustness,1.6125649213790894
7,mobilenet_recplot,4,complexity,0.6219224547967894
7,mobilenet_recplot,5,faithfulness,-0.049794942140579224
7,mobilenet_recplot,5,robustness,2.0685677528381348
7,mobilenet_recplot,5,complexity,0.6481354358191898
7,mobilenet_recplot,6,faithfulness,0.07263457775115967
7,mobilenet_recplot,6,robustness,1.5786865949630737
7,mobilenet_recplot,6,complexity,0.6506070830322195
7,mobilenet_recplot,7,faithfulness,-0.16856414079666138
7,mobilenet_recplot,7,robustness,1.4446109533309937
7,mobilenet_recplot,7,complexity,0.635283428030509
7,mobilenet_recplot,8,faithfulness,0.05396291986107826
7,mobilenet_recplot,8,robustness,1.487107753753662
7,mobilenet_recplot,8,complexity,0.6620963906458207
7,mobilenet_recplot,9,faithfulness,-0.48279690742492676
7,mobilenet_recplot,9,robustness,1.6586898565292358
7,mobilenet_recplot,9,complexity,0.6531246741238245
7,mobilenet_recplot,10,faithfulness,-0.21907591819763184
7,mobilenet_recplot,10,robustness,1.9037688970565796
7,mobilenet_recplot,10,complexity,0.6410079184353284
7,mobilenet_recplot,11,faithfulness,0.1132378876209259
7,mobilenet_recplot,11,robustness,1.5114086866378784
7,mobilenet_recplot,11,complexity,0.6231106014971467
7,mobilenet_recplot,12,faithfulness,-0.1932515949010849
7,mobilenet_recplot,12,robustness,1.61160409450531
7,mobilenet_recplot,12,complexity,0.6375738312035074
7,mobilenet_recplot,13,faithfulness,0.02626628801226616
7,mobilenet_recplot,13,robustness,1.520303726196289
7,mobilenet_recplot,13,complexity,0.6483236619527104
7,mobilenet_recplot,14,faithfulness,0.15262894332408905
7,mobilenet_recplot,14,robustness,1.9553557634353638
7,mobilenet_recplot,14,complexity,0.642210374639338
7,mobilenet_recplot,15,faithfulness,0.0022335797548294067
7,mobilenet_recplot,15,robustness,1.8242850303649902
7,mobilenet_recplot,15,complexity,0.6615825305275604
7,mobilenet_recplot,16,faithfulness,0.27791735529899597
7,mobilenet_recplot,16,robustness,1.6240298748016357
7,mobilenet_recplot,16,complexity,0.6527901022078254
7,mobilenet_recplot,17,faithfulness,-0.07819540053606033
7,mobilenet_recplot,17,robustness,1.5252948999404907
7,mobilenet_recplot,17,complexity,0.6252987793633955
7,mobilenet_recplot,18,faithfulness,-0.37766098976135254
7,mobilenet_recplot,18,robustness,1.588658332824707
7,mobilenet_recplot,18,complexity,0.6357739233988414
7,mobilenet_recplot,19,faithfulness,-0.19690072536468506
7,mobilenet_recplot,19,robustness,3.1819770336151123
7,mobilenet_recplot,19,complexity,0.6426452008707315
7,mobilenet_recplot,20,faithfulness,0.23635417222976685
7,mobilenet_recplot,20,robustness,1.4888176918029785
7,mobilenet_recplot,20,complexity,0.6539766936628876
7,mobilenet_recplot,21,faithfulness,-0.22336703538894653
7,mobilenet_recplot,21,robustness,1.9683541059494019
7,mobilenet_recplot,21,complexity,0.625506378999181
7,mobilenet_recplot,22,faithfulness,-0.005140446126461029
7,mobilenet_recplot,22,robustness,1.2402763366699219
7,mobilenet_recplot,22,complexity,0.6534922657198945
7,mobilenet_recplot,23,faithfulness,-0.08772386610507965
7,mobilenet_recplot,23,robustness,1.51762855052948
7,mobilenet_recplot,23,complexity,0.6648105593596203
7,mobilenet_recplot,24,faithfulness,0.05712857097387314
7,mobilenet_recplot,24,robustness,1.3642598390579224
7,mobilenet_recplot,24,complexity,0.6530766476955528
7,mobilenet_recplot,25,faithfulness,-0.14171817898750305
7,mobilenet_recplot,25,robustness,1.3557456731796265
7,mobilenet_recplot,25,complexity,0.6063728905511632
7,mobilenet_recplot,26,faithfulness,0.02292054146528244
7,mobilenet_recplot,26,robustness,1.3234450817108154
7,mobilenet_recplot,26,complexity,0.6480910475240708
7,mobilenet_recplot,27,faithfulness,-0.22273504734039307
7,mobilenet_recplot,27,robustness,1.3744275569915771
7,mobilenet_recplot,27,complexity,0.6334490205951852
7,mobilenet_recplot,28,faithfulness,-0.04735349863767624
7,mobilenet_recplot,28,robustness,1.8633005619049072
7,mobilenet_recplot,28,complexity,0.6121189871316078
7,mobilenet_recplot,29,faithfulness,-0.039681725203990936
7,mobilenet_recplot,29,robustness,2.589939832687378
7,mobilenet_recplot,29,complexity,0.6170598165344322
7,mobilenet_recplot,30,faithfulness,-0.04637838155031204
7,mobilenet_recplot,30,robustness,2.0845961570739746
7,mobilenet_recplot,30,complexity,0.6293012892915523
7,mobilenet_recplot,31,faithfulness,0.02001497894525528
7,mobilenet_recplot,31,robustness,1.3770694732666016
7,mobilenet_recplot,31,complexity,0.5861943042031862
7,mobilenet_recplot,32,faithfulness,0.10428619384765625
7,mobilenet_recplot,32,robustness,1.346920132637024
7,mobilenet_recplot,32,complexity,0.5860128783255659
7,mobilenet_recplot,33,faithfulness,0.2220602035522461
7,mobilenet_recplot,33,robustness,1.4457215070724487
7,mobilenet_recplot,33,complexity,0.6599998829271158
7,mobilenet_recplot,34,faithfulness,0.1878328025341034
7,mobilenet_recplot,34,robustness,1.4932918548583984
7,mobilenet_recplot,34,complexity,0.6161460484057553
7,mobilenet_recplot,35,faithfulness,-0.27276742458343506
7,mobilenet_recplot,35,robustness,1.2936832904815674
7,mobilenet_recplot,35,complexity,0.6268334969211589
7,mobilenet_recplot,36,faithfulness,0.13338389992713928
7,mobilenet_recplot,36,robustness,1.5179274082183838
7,mobilenet_recplot,36,complexity,0.6257518741814673
7,mobilenet_recplot,37,faithfulness,0.10029666870832443
7,mobilenet_recplot,37,robustness,1.4492765665054321
7,mobilenet_recplot,37,complexity,0.6547478096802855
7,mobilenet_recplot,38,faithfulness,0.17081022262573242
7,mobilenet_recplot,38,robustness,1.538151741027832
7,mobilenet_recplot,38,complexity,0.6431168495425499
7,mobilenet_recplot,39,faithfulness,0.06902074813842773
7,mobilenet_recplot,39,robustness,1.549355387687683
7,mobilenet_recplot,39,complexity,0.6499495001211096
7,mobilenet_recplot,40,faithfulness,-0.1256060004234314
7,mobilenet_recplot,40,robustness,1.3027124404907227
7,mobilenet_recplot,40,complexity,0.6290656054166756
7,mobilenet_recplot,41,faithfulness,-0.14266404509544373
7,mobilenet_recplot,41,robustness,1.355332851409912
7,mobilenet_recplot,41,complexity,0.633591474693967
7,mobilenet_recplot,42,faithfulness,-0.17484387755393982
7,mobilenet_recplot,42,robustness,1.4046331644058228
7,mobilenet_recplot,42,complexity,0.6405529207871945
7,mobilenet_recplot,43,faithfulness,-0.19096118211746216
7,mobilenet_recplot,43,robustness,1.6429086923599243
7,mobilenet_recplot,43,complexity,0.6566484563394708
7,mobilenet_recplot,44,faithfulness,0.29415833950042725
7,mobilenet_recplot,44,robustness,1.4211865663528442
7,mobilenet_recplot,44,complexity,0.6508699545002686
7,mobilenet_recplot,45,faithfulness,-0.3066433072090149
7,mobilenet_recplot,45,robustness,1.3636857271194458
7,mobilenet_recplot,45,complexity,0.6151057390168738
7,effnet_orig,0,faithfulness,-0.17826373875141144
7,effnet_orig,0,robustness,75.51695251464844
7,effnet_orig,0,complexity,0.6548586836422414
7,effnet_orig,1,faithfulness,0.4454006552696228
7,effnet_orig,1,robustness,75.0946273803711
7,effnet_orig,1,complexity,0.6210837800946295
7,effnet_orig,2,faithfulness,0.0193819347769022
7,effnet_orig,2,robustness,16.39503288269043
7,effnet_orig,2,complexity,0.6192593782379171
7,effnet_orig,3,faithfulness,-0.043017566204071045
7,effnet_orig,3,robustness,1.5399264097213745
7,effnet_orig,3,complexity,0.6385185067291693
7,effnet_orig,4,faithfulness,-0.3484966456890106
7,effnet_orig,4,robustness,31.483434677124023
7,effnet_orig,4,complexity,0.57905670158179
7,effnet_orig,5,faithfulness,0.2034558355808258
7,effnet_orig,5,robustness,1893.98974609375
7,effnet_orig,5,complexity,0.6040032108611334
7,effnet_orig,6,faithfulness,-0.02059277892112732
7,effnet_orig,6,robustness,1446.330322265625
7,effnet_orig,6,complexity,0.6464649502638351
7,effnet_orig,7,faithfulness,-0.21648693084716797
7,effnet_orig,7,robustness,95.26235961914062
7,effnet_orig,7,complexity,0.603652663996326
7,effnet_orig,8,faithfulness,0.2090654820203781
7,effnet_orig,8,robustness,345.44189453125
7,effnet_orig,8,complexity,0.5839833377245056
7,effnet_orig,9,faithfulness,0.21265453100204468
7,effnet_orig,9,robustness,7.316905975341797
7,effnet_orig,9,complexity,0.6095907035163037
7,effnet_orig,10,faithfulness,-0.1402614414691925
7,effnet_orig,10,robustness,39.817298889160156
7,effnet_orig,10,complexity,0.6205079780614843
7,effnet_orig,11,faithfulness,0.289082795381546
7,effnet_orig,11,robustness,27.8140926361084
7,effnet_orig,11,complexity,0.5466632381667736
7,effnet_orig,12,faithfulness,-0.20401492714881897
7,effnet_orig,12,robustness,14.924367904663086
7,effnet_orig,12,complexity,0.6049330817582894
7,effnet_orig,13,faithfulness,0.026352301239967346
7,effnet_orig,13,robustness,808.9454345703125
7,effnet_orig,13,complexity,0.589149026542372
7,effnet_orig,14,faithfulness,-0.10734823346138
7,effnet_orig,14,robustness,96.76240539550781
7,effnet_orig,14,complexity,0.6218026216911609
7,effnet_orig,15,faithfulness,0.0459870919585228
7,effnet_orig,15,robustness,33.375274658203125
7,effnet_orig,15,complexity,0.6037216764094291
7,effnet_orig,16,faithfulness,0.2131211757659912
7,effnet_orig,16,robustness,1.0242587327957153
7,effnet_orig,16,complexity,0.561239879042901
7,effnet_orig,17,faithfulness,-0.13359281420707703
7,effnet_orig,17,robustness,18.624032974243164
7,effnet_orig,17,complexity,0.5584156414791317
7,effnet_orig,18,faithfulness,-0.10058526694774628
7,effnet_orig,18,robustness,16.04607391357422
7,effnet_orig,18,complexity,0.6560039933170339
7,effnet_orig,19,faithfulness,0.3062393069267273
7,effnet_orig,19,robustness,7.566046237945557
7,effnet_orig,19,complexity,0.6287714153063851
7,effnet_orig,20,faithfulness,-0.016270823776721954
7,effnet_orig,20,robustness,8.921196937561035
7,effnet_orig,20,complexity,0.6057985350619367
7,effnet_orig,21,faithfulness,-0.1899203360080719
7,effnet_orig,21,robustness,1980.3446044921875
7,effnet_orig,21,complexity,0.5982224670685429
7,effnet_orig,22,faithfulness,-0.21594282984733582
7,effnet_orig,22,robustness,7.3177490234375
7,effnet_orig,22,complexity,0.5830187210230457
7,effnet_orig,23,faithfulness,0.2809165120124817
7,effnet_orig,23,robustness,767.2721557617188
7,effnet_orig,23,complexity,0.671829725531749
7,effnet_orig,24,faithfulness,-0.03975957632064819
7,effnet_orig,24,robustness,1675.0079345703125
7,effnet_orig,24,complexity,0.5557532861146873
7,effnet_orig,25,faithfulness,0.4148065447807312
7,effnet_orig,25,robustness,23.183534622192383
7,effnet_orig,25,complexity,0.6057415611089633
7,effnet_orig,26,faithfulness,-0.20987999439239502
7,effnet_orig,26,robustness,2.2256181240081787
7,effnet_orig,26,complexity,0.5368283790240752
7,effnet_orig,27,faithfulness,0.30196326971054077
7,effnet_orig,27,robustness,93.5749740600586
7,effnet_orig,27,complexity,0.5612019805349886
7,effnet_orig,28,faithfulness,-0.05706978589296341
7,effnet_orig,28,robustness,64.3033676147461
7,effnet_orig,28,complexity,0.6199972745780331
7,effnet_orig,29,faithfulness,0.26076969504356384
7,effnet_orig,29,robustness,10.335428237915039
7,effnet_orig,29,complexity,0.5865223996911638
7,effnet_orig,30,faithfulness,0.23448386788368225
7,effnet_orig,30,robustness,2137.097412109375
7,effnet_orig,30,complexity,0.6037906353253324
7,effnet_orig,31,faithfulness,0.4685077667236328
7,effnet_orig,31,robustness,1229.852294921875
7,effnet_orig,31,complexity,0.5961054325020749
7,effnet_orig,32,faithfulness,-0.22871005535125732
7,effnet_orig,32,robustness,128.63560485839844
7,effnet_orig,32,complexity,0.5804924783286989
7,effnet_orig,33,faithfulness,0.015182264149188995
7,effnet_orig,33,robustness,19.910905838012695
7,effnet_orig,33,complexity,0.5418849225833423
7,effnet_orig,34,faithfulness,0.14818628132343292
7,effnet_orig,34,robustness,12.600980758666992
7,effnet_orig,34,complexity,0.6339934287695882
7,effnet_orig,35,faithfulness,0.13221342861652374
7,effnet_orig,35,robustness,578.5317993164062
7,effnet_orig,35,complexity,0.5766199487550187
7,effnet_orig,36,faithfulness,0.0950697511434555
7,effnet_orig,36,robustness,89.36747741699219
7,effnet_orig,36,complexity,0.5824588911518148
7,effnet_orig,37,faithfulness,0.4697437882423401
7,effnet_orig,37,robustness,109.0017318725586
7,effnet_orig,37,complexity,0.614692318354554
7,effnet_orig,38,faithfulness,0.07433231920003891
7,effnet_orig,38,robustness,8.8189058303833
7,effnet_orig,38,complexity,0.5652554642381694
7,effnet_orig,39,faithfulness,-0.019964806735515594
7,effnet_orig,39,robustness,1.1447802782058716
7,effnet_orig,39,complexity,0.5738120963501624
7,effnet_orig,40,faithfulness,0.05439727380871773
7,effnet_orig,40,robustness,17.24420738220215
7,effnet_orig,40,complexity,0.5875054614264196
7,effnet_orig,41,faithfulness,0.005015969276428223
7,effnet_orig,41,robustness,198.66867065429688
7,effnet_orig,41,complexity,0.5955621467887696
7,effnet_orig,42,faithfulness,0.3162020444869995
7,effnet_orig,42,robustness,198.19728088378906
7,effnet_orig,42,complexity,0.5761871824743814
7,effnet_orig,43,faithfulness,0.1641559600830078
7,effnet_orig,43,robustness,43.632320404052734
7,effnet_orig,43,complexity,0.589679772476846
7,effnet_orig,44,faithfulness,0.2776068150997162
7,effnet_orig,44,robustness,254.50747680664062
7,effnet_orig,44,complexity,0.5886828646470422
7,effnet_orig,45,faithfulness,0.17313112318515778
7,effnet_orig,45,robustness,62.52909469604492
7,effnet_orig,45,complexity,0.5847605808421656
7,effnet_recplot,0,faithfulness,-0.032827723771333694
7,effnet_recplot,0,robustness,2063.06396484375
7,effnet_recplot,0,complexity,0.6564040561580541
7,effnet_recplot,1,faithfulness,-0.22802728414535522
7,effnet_recplot,1,robustness,1986.410400390625
7,effnet_recplot,1,complexity,0.6127843212198117
7,effnet_recplot,2,faithfulness,-0.20293539762496948
7,effnet_recplot,2,robustness,72.22274780273438
7,effnet_recplot,2,complexity,0.5971829775502403
7,effnet_recplot,3,faithfulness,-0.10014158487319946
7,effnet_recplot,3,robustness,4383.755859375
7,effnet_recplot,3,complexity,0.5942858508393712
7,effnet_recplot,4,faithfulness,-0.2635106146335602
7,effnet_recplot,4,robustness,1.0078672170639038
7,effnet_recplot,4,complexity,0.6374991939240554
7,effnet_recplot,5,faithfulness,0.16835615038871765
7,effnet_recplot,5,robustness,20.705955505371094
7,effnet_recplot,5,complexity,0.6047045782965175
7,effnet_recplot,6,faithfulness,0.10466744005680084
7,effnet_recplot,6,robustness,4.384524345397949
7,effnet_recplot,6,complexity,0.6527720113368324
7,effnet_recplot,7,faithfulness,0.13436943292617798
7,effnet_recplot,7,robustness,101.3624038696289
7,effnet_recplot,7,complexity,0.6222658562724908
7,effnet_recplot,8,faithfulness,-0.017773013561964035
7,effnet_recplot,8,robustness,16.542076110839844
7,effnet_recplot,8,complexity,0.6800529210996155
7,effnet_recplot,9,faithfulness,0.01694658398628235
7,effnet_recplot,9,robustness,15.19970417022705
7,effnet_recplot,9,complexity,0.5967463492834642
7,effnet_recplot,10,faithfulness,-0.016933277249336243
7,effnet_recplot,10,robustness,63.7939567565918
7,effnet_recplot,10,complexity,0.60950240891983
7,effnet_recplot,11,faithfulness,0.028048064559698105
7,effnet_recplot,11,robustness,224.53204345703125
7,effnet_recplot,11,complexity,0.5583762006053581
7,effnet_recplot,12,faithfulness,0.06531213968992233
7,effnet_recplot,12,robustness,39.85805892944336
7,effnet_recplot,12,complexity,0.6141356967081087
7,effnet_recplot,13,faithfulness,-0.017256760969758034
7,effnet_recplot,13,robustness,181.86386108398438
7,effnet_recplot,13,complexity,0.6334616449105253
7,effnet_recplot,14,faithfulness,0.15638718008995056
7,effnet_recplot,14,robustness,378.00665283203125
7,effnet_recplot,14,complexity,0.6222277457098505
7,effnet_recplot,15,faithfulness,0.24620036780834198
7,effnet_recplot,15,robustness,7.204989910125732
7,effnet_recplot,15,complexity,0.6417643168249072
7,effnet_recplot,16,faithfulness,-0.12315894663333893
7,effnet_recplot,16,robustness,53.736690521240234
7,effnet_recplot,16,complexity,0.6336492678167098
7,effnet_recplot,17,faithfulness,-0.19373655319213867
7,effnet_recplot,17,robustness,496.07342529296875
7,effnet_recplot,17,complexity,0.6071403478460972
7,effnet_recplot,18,faithfulness,-0.4650343656539917
7,effnet_recplot,18,robustness,733.1648559570312
7,effnet_recplot,18,complexity,0.6213359280866109
7,effnet_recplot,19,faithfulness,0.09320365637540817
7,effnet_recplot,19,robustness,31.27337646484375
7,effnet_recplot,19,complexity,0.6715092915827581
7,effnet_recplot,20,faithfulness,0.04931056872010231
7,effnet_recplot,20,robustness,326.4226989746094
7,effnet_recplot,20,complexity,0.6267674364461597
7,effnet_recplot,21,faithfulness,0.02005176618695259
7,effnet_recplot,21,robustness,5.622907638549805
7,effnet_recplot,21,complexity,0.6542529853082114
7,effnet_recplot,22,faithfulness,-0.15027417242527008
7,effnet_recplot,22,robustness,68.21112823486328
7,effnet_recplot,22,complexity,0.5892762005825484
7,effnet_recplot,23,faithfulness,-0.02126593142747879
7,effnet_recplot,23,robustness,225.17434692382812
7,effnet_recplot,23,complexity,0.6157923512059666
7,effnet_recplot,24,faithfulness,-0.015591815114021301
7,effnet_recplot,24,robustness,30.322235107421875
7,effnet_recplot,24,complexity,0.6590035546756728
7,effnet_recplot,25,faithfulness,0.052993036806583405
7,effnet_recplot,25,robustness,17.43681526184082
7,effnet_recplot,25,complexity,0.5957466889389614
7,effnet_recplot,26,faithfulness,0.26416340470314026
7,effnet_recplot,26,robustness,38.40122985839844
7,effnet_recplot,26,complexity,0.6070142389698748
7,effnet_recplot,27,faithfulness,-0.031488604843616486
7,effnet_recplot,27,robustness,102.09027099609375
7,effnet_recplot,27,complexity,0.6187422156856996
7,effnet_recplot,28,faithfulness,-0.2976025342941284
7,effnet_recplot,28,robustness,1713.0267333984375
7,effnet_recplot,28,complexity,0.5846032732345691
7,effnet_recplot,29,faithfulness,-0.017790958285331726
7,effnet_recplot,29,robustness,1.0263665914535522
7,effnet_recplot,29,complexity,0.5696804104208399
7,effnet_recplot,30,faithfulness,0.08793354779481888
7,effnet_recplot,30,robustness,5.670218467712402
7,effnet_recplot,30,complexity,0.6166501827619792
7,effnet_recplot,31,faithfulness,0.011602610349655151
7,effnet_recplot,31,robustness,13.24452018737793
7,effnet_recplot,31,complexity,0.5844158538373838
7,effnet_recplot,32,faithfulness,-0.2863653302192688
7,effnet_recplot,32,robustness,5.8670172691345215
7,effnet_recplot,32,complexity,0.611145770592468
7,effnet_recplot,33,faithfulness,-0.17122882604599
7,effnet_recplot,33,robustness,36.819671630859375
7,effnet_recplot,33,complexity,0.6448981548302284
7,effnet_recplot,34,faithfulness,-0.23790982365608215
7,effnet_recplot,34,robustness,341.66290283203125
7,effnet_recplot,34,complexity,0.6368424218640729
7,effnet_recplot,35,faithfulness,-0.36863571405410767
7,effnet_recplot,35,robustness,27.675443649291992
7,effnet_recplot,35,complexity,0.6027288269003294
7,effnet_recplot,36,faithfulness,-0.11118803918361664
7,effnet_recplot,36,robustness,35.520263671875
7,effnet_recplot,36,complexity,0.6151323353370504
7,effnet_recplot,37,faithfulness,-0.11573393642902374
7,effnet_recplot,37,robustness,160.4622802734375
7,effnet_recplot,37,complexity,0.6477537062052341
7,effnet_recplot,38,faithfulness,-0.04472261294722557
7,effnet_recplot,38,robustness,43.662845611572266
7,effnet_recplot,38,complexity,0.6041017173493538
7,effnet_recplot,39,faithfulness,-0.08368613570928574
7,effnet_recplot,39,robustness,1.0004642009735107
7,effnet_recplot,39,complexity,0.669287696655019
7,effnet_recplot,40,faithfulness,-0.06812157481908798
7,effnet_recplot,40,robustness,55.38578796386719
7,effnet_recplot,40,complexity,0.6052262147984403
7,effnet_recplot,41,faithfulness,0.01918913424015045
7,effnet_recplot,41,robustness,1.5486459732055664
7,effnet_recplot,41,complexity,0.6358050144560402
7,effnet_recplot,42,faithfulness,-0.13516494631767273
7,effnet_recplot,42,robustness,11.30647087097168
7,effnet_recplot,42,complexity,0.6207470445421234
7,effnet_recplot,43,faithfulness,-0.07615377008914948
7,effnet_recplot,43,robustness,1.4018105268478394
7,effnet_recplot,43,complexity,0.6342934753410124
7,effnet_recplot,44,faithfulness,0.02209019660949707
7,effnet_recplot,44,robustness,653.50927734375
7,effnet_recplot,44,complexity,0.6135732162570606
7,effnet_recplot,45,faithfulness,-0.20644350349903107
7,effnet_recplot,45,robustness,29.48685646057129
7,effnet_recplot,45,complexity,0.6165191845910655
12,mobilenet_orig,0,faithfulness,-0.040154680609703064
12,mobilenet_orig,0,robustness,1.2146708965301514
12,mobilenet_orig,0,complexity,0.6364712048340327
12,mobilenet_orig,1,faithfulness,0.1054057776927948
12,mobilenet_orig,1,robustness,1.1321500539779663
12,mobilenet_orig,1,complexity,0.6261188072455092
12,mobilenet_orig,2,faithfulness,-0.07304318994283676
12,mobilenet_orig,2,robustness,1.3713215589523315
12,mobilenet_orig,2,complexity,0.6446556248336364
12,mobilenet_orig,3,faithfulness,-0.16028648614883423
12,mobilenet_orig,3,robustness,1.8377324342727661
12,mobilenet_orig,3,complexity,0.6373907481781678
12,mobilenet_orig,4,faithfulness,-0.006435275077819824
12,mobilenet_orig,4,robustness,2.073071241378784
12,mobilenet_orig,4,complexity,0.6388060297251641
12,mobilenet_orig,5,faithfulness,0.017264466732740402
12,mobilenet_orig,5,robustness,1.3744605779647827
12,mobilenet_orig,5,complexity,0.6531748139883569
12,mobilenet_orig,6,faithfulness,0.2925984263420105
12,mobilenet_orig,6,robustness,1.5332839488983154
12,mobilenet_orig,6,complexity,0.6403767612651857
12,mobilenet_orig,7,faithfulness,0.08787350356578827
12,mobilenet_orig,7,robustness,1.2174460887908936
12,mobilenet_orig,7,complexity,0.6517900327142104
12,mobilenet_orig,8,faithfulness,-0.18626879155635834
12,mobilenet_orig,8,robustness,1.2834213972091675
12,mobilenet_orig,8,complexity,0.627608001175011
12,mobilenet_orig,9,faithfulness,-0.1549181491136551
12,mobilenet_orig,9,robustness,1.6117582321166992
12,mobilenet_orig,9,complexity,0.6283409002161336
12,mobilenet_orig,10,faithfulness,-0.18479900062084198
12,mobilenet_orig,10,robustness,1.2763267755508423
12,mobilenet_orig,10,complexity,0.6607583585123921
12,mobilenet_orig,11,faithfulness,-0.02084881067276001
12,mobilenet_orig,11,robustness,1.0969980955123901
12,mobilenet_orig,11,complexity,0.6389932049616398
12,mobilenet_orig,12,faithfulness,-0.37169161438941956
12,mobilenet_orig,12,robustness,1.4461084604263306
12,mobilenet_orig,12,complexity,0.6299047301919324
12,mobilenet_orig,13,faithfulness,0.0270184725522995
12,mobilenet_orig,13,robustness,1.354485034942627
12,mobilenet_orig,13,complexity,0.6348192258832313
12,mobilenet_orig,14,faithfulness,0.011480029672384262
12,mobilenet_orig,14,robustness,1.5970579385757446
12,mobilenet_orig,14,complexity,0.5928479074554316
12,mobilenet_orig,15,faithfulness,-0.03833441436290741
12,mobilenet_orig,15,robustness,1.6917656660079956
12,mobilenet_orig,15,complexity,0.6386409023129237
12,mobilenet_orig,16,faithfulness,0.24143221974372864
12,mobilenet_orig,16,robustness,1.5289028882980347
12,mobilenet_orig,16,complexity,0.6366846326428601
12,mobilenet_orig,17,faithfulness,0.15105444192886353
12,mobilenet_orig,17,robustness,1.748763084411621
12,mobilenet_orig,17,complexity,0.6201761645519881
12,mobilenet_orig,18,faithfulness,0.3797174096107483
12,mobilenet_orig,18,robustness,1.6013760566711426
12,mobilenet_orig,18,complexity,0.6266477235494552
12,mobilenet_orig,19,faithfulness,-0.04576233774423599
12,mobilenet_orig,19,robustness,1.2555299997329712
12,mobilenet_orig,19,complexity,0.6516385151031163
12,mobilenet_orig,20,faithfulness,0.16751983761787415
12,mobilenet_orig,20,robustness,1.7856862545013428
12,mobilenet_orig,20,complexity,0.6371007355666045
12,mobilenet_orig,21,faithfulness,-0.18710918724536896
12,mobilenet_orig,21,robustness,2.058619737625122
12,mobilenet_orig,21,complexity,0.6296208425416603
12,mobilenet_orig,22,faithfulness,-0.10665921866893768
12,mobilenet_orig,22,robustness,1.0848644971847534
12,mobilenet_orig,22,complexity,0.6560896613703383
12,mobilenet_orig,23,faithfulness,-0.09273023903369904
12,mobilenet_orig,23,robustness,1.4584870338439941
12,mobilenet_orig,23,complexity,0.6284443039640287
12,mobilenet_orig,24,faithfulness,0.17330311238765717
12,mobilenet_orig,24,robustness,1.270148515701294
12,mobilenet_orig,24,complexity,0.6117635531930524
12,mobilenet_orig,25,faithfulness,0.14174990355968475
12,mobilenet_orig,25,robustness,1.6200007200241089
12,mobilenet_orig,25,complexity,0.6310202158389437
12,mobilenet_orig,26,faithfulness,0.26007193326950073
12,mobilenet_orig,26,robustness,1.0346213579177856
12,mobilenet_orig,26,complexity,0.6211775218153317
12,mobilenet_orig,27,faithfulness,-0.3484826982021332
12,mobilenet_orig,27,robustness,1.283437967300415
12,mobilenet_orig,27,complexity,0.6222757404951486
12,mobilenet_orig,28,faithfulness,-0.01269201934337616
12,mobilenet_orig,28,robustness,1.4287794828414917
12,mobilenet_orig,28,complexity,0.6301322627250479
12,mobilenet_orig,29,faithfulness,-0.1610732078552246
12,mobilenet_orig,29,robustness,1.4368798732757568
12,mobilenet_orig,29,complexity,0.6363766370795773
12,mobilenet_orig,30,faithfulness,0.026801705360412598
12,mobilenet_orig,30,robustness,1.3030229806900024
12,mobilenet_orig,30,complexity,0.6358788050772328
12,mobilenet_orig,31,faithfulness,-0.251688688993454
12,mobilenet_orig,31,robustness,1.5537254810333252
12,mobilenet_orig,31,complexity,0.6393918487729433
12,mobilenet_orig,32,faithfulness,0.30737149715423584
12,mobilenet_orig,32,robustness,1.2778433561325073
12,mobilenet_orig,32,complexity,0.6339008707304323
12,mobilenet_orig,33,faithfulness,-0.006978258490562439
12,mobilenet_orig,33,robustness,1.0976454019546509
12,mobilenet_orig,33,complexity,0.6180283967357393
12,mobilenet_orig,34,faithfulness,-0.09942217171192169
12,mobilenet_orig,34,robustness,1.2247254848480225
12,mobilenet_orig,34,complexity,0.601447884299722
12,mobilenet_orig,35,faithfulness,-0.018326885998249054
12,mobilenet_orig,35,robustness,1.5169329643249512
12,mobilenet_orig,35,complexity,0.6216263456181382
12,mobilenet_orig,36,faithfulness,-0.08658614009618759
12,mobilenet_orig,36,robustness,1.362270474433899
12,mobilenet_orig,36,complexity,0.6131180447880055
12,mobilenet_orig,37,faithfulness,-0.08239626884460449
12,mobilenet_orig,37,robustness,1.4805781841278076
12,mobilenet_orig,37,complexity,0.6578625076362017
12,mobilenet_orig,38,faithfulness,0.014465110376477242
12,mobilenet_orig,38,robustness,1.3677641153335571
12,mobilenet_orig,38,complexity,0.6494437762293506
12,mobilenet_orig,39,faithfulness,0.1713143289089203
12,mobilenet_orig,39,robustness,1.2012523412704468
12,mobilenet_orig,39,complexity,0.6376142475343447
12,mobilenet_orig,40,faithfulness,-0.10741947591304779
12,mobilenet_orig,40,robustness,1.1595181226730347
12,mobilenet_orig,40,complexity,0.6276525962624202
12,mobilenet_orig,41,faithfulness,-0.36522021889686584
12,mobilenet_orig,41,robustness,1.5675163269042969
12,mobilenet_orig,41,complexity,0.6131693472142203
12,mobilenet_orig,42,faithfulness,0.08780679851770401
12,mobilenet_orig,42,robustness,1.6383191347122192
12,mobilenet_orig,42,complexity,0.604750795407627
12,mobilenet_orig,43,faithfulness,0.17490297555923462
12,mobilenet_orig,43,robustness,1.5895992517471313
12,mobilenet_orig,43,complexity,0.6094066307630192
12,mobilenet_orig,44,faithfulness,0.47755932807922363
12,mobilenet_orig,44,robustness,1.41984224319458
12,mobilenet_orig,44,complexity,0.60576231100582
12,mobilenet_orig,45,faithfulness,0.04692094773054123
12,mobilenet_orig,45,robustness,1.6453171968460083
12,mobilenet_orig,45,complexity,0.633486160323231
12,mobilenet_recplot,0,faithfulness,-0.44719237089157104
12,mobilenet_recplot,0,robustness,1.8191827535629272
12,mobilenet_recplot,0,complexity,0.6199661267052557
12,mobilenet_recplot,1,faithfulness,0.015980854630470276
12,mobilenet_recplot,1,robustness,1.378079891204834
12,mobilenet_recplot,1,complexity,0.6245235854206347
12,mobilenet_recplot,2,faithfulness,-0.14437690377235413
12,mobilenet_recplot,2,robustness,1.3710761070251465
12,mobilenet_recplot,2,complexity,0.6398975926277287
12,mobilenet_recplot,3,faithfulness,0.061390966176986694
12,mobilenet_recplot,3,robustness,1.4323080778121948
12,mobilenet_recplot,3,complexity,0.6423485407803562
12,mobilenet_recplot,4,faithfulness,0.21789906919002533
12,mobilenet_recplot,4,robustness,1.175241231918335
12,mobilenet_recplot,4,complexity,0.6234523507020799
12,mobilenet_recplot,5,faithfulness,0.06484584510326385
12,mobilenet_recplot,5,robustness,1.8148603439331055
12,mobilenet_recplot,5,complexity,0.6364223492474491
12,mobilenet_recplot,6,faithfulness,-0.03817303478717804
12,mobilenet_recplot,6,robustness,1.2386945486068726
12,mobilenet_recplot,6,complexity,0.6349419826368099
12,mobilenet_recplot,7,faithfulness,-0.16249938309192657
12,mobilenet_recplot,7,robustness,1.2599445581436157
12,mobilenet_recplot,7,complexity,0.6186984050567866
12,mobilenet_recplot,8,faithfulness,0.44493916630744934
12,mobilenet_recplot,8,robustness,1.2947369813919067
12,mobilenet_recplot,8,complexity,0.6470301429533516
12,mobilenet_recplot,9,faithfulness,-0.03766220435500145
12,mobilenet_recplot,9,robustness,1.3615354299545288
12,mobilenet_recplot,9,complexity,0.6412293025102038
12,mobilenet_recplot,10,faithfulness,-0.33637818694114685
12,mobilenet_recplot,10,robustness,1.9551053047180176
12,mobilenet_recplot,10,complexity,0.6341674847505966
12,mobilenet_recplot,11,faithfulness,0.11917813867330551
12,mobilenet_recplot,11,robustness,1.3359897136688232
12,mobilenet_recplot,11,complexity,0.5947154123845948
12,mobilenet_recplot,12,faithfulness,-0.12577447295188904
12,mobilenet_recplot,12,robustness,1.3349881172180176
12,mobilenet_recplot,12,complexity,0.6073523005033341
12,mobilenet_recplot,13,faithfulness,0.2899448871612549
12,mobilenet_recplot,13,robustness,1.5160406827926636
12,mobilenet_recplot,13,complexity,0.6431240123439165
12,mobilenet_recplot,14,faithfulness,-0.053989265114068985
12,mobilenet_recplot,14,robustness,1.486593246459961
12,mobilenet_recplot,14,complexity,0.6094935111372931
12,mobilenet_recplot,15,faithfulness,0.31176167726516724
12,mobilenet_recplot,15,robustness,1.573616862297058
12,mobilenet_recplot,15,complexity,0.6534363023540307
12,mobilenet_recplot,16,faithfulness,-0.0035987570881843567
12,mobilenet_recplot,16,robustness,1.2937051057815552
12,mobilenet_recplot,16,complexity,0.6435356541172134
12,mobilenet_recplot,17,faithfulness,-0.18209046125411987
12,mobilenet_recplot,17,robustness,1.4322843551635742
12,mobilenet_recplot,17,complexity,0.6130268941737971
12,mobilenet_recplot,18,faithfulness,0.03482331335544586
12,mobilenet_recplot,18,robustness,1.533516764640808
12,mobilenet_recplot,18,complexity,0.6227027173393159
12,mobilenet_recplot,19,faithfulness,0.1087280735373497
12,mobilenet_recplot,19,robustness,2.206023693084717
12,mobilenet_recplot,19,complexity,0.6297864058328122
12,mobilenet_recplot,20,faithfulness,-0.34487831592559814
12,mobilenet_recplot,20,robustness,1.5294387340545654
12,mobilenet_recplot,20,complexity,0.6376437815291812
12,mobilenet_recplot,21,faithfulness,0.11695960909128189
12,mobilenet_recplot,21,robustness,1.4206347465515137
12,mobilenet_recplot,21,complexity,0.6321277513743554
12,mobilenet_recplot,22,faithfulness,-0.23788806796073914
12,mobilenet_recplot,22,robustness,1.1452652215957642
12,mobilenet_recplot,22,complexity,0.6577268549829653
12,mobilenet_recplot,23,faithfulness,0.14557433128356934
12,mobilenet_recplot,23,robustness,1.613518238067627
12,mobilenet_recplot,23,complexity,0.64103634603677
12,mobilenet_recplot,24,faithfulness,0.1480628252029419
12,mobilenet_recplot,24,robustness,1.5420928001403809
12,mobilenet_recplot,24,complexity,0.6408619940242406
12,mobilenet_recplot,25,faithfulness,0.16896089911460876
12,mobilenet_recplot,25,robustness,1.377271056175232
12,mobilenet_recplot,25,complexity,0.6027598491009519
12,mobilenet_recplot,26,faithfulness,-0.08826976269483566
12,mobilenet_recplot,26,robustness,1.5302767753601074
12,mobilenet_recplot,26,complexity,0.6540657594979075
12,mobilenet_recplot,27,faithfulness,-0.2025170624256134
12,mobilenet_recplot,27,robustness,1.3466825485229492
12,mobilenet_recplot,27,complexity,0.6250708708222538
12,mobilenet_recplot,28,faithfulness,-0.012607485055923462
12,mobilenet_recplot,28,robustness,2.0180881023406982
12,mobilenet_recplot,28,complexity,0.6169244044584719
12,mobilenet_recplot,29,faithfulness,0.08847307413816452
12,mobilenet_recplot,29,robustness,2.8481264114379883
12,mobilenet_recplot,29,complexity,0.6231404275386002
12,mobilenet_recplot,30,faithfulness,-0.1435006856918335
12,mobilenet_recplot,30,robustness,2.3212361335754395
12,mobilenet_recplot,30,complexity,0.6104356144176727
12,mobilenet_recplot,31,faithfulness,-0.2837375998497009
12,mobilenet_recplot,31,robustness,1.281045913696289
12,mobilenet_recplot,31,complexity,0.5732440717528503
12,mobilenet_recplot,32,faithfulness,-0.12147778272628784
12,mobilenet_recplot,32,robustness,1.2031152248382568
12,mobilenet_recplot,32,complexity,0.596767834908186
12,mobilenet_recplot,33,faithfulness,-0.22827313840389252
12,mobilenet_recplot,33,robustness,1.4251279830932617
12,mobilenet_recplot,33,complexity,0.6989168381848602
12,mobilenet_recplot,34,faithfulness,-0.0090179443359375
12,mobilenet_recplot,34,robustness,1.306589961051941
12,mobilenet_recplot,34,complexity,0.603090485557727
12,mobilenet_recplot,35,faithfulness,-0.002176184207201004
12,mobilenet_recplot,35,robustness,1.3006930351257324
12,mobilenet_recplot,35,complexity,0.5982200371556806
12,mobilenet_recplot,36,faithfulness,-0.05488147959113121
12,mobilenet_recplot,36,robustness,2.315284490585327
12,mobilenet_recplot,36,complexity,0.6226537221904204
12,mobilenet_recplot,37,faithfulness,-0.13483455777168274
12,mobilenet_recplot,37,robustness,1.479327917098999
12,mobilenet_recplot,37,complexity,0.6345641016794272
12,mobilenet_recplot,38,faithfulness,-0.22239910066127777
12,mobilenet_recplot,38,robustness,1.379615306854248
12,mobilenet_recplot,38,complexity,0.6358147712397454
12,mobilenet_recplot,39,faithfulness,0.2943534553050995
12,mobilenet_recplot,39,robustness,1.3696280717849731
12,mobilenet_recplot,39,complexity,0.641855262659423
12,mobilenet_recplot,40,faithfulness,-0.09194262325763702
12,mobilenet_recplot,40,robustness,1.4508198499679565
12,mobilenet_recplot,40,complexity,0.6249004367483273
12,mobilenet_recplot,41,faithfulness,0.1497039496898651
12,mobilenet_recplot,41,robustness,1.2513437271118164
12,mobilenet_recplot,41,complexity,0.6077569894733377
12,mobilenet_recplot,42,faithfulness,-0.19370020925998688
12,mobilenet_recplot,42,robustness,1.373252034187317
12,mobilenet_recplot,42,complexity,0.6152248587828875
12,mobilenet_recplot,43,faithfulness,0.23333200812339783
12,mobilenet_recplot,43,robustness,1.5715585947036743
12,mobilenet_recplot,43,complexity,0.6401658148468413
12,mobilenet_recplot,44,faithfulness,0.049394261091947556
12,mobilenet_recplot,44,robustness,1.1867642402648926
12,mobilenet_recplot,44,complexity,0.6543804142307679
12,mobilenet_recplot,45,faithfulness,0.2097761631011963
12,mobilenet_recplot,45,robustness,1.2802971601486206
12,mobilenet_recplot,45,complexity,0.6167527091524067
12,effnet_orig,0,faithfulness,0.12905371189117432
12,effnet_orig,0,robustness,20.862817764282227
12,effnet_orig,0,complexity,0.6398691885681924
12,effnet_orig,1,faithfulness,0.2937287986278534
12,effnet_orig,1,robustness,6.942315101623535
12,effnet_orig,1,complexity,0.6022913288001385
12,effnet_orig,2,faithfulness,0.38622814416885376
12,effnet_orig,2,robustness,1.3497694730758667
12,effnet_orig,2,complexity,0.6378890265489665
12,effnet_orig,3,faithfulness,-0.11794576048851013
12,effnet_orig,3,robustness,6.45973014831543
12,effnet_orig,3,complexity,0.6040135096351577
12,effnet_orig,4,faithfulness,0.024455711245536804
12,effnet_orig,4,robustness,9.057976722717285
12,effnet_orig,4,complexity,0.6234240679877718
12,effnet_orig,5,faithfulness,0.12221246212720871
12,effnet_orig,5,robustness,6.277924060821533
12,effnet_orig,5,complexity,0.6121381753484169
12,effnet_orig,6,faithfulness,-0.11065836250782013
12,effnet_orig,6,robustness,1.9301930665969849
12,effnet_orig,6,complexity,0.635494249558944
12,effnet_orig,7,faithfulness,0.30109909176826477
12,effnet_orig,7,robustness,1.6541413068771362
12,effnet_orig,7,complexity,0.5928829224006958
12,effnet_orig,8,faithfulness,0.21118009090423584
12,effnet_orig,8,robustness,6.93925666809082
12,effnet_orig,8,complexity,0.5494498100122908
12,effnet_orig,9,faithfulness,0.12404975295066833
12,effnet_orig,9,robustness,2.5751399993896484
12,effnet_orig,9,complexity,0.6183163919268774
12,effnet_orig,10,faithfulness,0.29472336173057556
12,effnet_orig,10,robustness,35.26744079589844
12,effnet_orig,10,complexity,0.6531987900081138
12,effnet_orig,11,faithfulness,-0.10242141783237457
12,effnet_orig,11,robustness,1.5664623975753784
12,effnet_orig,11,complexity,0.6414944419269423
12,effnet_orig,12,faithfulness,0.32075610756874084
12,effnet_orig,12,robustness,1.3081872463226318
12,effnet_orig,12,complexity,0.617323570323184
12,effnet_orig,13,faithfulness,-0.26983657479286194
12,effnet_orig,13,robustness,1.045323371887207
12,effnet_orig,13,complexity,0.6316139308188438
12,effnet_orig,14,faithfulness,0.1919531524181366
12,effnet_orig,14,robustness,2.9323790073394775
12,effnet_orig,14,complexity,0.6071163609709549
12,effnet_orig,15,faithfulness,0.18008099496364594
12,effnet_orig,15,robustness,1.0742369890213013
12,effnet_orig,15,complexity,0.6102805261032761
12,effnet_orig,16,faithfulness,-0.20621991157531738
12,effnet_orig,16,robustness,87.68919372558594
12,effnet_orig,16,complexity,0.5921374660336924
12,effnet_orig,17,faithfulness,0.12149013578891754
12,effnet_orig,17,robustness,1.3144443035125732
12,effnet_orig,17,complexity,0.6394733293786081
12,effnet_orig,18,faithfulness,-0.27290794253349304
12,effnet_orig,18,robustness,12.560389518737793
12,effnet_orig,18,complexity,0.640650773663665
12,effnet_orig,19,faithfulness,0.0741017609834671
12,effnet_orig,19,robustness,1.6239908933639526
12,effnet_orig,19,complexity,0.5960781563499952
12,effnet_orig,20,faithfulness,-0.10473214089870453
12,effnet_orig,20,robustness,27.80303382873535
12,effnet_orig,20,complexity,0.6132033489612191
12,effnet_orig,21,faithfulness,0.2781178057193756
12,effnet_orig,21,robustness,1.925220251083374
12,effnet_orig,21,complexity,0.6316728797997824
12,effnet_orig,22,faithfulness,0.20998671650886536
12,effnet_orig,22,robustness,11.602787017822266
12,effnet_orig,22,complexity,0.6111510513129911
12,effnet_orig,23,faithfulness,-0.24858048558235168
12,effnet_orig,23,robustness,9.885783195495605
12,effnet_orig,23,complexity,0.6072410505565387
12,effnet_orig,24,faithfulness,-0.11047837138175964
12,effnet_orig,24,robustness,238.19509887695312
12,effnet_orig,24,complexity,0.5835508160341903
12,effnet_orig,25,faithfulness,0.16551876068115234
12,effnet_orig,25,robustness,1.2925653457641602
12,effnet_orig,25,complexity,0.5815885322906076
12,effnet_orig,26,faithfulness,-0.22589042782783508
12,effnet_orig,26,robustness,8.380289077758789
12,effnet_orig,26,complexity,0.5422288360714119
12,effnet_orig,27,faithfulness,-0.049981411546468735
12,effnet_orig,27,robustness,13.89132308959961
12,effnet_orig,27,complexity,0.5757960795562502
12,effnet_orig,28,faithfulness,-0.14250168204307556
12,effnet_orig,28,robustness,23.40081024169922
12,effnet_orig,28,complexity,0.5454131582538682
12,effnet_orig,29,faithfulness,-0.024627909064292908
12,effnet_orig,29,robustness,2.141874313354492
12,effnet_orig,29,complexity,0.5982204174070407
12,effnet_orig,30,faithfulness,0.013547934591770172
12,effnet_orig,30,robustness,39.79897689819336
12,effnet_orig,30,complexity,0.6250791296677146
12,effnet_orig,31,faithfulness,0.1814517229795456
12,effnet_orig,31,robustness,2.514615058898926
12,effnet_orig,31,complexity,0.6015948735012654
12,effnet_orig,32,faithfulness,0.055654630064964294
12,effnet_orig,32,robustness,5.582519054412842
12,effnet_orig,32,complexity,0.6528851714839005
12,effnet_orig,33,faithfulness,0.09414511919021606
12,effnet_orig,33,robustness,1.0063761472702026
12,effnet_orig,33,complexity,0.5938733721609155
12,effnet_orig,34,faithfulness,0.21217405796051025
12,effnet_orig,34,robustness,1.0504376888275146
12,effnet_orig,34,complexity,0.5738938867187858
12,effnet_orig,35,faithfulness,0.2823942005634308
12,effnet_orig,35,robustness,8.168251991271973
12,effnet_orig,35,complexity,0.5806335974049862
12,effnet_orig,36,faithfulness,0.1521286964416504
12,effnet_orig,36,robustness,4.121081829071045
12,effnet_orig,36,complexity,0.5266025423552735
12,effnet_orig,37,faithfulness,0.3674321472644806
12,effnet_orig,37,robustness,26.859907150268555
12,effnet_orig,37,complexity,0.5749875646862236
12,effnet_orig,38,faithfulness,0.14680945873260498
12,effnet_orig,38,robustness,2.2570955753326416
12,effnet_orig,38,complexity,0.5995442480587752
12,effnet_orig,39,faithfulness,0.1453147828578949
12,effnet_orig,39,robustness,1.3843295574188232
12,effnet_orig,39,complexity,0.6012654086015785
12,effnet_orig,40,faithfulness,-0.3039776086807251
12,effnet_orig,40,robustness,1.7498196363449097
12,effnet_orig,40,complexity,0.6096073097860906
12,effnet_orig,41,faithfulness,-0.3100534975528717
12,effnet_orig,41,robustness,5.122828960418701
12,effnet_orig,41,complexity,0.591396461457318
12,effnet_orig,42,faithfulness,-0.019469663500785828
12,effnet_orig,42,robustness,1.3961180448532104
12,effnet_orig,42,complexity,0.5793718465670926
12,effnet_orig,43,faithfulness,-0.03572411090135574
12,effnet_orig,43,robustness,1.3051074743270874
12,effnet_orig,43,complexity,0.4942418279229436
12,effnet_orig,44,faithfulness,0.0327506959438324
12,effnet_orig,44,robustness,1.9394584894180298
12,effnet_orig,44,complexity,0.6047463330939781
12,effnet_orig,45,faithfulness,0.06461010128259659
12,effnet_orig,45,robustness,316.1916809082031
12,effnet_orig,45,complexity,0.5985410907721694
12,effnet_recplot,0,faithfulness,0.09115314483642578
12,effnet_recplot,0,robustness,52.9704475402832
12,effnet_recplot,0,complexity,0.6201039741216504
12,effnet_recplot,1,faithfulness,0.15610548853874207
12,effnet_recplot,1,robustness,17.369827270507812
12,effnet_recplot,1,complexity,0.6522434192827452
12,effnet_recplot,2,faithfulness,0.0018413811922073364
12,effnet_recplot,2,robustness,119.13232421875
12,effnet_recplot,2,complexity,0.6080193003283733
12,effnet_recplot,3,faithfulness,-0.1504228115081787
12,effnet_recplot,3,robustness,1.7647206783294678
12,effnet_recplot,3,complexity,0.6386506680119428
12,effnet_recplot,4,faithfulness,0.15197034180164337
12,effnet_recplot,4,robustness,9.746353149414062
12,effnet_recplot,4,complexity,0.6246382869290262
12,effnet_recplot,5,faithfulness,-0.10307503491640091
12,effnet_recplot,5,robustness,1.8304638862609863
12,effnet_recplot,5,complexity,0.6485193426338712
12,effnet_recplot,6,faithfulness,0.014616090804338455
12,effnet_recplot,6,robustness,121.17079162597656
12,effnet_recplot,6,complexity,0.6324564814252779
12,effnet_recplot,7,faithfulness,-0.24178437888622284
12,effnet_recplot,7,robustness,65.54212188720703
12,effnet_recplot,7,complexity,0.6098030840020691
12,effnet_recplot,8,faithfulness,-0.06467527896165848
12,effnet_recplot,8,robustness,10.155783653259277
12,effnet_recplot,8,complexity,0.5427996872577263
12,effnet_recplot,9,faithfulness,0.33903470635414124
12,effnet_recplot,9,robustness,21.251056671142578
12,effnet_recplot,9,complexity,0.6374180159668693
12,effnet_recplot,10,faithfulness,-0.091175876557827
12,effnet_recplot,10,robustness,10.953106880187988
12,effnet_recplot,10,complexity,0.630301221775448
12,effnet_recplot,11,faithfulness,-0.31036633253097534
12,effnet_recplot,11,robustness,1.0109037160873413
12,effnet_recplot,11,complexity,0.6117972509676753
12,effnet_recplot,12,faithfulness,-0.08063120394945145
12,effnet_recplot,12,robustness,326.349853515625
12,effnet_recplot,12,complexity,0.6176546703318103
12,effnet_recplot,13,faithfulness,-0.16773301362991333
12,effnet_recplot,13,robustness,27.296396255493164
12,effnet_recplot,13,complexity,0.6267755070431331
12,effnet_recplot,14,faithfulness,0.06033508852124214
12,effnet_recplot,14,robustness,1.0044621229171753
12,effnet_recplot,14,complexity,0.6209791459309932
12,effnet_recplot,15,faithfulness,-0.010599244385957718
12,effnet_recplot,15,robustness,12.715670585632324
12,effnet_recplot,15,complexity,0.6067421837410119
12,effnet_recplot,16,faithfulness,0.3140501379966736
12,effnet_recplot,16,robustness,1.0016050338745117
12,effnet_recplot,16,complexity,0.608662214388629
12,effnet_recplot,17,faithfulness,0.028783895075321198
12,effnet_recplot,17,robustness,27.894935607910156
12,effnet_recplot,17,complexity,0.6277890592446367
12,effnet_recplot,18,faithfulness,0.3917403221130371
12,effnet_recplot,18,robustness,2.4833950996398926
12,effnet_recplot,18,complexity,0.6578047728516195
12,effnet_recplot,19,faithfulness,-0.18404445052146912
12,effnet_recplot,19,robustness,4.12382698059082
12,effnet_recplot,19,complexity,0.6962746490355219
12,effnet_recplot,20,faithfulness,0.20533902943134308
12,effnet_recplot,20,robustness,17.623701095581055
12,effnet_recplot,20,complexity,0.6468365087778467
12,effnet_recplot,21,faithfulness,0.3442946970462799
12,effnet_recplot,21,robustness,294.41033935546875
12,effnet_recplot,21,complexity,0.643940564221833
12,effnet_recplot,22,faithfulness,-0.06530402600765228
12,effnet_recplot,22,robustness,4.44113826751709
12,effnet_recplot,22,complexity,0.5967857373132035
12,effnet_recplot,23,faithfulness,0.16689759492874146
12,effnet_recplot,23,robustness,4.032499313354492
12,effnet_recplot,23,complexity,0.6163554147865365
12,effnet_recplot,24,faithfulness,-0.15850302577018738
12,effnet_recplot,24,robustness,4.965427398681641
12,effnet_recplot,24,complexity,0.6006980743539267
12,effnet_recplot,25,faithfulness,-0.19131428003311157
12,effnet_recplot,25,robustness,2.808335781097412
12,effnet_recplot,25,complexity,0.6216683886847306
12,effnet_recplot,26,faithfulness,0.24720513820648193
12,effnet_recplot,26,robustness,39.7173957824707
12,effnet_recplot,26,complexity,0.6203437978622184
12,effnet_recplot,27,faithfulness,0.08940283209085464
12,effnet_recplot,27,robustness,1.514495611190796
12,effnet_recplot,27,complexity,0.6556435159121063
12,effnet_recplot,28,faithfulness,0.006985865533351898
12,effnet_recplot,28,robustness,33.999549865722656
12,effnet_recplot,28,complexity,0.588737437351521
12,effnet_recplot,29,faithfulness,-0.03615769371390343
12,effnet_recplot,29,robustness,54.682594299316406
12,effnet_recplot,29,complexity,0.5291741084384827
12,effnet_recplot,30,faithfulness,-0.0016422197222709656
12,effnet_recplot,30,robustness,2.3600144386291504
12,effnet_recplot,30,complexity,0.6828249454229839
12,effnet_recplot,31,faithfulness,-0.018684014678001404
12,effnet_recplot,31,robustness,27.276308059692383
12,effnet_recplot,31,complexity,0.561471042017217
12,effnet_recplot,32,faithfulness,0.09004867821931839
12,effnet_recplot,32,robustness,265.2136535644531
12,effnet_recplot,32,complexity,0.5724425275454348
12,effnet_recplot,33,faithfulness,-0.05361340194940567
12,effnet_recplot,33,robustness,658.4257202148438
12,effnet_recplot,33,complexity,0.615719200480412
12,effnet_recplot,34,faithfulness,-0.027797207236289978
12,effnet_recplot,34,robustness,6.391860485076904
12,effnet_recplot,34,complexity,0.5969876493056285
12,effnet_recplot,35,faithfulness,0.0016092658042907715
12,effnet_recplot,35,robustness,68.30651092529297
12,effnet_recplot,35,complexity,0.6705258291872108
12,effnet_recplot,36,faithfulness,-0.36275094747543335
12,effnet_recplot,36,robustness,1.48822021484375
12,effnet_recplot,36,complexity,0.6345234207187861
12,effnet_recplot,37,faithfulness,0.12265363335609436
12,effnet_recplot,37,robustness,2.6960983276367188
12,effnet_recplot,37,complexity,0.6587794944397555
12,effnet_recplot,38,faithfulness,0.11343468725681305
12,effnet_recplot,38,robustness,1.3776618242263794
12,effnet_recplot,38,complexity,0.6415078543100091
12,effnet_recplot,39,faithfulness,-0.08204418420791626
12,effnet_recplot,39,robustness,38.32395553588867
12,effnet_recplot,39,complexity,0.6389290480223385
12,effnet_recplot,40,faithfulness,-0.17609882354736328
12,effnet_recplot,40,robustness,24.600914001464844
12,effnet_recplot,40,complexity,0.5572712266781292
12,effnet_recplot,41,faithfulness,0.09027302265167236
12,effnet_recplot,41,robustness,21.23423957824707
12,effnet_recplot,41,complexity,0.5862045960559182
12,effnet_recplot,42,faithfulness,0.0762479156255722
12,effnet_recplot,42,robustness,5.784600257873535
12,effnet_recplot,42,complexity,0.6406698034263958
12,effnet_recplot,43,faithfulness,-0.04490968957543373
12,effnet_recplot,43,robustness,126.49019622802734
12,effnet_recplot,43,complexity,0.629369406325027
12,effnet_recplot,44,faithfulness,0.03715888410806656
12,effnet_recplot,44,robustness,1.314824104309082
12,effnet_recplot,44,complexity,0.5847423964374325
12,effnet_recplot,45,faithfulness,-0.02321634255349636
12,effnet_recplot,45,robustness,2.2634081840515137
12,effnet_recplot,45,complexity,0.6424654558761742
42,mobilenet_orig,0,faithfulness,0.1629757285118103
42,mobilenet_orig,0,robustness,2.0266575813293457
42,mobilenet_orig,0,complexity,0.6098983050470361
42,mobilenet_orig,1,faithfulness,-0.06788066029548645
42,mobilenet_orig,1,robustness,1.3785525560379028
42,mobilenet_orig,1,complexity,0.6482291501623713
42,mobilenet_orig,2,faithfulness,0.009166397154331207
42,mobilenet_orig,2,robustness,1.9927747249603271
42,mobilenet_orig,2,complexity,0.6267038232137833
42,mobilenet_orig,3,faithfulness,0.12233850359916687
42,mobilenet_orig,3,robustness,3.107172727584839
42,mobilenet_orig,3,complexity,0.6211304078095743
42,mobilenet_orig,4,faithfulness,-0.14165493845939636
42,mobilenet_orig,4,robustness,2.5031614303588867
42,mobilenet_orig,4,complexity,0.6569296806628143
42,mobilenet_orig,5,faithfulness,-0.16751256585121155
42,mobilenet_orig,5,robustness,2.462592124938965
42,mobilenet_orig,5,complexity,0.6537949358453334
42,mobilenet_orig,6,faithfulness,-0.10641176253557205
42,mobilenet_orig,6,robustness,1.813481092453003
42,mobilenet_orig,6,complexity,0.6548609092547524
42,mobilenet_orig,7,faithfulness,-0.24748146533966064
42,mobilenet_orig,7,robustness,1.3464492559432983
42,mobilenet_orig,7,complexity,0.6456298803103864
42,mobilenet_orig,8,faithfulness,-0.12208527326583862
42,mobilenet_orig,8,robustness,2.1148228645324707
42,mobilenet_orig,8,complexity,0.6102551713749742
42,mobilenet_orig,9,faithfulness,-0.20457133650779724
42,mobilenet_orig,9,robustness,2.2803382873535156
42,mobilenet_orig,9,complexity,0.6295998543558441
42,mobilenet_orig,10,faithfulness,-0.16001087427139282
42,mobilenet_orig,10,robustness,2.418534517288208
42,mobilenet_orig,10,complexity,0.6417103069838512
42,mobilenet_orig,11,faithfulness,-0.007038295269012451
42,mobilenet_orig,11,robustness,1.4064007997512817
42,mobilenet_orig,11,complexity,0.6273793131008208
42,mobilenet_orig,12,faithfulness,0.01724863052368164
42,mobilenet_orig,12,robustness,1.9802918434143066
42,mobilenet_orig,12,complexity,0.6538265310548689
42,mobilenet_orig,13,faithfulness,0.14344200491905212
42,mobilenet_orig,13,robustness,1.5280853509902954
42,mobilenet_orig,13,complexity,0.6516618884297095
42,mobilenet_orig,14,faithfulness,0.0827573835849762
42,mobilenet_orig,14,robustness,2.8850526809692383
42,mobilenet_orig,14,complexity,0.6080175674436378
42,mobilenet_orig,15,faithfulness,-0.2509104311466217
42,mobilenet_orig,15,robustness,3.1052403450012207
42,mobilenet_orig,15,complexity,0.6301645582855738
42,mobilenet_orig,16,faithfulness,0.09679966419935226
42,mobilenet_orig,16,robustness,2.3453760147094727
42,mobilenet_orig,16,complexity,0.6283777325073066
42,mobilenet_orig,17,faithfulness,0.04557090997695923
42,mobilenet_orig,17,robustness,1.8286519050598145
42,mobilenet_orig,17,complexity,0.6444529562127549
42,mobilenet_orig,18,faithfulness,-0.20150694251060486
42,mobilenet_orig,18,robustness,2.446901321411133
42,mobilenet_orig,18,complexity,0.6189744063884267
42,mobilenet_orig,19,faithfulness,0.3794422745704651
42,mobilenet_orig,19,robustness,1.9769437313079834
42,mobilenet_orig,19,complexity,0.6381132948769085
42,mobilenet_orig,20,faithfulness,0.12396387755870819
42,mobilenet_orig,20,robustness,3.3242087364196777
42,mobilenet_orig,20,complexity,0.6420435340521485
42,mobilenet_orig,21,faithfulness,-0.014848580583930016
42,mobilenet_orig,21,robustness,2.7704734802246094
42,mobilenet_orig,21,complexity,0.623906712742452
42,mobilenet_orig,22,faithfulness,0.19841071963310242
42,mobilenet_orig,22,robustness,1.2356657981872559
42,mobilenet_orig,22,complexity,0.6291178396295486
42,mobilenet_orig,23,faithfulness,-0.0909823477268219
42,mobilenet_orig,23,robustness,2.8059866428375244
42,mobilenet_orig,23,complexity,0.632257717854956
42,mobilenet_orig,24,faithfulness,-0.030613107606768608
42,mobilenet_orig,24,robustness,1.664354920387268
42,mobilenet_orig,24,complexity,0.6138169083818689
42,mobilenet_orig,25,faithfulness,0.04181952774524689
42,mobilenet_orig,25,robustness,1.7311735153198242
42,mobilenet_orig,25,complexity,0.6780791111267355
42,mobilenet_orig,26,faithfulness,0.10708875954151154
42,mobilenet_orig,26,robustness,1.0609321594238281
42,mobilenet_orig,26,complexity,0.6072308461273768
42,mobilenet_orig,27,faithfulness,0.3368740677833557
42,mobilenet_orig,27,robustness,1.2763164043426514
42,mobilenet_orig,27,complexity,0.6457954196311602
42,mobilenet_orig,28,faithfulness,0.08504736423492432
42,mobilenet_orig,28,robustness,2.3449742794036865
42,mobilenet_orig,28,complexity,0.6313304176331231
42,mobilenet_orig,29,faithfulness,-0.18232512474060059
42,mobilenet_orig,29,robustness,1.937514066696167
42,mobilenet_orig,29,complexity,0.6395974999185211
42,mobilenet_orig,30,faithfulness,0.008614499121904373
42,mobilenet_orig,30,robustness,2.003826141357422
42,mobilenet_orig,30,complexity,0.6228007117068456
42,mobilenet_orig,31,faithfulness,0.02268478274345398
42,mobilenet_orig,31,robustness,1.88528311252594
42,mobilenet_orig,31,complexity,0.6197921132078397
42,mobilenet_orig,32,faithfulness,0.2800779938697815
42,mobilenet_orig,32,robustness,1.5839455127716064
42,mobilenet_orig,32,complexity,0.6348635498683519
42,mobilenet_orig,33,faithfulness,0.03388885408639908
42,mobilenet_orig,33,robustness,1.1935112476348877
42,mobilenet_orig,33,complexity,0.6216142493524683
42,mobilenet_orig,34,faithfulness,0.3698848485946655
42,mobilenet_orig,34,robustness,1.2675977945327759
42,mobilenet_orig,34,complexity,0.6125624456430175
42,mobilenet_orig,35,faithfulness,-0.0162670835852623
42,mobilenet_orig,35,robustness,1.7271620035171509
42,mobilenet_orig,35,complexity,0.6088692562814358
42,mobilenet_orig,36,faithfulness,0.10224123299121857
42,mobilenet_orig,36,robustness,1.3785566091537476
42,mobilenet_orig,36,complexity,0.6276408548011524
42,mobilenet_orig,37,faithfulness,-0.006993772462010384
42,mobilenet_orig,37,robustness,1.4455585479736328
42,mobilenet_orig,37,complexity,0.6637736325362548
42,mobilenet_orig,38,faithfulness,-0.02028919756412506
42,mobilenet_orig,38,robustness,1.625618815422058
42,mobilenet_orig,38,complexity,0.6593841837985657
42,mobilenet_orig,39,faithfulness,-0.06450678408145905
42,mobilenet_orig,39,robustness,1.3927100896835327
42,mobilenet_orig,39,complexity,0.6377458564290034
42,mobilenet_orig,40,faithfulness,0.026985224336385727
42,mobilenet_orig,40,robustness,1.1811885833740234
42,mobilenet_orig,40,complexity,0.6301729334049814
42,mobilenet_orig,41,faithfulness,0.08846455067396164
42,mobilenet_orig,41,robustness,1.6234186887741089
42,mobilenet_orig,41,complexity,0.6162339514547291
42,mobilenet_orig,42,faithfulness,0.21575236320495605
42,mobilenet_orig,42,robustness,2.0269761085510254
42,mobilenet_orig,42,complexity,0.5962088028616025
42,mobilenet_orig,43,faithfulness,-0.11419808119535446
42,mobilenet_orig,43,robustness,1.8559792041778564
42,mobilenet_orig,43,complexity,0.6057688411702163
42,mobilenet_orig,44,faithfulness,-0.06383131444454193
42,mobilenet_orig,44,robustness,1.8801379203796387
42,mobilenet_orig,44,complexity,0.6041405856222161
42,mobilenet_orig,45,faithfulness,-0.22985590994358063
42,mobilenet_orig,45,robustness,1.782570719718933
42,mobilenet_orig,45,complexity,0.6532569963705618
42,mobilenet_recplot,0,faithfulness,0.10063860565423965
42,mobilenet_recplot,0,robustness,1.5101574659347534
42,mobilenet_recplot,0,complexity,0.6170903828858154
42,mobilenet_recplot,1,faithfulness,-0.21135900914669037
42,mobilenet_recplot,1,robustness,1.2208291292190552
42,mobilenet_recplot,1,complexity,0.5967916058372038
42,mobilenet_recplot,2,faithfulness,0.2527964115142822
42,mobilenet_recplot,2,robustness,1.4457290172576904
42,mobilenet_recplot,2,complexity,0.6317403253714503
42,mobilenet_recplot,3,faithfulness,0.18344652652740479
42,mobilenet_recplot,3,robustness,1.3874140977859497
42,mobilenet_recplot,3,complexity,0.6115742127748586
42,mobilenet_recplot,4,faithfulness,0.2880460321903229
42,mobilenet_recplot,4,robustness,1.12736177444458
42,mobilenet_recplot,4,complexity,0.6171531045590611
42,mobilenet_recplot,5,faithfulness,0.07022958993911743
42,mobilenet_recplot,5,robustness,1.4354939460754395
42,mobilenet_recplot,5,complexity,0.622798077108953
42,mobilenet_recplot,6,faithfulness,-0.2365168184041977
42,mobilenet_recplot,6,robustness,1.163294792175293
42,mobilenet_recplot,6,complexity,0.6316161363274183
42,mobilenet_recplot,7,faithfulness,0.19181521236896515
42,mobilenet_recplot,7,robustness,1.0852934122085571
42,mobilenet_recplot,7,complexity,0.6419806023616468
42,mobilenet_recplot,8,faithfulness,0.03204689174890518
42,mobilenet_recplot,8,robustness,1.1393839120864868
42,mobilenet_recplot,8,complexity,0.6327117990708958
42,mobilenet_recplot,9,faithfulness,0.061699848622083664
42,mobilenet_recplot,9,robustness,1.2514601945877075
42,mobilenet_recplot,9,complexity,0.6241023106229185
42,mobilenet_recplot,10,faithfulness,-0.1750299334526062
42,mobilenet_recplot,10,robustness,1.7838175296783447
42,mobilenet_recplot,10,complexity,0.6231159200245078
42,mobilenet_recplot,11,faithfulness,-0.1125151589512825
42,mobilenet_recplot,11,robustness,1.0987375974655151
42,mobilenet_recplot,11,complexity,0.6101905292873243
42,mobilenet_recplot,12,faithfulness,0.026103241369128227
42,mobilenet_recplot,12,robustness,1.174589991569519
42,mobilenet_recplot,12,complexity,0.6022279572677647
42,mobilenet_recplot,13,faithfulness,-0.030980601906776428
42,mobilenet_recplot,13,robustness,1.1564561128616333
42,mobilenet_recplot,13,complexity,0.668109187700703
42,mobilenet_recplot,14,faithfulness,-0.01875898241996765
42,mobilenet_recplot,14,robustness,1.2221108675003052
42,mobilenet_recplot,14,complexity,0.6274892106826323
42,mobilenet_recplot,15,faithfulness,-0.1251610368490219
42,mobilenet_recplot,15,robustness,1.2632533311843872
42,mobilenet_recplot,15,complexity,0.6429495571011822
42,mobilenet_recplot,16,faithfulness,-0.30139896273612976
42,mobilenet_recplot,16,robustness,1.3090488910675049
42,mobilenet_recplot,16,complexity,0.6090406133694479
42,mobilenet_recplot,17,faithfulness,-0.08219750970602036
42,mobilenet_recplot,17,robustness,1.210655927658081
42,mobilenet_recplot,17,complexity,0.6098221396269704
42,mobilenet_recplot,18,faithfulness,0.20459304749965668
42,mobilenet_recplot,18,robustness,1.3230681419372559
42,mobilenet_recplot,18,complexity,0.6274748826011811
42,mobilenet_recplot,19,faithfulness,-0.16298174858093262
42,mobilenet_recplot,19,robustness,2.0198259353637695
42,mobilenet_recplot,19,complexity,0.6365123672418698
42,mobilenet_recplot,20,faithfulness,0.11856647580862045
42,mobilenet_recplot,20,robustness,1.1711843013763428
42,mobilenet_recplot,20,complexity,0.6304447730163654
42,mobilenet_recplot,21,faithfulness,-0.14585454761981964
42,mobilenet_recplot,21,robustness,1.240412950515747
42,mobilenet_recplot,21,complexity,0.6226326560519627
42,mobilenet_recplot,22,faithfulness,0.27919408679008484
42,mobilenet_recplot,22,robustness,1.1994872093200684
42,mobilenet_recplot,22,complexity,0.648918816459946
42,mobilenet_recplot,23,faithfulness,-0.2281465381383896
42,mobilenet_recplot,23,robustness,1.4404487609863281
42,mobilenet_recplot,23,complexity,0.6558296967010879
42,mobilenet_recplot,24,faithfulness,-0.05251853168010712
42,mobilenet_recplot,24,robustness,1.3678919076919556
42,mobilenet_recplot,24,complexity,0.6303088853939532
42,mobilenet_recplot,25,faithfulness,-0.1326165497303009
42,mobilenet_recplot,25,robustness,1.2369141578674316
42,mobilenet_recplot,25,complexity,0.5975980051540922
42,mobilenet_recplot,26,faithfulness,-0.03799978643655777
42,mobilenet_recplot,26,robustness,1.496463418006897
42,mobilenet_recplot,26,complexity,0.6595462879519043
42,mobilenet_recplot,27,faithfulness,-0.0037732459604740143
42,mobilenet_recplot,27,robustness,1.156410813331604
42,mobilenet_recplot,27,complexity,0.6345300959562931
42,mobilenet_recplot,28,faithfulness,-0.14712589979171753
42,mobilenet_recplot,28,robustness,1.4097801446914673
42,mobilenet_recplot,28,complexity,0.6259947428799832
42,mobilenet_recplot,29,faithfulness,0.10237047076225281
42,mobilenet_recplot,29,robustness,2.247683525085449
42,mobilenet_recplot,29,complexity,0.5990127539658413
42,mobilenet_recplot,30,faithfulness,-0.07624337822198868
42,mobilenet_recplot,30,robustness,1.6044584512710571
42,mobilenet_recplot,30,complexity,0.6062599612773276
42,mobilenet_recplot,31,faithfulness,0.012399163097143173
42,mobilenet_recplot,31,robustness,1.1669880151748657
42,mobilenet_recplot,31,complexity,0.5817100527236925
42,mobilenet_recplot,32,faithfulness,0.03319520875811577
42,mobilenet_recplot,32,robustness,1.2884992361068726
42,mobilenet_recplot,32,complexity,0.603465739373026
42,mobilenet_recplot,33,faithfulness,-0.13799121975898743
42,mobilenet_recplot,33,robustness,1.4259413480758667
42,mobilenet_recplot,33,complexity,0.6490228447036626
42,mobilenet_recplot,34,faithfulness,-0.11877907812595367
42,mobilenet_recplot,34,robustness,1.137880563735962
42,mobilenet_recplot,34,complexity,0.606878796802746
42,mobilenet_recplot,35,faithfulness,0.07061336934566498
42,mobilenet_recplot,35,robustness,1.1095081567764282
42,mobilenet_recplot,35,complexity,0.6112027821920902
42,mobilenet_recplot,36,faithfulness,0.1244729682803154
42,mobilenet_recplot,36,robustness,1.2794976234436035
42,mobilenet_recplot,36,complexity,0.6205346547802331
42,mobilenet_recplot,37,faithfulness,0.14226680994033813
42,mobilenet_recplot,37,robustness,1.3784091472625732
42,mobilenet_recplot,37,complexity,0.6105093531996622
42,mobilenet_recplot,38,faithfulness,-0.019035905599594116
42,mobilenet_recplot,38,robustness,1.3721849918365479
42,mobilenet_recplot,38,complexity,0.6213732271945354
42,mobilenet_recplot,39,faithfulness,-0.1815611720085144
42,mobilenet_recplot,39,robustness,1.1860004663467407
42,mobilenet_recplot,39,complexity,0.6351092394361966
42,mobilenet_recplot,40,faithfulness,-0.08013513684272766
42,mobilenet_recplot,40,robustness,1.327172875404358
42,mobilenet_recplot,40,complexity,0.6187020025428118
42,mobilenet_recplot,41,faithfulness,-0.3292810916900635
42,mobilenet_recplot,41,robustness,1.1551029682159424
42,mobilenet_recplot,41,complexity,0.6064871034979258
42,mobilenet_recplot,42,faithfulness,0.000631280243396759
42,mobilenet_recplot,42,robustness,1.1544004678726196
42,mobilenet_recplot,42,complexity,0.6229990619553014
42,mobilenet_recplot,43,faithfulness,0.2865018844604492
42,mobilenet_recplot,43,robustness,1.5060217380523682
42,mobilenet_recplot,43,complexity,0.6245064890226454
42,mobilenet_recplot,44,faithfulness,-0.0219576358795166
42,mobilenet_recplot,44,robustness,1.218092679977417
42,mobilenet_recplot,44,complexity,0.6250584761073578
42,mobilenet_recplot,45,faithfulness,-0.3029419481754303
42,mobilenet_recplot,45,robustness,1.1696374416351318
42,mobilenet_recplot,45,complexity,0.6244986361116133
42,effnet_orig,0,faithfulness,0.0012852326035499573
42,effnet_orig,0,robustness,57.92840576171875
42,effnet_orig,0,complexity,0.6177025215026613
42,effnet_orig,1,faithfulness,-0.2156693935394287
42,effnet_orig,1,robustness,3.42887544631958
42,effnet_orig,1,complexity,0.6340844738657254
42,effnet_orig,2,faithfulness,0.2803269922733307
42,effnet_orig,2,robustness,4.7631354331970215
42,effnet_orig,2,complexity,0.6266941023535033
42,effnet_orig,3,faithfulness,0.2567529082298279
42,effnet_orig,3,robustness,231.65138244628906
42,effnet_orig,3,complexity,0.603548805598121
42,effnet_orig,4,faithfulness,-0.029791979119181633
42,effnet_orig,4,robustness,16.287723541259766
42,effnet_orig,4,complexity,0.6214296767319583
42,effnet_orig,5,faithfulness,0.26035356521606445
42,effnet_orig,5,robustness,8.187350273132324
42,effnet_orig,5,complexity,0.6276408829019139
42,effnet_orig,6,faithfulness,-0.09010589122772217
42,effnet_orig,6,robustness,1613.26513671875
42,effnet_orig,6,complexity,0.6093253221310063
42,effnet_orig,7,faithfulness,0.2691403329372406
42,effnet_orig,7,robustness,87.67082214355469
42,effnet_orig,7,complexity,0.6140283893735109
42,effnet_orig,8,faithfulness,-0.2030457705259323
42,effnet_orig,8,robustness,17.520090103149414
42,effnet_orig,8,complexity,0.6222450719928716
42,effnet_orig,9,faithfulness,-0.09759978204965591
42,effnet_orig,9,robustness,17.31439208984375
42,effnet_orig,9,complexity,0.6306183304092133
42,effnet_orig,10,faithfulness,0.0964902862906456
42,effnet_orig,10,robustness,8.027299880981445
42,effnet_orig,10,complexity,0.6218728680734731
42,effnet_orig,11,faithfulness,0.24076172709465027
42,effnet_orig,11,robustness,6.94699239730835
42,effnet_orig,11,complexity,0.6348939210262496
42,effnet_orig,12,faithfulness,-0.23633086681365967
42,effnet_orig,12,robustness,7.827208995819092
42,effnet_orig,12,complexity,0.6386264949211005
42,effnet_orig,13,faithfulness,-0.027247652411460876
42,effnet_orig,13,robustness,45.9210090637207
42,effnet_orig,13,complexity,0.6145471422013403
42,effnet_orig,14,faithfulness,0.2662399113178253
42,effnet_orig,14,robustness,257.95648193359375
42,effnet_orig,14,complexity,0.6641550207334188
42,effnet_orig,15,faithfulness,0.2597666382789612
42,effnet_orig,15,robustness,201.66552734375
42,effnet_orig,15,complexity,0.6122853552230464
42,effnet_orig,16,faithfulness,0.2570672035217285
42,effnet_orig,16,robustness,49.050235748291016
42,effnet_orig,16,complexity,0.6763030948499045
42,effnet_orig,17,faithfulness,-0.009232506155967712
42,effnet_orig,17,robustness,1.0098086595535278
42,effnet_orig,17,complexity,0.6319919219765787
42,effnet_orig,18,faithfulness,0.006002850830554962
42,effnet_orig,18,robustness,28.098569869995117
42,effnet_orig,18,complexity,0.6402510086578582
42,effnet_orig,19,faithfulness,0.3230167627334595
42,effnet_orig,19,robustness,551.9382934570312
42,effnet_orig,19,complexity,0.6172586317120637
42,effnet_orig,20,faithfulness,-0.0160263329744339
42,effnet_orig,20,robustness,4.207479000091553
42,effnet_orig,20,complexity,0.6392730352629143
42,effnet_orig,21,faithfulness,0.09752907603979111
42,effnet_orig,21,robustness,4.482935905456543
42,effnet_orig,21,complexity,0.63394018968454
42,effnet_orig,22,faithfulness,-0.2162872701883316
42,effnet_orig,22,robustness,1.0329768657684326
42,effnet_orig,22,complexity,0.594994921427928
42,effnet_orig,23,faithfulness,0.09159970283508301
42,effnet_orig,23,robustness,5.853643894195557
42,effnet_orig,23,complexity,0.6396819112154463
42,effnet_orig,24,faithfulness,-0.04977446794509888
42,effnet_orig,24,robustness,169.5245819091797
42,effnet_orig,24,complexity,0.5886580938315381
42,effnet_orig,25,faithfulness,-0.18177813291549683
42,effnet_orig,25,robustness,1.5699481964111328
42,effnet_orig,25,complexity,0.6125568765569002
42,effnet_orig,26,faithfulness,0.21753764152526855
42,effnet_orig,26,robustness,9.330053329467773
42,effnet_orig,26,complexity,0.6000813053370304
42,effnet_orig,27,faithfulness,0.04450569301843643
42,effnet_orig,27,robustness,54.952449798583984
42,effnet_orig,27,complexity,0.6026788816558779
42,effnet_orig,28,faithfulness,0.034440621733665466
42,effnet_orig,28,robustness,4.759101390838623
42,effnet_orig,28,complexity,0.6077578165054974
42,effnet_orig,29,faithfulness,0.07219880074262619
42,effnet_orig,29,robustness,58.947105407714844
42,effnet_orig,29,complexity,0.5752061793248459
42,effnet_orig,30,faithfulness,-0.0002680271863937378
42,effnet_orig,30,robustness,174.1791229248047
42,effnet_orig,30,complexity,0.6296392013168008
42,effnet_orig,31,faithfulness,-0.02487129718065262
42,effnet_orig,31,robustness,2.7100696563720703
42,effnet_orig,31,complexity,0.619877977589652
42,effnet_orig,32,faithfulness,0.0657244473695755
42,effnet_orig,32,robustness,124.28022766113281
42,effnet_orig,32,complexity,0.5986601130708095
42,effnet_orig,33,faithfulness,-0.11786026507616043
42,effnet_orig,33,robustness,2.501136064529419
42,effnet_orig,33,complexity,0.5865285939337718
42,effnet_orig,34,faithfulness,-0.01803547888994217
42,effnet_orig,34,robustness,37.46035385131836
42,effnet_orig,34,complexity,0.6401558866724931
42,effnet_orig,35,faithfulness,-0.303507000207901
42,effnet_orig,35,robustness,411.28070068359375
42,effnet_orig,35,complexity,0.6253565211168542
42,effnet_orig,36,faithfulness,0.27752766013145447
42,effnet_orig,36,robustness,50.07783508300781
42,effnet_orig,36,complexity,0.5606824966441032
42,effnet_orig,37,faithfulness,0.19820654392242432
42,effnet_orig,37,robustness,115.93106079101562
42,effnet_orig,37,complexity,0.6145385510144106
42,effnet_orig,38,faithfulness,0.3889576196670532
42,effnet_orig,38,robustness,52.743404388427734
42,effnet_orig,38,complexity,0.6046001872021214
42,effnet_orig,39,faithfulness,-0.040303438901901245
42,effnet_orig,39,robustness,1938.32275390625
42,effnet_orig,39,complexity,0.60970225543378
42,effnet_orig,40,faithfulness,-0.025810755789279938
42,effnet_orig,40,robustness,48.44300842285156
42,effnet_orig,40,complexity,0.6165272733785776
42,effnet_orig,41,faithfulness,0.2565031051635742
42,effnet_orig,41,robustness,81.09918212890625
42,effnet_orig,41,complexity,0.5833006801479477
42,effnet_orig,42,faithfulness,-0.008492894470691681
42,effnet_orig,42,robustness,7.021820545196533
42,effnet_orig,42,complexity,0.61219557468069
42,effnet_orig,43,faithfulness,0.05158310756087303
42,effnet_orig,43,robustness,2.219945192337036
42,effnet_orig,43,complexity,0.5920799971582106
42,effnet_orig,44,faithfulness,0.30648231506347656
42,effnet_orig,44,robustness,414.7400207519531
42,effnet_orig,44,complexity,0.5976084269638767
42,effnet_orig,45,faithfulness,0.015792876482009888
42,effnet_orig,45,robustness,3.1230008602142334
42,effnet_orig,45,complexity,0.6027851971551449
42,effnet_recplot,0,faithfulness,-0.04087388515472412
42,effnet_recplot,0,robustness,10.853352546691895
42,effnet_recplot,0,complexity,0.5693628976637832
42,effnet_recplot,1,faithfulness,-0.22882869839668274
42,effnet_recplot,1,robustness,53.15852737426758
42,effnet_recplot,1,complexity,0.6367991423343149
42,effnet_recplot,2,faithfulness,-0.10087892413139343
42,effnet_recplot,2,robustness,1.3606330156326294
42,effnet_recplot,2,complexity,0.6337162878195558
42,effnet_recplot,3,faithfulness,-0.02671351470053196
42,effnet_recplot,3,robustness,170.47044372558594
42,effnet_recplot,3,complexity,0.6145350348558957
42,effnet_recplot,4,faithfulness,-0.24660824239253998
42,effnet_recplot,4,robustness,28.25583267211914
42,effnet_recplot,4,complexity,0.6041512869569937
42,effnet_recplot,5,faithfulness,0.1450505405664444
42,effnet_recplot,5,robustness,7.551715850830078
42,effnet_recplot,5,complexity,0.6846295863510943
42,effnet_recplot,6,faithfulness,-0.17826023697853088
42,effnet_recplot,6,robustness,215.57281494140625
42,effnet_recplot,6,complexity,0.6613223385826883
42,effnet_recplot,7,faithfulness,-0.030109543353319168
42,effnet_recplot,7,robustness,299.19085693359375
42,effnet_recplot,7,complexity,0.5465934551930133
42,effnet_recplot,8,faithfulness,-0.3070424795150757
42,effnet_recplot,8,robustness,24.16127586364746
42,effnet_recplot,8,complexity,0.6428569846437275
42,effnet_recplot,9,faithfulness,0.042269110679626465
42,effnet_recplot,9,robustness,28.309600830078125
42,effnet_recplot,9,complexity,0.6826507846620073
42,effnet_recplot,10,faithfulness,0.13779647648334503
42,effnet_recplot,10,robustness,91.59993743896484
42,effnet_recplot,10,complexity,0.6874963528873378
42,effnet_recplot,11,faithfulness,-0.1139441430568695
42,effnet_recplot,11,robustness,13.237248420715332
42,effnet_recplot,11,complexity,0.5866727659107613
42,effnet_recplot,12,faithfulness,-0.11556755751371384
42,effnet_recplot,12,robustness,123.219482421875
42,effnet_recplot,12,complexity,0.6351033020251404
42,effnet_recplot,13,faithfulness,0.4285758137702942
42,effnet_recplot,13,robustness,30.479814529418945
42,effnet_recplot,13,complexity,0.5789781972553921
42,effnet_recplot,14,faithfulness,0.4509775936603546
42,effnet_recplot,14,robustness,136.00584411621094
42,effnet_recplot,14,complexity,0.6090249656017197
42,effnet_recplot,15,faithfulness,-0.4187815189361572
42,effnet_recplot,15,robustness,20.312782287597656
42,effnet_recplot,15,complexity,0.6029108439195942
42,effnet_recplot,16,faithfulness,-0.0017985031008720398
42,effnet_recplot,16,robustness,36.51206588745117
42,effnet_recplot,16,complexity,0.650159871808956
42,effnet_recplot,17,faithfulness,0.04431399703025818
42,effnet_recplot,17,robustness,277.65545654296875
42,effnet_recplot,17,complexity,0.5509368613696878
42,effnet_recplot,18,faithfulness,0.5314768552780151
42,effnet_recplot,18,robustness,98.60397338867188
42,effnet_recplot,18,complexity,0.5807353163047119
42,effnet_recplot,19,faithfulness,-0.3902415335178375
42,effnet_recplot,19,robustness,115.35016632080078
42,effnet_recplot,19,complexity,0.6590285038108443
42,effnet_recplot,20,faithfulness,0.179072767496109
42,effnet_recplot,20,robustness,52.597450256347656
42,effnet_recplot,20,complexity,0.634944126688567
42,effnet_recplot,21,faithfulness,0.17734147608280182
42,effnet_recplot,21,robustness,104.90592956542969
42,effnet_recplot,21,complexity,0.6736262306289262
42,effnet_recplot,22,faithfulness,0.1349971890449524
42,effnet_recplot,22,robustness,5.901801586151123
42,effnet_recplot,22,complexity,0.5562660399465118
42,effnet_recplot,23,faithfulness,0.3964630961418152
42,effnet_recplot,23,robustness,21.320180892944336
42,effnet_recplot,23,complexity,0.6291731743754906
42,effnet_recplot,24,faithfulness,-0.16270411014556885
42,effnet_recplot,24,robustness,85.6600112915039
42,effnet_recplot,24,complexity,0.5426211115796002
42,effnet_recplot,25,faithfulness,-0.1139383316040039
42,effnet_recplot,25,robustness,3.6249263286590576
42,effnet_recplot,25,complexity,0.5971933946331126
42,effnet_recplot,26,faithfulness,-0.2853694260120392
42,effnet_recplot,26,robustness,7.871773719787598
42,effnet_recplot,26,complexity,0.5415452575764472
42,effnet_recplot,27,faithfulness,0.07166886329650879
42,effnet_recplot,27,robustness,2.175957679748535
42,effnet_recplot,27,complexity,0.6325122057446004
42,effnet_recplot,28,faithfulness,0.001640424132347107
42,effnet_recplot,28,robustness,407.3168640136719
42,effnet_recplot,28,complexity,0.5420540290523412
42,effnet_recplot,29,faithfulness,0.25377851724624634
42,effnet_recplot,29,robustness,2.505500555038452
42,effnet_recplot,29,complexity,0.5804231553178697
42,effnet_recplot,30,faithfulness,-0.018190249800682068
42,effnet_recplot,30,robustness,29.669755935668945
42,effnet_recplot,30,complexity,0.5934140007018067
42,effnet_recplot,31,faithfulness,-0.12228915095329285
42,effnet_recplot,31,robustness,105.73054504394531
42,effnet_recplot,31,complexity,0.5661741693772545
42,effnet_recplot,32,faithfulness,-0.05246561020612717
42,effnet_recplot,32,robustness,19.655799865722656
42,effnet_recplot,32,complexity,0.5592633192148472
42,effnet_recplot,33,faithfulness,-0.0024778470396995544
42,effnet_recplot,33,robustness,199.40411376953125
42,effnet_recplot,33,complexity,0.655958651253826
42,effnet_recplot,34,faithfulness,0.11521120369434357
42,effnet_recplot,34,robustness,4.827895641326904
42,effnet_recplot,34,complexity,0.5438089100828974
42,effnet_recplot,35,faithfulness,-0.059105973690748215
42,effnet_recplot,35,robustness,6.635321617126465
42,effnet_recplot,35,complexity,0.6363193540944413
42,effnet_recplot,36,faithfulness,-0.02482834830880165
42,effnet_recplot,36,robustness,7.1712565422058105
42,effnet_recplot,36,complexity,0.6636540785757153
42,effnet_recplot,37,faithfulness,-0.012436121702194214
42,effnet_recplot,37,robustness,47.045509338378906
42,effnet_recplot,37,complexity,0.6027134015667428
42,effnet_recplot,38,faithfulness,0.16716444492340088
42,effnet_recplot,38,robustness,11.991678237915039
42,effnet_recplot,38,complexity,0.6415813574143525
42,effnet_recplot,39,faithfulness,-0.14277666807174683
42,effnet_recplot,39,robustness,88.79029083251953
42,effnet_recplot,39,complexity,0.6327996574729339
42,effnet_recplot,40,faithfulness,-0.1003735214471817
42,effnet_recplot,40,robustness,1.1096340417861938
42,effnet_recplot,40,complexity,0.6385400706902955
42,effnet_recplot,41,faithfulness,0.2709347605705261
42,effnet_recplot,41,robustness,164.04017639160156
42,effnet_recplot,41,complexity,0.6232039350942646
42,effnet_recplot,42,faithfulness,0.1415654569864273
42,effnet_recplot,42,robustness,334.1278076171875
42,effnet_recplot,42,complexity,0.642141393226983
42,effnet_recplot,43,faithfulness,0.13452193140983582
42,effnet_recplot,43,robustness,10.817968368530273
42,effnet_recplot,43,complexity,0.619921399620867
42,effnet_recplot,44,faithfulness,-0.0007407963275909424
42,effnet_recplot,44,robustness,2.227741003036499
42,effnet_recplot,44,complexity,0.6523060401725288
42,effnet_recplot,45,faithfulness,-0.0856400728225708
42,effnet_recplot,45,robustness,1.0571625232696533
42,effnet_recplot,45,complexity,0.6284251239363339
65,mobilenet_orig,0,faithfulness,0.019926145672798157
65,mobilenet_orig,0,robustness,1.8850818872451782
65,mobilenet_orig,0,complexity,0.6277031265822189
65,mobilenet_orig,1,faithfulness,-0.02931024134159088
65,mobilenet_orig,1,robustness,1.5595624446868896
65,mobilenet_orig,1,complexity,0.6281727634071367
65,mobilenet_orig,2,faithfulness,0.11965275555849075
65,mobilenet_orig,2,robustness,1.5990060567855835
65,mobilenet_orig,2,complexity,0.6566903970281153
65,mobilenet_orig,3,faithfulness,-0.22714386880397797
65,mobilenet_orig,3,robustness,2.9620983600616455
65,mobilenet_orig,3,complexity,0.6267876842349929
65,mobilenet_orig,4,faithfulness,-0.06056003272533417
65,mobilenet_orig,4,robustness,2.5283758640289307
65,mobilenet_orig,4,complexity,0.6344883688939387
65,mobilenet_orig,5,faithfulness,-0.030168786644935608
65,mobilenet_orig,5,robustness,2.143643856048584
65,mobilenet_orig,5,complexity,0.6422310165103554
65,mobilenet_orig,6,faithfulness,0.06823430955410004
65,mobilenet_orig,6,robustness,2.1703500747680664
65,mobilenet_orig,6,complexity,0.6478856152579217
65,mobilenet_orig,7,faithfulness,0.24132704734802246
65,mobilenet_orig,7,robustness,1.4008424282073975
65,mobilenet_orig,7,complexity,0.6436174038608659
65,mobilenet_orig,8,faithfulness,0.28910836577415466
65,mobilenet_orig,8,robustness,1.7487503290176392
65,mobilenet_orig,8,complexity,0.6235160978420453
65,mobilenet_orig,9,faithfulness,-0.1971970498561859
65,mobilenet_orig,9,robustness,2.2822506427764893
65,mobilenet_orig,9,complexity,0.6330734176055263
65,mobilenet_orig,10,faithfulness,0.22832588851451874
65,mobilenet_orig,10,robustness,1.6889994144439697
65,mobilenet_orig,10,complexity,0.6376183928610965
65,mobilenet_orig,11,faithfulness,0.24236369132995605
65,mobilenet_orig,11,robustness,1.4449762105941772
65,mobilenet_orig,11,complexity,0.6487651976592094
65,mobilenet_orig,12,faithfulness,0.0371151827275753
65,mobilenet_orig,12,robustness,1.960729718208313
65,mobilenet_orig,12,complexity,0.6444672096784961
65,mobilenet_orig,13,faithfulness,0.12075085937976837
65,mobilenet_orig,13,robustness,1.825606346130371
65,mobilenet_orig,13,complexity,0.6423060287311202
65,mobilenet_orig,14,faithfulness,-0.024940069764852524
65,mobilenet_orig,14,robustness,2.3965463638305664
65,mobilenet_orig,14,complexity,0.6146960631708445
65,mobilenet_orig,15,faithfulness,-0.5180774927139282
65,mobilenet_orig,15,robustness,2.9503865242004395
65,mobilenet_orig,15,complexity,0.6443193170677758
65,mobilenet_orig,16,faithfulness,0.16028136014938354
65,mobilenet_orig,16,robustness,2.248666763305664
65,mobilenet_orig,16,complexity,0.6389716685747651
65,mobilenet_orig,17,faithfulness,-0.056564852595329285
65,mobilenet_orig,17,robustness,2.7401065826416016
65,mobilenet_orig,17,complexity,0.6086019134934035
65,mobilenet_orig,18,faithfulness,0.11913076788187027
65,mobilenet_orig,18,robustness,2.7756223678588867
65,mobilenet_orig,18,complexity,0.6269817349090753
65,mobilenet_orig,19,faithfulness,-0.2340676188468933
65,mobilenet_orig,19,robustness,1.7115240097045898
65,mobilenet_orig,19,complexity,0.6405443942532036
65,mobilenet_orig,20,faithfulness,0.03835142031311989
65,mobilenet_orig,20,robustness,2.2796521186828613
65,mobilenet_orig,20,complexity,0.660066021598855
65,mobilenet_orig,21,faithfulness,0.24552087485790253
65,mobilenet_orig,21,robustness,2.8623478412628174
65,mobilenet_orig,21,complexity,0.63697359174173
65,mobilenet_orig,22,faithfulness,-0.09678085893392563
65,mobilenet_orig,22,robustness,1.312152624130249
65,mobilenet_orig,22,complexity,0.6303585261664937
65,mobilenet_orig,23,faithfulness,0.007734164595603943
65,mobilenet_orig,23,robustness,1.7310599088668823
65,mobilenet_orig,23,complexity,0.6429033458559023
65,mobilenet_orig,24,faithfulness,0.27969175577163696
65,mobilenet_orig,24,robustness,1.2727148532867432
65,mobilenet_orig,24,complexity,0.6285789168865142
65,mobilenet_orig,25,faithfulness,-0.26363059878349304
65,mobilenet_orig,25,robustness,1.4071520566940308
65,mobilenet_orig,25,complexity,0.6876208488240854
65,mobilenet_orig,26,faithfulness,0.4301789104938507
65,mobilenet_orig,26,robustness,1.1305370330810547
65,mobilenet_orig,26,complexity,0.6031299232075379
65,mobilenet_orig,27,faithfulness,-0.15157781541347504
65,mobilenet_orig,27,robustness,1.5753151178359985
65,mobilenet_orig,27,complexity,0.6356016598118923
65,mobilenet_orig,28,faithfulness,0.0333825908601284
65,mobilenet_orig,28,robustness,3.1007773876190186
65,mobilenet_orig,28,complexity,0.6370082349351107
65,mobilenet_orig,29,faithfulness,-0.18088772892951965
65,mobilenet_orig,29,robustness,1.8804774284362793
65,mobilenet_orig,29,complexity,0.640639978643238
65,mobilenet_orig,30,faithfulness,0.27312713861465454
65,mobilenet_orig,30,robustness,1.6351938247680664
65,mobilenet_orig,30,complexity,0.629122473919212
65,mobilenet_orig,31,faithfulness,-0.21424663066864014
65,mobilenet_orig,31,robustness,1.7785022258758545
65,mobilenet_orig,31,complexity,0.6474394841350317
65,mobilenet_orig,32,faithfulness,-0.14000943303108215
65,mobilenet_orig,32,robustness,1.6853197813034058
65,mobilenet_orig,32,complexity,0.6372372026230073
65,mobilenet_orig,33,faithfulness,-0.0995652824640274
65,mobilenet_orig,33,robustness,1.3764666318893433
65,mobilenet_orig,33,complexity,0.6144786303796294
65,mobilenet_orig,34,faithfulness,-0.33955052495002747
65,mobilenet_orig,34,robustness,1.3275264501571655
65,mobilenet_orig,34,complexity,0.61620413958391
65,mobilenet_orig,35,faithfulness,0.0469098836183548
65,mobilenet_orig,35,robustness,1.6767230033874512
65,mobilenet_orig,35,complexity,0.6267358354775663
65,mobilenet_orig,36,faithfulness,0.049145907163619995
65,mobilenet_orig,36,robustness,1.6185805797576904
65,mobilenet_orig,36,complexity,0.6203265710437349
65,mobilenet_orig,37,faithfulness,-0.04612136259675026
65,mobilenet_orig,37,robustness,1.4665957689285278
65,mobilenet_orig,37,complexity,0.662342996556967
65,mobilenet_orig,38,faithfulness,-0.07201573997735977
65,mobilenet_orig,38,robustness,1.6811054944992065
65,mobilenet_orig,38,complexity,0.65174504669493
65,mobilenet_orig,39,faithfulness,-0.009469747543334961
65,mobilenet_orig,39,robustness,1.2564369440078735
65,mobilenet_orig,39,complexity,0.6538700197733721
65,mobilenet_orig,40,faithfulness,-0.006698489189147949
65,mobilenet_orig,40,robustness,1.4410401582717896
65,mobilenet_orig,40,complexity,0.6282401184332743
65,mobilenet_orig,41,faithfulness,0.026568308472633362
65,mobilenet_orig,41,robustness,1.9927854537963867
65,mobilenet_orig,41,complexity,0.616907105460691
65,mobilenet_orig,42,faithfulness,-0.022461187094449997
65,mobilenet_orig,42,robustness,1.8450158834457397
65,mobilenet_orig,42,complexity,0.6159914999898769
65,mobilenet_orig,43,faithfulness,0.3207843005657196
65,mobilenet_orig,43,robustness,2.1115808486938477
65,mobilenet_orig,43,complexity,0.5961263825356132
65,mobilenet_orig,44,faithfulness,-0.14963802695274353
65,mobilenet_orig,44,robustness,2.1286299228668213
65,mobilenet_orig,44,complexity,0.6034442161236311
65,mobilenet_orig,45,faithfulness,0.2469579577445984
65,mobilenet_orig,45,robustness,2.322232961654663
65,mobilenet_orig,45,complexity,0.633908814912066
65,mobilenet_recplot,0,faithfulness,0.24062272906303406
65,mobilenet_recplot,0,robustness,1.7376487255096436
65,mobilenet_recplot,0,complexity,0.6226426074233171
65,mobilenet_recplot,1,faithfulness,-0.10210034996271133
65,mobilenet_recplot,1,robustness,1.9263554811477661
65,mobilenet_recplot,1,complexity,0.6274138185848875
65,mobilenet_recplot,2,faithfulness,0.19761043787002563
65,mobilenet_recplot,2,robustness,1.6314340829849243
65,mobilenet_recplot,2,complexity,0.6568316899792587
65,mobilenet_recplot,3,faithfulness,-0.03793197497725487
65,mobilenet_recplot,3,robustness,1.8817530870437622
65,mobilenet_recplot,3,complexity,0.63795495798519
65,mobilenet_recplot,4,faithfulness,-0.03569027781486511
65,mobilenet_recplot,4,robustness,1.5165520906448364
65,mobilenet_recplot,4,complexity,0.6055353565857196
65,mobilenet_recplot,5,faithfulness,-0.019793331623077393
65,mobilenet_recplot,5,robustness,2.547757148742676
65,mobilenet_recplot,5,complexity,0.6397009748945075
65,mobilenet_recplot,6,faithfulness,-0.026326972991228104
65,mobilenet_recplot,6,robustness,1.8497239351272583
65,mobilenet_recplot,6,complexity,0.6245559384760747
65,mobilenet_recplot,7,faithfulness,0.07172539085149765
65,mobilenet_recplot,7,robustness,1.51090669631958
65,mobilenet_recplot,7,complexity,0.636637313610827
65,mobilenet_recplot,8,faithfulness,-0.044786855578422546
65,mobilenet_recplot,8,robustness,1.4966052770614624
65,mobilenet_recplot,8,complexity,0.6445000462178773
65,mobilenet_recplot,9,faithfulness,0.008390247821807861
65,mobilenet_recplot,9,robustness,1.8718878030776978
65,mobilenet_recplot,9,complexity,0.6223735128904734
65,mobilenet_recplot,10,faithfulness,-0.046348631381988525
65,mobilenet_recplot,10,robustness,2.2448360919952393
65,mobilenet_recplot,10,complexity,0.6362127395341037
65,mobilenet_recplot,11,faithfulness,-0.07846060395240784
65,mobilenet_recplot,11,robustness,1.3387531042099
65,mobilenet_recplot,11,complexity,0.6308794269629758
65,mobilenet_recplot,12,faithfulness,0.29032355546951294
65,mobilenet_recplot,12,robustness,1.6480165719985962
65,mobilenet_recplot,12,complexity,0.6317243808468765
65,mobilenet_recplot,13,faithfulness,0.021418239921331406
65,mobilenet_recplot,13,robustness,1.6849616765975952
65,mobilenet_recplot,13,complexity,0.6593165597345635
65,mobilenet_recplot,14,faithfulness,-0.10270996391773224
65,mobilenet_recplot,14,robustness,1.710138201713562
65,mobilenet_recplot,14,complexity,0.6394136476088551
65,mobilenet_recplot,15,faithfulness,-0.19812574982643127
65,mobilenet_recplot,15,robustness,2.0526561737060547
65,mobilenet_recplot,15,complexity,0.655000855125564
65,mobilenet_recplot,16,faithfulness,-0.24373212456703186
65,mobilenet_recplot,16,robustness,2.4330968856811523
65,mobilenet_recplot,16,complexity,0.6231198718912427
65,mobilenet_recplot,17,faithfulness,0.03680343180894852
65,mobilenet_recplot,17,robustness,1.811474323272705
65,mobilenet_recplot,17,complexity,0.6260788453358183
65,mobilenet_recplot,18,faithfulness,-0.32277464866638184
65,mobilenet_recplot,18,robustness,1.894852638244629
65,mobilenet_recplot,18,complexity,0.6229988673085399
65,mobilenet_recplot,19,faithfulness,0.13296979665756226
65,mobilenet_recplot,19,robustness,2.7799270153045654
65,mobilenet_recplot,19,complexity,0.6218115693926505
65,mobilenet_recplot,20,faithfulness,0.03344216197729111
65,mobilenet_recplot,20,robustness,1.843076229095459
65,mobilenet_recplot,20,complexity,0.6361558286604867
65,mobilenet_recplot,21,faithfulness,-0.009594112634658813
65,mobilenet_recplot,21,robustness,1.7938231229782104
65,mobilenet_recplot,21,complexity,0.6342939269557342
65,mobilenet_recplot,22,faithfulness,0.0069955140352249146
65,mobilenet_recplot,22,robustness,1.1820536851882935
65,mobilenet_recplot,22,complexity,0.6501205483830619
65,mobilenet_recplot,23,faithfulness,0.3068001866340637
65,mobilenet_recplot,23,robustness,1.4403302669525146
65,mobilenet_recplot,23,complexity,0.6709118694040839
65,mobilenet_recplot,24,faithfulness,0.27834731340408325
65,mobilenet_recplot,24,robustness,1.3464305400848389
65,mobilenet_recplot,24,complexity,0.6503998377744111
65,mobilenet_recplot,25,faithfulness,-0.09358593821525574
65,mobilenet_recplot,25,robustness,1.3833551406860352
65,mobilenet_recplot,25,complexity,0.606613418393851
65,mobilenet_recplot,26,faithfulness,0.28309112787246704
65,mobilenet_recplot,26,robustness,1.4299439191818237
65,mobilenet_recplot,26,complexity,0.6551040225027763
65,mobilenet_recplot,27,faithfulness,0.10761261731386185
65,mobilenet_recplot,27,robustness,1.3438711166381836
65,mobilenet_recplot,27,complexity,0.6358373828950848
65,mobilenet_recplot,28,faithfulness,0.14446702599525452
65,mobilenet_recplot,28,robustness,1.7090933322906494
65,mobilenet_recplot,28,complexity,0.6026709426826091
65,mobilenet_recplot,29,faithfulness,-0.09022288769483566
65,mobilenet_recplot,29,robustness,2.845278263092041
65,mobilenet_recplot,29,complexity,0.6091347273550929
65,mobilenet_recplot,30,faithfulness,0.10844650864601135
65,mobilenet_recplot,30,robustness,1.915886402130127
65,mobilenet_recplot,30,complexity,0.6114507283009561
65,mobilenet_recplot,31,faithfulness,0.23698782920837402
65,mobilenet_recplot,31,robustness,1.5862478017807007
65,mobilenet_recplot,31,complexity,0.5803980991408505
65,mobilenet_recplot,32,faithfulness,-0.042681433260440826
65,mobilenet_recplot,32,robustness,1.221233606338501
65,mobilenet_recplot,32,complexity,0.60969911122918
65,mobilenet_recplot,33,faithfulness,-0.34973251819610596
65,mobilenet_recplot,33,robustness,1.4052379131317139
65,mobilenet_recplot,33,complexity,0.6779135437787784
65,mobilenet_recplot,34,faithfulness,-0.08485206961631775
65,mobilenet_recplot,34,robustness,1.3239394426345825
65,mobilenet_recplot,34,complexity,0.5964707718000066
65,mobilenet_recplot,35,faithfulness,-0.2595307230949402
65,mobilenet_recplot,35,robustness,1.3585841655731201
65,mobilenet_recplot,35,complexity,0.6043455859258248
65,mobilenet_recplot,36,faithfulness,-0.2627863883972168
65,mobilenet_recplot,36,robustness,1.6821186542510986
65,mobilenet_recplot,36,complexity,0.6250547109288337
65,mobilenet_recplot,37,faithfulness,0.27371081709861755
65,mobilenet_recplot,37,robustness,1.5126374959945679
65,mobilenet_recplot,37,complexity,0.6353804195846541
65,mobilenet_recplot,38,faithfulness,-0.1102854460477829
65,mobilenet_recplot,38,robustness,1.4392318725585938
65,mobilenet_recplot,38,complexity,0.6464856307301055
65,mobilenet_recplot,39,faithfulness,0.15309500694274902
65,mobilenet_recplot,39,robustness,1.3986550569534302
65,mobilenet_recplot,39,complexity,0.6445270504538
65,mobilenet_recplot,40,faithfulness,-0.12774807214736938
65,mobilenet_recplot,40,robustness,1.2109497785568237
65,mobilenet_recplot,40,complexity,0.648147340104736
65,mobilenet_recplot,41,faithfulness,0.1846584975719452
65,mobilenet_recplot,41,robustness,1.243166208267212
65,mobilenet_recplot,41,complexity,0.617779436711931
65,mobilenet_recplot,42,faithfulness,-0.03405755013227463
65,mobilenet_recplot,42,robustness,1.2004512548446655
65,mobilenet_recplot,42,complexity,0.6344099717368541
65,mobilenet_recplot,43,faithfulness,0.13602858781814575
65,mobilenet_recplot,43,robustness,1.7116186618804932
65,mobilenet_recplot,43,complexity,0.6383992230672894
65,mobilenet_recplot,44,faithfulness,-0.038676679134368896
65,mobilenet_recplot,44,robustness,1.3535176515579224
65,mobilenet_recplot,44,complexity,0.6499517830562561
65,mobilenet_recplot,45,faithfulness,0.3980870246887207
65,mobilenet_recplot,45,robustness,1.2935253381729126
65,mobilenet_recplot,45,complexity,0.6254849529727843
65,effnet_orig,0,faithfulness,0.23070627450942993
65,effnet_orig,0,robustness,26.19268226623535
65,effnet_orig,0,complexity,0.634972586878433
65,effnet_orig,1,faithfulness,-0.25247880816459656
65,effnet_orig,1,robustness,107.14083099365234
65,effnet_orig,1,complexity,0.6004958214843615
65,effnet_orig,2,faithfulness,0.16500771045684814
65,effnet_orig,2,robustness,87.59261322021484
65,effnet_orig,2,complexity,0.6317199154329438
65,effnet_orig,3,faithfulness,-0.40577369928359985
65,effnet_orig,3,robustness,18.341691970825195
65,effnet_orig,3,complexity,0.6081910359714394
65,effnet_orig,4,faithfulness,0.22332598268985748
65,effnet_orig,4,robustness,375.48260498046875
65,effnet_orig,4,complexity,0.6368037720859345
65,effnet_orig,5,faithfulness,-0.10893097519874573
65,effnet_orig,5,robustness,1668.0936279296875
65,effnet_orig,5,complexity,0.6152259555641665
65,effnet_orig,6,faithfulness,-0.0206187404692173
65,effnet_orig,6,robustness,1096.3531494140625
65,effnet_orig,6,complexity,0.6197209901236128
65,effnet_orig,7,faithfulness,0.21541227400302887
65,effnet_orig,7,robustness,110.5427474975586
65,effnet_orig,7,complexity,0.6025440379288259
65,effnet_orig,8,faithfulness,-0.15243729948997498
65,effnet_orig,8,robustness,1178.2418212890625
65,effnet_orig,8,complexity,0.6147013023473029
65,effnet_orig,9,faithfulness,0.09634310007095337
65,effnet_orig,9,robustness,370.0400695800781
65,effnet_orig,9,complexity,0.594757755565077
65,effnet_orig,10,faithfulness,-0.15465745329856873
65,effnet_orig,10,robustness,40.60584259033203
65,effnet_orig,10,complexity,0.6182160978946697
65,effnet_orig,11,faithfulness,0.06159414350986481
65,effnet_orig,11,robustness,61.35445785522461
65,effnet_orig,11,complexity,0.639149528151528
65,effnet_orig,12,faithfulness,-0.04916517809033394
65,effnet_orig,12,robustness,958.4389038085938
65,effnet_orig,12,complexity,0.6068873963178348
65,effnet_orig,13,faithfulness,0.0748567283153534
65,effnet_orig,13,robustness,186.29010009765625
65,effnet_orig,13,complexity,0.6259121452786163
65,effnet_orig,14,faithfulness,0.1576518416404724
65,effnet_orig,14,robustness,427.345947265625
65,effnet_orig,14,complexity,0.6028212137092834
65,effnet_orig,15,faithfulness,-0.018813826143741608
65,effnet_orig,15,robustness,84.37787628173828
65,effnet_orig,15,complexity,0.6238319959065235
65,effnet_orig,16,faithfulness,0.002329200506210327
65,effnet_orig,16,robustness,767.919189453125
65,effnet_orig,16,complexity,0.6403235525127238
65,effnet_orig,17,faithfulness,-0.050214625895023346
65,effnet_orig,17,robustness,49.72859191894531
65,effnet_orig,17,complexity,0.614912811903885
65,effnet_orig,18,faithfulness,-0.22016990184783936
65,effnet_orig,18,robustness,36.17030715942383
65,effnet_orig,18,complexity,0.6357266653367671
65,effnet_orig,19,faithfulness,-0.006248749792575836
65,effnet_orig,19,robustness,2515.418701171875
65,effnet_orig,19,complexity,0.64624076625593
65,effnet_orig,20,faithfulness,-0.022330723702907562
65,effnet_orig,20,robustness,77.63656616210938
65,effnet_orig,20,complexity,0.6527268461153052
65,effnet_orig,21,faithfulness,-0.0019618794322013855
65,effnet_orig,21,robustness,21.359325408935547
65,effnet_orig,21,complexity,0.6675585623415508
65,effnet_orig,22,faithfulness,-0.15593397617340088
65,effnet_orig,22,robustness,11.569194793701172
65,effnet_orig,22,complexity,0.5964334951361672
65,effnet_orig,23,faithfulness,0.02818681299686432
65,effnet_orig,23,robustness,1653.730224609375
65,effnet_orig,23,complexity,0.6086568092971066
65,effnet_orig,24,faithfulness,-0.13564583659172058
65,effnet_orig,24,robustness,20.017663955688477
65,effnet_orig,24,complexity,0.5959040063217206
65,effnet_orig,25,faithfulness,0.11747553944587708
65,effnet_orig,25,robustness,170.0828399658203
65,effnet_orig,25,complexity,0.6049319727298902
65,effnet_orig,26,faithfulness,0.08641941845417023
65,effnet_orig,26,robustness,131.82945251464844
65,effnet_orig,26,complexity,0.6173791426755686
65,effnet_orig,27,faithfulness,0.07275757193565369
65,effnet_orig,27,robustness,103.97750854492188
65,effnet_orig,27,complexity,0.5962461789936482
65,effnet_orig,28,faithfulness,0.1721920669078827
65,effnet_orig,28,robustness,5136.09130859375
65,effnet_orig,28,complexity,0.5964608597425651
65,effnet_orig,29,faithfulness,0.032308343797922134
65,effnet_orig,29,robustness,1593.5386962890625
65,effnet_orig,29,complexity,0.6111287217307154
65,effnet_orig,30,faithfulness,-0.3279842436313629
65,effnet_orig,30,robustness,42.85810852050781
65,effnet_orig,30,complexity,0.6076645778424253
65,effnet_orig,31,faithfulness,0.0009021144360303879
65,effnet_orig,31,robustness,3.368875503540039
65,effnet_orig,31,complexity,0.6354379044983844
65,effnet_orig,32,faithfulness,0.4787012040615082
65,effnet_orig,32,robustness,55.50577163696289
65,effnet_orig,32,complexity,0.5796660668855026
65,effnet_orig,33,faithfulness,0.20403936505317688
65,effnet_orig,33,robustness,200.53944396972656
65,effnet_orig,33,complexity,0.6170283313126427
65,effnet_orig,34,faithfulness,-0.0941852331161499
65,effnet_orig,34,robustness,78.02239990234375
65,effnet_orig,34,complexity,0.6036517745783139
65,effnet_orig,35,faithfulness,0.1407599151134491
65,effnet_orig,35,robustness,1542.6790771484375
65,effnet_orig,35,complexity,0.5829193331174415
65,effnet_orig,36,faithfulness,-0.1862703561782837
65,effnet_orig,36,robustness,1893.9830322265625
65,effnet_orig,36,complexity,0.5764665554080611
65,effnet_orig,37,faithfulness,0.2389092892408371
65,effnet_orig,37,robustness,1.0870572328567505
65,effnet_orig,37,complexity,0.6283196438574624
65,effnet_orig,38,faithfulness,0.11827946454286575
65,effnet_orig,38,robustness,58.929080963134766
65,effnet_orig,38,complexity,0.534543904231137
65,effnet_orig,39,faithfulness,-0.35796239972114563
65,effnet_orig,39,robustness,343.1806640625
65,effnet_orig,39,complexity,0.6003499473690059
65,effnet_orig,40,faithfulness,0.23889468610286713
65,effnet_orig,40,robustness,1269.433837890625
65,effnet_orig,40,complexity,0.5990602973379117
65,effnet_orig,41,faithfulness,0.11650998890399933
65,effnet_orig,41,robustness,58.5911865234375
65,effnet_orig,41,complexity,0.6082757318748633
65,effnet_orig,42,faithfulness,0.16688497364521027
65,effnet_orig,42,robustness,34.239173889160156
65,effnet_orig,42,complexity,0.5897202084235721
65,effnet_orig,43,faithfulness,-0.149020716547966
65,effnet_orig,43,robustness,55.65251159667969
65,effnet_orig,43,complexity,0.5679601950629092
65,effnet_orig,44,faithfulness,0.08157242834568024
65,effnet_orig,44,robustness,1.908516764640808
65,effnet_orig,44,complexity,0.6220254218647903
65,effnet_orig,45,faithfulness,0.2464553564786911
65,effnet_orig,45,robustness,9.827736854553223
65,effnet_orig,45,complexity,0.608325769073993
65,effnet_recplot,0,faithfulness,0.030119575560092926
65,effnet_recplot,0,robustness,433.0361022949219
65,effnet_recplot,0,complexity,0.6262664706727653
65,effnet_recplot,1,faithfulness,0.007353946566581726
65,effnet_recplot,1,robustness,1472.2694091796875
65,effnet_recplot,1,complexity,0.6258091627998726
65,effnet_recplot,2,faithfulness,-0.055692508816719055
65,effnet_recplot,2,robustness,39.19549560546875
65,effnet_recplot,2,complexity,0.6239548669371935
65,effnet_recplot,3,faithfulness,-0.10827689617872238
65,effnet_recplot,3,robustness,64.92768859863281
65,effnet_recplot,3,complexity,0.6238743359496907
65,effnet_recplot,4,faithfulness,0.011150307953357697
65,effnet_recplot,4,robustness,1355.09326171875
65,effnet_recplot,4,complexity,0.633539988687368
65,effnet_recplot,5,faithfulness,-0.11606209725141525
65,effnet_recplot,5,robustness,1.1309734582901
65,effnet_recplot,5,complexity,0.6909282050872128
65,effnet_recplot,6,faithfulness,-0.1198805645108223
65,effnet_recplot,6,robustness,74.70651245117188
65,effnet_recplot,6,complexity,0.6360161790343368
65,effnet_recplot,7,faithfulness,-0.25280696153640747
65,effnet_recplot,7,robustness,3.47989821434021
65,effnet_recplot,7,complexity,0.6448762579530669
65,effnet_recplot,8,faithfulness,-0.0638059452176094
65,effnet_recplot,8,robustness,47.3841438293457
65,effnet_recplot,8,complexity,0.6358298758510491
65,effnet_recplot,9,faithfulness,-0.09240159392356873
65,effnet_recplot,9,robustness,97.01800537109375
65,effnet_recplot,9,complexity,0.6370575124221993
65,effnet_recplot,10,faithfulness,-0.047804538160562515
65,effnet_recplot,10,robustness,4.312425136566162
65,effnet_recplot,10,complexity,0.6364777188841986
65,effnet_recplot,11,faithfulness,0.10382094234228134
65,effnet_recplot,11,robustness,1.749334454536438
65,effnet_recplot,11,complexity,0.6437318851361299
65,effnet_recplot,12,faithfulness,-0.12732888758182526
65,effnet_recplot,12,robustness,1.1300734281539917
65,effnet_recplot,12,complexity,0.6168501261049797
65,effnet_recplot,13,faithfulness,-0.11580371111631393
65,effnet_recplot,13,robustness,33.25062561035156
65,effnet_recplot,13,complexity,0.6261068393700331
65,effnet_recplot,14,faithfulness,0.24609117209911346
65,effnet_recplot,14,robustness,52.87939453125
65,effnet_recplot,14,complexity,0.6287716055389692
65,effnet_recplot,15,faithfulness,-0.06442789733409882
65,effnet_recplot,15,robustness,604.79150390625
65,effnet_recplot,15,complexity,0.6256248247383007
65,effnet_recplot,16,faithfulness,0.1921558976173401
65,effnet_recplot,16,robustness,483.4892272949219
65,effnet_recplot,16,complexity,0.5999314275184858
65,effnet_recplot,17,faithfulness,-0.19747360050678253
65,effnet_recplot,17,robustness,13.105154037475586
65,effnet_recplot,17,complexity,0.6279405704020304
65,effnet_recplot,18,faithfulness,-0.009603641927242279
65,effnet_recplot,18,robustness,1.182375192642212
65,effnet_recplot,18,complexity,0.7182992444659428
65,effnet_recplot,19,faithfulness,0.24676406383514404
65,effnet_recplot,19,robustness,553.1412353515625
65,effnet_recplot,19,complexity,0.6449068022212793
65,effnet_recplot,20,faithfulness,0.1731967031955719
65,effnet_recplot,20,robustness,70.85981750488281
65,effnet_recplot,20,complexity,0.6379243725755964
65,effnet_recplot,21,faithfulness,-0.12302304059267044
65,effnet_recplot,21,robustness,44.42535400390625
65,effnet_recplot,21,complexity,0.6529923558016836
65,effnet_recplot,22,faithfulness,0.21003292500972748
65,effnet_recplot,22,robustness,2.4251270294189453
65,effnet_recplot,22,complexity,0.6188411177048129
65,effnet_recplot,23,faithfulness,-0.0030743777751922607
65,effnet_recplot,23,robustness,615.5107421875
65,effnet_recplot,23,complexity,0.6168345476632797
65,effnet_recplot,24,faithfulness,-0.050044696778059006
65,effnet_recplot,24,robustness,163.2309112548828
65,effnet_recplot,24,complexity,0.6375217817599685
65,effnet_recplot,25,faithfulness,0.08209995925426483
65,effnet_recplot,25,robustness,32.87295913696289
65,effnet_recplot,25,complexity,0.6545133550380615
65,effnet_recplot,26,faithfulness,-0.36165860295295715
65,effnet_recplot,26,robustness,2855.21923828125
65,effnet_recplot,26,complexity,0.6226978461904876
65,effnet_recplot,27,faithfulness,0.024668127298355103
65,effnet_recplot,27,robustness,1.016855001449585
65,effnet_recplot,27,complexity,0.6028646110226178
65,effnet_recplot,28,faithfulness,0.06111927703022957
65,effnet_recplot,28,robustness,38.19975662231445
65,effnet_recplot,28,complexity,0.5952971527115508
65,effnet_recplot,29,faithfulness,0.047605812549591064
65,effnet_recplot,29,robustness,1.0366708040237427
65,effnet_recplot,29,complexity,0.6035545120458118
65,effnet_recplot,30,faithfulness,0.09251740574836731
65,effnet_recplot,30,robustness,107.71298217773438
65,effnet_recplot,30,complexity,0.5673287581981402
65,effnet_recplot,31,faithfulness,0.0005615651607513428
65,effnet_recplot,31,robustness,8.852971076965332
65,effnet_recplot,31,complexity,0.6014928161615822
65,effnet_recplot,32,faithfulness,0.07670813798904419
65,effnet_recplot,32,robustness,112.6578140258789
65,effnet_recplot,32,complexity,0.6031334020729548
65,effnet_recplot,33,faithfulness,0.1166258156299591
65,effnet_recplot,33,robustness,12.746322631835938
65,effnet_recplot,33,complexity,0.6561130339536416
65,effnet_recplot,34,faithfulness,-0.2927939295768738
65,effnet_recplot,34,robustness,36.98188781738281
65,effnet_recplot,34,complexity,0.6469993064189833
65,effnet_recplot,35,faithfulness,-0.03984268009662628
65,effnet_recplot,35,robustness,11.483513832092285
65,effnet_recplot,35,complexity,0.6479018544170888
65,effnet_recplot,36,faithfulness,0.12220828980207443
65,effnet_recplot,36,robustness,1789.2777099609375
65,effnet_recplot,36,complexity,0.5777603071768607
65,effnet_recplot,37,faithfulness,-0.25230151414871216
65,effnet_recplot,37,robustness,289.92889404296875
65,effnet_recplot,37,complexity,0.6459999109694343
65,effnet_recplot,38,faithfulness,-0.1794031411409378
65,effnet_recplot,38,robustness,155.0509796142578
65,effnet_recplot,38,complexity,0.6360076988104001
65,effnet_recplot,39,faithfulness,0.03845858573913574
65,effnet_recplot,39,robustness,825.391357421875
65,effnet_recplot,39,complexity,0.6307719584035791
65,effnet_recplot,40,faithfulness,0.2062588781118393
65,effnet_recplot,40,robustness,17.971755981445312
65,effnet_recplot,40,complexity,0.6733053361372386
65,effnet_recplot,41,faithfulness,-0.0655340850353241
65,effnet_recplot,41,robustness,6.7175517082214355
65,effnet_recplot,41,complexity,0.6263308238768677
65,effnet_recplot,42,faithfulness,0.12835031747817993
65,effnet_recplot,42,robustness,1300.2698974609375
65,effnet_recplot,42,complexity,0.6045406354896555
65,effnet_recplot,43,faithfulness,-0.05673966556787491
65,effnet_recplot,43,robustness,10.848871231079102
65,effnet_recplot,43,complexity,0.6711596656553642
65,effnet_recplot,44,faithfulness,-0.4090312123298645
65,effnet_recplot,44,robustness,15.822693824768066
65,effnet_recplot,44,complexity,0.6042294846072703
65,effnet_recplot,45,faithfulness,0.07846848666667938
65,effnet_recplot,45,robustness,7.076498508453369
65,effnet_recplot,45,complexity,0.6318860172720848
87,mobilenet_orig,0,faithfulness,-0.14566001296043396
87,mobilenet_orig,0,robustness,3.6356403827667236
87,mobilenet_orig,0,complexity,0.6398353549691597
87,mobilenet_orig,1,faithfulness,-0.0014769546687602997
87,mobilenet_orig,1,robustness,3.7495641708374023
87,mobilenet_orig,1,complexity,0.6381669058402645
87,mobilenet_orig,2,faithfulness,-0.0159814041107893
87,mobilenet_orig,2,robustness,2.752065420150757
87,mobilenet_orig,2,complexity,0.6426350666172308
87,mobilenet_orig,3,faithfulness,0.0905018299818039
87,mobilenet_orig,3,robustness,5.689361572265625
87,mobilenet_orig,3,complexity,0.6300956404595639
87,mobilenet_orig,4,faithfulness,0.0030001848936080933
87,mobilenet_orig,4,robustness,7.639014720916748
87,mobilenet_orig,4,complexity,0.6283665901022496
87,mobilenet_orig,5,faithfulness,0.028987862169742584
87,mobilenet_orig,5,robustness,5.496170520782471
87,mobilenet_orig,5,complexity,0.6423866174296452
87,mobilenet_orig,6,faithfulness,0.03452135622501373
87,mobilenet_orig,6,robustness,4.601028919219971
87,mobilenet_orig,6,complexity,0.6509471858913924
87,mobilenet_orig,7,faithfulness,0.04521617293357849
87,mobilenet_orig,7,robustness,3.1477954387664795
87,mobilenet_orig,7,complexity,0.6399903544229462
87,mobilenet_orig,8,faithfulness,0.1499156653881073
87,mobilenet_orig,8,robustness,2.995262861251831
87,mobilenet_orig,8,complexity,0.6390136669525528
87,mobilenet_orig,9,faithfulness,0.10192537307739258
87,mobilenet_orig,9,robustness,5.939218044281006
87,mobilenet_orig,9,complexity,0.6304340670839869
87,mobilenet_orig,10,faithfulness,0.28549736738204956
87,mobilenet_orig,10,robustness,5.51168966293335
87,mobilenet_orig,10,complexity,0.6265989856834235
87,mobilenet_orig,11,faithfulness,-0.25258415937423706
87,mobilenet_orig,11,robustness,2.1851866245269775
87,mobilenet_orig,11,complexity,0.6499482254139374
87,mobilenet_orig,12,faithfulness,-0.07762551307678223
87,mobilenet_orig,12,robustness,4.458821773529053
87,mobilenet_orig,12,complexity,0.633865603740115
87,mobilenet_orig,13,faithfulness,-0.25369778275489807
87,mobilenet_orig,13,robustness,3.706693649291992
87,mobilenet_orig,13,complexity,0.6389603871204915
87,mobilenet_orig,14,faithfulness,0.01695987954735756
87,mobilenet_orig,14,robustness,4.816171646118164
87,mobilenet_orig,14,complexity,0.6131897173019208
87,mobilenet_orig,15,faithfulness,-0.10113464295864105
87,mobilenet_orig,15,robustness,6.244584083557129
87,mobilenet_orig,15,complexity,0.6237405812063856
87,mobilenet_orig,16,faithfulness,0.06079684942960739
87,mobilenet_orig,16,robustness,4.900284767150879
87,mobilenet_orig,16,complexity,0.6282108155641475
87,mobilenet_orig,17,faithfulness,-0.38833415508270264
87,mobilenet_orig,17,robustness,5.257349967956543
87,mobilenet_orig,17,complexity,0.6123826541597279
87,mobilenet_orig,18,faithfulness,0.1934202015399933
87,mobilenet_orig,18,robustness,7.356180667877197
87,mobilenet_orig,18,complexity,0.6208435843810096
87,mobilenet_orig,19,faithfulness,-0.20851655304431915
87,mobilenet_orig,19,robustness,3.2480506896972656
87,mobilenet_orig,19,complexity,0.6614493801512392
87,mobilenet_orig,20,faithfulness,0.12744948267936707
87,mobilenet_orig,20,robustness,7.369790554046631
87,mobilenet_orig,20,complexity,0.6450109982342879
87,mobilenet_orig,21,faithfulness,-0.03462536633014679
87,mobilenet_orig,21,robustness,9.457307815551758
87,mobilenet_orig,21,complexity,0.6199528791485192
87,mobilenet_orig,22,faithfulness,0.04324133321642876
87,mobilenet_orig,22,robustness,1.9125195741653442
87,mobilenet_orig,22,complexity,0.6251347345545367
87,mobilenet_orig,23,faithfulness,-0.033483318984508514
87,mobilenet_orig,23,robustness,2.7394845485687256
87,mobilenet_orig,23,complexity,0.6318323956767177
87,mobilenet_orig,24,faithfulness,0.18656545877456665
87,mobilenet_orig,24,robustness,3.248220443725586
87,mobilenet_orig,24,complexity,0.5958768860583655
87,mobilenet_orig,25,faithfulness,0.010225936770439148
87,mobilenet_orig,25,robustness,3.703026533126831
87,mobilenet_orig,25,complexity,0.640439506046862
87,mobilenet_orig,26,faithfulness,0.24115332961082458
87,mobilenet_orig,26,robustness,1.3235113620758057
87,mobilenet_orig,26,complexity,0.6050710713738835
87,mobilenet_orig,27,faithfulness,-0.21867801249027252
87,mobilenet_orig,27,robustness,2.467048168182373
87,mobilenet_orig,27,complexity,0.6220107811571295
87,mobilenet_orig,28,faithfulness,-0.2297331541776657
87,mobilenet_orig,28,robustness,4.580445289611816
87,mobilenet_orig,28,complexity,0.6381770739911653
87,mobilenet_orig,29,faithfulness,0.2484864890575409
87,mobilenet_orig,29,robustness,4.613834381103516
87,mobilenet_orig,29,complexity,0.6359538032553793
87,mobilenet_orig,30,faithfulness,-0.0250273197889328
87,mobilenet_orig,30,robustness,5.001942157745361
87,mobilenet_orig,30,complexity,0.6150670535784177
87,mobilenet_orig,31,faithfulness,-0.24151375889778137
87,mobilenet_orig,31,robustness,3.590717315673828
87,mobilenet_orig,31,complexity,0.6314475864286531
87,mobilenet_orig,32,faithfulness,0.12032236158847809
87,mobilenet_orig,32,robustness,3.2336184978485107
87,mobilenet_orig,32,complexity,0.6343152226948071
87,mobilenet_orig,33,faithfulness,0.2612115144729614
87,mobilenet_orig,33,robustness,1.4308457374572754
87,mobilenet_orig,33,complexity,0.6142055046052265
87,mobilenet_orig,34,faithfulness,-0.31008318066596985
87,mobilenet_orig,34,robustness,2.2968292236328125
87,mobilenet_orig,34,complexity,0.6055630038475527
87,mobilenet_orig,35,faithfulness,-0.018851973116397858
87,mobilenet_orig,35,robustness,3.8936774730682373
87,mobilenet_orig,35,complexity,0.6168657599425119
87,mobilenet_orig,36,faithfulness,0.27092158794403076
87,mobilenet_orig,36,robustness,3.0686116218566895
87,mobilenet_orig,36,complexity,0.5901423025949474
87,mobilenet_orig,37,faithfulness,-0.13567395508289337
87,mobilenet_orig,37,robustness,3.1792125701904297
87,mobilenet_orig,37,complexity,0.6466415471076903
87,mobilenet_orig,38,faithfulness,0.2655849754810333
87,mobilenet_orig,38,robustness,3.072388172149658
87,mobilenet_orig,38,complexity,0.6266111616384065
87,mobilenet_orig,39,faithfulness,-0.07714776694774628
87,mobilenet_orig,39,robustness,1.6504813432693481
87,mobilenet_orig,39,complexity,0.6736789752152489
87,mobilenet_orig,40,faithfulness,0.04142886400222778
87,mobilenet_orig,40,robustness,1.8756651878356934
87,mobilenet_orig,40,complexity,0.6200010976168502
87,mobilenet_orig,41,faithfulness,-0.09335769712924957
87,mobilenet_orig,41,robustness,3.9532275199890137
87,mobilenet_orig,41,complexity,0.613205909547121
87,mobilenet_orig,42,faithfulness,-0.0035255365073680878
87,mobilenet_orig,42,robustness,4.423547267913818
87,mobilenet_orig,42,complexity,0.6072896091312682
87,mobilenet_orig,43,faithfulness,-0.49195563793182373
87,mobilenet_orig,43,robustness,3.8001508712768555
87,mobilenet_orig,43,complexity,0.6074414841712173
87,mobilenet_orig,44,faithfulness,-0.016625013202428818
87,mobilenet_orig,44,robustness,3.528961420059204
87,mobilenet_orig,44,complexity,0.5987255878125445
87,mobilenet_orig,45,faithfulness,0.15058279037475586
87,mobilenet_orig,45,robustness,4.197558403015137
87,mobilenet_orig,45,complexity,0.648526231941673
87,mobilenet_recplot,0,faithfulness,0.08632823824882507
87,mobilenet_recplot,0,robustness,2.717319965362549
87,mobilenet_recplot,0,complexity,0.6127688578316799
87,mobilenet_recplot,1,faithfulness,-0.2654816806316376
87,mobilenet_recplot,1,robustness,3.3513286113739014
87,mobilenet_recplot,1,complexity,0.5984277892816022
87,mobilenet_recplot,2,faithfulness,-0.12326414883136749
87,mobilenet_recplot,2,robustness,2.152759552001953
87,mobilenet_recplot,2,complexity,0.6369106347303756
87,mobilenet_recplot,3,faithfulness,-0.05164981633424759
87,mobilenet_recplot,3,robustness,2.4173166751861572
87,mobilenet_recplot,3,complexity,0.6338155238595824
87,mobilenet_recplot,4,faithfulness,-0.13250933587551117
87,mobilenet_recplot,4,robustness,1.7412923574447632
87,mobilenet_recplot,4,complexity,0.5963807625583448
87,mobilenet_recplot,5,faithfulness,0.03721841424703598
87,mobilenet_recplot,5,robustness,2.554319381713867
87,mobilenet_recplot,5,complexity,0.6225590221279336
87,mobilenet_recplot,6,faithfulness,-0.06729632616043091
87,mobilenet_recplot,6,robustness,1.7487459182739258
87,mobilenet_recplot,6,complexity,0.6236754720980436
87,mobilenet_recplot,7,faithfulness,-0.3513645529747009
87,mobilenet_recplot,7,robustness,1.743254542350769
87,mobilenet_recplot,7,complexity,0.6392158428805601
87,mobilenet_recplot,8,faithfulness,-0.18666253983974457
87,mobilenet_recplot,8,robustness,2.5799808502197266
87,mobilenet_recplot,8,complexity,0.6154430229433384
87,mobilenet_recplot,9,faithfulness,-0.017837047576904297
87,mobilenet_recplot,9,robustness,2.4267852306365967
87,mobilenet_recplot,9,complexity,0.6091277912923416
87,mobilenet_recplot,10,faithfulness,0.31895047426223755
87,mobilenet_recplot,10,robustness,2.7672767639160156
87,mobilenet_recplot,10,complexity,0.6377973548258967
87,mobilenet_recplot,11,faithfulness,0.03523099422454834
87,mobilenet_recplot,11,robustness,1.5393216609954834
87,mobilenet_recplot,11,complexity,0.6074264608642738
87,mobilenet_recplot,12,faithfulness,0.3618326783180237
87,mobilenet_recplot,12,robustness,1.8980737924575806
87,mobilenet_recplot,12,complexity,0.5956519332503984
87,mobilenet_recplot,13,faithfulness,0.08745342493057251
87,mobilenet_recplot,13,robustness,2.3338561058044434
87,mobilenet_recplot,13,complexity,0.6421567747226193
87,mobilenet_recplot,14,faithfulness,0.10240757465362549
87,mobilenet_recplot,14,robustness,2.541260004043579
87,mobilenet_recplot,14,complexity,0.621869480312771
87,mobilenet_recplot,15,faithfulness,-0.09746776521205902
87,mobilenet_recplot,15,robustness,2.0107600688934326
87,mobilenet_recplot,15,complexity,0.6392626931475109
87,mobilenet_recplot,16,faithfulness,0.5160001516342163
87,mobilenet_recplot,16,robustness,2.1591639518737793
87,mobilenet_recplot,16,complexity,0.6187509568215245
87,mobilenet_recplot,17,faithfulness,-0.16270464658737183
87,mobilenet_recplot,17,robustness,1.8645668029785156
87,mobilenet_recplot,17,complexity,0.6101753762170178
87,mobilenet_recplot,18,faithfulness,-0.3084299564361572
87,mobilenet_recplot,18,robustness,2.7839865684509277
87,mobilenet_recplot,18,complexity,0.6194229508621163
87,mobilenet_recplot,19,faithfulness,0.23787885904312134
87,mobilenet_recplot,19,robustness,3.794942855834961
87,mobilenet_recplot,19,complexity,0.6378734377064371
87,mobilenet_recplot,20,faithfulness,-0.13288614153862
87,mobilenet_recplot,20,robustness,1.6162638664245605
87,mobilenet_recplot,20,complexity,0.6344190606082561
87,mobilenet_recplot,21,faithfulness,0.23057320713996887
87,mobilenet_recplot,21,robustness,2.498668670654297
87,mobilenet_recplot,21,complexity,0.6100046373494199
87,mobilenet_recplot,22,faithfulness,-0.062046118080616
87,mobilenet_recplot,22,robustness,1.4740009307861328
87,mobilenet_recplot,22,complexity,0.6407800298228326
87,mobilenet_recplot,23,faithfulness,-0.1983083337545395
87,mobilenet_recplot,23,robustness,1.9583756923675537
87,mobilenet_recplot,23,complexity,0.6569187587265995
87,mobilenet_recplot,24,faithfulness,0.19729594886302948
87,mobilenet_recplot,24,robustness,1.7350505590438843
87,mobilenet_recplot,24,complexity,0.6347161775443234
87,mobilenet_recplot,25,faithfulness,0.16423964500427246
87,mobilenet_recplot,25,robustness,1.9557141065597534
87,mobilenet_recplot,25,complexity,0.5937648131671747
87,mobilenet_recplot,26,faithfulness,-0.13942664861679077
87,mobilenet_recplot,26,robustness,1.6439638137817383
87,mobilenet_recplot,26,complexity,0.6432465015269044
87,mobilenet_recplot,27,faithfulness,-0.09090430289506912
87,mobilenet_recplot,27,robustness,1.7254492044448853
87,mobilenet_recplot,27,complexity,0.6348072624250201
87,mobilenet_recplot,28,faithfulness,-0.0342089906334877
87,mobilenet_recplot,28,robustness,2.2749457359313965
87,mobilenet_recplot,28,complexity,0.6078032083444371
87,mobilenet_recplot,29,faithfulness,-0.3244880735874176
87,mobilenet_recplot,29,robustness,4.240104675292969
87,mobilenet_recplot,29,complexity,0.5899033768638373
87,mobilenet_recplot,30,faithfulness,0.1918237954378128
87,mobilenet_recplot,30,robustness,2.348781108856201
87,mobilenet_recplot,30,complexity,0.6106580698490179
87,mobilenet_recplot,31,faithfulness,-0.0387212410569191
87,mobilenet_recplot,31,robustness,1.6898183822631836
87,mobilenet_recplot,31,complexity,0.5770221731600126
87,mobilenet_recplot,32,faithfulness,-0.29794931411743164
87,mobilenet_recplot,32,robustness,1.3649333715438843
87,mobilenet_recplot,32,complexity,0.6108249796241249
87,mobilenet_recplot,33,faithfulness,0.03871888667345047
87,mobilenet_recplot,33,robustness,1.6895562410354614
87,mobilenet_recplot,33,complexity,0.6580095996338509
87,mobilenet_recplot,34,faithfulness,0.1176733523607254
87,mobilenet_recplot,34,robustness,1.5314412117004395
87,mobilenet_recplot,34,complexity,0.5873247301509493
87,mobilenet_recplot,35,faithfulness,0.01882084086537361
87,mobilenet_recplot,35,robustness,1.4399977922439575
87,mobilenet_recplot,35,complexity,0.599425319395569
87,mobilenet_recplot,36,faithfulness,0.037340227514505386
87,mobilenet_recplot,36,robustness,2.1755924224853516
87,mobilenet_recplot,36,complexity,0.6213365269319665
87,mobilenet_recplot,37,faithfulness,0.12588724493980408
87,mobilenet_recplot,37,robustness,1.7702902555465698
87,mobilenet_recplot,37,complexity,0.62364058121418
87,mobilenet_recplot,38,faithfulness,0.2877970337867737
87,mobilenet_recplot,38,robustness,1.680667519569397
87,mobilenet_recplot,38,complexity,0.6319869422362234
87,mobilenet_recplot,39,faithfulness,0.06730864942073822
87,mobilenet_recplot,39,robustness,1.9023677110671997
87,mobilenet_recplot,39,complexity,0.6185171834001238
87,mobilenet_recplot,40,faithfulness,-0.12181406468153
87,mobilenet_recplot,40,robustness,1.7572352886199951
87,mobilenet_recplot,40,complexity,0.6110344883346035
87,mobilenet_recplot,41,faithfulness,-0.08327624201774597
87,mobilenet_recplot,41,robustness,1.4552748203277588
87,mobilenet_recplot,41,complexity,0.6019451725581167
87,mobilenet_recplot,42,faithfulness,-0.12429305166006088
87,mobilenet_recplot,42,robustness,1.961574673652649
87,mobilenet_recplot,42,complexity,0.6143070071435551
87,mobilenet_recplot,43,faithfulness,-0.2575770616531372
87,mobilenet_recplot,43,robustness,2.0815699100494385
87,mobilenet_recplot,43,complexity,0.6403223567836287
87,mobilenet_recplot,44,faithfulness,0.03361232951283455
87,mobilenet_recplot,44,robustness,1.7877315282821655
87,mobilenet_recplot,44,complexity,0.6275236675674863
87,mobilenet_recplot,45,faithfulness,-0.25838300585746765
87,mobilenet_recplot,45,robustness,1.4719562530517578
87,mobilenet_recplot,45,complexity,0.6512984650522354
87,effnet_orig,0,faithfulness,0.04745156317949295
87,effnet_orig,0,robustness,3651.704345703125
87,effnet_orig,0,complexity,0.495195669218119
87,effnet_orig,1,faithfulness,0.282467246055603
87,effnet_orig,1,robustness,5.75362491607666
87,effnet_orig,1,complexity,0.6078029156009378
87,effnet_orig,2,faithfulness,0.04288520663976669
87,effnet_orig,2,robustness,12779.4189453125
87,effnet_orig,2,complexity,0.500650498621916
87,effnet_orig,3,faithfulness,0.1449923813343048
87,effnet_orig,3,robustness,195.06463623046875
87,effnet_orig,3,complexity,0.5475927496867887
87,effnet_orig,4,faithfulness,0.2770267426967621
87,effnet_orig,4,robustness,60.849979400634766
87,effnet_orig,4,complexity,0.5634150747394022
87,effnet_orig,5,faithfulness,-0.03206776827573776
87,effnet_orig,5,robustness,220.99798583984375
87,effnet_orig,5,complexity,0.5253798050195535
87,effnet_orig,6,faithfulness,-0.04171585291624069
87,effnet_orig,6,robustness,340.08074951171875
87,effnet_orig,6,complexity,0.6065975269847029
87,effnet_orig,7,faithfulness,0.0874428004026413
87,effnet_orig,7,robustness,940.1505126953125
87,effnet_orig,7,complexity,0.5222109942345329
87,effnet_orig,8,faithfulness,0.06637236475944519
87,effnet_orig,8,robustness,6.219101905822754
87,effnet_orig,8,complexity,0.6522663637930154
87,effnet_orig,9,faithfulness,0.10041700303554535
87,effnet_orig,9,robustness,172.94476318359375
87,effnet_orig,9,complexity,0.600161254910737
87,effnet_orig,10,faithfulness,0.018513739109039307
87,effnet_orig,10,robustness,260.3470153808594
87,effnet_orig,10,complexity,0.5281416692755575
87,effnet_orig,11,faithfulness,-0.3569728136062622
87,effnet_orig,11,robustness,351.2652587890625
87,effnet_orig,11,complexity,0.49591315880023007
87,effnet_orig,12,faithfulness,-0.0007000528275966644
87,effnet_orig,12,robustness,614.8904418945312
87,effnet_orig,12,complexity,0.632530769991644
87,effnet_orig,13,faithfulness,-0.05709659308195114
87,effnet_orig,13,robustness,10.380253791809082
87,effnet_orig,13,complexity,0.4824839063044565
87,effnet_orig,14,faithfulness,0.24497464299201965
87,effnet_orig,14,robustness,3628.2158203125
87,effnet_orig,14,complexity,0.6003722267420516
87,effnet_orig,15,faithfulness,0.256221741437912
87,effnet_orig,15,robustness,36.649085998535156
87,effnet_orig,15,complexity,0.6184970624661243
87,effnet_orig,16,faithfulness,-0.40825825929641724
87,effnet_orig,16,robustness,562.1497192382812
87,effnet_orig,16,complexity,0.4939196824396958
87,effnet_orig,17,faithfulness,0.06707285344600677
87,effnet_orig,17,robustness,2702.748779296875
87,effnet_orig,17,complexity,0.5015266031812886
87,effnet_orig,18,faithfulness,-0.10486520826816559
87,effnet_orig,18,robustness,137.50863647460938
87,effnet_orig,18,complexity,0.538669942491452
87,effnet_orig,19,faithfulness,0.25429922342300415
87,effnet_orig,19,robustness,13.660712242126465
87,effnet_orig,19,complexity,0.5036397244117758
87,effnet_orig,20,faithfulness,-0.2505004107952118
87,effnet_orig,20,robustness,99.09312438964844
87,effnet_orig,20,complexity,0.48776635048066874
87,effnet_orig,21,faithfulness,0.0582808256149292
87,effnet_orig,21,robustness,2699.784423828125
87,effnet_orig,21,complexity,0.6046597711169228
87,effnet_orig,22,faithfulness,0.25487220287323
87,effnet_orig,22,robustness,847.323974609375
87,effnet_orig,22,complexity,0.5885083793015086
87,effnet_orig,23,faithfulness,-0.10468576848506927
87,effnet_orig,23,robustness,1.0261168479919434
87,effnet_orig,23,complexity,0.5238123990387046
87,effnet_orig,24,faithfulness,0.04484715312719345
87,effnet_orig,24,robustness,1592.0093994140625
87,effnet_orig,24,complexity,0.5665502371825438
87,effnet_orig,25,faithfulness,0.32791808247566223
87,effnet_orig,25,robustness,21.20789337158203
87,effnet_orig,25,complexity,0.47192251346070513
87,effnet_orig,26,faithfulness,0.12439721822738647
87,effnet_orig,26,robustness,103.18891906738281
87,effnet_orig,26,complexity,0.45480915839705854
87,effnet_orig,27,faithfulness,0.002395693212747574
87,effnet_orig,27,robustness,10.515002250671387
87,effnet_orig,27,complexity,0.47823008770248737
87,effnet_orig,28,faithfulness,0.09088970720767975
87,effnet_orig,28,robustness,38.1663932800293
87,effnet_orig,28,complexity,0.48466069004398865
87,effnet_orig,29,faithfulness,-0.23104938864707947
87,effnet_orig,29,robustness,8366.9150390625
87,effnet_orig,29,complexity,0.5242447012670011
87,effnet_orig,30,faithfulness,0.23234859108924866
87,effnet_orig,30,robustness,381.5548095703125
87,effnet_orig,30,complexity,0.4730139950592793
87,effnet_orig,31,faithfulness,-0.21422040462493896
87,effnet_orig,31,robustness,175.6681365966797
87,effnet_orig,31,complexity,0.5991479697504485
87,effnet_orig,32,faithfulness,-0.0684850811958313
87,effnet_orig,32,robustness,3.3212664127349854
87,effnet_orig,32,complexity,0.45921590710482074
87,effnet_orig,33,faithfulness,-0.016832001507282257
87,effnet_orig,33,robustness,217.01979064941406
87,effnet_orig,33,complexity,0.4869763482682468
87,effnet_orig,34,faithfulness,0.13339442014694214
87,effnet_orig,34,robustness,10.187410354614258
87,effnet_orig,34,complexity,0.5038625370017051
87,effnet_orig,35,faithfulness,-0.35261034965515137
87,effnet_orig,35,robustness,2444.353759765625
87,effnet_orig,35,complexity,0.5227582716495467
87,effnet_orig,36,faithfulness,-0.10300067067146301
87,effnet_orig,36,robustness,427.6771545410156
87,effnet_orig,36,complexity,0.5325772665255863
87,effnet_orig,37,faithfulness,-0.1135786697268486
87,effnet_orig,37,robustness,129.11106872558594
87,effnet_orig,37,complexity,0.5498933616300249
87,effnet_orig,38,faithfulness,-0.3645762801170349
87,effnet_orig,38,robustness,19.156944274902344
87,effnet_orig,38,complexity,0.5045467027252922
87,effnet_orig,39,faithfulness,-0.06417842209339142
87,effnet_orig,39,robustness,1910.28515625
87,effnet_orig,39,complexity,0.4714787588220883
87,effnet_orig,40,faithfulness,-0.023182131350040436
87,effnet_orig,40,robustness,68.1644515991211
87,effnet_orig,40,complexity,0.4996387358912743
87,effnet_orig,41,faithfulness,0.029923226684331894
87,effnet_orig,41,robustness,1707.5819091796875
87,effnet_orig,41,complexity,0.5117856409640615
87,effnet_orig,42,faithfulness,0.046142350882291794
87,effnet_orig,42,robustness,410.34747314453125
87,effnet_orig,42,complexity,0.5636610512960182
87,effnet_orig,43,faithfulness,-0.07666384428739548
87,effnet_orig,43,robustness,1678.96240234375
87,effnet_orig,43,complexity,0.5872446191448151
87,effnet_orig,44,faithfulness,0.06718079745769501
87,effnet_orig,44,robustness,9.952618598937988
87,effnet_orig,44,complexity,0.4660453967545609
87,effnet_orig,45,faithfulness,0.031046397984027863
87,effnet_orig,45,robustness,3104.76318359375
87,effnet_orig,45,complexity,0.5700599538729779
87,effnet_recplot,0,faithfulness,-0.033112406730651855
87,effnet_recplot,0,robustness,37.44367980957031
87,effnet_recplot,0,complexity,0.7109746164998317
87,effnet_recplot,1,faithfulness,-0.3542958199977875
87,effnet_recplot,1,robustness,98.25755310058594
87,effnet_recplot,1,complexity,0.5790015208994072
87,effnet_recplot,2,faithfulness,0.1444077491760254
87,effnet_recplot,2,robustness,37.59208297729492
87,effnet_recplot,2,complexity,0.5964925570815023
87,effnet_recplot,3,faithfulness,0.1834138184785843
87,effnet_recplot,3,robustness,2010.911865234375
87,effnet_recplot,3,complexity,0.6127767727707878
87,effnet_recplot,4,faithfulness,0.2501087188720703
87,effnet_recplot,4,robustness,5.015212535858154
87,effnet_recplot,4,complexity,0.6395426521394457
87,effnet_recplot,5,faithfulness,-0.06985174119472504
87,effnet_recplot,5,robustness,94.06779479980469
87,effnet_recplot,5,complexity,0.6074336229576469
87,effnet_recplot,6,faithfulness,-0.2120913863182068
87,effnet_recplot,6,robustness,27.827253341674805
87,effnet_recplot,6,complexity,0.5929825025128571
87,effnet_recplot,7,faithfulness,-0.4456593096256256
87,effnet_recplot,7,robustness,18.917804718017578
87,effnet_recplot,7,complexity,0.6127461435936676
87,effnet_recplot,8,faithfulness,0.3443455994129181
87,effnet_recplot,8,robustness,1.0153558254241943
87,effnet_recplot,8,complexity,0.6456830064244049
87,effnet_recplot,9,faithfulness,-0.1366291046142578
87,effnet_recplot,9,robustness,151.9226837158203
87,effnet_recplot,9,complexity,0.6005800842386081
87,effnet_recplot,10,faithfulness,-0.14952147006988525
87,effnet_recplot,10,robustness,427.11572265625
87,effnet_recplot,10,complexity,0.6240412417046229
87,effnet_recplot,11,faithfulness,0.050275251269340515
87,effnet_recplot,11,robustness,522.3106079101562
87,effnet_recplot,11,complexity,0.6286182197820217
87,effnet_recplot,12,faithfulness,-0.10490116477012634
87,effnet_recplot,12,robustness,212.79403686523438
87,effnet_recplot,12,complexity,0.5848554693454463
87,effnet_recplot,13,faithfulness,0.011228999122977257
87,effnet_recplot,13,robustness,27.28923988342285
87,effnet_recplot,13,complexity,0.5974131708408601
87,effnet_recplot,14,faithfulness,0.44433122873306274
87,effnet_recplot,14,robustness,46.771034240722656
87,effnet_recplot,14,complexity,0.5488130564186627
87,effnet_recplot,15,faithfulness,0.14753569662570953
87,effnet_recplot,15,robustness,148.88609313964844
87,effnet_recplot,15,complexity,0.5495997712376754
87,effnet_recplot,16,faithfulness,-0.01877516880631447
87,effnet_recplot,16,robustness,2.811224937438965
87,effnet_recplot,16,complexity,0.6166924568005796
87,effnet_recplot,17,faithfulness,0.20135536789894104
87,effnet_recplot,17,robustness,99.99407958984375
87,effnet_recplot,17,complexity,0.6374390788682908
87,effnet_recplot,18,faithfulness,0.005645334720611572
87,effnet_recplot,18,robustness,22.833789825439453
87,effnet_recplot,18,complexity,0.6674330425939667
87,effnet_recplot,19,faithfulness,-0.09629017114639282
87,effnet_recplot,19,robustness,69.15032196044922
87,effnet_recplot,19,complexity,0.6137190808668763
87,effnet_recplot,20,faithfulness,0.03657366335391998
87,effnet_recplot,20,robustness,46.561241149902344
87,effnet_recplot,20,complexity,0.6798456798140312
87,effnet_recplot,21,faithfulness,-0.0679902732372284
87,effnet_recplot,21,robustness,18.110506057739258
87,effnet_recplot,21,complexity,0.6826758457290648
87,effnet_recplot,22,faithfulness,0.27943819761276245
87,effnet_recplot,22,robustness,20.349151611328125
87,effnet_recplot,22,complexity,0.5777101277292763
87,effnet_recplot,23,faithfulness,-0.16019561886787415
87,effnet_recplot,23,robustness,153.40469360351562
87,effnet_recplot,23,complexity,0.6280845797145652
87,effnet_recplot,24,faithfulness,0.06033749878406525
87,effnet_recplot,24,robustness,53.967350006103516
87,effnet_recplot,24,complexity,0.5837998820485986
87,effnet_recplot,25,faithfulness,-0.03225574642419815
87,effnet_recplot,25,robustness,13.281084060668945
87,effnet_recplot,25,complexity,0.5658448026829063
87,effnet_recplot,26,faithfulness,0.22504180669784546
87,effnet_recplot,26,robustness,236.02894592285156
87,effnet_recplot,26,complexity,0.6222271181841195
87,effnet_recplot,27,faithfulness,0.06587421894073486
87,effnet_recplot,27,robustness,32.02522277832031
87,effnet_recplot,27,complexity,0.6598859409840021
87,effnet_recplot,28,faithfulness,0.2837648391723633
87,effnet_recplot,28,robustness,38.8831787109375
87,effnet_recplot,28,complexity,0.5698393055025285
87,effnet_recplot,29,faithfulness,0.20641714334487915
87,effnet_recplot,29,robustness,1.1093099117279053
87,effnet_recplot,29,complexity,0.608730778468764
87,effnet_recplot,30,faithfulness,0.028373509645462036
87,effnet_recplot,30,robustness,47.08277130126953
87,effnet_recplot,30,complexity,0.6722520961467765
87,effnet_recplot,31,faithfulness,0.07094137370586395
87,effnet_recplot,31,robustness,17.525352478027344
87,effnet_recplot,31,complexity,0.5253175426342835
87,effnet_recplot,32,faithfulness,-0.1738978922367096
87,effnet_recplot,32,robustness,1.0691584348678589
87,effnet_recplot,32,complexity,0.6575663648750804
87,effnet_recplot,33,faithfulness,0.14237070083618164
87,effnet_recplot,33,robustness,138.92530822753906
87,effnet_recplot,33,complexity,0.6374627466982772
87,effnet_recplot,34,faithfulness,0.08696826547384262
87,effnet_recplot,34,robustness,53.79317092895508
87,effnet_recplot,34,complexity,0.5821091896051052
87,effnet_recplot,35,faithfulness,0.18895110487937927
87,effnet_recplot,35,robustness,35.03607940673828
87,effnet_recplot,35,complexity,0.6289656433099168
87,effnet_recplot,36,faithfulness,0.054047029465436935
87,effnet_recplot,36,robustness,1073.2081298828125
87,effnet_recplot,36,complexity,0.568821886282285
87,effnet_recplot,37,faithfulness,0.07620776444673538
87,effnet_recplot,37,robustness,16.60366439819336
87,effnet_recplot,37,complexity,0.5878759788162626
87,effnet_recplot,38,faithfulness,0.15626469254493713
87,effnet_recplot,38,robustness,57.570159912109375
87,effnet_recplot,38,complexity,0.6693421992371799
87,effnet_recplot,39,faithfulness,-0.030397459864616394
87,effnet_recplot,39,robustness,25.280658721923828
87,effnet_recplot,39,complexity,0.5929306181925525
87,effnet_recplot,40,faithfulness,-0.19100704789161682
87,effnet_recplot,40,robustness,95.4649887084961
87,effnet_recplot,40,complexity,0.6282277866521961
87,effnet_recplot,41,faithfulness,-0.05113760381937027
87,effnet_recplot,41,robustness,8.212348937988281
87,effnet_recplot,41,complexity,0.5556240818903152
87,effnet_recplot,42,faithfulness,0.1784457266330719
87,effnet_recplot,42,robustness,3.9208614826202393
87,effnet_recplot,42,complexity,0.6441195594244457
87,effnet_recplot,43,faithfulness,0.29210734367370605
87,effnet_recplot,43,robustness,5.5083842277526855
87,effnet_recplot,43,complexity,0.6544970033534633
87,effnet_recplot,44,faithfulness,0.02190358191728592
87,effnet_recplot,44,robustness,740.8818359375
87,effnet_recplot,44,complexity,0.5791564837221501
87,effnet_recplot,45,faithfulness,0.1923140287399292
87,effnet_recplot,45,robustness,33.96454620361328
87,effnet_recplot,45,complexity,0.6502056170436369
93,mobilenet_orig,0,faithfulness,0.20955681800842285
93,mobilenet_orig,0,robustness,1.2288234233856201
93,mobilenet_orig,0,complexity,0.6280791979308866
93,mobilenet_orig,1,faithfulness,0.08442403376102448
93,mobilenet_orig,1,robustness,1.2011734247207642
93,mobilenet_orig,1,complexity,0.6214359164644803
93,mobilenet_orig,2,faithfulness,0.2373841553926468
93,mobilenet_orig,2,robustness,1.202614188194275
93,mobilenet_orig,2,complexity,0.6271766666869096
93,mobilenet_orig,3,faithfulness,0.3158734142780304
93,mobilenet_orig,3,robustness,1.8232072591781616
93,mobilenet_orig,3,complexity,0.6217966690712635
93,mobilenet_orig,4,faithfulness,-0.09723600745201111
93,mobilenet_orig,4,robustness,1.6661769151687622
93,mobilenet_orig,4,complexity,0.6351803610053522
93,mobilenet_orig,5,faithfulness,0.2294221967458725
93,mobilenet_orig,5,robustness,1.4443042278289795
93,mobilenet_orig,5,complexity,0.6330657660138996
93,mobilenet_orig,6,faithfulness,0.0397070087492466
93,mobilenet_orig,6,robustness,1.7651838064193726
93,mobilenet_orig,6,complexity,0.6421535386606343
93,mobilenet_orig,7,faithfulness,0.06902588903903961
93,mobilenet_orig,7,robustness,1.1874216794967651
93,mobilenet_orig,7,complexity,0.6518955960249675
93,mobilenet_orig,8,faithfulness,-0.5453182458877563
93,mobilenet_orig,8,robustness,1.3000926971435547
93,mobilenet_orig,8,complexity,0.6214299807943536
93,mobilenet_orig,9,faithfulness,-0.30820515751838684
93,mobilenet_orig,9,robustness,1.6305376291275024
93,mobilenet_orig,9,complexity,0.6295725743913942
93,mobilenet_orig,10,faithfulness,0.11646546423435211
93,mobilenet_orig,10,robustness,1.3633859157562256
93,mobilenet_orig,10,complexity,0.6381276511857364
93,mobilenet_orig,11,faithfulness,0.20938511192798615
93,mobilenet_orig,11,robustness,1.138505220413208
93,mobilenet_orig,11,complexity,0.6209391219991616
93,mobilenet_orig,12,faithfulness,-0.190657377243042
93,mobilenet_orig,12,robustness,1.8092656135559082
93,mobilenet_orig,12,complexity,0.6335105794451591
93,mobilenet_orig,13,faithfulness,-0.07638657093048096
93,mobilenet_orig,13,robustness,1.526602029800415
93,mobilenet_orig,13,complexity,0.6355586674725793
93,mobilenet_orig,14,faithfulness,0.2729605734348297
93,mobilenet_orig,14,robustness,1.5177565813064575
93,mobilenet_orig,14,complexity,0.610069245466217
93,mobilenet_orig,15,faithfulness,-0.10914227366447449
93,mobilenet_orig,15,robustness,1.361075520515442
93,mobilenet_orig,15,complexity,0.6395311235518402
93,mobilenet_orig,16,faithfulness,-0.1843157857656479
93,mobilenet_orig,16,robustness,1.4469479322433472
93,mobilenet_orig,16,complexity,0.6435171087202635
93,mobilenet_orig,17,faithfulness,-0.1834791600704193
93,mobilenet_orig,17,robustness,1.570728063583374
93,mobilenet_orig,17,complexity,0.6132305040984523
93,mobilenet_orig,18,faithfulness,0.30051058530807495
93,mobilenet_orig,18,robustness,1.9875344038009644
93,mobilenet_orig,18,complexity,0.6263165421588592
93,mobilenet_orig,19,faithfulness,-0.22992512583732605
93,mobilenet_orig,19,robustness,1.297974944114685
93,mobilenet_orig,19,complexity,0.6441082630660699
93,mobilenet_orig,20,faithfulness,-0.1468680500984192
93,mobilenet_orig,20,robustness,1.8233634233474731
93,mobilenet_orig,20,complexity,0.631051850213793
93,mobilenet_orig,21,faithfulness,0.1256938874721527
93,mobilenet_orig,21,robustness,1.614999532699585
93,mobilenet_orig,21,complexity,0.6393637089325612
93,mobilenet_orig,22,faithfulness,0.07879164069890976
93,mobilenet_orig,22,robustness,1.125952959060669
93,mobilenet_orig,22,complexity,0.6469464003702958
93,mobilenet_orig,23,faithfulness,-0.0843198299407959
93,mobilenet_orig,23,robustness,1.4386080503463745
93,mobilenet_orig,23,complexity,0.634175813692613
93,mobilenet_orig,24,faithfulness,0.3565041422843933
93,mobilenet_orig,24,robustness,1.0996414422988892
93,mobilenet_orig,24,complexity,0.6152034909987503
93,mobilenet_orig,25,faithfulness,-0.08067722618579865
93,mobilenet_orig,25,robustness,1.4264445304870605
93,mobilenet_orig,25,complexity,0.6736716298457196
93,mobilenet_orig,26,faithfulness,0.1489032357931137
93,mobilenet_orig,26,robustness,1.1164442300796509
93,mobilenet_orig,26,complexity,0.6105481558925844
93,mobilenet_orig,27,faithfulness,-0.07564802467823029
93,mobilenet_orig,27,robustness,1.1840208768844604
93,mobilenet_orig,27,complexity,0.6290285102332951
93,mobilenet_orig,28,faithfulness,0.15183709561824799
93,mobilenet_orig,28,robustness,1.5924804210662842
93,mobilenet_orig,28,complexity,0.6314604088688682
93,mobilenet_orig,29,faithfulness,0.38699716329574585
93,mobilenet_orig,29,robustness,1.4586927890777588
93,mobilenet_orig,29,complexity,0.6386237021459463
93,mobilenet_orig,30,faithfulness,-0.06565482169389725
93,mobilenet_orig,30,robustness,1.2413742542266846
93,mobilenet_orig,30,complexity,0.6394661004830869
93,mobilenet_orig,31,faithfulness,-0.17316120862960815
93,mobilenet_orig,31,robustness,1.5966318845748901
93,mobilenet_orig,31,complexity,0.6327878717941384
93,mobilenet_orig,32,faithfulness,0.21068644523620605
93,mobilenet_orig,32,robustness,1.1886825561523438
93,mobilenet_orig,32,complexity,0.644298006465524
93,mobilenet_orig,33,faithfulness,-0.05162758380174637
93,mobilenet_orig,33,robustness,1.1456260681152344
93,mobilenet_orig,33,complexity,0.612602970109312
93,mobilenet_orig,34,faithfulness,0.34750497341156006
93,mobilenet_orig,34,robustness,1.114018440246582
93,mobilenet_orig,34,complexity,0.623766120793483
93,mobilenet_orig,35,faithfulness,-0.20518575608730316
93,mobilenet_orig,35,robustness,1.3890646696090698
93,mobilenet_orig,35,complexity,0.6158426591456985
93,mobilenet_orig,36,faithfulness,0.1460568904876709
93,mobilenet_orig,36,robustness,1.1931320428848267
93,mobilenet_orig,36,complexity,0.605897816239918
93,mobilenet_orig,37,faithfulness,-0.09597430378198624
93,mobilenet_orig,37,robustness,1.226635217666626
93,mobilenet_orig,37,complexity,0.6611189533395541
93,mobilenet_orig,38,faithfulness,-0.1031823605298996
93,mobilenet_orig,38,robustness,1.213545799255371
93,mobilenet_orig,38,complexity,0.6660634190641127
93,mobilenet_orig,39,faithfulness,0.24751749634742737
93,mobilenet_orig,39,robustness,1.1193127632141113
93,mobilenet_orig,39,complexity,0.6502497669367721
93,mobilenet_orig,40,faithfulness,-0.05475611984729767
93,mobilenet_orig,40,robustness,1.0936329364776611
93,mobilenet_orig,40,complexity,0.6209797249509647
93,mobilenet_orig,41,faithfulness,0.11485721170902252
93,mobilenet_orig,41,robustness,1.473403811454773
93,mobilenet_orig,41,complexity,0.6111257690435706
93,mobilenet_orig,42,faithfulness,-0.001671135425567627
93,mobilenet_orig,42,robustness,1.353857398033142
93,mobilenet_orig,42,complexity,0.6058293922438907
93,mobilenet_orig,43,faithfulness,-0.03737911581993103
93,mobilenet_orig,43,robustness,1.5810993909835815
93,mobilenet_orig,43,complexity,0.6107765076045754
93,mobilenet_orig,44,faithfulness,-0.19358107447624207
93,mobilenet_orig,44,robustness,1.5388104915618896
93,mobilenet_orig,44,complexity,0.6025408486099568
93,mobilenet_orig,45,faithfulness,0.11114828288555145
93,mobilenet_orig,45,robustness,1.6447972059249878
93,mobilenet_orig,45,complexity,0.644203102188554
93,mobilenet_recplot,0,faithfulness,0.029275819659233093
93,mobilenet_recplot,0,robustness,2.3664498329162598
93,mobilenet_recplot,0,complexity,0.628412066219624
93,mobilenet_recplot,1,faithfulness,0.10218985378742218
93,mobilenet_recplot,1,robustness,2.1163032054901123
93,mobilenet_recplot,1,complexity,0.6236345144036306
93,mobilenet_recplot,2,faithfulness,0.10156594216823578
93,mobilenet_recplot,2,robustness,1.7638002634048462
93,mobilenet_recplot,2,complexity,0.6486603378812469
93,mobilenet_recplot,3,faithfulness,-0.041380006819963455
93,mobilenet_recplot,3,robustness,2.0232019424438477
93,mobilenet_recplot,3,complexity,0.6427524440154321
93,mobilenet_recplot,4,faithfulness,0.13263890147209167
93,mobilenet_recplot,4,robustness,1.6525636911392212
93,mobilenet_recplot,4,complexity,0.6126427385897302
93,mobilenet_recplot,5,faithfulness,-0.07947493344545364
93,mobilenet_recplot,5,robustness,3.3287465572357178
93,mobilenet_recplot,5,complexity,0.6381415811226737
93,mobilenet_recplot,6,faithfulness,-0.03548674285411835
93,mobilenet_recplot,6,robustness,1.8423246145248413
93,mobilenet_recplot,6,complexity,0.6226652119382154
93,mobilenet_recplot,7,faithfulness,-0.059794917702674866
93,mobilenet_recplot,7,robustness,1.3562265634536743
93,mobilenet_recplot,7,complexity,0.6585586633506871
93,mobilenet_recplot,8,faithfulness,0.019755318760871887
93,mobilenet_recplot,8,robustness,1.6943594217300415
93,mobilenet_recplot,8,complexity,0.6404761539717064
93,mobilenet_recplot,9,faithfulness,-0.19701901078224182
93,mobilenet_recplot,9,robustness,1.8129209280014038
93,mobilenet_recplot,9,complexity,0.632398646543434
93,mobilenet_recplot,10,faithfulness,0.08694041520357132
93,mobilenet_recplot,10,robustness,2.1913247108459473
93,mobilenet_recplot,10,complexity,0.6456192388915156
93,mobilenet_recplot,11,faithfulness,-0.5200318098068237
93,mobilenet_recplot,11,robustness,1.6969664096832275
93,mobilenet_recplot,11,complexity,0.6212190869678929
93,mobilenet_recplot,12,faithfulness,0.03133028745651245
93,mobilenet_recplot,12,robustness,1.7502366304397583
93,mobilenet_recplot,12,complexity,0.6218862683433735
93,mobilenet_recplot,13,faithfulness,0.12298721820116043
93,mobilenet_recplot,13,robustness,1.672551155090332
93,mobilenet_recplot,13,complexity,0.6797112719061057
93,mobilenet_recplot,14,faithfulness,0.19292640686035156
93,mobilenet_recplot,14,robustness,2.299802303314209
93,mobilenet_recplot,14,complexity,0.6188182521085608
93,mobilenet_recplot,15,faithfulness,0.16612829267978668
93,mobilenet_recplot,15,robustness,1.9418387413024902
93,mobilenet_recplot,15,complexity,0.6548967731413712
93,mobilenet_recplot,16,faithfulness,0.15136033296585083
93,mobilenet_recplot,16,robustness,2.790083646774292
93,mobilenet_recplot,16,complexity,0.6266314484035069
93,mobilenet_recplot,17,faithfulness,-0.13751943409442902
93,mobilenet_recplot,17,robustness,1.498610258102417
93,mobilenet_recplot,17,complexity,0.6472288147740822
93,mobilenet_recplot,18,faithfulness,-0.01926484704017639
93,mobilenet_recplot,18,robustness,2.4472296237945557
93,mobilenet_recplot,18,complexity,0.6312260016050593
93,mobilenet_recplot,19,faithfulness,0.03332507610321045
93,mobilenet_recplot,19,robustness,3.7390637397766113
93,mobilenet_recplot,19,complexity,0.6266401681147502
93,mobilenet_recplot,20,faithfulness,-0.2868504226207733
93,mobilenet_recplot,20,robustness,2.4585931301116943
93,mobilenet_recplot,20,complexity,0.636796049220201
93,mobilenet_recplot,21,faithfulness,-0.03988110274076462
93,mobilenet_recplot,21,robustness,2.2562615871429443
93,mobilenet_recplot,21,complexity,0.618848913507026
93,mobilenet_recplot,22,faithfulness,-0.025483310222625732
93,mobilenet_recplot,22,robustness,1.4223259687423706
93,mobilenet_recplot,22,complexity,0.6396436173980286
93,mobilenet_recplot,23,faithfulness,0.2712929844856262
93,mobilenet_recplot,23,robustness,1.4445645809173584
93,mobilenet_recplot,23,complexity,0.6808171825219145
93,mobilenet_recplot,24,faithfulness,0.006607804447412491
93,mobilenet_recplot,24,robustness,1.3603793382644653
93,mobilenet_recplot,24,complexity,0.6508421991374317
93,mobilenet_recplot,25,faithfulness,-0.10932856798171997
93,mobilenet_recplot,25,robustness,1.499645709991455
93,mobilenet_recplot,25,complexity,0.6131707893169086
93,mobilenet_recplot,26,faithfulness,0.07035192102193832
93,mobilenet_recplot,26,robustness,1.778871774673462
93,mobilenet_recplot,26,complexity,0.6579892014118583
93,mobilenet_recplot,27,faithfulness,-0.005699090659618378
93,mobilenet_recplot,27,robustness,1.5818777084350586
93,mobilenet_recplot,27,complexity,0.6528946824401611
93,mobilenet_recplot,28,faithfulness,-0.033135317265987396
93,mobilenet_recplot,28,robustness,2.761888027191162
93,mobilenet_recplot,28,complexity,0.6220828830481162
93,mobilenet_recplot,29,faithfulness,0.07122237235307693
93,mobilenet_recplot,29,robustness,4.3961591720581055
93,mobilenet_recplot,29,complexity,0.6108332881046608
93,mobilenet_recplot,30,faithfulness,-0.29953816533088684
93,mobilenet_recplot,30,robustness,2.2587857246398926
93,mobilenet_recplot,30,complexity,0.6220422181972747
93,mobilenet_recplot,31,faithfulness,0.27781739830970764
93,mobilenet_recplot,31,robustness,1.4070652723312378
93,mobilenet_recplot,31,complexity,0.5844748919071827
93,mobilenet_recplot,32,faithfulness,-0.21814846992492676
93,mobilenet_recplot,32,robustness,1.521335244178772
93,mobilenet_recplot,32,complexity,0.5927552036537883
93,mobilenet_recplot,33,faithfulness,-0.08269709348678589
93,mobilenet_recplot,33,robustness,1.489620566368103
93,mobilenet_recplot,33,complexity,0.68090896235937
93,mobilenet_recplot,34,faithfulness,0.08169396221637726
93,mobilenet_recplot,34,robustness,1.6990262269973755
93,mobilenet_recplot,34,complexity,0.6083593698141276
93,mobilenet_recplot,35,faithfulness,-0.05741773173213005
93,mobilenet_recplot,35,robustness,1.455728530883789
93,mobilenet_recplot,35,complexity,0.6126237060307255
93,mobilenet_recplot,36,faithfulness,-0.3859080672264099
93,mobilenet_recplot,36,robustness,1.6453224420547485
93,mobilenet_recplot,36,complexity,0.6256879648705174
93,mobilenet_recplot,37,faithfulness,0.44725239276885986
93,mobilenet_recplot,37,robustness,1.7314823865890503
93,mobilenet_recplot,37,complexity,0.6467741783855314
93,mobilenet_recplot,38,faithfulness,-0.11925770342350006
93,mobilenet_recplot,38,robustness,1.8458141088485718
93,mobilenet_recplot,38,complexity,0.6459231470991882
93,mobilenet_recplot,39,faithfulness,-0.07391414791345596
93,mobilenet_recplot,39,robustness,1.640316128730774
93,mobilenet_recplot,39,complexity,0.6561895143802513
93,mobilenet_recplot,40,faithfulness,0.10957944393157959
93,mobilenet_recplot,40,robustness,1.2476903200149536
93,mobilenet_recplot,40,complexity,0.6533697450734657
93,mobilenet_recplot,41,faithfulness,0.03630928695201874
93,mobilenet_recplot,41,robustness,1.4423162937164307
93,mobilenet_recplot,41,complexity,0.6153054965389212
93,mobilenet_recplot,42,faithfulness,0.09529678523540497
93,mobilenet_recplot,42,robustness,1.3930325508117676
93,mobilenet_recplot,42,complexity,0.6422140076524632
93,mobilenet_recplot,43,faithfulness,-0.26064133644104004
93,mobilenet_recplot,43,robustness,2.520570755004883
93,mobilenet_recplot,43,complexity,0.6341793081516316
93,mobilenet_recplot,44,faithfulness,-0.29377132654190063
93,mobilenet_recplot,44,robustness,1.6378569602966309
93,mobilenet_recplot,44,complexity,0.6483783938867713
93,mobilenet_recplot,45,faithfulness,0.12050741165876389
93,mobilenet_recplot,45,robustness,1.661865472793579
93,mobilenet_recplot,45,complexity,0.6196036212305772
93,effnet_orig,0,faithfulness,0.090819351375103
93,effnet_orig,0,robustness,2.7341644763946533
93,effnet_orig,0,complexity,0.6080771608804891
93,effnet_orig,1,faithfulness,-0.168977752327919
93,effnet_orig,1,robustness,1645.738525390625
93,effnet_orig,1,complexity,0.6146488796197284
93,effnet_orig,2,faithfulness,-0.12984530627727509
93,effnet_orig,2,robustness,15.655552864074707
93,effnet_orig,2,complexity,0.627007763039482
93,effnet_orig,3,faithfulness,-0.008065346628427505
93,effnet_orig,3,robustness,323.30731201171875
93,effnet_orig,3,complexity,0.6247929466651244
93,effnet_orig,4,faithfulness,-0.14506354928016663
93,effnet_orig,4,robustness,25.866182327270508
93,effnet_orig,4,complexity,0.6222340002167627
93,effnet_orig,5,faithfulness,-0.20654454827308655
93,effnet_orig,5,robustness,191.89100646972656
93,effnet_orig,5,complexity,0.6070423487355641
93,effnet_orig,6,faithfulness,0.0004077740013599396
93,effnet_orig,6,robustness,44.62017822265625
93,effnet_orig,6,complexity,0.6214765438765496
93,effnet_orig,7,faithfulness,0.01562732644379139
93,effnet_orig,7,robustness,111.40415954589844
93,effnet_orig,7,complexity,0.614327788547426
93,effnet_orig,8,faithfulness,0.09722713381052017
93,effnet_orig,8,robustness,1.0037835836410522
93,effnet_orig,8,complexity,0.6034446228088217
93,effnet_orig,9,faithfulness,0.31390029191970825
93,effnet_orig,9,robustness,16.128650665283203
93,effnet_orig,9,complexity,0.6053419888732868
93,effnet_orig,10,faithfulness,0.057442206889390945
93,effnet_orig,10,robustness,57.6859016418457
93,effnet_orig,10,complexity,0.6267142101961911
93,effnet_orig,11,faithfulness,0.20869454741477966
93,effnet_orig,11,robustness,59.36980438232422
93,effnet_orig,11,complexity,0.6201597227988228
93,effnet_orig,12,faithfulness,-0.07165467739105225
93,effnet_orig,12,robustness,2692.835205078125
93,effnet_orig,12,complexity,0.622438710680034
93,effnet_orig,13,faithfulness,-0.055016350001096725
93,effnet_orig,13,robustness,29.55914878845215
93,effnet_orig,13,complexity,0.6447728812490511
93,effnet_orig,14,faithfulness,-0.030134327709674835
93,effnet_orig,14,robustness,1.782411813735962
93,effnet_orig,14,complexity,0.6374652688012458
93,effnet_orig,15,faithfulness,-0.17760996520519257
93,effnet_orig,15,robustness,75.96268463134766
93,effnet_orig,15,complexity,0.5987562800475325
93,effnet_orig,16,faithfulness,0.18334221839904785
93,effnet_orig,16,robustness,438.0273742675781
93,effnet_orig,16,complexity,0.6224632656508525
93,effnet_orig,17,faithfulness,-0.07998107373714447
93,effnet_orig,17,robustness,94.3878173828125
93,effnet_orig,17,complexity,0.6327926204282964
93,effnet_orig,18,faithfulness,0.03190513327717781
93,effnet_orig,18,robustness,161.52500915527344
93,effnet_orig,18,complexity,0.6299862178762642
93,effnet_orig,19,faithfulness,0.15161459147930145
93,effnet_orig,19,robustness,1.6996896266937256
93,effnet_orig,19,complexity,0.6338326627793035
93,effnet_orig,20,faithfulness,-0.33294999599456787
93,effnet_orig,20,robustness,40.982723236083984
93,effnet_orig,20,complexity,0.640537649094431
93,effnet_orig,21,faithfulness,0.04150094836950302
93,effnet_orig,21,robustness,147.67031860351562
93,effnet_orig,21,complexity,0.6107443455312652
93,effnet_orig,22,faithfulness,0.1807422786951065
93,effnet_orig,22,robustness,21.995546340942383
93,effnet_orig,22,complexity,0.6498866407568273
93,effnet_orig,23,faithfulness,-0.25982797145843506
93,effnet_orig,23,robustness,70.88675689697266
93,effnet_orig,23,complexity,0.6040002851339185
93,effnet_orig,24,faithfulness,-0.3771215081214905
93,effnet_orig,24,robustness,93.97554779052734
93,effnet_orig,24,complexity,0.6615975223746255
93,effnet_orig,25,faithfulness,-0.1640762835741043
93,effnet_orig,25,robustness,41.77764892578125
93,effnet_orig,25,complexity,0.6142500250199757
93,effnet_orig,26,faithfulness,0.046613890677690506
93,effnet_orig,26,robustness,58.202056884765625
93,effnet_orig,26,complexity,0.5855918410713359
93,effnet_orig,27,faithfulness,-0.02385120838880539
93,effnet_orig,27,robustness,5.5615553855896
93,effnet_orig,27,complexity,0.615131919875008
93,effnet_orig,28,faithfulness,-0.2021985948085785
93,effnet_orig,28,robustness,13.510651588439941
93,effnet_orig,28,complexity,0.6447812830130869
93,effnet_orig,29,faithfulness,0.2366938591003418
93,effnet_orig,29,robustness,437.68096923828125
93,effnet_orig,29,complexity,0.6004076660311537
93,effnet_orig,30,faithfulness,-0.3108450174331665
93,effnet_orig,30,robustness,107.69780731201172
93,effnet_orig,30,complexity,0.6185714096511038
93,effnet_orig,31,faithfulness,0.13182267546653748
93,effnet_orig,31,robustness,9.98679256439209
93,effnet_orig,31,complexity,0.6140197922597365
93,effnet_orig,32,faithfulness,-0.0632597953081131
93,effnet_orig,32,robustness,61.66154479980469
93,effnet_orig,32,complexity,0.5985857085830519
93,effnet_orig,33,faithfulness,0.02091173082590103
93,effnet_orig,33,robustness,118.23374938964844
93,effnet_orig,33,complexity,0.5907910011708964
93,effnet_orig,34,faithfulness,-0.0737343281507492
93,effnet_orig,34,robustness,2.630786895751953
93,effnet_orig,34,complexity,0.5994228424386562
93,effnet_orig,35,faithfulness,0.0003018304705619812
93,effnet_orig,35,robustness,2.393406867980957
93,effnet_orig,35,complexity,0.6053952250305518
93,effnet_orig,36,faithfulness,0.13608404994010925
93,effnet_orig,36,robustness,452.127197265625
93,effnet_orig,36,complexity,0.5588445561314928
93,effnet_orig,37,faithfulness,0.08544261008501053
93,effnet_orig,37,robustness,3969.81005859375
93,effnet_orig,37,complexity,0.5661152623359661
93,effnet_orig,38,faithfulness,0.08514322340488434
93,effnet_orig,38,robustness,42.09968185424805
93,effnet_orig,38,complexity,0.5982478730932111
93,effnet_orig,39,faithfulness,0.36212998628616333
93,effnet_orig,39,robustness,199.05740356445312
93,effnet_orig,39,complexity,0.5751231907838111
93,effnet_orig,40,faithfulness,0.21060290932655334
93,effnet_orig,40,robustness,38.134464263916016
93,effnet_orig,40,complexity,0.607932326672199
93,effnet_orig,41,faithfulness,-0.2470490038394928
93,effnet_orig,41,robustness,54.62114334106445
93,effnet_orig,41,complexity,0.5955865757288071
93,effnet_orig,42,faithfulness,-0.07005386799573898
93,effnet_orig,42,robustness,31.759870529174805
93,effnet_orig,42,complexity,0.5840205116389738
93,effnet_orig,43,faithfulness,-0.16650469601154327
93,effnet_orig,43,robustness,605.90234375
93,effnet_orig,43,complexity,0.5644106660183154
93,effnet_orig,44,faithfulness,0.201577827334404
93,effnet_orig,44,robustness,21.326631546020508
93,effnet_orig,44,complexity,0.6188054944768755
93,effnet_orig,45,faithfulness,-0.16299021244049072
93,effnet_orig,45,robustness,176.0166473388672
93,effnet_orig,45,complexity,0.6307445595665017
93,effnet_recplot,0,faithfulness,0.0715903490781784
93,effnet_recplot,0,robustness,137.41915893554688
93,effnet_recplot,0,complexity,0.6934020736897097
93,effnet_recplot,1,faithfulness,0.21269172430038452
93,effnet_recplot,1,robustness,1507.1376953125
93,effnet_recplot,1,complexity,0.6187416748895221
93,effnet_recplot,2,faithfulness,-0.023460879921913147
93,effnet_recplot,2,robustness,89.65635681152344
93,effnet_recplot,2,complexity,0.6501369307524871
93,effnet_recplot,3,faithfulness,0.08553802222013474
93,effnet_recplot,3,robustness,2575.83056640625
93,effnet_recplot,3,complexity,0.6035488704393233
93,effnet_recplot,4,faithfulness,0.31725722551345825
93,effnet_recplot,4,robustness,3.9537649154663086
93,effnet_recplot,4,complexity,0.6178971509077753
93,effnet_recplot,5,faithfulness,0.043745458126068115
93,effnet_recplot,5,robustness,1719.85498046875
93,effnet_recplot,5,complexity,0.6558831152239061
93,effnet_recplot,6,faithfulness,0.3091644048690796
93,effnet_recplot,6,robustness,314.6260986328125
93,effnet_recplot,6,complexity,0.6179401683251576
93,effnet_recplot,7,faithfulness,0.06407498568296432
93,effnet_recplot,7,robustness,24.298784255981445
93,effnet_recplot,7,complexity,0.6075357389235048
93,effnet_recplot,8,faithfulness,0.07515031844377518
93,effnet_recplot,8,robustness,42.058349609375
93,effnet_recplot,8,complexity,0.6257489304527734
93,effnet_recplot,9,faithfulness,0.10156155377626419
93,effnet_recplot,9,robustness,1.360745906829834
93,effnet_recplot,9,complexity,0.6447379721447699
93,effnet_recplot,10,faithfulness,-0.03156492859125137
93,effnet_recplot,10,robustness,151.60243225097656
93,effnet_recplot,10,complexity,0.7126585481179942
93,effnet_recplot,11,faithfulness,0.36194851994514465
93,effnet_recplot,11,robustness,1.7790441513061523
93,effnet_recplot,11,complexity,0.5890317825562802
93,effnet_recplot,12,faithfulness,-0.2554784417152405
93,effnet_recplot,12,robustness,126.00676727294922
93,effnet_recplot,12,complexity,0.6915791669094055
93,effnet_recplot,13,faithfulness,0.037827372550964355
93,effnet_recplot,13,robustness,48.65680694580078
93,effnet_recplot,13,complexity,0.6638753884155677
93,effnet_recplot,14,faithfulness,0.21283429861068726
93,effnet_recplot,14,robustness,39.13984680175781
93,effnet_recplot,14,complexity,0.6186810946024761
93,effnet_recplot,15,faithfulness,0.11141939461231232
93,effnet_recplot,15,robustness,367.5816955566406
93,effnet_recplot,15,complexity,0.7062296971086989
93,effnet_recplot,16,faithfulness,0.1732223629951477
93,effnet_recplot,16,robustness,29.44905662536621
93,effnet_recplot,16,complexity,0.6249323061546898
93,effnet_recplot,17,faithfulness,-0.16975931823253632
93,effnet_recplot,17,robustness,9.206413269042969
93,effnet_recplot,17,complexity,0.5885205818982361
93,effnet_recplot,18,faithfulness,0.11914544552564621
93,effnet_recplot,18,robustness,247.29246520996094
93,effnet_recplot,18,complexity,0.6438833722445937
93,effnet_recplot,19,faithfulness,0.25531458854675293
93,effnet_recplot,19,robustness,55.46703338623047
93,effnet_recplot,19,complexity,0.6410720783809096
93,effnet_recplot,20,faithfulness,0.10054658353328705
93,effnet_recplot,20,robustness,3.2183451652526855
93,effnet_recplot,20,complexity,0.6407957081827093
93,effnet_recplot,21,faithfulness,-0.05472954362630844
93,effnet_recplot,21,robustness,1.0124512910842896
93,effnet_recplot,21,complexity,0.6864415590135852
93,effnet_recplot,22,faithfulness,0.03223218768835068
93,effnet_recplot,22,robustness,1.976438045501709
93,effnet_recplot,22,complexity,0.5917526529331769
93,effnet_recplot,23,faithfulness,-0.20737335085868835
93,effnet_recplot,23,robustness,13.79263973236084
93,effnet_recplot,23,complexity,0.6228343355594533
93,effnet_recplot,24,faithfulness,0.07759997993707657
93,effnet_recplot,24,robustness,2.309884548187256
93,effnet_recplot,24,complexity,0.637610648000489
93,effnet_recplot,25,faithfulness,-0.1382170021533966
93,effnet_recplot,25,robustness,150.8323211669922
93,effnet_recplot,25,complexity,0.6167616375421753
93,effnet_recplot,26,faithfulness,0.3804640769958496
93,effnet_recplot,26,robustness,232.33428955078125
93,effnet_recplot,26,complexity,0.5520128588298546
93,effnet_recplot,27,faithfulness,-0.21309080719947815
93,effnet_recplot,27,robustness,3.7067346572875977
93,effnet_recplot,27,complexity,0.6283563765983878
93,effnet_recplot,28,faithfulness,-0.03019709885120392
93,effnet_recplot,28,robustness,6.4215989112854
93,effnet_recplot,28,complexity,0.54549910019121
93,effnet_recplot,29,faithfulness,-0.1893393099308014
93,effnet_recplot,29,robustness,32.37909698486328
93,effnet_recplot,29,complexity,0.5859055367210999
93,effnet_recplot,30,faithfulness,-0.1300477385520935
93,effnet_recplot,30,robustness,101.33942413330078
93,effnet_recplot,30,complexity,0.599543781828388
93,effnet_recplot,31,faithfulness,-0.08571785688400269
93,effnet_recplot,31,robustness,7.1172194480896
93,effnet_recplot,31,complexity,0.5784407595450779
93,effnet_recplot,32,faithfulness,0.18595784902572632
93,effnet_recplot,32,robustness,12.452587127685547
93,effnet_recplot,32,complexity,0.6319726409231454
93,effnet_recplot,33,faithfulness,0.1711561381816864
93,effnet_recplot,33,robustness,254.5861053466797
93,effnet_recplot,33,complexity,0.6617600864321235
93,effnet_recplot,34,faithfulness,0.12549787759780884
93,effnet_recplot,34,robustness,6.742923259735107
93,effnet_recplot,34,complexity,0.6418028880140871
93,effnet_recplot,35,faithfulness,0.0008356012403964996
93,effnet_recplot,35,robustness,3.185382604598999
93,effnet_recplot,35,complexity,0.6457272317288392
93,effnet_recplot,36,faithfulness,0.07504072040319443
93,effnet_recplot,36,robustness,21.16764259338379
93,effnet_recplot,36,complexity,0.659951789561223
93,effnet_recplot,37,faithfulness,0.25403183698654175
93,effnet_recplot,37,robustness,116.53665924072266
93,effnet_recplot,37,complexity,0.6114411432165939
93,effnet_recplot,38,faithfulness,0.01706060953438282
93,effnet_recplot,38,robustness,1.3576022386550903
93,effnet_recplot,38,complexity,0.6377166725216101
93,effnet_recplot,39,faithfulness,0.03573067486286163
93,effnet_recplot,39,robustness,209.0628662109375
93,effnet_recplot,39,complexity,0.6263372450031495
93,effnet_recplot,40,faithfulness,-0.2031095325946808
93,effnet_recplot,40,robustness,3.6181766986846924
93,effnet_recplot,40,complexity,0.6386350361580768
93,effnet_recplot,41,faithfulness,0.11286495625972748
93,effnet_recplot,41,robustness,16.1435489654541
93,effnet_recplot,41,complexity,0.6083912350668318
93,effnet_recplot,42,faithfulness,-0.20152348279953003
93,effnet_recplot,42,robustness,12.537291526794434
93,effnet_recplot,42,complexity,0.6261503516595045
93,effnet_recplot,43,faithfulness,-0.1837034821510315
93,effnet_recplot,43,robustness,28.000547409057617
93,effnet_recplot,43,complexity,0.7263568510792219
93,effnet_recplot,44,faithfulness,-0.3423998951911926
93,effnet_recplot,44,robustness,19.064741134643555
93,effnet_recplot,44,complexity,0.6189529933180562
93,effnet_recplot,45,faithfulness,-0.3293798565864563
93,effnet_recplot,45,robustness,1.0056837797164917
93,effnet_recplot,45,complexity,0.6650901298631963
107,mobilenet_orig,0,faithfulness,-0.0986204445362091
107,mobilenet_orig,0,robustness,2.389415740966797
107,mobilenet_orig,0,complexity,0.6376899246560854
107,mobilenet_orig,1,faithfulness,-0.10284778475761414
107,mobilenet_orig,1,robustness,1.9162499904632568
107,mobilenet_orig,1,complexity,0.6218433020209175
107,mobilenet_orig,2,faithfulness,-0.1082974523305893
107,mobilenet_orig,2,robustness,1.5467358827590942
107,mobilenet_orig,2,complexity,0.6408714889684891
107,mobilenet_orig,3,faithfulness,0.007918521761894226
107,mobilenet_orig,3,robustness,2.803466320037842
107,mobilenet_orig,3,complexity,0.6237951178966766
107,mobilenet_orig,4,faithfulness,-0.18629556894302368
107,mobilenet_orig,4,robustness,3.0988614559173584
107,mobilenet_orig,4,complexity,0.6401991350425681
107,mobilenet_orig,5,faithfulness,0.22372791171073914
107,mobilenet_orig,5,robustness,1.70424222946167
107,mobilenet_orig,5,complexity,0.6862499299187927
107,mobilenet_orig,6,faithfulness,0.15212875604629517
107,mobilenet_orig,6,robustness,2.5491573810577393
107,mobilenet_orig,6,complexity,0.6344266174298133
107,mobilenet_orig,7,faithfulness,-0.26732325553894043
107,mobilenet_orig,7,robustness,1.6688944101333618
107,mobilenet_orig,7,complexity,0.645786390271581
107,mobilenet_orig,8,faithfulness,-0.15071314573287964
107,mobilenet_orig,8,robustness,1.996035099029541
107,mobilenet_orig,8,complexity,0.6210931461200146
107,mobilenet_orig,9,faithfulness,-0.0426369234919548
107,mobilenet_orig,9,robustness,2.902230739593506
107,mobilenet_orig,9,complexity,0.628655160083847
107,mobilenet_orig,10,faithfulness,0.14861516654491425
107,mobilenet_orig,10,robustness,1.8985947370529175
107,mobilenet_orig,10,complexity,0.6641405857552727
107,mobilenet_orig,11,faithfulness,0.18397480249404907
107,mobilenet_orig,11,robustness,1.2537283897399902
107,mobilenet_orig,11,complexity,0.6538657054446352
107,mobilenet_orig,12,faithfulness,0.09423692524433136
107,mobilenet_orig,12,robustness,1.8925772905349731
107,mobilenet_orig,12,complexity,0.642528013301993
107,mobilenet_orig,13,faithfulness,0.0513034462928772
107,mobilenet_orig,13,robustness,1.5773963928222656
107,mobilenet_orig,13,complexity,0.6521376572557099
107,mobilenet_orig,14,faithfulness,0.17146313190460205
107,mobilenet_orig,14,robustness,2.0422186851501465
107,mobilenet_orig,14,complexity,0.6013206874751411
107,mobilenet_orig,15,faithfulness,-0.036110587418079376
107,mobilenet_orig,15,robustness,2.1965720653533936
107,mobilenet_orig,15,complexity,0.6442887521418349
107,mobilenet_orig,16,faithfulness,0.11995245516300201
107,mobilenet_orig,16,robustness,2.2473642826080322
107,mobilenet_orig,16,complexity,0.6366814587941269
107,mobilenet_orig,17,faithfulness,0.03048318438231945
107,mobilenet_orig,17,robustness,2.176340341567993
107,mobilenet_orig,17,complexity,0.6088168166763288
107,mobilenet_orig,18,faithfulness,0.06040163338184357
107,mobilenet_orig,18,robustness,2.9534647464752197
107,mobilenet_orig,18,complexity,0.6268856089183131
107,mobilenet_orig,19,faithfulness,0.05810968205332756
107,mobilenet_orig,19,robustness,1.7237803936004639
107,mobilenet_orig,19,complexity,0.6621237228189085
107,mobilenet_orig,20,faithfulness,-0.10843311995267868
107,mobilenet_orig,20,robustness,3.18355393409729
107,mobilenet_orig,20,complexity,0.6511543614935826
107,mobilenet_orig,21,faithfulness,-0.01735871285200119
107,mobilenet_orig,21,robustness,3.2960710525512695
107,mobilenet_orig,21,complexity,0.6390478017405983
107,mobilenet_orig,22,faithfulness,0.06541655212640762
107,mobilenet_orig,22,robustness,1.435869812965393
107,mobilenet_orig,22,complexity,0.6476167639355528
107,mobilenet_orig,23,faithfulness,0.1919553279876709
107,mobilenet_orig,23,robustness,2.6111068725585938
107,mobilenet_orig,23,complexity,0.6430883482593572
107,mobilenet_orig,24,faithfulness,0.18564066290855408
107,mobilenet_orig,24,robustness,1.4217678308486938
107,mobilenet_orig,24,complexity,0.6068273689313897
107,mobilenet_orig,25,faithfulness,-0.127738356590271
107,mobilenet_orig,25,robustness,1.7557016611099243
107,mobilenet_orig,25,complexity,0.6685583963888642
107,mobilenet_orig,26,faithfulness,-0.1167377233505249
107,mobilenet_orig,26,robustness,1.062160849571228
107,mobilenet_orig,26,complexity,0.6197974857965406
107,mobilenet_orig,27,faithfulness,0.10001565515995026
107,mobilenet_orig,27,robustness,1.831831693649292
107,mobilenet_orig,27,complexity,0.6311363788407957
107,mobilenet_orig,28,faithfulness,-0.09056371450424194
107,mobilenet_orig,28,robustness,2.9291865825653076
107,mobilenet_orig,28,complexity,0.6380895975410406
107,mobilenet_orig,29,faithfulness,-0.04556536674499512
107,mobilenet_orig,29,robustness,2.2896571159362793
107,mobilenet_orig,29,complexity,0.6413970932538923
107,mobilenet_orig,30,faithfulness,0.06784944236278534
107,mobilenet_orig,30,robustness,2.0620908737182617
107,mobilenet_orig,30,complexity,0.6396480762123702
107,mobilenet_orig,31,faithfulness,0.22339287400245667
107,mobilenet_orig,31,robustness,2.680205821990967
107,mobilenet_orig,31,complexity,0.6328460176475931
107,mobilenet_orig,32,faithfulness,0.08666084706783295
107,mobilenet_orig,32,robustness,1.398835301399231
107,mobilenet_orig,32,complexity,0.645331461045428
107,mobilenet_orig,33,faithfulness,-0.08790154755115509
107,mobilenet_orig,33,robustness,1.2005290985107422
107,mobilenet_orig,33,complexity,0.6139621677287127
107,mobilenet_orig,34,faithfulness,0.29917022585868835
107,mobilenet_orig,34,robustness,1.5582995414733887
107,mobilenet_orig,34,complexity,0.6148807456550844
107,mobilenet_orig,35,faithfulness,-0.26217615604400635
107,mobilenet_orig,35,robustness,2.233518123626709
107,mobilenet_orig,35,complexity,0.6144656258732689
107,mobilenet_orig,36,faithfulness,-0.11685658991336823
107,mobilenet_orig,36,robustness,1.7481839656829834
107,mobilenet_orig,36,complexity,0.6263751144825402
107,mobilenet_orig,37,faithfulness,0.09959225356578827
107,mobilenet_orig,37,robustness,1.633634090423584
107,mobilenet_orig,37,complexity,0.681478702964828
107,mobilenet_orig,38,faithfulness,0.21814197301864624
107,mobilenet_orig,38,robustness,1.8233941793441772
107,mobilenet_orig,38,complexity,0.6678220123398341
107,mobilenet_orig,39,faithfulness,0.40376588702201843
107,mobilenet_orig,39,robustness,1.4184341430664062
107,mobilenet_orig,39,complexity,0.665976033452381
107,mobilenet_orig,40,faithfulness,-0.15178826451301575
107,mobilenet_orig,40,robustness,1.3278663158416748
107,mobilenet_orig,40,complexity,0.6324341506843264
107,mobilenet_orig,41,faithfulness,-0.28825005888938904
107,mobilenet_orig,41,robustness,2.3149712085723877
107,mobilenet_orig,41,complexity,0.6135205169228167
107,mobilenet_orig,42,faithfulness,0.016287758946418762
107,mobilenet_orig,42,robustness,2.256906032562256
107,mobilenet_orig,42,complexity,0.616536581950144
107,mobilenet_orig,43,faithfulness,-0.07998760044574738
107,mobilenet_orig,43,robustness,2.284367084503174
107,mobilenet_orig,43,complexity,0.6286675590078418
107,mobilenet_orig,44,faithfulness,0.029724564403295517
107,mobilenet_orig,44,robustness,2.149336814880371
107,mobilenet_orig,44,complexity,0.6114801388039439
107,mobilenet_orig,45,faithfulness,0.10018289089202881
107,mobilenet_orig,45,robustness,2.1246728897094727
107,mobilenet_orig,45,complexity,0.6395704830198709
107,mobilenet_recplot,0,faithfulness,0.20127546787261963
107,mobilenet_recplot,0,robustness,3.4298861026763916
107,mobilenet_recplot,0,complexity,0.6293870149830856
107,mobilenet_recplot,1,faithfulness,-0.2643631100654602
107,mobilenet_recplot,1,robustness,2.0963499546051025
107,mobilenet_recplot,1,complexity,0.6581753602964868
107,mobilenet_recplot,2,faithfulness,-0.2925422489643097
107,mobilenet_recplot,2,robustness,2.4960944652557373
107,mobilenet_recplot,2,complexity,0.6429950719168737
107,mobilenet_recplot,3,faithfulness,-0.1789216846227646
107,mobilenet_recplot,3,robustness,2.9057013988494873
107,mobilenet_recplot,3,complexity,0.6431513255084002
107,mobilenet_recplot,4,faithfulness,-0.13311505317687988
107,mobilenet_recplot,4,robustness,1.4470354318618774
107,mobilenet_recplot,4,complexity,0.6574865079205514
107,mobilenet_recplot,5,faithfulness,0.031185880303382874
107,mobilenet_recplot,5,robustness,3.9889543056488037
107,mobilenet_recplot,5,complexity,0.6669756972729736
107,mobilenet_recplot,6,faithfulness,-0.06587707996368408
107,mobilenet_recplot,6,robustness,1.6836988925933838
107,mobilenet_recplot,6,complexity,0.6507346309769075
107,mobilenet_recplot,7,faithfulness,-0.3685697317123413
107,mobilenet_recplot,7,robustness,1.3948746919631958
107,mobilenet_recplot,7,complexity,0.6711947859577233
107,mobilenet_recplot,8,faithfulness,-0.19251732528209686
107,mobilenet_recplot,8,robustness,1.5188038349151611
107,mobilenet_recplot,8,complexity,0.646893242858883
107,mobilenet_recplot,9,faithfulness,-0.22646114230155945
107,mobilenet_recplot,9,robustness,2.343358278274536
107,mobilenet_recplot,9,complexity,0.6577761043350773
107,mobilenet_recplot,10,faithfulness,0.11544184386730194
107,mobilenet_recplot,10,robustness,3.7469162940979004
107,mobilenet_recplot,10,complexity,0.646374471655198
107,mobilenet_recplot,11,faithfulness,-0.05987582355737686
107,mobilenet_recplot,11,robustness,1.418109655380249
107,mobilenet_recplot,11,complexity,0.6531791628041964
107,mobilenet_recplot,12,faithfulness,-0.15982994437217712
107,mobilenet_recplot,12,robustness,1.7822853326797485
107,mobilenet_recplot,12,complexity,0.6410240869303423
107,mobilenet_recplot,13,faithfulness,-0.1536632925271988
107,mobilenet_recplot,13,robustness,2.6404366493225098
107,mobilenet_recplot,13,complexity,0.6502180956134763
107,mobilenet_recplot,14,faithfulness,-0.0880664587020874
107,mobilenet_recplot,14,robustness,2.794389247894287
107,mobilenet_recplot,14,complexity,0.6535770519156656
107,mobilenet_recplot,15,faithfulness,-0.28444114327430725
107,mobilenet_recplot,15,robustness,2.8075971603393555
107,mobilenet_recplot,15,complexity,0.6791454154149722
107,mobilenet_recplot,16,faithfulness,-0.11109418421983719
107,mobilenet_recplot,16,robustness,1.884114146232605
107,mobilenet_recplot,16,complexity,0.6572482144089093
107,mobilenet_recplot,17,faithfulness,-0.1913733184337616
107,mobilenet_recplot,17,robustness,2.35098934173584
107,mobilenet_recplot,17,complexity,0.6426791634496392
107,mobilenet_recplot,18,faithfulness,-0.19754129648208618
107,mobilenet_recplot,18,robustness,2.0680630207061768
107,mobilenet_recplot,18,complexity,0.6522807023974903
107,mobilenet_recplot,19,faithfulness,0.14630454778671265
107,mobilenet_recplot,19,robustness,5.052923679351807
107,mobilenet_recplot,19,complexity,0.663410238789614
107,mobilenet_recplot,20,faithfulness,-0.2842665910720825
107,mobilenet_recplot,20,robustness,1.6097981929779053
107,mobilenet_recplot,20,complexity,0.6671932122560691
107,mobilenet_recplot,21,faithfulness,-0.03381115198135376
107,mobilenet_recplot,21,robustness,2.108431816101074
107,mobilenet_recplot,21,complexity,0.6463275297479258
107,mobilenet_recplot,22,faithfulness,0.09955482929944992
107,mobilenet_recplot,22,robustness,1.649685263633728
107,mobilenet_recplot,22,complexity,0.6530525796535346
107,mobilenet_recplot,23,faithfulness,0.11140929162502289
107,mobilenet_recplot,23,robustness,2.5551483631134033
107,mobilenet_recplot,23,complexity,0.6651730100083293
107,mobilenet_recplot,24,faithfulness,0.29929953813552856
107,mobilenet_recplot,24,robustness,2.423325777053833
107,mobilenet_recplot,24,complexity,0.6591553041391138
107,mobilenet_recplot,25,faithfulness,-0.04703233391046524
107,mobilenet_recplot,25,robustness,1.4773818254470825
107,mobilenet_recplot,25,complexity,0.6299001133320362
107,mobilenet_recplot,26,faithfulness,0.3063639998435974
107,mobilenet_recplot,26,robustness,1.850083589553833
107,mobilenet_recplot,26,complexity,0.7160404211214858
107,mobilenet_recplot,27,faithfulness,-0.004321783781051636
107,mobilenet_recplot,27,robustness,1.8370486497879028
107,mobilenet_recplot,27,complexity,0.6475436896630159
107,mobilenet_recplot,28,faithfulness,0.024774573743343353
107,mobilenet_recplot,28,robustness,4.522083282470703
107,mobilenet_recplot,28,complexity,0.6257634083298237
107,mobilenet_recplot,29,faithfulness,-0.06903847306966782
107,mobilenet_recplot,29,robustness,8.435787200927734
107,mobilenet_recplot,29,complexity,0.6019414384355171
107,mobilenet_recplot,30,faithfulness,0.05658961832523346
107,mobilenet_recplot,30,robustness,4.165456295013428
107,mobilenet_recplot,30,complexity,0.6188199883906325
107,mobilenet_recplot,31,faithfulness,-0.07580295205116272
107,mobilenet_recplot,31,robustness,1.351431965827942
107,mobilenet_recplot,31,complexity,0.6417613870769284
107,mobilenet_recplot,32,faithfulness,-0.39427727460861206
107,mobilenet_recplot,32,robustness,1.1627131700515747
107,mobilenet_recplot,32,complexity,0.6728540771570356
107,mobilenet_recplot,33,faithfulness,0.26542752981185913
107,mobilenet_recplot,33,robustness,2.067713975906372
107,mobilenet_recplot,33,complexity,0.6857139211555275
107,mobilenet_recplot,34,faithfulness,-0.29225414991378784
107,mobilenet_recplot,34,robustness,1.4615570306777954
107,mobilenet_recplot,34,complexity,0.618663347069917
107,mobilenet_recplot,35,faithfulness,-0.08859702944755554
107,mobilenet_recplot,35,robustness,1.2308070659637451
107,mobilenet_recplot,35,complexity,0.6299947523548765
107,mobilenet_recplot,36,faithfulness,0.11196806281805038
107,mobilenet_recplot,36,robustness,2.5085301399230957
107,mobilenet_recplot,36,complexity,0.6275501533532554
107,mobilenet_recplot,37,faithfulness,-0.05683986097574234
107,mobilenet_recplot,37,robustness,2.0545382499694824
107,mobilenet_recplot,37,complexity,0.6379770653720368
107,mobilenet_recplot,38,faithfulness,-0.040375035256147385
107,mobilenet_recplot,38,robustness,2.3512063026428223
107,mobilenet_recplot,38,complexity,0.6425954446705365
107,mobilenet_recplot,39,faithfulness,-0.181748166680336
107,mobilenet_recplot,39,robustness,1.8833115100860596
107,mobilenet_recplot,39,complexity,0.6396484855548308
107,mobilenet_recplot,40,faithfulness,0.009263429790735245
107,mobilenet_recplot,40,robustness,1.4724202156066895
107,mobilenet_recplot,40,complexity,0.6325776454793247
107,mobilenet_recplot,41,faithfulness,0.1575518399477005
107,mobilenet_recplot,41,robustness,1.2562999725341797
107,mobilenet_recplot,41,complexity,0.6275877747193254
107,mobilenet_recplot,42,faithfulness,0.3834696412086487
107,mobilenet_recplot,42,robustness,1.5336438417434692
107,mobilenet_recplot,42,complexity,0.6433242419923676
107,mobilenet_recplot,43,faithfulness,-0.0762939602136612
107,mobilenet_recplot,43,robustness,2.5623347759246826
107,mobilenet_recplot,43,complexity,0.6545478894798833
107,mobilenet_recplot,44,faithfulness,-0.15247087180614471
107,mobilenet_recplot,44,robustness,2.1468849182128906
107,mobilenet_recplot,44,complexity,0.6374733501710668
107,mobilenet_recplot,45,faithfulness,0.24141594767570496
107,mobilenet_recplot,45,robustness,1.7699509859085083
107,mobilenet_recplot,45,complexity,0.658905968709098
107,effnet_orig,0,faithfulness,0.11574400961399078
107,effnet_orig,0,robustness,54.33442306518555
107,effnet_orig,0,complexity,0.61442106264057
107,effnet_orig,1,faithfulness,0.016848504543304443
107,effnet_orig,1,robustness,214.75765991210938
107,effnet_orig,1,complexity,0.5482500655479893
107,effnet_orig,2,faithfulness,-0.2827022075653076
107,effnet_orig,2,robustness,88.04051208496094
107,effnet_orig,2,complexity,0.6203002983351344
107,effnet_orig,3,faithfulness,-0.1743144392967224
107,effnet_orig,3,robustness,1.1355457305908203
107,effnet_orig,3,complexity,0.5940334172341668
107,effnet_orig,4,faithfulness,-0.11661824584007263
107,effnet_orig,4,robustness,7.43223762512207
107,effnet_orig,4,complexity,0.6166198066880263
107,effnet_orig,5,faithfulness,0.1871088147163391
107,effnet_orig,5,robustness,5.24624490737915
107,effnet_orig,5,complexity,0.6179766286695693
107,effnet_orig,6,faithfulness,-0.2544209957122803
107,effnet_orig,6,robustness,14.651532173156738
107,effnet_orig,6,complexity,0.5884700611418141
107,effnet_orig,7,faithfulness,-0.060044076293706894
107,effnet_orig,7,robustness,193.5795440673828
107,effnet_orig,7,complexity,0.61704283228868
107,effnet_orig,8,faithfulness,-0.08462446182966232
107,effnet_orig,8,robustness,86.97211456298828
107,effnet_orig,8,complexity,0.5919649204251659
107,effnet_orig,9,faithfulness,-0.12706194818019867
107,effnet_orig,9,robustness,31.390459060668945
107,effnet_orig,9,complexity,0.6306465343015416
107,effnet_orig,10,faithfulness,-0.041968390345573425
107,effnet_orig,10,robustness,19.327205657958984
107,effnet_orig,10,complexity,0.6366851930594187
107,effnet_orig,11,faithfulness,0.0669843927025795
107,effnet_orig,11,robustness,619.0421142578125
107,effnet_orig,11,complexity,0.5973896605277628
107,effnet_orig,12,faithfulness,0.013878587633371353
107,effnet_orig,12,robustness,1.4410313367843628
107,effnet_orig,12,complexity,0.5672949195921659
107,effnet_orig,13,faithfulness,-0.035090163350105286
107,effnet_orig,13,robustness,6.208190441131592
107,effnet_orig,13,complexity,0.61142160564993
107,effnet_orig,14,faithfulness,-0.16789600253105164
107,effnet_orig,14,robustness,115.94856262207031
107,effnet_orig,14,complexity,0.6301677262067529
107,effnet_orig,15,faithfulness,0.1686282753944397
107,effnet_orig,15,robustness,10.136275291442871
107,effnet_orig,15,complexity,0.6071171792088863
107,effnet_orig,16,faithfulness,0.15305335819721222
107,effnet_orig,16,robustness,2.504014253616333
107,effnet_orig,16,complexity,0.5469783166704465
107,effnet_orig,17,faithfulness,0.1425316333770752
107,effnet_orig,17,robustness,11.969154357910156
107,effnet_orig,17,complexity,0.5921202861157108
107,effnet_orig,18,faithfulness,0.1549232006072998
107,effnet_orig,18,robustness,12.010890007019043
107,effnet_orig,18,complexity,0.5368597420960369
107,effnet_orig,19,faithfulness,-0.044164352118968964
107,effnet_orig,19,robustness,12.089625358581543
107,effnet_orig,19,complexity,0.5968635330331955
107,effnet_orig,20,faithfulness,-0.25812816619873047
107,effnet_orig,20,robustness,3.2399604320526123
107,effnet_orig,20,complexity,0.5552528989096913
107,effnet_orig,21,faithfulness,-0.03835688531398773
107,effnet_orig,21,robustness,2.723646879196167
107,effnet_orig,21,complexity,0.6017887024053897
107,effnet_orig,22,faithfulness,-0.026554927229881287
107,effnet_orig,22,robustness,56.4258918762207
107,effnet_orig,22,complexity,0.5887399779696308
107,effnet_orig,23,faithfulness,0.04989634454250336
107,effnet_orig,23,robustness,13.251245498657227
107,effnet_orig,23,complexity,0.5500712880953509
107,effnet_orig,24,faithfulness,-0.15240544080734253
107,effnet_orig,24,robustness,99.14494323730469
107,effnet_orig,24,complexity,0.5887259974568655
107,effnet_orig,25,faithfulness,-0.1778034269809723
107,effnet_orig,25,robustness,43.097068786621094
107,effnet_orig,25,complexity,0.5767425607933981
107,effnet_orig,26,faithfulness,-0.17069120705127716
107,effnet_orig,26,robustness,120.5406723022461
107,effnet_orig,26,complexity,0.5690949298745883
107,effnet_orig,27,faithfulness,0.402080237865448
107,effnet_orig,27,robustness,1.031599760055542
107,effnet_orig,27,complexity,0.5413650827015096
107,effnet_orig,28,faithfulness,0.13499990105628967
107,effnet_orig,28,robustness,1.0710850954055786
107,effnet_orig,28,complexity,0.6049045599303099
107,effnet_orig,29,faithfulness,-0.25357910990715027
107,effnet_orig,29,robustness,35.50812911987305
107,effnet_orig,29,complexity,0.6143979282492271
107,effnet_orig,30,faithfulness,-0.21663573384284973
107,effnet_orig,30,robustness,6.503495693206787
107,effnet_orig,30,complexity,0.6184870364620692
107,effnet_orig,31,faithfulness,0.04819576442241669
107,effnet_orig,31,robustness,4.6255106925964355
107,effnet_orig,31,complexity,0.6055536751351908
107,effnet_orig,32,faithfulness,0.07197141647338867
107,effnet_orig,32,robustness,3.441208839416504
107,effnet_orig,32,complexity,0.5474074075547397
107,effnet_orig,33,faithfulness,0.039843786507844925
107,effnet_orig,33,robustness,11.661286354064941
107,effnet_orig,33,complexity,0.5551710952430221
107,effnet_orig,34,faithfulness,-0.11398696899414062
107,effnet_orig,34,robustness,39.20027542114258
107,effnet_orig,34,complexity,0.5438521154357743
107,effnet_orig,35,faithfulness,0.13797101378440857
107,effnet_orig,35,robustness,34.379722595214844
107,effnet_orig,35,complexity,0.6032591942749691
107,effnet_orig,36,faithfulness,-0.2350468635559082
107,effnet_orig,36,robustness,29.51710319519043
107,effnet_orig,36,complexity,0.5350727717833195
107,effnet_orig,37,faithfulness,-0.11050525307655334
107,effnet_orig,37,robustness,1.173460841178894
107,effnet_orig,37,complexity,0.6111780950998656
107,effnet_orig,38,faithfulness,-0.2152385711669922
107,effnet_orig,38,robustness,1.1754369735717773
107,effnet_orig,38,complexity,0.6230940521184772
107,effnet_orig,39,faithfulness,-0.07375739514827728
107,effnet_orig,39,robustness,13.135746002197266
107,effnet_orig,39,complexity,0.565186424458387
107,effnet_orig,40,faithfulness,0.10079524666070938
107,effnet_orig,40,robustness,87.28250122070312
107,effnet_orig,40,complexity,0.5880975843258905
107,effnet_orig,41,faithfulness,0.05252024531364441
107,effnet_orig,41,robustness,4.005802631378174
107,effnet_orig,41,complexity,0.6040506704842636
107,effnet_orig,42,faithfulness,-0.1306578665971756
107,effnet_orig,42,robustness,4.732389450073242
107,effnet_orig,42,complexity,0.5397155399400829
107,effnet_orig,43,faithfulness,0.24899770319461823
107,effnet_orig,43,robustness,1.4290202856063843
107,effnet_orig,43,complexity,0.5136639680703637
107,effnet_orig,44,faithfulness,0.004603579640388489
107,effnet_orig,44,robustness,40.3893928527832
107,effnet_orig,44,complexity,0.5700154502177277
107,effnet_orig,45,faithfulness,0.11475827544927597
107,effnet_orig,45,robustness,272.0140075683594
107,effnet_orig,45,complexity,0.5696578790325496
107,effnet_recplot,0,faithfulness,0.13635432720184326
107,effnet_recplot,0,robustness,1688.379638671875
107,effnet_recplot,0,complexity,0.619912880401386
107,effnet_recplot,1,faithfulness,-0.018660053610801697
107,effnet_recplot,1,robustness,64.83951568603516
107,effnet_recplot,1,complexity,0.6042888954520919
107,effnet_recplot,2,faithfulness,0.13531668484210968
107,effnet_recplot,2,robustness,124.4714584350586
107,effnet_recplot,2,complexity,0.6478773164963679
107,effnet_recplot,3,faithfulness,0.08331552147865295
107,effnet_recplot,3,robustness,1.1418884992599487
107,effnet_recplot,3,complexity,0.6409680957377926
107,effnet_recplot,4,faithfulness,0.33055147528648376
107,effnet_recplot,4,robustness,6.905736446380615
107,effnet_recplot,4,complexity,0.6297912945315474
107,effnet_recplot,5,faithfulness,0.19791391491889954
107,effnet_recplot,5,robustness,247.51609802246094
107,effnet_recplot,5,complexity,0.6418860360041493
107,effnet_recplot,6,faithfulness,-0.04675067216157913
107,effnet_recplot,6,robustness,12.3574800491333
107,effnet_recplot,6,complexity,0.6337864083775178
107,effnet_recplot,7,faithfulness,0.02355864644050598
107,effnet_recplot,7,robustness,445.9475402832031
107,effnet_recplot,7,complexity,0.6056886482108265
107,effnet_recplot,8,faithfulness,-0.19337797164916992
107,effnet_recplot,8,robustness,28.373579025268555
107,effnet_recplot,8,complexity,0.5933392606777832
107,effnet_recplot,9,faithfulness,-0.06866316497325897
107,effnet_recplot,9,robustness,134.95265197753906
107,effnet_recplot,9,complexity,0.6137048572722928
107,effnet_recplot,10,faithfulness,0.018504276871681213
107,effnet_recplot,10,robustness,5.922389984130859
107,effnet_recplot,10,complexity,0.6674011421866077
107,effnet_recplot,11,faithfulness,-0.02930617332458496
107,effnet_recplot,11,robustness,1.3173999786376953
107,effnet_recplot,11,complexity,0.5567294375966333
107,effnet_recplot,12,faithfulness,-0.030793100595474243
107,effnet_recplot,12,robustness,248.78407287597656
107,effnet_recplot,12,complexity,0.6012754323901903
107,effnet_recplot,13,faithfulness,0.05634273588657379
107,effnet_recplot,13,robustness,135.91526794433594
107,effnet_recplot,13,complexity,0.6256871712046341
107,effnet_recplot,14,faithfulness,-0.01917727291584015
107,effnet_recplot,14,robustness,36.369258880615234
107,effnet_recplot,14,complexity,0.5593387235078993
107,effnet_recplot,15,faithfulness,0.07374438643455505
107,effnet_recplot,15,robustness,1247.7484130859375
107,effnet_recplot,15,complexity,0.5832400742933688
107,effnet_recplot,16,faithfulness,0.14170417189598083
107,effnet_recplot,16,robustness,252.2167510986328
107,effnet_recplot,16,complexity,0.6138469639982479
107,effnet_recplot,17,faithfulness,-0.026071809232234955
107,effnet_recplot,17,robustness,605.9545288085938
107,effnet_recplot,17,complexity,0.642112042443957
107,effnet_recplot,18,faithfulness,0.20434442162513733
107,effnet_recplot,18,robustness,275.0363464355469
107,effnet_recplot,18,complexity,0.6168684634269946
107,effnet_recplot,19,faithfulness,-0.01158616691827774
107,effnet_recplot,19,robustness,734.8875122070312
107,effnet_recplot,19,complexity,0.5885219856420035
107,effnet_recplot,20,faithfulness,0.176400288939476
107,effnet_recplot,20,robustness,4.508890151977539
107,effnet_recplot,20,complexity,0.5717047655120135
107,effnet_recplot,21,faithfulness,-0.3535747528076172
107,effnet_recplot,21,robustness,1.0503507852554321
107,effnet_recplot,21,complexity,0.618407931470362
107,effnet_recplot,22,faithfulness,-0.2365669310092926
107,effnet_recplot,22,robustness,9.903887748718262
107,effnet_recplot,22,complexity,0.6895732746581844
107,effnet_recplot,23,faithfulness,-0.024946853518486023
107,effnet_recplot,23,robustness,20.831575393676758
107,effnet_recplot,23,complexity,0.5947380998861246
107,effnet_recplot,24,faithfulness,0.036781519651412964
107,effnet_recplot,24,robustness,745.2811889648438
107,effnet_recplot,24,complexity,0.627906945890184
107,effnet_recplot,25,faithfulness,0.2449839562177658
107,effnet_recplot,25,robustness,150.4467315673828
107,effnet_recplot,25,complexity,0.5887823147961192
107,effnet_recplot,26,faithfulness,-0.027742255479097366
107,effnet_recplot,26,robustness,67.41081237792969
107,effnet_recplot,26,complexity,0.6943403027960587
107,effnet_recplot,27,faithfulness,0.4668738842010498
107,effnet_recplot,27,robustness,14.677214622497559
107,effnet_recplot,27,complexity,0.5725926970762116
107,effnet_recplot,28,faithfulness,0.3766442537307739
107,effnet_recplot,28,robustness,164.3917236328125
107,effnet_recplot,28,complexity,0.5759345665713541
107,effnet_recplot,29,faithfulness,-0.27744224667549133
107,effnet_recplot,29,robustness,36.06752395629883
107,effnet_recplot,29,complexity,0.6036040110522989
107,effnet_recplot,30,faithfulness,0.3318353593349457
107,effnet_recplot,30,robustness,8.873621940612793
107,effnet_recplot,30,complexity,0.628739158106818
107,effnet_recplot,31,faithfulness,0.2295616865158081
107,effnet_recplot,31,robustness,106.63920593261719
107,effnet_recplot,31,complexity,0.5663935673049538
107,effnet_recplot,32,faithfulness,-0.1679481863975525
107,effnet_recplot,32,robustness,22.28377342224121
107,effnet_recplot,32,complexity,0.6660384816035563
107,effnet_recplot,33,faithfulness,-0.3047567307949066
107,effnet_recplot,33,robustness,9.846475601196289
107,effnet_recplot,33,complexity,0.6781111281666045
107,effnet_recplot,34,faithfulness,-0.07125043869018555
107,effnet_recplot,34,robustness,19.97945785522461
107,effnet_recplot,34,complexity,0.5363232526087365
107,effnet_recplot,35,faithfulness,0.030079621821641922
107,effnet_recplot,35,robustness,117.73417663574219
107,effnet_recplot,35,complexity,0.6101693231581512
107,effnet_recplot,36,faithfulness,-0.1433926224708557
107,effnet_recplot,36,robustness,13.023072242736816
107,effnet_recplot,36,complexity,0.670706155116246
107,effnet_recplot,37,faithfulness,-0.28192338347435
107,effnet_recplot,37,robustness,165.554443359375
107,effnet_recplot,37,complexity,0.643892537663488
107,effnet_recplot,38,faithfulness,-0.19572310149669647
107,effnet_recplot,38,robustness,949.688720703125
107,effnet_recplot,38,complexity,0.6290417368049728
107,effnet_recplot,39,faithfulness,-0.03496618568897247
107,effnet_recplot,39,robustness,6.520846366882324
107,effnet_recplot,39,complexity,0.6384819722166553
107,effnet_recplot,40,faithfulness,0.09058963507413864
107,effnet_recplot,40,robustness,79.84329223632812
107,effnet_recplot,40,complexity,0.6219068346636983
107,effnet_recplot,41,faithfulness,0.16971667110919952
107,effnet_recplot,41,robustness,11.270560264587402
107,effnet_recplot,41,complexity,0.6194973133593461
107,effnet_recplot,42,faithfulness,-0.13212215900421143
107,effnet_recplot,42,robustness,18.693506240844727
107,effnet_recplot,42,complexity,0.6023300674407716
107,effnet_recplot,43,faithfulness,0.2042795717716217
107,effnet_recplot,43,robustness,551.3370361328125
107,effnet_recplot,43,complexity,0.628342525883252
107,effnet_recplot,44,faithfulness,0.009160486981272697
107,effnet_recplot,44,robustness,1326.1949462890625
107,effnet_recplot,44,complexity,0.6100142785564846
107,effnet_recplot,45,faithfulness,0.034243613481521606
107,effnet_recplot,45,robustness,10.118303298950195
107,effnet_recplot,45,complexity,0.6231345892444228
121,mobilenet_orig,0,faithfulness,-0.20821379125118256
121,mobilenet_orig,0,robustness,1.6958003044128418
121,mobilenet_orig,0,complexity,0.6185960424955521
121,mobilenet_orig,1,faithfulness,0.1654776930809021
121,mobilenet_orig,1,robustness,1.2340790033340454
121,mobilenet_orig,1,complexity,0.6363526006179367
121,mobilenet_orig,2,faithfulness,-0.19129414856433868
121,mobilenet_orig,2,robustness,1.328202247619629
121,mobilenet_orig,2,complexity,0.6392221504227681
121,mobilenet_orig,3,faithfulness,-0.11169205605983734
121,mobilenet_orig,3,robustness,2.0711653232574463
121,mobilenet_orig,3,complexity,0.6268046286114834
121,mobilenet_orig,4,faithfulness,-0.12447512894868851
121,mobilenet_orig,4,robustness,2.179870128631592
121,mobilenet_orig,4,complexity,0.6205044090842826
121,mobilenet_orig,5,faithfulness,0.046189263463020325
121,mobilenet_orig,5,robustness,1.6542646884918213
121,mobilenet_orig,5,complexity,0.6600739187928805
121,mobilenet_orig,6,faithfulness,-0.32304492592811584
121,mobilenet_orig,6,robustness,2.439234733581543
121,mobilenet_orig,6,complexity,0.6385921186718432
121,mobilenet_orig,7,faithfulness,0.0052338093519210815
121,mobilenet_orig,7,robustness,1.4524428844451904
121,mobilenet_orig,7,complexity,0.6196040236367105
121,mobilenet_orig,8,faithfulness,-0.16391189396381378
121,mobilenet_orig,8,robustness,1.4920002222061157
121,mobilenet_orig,8,complexity,0.6230055467144889
121,mobilenet_orig,9,faithfulness,-0.2630631923675537
121,mobilenet_orig,9,robustness,2.066500663757324
121,mobilenet_orig,9,complexity,0.6250913110920302
121,mobilenet_orig,10,faithfulness,-0.028941471129655838
121,mobilenet_orig,10,robustness,1.4993354082107544
121,mobilenet_orig,10,complexity,0.6348450574662188
121,mobilenet_orig,11,faithfulness,-0.31112372875213623
121,mobilenet_orig,11,robustness,1.2591403722763062
121,mobilenet_orig,11,complexity,0.6434146753181282
121,mobilenet_orig,12,faithfulness,-0.02320033684372902
121,mobilenet_orig,12,robustness,1.4653265476226807
121,mobilenet_orig,12,complexity,0.6309468318466039
121,mobilenet_orig,13,faithfulness,0.1157723069190979
121,mobilenet_orig,13,robustness,1.283252477645874
121,mobilenet_orig,13,complexity,0.6457483946039875
121,mobilenet_orig,14,faithfulness,0.1118408739566803
121,mobilenet_orig,14,robustness,2.019699811935425
121,mobilenet_orig,14,complexity,0.6040984981420165
121,mobilenet_orig,15,faithfulness,0.018347404897212982
121,mobilenet_orig,15,robustness,1.9581212997436523
121,mobilenet_orig,15,complexity,0.633370437592695
121,mobilenet_orig,16,faithfulness,-0.22610720992088318
121,mobilenet_orig,16,robustness,2.155963659286499
121,mobilenet_orig,16,complexity,0.6226784770901533
121,mobilenet_orig,17,faithfulness,-0.07353448122739792
121,mobilenet_orig,17,robustness,1.9732911586761475
121,mobilenet_orig,17,complexity,0.6127218210352474
121,mobilenet_orig,18,faithfulness,-0.0905255600810051
121,mobilenet_orig,18,robustness,2.4602622985839844
121,mobilenet_orig,18,complexity,0.6274500515113394
121,mobilenet_orig,19,faithfulness,-0.2642146944999695
121,mobilenet_orig,19,robustness,1.6481075286865234
121,mobilenet_orig,19,complexity,0.647917625001312
121,mobilenet_orig,20,faithfulness,-0.018492206931114197
121,mobilenet_orig,20,robustness,2.1451869010925293
121,mobilenet_orig,20,complexity,0.6497837057540158
121,mobilenet_orig,21,faithfulness,0.03273140639066696
121,mobilenet_orig,21,robustness,2.5611565113067627
121,mobilenet_orig,21,complexity,0.6264739455007085
121,mobilenet_orig,22,faithfulness,-0.13363385200500488
121,mobilenet_orig,22,robustness,1.3389005661010742
121,mobilenet_orig,22,complexity,0.629730047679794
121,mobilenet_orig,23,faithfulness,0.06983137130737305
121,mobilenet_orig,23,robustness,1.7246886491775513
121,mobilenet_orig,23,complexity,0.6391652643624283
121,mobilenet_orig,24,faithfulness,-0.17086580395698547
121,mobilenet_orig,24,robustness,1.331153392791748
121,mobilenet_orig,24,complexity,0.6176947657774869
121,mobilenet_orig,25,faithfulness,-0.008623462170362473
121,mobilenet_orig,25,robustness,1.5190924406051636
121,mobilenet_orig,25,complexity,0.6598641231265275
121,mobilenet_orig,26,faithfulness,-0.14307449758052826
121,mobilenet_orig,26,robustness,1.244032621383667
121,mobilenet_orig,26,complexity,0.599081660616942
121,mobilenet_orig,27,faithfulness,0.015266336500644684
121,mobilenet_orig,27,robustness,1.8862156867980957
121,mobilenet_orig,27,complexity,0.6423117245066234
121,mobilenet_orig,28,faithfulness,0.27239352464675903
121,mobilenet_orig,28,robustness,1.9882266521453857
121,mobilenet_orig,28,complexity,0.6292839649820354
121,mobilenet_orig,29,faithfulness,-0.22974887490272522
121,mobilenet_orig,29,robustness,1.525507926940918
121,mobilenet_orig,29,complexity,0.6375921570660791
121,mobilenet_orig,30,faithfulness,0.1108764111995697
121,mobilenet_orig,30,robustness,1.923676609992981
121,mobilenet_orig,30,complexity,0.6307933502208078
121,mobilenet_orig,31,faithfulness,-0.32904717326164246
121,mobilenet_orig,31,robustness,1.7371865510940552
121,mobilenet_orig,31,complexity,0.6470559039545761
121,mobilenet_orig,32,faithfulness,-0.3435649573802948
121,mobilenet_orig,32,robustness,1.2818447351455688
121,mobilenet_orig,32,complexity,0.6439606622069936
121,mobilenet_orig,33,faithfulness,-0.20295169949531555
121,mobilenet_orig,33,robustness,1.303239107131958
121,mobilenet_orig,33,complexity,0.6169733712092365
121,mobilenet_orig,34,faithfulness,-0.06677776575088501
121,mobilenet_orig,34,robustness,1.2503000497817993
121,mobilenet_orig,34,complexity,0.621090833501576
121,mobilenet_orig,35,faithfulness,-0.2273094356060028
121,mobilenet_orig,35,robustness,1.6143521070480347
121,mobilenet_orig,35,complexity,0.6206660049078062
121,mobilenet_orig,36,faithfulness,0.18623918294906616
121,mobilenet_orig,36,robustness,1.3919388055801392
121,mobilenet_orig,36,complexity,0.629097841599528
121,mobilenet_orig,37,faithfulness,-0.40796858072280884
121,mobilenet_orig,37,robustness,1.3591110706329346
121,mobilenet_orig,37,complexity,0.6572131185049301
121,mobilenet_orig,38,faithfulness,0.08327674865722656
121,mobilenet_orig,38,robustness,1.4665113687515259
121,mobilenet_orig,38,complexity,0.6446837382232311
121,mobilenet_orig,39,faithfulness,-0.12451311945915222
121,mobilenet_orig,39,robustness,1.3382097482681274
121,mobilenet_orig,39,complexity,0.653838361153579
121,mobilenet_orig,40,faithfulness,0.16546782851219177
121,mobilenet_orig,40,robustness,1.1804394721984863
121,mobilenet_orig,40,complexity,0.6348170642449302
121,mobilenet_orig,41,faithfulness,-0.24710959196090698
121,mobilenet_orig,41,robustness,2.3071446418762207
121,mobilenet_orig,41,complexity,0.6121076222791764
121,mobilenet_orig,42,faithfulness,0.13139905035495758
121,mobilenet_orig,42,robustness,1.8311913013458252
121,mobilenet_orig,42,complexity,0.6180544999860578
121,mobilenet_orig,43,faithfulness,0.3212919533252716
121,mobilenet_orig,43,robustness,2.246828317642212
121,mobilenet_orig,43,complexity,0.5995864357993945
121,mobilenet_orig,44,faithfulness,0.02561929076910019
121,mobilenet_orig,44,robustness,2.0692245960235596
121,mobilenet_orig,44,complexity,0.6034235769911611
121,mobilenet_orig,45,faithfulness,0.19854258000850677
121,mobilenet_orig,45,robustness,2.0202531814575195
121,mobilenet_orig,45,complexity,0.6445745754019252
121,mobilenet_recplot,0,faithfulness,0.06391195952892303
121,mobilenet_recplot,0,robustness,2.9992573261260986
121,mobilenet_recplot,0,complexity,0.6339774316521767
121,mobilenet_recplot,1,faithfulness,0.14024227857589722
121,mobilenet_recplot,1,robustness,2.128647804260254
121,mobilenet_recplot,1,complexity,0.6383141085083915
121,mobilenet_recplot,2,faithfulness,0.07344703376293182
121,mobilenet_recplot,2,robustness,1.8705222606658936
121,mobilenet_recplot,2,complexity,0.6358441027349778
121,mobilenet_recplot,3,faithfulness,-0.32546234130859375
121,mobilenet_recplot,3,robustness,2.4019174575805664
121,mobilenet_recplot,3,complexity,0.6453070881664064
121,mobilenet_recplot,4,faithfulness,-0.14050856232643127
121,mobilenet_recplot,4,robustness,1.457811951637268
121,mobilenet_recplot,4,complexity,0.6250057639442869
121,mobilenet_recplot,5,faithfulness,-0.011720925569534302
121,mobilenet_recplot,5,robustness,2.5728397369384766
121,mobilenet_recplot,5,complexity,0.6475049494386272
121,mobilenet_recplot,6,faithfulness,-0.004244081676006317
121,mobilenet_recplot,6,robustness,1.3758883476257324
121,mobilenet_recplot,6,complexity,0.6306864084157705
121,mobilenet_recplot,7,faithfulness,-0.20797961950302124
121,mobilenet_recplot,7,robustness,1.6146409511566162
121,mobilenet_recplot,7,complexity,0.624110614919686
121,mobilenet_recplot,8,faithfulness,-0.033092938363552094
121,mobilenet_recplot,8,robustness,1.4910039901733398
121,mobilenet_recplot,8,complexity,0.6429915119581948
121,mobilenet_recplot,9,faithfulness,0.2086750566959381
121,mobilenet_recplot,9,robustness,1.7089598178863525
121,mobilenet_recplot,9,complexity,0.6372559471154428
121,mobilenet_recplot,10,faithfulness,-0.14911094307899475
121,mobilenet_recplot,10,robustness,3.665451765060425
121,mobilenet_recplot,10,complexity,0.6294581430215651
121,mobilenet_recplot,11,faithfulness,0.38553541898727417
121,mobilenet_recplot,11,robustness,1.2931692600250244
121,mobilenet_recplot,11,complexity,0.6126381851605649
121,mobilenet_recplot,12,faithfulness,0.06721754372119904
121,mobilenet_recplot,12,robustness,1.7915807962417603
121,mobilenet_recplot,12,complexity,0.6188531574544219
121,mobilenet_recplot,13,faithfulness,-0.20020093023777008
121,mobilenet_recplot,13,robustness,1.761238932609558
121,mobilenet_recplot,13,complexity,0.6411360250292273
121,mobilenet_recplot,14,faithfulness,-0.026180528104305267
121,mobilenet_recplot,14,robustness,1.6268482208251953
121,mobilenet_recplot,14,complexity,0.6371118865615322
121,mobilenet_recplot,15,faithfulness,-0.028448518365621567
121,mobilenet_recplot,15,robustness,1.7427619695663452
121,mobilenet_recplot,15,complexity,0.6636521089227246
121,mobilenet_recplot,16,faithfulness,-0.4306330978870392
121,mobilenet_recplot,16,robustness,1.671358346939087
121,mobilenet_recplot,16,complexity,0.6363286209011124
121,mobilenet_recplot,17,faithfulness,0.14682258665561676
121,mobilenet_recplot,17,robustness,1.5184227228164673
121,mobilenet_recplot,17,complexity,0.621753149072847
121,mobilenet_recplot,18,faithfulness,-0.16175520420074463
121,mobilenet_recplot,18,robustness,1.9070460796356201
121,mobilenet_recplot,18,complexity,0.6546723319549549
121,mobilenet_recplot,19,faithfulness,-0.16180720925331116
121,mobilenet_recplot,19,robustness,4.505832672119141
121,mobilenet_recplot,19,complexity,0.6256225666701488
121,mobilenet_recplot,20,faithfulness,-0.16837924718856812
121,mobilenet_recplot,20,robustness,1.5881755352020264
121,mobilenet_recplot,20,complexity,0.6534593355082381
121,mobilenet_recplot,21,faithfulness,-0.07616360485553741
121,mobilenet_recplot,21,robustness,1.742478847503662
121,mobilenet_recplot,21,complexity,0.6269742504208315
121,mobilenet_recplot,22,faithfulness,-0.10657171159982681
121,mobilenet_recplot,22,robustness,1.2546942234039307
121,mobilenet_recplot,22,complexity,0.6437887272025381
121,mobilenet_recplot,23,faithfulness,0.11501222848892212
121,mobilenet_recplot,23,robustness,1.8138025999069214
121,mobilenet_recplot,23,complexity,0.6730734621106848
121,mobilenet_recplot,24,faithfulness,0.10350677371025085
121,mobilenet_recplot,24,robustness,1.6367785930633545
121,mobilenet_recplot,24,complexity,0.6432116261097744
121,mobilenet_recplot,25,faithfulness,-0.059067126363515854
121,mobilenet_recplot,25,robustness,1.2551531791687012
121,mobilenet_recplot,25,complexity,0.6434951171206821
121,mobilenet_recplot,26,faithfulness,0.020530790090560913
121,mobilenet_recplot,26,robustness,1.376179814338684
121,mobilenet_recplot,26,complexity,0.6796728102864955
121,mobilenet_recplot,27,faithfulness,-0.37215322256088257
121,mobilenet_recplot,27,robustness,1.4242912530899048
121,mobilenet_recplot,27,complexity,0.6521549937798536
121,mobilenet_recplot,28,faithfulness,0.09281084686517715
121,mobilenet_recplot,28,robustness,3.01324462890625
121,mobilenet_recplot,28,complexity,0.6120560782238186
121,mobilenet_recplot,29,faithfulness,0.1336759775876999
121,mobilenet_recplot,29,robustness,5.674957752227783
121,mobilenet_recplot,29,complexity,0.596627904039882
121,mobilenet_recplot,30,faithfulness,0.30813172459602356
121,mobilenet_recplot,30,robustness,2.4491333961486816
121,mobilenet_recplot,30,complexity,0.6272921107388638
121,mobilenet_recplot,31,faithfulness,-0.17611169815063477
121,mobilenet_recplot,31,robustness,1.296293020248413
121,mobilenet_recplot,31,complexity,0.5957465060791276
121,mobilenet_recplot,32,faithfulness,0.11097157001495361
121,mobilenet_recplot,32,robustness,1.121772289276123
121,mobilenet_recplot,32,complexity,0.6448010565682827
121,mobilenet_recplot,33,faithfulness,-0.3376637399196625
121,mobilenet_recplot,33,robustness,1.2858364582061768
121,mobilenet_recplot,33,complexity,0.7124679887933018
121,mobilenet_recplot,34,faithfulness,-0.3941834270954132
121,mobilenet_recplot,34,robustness,1.2264751195907593
121,mobilenet_recplot,34,complexity,0.6051852872851148
121,mobilenet_recplot,35,faithfulness,-0.24933210015296936
121,mobilenet_recplot,35,robustness,1.1367748975753784
121,mobilenet_recplot,35,complexity,0.6232372371535413
121,mobilenet_recplot,36,faithfulness,-0.3665025234222412
121,mobilenet_recplot,36,robustness,1.8467917442321777
121,mobilenet_recplot,36,complexity,0.6198471879140758
121,mobilenet_recplot,37,faithfulness,-0.06680936366319656
121,mobilenet_recplot,37,robustness,1.8103705644607544
121,mobilenet_recplot,37,complexity,0.6369019903186821
121,mobilenet_recplot,38,faithfulness,-0.39187419414520264
121,mobilenet_recplot,38,robustness,1.796675443649292
121,mobilenet_recplot,38,complexity,0.6383661500307597
121,mobilenet_recplot,39,faithfulness,0.07614445686340332
121,mobilenet_recplot,39,robustness,1.6527421474456787
121,mobilenet_recplot,39,complexity,0.6531868533551966
121,mobilenet_recplot,40,faithfulness,0.033347394317388535
121,mobilenet_recplot,40,robustness,1.2618485689163208
121,mobilenet_recplot,40,complexity,0.6074990654216131
121,mobilenet_recplot,41,faithfulness,-0.18454673886299133
121,mobilenet_recplot,41,robustness,1.194142460823059
121,mobilenet_recplot,41,complexity,0.6264302539886035
121,mobilenet_recplot,42,faithfulness,-0.19228032231330872
121,mobilenet_recplot,42,robustness,1.1832036972045898
121,mobilenet_recplot,42,complexity,0.6265508610457102
121,mobilenet_recplot,43,faithfulness,0.3154338598251343
121,mobilenet_recplot,43,robustness,1.9228720664978027
121,mobilenet_recplot,43,complexity,0.6394795882947865
121,mobilenet_recplot,44,faithfulness,-0.06425522267818451
121,mobilenet_recplot,44,robustness,1.6584749221801758
121,mobilenet_recplot,44,complexity,0.643478858988266
121,mobilenet_recplot,45,faithfulness,0.09707401692867279
121,mobilenet_recplot,45,robustness,1.3481230735778809
121,mobilenet_recplot,45,complexity,0.6179956969939773
121,effnet_orig,0,faithfulness,-0.34045031666755676
121,effnet_orig,0,robustness,2.3240013122558594
121,effnet_orig,0,complexity,0.5881323935329228
121,effnet_orig,1,faithfulness,-0.3796217739582062
121,effnet_orig,1,robustness,1.2164137363433838
121,effnet_orig,1,complexity,0.6132985547266082
121,effnet_orig,2,faithfulness,0.29630395770072937
121,effnet_orig,2,robustness,2.5730319023132324
121,effnet_orig,2,complexity,0.6162382404160034
121,effnet_orig,3,faithfulness,-0.1662811040878296
121,effnet_orig,3,robustness,5.853096008300781
121,effnet_orig,3,complexity,0.6107924696574258
121,effnet_orig,4,faithfulness,0.1895647794008255
121,effnet_orig,4,robustness,62.18888473510742
121,effnet_orig,4,complexity,0.6192889339443612
121,effnet_orig,5,faithfulness,-0.5348095893859863
121,effnet_orig,5,robustness,12.581466674804688
121,effnet_orig,5,complexity,0.6056111522334027
121,effnet_orig,6,faithfulness,-0.0556076318025589
121,effnet_orig,6,robustness,3.2400193214416504
121,effnet_orig,6,complexity,0.6193145605232435
121,effnet_orig,7,faithfulness,-0.23994667828083038
121,effnet_orig,7,robustness,2.664024829864502
121,effnet_orig,7,complexity,0.6075487166125624
121,effnet_orig,8,faithfulness,-0.35402995347976685
121,effnet_orig,8,robustness,4.181914806365967
121,effnet_orig,8,complexity,0.6139484125827566
121,effnet_orig,9,faithfulness,-0.017655689269304276
121,effnet_orig,9,robustness,6.853598594665527
121,effnet_orig,9,complexity,0.6214286735827618
121,effnet_orig,10,faithfulness,0.2031925916671753
121,effnet_orig,10,robustness,9.482521057128906
121,effnet_orig,10,complexity,0.6431312519870638
121,effnet_orig,11,faithfulness,-0.416565477848053
121,effnet_orig,11,robustness,4.9048895835876465
121,effnet_orig,11,complexity,0.6200621433052493
121,effnet_orig,12,faithfulness,-0.028824493288993835
121,effnet_orig,12,robustness,4.015944004058838
121,effnet_orig,12,complexity,0.6539082092398636
121,effnet_orig,13,faithfulness,0.3845246434211731
121,effnet_orig,13,robustness,6.779860019683838
121,effnet_orig,13,complexity,0.5493993958207374
121,effnet_orig,14,faithfulness,0.011876091361045837
121,effnet_orig,14,robustness,21.106822967529297
121,effnet_orig,14,complexity,0.6401697668242508
121,effnet_orig,15,faithfulness,-0.024901505559682846
121,effnet_orig,15,robustness,1.0160479545593262
121,effnet_orig,15,complexity,0.6321287093584402
121,effnet_orig,16,faithfulness,-0.07606381177902222
121,effnet_orig,16,robustness,5.874870777130127
121,effnet_orig,16,complexity,0.6004470532934935
121,effnet_orig,17,faithfulness,0.14647981524467468
121,effnet_orig,17,robustness,4.541529178619385
121,effnet_orig,17,complexity,0.6282309690682156
121,effnet_orig,18,faithfulness,-0.154922753572464
121,effnet_orig,18,robustness,1.8828853368759155
121,effnet_orig,18,complexity,0.6864897817519445
121,effnet_orig,19,faithfulness,-0.23965689539909363
121,effnet_orig,19,robustness,18.634204864501953
121,effnet_orig,19,complexity,0.6148174564069114
121,effnet_orig,20,faithfulness,0.0785989835858345
121,effnet_orig,20,robustness,3.2257885932922363
121,effnet_orig,20,complexity,0.6444477121588021
121,effnet_orig,21,faithfulness,-0.11933384090662003
121,effnet_orig,21,robustness,18.281436920166016
121,effnet_orig,21,complexity,0.625041333544814
121,effnet_orig,22,faithfulness,-0.0154140405356884
121,effnet_orig,22,robustness,26.77701187133789
121,effnet_orig,22,complexity,0.5867319744288173
121,effnet_orig,23,faithfulness,-0.08412080258131027
121,effnet_orig,23,robustness,123.32245635986328
121,effnet_orig,23,complexity,0.5771300318768106
121,effnet_orig,24,faithfulness,0.04851560294628143
121,effnet_orig,24,robustness,5.732625484466553
121,effnet_orig,24,complexity,0.5899260655843289
121,effnet_orig,25,faithfulness,0.07535378634929657
121,effnet_orig,25,robustness,1.108595848083496
121,effnet_orig,25,complexity,0.6101667826274939
121,effnet_orig,26,faithfulness,-0.11336779594421387
121,effnet_orig,26,robustness,161.8792266845703
121,effnet_orig,26,complexity,0.6081188712048825
121,effnet_orig,27,faithfulness,0.10800197720527649
121,effnet_orig,27,robustness,1.0002394914627075
121,effnet_orig,27,complexity,0.6549956758876214
121,effnet_orig,28,faithfulness,0.09135157614946365
121,effnet_orig,28,robustness,5.923445224761963
121,effnet_orig,28,complexity,0.6180668101025799
121,effnet_orig,29,faithfulness,-0.2473958432674408
121,effnet_orig,29,robustness,115.44792938232422
121,effnet_orig,29,complexity,0.6224454863738961
121,effnet_orig,30,faithfulness,0.02119152992963791
121,effnet_orig,30,robustness,4.839920997619629
121,effnet_orig,30,complexity,0.5450838036155998
121,effnet_orig,31,faithfulness,0.07709018141031265
121,effnet_orig,31,robustness,1.0014384984970093
121,effnet_orig,31,complexity,0.623902765902626
121,effnet_orig,32,faithfulness,-0.04428204149007797
121,effnet_orig,32,robustness,1.215267539024353
121,effnet_orig,32,complexity,0.6001141145189448
121,effnet_orig,33,faithfulness,-0.021684005856513977
121,effnet_orig,33,robustness,19.441864013671875
121,effnet_orig,33,complexity,0.5861732394132417
121,effnet_orig,34,faithfulness,-0.0001383647322654724
121,effnet_orig,34,robustness,7.492671489715576
121,effnet_orig,34,complexity,0.5979891107016269
121,effnet_orig,35,faithfulness,-0.11117026209831238
121,effnet_orig,35,robustness,2.163475513458252
121,effnet_orig,35,complexity,0.5936371308730047
121,effnet_orig,36,faithfulness,0.23950308561325073
121,effnet_orig,36,robustness,10.628117561340332
121,effnet_orig,36,complexity,0.5607802314323912
121,effnet_orig,37,faithfulness,-0.04947829246520996
121,effnet_orig,37,robustness,2.4021005630493164
121,effnet_orig,37,complexity,0.6221474386776739
121,effnet_orig,38,faithfulness,-0.139757439494133
121,effnet_orig,38,robustness,1.0700957775115967
121,effnet_orig,38,complexity,0.5944205799261795
121,effnet_orig,39,faithfulness,0.1385730504989624
121,effnet_orig,39,robustness,1.0433522462844849
121,effnet_orig,39,complexity,0.6160670141293096
121,effnet_orig,40,faithfulness,-0.48484131693840027
121,effnet_orig,40,robustness,7.293612957000732
121,effnet_orig,40,complexity,0.6188323057367114
121,effnet_orig,41,faithfulness,-0.09771689772605896
121,effnet_orig,41,robustness,2.502803325653076
121,effnet_orig,41,complexity,0.6261559302552505
121,effnet_orig,42,faithfulness,0.13284701108932495
121,effnet_orig,42,robustness,1.738849401473999
121,effnet_orig,42,complexity,0.5670926757516446
121,effnet_orig,43,faithfulness,-0.20188842713832855
121,effnet_orig,43,robustness,17.458826065063477
121,effnet_orig,43,complexity,0.6098016303287447
121,effnet_orig,44,faithfulness,-0.06726264208555222
121,effnet_orig,44,robustness,49.99822998046875
121,effnet_orig,44,complexity,0.5758892070306277
121,effnet_orig,45,faithfulness,-0.0054458267986774445
121,effnet_orig,45,robustness,1.10123872756958
121,effnet_orig,45,complexity,0.5953638847356818
121,effnet_recplot,0,faithfulness,0.1383538544178009
121,effnet_recplot,0,robustness,1.8724230527877808
121,effnet_recplot,0,complexity,0.642983450046974
121,effnet_recplot,1,faithfulness,0.3223927915096283
121,effnet_recplot,1,robustness,205.134521484375
121,effnet_recplot,1,complexity,0.6720978301379595
121,effnet_recplot,2,faithfulness,-0.13428351283073425
121,effnet_recplot,2,robustness,107.84688568115234
121,effnet_recplot,2,complexity,0.6413493895572029
121,effnet_recplot,3,faithfulness,-0.3955764174461365
121,effnet_recplot,3,robustness,68.59819030761719
121,effnet_recplot,3,complexity,0.6318518634096683
121,effnet_recplot,4,faithfulness,0.09641614556312561
121,effnet_recplot,4,robustness,2.680209159851074
121,effnet_recplot,4,complexity,0.6104832424272452
121,effnet_recplot,5,faithfulness,-0.045887283980846405
121,effnet_recplot,5,robustness,97.40699768066406
121,effnet_recplot,5,complexity,0.6456513737129045
121,effnet_recplot,6,faithfulness,-0.358746737241745
121,effnet_recplot,6,robustness,1.042391300201416
121,effnet_recplot,6,complexity,0.5987076564115995
121,effnet_recplot,7,faithfulness,0.2355647087097168
121,effnet_recplot,7,robustness,1.0073497295379639
121,effnet_recplot,7,complexity,0.5790987247240352
121,effnet_recplot,8,faithfulness,0.27638083696365356
121,effnet_recplot,8,robustness,3.1027276515960693
121,effnet_recplot,8,complexity,0.6569969866035031
121,effnet_recplot,9,faithfulness,0.16435380280017853
121,effnet_recplot,9,robustness,30.72315788269043
121,effnet_recplot,9,complexity,0.6497313721469316
121,effnet_recplot,10,faithfulness,0.07240479439496994
121,effnet_recplot,10,robustness,309.5177001953125
121,effnet_recplot,10,complexity,0.6264233073715457
121,effnet_recplot,11,faithfulness,0.1915358006954193
121,effnet_recplot,11,robustness,63.644771575927734
121,effnet_recplot,11,complexity,0.6042091122955946
121,effnet_recplot,12,faithfulness,-0.06862186640501022
121,effnet_recplot,12,robustness,5.359808444976807
121,effnet_recplot,12,complexity,0.6318330809146229
121,effnet_recplot,13,faithfulness,0.22201427817344666
121,effnet_recplot,13,robustness,12.884577751159668
121,effnet_recplot,13,complexity,0.6363613335584832
121,effnet_recplot,14,faithfulness,-0.20308814942836761
121,effnet_recplot,14,robustness,1.4607383012771606
121,effnet_recplot,14,complexity,0.6382428559295973
121,effnet_recplot,15,faithfulness,-0.009859919548034668
121,effnet_recplot,15,robustness,1.1649534702301025
121,effnet_recplot,15,complexity,0.6683460612725195
121,effnet_recplot,16,faithfulness,-0.022931687533855438
121,effnet_recplot,16,robustness,3.276310920715332
121,effnet_recplot,16,complexity,0.6462361338433371
121,effnet_recplot,17,faithfulness,-0.10444007068872452
121,effnet_recplot,17,robustness,1.6612625122070312
121,effnet_recplot,17,complexity,0.6235055186395748
121,effnet_recplot,18,faithfulness,0.23280887305736542
121,effnet_recplot,18,robustness,28.042884826660156
121,effnet_recplot,18,complexity,0.6798840485847819
121,effnet_recplot,19,faithfulness,0.3226853013038635
121,effnet_recplot,19,robustness,77.5317153930664
121,effnet_recplot,19,complexity,0.6471365449113469
121,effnet_recplot,20,faithfulness,0.07413503527641296
121,effnet_recplot,20,robustness,1.0304133892059326
121,effnet_recplot,20,complexity,0.6725653826751835
121,effnet_recplot,21,faithfulness,0.2907637059688568
121,effnet_recplot,21,robustness,1.0651047229766846
121,effnet_recplot,21,complexity,0.6550111001220386
121,effnet_recplot,22,faithfulness,0.0636087954044342
121,effnet_recplot,22,robustness,68.3895034790039
121,effnet_recplot,22,complexity,0.5839614172541269
121,effnet_recplot,23,faithfulness,-0.12542179226875305
121,effnet_recplot,23,robustness,14.537803649902344
121,effnet_recplot,23,complexity,0.6661210531252708
121,effnet_recplot,24,faithfulness,0.06431713700294495
121,effnet_recplot,24,robustness,14.806760787963867
121,effnet_recplot,24,complexity,0.6543159606458758
121,effnet_recplot,25,faithfulness,0.23299157619476318
121,effnet_recplot,25,robustness,3.0955488681793213
121,effnet_recplot,25,complexity,0.6167185276207537
121,effnet_recplot,26,faithfulness,-0.12566109001636505
121,effnet_recplot,26,robustness,13.883591651916504
121,effnet_recplot,26,complexity,0.6093092381299332
121,effnet_recplot,27,faithfulness,0.07420679926872253
121,effnet_recplot,27,robustness,2.6082606315612793
121,effnet_recplot,27,complexity,0.6515826349396641
121,effnet_recplot,28,faithfulness,-0.16667097806930542
121,effnet_recplot,28,robustness,1.122616171836853
121,effnet_recplot,28,complexity,0.5762068663908169
121,effnet_recplot,29,faithfulness,0.07076501846313477
121,effnet_recplot,29,robustness,21.120298385620117
121,effnet_recplot,29,complexity,0.556069990929449
121,effnet_recplot,30,faithfulness,-0.10251256823539734
121,effnet_recplot,30,robustness,11.421375274658203
121,effnet_recplot,30,complexity,0.582175832929115
121,effnet_recplot,31,faithfulness,0.27063900232315063
121,effnet_recplot,31,robustness,2.698192596435547
121,effnet_recplot,31,complexity,0.5850590492656051
121,effnet_recplot,32,faithfulness,-0.0280563086271286
121,effnet_recplot,32,robustness,1.0481575727462769
121,effnet_recplot,32,complexity,0.6214449061510291
121,effnet_recplot,33,faithfulness,-0.1945044845342636
121,effnet_recplot,33,robustness,2.7119181156158447
121,effnet_recplot,33,complexity,0.6476356484537711
121,effnet_recplot,34,faithfulness,0.014668896794319153
121,effnet_recplot,34,robustness,14.359333038330078
121,effnet_recplot,34,complexity,0.6150434757127166
121,effnet_recplot,35,faithfulness,-0.1788148432970047
121,effnet_recplot,35,robustness,1.009644865989685
121,effnet_recplot,35,complexity,0.6392026606573751
121,effnet_recplot,36,faithfulness,-0.13467815518379211
121,effnet_recplot,36,robustness,24.62009620666504
121,effnet_recplot,36,complexity,0.608950112223834
121,effnet_recplot,37,faithfulness,0.10992372035980225
121,effnet_recplot,37,robustness,1.0238462686538696
121,effnet_recplot,37,complexity,0.6264072338811149
121,effnet_recplot,38,faithfulness,0.3352077603340149
121,effnet_recplot,38,robustness,2.682636022567749
121,effnet_recplot,38,complexity,0.5936393957095183
121,effnet_recplot,39,faithfulness,0.20588022470474243
121,effnet_recplot,39,robustness,35.026100158691406
121,effnet_recplot,39,complexity,0.6343099950994318
121,effnet_recplot,40,faithfulness,0.0009252689778804779
121,effnet_recplot,40,robustness,2.836195468902588
121,effnet_recplot,40,complexity,0.6121653846526284
121,effnet_recplot,41,faithfulness,0.2743607759475708
121,effnet_recplot,41,robustness,76.10157012939453
121,effnet_recplot,41,complexity,0.5703013036126462
121,effnet_recplot,42,faithfulness,0.09905189275741577
121,effnet_recplot,42,robustness,34.443363189697266
121,effnet_recplot,42,complexity,0.6565789405220872
121,effnet_recplot,43,faithfulness,0.20482146739959717
121,effnet_recplot,43,robustness,81.7409896850586
121,effnet_recplot,43,complexity,0.59552691549202
121,effnet_recplot,44,faithfulness,-0.09494648873806
121,effnet_recplot,44,robustness,6.8123369216918945
121,effnet_recplot,44,complexity,0.6083645587834785
121,effnet_recplot,45,faithfulness,-0.05029452592134476
121,effnet_recplot,45,robustness,67.07595825195312
121,effnet_recplot,45,complexity,0.6369584011276648
