seed,cenario,sample,y_true,y_pred,prob_0,prob_1,prob_2
7,MobileNet_Original + MobileNet_RecPlot,0,0,0,0.4142913520336151,0.38020122051239014,0.2055073231458664
7,MobileNet_Original + MobileNet_RecPlot,1,0,0,0.4454975426197052,0.22777700424194336,0.32672548294067383
7,MobileNet_Original + MobileNet_RecPlot,2,0,0,0.4914330244064331,0.07179109752178192,0.43677589297294617
7,MobileNet_Original + MobileNet_RecPlot,3,0,0,0.5688578486442566,0.4041540026664734,0.0269881933927536
7,MobileNet_Original + MobileNet_RecPlot,4,0,0,0.9864553213119507,0.00830493588000536,0.0052397530525922775
7,MobileNet_Original + MobileNet_RecPlot,5,0,0,0.9931879043579102,0.0017184809548780322,0.00509360758587718
7,MobileNet_Original + MobileNet_RecPlot,6,0,0,0.9746803045272827,0.0102090360596776,0.015110645443201065
7,MobileNet_Original + MobileNet_RecPlot,7,0,1,0.18848967552185059,0.7468785643577576,0.06463173776865005
7,MobileNet_Original + MobileNet_RecPlot,8,0,0,0.5127805471420288,0.2547404170036316,0.2324790209531784
7,MobileNet_Original + MobileNet_RecPlot,9,0,0,0.501136064529419,0.32509708404541016,0.17376691102981567
7,MobileNet_Original + MobileNet_RecPlot,10,0,0,0.9321485161781311,0.03283056989312172,0.03502089902758598
7,MobileNet_Original + MobileNet_RecPlot,11,0,1,0.4137628376483917,0.4701691269874573,0.11606799066066742
7,MobileNet_Original + MobileNet_RecPlot,12,0,0,0.7726113796234131,0.023235687986016273,0.20415295660495758
7,MobileNet_Original + MobileNet_RecPlot,13,0,0,0.5786733627319336,0.038851603865623474,0.38247501850128174
7,MobileNet_Original + MobileNet_RecPlot,14,0,0,0.605887234210968,0.36986351013183594,0.024249279871582985
7,MobileNet_Original + MobileNet_RecPlot,15,0,2,0.1242121011018753,0.36528900265693665,0.5104988813400269
7,MobileNet_Original + MobileNet_RecPlot,16,0,0,0.4234347641468048,0.31994032859802246,0.25662490725517273
7,MobileNet_Original + MobileNet_RecPlot,17,0,0,0.9426403045654297,0.012758970260620117,0.04460075870156288
7,MobileNet_Original + MobileNet_RecPlot,18,1,1,0.08242291957139969,0.8645827174186707,0.05299438163638115
7,MobileNet_Original + MobileNet_RecPlot,19,1,1,0.007535872515290976,0.9729586839675903,0.019505424425005913
7,MobileNet_Original + MobileNet_RecPlot,20,1,1,0.0068917423486709595,0.989242434501648,0.0038658282719552517
7,MobileNet_Original + MobileNet_RecPlot,21,1,1,0.05804356932640076,0.7983183860778809,0.14363804459571838
7,MobileNet_Original + MobileNet_RecPlot,22,1,1,0.06371606141328812,0.8935334086418152,0.04275054484605789
7,MobileNet_Original + MobileNet_RecPlot,23,1,1,0.31211456656455994,0.6332178711891174,0.05466756597161293
7,MobileNet_Original + MobileNet_RecPlot,24,1,1,0.04383351281285286,0.8700241446495056,0.08614238351583481
7,MobileNet_Original + MobileNet_RecPlot,25,1,1,0.02667328342795372,0.9401204586029053,0.033206287771463394
7,MobileNet_Original + MobileNet_RecPlot,26,1,1,0.08078674226999283,0.8468256592750549,0.07238765805959702
7,MobileNet_Original + MobileNet_RecPlot,27,1,1,0.09079843759536743,0.7042850255966187,0.2049165666103363
7,MobileNet_Original + MobileNet_RecPlot,28,1,1,0.07127710431814194,0.883246660232544,0.045476142317056656
7,MobileNet_Original + MobileNet_RecPlot,29,1,1,0.0258621908724308,0.8356615304946899,0.13847625255584717
7,MobileNet_Original + MobileNet_RecPlot,30,1,1,0.046172771602869034,0.8823336362838745,0.07149358093738556
7,MobileNet_Original + MobileNet_RecPlot,31,1,1,0.030511610209941864,0.9479610919952393,0.02152729406952858
7,MobileNet_Original + EffNet_Original,0,0,0,0.5498988628387451,0.3728117346763611,0.07728937268257141
7,MobileNet_Original + EffNet_Original,1,0,0,0.817979097366333,0.15008488297462463,0.03193603828549385
7,MobileNet_Original + EffNet_Original,2,0,0,0.906086266040802,0.062041398137807846,0.031872376799583435
7,MobileNet_Original + EffNet_Original,3,0,1,0.3103669285774231,0.6440241932868958,0.045608822256326675
7,MobileNet_Original + EffNet_Original,4,0,0,0.9914060235023499,0.004160935990512371,0.0044330512173473835
7,MobileNet_Original + EffNet_Original,5,0,0,0.9992800354957581,0.00016479451733175665,0.0005551642389036715
7,MobileNet_Original + EffNet_Original,6,0,0,0.9991466999053955,0.000359078636392951,0.0004942620289511979
7,MobileNet_Original + EffNet_Original,7,0,0,0.6192104816436768,0.29705655574798584,0.08373302966356277
7,MobileNet_Original + EffNet_Original,8,0,0,0.5122385025024414,0.26354658603668213,0.22421500086784363
7,MobileNet_Original + EffNet_Original,9,0,0,0.7344518899917603,0.06788726896047592,0.19766083359718323
7,MobileNet_Original + EffNet_Original,10,0,0,0.9861026406288147,0.008203687146306038,0.005693655461072922
7,MobileNet_Original + EffNet_Original,11,0,0,0.8579384088516235,0.029170628637075424,0.11289096623659134
7,MobileNet_Original + EffNet_Original,12,0,0,0.9657252430915833,0.009519355371594429,0.024755436927080154
7,MobileNet_Original + EffNet_Original,13,0,0,0.8957958221435547,0.02174299582839012,0.08246120810508728
7,MobileNet_Original + EffNet_Original,14,0,0,0.9964465498924255,0.0013823035405948758,0.002171135740354657
7,MobileNet_Original + EffNet_Original,15,0,2,0.40320566296577454,0.0591704435646534,0.537623941898346
7,MobileNet_Original + EffNet_Original,16,0,0,0.8231704831123352,0.04412253946065903,0.13270702958106995
7,MobileNet_Original + EffNet_Original,17,0,0,0.9551494121551514,0.00686906510964036,0.03798150271177292
7,MobileNet_Original + EffNet_Original,18,1,1,0.013574487529695034,0.9818524122238159,0.004573078826069832
7,MobileNet_Original + EffNet_Original,19,1,1,0.00015374470967799425,0.9995353817939758,0.00031088152900338173
7,MobileNet_Original + EffNet_Original,20,1,1,0.00325780245475471,0.9916375279426575,0.005104664247483015
7,MobileNet_Original + EffNet_Original,21,1,1,0.0445256270468235,0.7797759175300598,0.1756984293460846
7,MobileNet_Original + EffNet_Original,22,1,1,0.010987207293510437,0.9704285860061646,0.01858418621122837
7,MobileNet_Original + EffNet_Original,23,1,1,0.02843598648905754,0.9406911134719849,0.03087291494011879
7,MobileNet_Original + EffNet_Original,24,1,1,0.030376633629202843,0.6547400951385498,0.314883291721344
7,MobileNet_Original + EffNet_Original,25,1,1,0.004430554807186127,0.9699656367301941,0.025603828951716423
7,MobileNet_Original + EffNet_Original,26,1,1,0.06762205809354782,0.8558043241500854,0.07657361030578613
7,MobileNet_Original + EffNet_Original,27,1,1,0.029228731989860535,0.8893594741821289,0.08141179382801056
7,MobileNet_Original + EffNet_Original,28,1,1,0.028786350041627884,0.9496865272521973,0.021527159959077835
7,MobileNet_Original + EffNet_Original,29,1,1,0.010428542271256447,0.9711010456085205,0.018470419570803642
7,MobileNet_Original + EffNet_Original,30,1,1,0.040044981986284256,0.7954748868942261,0.16448011994361877
7,MobileNet_Original + EffNet_Original,31,1,1,0.11369965225458145,0.802132248878479,0.08416806161403656
7,MobileNet_Original + EffNet_RecPlot,0,0,2,0.36672911047935486,0.17417940497398376,0.45909154415130615
7,MobileNet_Original + EffNet_RecPlot,1,0,2,0.3451901972293854,0.16331444680690765,0.49149537086486816
7,MobileNet_Original + EffNet_RecPlot,2,0,0,0.5328477025032043,0.10229983925819397,0.3648524284362793
7,MobileNet_Original + EffNet_RecPlot,3,0,0,0.5020089149475098,0.4053860008716583,0.09260514378547668
7,MobileNet_Original + EffNet_RecPlot,4,0,0,0.9884469509124756,0.006087215151637793,0.00546578224748373
7,MobileNet_Original + EffNet_RecPlot,5,0,0,0.9970452189445496,0.0008693095878697932,0.0020854277536273003
7,MobileNet_Original + EffNet_RecPlot,6,0,0,0.9988681674003601,0.0006383732543326914,0.0004934472963213921
7,MobileNet_Original + EffNet_RecPlot,7,0,1,0.17368246614933014,0.7631639838218689,0.06315359473228455
7,MobileNet_Original + EffNet_RecPlot,8,0,0,0.5576278567314148,0.13278518617153168,0.30958694219589233
7,MobileNet_Original + EffNet_RecPlot,9,0,0,0.5299422740936279,0.08163401484489441,0.38842374086380005
7,MobileNet_Original + EffNet_RecPlot,10,0,0,0.9641584157943726,0.017421886324882507,0.018419664353132248
7,MobileNet_Original + EffNet_RecPlot,11,0,1,0.38097482919692993,0.5084214806556702,0.11060377210378647
7,MobileNet_Original + EffNet_RecPlot,12,0,0,0.675669252872467,0.033025290817022324,0.2913055121898651
7,MobileNet_Original + EffNet_RecPlot,13,0,2,0.45830196142196655,0.05240413546562195,0.4892939329147339
7,MobileNet_Original + EffNet_RecPlot,14,0,0,0.9851938486099243,0.008861889131367207,0.005944231990724802
7,MobileNet_Original + EffNet_RecPlot,15,0,1,0.1602085828781128,0.4259452819824219,0.41384613513946533
7,MobileNet_Original + EffNet_RecPlot,16,0,0,0.547582745552063,0.07394638657569885,0.37847089767456055
7,MobileNet_Original + EffNet_RecPlot,17,0,0,0.9435701370239258,0.00940693449229002,0.047022923827171326
7,MobileNet_Original + EffNet_RecPlot,18,1,1,0.1473972648382187,0.7806210517883301,0.07198171317577362
7,MobileNet_Original + EffNet_RecPlot,19,1,1,0.00033053685910999775,0.9988303780555725,0.0008390998118557036
7,MobileNet_Original + EffNet_RecPlot,20,1,1,0.030167650431394577,0.9641077518463135,0.005724599584937096
7,MobileNet_Original + EffNet_RecPlot,21,1,1,0.02946203202009201,0.8564774990081787,0.11406046897172928
7,MobileNet_Original + EffNet_RecPlot,22,1,1,0.011456387117505074,0.9696249961853027,0.018918629735708237
7,MobileNet_Original + EffNet_RecPlot,23,1,1,0.3973843455314636,0.5630456209182739,0.039570026099681854
7,MobileNet_Original + EffNet_RecPlot,24,1,1,0.029248209670186043,0.8891135454177856,0.08163828402757645
7,MobileNet_Original + EffNet_RecPlot,25,1,1,0.0043922848999500275,0.9826211333274841,0.012986613437533379
7,MobileNet_Original + EffNet_RecPlot,26,1,1,0.06689317524433136,0.8602474331855774,0.07285939157009125
7,MobileNet_Original + EffNet_RecPlot,27,1,1,0.14042514562606812,0.7115724086761475,0.14800244569778442
7,MobileNet_Original + EffNet_RecPlot,28,1,1,0.023820944130420685,0.9480379819869995,0.028141073882579803
7,MobileNet_Original + EffNet_RecPlot,29,1,1,0.013951029628515244,0.9352924823760986,0.0507565513253212
7,MobileNet_Original + EffNet_RecPlot,30,1,1,0.03670180216431618,0.9003333449363708,0.06296487152576447
7,MobileNet_Original + EffNet_RecPlot,31,1,1,0.02922784350812435,0.9514150619506836,0.019357066601514816
7,MobileNet_RecPlot + EffNet_Original,0,0,1,0.38135018944740295,0.4257674813270569,0.19288235902786255
7,MobileNet_RecPlot + EffNet_Original,1,0,0,0.6110892295837402,0.08625033497810364,0.30266043543815613
7,MobileNet_RecPlot + EffNet_Original,2,0,0,0.5786536335945129,0.015161157585680485,0.40618517994880676
7,MobileNet_RecPlot + EffNet_Original,3,0,0,0.6767221093177795,0.2634303569793701,0.05984754115343094
7,MobileNet_RecPlot + EffNet_Original,4,0,0,0.9912261962890625,0.005659547634422779,0.003114281687885523
7,MobileNet_RecPlot + EffNet_Original,5,0,0,0.9927585124969482,0.0017987051978707314,0.005442773923277855
7,MobileNet_RecPlot + EffNet_Original,6,0,0,0.9739951491355896,0.010460179299116135,0.015544664114713669
7,MobileNet_RecPlot + EffNet_Original,7,0,0,0.4907967448234558,0.47225674986839294,0.036946505308151245
7,MobileNet_RecPlot + EffNet_Original,8,0,0,0.36433613300323486,0.2798231244087219,0.3558407127857208
7,MobileNet_RecPlot + EffNet_Original,9,0,0,0.5366093516349792,0.2985188066959381,0.16487185657024384
7,MobileNet_RecPlot + EffNet_Original,10,0,0,0.9447029829025269,0.025174761191010475,0.03012225031852722
7,MobileNet_RecPlot + EffNet_Original,11,0,0,0.5468788146972656,0.4423038065433502,0.010817433707416058
7,MobileNet_RecPlot + EffNet_Original,12,0,0,0.760011613368988,0.024396581575274467,0.21559178829193115
7,MobileNet_RecPlot + EffNet_Original,13,0,0,0.6610414385795593,0.030373994261026382,0.3085845410823822
7,MobileNet_RecPlot + EffNet_Original,14,0,0,0.6046879291534424,0.37013518810272217,0.025176916271448135
7,MobileNet_RecPlot + EffNet_Original,15,0,1,0.323896586894989,0.40732696652412415,0.26877641677856445
7,MobileNet_RecPlot + EffNet_Original,16,0,0,0.5497526526451111,0.29858389496803284,0.15166343748569489
7,MobileNet_RecPlot + EffNet_Original,17,0,0,0.976575493812561,0.00919549074023962,0.014229055494070053
7,MobileNet_RecPlot + EffNet_Original,18,1,1,0.09241321682929993,0.8529640436172485,0.054622795432806015
7,MobileNet_RecPlot + EffNet_Original,19,1,1,0.007430336903780699,0.9733231067657471,0.019246570765972137
7,MobileNet_RecPlot + EffNet_Original,20,1,1,0.008932333439588547,0.9835399389266968,0.007527738809585571
7,MobileNet_RecPlot + EffNet_Original,21,1,1,0.04377659037709236,0.8625677227973938,0.09365570545196533
7,MobileNet_RecPlot + EffNet_Original,22,1,1,0.06386347115039825,0.9075085520744324,0.028628021478652954
7,MobileNet_RecPlot + EffNet_Original,23,1,1,0.298872709274292,0.651361882686615,0.04976538568735123
7,MobileNet_RecPlot + EffNet_Original,24,1,1,0.016963135451078415,0.7445230484008789,0.23851381242275238
7,MobileNet_RecPlot + EffNet_Original,25,1,1,0.022984251379966736,0.9436851143836975,0.03333061560988426
7,MobileNet_RecPlot + EffNet_Original,26,1,1,0.01632576249539852,0.966347873210907,0.017326368018984795
7,MobileNet_RecPlot + EffNet_Original,27,1,1,0.06355493515729904,0.7876660227775574,0.14877906441688538
7,MobileNet_RecPlot + EffNet_Original,28,1,1,0.08108941465616226,0.8709180355072021,0.0479925237596035
7,MobileNet_RecPlot + EffNet_Original,29,1,1,0.01549733430147171,0.8638944029808044,0.12060826271772385
7,MobileNet_RecPlot + EffNet_Original,30,1,1,0.013742532581090927,0.8757169246673584,0.11054061353206635
7,MobileNet_RecPlot + EffNet_Original,31,1,1,0.08667763322591782,0.8450959920883179,0.0682264044880867
7,MobileNet_RecPlot + EffNet_RecPlot,0,0,2,0.19818037748336792,0.22713510692119598,0.5746845006942749
7,MobileNet_RecPlot + EffNet_RecPlot,1,0,2,0.1383003443479538,0.09947989881038666,0.7622197866439819
7,MobileNet_RecPlot + EffNet_RecPlot,2,0,2,0.20541515946388245,0.05541960522532463,0.7391653060913086
7,MobileNet_RecPlot + EffNet_RecPlot,3,0,0,0.8683640360832214,0.02479211986064911,0.10684385895729065
7,MobileNet_RecPlot + EffNet_RecPlot,4,0,0,0.988267183303833,0.007585827261209488,0.004147013649344444
7,MobileNet_RecPlot + EffNet_RecPlot,5,0,0,0.9905237555503845,0.002503220457583666,0.006973037961870432
7,MobileNet_RecPlot + EffNet_RecPlot,6,0,0,0.973716676235199,0.01073947362601757,0.015543850138783455
7,MobileNet_RecPlot + EffNet_RecPlot,7,0,1,0.04526878148317337,0.9383641481399536,0.016367072239518166
7,MobileNet_RecPlot + EffNet_RecPlot,8,0,2,0.4097255766391754,0.14906176924705505,0.44121265411376953
7,MobileNet_RecPlot + EffNet_RecPlot,9,0,2,0.33209970593452454,0.312265545129776,0.35563477873802185
7,MobileNet_RecPlot + EffNet_RecPlot,10,0,0,0.9227587580680847,0.034392960369586945,0.04284825921058655
7,MobileNet_RecPlot + EffNet_RecPlot,11,0,1,0.06991516053676605,0.9215545654296875,0.008530233055353165
7,MobileNet_RecPlot + EffNet_RecPlot,12,0,2,0.4699556231498718,0.04790251702070236,0.4821418523788452
7,MobileNet_RecPlot + EffNet_RecPlot,13,0,2,0.22354760766029358,0.06103513389825821,0.7154172658920288
7,MobileNet_RecPlot + EffNet_RecPlot,14,0,0,0.5934352278709412,0.37761473655700684,0.028950011357665062
7,MobileNet_RecPlot + EffNet_RecPlot,15,0,1,0.08089952170848846,0.7741018533706665,0.14499865472316742
7,MobileNet_RecPlot + EffNet_RecPlot,16,0,2,0.27416491508483887,0.32840773463249207,0.3974273204803467
7,MobileNet_RecPlot + EffNet_RecPlot,17,0,0,0.9649962186813354,0.011733360588550568,0.02327047660946846
7,MobileNet_RecPlot + EffNet_RecPlot,18,1,1,0.2262359857559204,0.6517325639724731,0.12203142791986465
7,MobileNet_RecPlot + EffNet_RecPlot,19,1,1,0.0076071289367973804,0.9726181030273438,0.0197747889906168
7,MobileNet_RecPlot + EffNet_RecPlot,20,1,1,0.035842183977365494,0.9560101628303528,0.008147675544023514
7,MobileNet_RecPlot + EffNet_RecPlot,21,1,1,0.02871299348771572,0.9392693042755127,0.03201774135231972
7,MobileNet_RecPlot + EffNet_RecPlot,22,1,1,0.06433264166116714,0.9067049026489258,0.02896246314048767
7,MobileNet_RecPlot + EffNet_RecPlot,23,1,0,0.6678210496902466,0.27371641993522644,0.05846250057220459
7,MobileNet_RecPlot + EffNet_RecPlot,24,1,1,0.015834711492061615,0.9788964986801147,0.005268813110888004
7,MobileNet_RecPlot + EffNet_RecPlot,25,1,1,0.022945981472730637,0.9563406109809875,0.02071339637041092
7,MobileNet_RecPlot + EffNet_RecPlot,26,1,1,0.015596882440149784,0.9707909822463989,0.013612151145935059
7,MobileNet_RecPlot + EffNet_RecPlot,27,1,1,0.17475135624408722,0.6098788976669312,0.21536973118782043
7,MobileNet_RecPlot + EffNet_RecPlot,28,1,1,0.07612401247024536,0.8692695498466492,0.05460643768310547
7,MobileNet_RecPlot + EffNet_RecPlot,29,1,1,0.019019821658730507,0.8280857801437378,0.15289439260959625
7,MobileNet_RecPlot + EffNet_RecPlot,30,1,1,0.0103993471711874,0.9805753231048584,0.00902534183114767
7,MobileNet_RecPlot + EffNet_RecPlot,31,1,1,0.002205814467743039,0.9943788051605225,0.0034153955057263374
7,EffNet_Original + EffNet_RecPlot,0,0,2,0.33378785848617554,0.21974559128284454,0.4464665353298187
7,EffNet_Original + EffNet_RecPlot,1,0,0,0.5107819437980652,0.02178778126835823,0.46743032336235046
7,EffNet_Original + EffNet_RecPlot,2,0,0,0.620068371295929,0.045669905841350555,0.33426177501678467
7,EffNet_Original + EffNet_RecPlot,3,0,0,0.6098731756210327,0.26466235518455505,0.12546449899673462
7,EffNet_Original + EffNet_RecPlot,4,0,0,0.9932178854942322,0.0034418264403939247,0.003340311348438263
7,EffNet_Original + EffNet_RecPlot,5,0,0,0.9966158270835876,0.0009495338308624923,0.0024345945566892624
7,EffNet_Original + EffNet_RecPlot,6,0,0,0.998183012008667,0.0008895158534869552,0.0009274652693420649
7,EffNet_Original + EffNet_RecPlot,7,0,1,0.47598955035209656,0.4885421097278595,0.035468362271785736
7,EffNet_Original + EffNet_RecPlot,8,0,2,0.40918344259262085,0.1578679233789444,0.43294861912727356
7,EffNet_Original + EffNet_RecPlot,9,0,0,0.5654155611991882,0.055055730044841766,0.3795287013053894
7,EffNet_Original + EffNet_RecPlot,10,0,0,0.9767128825187683,0.009766076691448689,0.013521016575396061
7,EffNet_Original + EffNet_RecPlot,11,0,0,0.5140907168388367,0.48055604100227356,0.005353209096938372
7,EffNet_Original + EffNet_RecPlot,12,0,0,0.663069486618042,0.03418618440628052,0.3027443289756775
7,EffNet_Original + EffNet_RecPlot,13,0,0,0.5406700372695923,0.04392652586102486,0.41540345549583435
7,EffNet_Original + EffNet_RecPlot,14,0,0,0.9839945435523987,0.009133562445640564,0.006871867459267378
7,EffNet_Original + EffNet_RecPlot,15,0,1,0.3598930537700653,0.4679832458496094,0.17212367057800293
7,EffNet_Original + EffNet_RecPlot,16,0,0,0.6739006042480469,0.052589960396289825,0.2735094428062439
7,EffNet_Original + EffNet_RecPlot,17,0,0,0.9775053262710571,0.00584345543757081,0.016651222482323647
7,EffNet_Original + EffNet_RecPlot,18,1,1,0.15738755464553833,0.7690023183822632,0.07361012697219849
7,EffNet_Original + EffNet_RecPlot,19,1,1,0.0002250011748401448,0.9991947412490845,0.0005802459199912846
7,EffNet_Original + EffNet_RecPlot,20,1,1,0.032208241522312164,0.9584051966667175,0.009386509656906128
7,EffNet_Original + EffNet_RecPlot,21,1,1,0.01519505213946104,0.9207267761230469,0.06407812237739563
7,EffNet_Original + EffNet_RecPlot,22,1,1,0.01160378847271204,0.9836001396179199,0.004796104039996862
7,EffNet_Original + EffNet_RecPlot,23,1,1,0.3841424882411957,0.5811896324157715,0.03466784581542015
7,EffNet_Original + EffNet_RecPlot,24,1,1,0.002377833006903529,0.7636124491691589,0.2340097427368164
7,EffNet_Original + EffNet_RecPlot,25,1,1,0.0007032545981928706,0.9861857891082764,0.013110941275954247
7,EffNet_Original + EffNet_RecPlot,26,1,1,0.0024322080425918102,0.9797697067260742,0.01779811456799507
7,EffNet_Original + EffNet_RecPlot,27,1,1,0.11318164318799973,0.794953465461731,0.0918649435043335
7,EffNet_Original + EffNet_RecPlot,28,1,1,0.03363324701786041,0.9357092976570129,0.030657455325126648
7,EffNet_Original + EffNet_RecPlot,29,1,1,0.0035861742217093706,0.9635252952575684,0.03288855776190758
7,EffNet_Original + EffNet_RecPlot,30,1,1,0.004271557554602623,0.89371657371521,0.10201188921928406
7,EffNet_Original + EffNet_RecPlot,31,1,1,0.08539386093616486,0.8485499620437622,0.06605616956949234
7,MobileNet_Original + MobileNet_Original,0,0,0,0.5828401446342468,0.3272455632686615,0.08991437405347824
7,MobileNet_Original + MobileNet_Original,1,0,0,0.6523873805999756,0.29161155223846436,0.056001096963882446
7,MobileNet_Original + MobileNet_Original,2,0,0,0.8188655972480774,0.11867133527994156,0.06246302276849747
7,MobileNet_Original + MobileNet_Original,3,0,1,0.20250268280506134,0.7847478985786438,0.01274947915226221
7,MobileNet_Original + MobileNet_Original,4,0,0,0.986635148525238,0.006806324236094952,0.006558522116392851
7,MobileNet_Original + MobileNet_Original,5,0,0,0.99970942735672,8.457020885543898e-05,0.0002059972466668114
7,MobileNet_Original + MobileNet_Original,6,0,0,0.9998317956924438,0.00010793595720315352,6.024402682669461e-05
7,MobileNet_Original + MobileNet_Original,7,0,1,0.31690338253974915,0.5716784000396729,0.11141826212406158
7,MobileNet_Original + MobileNet_Original,8,0,0,0.6606828570365906,0.23846381902694702,0.10085329413414001
7,MobileNet_Original + MobileNet_Original,9,0,0,0.6989786028862,0.09446554630994797,0.20655587315559387
7,MobileNet_Original + MobileNet_Original,10,0,0,0.9735482335090637,0.01585949771106243,0.010592305101454258
7,MobileNet_Original + MobileNet_Original,11,0,0,0.724822461605072,0.05703599378466606,0.21814152598381042
7,MobileNet_Original + MobileNet_Original,12,0,0,0.9783249497413635,0.00835846085101366,0.013316604308784008
7,MobileNet_Original + MobileNet_Original,13,0,0,0.813427746295929,0.030220603570342064,0.15635168552398682
7,MobileNet_Original + MobileNet_Original,14,0,0,0.997645914554596,0.0011106306919828057,0.0012434999225661159
7,MobileNet_Original + MobileNet_Original,15,0,2,0.20352116227149963,0.017132485285401344,0.7793463468551636
7,MobileNet_Original + MobileNet_Original,16,0,0,0.6968525648117065,0.06547896564006805,0.2376684844493866
7,MobileNet_Original + MobileNet_Original,17,0,0,0.92121422290802,0.01043254416435957,0.06835320591926575
7,MobileNet_Original + MobileNet_Original,18,1,1,0.0035841919016093016,0.9934711456298828,0.002944663632661104
7,MobileNet_Original + MobileNet_Original,19,1,1,0.0002592804084997624,0.9991710186004639,0.0005697354208678007
7,MobileNet_Original + MobileNet_Original,20,1,1,0.001217211247421801,0.9973400831222534,0.0014427534770220518
7,MobileNet_Original + MobileNet_Original,21,1,1,0.0587926059961319,0.7155266404151917,0.22568076848983765
7,MobileNet_Original + MobileNet_Original,22,1,1,0.01083980593830347,0.9564535021781921,0.03270671144127846
7,MobileNet_Original + MobileNet_Original,23,1,1,0.04167785495519638,0.9225471019744873,0.03577509522438049
7,MobileNet_Original + MobileNet_Original,24,1,1,0.057247012853622437,0.7802411913871765,0.16251185536384583
7,MobileNet_Original + MobileNet_Original,25,1,1,0.008119584992527962,0.9664009213447571,0.025479501113295555
7,MobileNet_Original + MobileNet_Original,26,1,1,0.13208304345607758,0.7362821102142334,0.1316349059343338
7,MobileNet_Original + MobileNet_Original,27,1,1,0.056472234427928925,0.8059784770011902,0.1375492960214615
7,MobileNet_Original + MobileNet_Original,28,1,1,0.018974045291543007,0.9620152115821838,0.01901078037917614
7,MobileNet_Original + MobileNet_Original,29,1,1,0.02079339697957039,0.9428682327270508,0.03633841499686241
7,MobileNet_Original + MobileNet_Original,30,1,1,0.07247522473335266,0.802091658115387,0.12543310225009918
7,MobileNet_Original + MobileNet_Original,31,1,1,0.057533640414476395,0.9049974083900452,0.03746896609663963
7,MobileNet_RecPlot + MobileNet_RecPlot,0,0,1,0.24574266374111176,0.43315696716308594,0.3211003243923187
7,MobileNet_RecPlot + MobileNet_RecPlot,1,0,2,0.23860770463943481,0.16394245624542236,0.5974498987197876
7,MobileNet_RecPlot + MobileNet_RecPlot,2,0,2,0.16400046646595,0.024910857900977135,0.8110887408256531
7,MobileNet_RecPlot + MobileNet_RecPlot,3,0,0,0.9352129697799683,0.023560136556625366,0.041226908564567566
7,MobileNet_RecPlot + MobileNet_RecPlot,4,0,0,0.9862754940986633,0.009803548455238342,0.003920983988791704
7,MobileNet_RecPlot + MobileNet_RecPlot,5,0,0,0.9866663813591003,0.0033523915335536003,0.009981216862797737
7,MobileNet_RecPlot + MobileNet_RecPlot,6,0,0,0.9495288133621216,0.020310137420892715,0.030161049216985703
7,MobileNet_RecPlot + MobileNet_RecPlot,7,0,1,0.06007600203156471,0.9220787882804871,0.017845219001173973
7,MobileNet_RecPlot + MobileNet_RecPlot,8,0,0,0.3648782968521118,0.2710169851779938,0.3641047477722168
7,MobileNet_RecPlot + MobileNet_RecPlot,9,0,1,0.30329346656799316,0.555728554725647,0.1409779191017151
7,MobileNet_RecPlot + MobileNet_RecPlot,10,0,0,0.8907488584518433,0.04980164393782616,0.05944949388504028
7,MobileNet_RecPlot + MobileNet_RecPlot,11,0,1,0.10270320624113083,0.8833023309707642,0.013994457200169563
7,MobileNet_RecPlot + MobileNet_RecPlot,12,0,0,0.5668977499008179,0.03811291605234146,0.3949893116950989
7,MobileNet_RecPlot + MobileNet_RecPlot,13,0,2,0.343919038772583,0.047482602298259735,0.6085983514785767
7,MobileNet_RecPlot + MobileNet_RecPlot,14,0,1,0.2141285538673401,0.738616406917572,0.04725506156682968
7,MobileNet_RecPlot + MobileNet_RecPlot,15,0,1,0.044903047382831573,0.7134455442428589,0.24165140092372894
7,MobileNet_RecPlot + MobileNet_RecPlot,16,0,1,0.15001696348190308,0.5744016766548157,0.27558133006095886
7,MobileNet_RecPlot + MobileNet_RecPlot,17,0,0,0.9640663266181946,0.01508539542555809,0.020848311483860016
7,MobileNet_RecPlot + MobileNet_RecPlot,18,1,1,0.161261647939682,0.7356942892074585,0.10304410010576248
7,MobileNet_RecPlot + MobileNet_RecPlot,19,1,1,0.014812464825809002,0.9467464089393616,0.038441114127635956
7,MobileNet_RecPlot + MobileNet_RecPlot,20,1,1,0.012566273100674152,0.9811448454856873,0.006288903299719095
7,MobileNet_RecPlot + MobileNet_RecPlot,21,1,1,0.05729452893137932,0.8811101913452148,0.06159532070159912
7,MobileNet_RecPlot + MobileNet_RecPlot,22,1,1,0.11659231781959534,0.8306133151054382,0.052794378250837326
7,MobileNet_RecPlot + MobileNet_RecPlot,23,1,0,0.5825513005256653,0.34388864040374756,0.07356003671884537
7,MobileNet_RecPlot + MobileNet_RecPlot,24,1,1,0.03042001463472843,0.9598070979118347,0.009772909805178642
7,MobileNet_RecPlot + MobileNet_RecPlot,25,1,1,0.04522698000073433,0.9138399362564087,0.040933072566986084
7,MobileNet_RecPlot + MobileNet_RecPlot,26,1,1,0.029490437358617783,0.9573692083358765,0.013140403665602207
7,MobileNet_RecPlot + MobileNet_RecPlot,27,1,1,0.12512464821338654,0.6025915145874023,0.2722838521003723
7,MobileNet_RecPlot + MobileNet_RecPlot,28,1,1,0.12358018755912781,0.8044783473014832,0.07194151729345322
7,MobileNet_RecPlot + MobileNet_RecPlot,29,1,1,0.030930982902646065,0.7284548878669739,0.24061410129070282
7,MobileNet_RecPlot + MobileNet_RecPlot,30,1,1,0.019870320335030556,0.9625756144523621,0.01755405217409134
7,MobileNet_RecPlot + MobileNet_RecPlot,31,1,1,0.0034895807038992643,0.9909248352050781,0.005585621576756239
7,EffNet_Original + EffNet_Original,0,0,0,0.516957700252533,0.41837796568870544,0.06466437876224518
7,EffNet_Original + EffNet_Original,1,0,0,0.9835708141326904,0.008558210916817188,0.00787097867578268
7,EffNet_Original + EffNet_Original,2,0,0,0.9933068156242371,0.005411460064351559,0.0012817272217944264
7,EffNet_Original + EffNet_Original,3,0,1,0.41823121905326843,0.5033006072044373,0.07846817374229431
7,EffNet_Original + EffNet_Original,4,0,0,0.9961768388748169,0.0015155464643612504,0.0023075793869793415
7,EffNet_Original + EffNet_Original,5,0,0,0.9988506436347961,0.00024501883308403194,0.0009043311583809555
7,EffNet_Original + EffNet_Original,6,0,0,0.9984614849090576,0.0006102212355472147,0.0009282798855565488
7,EffNet_Original + EffNet_Original,7,0,0,0.9215174913406372,0.022434717044234276,0.05604778975248337
7,EffNet_Original + EffNet_Original,8,0,0,0.3637940287590027,0.28862932324409485,0.34757670760154724
7,EffNet_Original + EffNet_Original,9,0,0,0.7699252367019653,0.04130898788571358,0.1887657791376114
7,EffNet_Original + EffNet_Original,10,0,0,0.9986571073532104,0.0005478792008943856,0.0007950072176754475
7,EffNet_Original + EffNet_Original,11,0,0,0.991054356098175,0.0013052625581622124,0.007640408352017403
7,EffNet_Original + EffNet_Original,12,0,0,0.9531254768371582,0.010680248029530048,0.03619426488876343
7,EffNet_Original + EffNet_Original,13,0,0,0.9781638979911804,0.013265388086438179,0.008570735342800617
7,EffNet_Original + EffNet_Original,14,0,0,0.9952472448348999,0.001653976389206946,0.003098771208897233
7,EffNet_Original + EffNet_Original,15,0,0,0.602890133857727,0.10120839625597,0.29590144753456116
7,EffNet_Original + EffNet_Original,16,0,0,0.9494883418083191,0.022766105830669403,0.027745546773076057
7,EffNet_Original + EffNet_Original,17,0,0,0.9890845417976379,0.0033055858220905066,0.00760979950428009
7,EffNet_Original + EffNet_Original,18,1,1,0.023564783856272697,0.9702337384223938,0.0062014940194785595
7,EffNet_Original + EffNet_Original,19,1,1,4.82090181321837e-05,0.9998997449874878,5.202764441492036e-05
7,EffNet_Original + EffNet_Original,20,1,1,0.005298393778502941,0.9859350323677063,0.008766574785113335
7,EffNet_Original + EffNet_Original,21,1,1,0.030258648097515106,0.8440252542495728,0.12571609020233154
7,EffNet_Original + EffNet_Original,22,1,1,0.011134608648717403,0.9844037294387817,0.004461661446839571
7,EffNet_Original + EffNet_Original,23,1,1,0.015194118954241276,0.9588351249694824,0.025970732793211937
7,EffNet_Original + EffNet_Original,24,1,1,0.0035062588285654783,0.5292389988899231,0.46725472807884216
7,EffNet_Original + EffNet_Original,25,1,1,0.0007415242143906653,0.9735302925109863,0.02572815679013729
7,EffNet_Original + EffNet_Original,26,1,1,0.0031610873993486166,0.9753265976905823,0.021512331441044807
7,EffNet_Original + EffNet_Original,27,1,1,0.0019852276891469955,0.9727404117584229,0.025274284183979034
7,EffNet_Original + EffNet_Original,28,1,1,0.03859865292906761,0.9373577833175659,0.02404353953897953
7,EffNet_Original + EffNet_Original,29,1,1,6.368663161993027e-05,0.999333918094635,0.0006024254253134131
7,EffNet_Original + EffNet_Original,30,1,1,0.007614740636199713,0.7888581156730652,0.20352715253829956
7,EffNet_Original + EffNet_Original,31,1,1,0.1698656678199768,0.6992671489715576,0.13086716830730438
7,EffNet_RecPlot + EffNet_RecPlot,0,0,2,0.1506180763244629,0.02111325040459633,0.8282687067985535
7,EffNet_RecPlot + EffNet_RecPlot,1,0,2,0.03799299895763397,0.03501735255122185,0.9269896745681763
7,EffNet_RecPlot + EffNet_RecPlot,2,0,2,0.24682985246181488,0.08592835068702698,0.6672418117523193
7,EffNet_RecPlot + EffNet_RecPlot,3,0,0,0.8015151023864746,0.026024101302027702,0.17246080935001373
7,EffNet_RecPlot + EffNet_RecPlot,4,0,0,0.9902588725090027,0.005368106532841921,0.004373043309897184
7,EffNet_RecPlot + EffNet_RecPlot,5,0,0,0.9943811297416687,0.001654049032367766,0.003964858129620552
7,EffNet_RecPlot + EffNet_RecPlot,6,0,0,0.9979045391082764,0.0011688105296343565,0.00092665059491992
7,EffNet_RecPlot + EffNet_RecPlot,7,0,1,0.030461562797427177,0.9546495079994202,0.014888927340507507
7,EffNet_RecPlot + EffNet_RecPlot,8,0,2,0.454572856426239,0.027106549590826035,0.5183205604553223
7,EffNet_RecPlot + EffNet_RecPlot,9,0,2,0.3609059154987335,0.06880247592926025,0.5702916383743286
7,EffNet_RecPlot + EffNet_RecPlot,10,0,0,0.954768717288971,0.018984276801347733,0.02624702826142311
7,EffNet_RecPlot + EffNet_RecPlot,11,0,1,0.03712712228298187,0.9598068594932556,0.0030660098418593407
7,EffNet_RecPlot + EffNet_RecPlot,12,0,2,0.37301352620124817,0.05769212171435356,0.5692943930625916
7,EffNet_RecPlot + EffNet_RecPlot,13,0,2,0.10317619144916534,0.07458766549825668,0.822236180305481
7,EffNet_RecPlot + EffNet_RecPlot,14,0,0,0.9727419018745422,0.016613148152828217,0.010644963942468166
7,EffNet_RecPlot + EffNet_RecPlot,15,0,1,0.11689598858356476,0.8347581028938293,0.048345897346735
7,EffNet_RecPlot + EffNet_RecPlot,16,0,2,0.39831286668777466,0.08241381496191025,0.5192733407020569
7,EffNet_RecPlot + EffNet_RecPlot,17,0,0,0.9659260511398315,0.00838132482022047,0.025692643597722054
7,EffNet_RecPlot + EffNet_RecPlot,18,1,1,0.2912103235721588,0.5677708983421326,0.14101876318454742
7,EffNet_RecPlot + EffNet_RecPlot,19,1,1,0.00040179333882406354,0.9984897375106812,0.0011084642028436065
7,EffNet_RecPlot + EffNet_RecPlot,20,1,1,0.05911809206008911,0.9308754801750183,0.01000644639134407
7,EffNet_RecPlot + EffNet_RecPlot,21,1,1,0.00013145866978447884,0.9974283576011658,0.002440164564177394
7,EffNet_RecPlot + EffNet_RecPlot,22,1,1,0.012072968296706676,0.9827964901924133,0.005130546633154154
7,EffNet_RecPlot + EffNet_RecPlot,23,1,0,0.7530908584594727,0.20354419946670532,0.043364960700273514
7,EffNet_RecPlot + EffNet_RecPlot,24,1,1,0.0012494069524109364,0.99798583984375,0.0007647160091437399
7,EffNet_RecPlot + EffNet_RecPlot,25,1,1,0.0006649849819950759,0.9988412261009216,0.0004937257035635412
7,EffNet_RecPlot + EffNet_RecPlot,26,1,1,0.0017033288022503257,0.9842128157615662,0.01408389862626791
7,EffNet_RecPlot + EffNet_RecPlot,27,1,1,0.2243780642747879,0.6171663403511047,0.15845559537410736
7,EffNet_RecPlot + EffNet_RecPlot,28,1,1,0.028667842969298363,0.93406081199646,0.037271369248628616
7,EffNet_RecPlot + EffNet_RecPlot,29,1,1,0.007108661811798811,0.9277166724205017,0.06517469137907028
7,EffNet_RecPlot + EffNet_RecPlot,30,1,1,0.0009283743565902114,0.99857497215271,0.0004966313717886806
7,EffNet_RecPlot + EffNet_RecPlot,31,1,1,0.0009220487554557621,0.9978328347206116,0.0012451701331883669
7,MobileNet_Original + MobileNet_RecPlot,32,1,1,0.03208655118942261,0.9236364364624023,0.04427698999643326
7,MobileNet_Original + MobileNet_RecPlot,33,1,1,0.009636323899030685,0.9727364778518677,0.017627175897359848
7,MobileNet_Original + MobileNet_RecPlot,34,1,1,0.06928770989179611,0.8579452037811279,0.07276707887649536
7,MobileNet_Original + MobileNet_RecPlot,35,1,1,0.013865622691810131,0.9691413044929504,0.016993088647723198
7,MobileNet_Original + MobileNet_RecPlot,36,1,1,0.42234936356544495,0.5192713737487793,0.05837932229042053
7,MobileNet_Original + MobileNet_RecPlot,37,1,1,0.004501767456531525,0.9929084777832031,0.002589757554233074
7,MobileNet_Original + MobileNet_RecPlot,38,1,1,0.07839832454919815,0.8556172847747803,0.0659843385219574
7,MobileNet_Original + MobileNet_RecPlot,39,1,1,0.06742574274539948,0.7430298328399658,0.1895444244146347
7,MobileNet_Original + MobileNet_RecPlot,40,1,1,0.08134347200393677,0.878947913646698,0.03970862179994583
7,MobileNet_Original + MobileNet_RecPlot,41,1,1,0.03116513229906559,0.5029680132865906,0.4658668339252472
7,MobileNet_Original + MobileNet_RecPlot,42,1,1,0.0116233816370368,0.9707141518592834,0.01766248233616352
7,MobileNet_Original + MobileNet_RecPlot,43,1,1,0.044103555381298065,0.9398283958435059,0.016068028286099434
7,MobileNet_Original + MobileNet_RecPlot,44,1,1,0.009461845271289349,0.9776105880737305,0.012927619740366936
7,MobileNet_Original + MobileNet_RecPlot,45,1,1,0.2120121270418167,0.7698095440864563,0.018178360536694527
7,MobileNet_Original + MobileNet_RecPlot,46,1,1,0.021961821243166924,0.9553909301757812,0.02264728769659996
7,MobileNet_Original + MobileNet_RecPlot,47,2,2,0.06505569070577621,0.007355927489697933,0.9275884032249451
7,MobileNet_Original + MobileNet_RecPlot,48,2,2,0.05169978737831116,0.007878235541284084,0.940421998500824
7,MobileNet_Original + MobileNet_RecPlot,49,2,1,0.058378659188747406,0.4797224700450897,0.4618988335132599
7,MobileNet_Original + MobileNet_RecPlot,50,2,2,0.2126273363828659,0.197245255112648,0.5901274681091309
7,MobileNet_Original + MobileNet_RecPlot,51,2,0,0.44364267587661743,0.11285659670829773,0.4435007572174072
7,MobileNet_Original + MobileNet_RecPlot,52,2,2,0.043160997331142426,0.4125291705131531,0.5443097949028015
7,MobileNet_Original + MobileNet_RecPlot,53,2,2,0.09170763939619064,0.01793552376329899,0.8903568387031555
7,MobileNet_Original + MobileNet_RecPlot,54,2,2,0.009705230593681335,0.01430143229663372,0.9759933352470398
7,MobileNet_Original + MobileNet_RecPlot,55,2,2,0.2818574011325836,0.0707574114203453,0.6473851799964905
7,MobileNet_Original + MobileNet_RecPlot,56,2,2,0.01727060228586197,0.04091809317469597,0.9418113231658936
7,MobileNet_Original + MobileNet_RecPlot,57,2,2,0.06311824917793274,0.4448907971382141,0.49199098348617554
7,MobileNet_Original + MobileNet_RecPlot,58,2,2,0.214520663022995,0.07798921316862106,0.7074901461601257
7,MobileNet_Original + EffNet_Original,32,1,1,0.05765961855649948,0.7968391180038452,0.14550119638442993
7,MobileNet_Original + EffNet_Original,33,1,1,0.009209730662405491,0.9686647057533264,0.022125542163848877
7,MobileNet_Original + EffNet_Original,34,1,1,0.01319119893014431,0.9159921407699585,0.07081660628318787
7,MobileNet_Original + EffNet_Original,35,1,1,0.005976896733045578,0.7414680123329163,0.25255513191223145
7,MobileNet_Original + EffNet_Original,36,1,1,0.00111600779928267,0.9983153343200684,0.0005685733631253242
7,MobileNet_Original + EffNet_Original,37,1,1,0.0007058272021822631,0.9976339340209961,0.0016602241666987538
7,MobileNet_Original + EffNet_Original,38,1,1,0.06647517532110214,0.9002754092216492,0.03324945643544197
7,MobileNet_Original + EffNet_Original,39,1,1,0.0057624951004981995,0.9818898439407349,0.012347657233476639
7,MobileNet_Original + EffNet_Original,40,1,1,0.0010154788615182042,0.9965381026268005,0.002446436323225498
7,MobileNet_Original + EffNet_Original,41,1,1,0.002224166411906481,0.9912015795707703,0.006574283819645643
7,MobileNet_Original + EffNet_Original,42,1,1,0.003972853999584913,0.9927452802658081,0.0032818790059536695
7,MobileNet_Original + EffNet_Original,43,1,1,0.044391363859176636,0.9359031915664673,0.019705448299646378
7,MobileNet_Original + EffNet_Original,44,1,1,0.005656929686665535,0.9839551448822021,0.010387929156422615
7,MobileNet_Original + EffNet_Original,45,1,1,0.008271324448287487,0.9837851524353027,0.007943529635667801
7,MobileNet_Original + EffNet_Original,46,1,1,0.020863700658082962,0.9449207782745361,0.03421556577086449
7,MobileNet_Original + EffNet_Original,47,2,2,0.05734400823712349,0.011379225179553032,0.931276798248291
7,MobileNet_Original + EffNet_Original,48,2,2,0.05702996999025345,0.007981661707162857,0.9349883794784546
7,MobileNet_Original + EffNet_Original,49,2,2,0.12787893414497375,0.18110619485378265,0.6910148859024048
7,MobileNet_Original + EffNet_Original,50,2,2,0.07685095816850662,0.09617257118225098,0.8269765377044678
7,MobileNet_Original + EffNet_Original,51,2,2,0.3782264292240143,0.09049925953149796,0.5312743186950684
7,MobileNet_Original + EffNet_Original,52,2,2,0.020924944430589676,0.2978043556213379,0.6812706589698792
7,MobileNet_Original + EffNet_Original,53,2,2,0.15051719546318054,0.008199225179851055,0.8412835597991943
7,MobileNet_Original + EffNet_Original,54,2,2,0.009476806968450546,0.006716805510222912,0.9838063716888428
7,MobileNet_Original + EffNet_Original,55,2,2,0.24066099524497986,0.004781700670719147,0.7545573115348816
7,MobileNet_Original + EffNet_Original,56,2,2,0.02268773689866066,0.0022685150615870953,0.975043773651123
7,MobileNet_Original + EffNet_Original,57,2,2,0.031158899888396263,0.09754368662834167,0.8712974190711975
7,MobileNet_Original + EffNet_Original,58,2,2,0.018104100599884987,0.0012047567870467901,0.9806911945343018
7,MobileNet_Original + EffNet_RecPlot,32,1,1,0.010050680488348007,0.9799611568450928,0.009988237172365189
7,MobileNet_Original + EffNet_RecPlot,33,1,1,0.0035697435960173607,0.9854638576507568,0.010966439731419086
7,MobileNet_Original + EffNet_RecPlot,34,1,1,0.027626680210232735,0.8978639245033264,0.07450941205024719
7,MobileNet_Original + EffNet_RecPlot,35,1,1,0.0036419546231627464,0.9806684255599976,0.01568964309990406
7,MobileNet_Original + EffNet_RecPlot,36,1,1,0.25139492750167847,0.5217521786689758,0.2268528789281845
7,MobileNet_Original + EffNet_RecPlot,37,1,1,0.0010028914548456669,0.9976930618286133,0.0013040369376540184
7,MobileNet_Original + EffNet_RecPlot,38,1,1,0.06967832893133163,0.9005749821662903,0.029746687039732933
7,MobileNet_Original + EffNet_RecPlot,39,1,1,0.03036903403699398,0.9372419118881226,0.03238903731107712
7,MobileNet_Original + EffNet_RecPlot,40,1,1,0.02969965711236,0.9600493907928467,0.01025096233934164
7,MobileNet_Original + EffNet_RecPlot,41,1,1,0.006178504321724176,0.5109462738037109,0.482875257730484
7,MobileNet_Original + EffNet_RecPlot,42,1,1,0.0040491665713489056,0.9926828145980835,0.0032679978758096695
7,MobileNet_Original + EffNet_RecPlot,43,1,1,0.4415912628173828,0.5277819633483887,0.030626816675066948
7,MobileNet_Original + EffNet_RecPlot,44,1,1,0.007064465433359146,0.9806426763534546,0.012292865663766861
7,MobileNet_Original + EffNet_RecPlot,45,1,1,0.3786455988883972,0.5853371024131775,0.036017365753650665
7,MobileNet_Original + EffNet_RecPlot,46,1,1,0.015550816431641579,0.9706505537033081,0.013798641040921211
7,MobileNet_Original + EffNet_RecPlot,47,2,2,0.05565236136317253,0.012694424949586391,0.9316532015800476
7,MobileNet_Original + EffNet_RecPlot,48,2,2,0.031180746853351593,0.008626995608210564,0.9601922631263733
7,MobileNet_Original + EffNet_RecPlot,49,2,1,0.04570304602384567,0.502885103225708,0.45141181349754333
7,MobileNet_Original + EffNet_RecPlot,50,2,2,0.07643339782953262,0.09533372521400452,0.8282328844070435
7,MobileNet_Original + EffNet_RecPlot,51,2,2,0.3231309950351715,0.1305687129497528,0.5463002920150757
7,MobileNet_Original + EffNet_RecPlot,52,2,2,0.022494208067655563,0.20244038105010986,0.7750654220581055
7,MobileNet_Original + EffNet_RecPlot,53,2,2,0.21391703188419342,0.010157392360270023,0.7759255766868591
7,MobileNet_Original + EffNet_RecPlot,54,2,2,0.016885055229067802,0.007994920946657658,0.9751200079917908
7,MobileNet_Original + EffNet_RecPlot,55,2,2,0.43241724371910095,0.030849961563944817,0.5367327928543091
7,MobileNet_Original + EffNet_RecPlot,56,2,2,0.015226541087031364,0.005864203441888094,0.9789092540740967
7,MobileNet_Original + EffNet_RecPlot,57,2,1,0.03442920744419098,0.5202125310897827,0.4453583061695099
7,MobileNet_Original + EffNet_RecPlot,58,2,2,0.401540607213974,0.01653861440718174,0.5819208025932312
7,MobileNet_RecPlot + EffNet_Original,32,1,1,0.07512405514717102,0.7519232630729675,0.17295268177986145
7,MobileNet_RecPlot + EffNet_Original,33,1,1,0.01254325732588768,0.9688173532485962,0.018639443442225456
7,MobileNet_RecPlot + EffNet_Original,34,1,1,0.05816459283232689,0.9153841733932495,0.026451218873262405
7,MobileNet_RecPlot + EffNet_Original,35,1,1,0.013698159717023373,0.7454884052276611,0.24081343412399292
7,MobileNet_RecPlot + EffNet_Original,36,1,1,0.4213148057460785,0.5207080841064453,0.05797702819108963
7,MobileNet_RecPlot + EffNet_Original,37,1,1,0.004762424621731043,0.9922724962234497,0.0029650891665369272
7,MobileNet_RecPlot + EffNet_Original,38,1,1,0.015250529162585735,0.9427553415298462,0.04199417307972908
7,MobileNet_RecPlot + EffNet_Original,39,1,1,0.06181510165333748,0.7607656717300415,0.17741921544075012
7,MobileNet_RecPlot + EffNet_Original,40,1,1,0.08076875656843185,0.8813967704772949,0.03783450275659561
7,MobileNet_RecPlot + EffNet_Original,41,1,1,0.02925706095993519,0.5110253691673279,0.45971760153770447
7,MobileNet_RecPlot + EffNet_Original,42,1,1,0.007778020575642586,0.9777092933654785,0.014512703754007816
7,MobileNet_RecPlot + EffNet_Original,43,1,1,0.018235348165035248,0.9747030735015869,0.007061595097184181
7,MobileNet_RecPlot + EffNet_Original,44,1,1,0.007361325901001692,0.9874011278152466,0.005237471777945757
7,MobileNet_RecPlot + EffNet_Original,45,1,1,0.20759756863117218,0.7797167897224426,0.012685654684901237
7,MobileNet_RecPlot + EffNet_Original,46,1,1,0.012406897731125355,0.9576951861381531,0.02989795245230198
7,MobileNet_RecPlot + EffNet_Original,47,2,2,0.017770987004041672,0.00708474637940526,0.9751442670822144
7,MobileNet_RecPlot + EffNet_Original,48,2,2,0.050108831375837326,0.005596339236944914,0.944294810295105
7,MobileNet_RecPlot + EffNet_Original,49,2,1,0.10470246523618698,0.6392943859100342,0.25600317120552063
7,MobileNet_RecPlot + EffNet_Original,50,2,2,0.14848625659942627,0.1098044365644455,0.7417093515396118
7,MobileNet_RecPlot + EffNet_Original,51,2,2,0.21752895414829254,0.04311385005712509,0.7393572330474854
7,MobileNet_RecPlot + EffNet_Original,52,2,2,0.045663975179195404,0.38299560546875,0.5713404417037964
7,MobileNet_RecPlot + EffNet_Original,53,2,2,0.08732657134532928,0.01541963405907154,0.8972538113594055
7,MobileNet_RecPlot + EffNet_Original,54,2,2,0.008698057383298874,0.014710519462823868,0.9765914082527161
7,MobileNet_RecPlot + EffNet_Original,55,2,2,0.3021377623081207,0.07026436924934387,0.6275979280471802
7,MobileNet_RecPlot + EffNet_Original,56,2,2,0.012721000239253044,0.04259731248021126,0.944681704044342
7,MobileNet_RecPlot + EffNet_Original,57,2,2,0.04401903599500656,0.3767843544483185,0.5791966319084167
7,MobileNet_RecPlot + EffNet_Original,58,2,2,0.21974901854991913,0.0784289538860321,0.70182204246521
7,MobileNet_RecPlot + EffNet_RecPlot,32,1,1,0.02751510590314865,0.9350451827049255,0.037439703941345215
7,MobileNet_RecPlot + EffNet_RecPlot,33,1,1,0.006903268396854401,0.9856163263320923,0.007480337750166655
7,MobileNet_RecPlot + EffNet_RecPlot,34,1,1,0.07260007411241531,0.8972558975219727,0.030144017189741135
7,MobileNet_RecPlot + EffNet_RecPlot,35,1,1,0.011363218538463116,0.9846888184547424,0.00394795648753643
7,MobileNet_RecPlot + EffNet_RecPlot,36,1,0,0.6715937852859497,0.04414490610361099,0.2842613458633423
7,MobileNet_RecPlot + EffNet_RecPlot,37,1,1,0.005059488583356142,0.9923316240310669,0.00260890182107687
7,MobileNet_RecPlot + EffNet_RecPlot,38,1,1,0.018453679978847504,0.9430549144744873,0.03849140554666519
7,MobileNet_RecPlot + EffNet_RecPlot,39,1,1,0.08642164617776871,0.716117799282074,0.1974606066942215
7,MobileNet_RecPlot + EffNet_RecPlot,40,1,1,0.10945293307304382,0.8449079990386963,0.0456390306353569
7,MobileNet_RecPlot + EffNet_RecPlot,41,1,2,0.033211398869752884,0.03077005036175251,0.9360185861587524
7,MobileNet_RecPlot + EffNet_RecPlot,42,1,1,0.007854333147406578,0.9776468276977539,0.014498822391033173
7,MobileNet_RecPlot + EffNet_RecPlot,43,1,1,0.41543522477149963,0.5665817856788635,0.017982961609959602
7,MobileNet_RecPlot + EffNet_RecPlot,44,1,1,0.00876886211335659,0.9840887188911438,0.007142408285290003
7,MobileNet_RecPlot + EffNet_RecPlot,45,1,0,0.5779718160629272,0.381268709897995,0.040759485214948654
7,MobileNet_RecPlot + EffNet_RecPlot,46,1,1,0.007094013504683971,0.983424961566925,0.009481026791036129
7,MobileNet_RecPlot + EffNet_RecPlot,47,2,2,0.016079338267445564,0.008399946615099907,0.9755207300186157
7,MobileNet_RecPlot + EffNet_RecPlot,48,2,2,0.02425960823893547,0.006241673603653908,0.9694987535476685
7,MobileNet_RecPlot + EffNet_RecPlot,49,2,1,0.022526578977704048,0.9610733389854431,0.016400115564465523
7,MobileNet_RecPlot + EffNet_RecPlot,50,2,2,0.14806868135929108,0.10896559059619904,0.7429656982421875
7,MobileNet_RecPlot + EffNet_RecPlot,51,2,2,0.16243350505828857,0.08318330347537994,0.7543832063674927
7,MobileNet_RecPlot + EffNet_RecPlot,52,2,2,0.04723323881626129,0.2876316010951996,0.6651351451873779
7,MobileNet_RecPlot + EffNet_RecPlot,53,2,2,0.15072639286518097,0.01737780123949051,0.8318958282470703
7,MobileNet_RecPlot + EffNet_RecPlot,54,2,2,0.01610630564391613,0.015988634899258614,0.9679050445556641
7,MobileNet_RecPlot + EffNet_RecPlot,55,2,0,0.49389398097991943,0.0963326245546341,0.40977340936660767
7,MobileNet_RecPlot + EffNet_RecPlot,56,2,2,0.005259805358946323,0.04619299992918968,0.9485471844673157
7,MobileNet_RecPlot + EffNet_RecPlot,57,2,1,0.047289345413446426,0.7994531393051147,0.15325750410556793
7,MobileNet_RecPlot + EffNet_RecPlot,58,2,0,0.6031855344772339,0.09376281499862671,0.3030516505241394
7,EffNet_Original + EffNet_RecPlot,32,1,1,0.05308818444609642,0.8082479238510132,0.13866391777992249
7,EffNet_Original + EffNet_RecPlot,33,1,1,0.006476676557213068,0.9815446138381958,0.011978705413639545
7,EffNet_Original + EffNet_RecPlot,34,1,1,0.01650356315076351,0.955302894115448,0.02819354273378849
7,EffNet_Original + EffNet_RecPlot,35,1,1,0.0034744918812066317,0.7570155262947083,0.23950999975204468
7,EffNet_Original + EffNet_RecPlot,36,1,1,0.2503604590892792,0.5231890082359314,0.2264505922794342
7,EffNet_Original + EffNet_RecPlot,37,1,1,0.0012635485036298633,0.9970570802688599,0.0016793685499578714
7,EffNet_Original + EffNet_RecPlot,38,1,1,0.006530524231493473,0.9877129793167114,0.005756516009569168
7,EffNet_Original + EffNet_RecPlot,39,1,1,0.024758396670222282,0.9549777507781982,0.020263830199837685
7,EffNet_Original + EffNet_RecPlot,40,1,1,0.029124945402145386,0.9624982476234436,0.008376846089959145
7,EffNet_Original + EffNet_RecPlot,41,1,1,0.0042704320512712,0.5190035700798035,0.4767260253429413
7,EffNet_Original + EffNet_RecPlot,42,1,1,0.00020380613568704575,0.9996780157089233,0.00011822047963505611
7,EffNet_Original + EffNet_RecPlot,43,1,1,0.4157230257987976,0.562656581401825,0.021620381623506546
7,EffNet_Original + EffNet_RecPlot,44,1,1,0.004963947460055351,0.9904333353042603,0.0046027181670069695
7,EffNet_Original + EffNet_RecPlot,45,1,1,0.3742310106754303,0.5952443480491638,0.030524658039212227
7,EffNet_Original + EffNet_RecPlot,46,1,1,0.0059958938509225845,0.9729548096656799,0.02104930393397808
7,EffNet_Original + EffNet_RecPlot,47,2,2,0.00836766418069601,0.012423244304955006,0.9792091250419617
7,EffNet_Original + EffNet_RecPlot,48,2,2,0.02958979271352291,0.0063451011665165424,0.9640651345252991
7,EffNet_Original + EffNet_RecPlot,49,2,1,0.09202685207128525,0.6624570488929749,0.24551615118980408
7,EffNet_Original + EffNet_RecPlot,50,2,2,0.012292311526834965,0.007892911322414875,0.9798147678375244
7,EffNet_Original + EffNet_RecPlot,51,2,2,0.09701728075742722,0.06082595884799957,0.8421567678451538
7,EffNet_Original + EffNet_RecPlot,52,2,2,0.024997185915708542,0.1729067862033844,0.8020960092544556
7,EffNet_Original + EffNet_RecPlot,53,2,2,0.20953595638275146,0.007641503121703863,0.7828225493431091
7,EffNet_Original + EffNet_RecPlot,54,2,2,0.01587788388133049,0.00840400904417038,0.9757181406021118
7,EffNet_Original + EffNet_RecPlot,55,2,2,0.4526975750923157,0.030356911942362785,0.5169455409049988
7,EffNet_Original + EffNet_RecPlot,56,2,2,0.010676939971745014,0.007543424144387245,0.9817796349525452
7,EffNet_Original + EffNet_RecPlot,57,2,2,0.01532999612390995,0.4521060585975647,0.5325639247894287
7,EffNet_Original + EffNet_RecPlot,58,2,2,0.4067689776420593,0.016978353261947632,0.5762526988983154
7,MobileNet_Original + MobileNet_Original,32,1,1,0.014622122049331665,0.96855229139328,0.016825521364808083
7,MobileNet_Original + MobileNet_Original,33,1,1,0.0063027977012097836,0.9725839495658875,0.021113278344273567
7,MobileNet_Original + MobileNet_Original,34,1,1,0.024314315989613533,0.8585531711578369,0.11713247001171112
7,MobileNet_Original + MobileNet_Original,35,1,1,0.006144359707832336,0.9651209115982056,0.028734775260090828
7,MobileNet_Original + MobileNet_Original,36,1,1,0.002150488318875432,0.9968786835670471,0.0009708580328151584
7,MobileNet_Original + MobileNet_Original,37,1,1,0.00044517015339806676,0.9982699155807495,0.001284892437979579
7,MobileNet_Original + MobileNet_Original,38,1,1,0.12962296605110168,0.8131373524665833,0.05723962187767029
7,MobileNet_Original + MobileNet_Original,39,1,1,0.011373133398592472,0.9641539454460144,0.02447286620736122
7,MobileNet_Original + MobileNet_Original,40,1,1,0.001590190688148141,0.9940892457962036,0.004320553038269281
7,MobileNet_Original + MobileNet_Original,41,1,1,0.004132238682359457,0.9831442832946777,0.012723518535494804
7,MobileNet_Original + MobileNet_Original,42,1,1,0.007818215526640415,0.985750138759613,0.006431656889617443
7,MobileNet_Original + MobileNet_Original,43,1,1,0.07025957852602005,0.901028573513031,0.02871188335120678
7,MobileNet_Original + MobileNet_Original,44,1,1,0.00775744765996933,0.9741644859313965,0.01807807758450508
7,MobileNet_Original + MobileNet_Original,45,1,1,0.012685866095125675,0.9738778471946716,0.013436232693493366
7,MobileNet_Original + MobileNet_Original,46,1,1,0.030418623238801956,0.9426164627075195,0.026964901015162468
7,MobileNet_Original + MobileNet_Original,47,2,2,0.10462870448827744,0.011650405824184418,0.883720874786377
7,MobileNet_Original + MobileNet_Original,48,2,2,0.05862092599272728,0.01026355754584074,0.9311155676841736
7,MobileNet_Original + MobileNet_Original,49,2,2,0.08155512809753418,0.021534321829676628,0.896910548210144
7,MobileNet_Original + MobileNet_Original,50,2,2,0.14099203050136566,0.1836133748292923,0.675394594669342
7,MobileNet_Original + MobileNet_Original,51,2,0,0.604340136051178,0.1602420061826706,0.23541787266731262
7,MobileNet_Original + MobileNet_Original,52,2,2,0.018421968445181847,0.32733798027038574,0.654240071773529
7,MobileNet_Original + MobileNet_Original,53,2,2,0.1548982709646225,0.010715114884078503,0.8343865871429443
7,MobileNet_Original + MobileNet_Original,54,2,2,0.010483980178833008,0.0063077183440327644,0.9832082986831665
7,MobileNet_Original + MobileNet_Original,55,2,2,0.22038066387176514,0.005274750292301178,0.7743446230888367
7,MobileNet_Original + MobileNet_Original,56,2,2,0.027237337082624435,0.0005892940098419785,0.9721733927726746
7,MobileNet_Original + MobileNet_Original,57,2,2,0.05025811120867729,0.1656501293182373,0.7840917706489563
7,MobileNet_Original + MobileNet_Original,58,2,2,0.012875747866928577,0.0007650163606740534,0.986359179019928
7,MobileNet_RecPlot + MobileNet_RecPlot,32,1,1,0.04955098032951355,0.8787205815315247,0.07172846049070358
7,MobileNet_RecPlot + MobileNet_RecPlot,33,1,1,0.0129698496311903,0.9728891253471375,0.014141076244413853
7,MobileNet_RecPlot + MobileNet_RecPlot,34,1,1,0.11426111310720444,0.857337236404419,0.028401697054505348
7,MobileNet_RecPlot + MobileNet_RecPlot,35,1,1,0.021586885675787926,0.9731616973876953,0.005251400638371706
7,MobileNet_RecPlot + MobileNet_RecPlot,36,1,0,0.8425481915473938,0.041664037853479385,0.11578778177499771
7,MobileNet_RecPlot + MobileNet_RecPlot,37,1,1,0.008558364585042,0.987546980381012,0.0038946224376559258
7,MobileNet_RecPlot + MobileNet_RecPlot,38,1,1,0.027173684909939766,0.8980972170829773,0.0747290626168251
7,MobileNet_RecPlot + MobileNet_RecPlot,39,1,1,0.12347834557294846,0.5219056606292725,0.3546159863471985
7,MobileNet_RecPlot + MobileNet_RecPlot,40,1,1,0.1610967516899109,0.7638065814971924,0.07509668916463852
7,MobileNet_RecPlot + MobileNet_RecPlot,41,1,2,0.058198027312755585,0.022791866213083267,0.9190101623535156
7,MobileNet_RecPlot + MobileNet_RecPlot,42,1,1,0.01542854867875576,0.9556781649589539,0.028893306851387024
7,MobileNet_RecPlot + MobileNet_RecPlot,43,1,1,0.017947539687156677,0.9786282777786255,0.0034241757821291685
7,MobileNet_RecPlot + MobileNet_RecPlot,44,1,1,0.011166241019964218,0.9810566306114197,0.007777162361890078
7,MobileNet_RecPlot + MobileNet_RecPlot,45,1,1,0.41133835911750793,0.5657411813735962,0.022920483723282814
7,MobileNet_RecPlot + MobileNet_RecPlot,46,1,1,0.013505015522241592,0.9681652784347534,0.018329670652747154
7,MobileNet_RecPlot + MobileNet_RecPlot,47,2,2,0.02548266015946865,0.0030614484567195177,0.9714558720588684
7,MobileNet_RecPlot + MobileNet_RecPlot,48,2,2,0.044778645038604736,0.005492911674082279,0.9497284293174744
7,MobileNet_RecPlot + MobileNet_RecPlot,49,2,1,0.03520219773054123,0.9379106760025024,0.02688712626695633
7,MobileNet_RecPlot + MobileNet_RecPlot,50,2,2,0.28426262736320496,0.21087712049484253,0.5048602819442749
7,MobileNet_RecPlot + MobileNet_RecPlot,51,2,2,0.2829451858997345,0.06547119468450546,0.6515836715698242
7,MobileNet_RecPlot + MobileNet_RecPlot,52,2,1,0.06790002435445786,0.4977204203605652,0.43437957763671875
7,MobileNet_RecPlot + MobileNet_RecPlot,53,2,2,0.028516994789242744,0.0251559317111969,0.9463270902633667
7,MobileNet_RecPlot + MobileNet_RecPlot,54,2,2,0.008926481008529663,0.02229514718055725,0.9687783718109131
7,MobileNet_RecPlot + MobileNet_RecPlot,55,2,2,0.3433341681957245,0.13624007999897003,0.5204257965087891
7,MobileNet_RecPlot + MobileNet_RecPlot,56,2,2,0.007303866092115641,0.08124689012765884,0.9114492535591125
7,MobileNet_RecPlot + MobileNet_RecPlot,57,2,1,0.07597838342189789,0.7241314649581909,0.19989018142223358
7,MobileNet_RecPlot + MobileNet_RecPlot,58,2,2,0.4161655902862549,0.15521341562271118,0.42862096428871155
7,EffNet_Original + EffNet_Original,32,1,1,0.10069712996482849,0.6251260042190552,0.2741768956184387
7,EffNet_Original + EffNet_Original,33,1,1,0.012116664089262486,0.9647455215454102,0.023137809708714485
7,EffNet_Original + EffNet_Original,34,1,1,0.002068082569167018,0.9734311699867249,0.024500742554664612
7,EffNet_Original + EffNet_Original,35,1,1,0.00580943375825882,0.517815113067627,0.4763754606246948
7,EffNet_Original + EffNet_Original,36,1,1,8.152785449055955e-05,0.9997522234916687,0.00016628889716230333
7,EffNet_Original + EffNet_Original,37,1,1,0.0009664842509664595,0.9969979524612427,0.0020355558954179287
7,EffNet_Original + EffNet_Original,38,1,1,0.003327373880892992,0.9874134063720703,0.009259282611310482
7,EffNet_Original + EffNet_Original,39,1,1,0.00015185636584647,0.9996256828308105,0.0002224485360784456
7,EffNet_Original + EffNet_Original,40,1,1,0.0004407669184729457,0.9989868998527527,0.0005723190261051059
7,EffNet_Original + EffNet_Original,41,1,1,0.0003160941123496741,0.9992588758468628,0.0004250502388458699
7,EffNet_Original + EffNet_Original,42,1,1,0.00012749381130561233,0.9997404217720032,0.00013210171891842037
7,EffNet_Original + EffNet_Original,43,1,1,0.018523158505558968,0.9707778692245483,0.01069901417940855
7,EffNet_Original + EffNet_Original,44,1,1,0.0035564126446843147,0.9937458038330078,0.0026977823581546545
7,EffNet_Original + EffNet_Original,45,1,1,0.0038567830342799425,0.9936923980712891,0.0024508261121809483
7,EffNet_Original + EffNet_Original,46,1,1,0.011308777146041393,0.947225034236908,0.041466228663921356
7,EffNet_Original + EffNet_Original,47,2,2,0.010059312917292118,0.011108043603599072,0.9788326025009155
7,EffNet_Original + EffNet_Original,48,2,2,0.055439021438360214,0.005699767265468836,0.9388612508773804
7,EffNet_Original + EffNet_Original,49,2,2,0.17420274019241333,0.3406780958175659,0.48511919379234314
7,EffNet_Original + EffNet_Original,50,2,2,0.012709874659776688,0.008731754496693611,0.9785584211349487
7,EffNet_Original + EffNet_Original,51,2,2,0.15211272239685059,0.02075650915503502,0.8271307349205017
7,EffNet_Original + EffNet_Original,52,2,2,0.023427922278642654,0.2682707607746124,0.708301305770874
7,EffNet_Original + EffNet_Original,53,2,2,0.14613613486289978,0.005683335941284895,0.8481805324554443
7,EffNet_Original + EffNet_Original,54,2,2,0.008469635620713234,0.0071258931420743465,0.9844045042991638
7,EffNet_Original + EffNet_Original,55,2,2,0.26094135642051697,0.004288651514798403,0.7347700595855713
7,EffNet_Original + EffNet_Original,56,2,2,0.018138134852051735,0.003947736229747534,0.9779141545295715
7,EffNet_Original + EffNet_Original,57,2,2,0.01205968763679266,0.029437249526381493,0.9585030674934387
7,EffNet_Original + EffNet_Original,58,2,2,0.023332450538873672,0.001644497155211866,0.975023090839386
7,EffNet_RecPlot + EffNet_RecPlot,32,1,1,0.0054792361333966255,0.9913698434829712,0.0031509511172771454
7,EffNet_RecPlot + EffNet_RecPlot,33,1,1,0.0008366893162019551,0.9983437061309814,0.000819600943941623
7,EffNet_RecPlot + EffNet_RecPlot,34,1,1,0.030939040705561638,0.9371746182441711,0.03188633918762207
7,EffNet_RecPlot + EffNet_RecPlot,35,1,1,0.001139549887739122,0.9962159395217896,0.0026445116382092237
7,EffNet_RecPlot + EffNet_RecPlot,36,1,0,0.5006393790245056,0.0466257706284523,0.45273488759994507
7,EffNet_RecPlot + EffNet_RecPlot,37,1,1,0.001560612698085606,0.997116208076477,0.001323181320913136
7,EffNet_RecPlot + EffNet_RecPlot,38,1,1,0.009733675047755241,0.9880125522613525,0.002253748942166567
7,EffNet_RecPlot + EffNet_RecPlot,39,1,1,0.04936493560671806,0.9103298783302307,0.04030521214008331
7,EffNet_RecPlot + EffNet_RecPlot,40,1,1,0.05780912563204765,0.9260095357894897,0.016181373968720436
7,EffNet_RecPlot + EffNet_RecPlot,41,1,2,0.008224770426750183,0.03874823823571205,0.9530270099639893
7,EffNet_RecPlot + EffNet_RecPlot,42,1,1,0.0002801184600684792,0.9996155500411987,0.00010433924035169184
7,EffNet_RecPlot + EffNet_RecPlot,43,1,0,0.8129228949546814,0.15453532338142395,0.03254174813628197
7,EffNet_RecPlot + EffNet_RecPlot,44,1,1,0.006371483206748962,0.9871208667755127,0.006507654674351215
7,EffNet_RecPlot + EffNet_RecPlot,45,1,0,0.7446052432060242,0.196796253323555,0.058598488569259644
7,EffNet_RecPlot + EffNet_RecPlot,46,1,1,0.0006830102647654712,0.9986845850944519,0.0006323803681880236
7,EffNet_RecPlot + EffNet_RecPlot,47,2,2,0.006676014978438616,0.013738444074988365,0.9795855283737183
7,EffNet_RecPlot + EffNet_RecPlot,48,2,2,0.0037405663169920444,0.006990434601902962,0.9892690181732178
7,EffNet_RecPlot + EffNet_RecPlot,49,2,1,0.009850961156189442,0.984235942363739,0.00591310253366828
7,EffNet_RecPlot + EffNet_RecPlot,50,2,2,0.011874750256538391,0.007054068613797426,0.9810711741447449
7,EffNet_RecPlot + EffNet_RecPlot,51,2,2,0.041921839118003845,0.10089541226625443,0.8571827411651611
7,EffNet_RecPlot + EffNet_RecPlot,52,2,2,0.02656644955277443,0.07754279673099518,0.8958907723426819
7,EffNet_RecPlot + EffNet_RecPlot,53,2,2,0.27293577790260315,0.009599669836461544,0.7174645662307739
7,EffNet_RecPlot + EffNet_RecPlot,54,2,2,0.023286130279302597,0.009682124480605125,0.9670317769050598
7,EffNet_RecPlot + EffNet_RecPlot,55,2,0,0.6444538235664368,0.056425172835588455,0.2991209924221039
7,EffNet_RecPlot + EffNet_RecPlot,56,2,2,0.00321574485860765,0.011139112524688244,0.9856451153755188
7,EffNet_RecPlot + EffNet_RecPlot,57,2,1,0.018600305542349815,0.8747748732566833,0.10662481933832169
7,EffNet_RecPlot + EffNet_RecPlot,58,2,0,0.7902054786682129,0.03231221064925194,0.17748230695724487
12,MobileNet_Original + MobileNet_RecPlot,0,0,2,0.31584611535072327,0.18141011893749237,0.5027437806129456
12,MobileNet_Original + MobileNet_RecPlot,1,0,0,0.5949056148529053,0.1814499944448471,0.2236444354057312
12,MobileNet_Original + MobileNet_RecPlot,2,0,2,0.4326532185077667,0.09432283788919449,0.4730239510536194
12,MobileNet_Original + MobileNet_RecPlot,3,0,0,0.468268483877182,0.4438973665237427,0.0878342017531395
12,MobileNet_Original + MobileNet_RecPlot,4,0,0,0.9013513326644897,0.03497147560119629,0.06367722153663635
12,MobileNet_Original + MobileNet_RecPlot,5,0,0,0.983216404914856,0.0053227730095386505,0.011460840702056885
12,MobileNet_Original + MobileNet_RecPlot,6,0,0,0.9621704816818237,0.013621795922517776,0.02420773357152939
12,MobileNet_Original + MobileNet_RecPlot,7,0,1,0.23384392261505127,0.7042434811592102,0.06191259250044823
12,MobileNet_Original + MobileNet_RecPlot,8,0,0,0.5361019968986511,0.1946161836385727,0.2692817747592926
12,MobileNet_Original + MobileNet_RecPlot,9,0,0,0.6141382455825806,0.1709473729133606,0.21491441130638123
12,MobileNet_Original + MobileNet_RecPlot,10,0,0,0.8216638565063477,0.0934615358710289,0.08487465232610703
12,MobileNet_Original + MobileNet_RecPlot,11,0,1,0.4571332335472107,0.5066776275634766,0.036189161241054535
12,MobileNet_Original + MobileNet_RecPlot,12,0,0,0.7591024041175842,0.10116354376077652,0.13973408937454224
12,MobileNet_Original + MobileNet_RecPlot,13,0,0,0.7112724781036377,0.04390955716371536,0.24481798708438873
12,MobileNet_Original + MobileNet_RecPlot,14,0,0,0.6428818106651306,0.3219016194343567,0.03521665930747986
12,MobileNet_Original + MobileNet_RecPlot,15,0,0,0.34629395604133606,0.30989500880241394,0.34381103515625
12,MobileNet_Original + MobileNet_RecPlot,16,0,0,0.5034357309341431,0.1477668285369873,0.34879744052886963
12,MobileNet_Original + MobileNet_RecPlot,17,0,0,0.9476683735847473,0.017806416377425194,0.034525226801633835
12,MobileNet_Original + MobileNet_RecPlot,18,1,1,0.1441826969385147,0.8282982110977173,0.027519112452864647
12,MobileNet_Original + MobileNet_RecPlot,19,1,1,0.003400711575523019,0.983594536781311,0.013004760257899761
12,MobileNet_Original + MobileNet_RecPlot,20,1,1,0.0094620231539011,0.9847431182861328,0.005794895812869072
12,MobileNet_Original + MobileNet_RecPlot,21,1,1,0.04387423396110535,0.8955317735671997,0.06059395521879196
12,MobileNet_Original + MobileNet_RecPlot,22,1,1,0.04346062242984772,0.9275158047676086,0.02902360074222088
12,MobileNet_Original + MobileNet_RecPlot,23,1,1,0.2903648614883423,0.6129337549209595,0.0967014729976654
12,MobileNet_Original + MobileNet_RecPlot,24,1,1,0.044451016932725906,0.868512749671936,0.08703628927469254
12,MobileNet_Original + MobileNet_RecPlot,25,1,1,0.01371626928448677,0.9362520575523376,0.05003167316317558
12,MobileNet_Original + MobileNet_RecPlot,26,1,1,0.24460498988628387,0.6737383604049683,0.08165662735700607
12,MobileNet_Original + MobileNet_RecPlot,27,1,1,0.0635276511311531,0.7771027088165283,0.15936963260173798
12,MobileNet_Original + MobileNet_RecPlot,28,1,1,0.06275954097509384,0.8902503848075867,0.04699012264609337
12,MobileNet_Original + MobileNet_RecPlot,29,1,1,0.0021636239252984524,0.9933798909187317,0.00445648655295372
12,MobileNet_Original + MobileNet_RecPlot,30,1,1,0.03259863331913948,0.8302239775657654,0.13717742264270782
12,MobileNet_Original + MobileNet_RecPlot,31,1,1,0.005902904085814953,0.9850499629974365,0.009047167375683784
12,MobileNet_Original + EffNet_Original,0,0,0,0.6172460913658142,0.23028279840946198,0.15247111022472382
12,MobileNet_Original + EffNet_Original,1,0,0,0.7861455678939819,0.1054222360253334,0.10843217372894287
12,MobileNet_Original + EffNet_Original,2,0,0,0.878253698348999,0.0831269919872284,0.03861929103732109
12,MobileNet_Original + EffNet_Original,3,0,1,0.37289321422576904,0.5650776624679565,0.0620291642844677
12,MobileNet_Original + EffNet_Original,4,0,0,0.9347258806228638,0.008503599092364311,0.05677051469683647
12,MobileNet_Original + EffNet_Original,5,0,0,0.9725363254547119,0.005435466766357422,0.022028211504220963
12,MobileNet_Original + EffNet_Original,6,0,0,0.9952883124351501,0.00283662392757833,0.0018750603776425123
12,MobileNet_Original + EffNet_Original,7,0,0,0.4131210446357727,0.2811287045478821,0.3057502508163452
12,MobileNet_Original + EffNet_Original,8,0,0,0.7061145305633545,0.17455630004405975,0.11932919174432755
12,MobileNet_Original + EffNet_Original,9,0,0,0.6712180376052856,0.0907609686255455,0.23802101612091064
12,MobileNet_Original + EffNet_Original,10,0,0,0.9713128805160522,0.018571319058537483,0.010115807875990868
12,MobileNet_Original + EffNet_Original,11,0,0,0.9316155910491943,0.029918288812041283,0.03846606984734535
12,MobileNet_Original + EffNet_Original,12,0,0,0.8084752559661865,0.10811619460582733,0.08340857923030853
12,MobileNet_Original + EffNet_Original,13,0,0,0.800923764705658,0.13152770698070526,0.06754854321479797
12,MobileNet_Original + EffNet_Original,14,0,0,0.9815749526023865,0.007076747249811888,0.011348280124366283
12,MobileNet_Original + EffNet_Original,15,0,0,0.7184639573097229,0.05780614912509918,0.2237299084663391
12,MobileNet_Original + EffNet_Original,16,0,0,0.7168124914169312,0.08809998631477356,0.1950875222682953
12,MobileNet_Original + EffNet_Original,17,0,0,0.9620177745819092,0.009464331902563572,0.02851788140833378
12,MobileNet_Original + EffNet_Original,18,1,1,0.09809181839227676,0.8891392946243286,0.012768891640007496
12,MobileNet_Original + EffNet_Original,19,1,1,9.486149065196514e-05,0.9997910261154175,0.00011412462481530383
12,MobileNet_Original + EffNet_Original,20,1,1,0.004908353090286255,0.9916049838066101,0.003486590227112174
12,MobileNet_Original + EffNet_Original,21,1,1,0.02851029857993126,0.8682558536529541,0.10323385149240494
12,MobileNet_Original + EffNet_Original,22,1,1,0.017020661383867264,0.9676733016967773,0.015306114219129086
12,MobileNet_Original + EffNet_Original,23,1,1,0.13274981081485748,0.8032393455505371,0.0640108734369278
12,MobileNet_Original + EffNet_Original,24,1,1,0.04685480520129204,0.7669044137001038,0.18624082207679749
12,MobileNet_Original + EffNet_Original,25,1,1,0.003605058416724205,0.9498705267906189,0.04652442783117294
12,MobileNet_Original + EffNet_Original,26,1,1,0.01077420637011528,0.9699205160140991,0.019305288791656494
12,MobileNet_Original + EffNet_Original,27,1,1,0.0046562133356928825,0.9733752012252808,0.021968640387058258
12,MobileNet_Original + EffNet_Original,28,1,1,0.05246296897530556,0.9273377060890198,0.020199358463287354
12,MobileNet_Original + EffNet_Original,29,1,1,0.002860081847757101,0.9924024343490601,0.00473749591037631
12,MobileNet_Original + EffNet_Original,30,1,1,0.026425695046782494,0.8125849962234497,0.16098934412002563
12,MobileNet_Original + EffNet_Original,31,1,1,0.05777408555150032,0.6427366137504578,0.2994893193244934
12,MobileNet_Original + EffNet_RecPlot,0,0,2,0.297329843044281,0.13045111298561096,0.5722190737724304
12,MobileNet_Original + EffNet_RecPlot,1,0,0,0.5487077236175537,0.3896797299385071,0.061612579971551895
12,MobileNet_Original + EffNet_RecPlot,2,0,0,0.5797122716903687,0.07615619152784348,0.34413155913352966
12,MobileNet_Original + EffNet_RecPlot,3,0,1,0.2626188099384308,0.7031945586204529,0.03418664634227753
12,MobileNet_Original + EffNet_RecPlot,4,0,0,0.9374856948852539,0.007670070510357618,0.054844241589307785
12,MobileNet_Original + EffNet_RecPlot,5,0,0,0.9877429008483887,0.003787203459069133,0.008469832129776478
12,MobileNet_Original + EffNet_RecPlot,6,0,0,0.9941794872283936,0.003294440219178796,0.0025260422844439745
12,MobileNet_Original + EffNet_RecPlot,7,0,1,0.22612108290195465,0.714217483997345,0.05966145545244217
12,MobileNet_Original + EffNet_RecPlot,8,0,0,0.5920094847679138,0.12809297442436218,0.2798976004123688
12,MobileNet_Original + EffNet_RecPlot,9,0,0,0.5715581178665161,0.06666257232427597,0.3617793023586273
12,MobileNet_Original + EffNet_RecPlot,10,0,0,0.9709150195121765,0.018653281033039093,0.010431734845042229
12,MobileNet_Original + EffNet_RecPlot,11,0,1,0.4450386166572571,0.521669328212738,0.03329212963581085
12,MobileNet_Original + EffNet_RecPlot,12,0,0,0.947566032409668,0.020048433914780617,0.032385505735874176
12,MobileNet_Original + EffNet_RecPlot,13,0,0,0.8647127747535706,0.03235064446926117,0.10293649882078171
12,MobileNet_Original + EffNet_RecPlot,14,0,0,0.961042046546936,0.025988219305872917,0.01296975463628769
12,MobileNet_Original + EffNet_RecPlot,15,0,1,0.32210370898246765,0.5094583630561829,0.16843794286251068
12,MobileNet_Original + EffNet_RecPlot,16,0,0,0.7406675815582275,0.06967147439718246,0.18966099619865417
12,MobileNet_Original + EffNet_RecPlot,17,0,0,0.9648371338844299,0.008424087427556515,0.026738762855529785
12,MobileNet_Original + EffNet_RecPlot,18,1,1,0.3093715310096741,0.6765350103378296,0.014093512669205666
12,MobileNet_Original + EffNet_RecPlot,19,1,1,0.000545585819054395,0.9981304407119751,0.0013239877298474312
12,MobileNet_Original + EffNet_RecPlot,20,1,1,0.061758965253829956,0.910918116569519,0.027322931215167046
12,MobileNet_Original + EffNet_RecPlot,21,1,1,0.01032231468707323,0.9561233520507812,0.03355430066585541
12,MobileNet_Original + EffNet_RecPlot,22,1,1,0.011605070903897285,0.9733031988143921,0.015091713517904282
12,MobileNet_Original + EffNet_RecPlot,23,1,1,0.2598622143268585,0.5435116291046143,0.19662612676620483
12,MobileNet_Original + EffNet_RecPlot,24,1,1,0.026388293132185936,0.8916543126106262,0.08195742964744568
12,MobileNet_Original + EffNet_RecPlot,25,1,1,0.0037822076119482517,0.9499303698539734,0.0462874174118042
12,MobileNet_Original + EffNet_RecPlot,26,1,1,0.318641722202301,0.6132181286811829,0.06814020127058029
12,MobileNet_Original + EffNet_RecPlot,27,1,1,0.007826494984328747,0.8599390983581543,0.1322343945503235
12,MobileNet_Original + EffNet_RecPlot,28,1,1,0.03808119520545006,0.9258857369422913,0.03603309765458107
12,MobileNet_Original + EffNet_RecPlot,29,1,1,0.0021504084579646587,0.994038462638855,0.0038111500907689333
12,MobileNet_Original + EffNet_RecPlot,30,1,1,0.025040671229362488,0.8406322002410889,0.13432708382606506
12,MobileNet_Original + EffNet_RecPlot,31,1,1,0.0030143538024276495,0.9906687140464783,0.006316959857940674
12,MobileNet_RecPlot + EffNet_Original,0,0,2,0.3487040102481842,0.15195982158184052,0.49933621287345886
12,MobileNet_RecPlot + EffNet_Original,1,0,0,0.5535648465156555,0.15320727229118347,0.293227881193161
12,MobileNet_RecPlot + EffNet_Original,2,0,0,0.5234736800193787,0.027339152991771698,0.44918718934059143
12,MobileNet_RecPlot + EffNet_Original,3,0,1,0.3961254358291626,0.5127089619636536,0.09116559475660324
12,MobileNet_RecPlot + EffNet_Original,4,0,0,0.9600067734718323,0.0290085282176733,0.010984697379171848
12,MobileNet_RecPlot + EffNet_Original,5,0,0,0.9776466488838196,0.004028079565614462,0.018325265496969223
12,MobileNet_RecPlot + EffNet_Original,6,0,0,0.9653396606445312,0.011352370493113995,0.023307953029870987
12,MobileNet_RecPlot + EffNet_Original,7,0,1,0.2299317568540573,0.514461874961853,0.25560635328292847
12,MobileNet_RecPlot + EffNet_Original,8,0,0,0.6174531579017639,0.12202680110931396,0.2605200707912445
12,MobileNet_RecPlot + EffNet_Original,9,0,0,0.5791773200035095,0.1366625726222992,0.28416016697883606
12,MobileNet_RecPlot + EffNet_Original,10,0,0,0.8497262001037598,0.07526443153619766,0.07500938326120377
12,MobileNet_RecPlot + EffNet_Original,11,0,0,0.5097801685333252,0.47821375727653503,0.012006049044430256
12,MobileNet_RecPlot + EffNet_Original,12,0,0,0.6689141392707825,0.17104493081569672,0.16004091501235962
12,MobileNet_RecPlot + EffNet_Original,13,0,0,0.6913002133369446,0.1138513907790184,0.1948484182357788
12,MobileNet_RecPlot + EffNet_Original,14,0,0,0.6588007807731628,0.31638410687446594,0.02481509931385517
12,MobileNet_RecPlot + EffNet_Original,15,0,0,0.4302268922328949,0.31721031665802,0.2525627911090851
12,MobileNet_RecPlot + EffNet_Original,16,0,0,0.6961129903793335,0.09792120009660721,0.2059658169746399
12,MobileNet_RecPlot + EffNet_Original,17,0,0,0.975945234298706,0.013278464786708355,0.010776316747069359
12,MobileNet_RecPlot + EffNet_Original,18,1,1,0.23256802558898926,0.732007622718811,0.03542434051632881
12,MobileNet_RecPlot + EffNet_Original,19,1,1,0.003330440726131201,0.9837659597396851,0.012903599999845028
12,MobileNet_RecPlot + EffNet_Original,20,1,1,0.006686601787805557,0.990372896194458,0.002940528094768524
12,MobileNet_RecPlot + EffNet_Original,21,1,1,0.054165054112672806,0.809685468673706,0.13614948093891144
12,MobileNet_RecPlot + EffNet_Original,22,1,1,0.039311133325099945,0.9442651271820068,0.016423773020505905
12,MobileNet_RecPlot + EffNet_Original,23,1,1,0.2717970609664917,0.6569225192070007,0.07128041237592697
12,MobileNet_RecPlot + EffNet_Original,24,1,1,0.045080408453941345,0.844659149646759,0.11026039719581604
12,MobileNet_RecPlot + EffNet_Original,25,1,1,0.010587282478809357,0.9851747155189514,0.0042380038648843765
12,MobileNet_RecPlot + EffNet_Original,26,1,1,0.2351110577583313,0.7015619277954102,0.06332699209451675
12,MobileNet_RecPlot + EffNet_Original,27,1,1,0.05893341451883316,0.8031116724014282,0.13795486092567444
12,MobileNet_RecPlot + EffNet_Original,28,1,1,0.05257624387741089,0.9167826175689697,0.030641110613942146
12,MobileNet_RecPlot + EffNet_Original,29,1,1,0.0010013064602389932,0.996904730796814,0.002093986142426729
12,MobileNet_RecPlot + EffNet_Original,30,1,1,0.009678415954113007,0.9605873227119446,0.029734283685684204
12,MobileNet_RecPlot + EffNet_Original,31,1,1,0.058699510991573334,0.6441298127174377,0.2971707284450531
12,MobileNet_RecPlot + EffNet_RecPlot,0,0,2,0.028787728399038315,0.052128102630376816,0.9190841913223267
12,MobileNet_RecPlot + EffNet_RecPlot,1,0,1,0.3161269426345825,0.43746477365493774,0.24640828371047974
12,MobileNet_RecPlot + EffNet_RecPlot,2,0,2,0.2249322086572647,0.020368345081806183,0.7546994686126709
12,MobileNet_RecPlot + EffNet_RecPlot,3,0,1,0.28585103154182434,0.6508259177207947,0.06332308799028397
12,MobileNet_RecPlot + EffNet_RecPlot,4,0,0,0.9627665281295776,0.028174996376037598,0.009058424271643162
12,MobileNet_RecPlot + EffNet_RecPlot,5,0,0,0.9928532838821411,0.00237981672398746,0.004766886122524738
12,MobileNet_RecPlot + EffNet_RecPlot,6,0,0,0.9642308950424194,0.011810187250375748,0.02395893819630146
12,MobileNet_RecPlot + EffNet_RecPlot,7,0,1,0.04293178766965866,0.9475506544113159,0.009517558850347996
12,MobileNet_RecPlot + EffNet_RecPlot,8,0,0,0.5033481121063232,0.0755634605884552,0.42108845710754395
12,MobileNet_RecPlot + EffNet_RecPlot,9,0,0,0.4795174300670624,0.11256416887044907,0.40791845321655273
12,MobileNet_RecPlot + EffNet_RecPlot,10,0,0,0.8493282794952393,0.07534638792276382,0.07532531023025513
12,MobileNet_RecPlot + EffNet_RecPlot,11,0,1,0.02320314757525921,0.9699647426605225,0.006832106038928032
12,MobileNet_RecPlot + EffNet_RecPlot,12,0,0,0.8080049753189087,0.08297716826200485,0.10901784151792526
12,MobileNet_RecPlot + EffNet_RecPlot,13,0,0,0.7550893425941467,0.014674326404929161,0.23023638129234314
12,MobileNet_RecPlot + EffNet_RecPlot,14,0,0,0.6382678747177124,0.33529558777809143,0.026436572894454002
12,MobileNet_RecPlot + EffNet_RecPlot,15,0,1,0.033866655081510544,0.7688625454902649,0.19727081060409546
12,MobileNet_RecPlot + EffNet_RecPlot,16,0,0,0.7199680209159851,0.07949268072843552,0.20053927600383759
12,MobileNet_RecPlot + EffNet_RecPlot,17,0,0,0.9787645936012268,0.012238220311701298,0.008997198194265366
12,MobileNet_RecPlot + EffNet_RecPlot,18,1,1,0.4438477158546448,0.519403338432312,0.03674896061420441
12,MobileNet_RecPlot + EffNet_RecPlot,19,1,1,0.0037811649963259697,0.9821053743362427,0.014113463461399078
12,MobileNet_RecPlot + EffNet_RecPlot,20,1,1,0.06353721767663956,0.9096859693527222,0.0267768707126379
12,MobileNet_RecPlot + EffNet_RecPlot,21,1,1,0.0359770730137825,0.897553026676178,0.0664699375629425
12,MobileNet_RecPlot + EffNet_RecPlot,22,1,1,0.033895548433065414,0.9498950839042664,0.016209375113248825
12,MobileNet_RecPlot + EffNet_RecPlot,23,1,0,0.39890944957733154,0.39719483256340027,0.2038956880569458
12,MobileNet_RecPlot + EffNet_RecPlot,24,1,1,0.02461390197277069,0.9694090485572815,0.005977013614028692
12,MobileNet_RecPlot + EffNet_RecPlot,25,1,1,0.010764431208372116,0.9852346181869507,0.004000997636467218
12,MobileNet_RecPlot + EffNet_RecPlot,26,1,0,0.5429785847663879,0.3448595702648163,0.11216189712285995
12,MobileNet_RecPlot + EffNet_RecPlot,27,1,1,0.062103696167469025,0.6896756887435913,0.24822062253952026
12,MobileNet_RecPlot + EffNet_RecPlot,28,1,1,0.03819447383284569,0.9153306484222412,0.046474847942590714
12,MobileNet_RecPlot + EffNet_RecPlot,29,1,1,0.00029163301223888993,0.9985407590866089,0.0011676402064040303
12,MobileNet_RecPlot + EffNet_RecPlot,30,1,1,0.008293393068015575,0.9886345863342285,0.0030720264185220003
12,MobileNet_RecPlot + EffNet_RecPlot,31,1,1,0.003939781337976456,0.9920618534088135,0.0039983633905649185
12,EffNet_Original + EffNet_RecPlot,0,0,2,0.33018770813941956,0.10100080072879791,0.5688114762306213
12,EffNet_Original + EffNet_RecPlot,1,0,0,0.507366955280304,0.36143702268600464,0.1311960220336914
12,EffNet_Original + EffNet_RecPlot,2,0,0,0.6705327033996582,0.009172504767775536,0.3202947974205017
12,EffNet_Original + EffNet_RecPlot,3,0,1,0.19047577679157257,0.7720062136650085,0.03751805052161217
12,EffNet_Original + EffNet_RecPlot,4,0,0,0.9961411356925964,0.0017071221955120564,0.002151716500520706
12,EffNet_Original + EffNet_RecPlot,5,0,0,0.9821732640266418,0.002492510247975588,0.015334256924688816
12,EffNet_Original + EffNet_RecPlot,6,0,0,0.9973487257957458,0.0010250154882669449,0.0016262640710920095
12,EffNet_Original + EffNet_RecPlot,7,0,1,0.2222089022397995,0.524435818195343,0.2533552348613739
12,EffNet_Original + EffNet_RecPlot,8,0,0,0.6733605265617371,0.055503569543361664,0.2711358666419983
12,EffNet_Original + EffNet_RecPlot,9,0,0,0.5365971922874451,0.03237776458263397,0.43102502822875977
12,EffNet_Original + EffNet_RecPlot,10,0,0,0.9989773631095886,0.0004561806854326278,0.00056647410383448
12,EffNet_Original + EffNet_RecPlot,11,0,0,0.4976855516433716,0.4932054281234741,0.0091090127825737
12,EffNet_Original + EffNet_RecPlot,12,0,0,0.857377827167511,0.08992982655763626,0.05269235000014305
12,EffNet_Original + EffNet_RecPlot,13,0,0,0.8447405695915222,0.10229247808456421,0.052966922521591187
12,EffNet_Original + EffNet_RecPlot,14,0,0,0.976961076259613,0.02047072723507881,0.0025681962724775076
12,EffNet_Original + EffNet_RecPlot,15,0,1,0.4060366451740265,0.5167737007141113,0.07718967646360397
12,EffNet_Original + EffNet_RecPlot,16,0,0,0.933344841003418,0.019825829192996025,0.04682936891913414
12,EffNet_Original + EffNet_RecPlot,17,0,0,0.9931140542030334,0.003896136535331607,0.0029898537322878838
12,EffNet_Original + EffNet_RecPlot,18,1,1,0.3977568447589874,0.5802444219589233,0.02199874073266983
12,EffNet_Original + EffNet_RecPlot,19,1,1,0.00047531473683193326,0.9983018636703491,0.0012228270061314106
12,EffNet_Original + EffNet_RecPlot,20,1,1,0.058983542025089264,0.9165478944778442,0.024468563497066498
12,EffNet_Original + EffNet_RecPlot,21,1,1,0.020613133907318115,0.8702770471572876,0.10910982638597488
12,EffNet_Original + EffNet_RecPlot,22,1,1,0.007455582730472088,0.9900525212287903,0.002491886029019952
12,EffNet_Original + EffNet_RecPlot,23,1,1,0.24129444360733032,0.5875005125999451,0.17120510339736938
12,EffNet_Original + EffNet_RecPlot,24,1,1,0.027017690241336823,0.867800772190094,0.10518154501914978
12,EffNet_Original + EffNet_RecPlot,25,1,1,0.000653220631647855,0.9988530278205872,0.0004937516059726477
12,EffNet_Original + EffNet_RecPlot,26,1,1,0.30914774537086487,0.6410416960716248,0.04981055483222008
12,EffNet_Original + EffNet_RecPlot,27,1,1,0.0032322544138878584,0.885948121547699,0.11081963032484055
12,EffNet_Original + EffNet_RecPlot,28,1,1,0.027897899970412254,0.9524180293083191,0.019684087485074997
12,EffNet_Original + EffNet_RecPlot,29,1,1,0.0009880908764898777,0.9975633025169373,0.0014486496802419424
12,EffNet_Original + EffNet_RecPlot,30,1,1,0.002120455028489232,0.9709956049919128,0.026883961632847786
12,EffNet_Original + EffNet_RecPlot,31,1,1,0.05581096187233925,0.6497485041618347,0.29444050788879395
12,MobileNet_Original + MobileNet_Original,0,0,0,0.5843881964683533,0.259733110666275,0.1558786779642105
12,MobileNet_Original + MobileNet_Original,1,0,0,0.8274863362312317,0.13366495072841644,0.03884872794151306
12,MobileNet_Original + MobileNet_Original,2,0,0,0.7874333262443542,0.15011069178581238,0.062456049025058746
12,MobileNet_Original + MobileNet_Original,3,0,1,0.44503623247146606,0.4962660074234009,0.05869776010513306
12,MobileNet_Original + MobileNet_Original,4,0,0,0.8760704398155212,0.014466547407209873,0.10946304351091385
12,MobileNet_Original + MobileNet_Original,5,0,0,0.9781060218811035,0.006730159744620323,0.01516378577798605
12,MobileNet_Original + MobileNet_Original,6,0,0,0.9921191334724426,0.005106049124151468,0.002774838823825121
12,MobileNet_Original + MobileNet_Original,7,0,1,0.41703319549560547,0.47091031074523926,0.11205648630857468
12,MobileNet_Original + MobileNet_Original,8,0,0,0.6247634291648865,0.24714571237564087,0.12809090316295624
12,MobileNet_Original + MobileNet_Original,9,0,0,0.7061789631843567,0.1250457763671875,0.168775275349617
12,MobileNet_Original + MobileNet_Original,10,0,0,0.9432504773139954,0.03676842153072357,0.01998106949031353
12,MobileNet_Original + MobileNet_Original,11,0,0,0.8789686560630798,0.05838213860988617,0.0626491829752922
12,MobileNet_Original + MobileNet_Original,12,0,0,0.8986634612083435,0.038234807550907135,0.06310173124074936
12,MobileNet_Original + MobileNet_Original,13,0,0,0.8208959698677063,0.06158587336540222,0.1175181195139885
12,MobileNet_Original + MobileNet_Original,14,0,0,0.9656559228897095,0.01259423978626728,0.021749839186668396
12,MobileNet_Original + MobileNet_Original,15,0,0,0.6345310211181641,0.050490837544202805,0.3149781823158264
12,MobileNet_Original + MobileNet_Original,16,0,0,0.5241352319717407,0.13794562220573425,0.337919145822525
12,MobileNet_Original + MobileNet_Original,17,0,0,0.9337409138679504,0.013992282561957836,0.052266791462898254
12,MobileNet_Original + MobileNet_Original,18,1,1,0.009706495329737663,0.9854298830032349,0.0048636640422046185
12,MobileNet_Original + MobileNet_Original,19,1,1,0.0001651325583225116,0.9996196031570435,0.0002152853412553668
12,MobileNet_Original + MobileNet_Original,20,1,1,0.007683774922043085,0.9859753251075745,0.006340958643704653
12,MobileNet_Original + MobileNet_Original,21,1,1,0.0182194784283638,0.9541022181510925,0.02767832763493061
12,MobileNet_Original + MobileNet_Original,22,1,1,0.021170148625969887,0.9509239792823792,0.027905941009521484
12,MobileNet_Original + MobileNet_Original,23,1,1,0.15131759643554688,0.7592505216598511,0.08943192660808563
12,MobileNet_Original + MobileNet_Original,24,1,1,0.046225402504205704,0.7907578945159912,0.1630166918039322
12,MobileNet_Original + MobileNet_Original,25,1,1,0.006734045222401619,0.9009478092193604,0.0923180878162384
12,MobileNet_Original + MobileNet_Original,26,1,1,0.0202681515365839,0.9420969486236572,0.03763492777943611
12,MobileNet_Original + MobileNet_Original,27,1,1,0.009250453673303127,0.9473661780357361,0.0433834083378315
12,MobileNet_Original + MobileNet_Original,28,1,1,0.06264625489711761,0.9008054137229919,0.03654836490750313
12,MobileNet_Original + MobileNet_Original,29,1,1,0.004022399429231882,0.9888775944709778,0.007099996320903301
12,MobileNet_Original + MobileNet_Original,30,1,1,0.04934591054916382,0.6822216510772705,0.26843246817588806
12,MobileNet_Original + MobileNet_Original,31,1,1,0.004977476317435503,0.9836567640304565,0.011365762911736965
12,MobileNet_RecPlot + MobileNet_RecPlot,0,0,2,0.047304004430770874,0.10308711230754852,0.8496088981628418
12,MobileNet_RecPlot + MobileNet_RecPlot,1,0,2,0.3623248338699341,0.22923503816127777,0.40844014286994934
12,MobileNet_RecPlot + MobileNet_RecPlot,2,0,2,0.07787320762872696,0.038534995168447495,0.8835918307304382
12,MobileNet_RecPlot + MobileNet_RecPlot,3,0,0,0.4915006756782532,0.3915286958217621,0.11697062849998474
12,MobileNet_RecPlot + MobileNet_RecPlot,4,0,0,0.9266322255134583,0.05547640472650528,0.017891405150294304
12,MobileNet_RecPlot + MobileNet_RecPlot,5,0,0,0.9883267283439636,0.003915386274456978,0.007757894229143858
12,MobileNet_RecPlot + MobileNet_RecPlot,6,0,0,0.9322218298912048,0.022137543186545372,0.04564062878489494
12,MobileNet_RecPlot + MobileNet_RecPlot,7,0,1,0.05065464973449707,0.9375766515731812,0.011768697760999203
12,MobileNet_RecPlot + MobileNet_RecPlot,8,0,0,0.44744062423706055,0.1420866847038269,0.41047266125679016
12,MobileNet_RecPlot + MobileNet_RecPlot,9,0,0,0.5220975279808044,0.2168489694595337,0.26105353236198425
12,MobileNet_RecPlot + MobileNet_RecPlot,10,0,0,0.7000771164894104,0.15015463531017303,0.14976821839809418
12,MobileNet_RecPlot + MobileNet_RecPlot,11,0,1,0.035297781229019165,0.9549731016159058,0.009729142300784588
12,MobileNet_RecPlot + MobileNet_RecPlot,12,0,0,0.6195412874221802,0.1640922725200653,0.21636641025543213
12,MobileNet_RecPlot + MobileNet_RecPlot,13,0,0,0.6016489267349243,0.026233233511447906,0.3721178472042084
12,MobileNet_RecPlot + MobileNet_RecPlot,14,0,1,0.3201075792312622,0.6312089562416077,0.04868347570300102
12,MobileNet_RecPlot + MobileNet_RecPlot,15,0,1,0.058056898415088654,0.5692991614341736,0.37264391779899597
12,MobileNet_RecPlot + MobileNet_RecPlot,16,0,0,0.4827362298965454,0.15758804976940155,0.35967573523521423
12,MobileNet_RecPlot + MobileNet_RecPlot,17,0,0,0.9615957140922546,0.021620547398924828,0.016783660277724266
12,MobileNet_RecPlot + MobileNet_RecPlot,18,1,1,0.278658926486969,0.6711665987968445,0.050174564123153687
12,MobileNet_RecPlot + MobileNet_RecPlot,19,1,1,0.0066362908110022545,0.9675695300102234,0.02579423598945141
12,MobileNet_RecPlot + MobileNet_RecPlot,20,1,1,0.011240271851420403,0.9835109114646912,0.005248833913356066
12,MobileNet_RecPlot + MobileNet_RecPlot,21,1,1,0.0695289894938469,0.8369613885879517,0.09350958466529846
12,MobileNet_RecPlot + MobileNet_RecPlot,22,1,1,0.0657511055469513,0.9041076898574829,0.030141262337565422
12,MobileNet_RecPlot + MobileNet_RecPlot,23,1,1,0.4294121265411377,0.4666168987751007,0.10397101938724518
12,MobileNet_RecPlot + MobileNet_RecPlot,24,1,1,0.04267662391066551,0.9462674856185913,0.011055869050323963
12,MobileNet_RecPlot + MobileNet_RecPlot,25,1,1,0.020698491483926773,0.9715562462806702,0.007745249196887016
12,MobileNet_RecPlot + MobileNet_RecPlot,26,1,0,0.4689418375492096,0.4053798019886017,0.12567833065986633
12,MobileNet_RecPlot + MobileNet_RecPlot,27,1,1,0.1178048700094223,0.6068392992019653,0.27535587549209595
12,MobileNet_RecPlot + MobileNet_RecPlot,28,1,1,0.06287281960248947,0.8796952962875366,0.05743187293410301
12,MobileNet_RecPlot + MobileNet_RecPlot,29,1,1,0.0003048485377803445,0.9978821873664856,0.0018129766685888171
12,MobileNet_RecPlot + MobileNet_RecPlot,30,1,1,0.015851352363824844,0.9782262444496155,0.0059223477728664875
12,MobileNet_RecPlot + MobileNet_RecPlot,31,1,1,0.006828331854194403,0.9864431619644165,0.0067285713739693165
12,EffNet_Original + EffNet_Original,0,0,0,0.6501039266586304,0.20083248615264893,0.14906352758407593
12,EffNet_Original + EffNet_Original,1,0,0,0.744804859161377,0.07717952132225037,0.17801561951637268
12,EffNet_Original + EffNet_Original,2,0,0,0.9690741300582886,0.01614331267774105,0.014782542362809181
12,EffNet_Original + EffNet_Original,3,0,1,0.30075016617774963,0.6338892579078674,0.06536056101322174
12,EffNet_Original + EffNet_Original,4,0,0,0.9933813810348511,0.0025406500790268183,0.004077987279742956
12,EffNet_Original + EffNet_Original,5,0,0,0.9669665694236755,0.004140772856771946,0.02889263443648815
12,EffNet_Original + EffNet_Original,6,0,0,0.9984575510025024,0.0005671993712894619,0.0009752821642905474
12,EffNet_Original + EffNet_Original,7,0,2,0.40920886397361755,0.09134708344936371,0.49944403767585754
12,EffNet_Original + EffNet_Original,8,0,0,0.7874655723571777,0.10196690261363983,0.11056748032569885
12,EffNet_Original + EffNet_Original,9,0,0,0.6362570524215698,0.056476157158613205,0.3072667419910431
12,EffNet_Original + EffNet_Original,10,0,0,0.9993752837181091,0.00037422124296426773,0.0002505482698325068
12,EffNet_Original + EffNet_Original,11,0,0,0.9842626452445984,0.0014544384321197867,0.014282956719398499
12,EffNet_Original + EffNet_Original,12,0,0,0.7182869911193848,0.17799758911132812,0.10371541976928711
12,EffNet_Original + EffNet_Original,13,0,0,0.7809514999389648,0.2014695554971695,0.01757895201444626
12,EffNet_Original + EffNet_Original,14,0,0,0.9974940419197083,0.0015592549461871386,0.0009467217605561018
12,EffNet_Original + EffNet_Original,15,0,0,0.8023968935012817,0.06512145698070526,0.132481649518013
12,EffNet_Original + EffNet_Original,16,0,0,0.9094897508621216,0.03825434669852257,0.05225590243935585
12,EffNet_Original + EffNet_Original,17,0,0,0.9902945756912231,0.004936380311846733,0.00476897181943059
12,EffNet_Original + EffNet_Original,18,1,1,0.18647713959217072,0.7928487658500671,0.020674118772149086
12,EffNet_Original + EffNet_Original,19,1,1,2.4590415705461055e-05,0.9999624490737915,1.296391201321967e-05
12,EffNet_Original + EffNet_Original,20,1,1,0.002132932422682643,0.9972348809242249,0.0006322228582575917
12,EffNet_Original + EffNet_Original,21,1,1,0.03880111873149872,0.7824094891548157,0.17878937721252441
12,EffNet_Original + EffNet_Original,22,1,1,0.012871172279119492,0.9844225645065308,0.0027062869630753994
12,EffNet_Original + EffNet_Original,23,1,1,0.11418203264474869,0.8472281694412231,0.03858982026576996
12,EffNet_Original + EffNet_Original,24,1,1,0.04748419672250748,0.7430508732795715,0.2094649225473404
12,EffNet_Original + EffNet_Original,25,1,1,0.00047607102897018194,0.9987931847572327,0.0007307574269361794
12,EffNet_Original + EffNet_Original,26,1,1,0.001280263182707131,0.997744083404541,0.0009756547515280545
12,EffNet_Original + EffNet_Original,27,1,1,6.197303446242586e-05,0.9993841648101807,0.0005538724944926798
12,EffNet_Original + EffNet_Original,28,1,1,0.0422796756029129,0.9538699984550476,0.003850349225103855
12,EffNet_Original + EffNet_Original,29,1,1,0.0016977643826976418,0.9959272742271423,0.002374995732679963
12,EffNet_Original + EffNet_Original,30,1,1,0.0035054779145866632,0.9429483413696289,0.05354621633887291
12,EffNet_Original + EffNet_Original,31,1,2,0.11057069152593613,0.301816463470459,0.5876128673553467
12,EffNet_RecPlot + EffNet_RecPlot,0,0,2,0.01027145329862833,0.0011690915562212467,0.9885594248771667
12,EffNet_RecPlot + EffNet_RecPlot,1,0,1,0.26992908120155334,0.6456944942474365,0.08437643200159073
12,EffNet_RecPlot + EffNet_RecPlot,2,0,2,0.37199121713638306,0.002201695926487446,0.6258070468902588
12,EffNet_RecPlot + EffNet_RecPlot,3,0,1,0.08020135760307312,0.9101231694221497,0.009675532579421997
12,EffNet_RecPlot + EffNet_RecPlot,4,0,0,0.9989010095596313,0.0008735944284126163,0.00022544609964825213
12,EffNet_RecPlot + EffNet_RecPlot,5,0,0,0.9973798990249634,0.0008442471153102815,0.0017758781323209405
12,EffNet_RecPlot + EffNet_RecPlot,6,0,0,0.9962399005889893,0.0014828316634520888,0.0022772459778934717
12,EffNet_RecPlot + EffNet_RecPlot,7,0,1,0.03520893305540085,0.9575246572494507,0.007266419939696789
12,EffNet_RecPlot + EffNet_RecPlot,8,0,0,0.5592555403709412,0.009040238335728645,0.4317042827606201
12,EffNet_RecPlot + EffNet_RecPlot,9,0,2,0.4369373321533203,0.008279374800622463,0.5547833442687988
12,EffNet_RecPlot + EffNet_RecPlot,10,0,0,0.9985795021057129,0.0005381401279009879,0.0008823999669402838
12,EffNet_RecPlot + EffNet_RecPlot,11,0,1,0.011108512990176678,0.9849564433097839,0.003935069777071476
12,EffNet_RecPlot + EffNet_RecPlot,12,0,0,0.9964686632156372,0.0018620612099766731,0.0016692794160917401
12,EffNet_RecPlot + EffNet_RecPlot,13,0,0,0.9085296988487244,0.0031154181342571974,0.08835489302873611
12,EffNet_RecPlot + EffNet_RecPlot,14,0,0,0.9564281105995178,0.039382196962833405,0.00418967055156827
12,EffNet_RecPlot + EffNet_RecPlot,15,0,1,0.009676411747932434,0.9684259295463562,0.021897703409194946
12,EffNet_RecPlot + EffNet_RecPlot,16,0,0,0.9571998715400696,0.001397309242747724,0.04140283167362213
12,EffNet_RecPlot + EffNet_RecPlot,17,0,0,0.9959333539009094,0.002855891827493906,0.0012107347138226032
12,EffNet_RecPlot + EffNet_RecPlot,18,1,0,0.6090365052223206,0.36764007806777954,0.023323358967900276
12,EffNet_RecPlot + EffNet_RecPlot,19,1,1,0.0009260390652343631,0.9966412782669067,0.0024326900020241737
12,EffNet_RecPlot + EffNet_RecPlot,20,1,1,0.11583415418863297,0.8358609676361084,0.048304904252290726
12,EffNet_RecPlot + EffNet_RecPlot,21,1,1,0.002425150712952018,0.9581446051597595,0.03943027928471565
12,EffNet_RecPlot + EffNet_RecPlot,22,1,1,0.0020399929489940405,0.9956825375556946,0.002277485327795148
12,EffNet_RecPlot + EffNet_RecPlot,23,1,0,0.36840686202049255,0.3277728259563446,0.3038203716278076
12,EffNet_RecPlot + EffNet_RecPlot,24,1,1,0.00655118003487587,0.9925506114959717,0.0008981577702797949
12,EffNet_RecPlot + EffNet_RecPlot,25,1,1,0.0008303702343255281,0.9989129304885864,0.0002567458141129464
12,EffNet_RecPlot + EffNet_RecPlot,26,1,0,0.6170152425765991,0.2843392789363861,0.09864545613527298
12,EffNet_RecPlot + EffNet_RecPlot,27,1,1,0.006402535829693079,0.7725120782852173,0.22108538448810577
12,EffNet_RecPlot + EffNet_RecPlot,28,1,1,0.01351612713187933,0.9509660601615906,0.03551782667636871
12,EffNet_RecPlot + EffNet_RecPlot,29,1,1,0.0002784174575936049,0.9991993308067322,0.0005223036860115826
12,EffNet_RecPlot + EffNet_RecPlot,30,1,1,0.0007354315021075308,0.9990428686141968,0.00022170462762005627
12,EffNet_RecPlot + EffNet_RecPlot,31,1,1,0.0010512308217585087,0.9976806044578552,0.001268155756406486
12,MobileNet_Original + MobileNet_RecPlot,32,1,1,0.011292790994048119,0.9742404222488403,0.014466755092144012
12,MobileNet_Original + MobileNet_RecPlot,33,1,1,0.0038532933685928583,0.9884817600250244,0.00766497477889061
12,MobileNet_Original + MobileNet_RecPlot,34,1,1,0.0754629522562027,0.8674032092094421,0.05713383108377457
12,MobileNet_Original + MobileNet_RecPlot,35,1,1,0.014435164630413055,0.953171968460083,0.03239285200834274
12,MobileNet_Original + MobileNet_RecPlot,36,1,1,0.25245606899261475,0.5943353176116943,0.15320870280265808
12,MobileNet_Original + MobileNet_RecPlot,37,1,1,0.0029902311507612467,0.9941891431808472,0.0028205595444887877
12,MobileNet_Original + MobileNet_RecPlot,38,1,1,0.06917298585176468,0.8936076760292053,0.03721937537193298
12,MobileNet_Original + MobileNet_RecPlot,39,1,1,0.05254088342189789,0.7564361691474915,0.19102296233177185
12,MobileNet_Original + MobileNet_RecPlot,40,1,1,0.16051077842712402,0.7947693467140198,0.044719867408275604
12,MobileNet_Original + MobileNet_RecPlot,41,1,2,0.01517784595489502,0.49055546522140503,0.49426665902137756
12,MobileNet_Original + MobileNet_RecPlot,42,1,1,0.03576960787177086,0.9417071342468262,0.0225233007222414
12,MobileNet_Original + MobileNet_RecPlot,43,1,1,0.08629123866558075,0.8775316476821899,0.03617706894874573
12,MobileNet_Original + MobileNet_RecPlot,44,1,1,0.011544737964868546,0.9731838703155518,0.015271395444869995
12,MobileNet_Original + MobileNet_RecPlot,45,1,1,0.3381425142288208,0.6445138454437256,0.017343709245324135
12,MobileNet_Original + MobileNet_RecPlot,46,1,1,0.017272597178816795,0.9553101062774658,0.027417294681072235
12,MobileNet_Original + MobileNet_RecPlot,47,2,2,0.0222918838262558,0.02657993882894516,0.9511281847953796
12,MobileNet_Original + MobileNet_RecPlot,48,2,2,0.0503804050385952,0.021501721814274788,0.9281178712844849
12,MobileNet_Original + MobileNet_RecPlot,49,2,1,0.12325172126293182,0.43850216269493103,0.43824610114097595
12,MobileNet_Original + MobileNet_RecPlot,50,2,2,0.0807470977306366,0.10671788454055786,0.8125350475311279
12,MobileNet_Original + MobileNet_RecPlot,51,2,2,0.2340996116399765,0.22795838117599487,0.5379419922828674
12,MobileNet_Original + MobileNet_RecPlot,52,2,2,0.04276952147483826,0.3590245842933655,0.5982059240341187
12,MobileNet_Original + MobileNet_RecPlot,53,2,2,0.35536426305770874,0.04671555012464523,0.5979201793670654
12,MobileNet_Original + MobileNet_RecPlot,54,2,2,0.021775182336568832,0.05100806802511215,0.9272167682647705
12,MobileNet_Original + MobileNet_RecPlot,55,2,0,0.6653463840484619,0.050281740725040436,0.28437188267707825
12,MobileNet_Original + MobileNet_RecPlot,56,2,2,0.1080007404088974,0.029083145782351494,0.862916111946106
12,MobileNet_Original + MobileNet_RecPlot,57,2,1,0.06982019543647766,0.48106008768081665,0.4491196870803833
12,MobileNet_Original + MobileNet_RecPlot,58,2,2,0.2959054708480835,0.06712180376052856,0.6369727253913879
12,MobileNet_Original + EffNet_Original,32,1,1,0.03771664574742317,0.835272490978241,0.12701089680194855
12,MobileNet_Original + EffNet_Original,33,1,1,0.00172028923407197,0.9722163081169128,0.026063423603773117
12,MobileNet_Original + EffNet_Original,34,1,1,0.012498928233981133,0.9393208622932434,0.0481802374124527
12,MobileNet_Original + EffNet_Original,35,1,1,0.003516716882586479,0.9616655111312866,0.03481779992580414
12,MobileNet_Original + EffNet_Original,36,1,1,0.002018726896494627,0.9965952634811401,0.0013860153267160058
12,MobileNet_Original + EffNet_Original,37,1,1,0.0011563746957108378,0.996685802936554,0.002157848095521331
12,MobileNet_Original + EffNet_Original,38,1,1,0.0677480697631836,0.9005876183509827,0.031664326786994934
12,MobileNet_Original + EffNet_Original,39,1,1,0.026309816166758537,0.941131591796875,0.032558590173721313
12,MobileNet_Original + EffNet_Original,40,1,1,0.003851033980026841,0.991654098033905,0.004494886379688978
12,MobileNet_Original + EffNet_Original,41,1,1,0.004758361726999283,0.9866878390312195,0.008553807623684406
12,MobileNet_Original + EffNet_Original,42,1,1,0.0043527730740606785,0.9932835102081299,0.0023637297563254833
12,MobileNet_Original + EffNet_Original,43,1,1,0.05463806912302971,0.9153491854667664,0.030012723058462143
12,MobileNet_Original + EffNet_Original,44,1,1,0.009385578334331512,0.9775958061218262,0.013018657453358173
12,MobileNet_Original + EffNet_Original,45,1,1,0.033709075301885605,0.958788275718689,0.007502698339521885
12,MobileNet_Original + EffNet_Original,46,1,1,0.015316002070903778,0.9588678479194641,0.025816116482019424
12,MobileNet_Original + EffNet_Original,47,2,2,0.014814434573054314,0.044522617012262344,0.9406629800796509
12,MobileNet_Original + EffNet_Original,48,2,2,0.032628629356622696,0.018803412094712257,0.9485679268836975
12,MobileNet_Original + EffNet_Original,49,2,2,0.04571639001369476,0.06324189156293869,0.8910417556762695
12,MobileNet_Original + EffNet_Original,50,2,2,0.0383337065577507,0.045777108520269394,0.9158891439437866
12,MobileNet_Original + EffNet_Original,51,2,2,0.39117997884750366,0.15522553026676178,0.45359450578689575
12,MobileNet_Original + EffNet_Original,52,2,2,0.025699209421873093,0.20121340453624725,0.7730873823165894
12,MobileNet_Original + EffNet_Original,53,2,2,0.4089132249355316,0.01689121313393116,0.5741956233978271
12,MobileNet_Original + EffNet_Original,54,2,2,0.03668292611837387,0.020726464688777924,0.9425906538963318
12,MobileNet_Original + EffNet_Original,55,2,0,0.74598228931427,0.011727845296263695,0.24228984117507935
12,MobileNet_Original + EffNet_Original,56,2,2,0.12604472041130066,0.009342849254608154,0.8646124005317688
12,MobileNet_Original + EffNet_Original,57,2,2,0.030748585239052773,0.11998418718576431,0.8492672443389893
12,MobileNet_Original + EffNet_Original,58,2,2,0.006406929809600115,0.0018762719118967652,0.9917168021202087
12,MobileNet_Original + EffNet_RecPlot,32,1,1,0.003091005142778158,0.9910635948181152,0.005845407955348492
12,MobileNet_Original + EffNet_RecPlot,33,1,1,0.0013562161475419998,0.9923720359802246,0.006271666381508112
12,MobileNet_Original + EffNet_RecPlot,34,1,1,0.010701609775424004,0.9652621746063232,0.024036245420575142
12,MobileNet_Original + EffNet_RecPlot,35,1,1,0.002482463838532567,0.9730551838874817,0.02446235716342926
12,MobileNet_Original + EffNet_RecPlot,36,1,1,0.34176748991012573,0.4981063902378082,0.16012610495090485
12,MobileNet_Original + EffNet_RecPlot,37,1,1,0.000826284580398351,0.9970883131027222,0.002085387706756592
12,MobileNet_Original + EffNet_RecPlot,38,1,1,0.06633199006319046,0.9034768342971802,0.030191173776984215
12,MobileNet_Original + EffNet_RecPlot,39,1,1,0.05801442638039589,0.9023517370223999,0.039633769541978836
12,MobileNet_Original + EffNet_RecPlot,40,1,1,0.017551239579916,0.9692529439926147,0.013195790350437164
12,MobileNet_Original + EffNet_RecPlot,41,1,2,0.005419066641479731,0.48753857612609863,0.5070423483848572
12,MobileNet_Original + EffNet_RecPlot,42,1,1,0.0033447251189500093,0.9942981600761414,0.0023571548517793417
12,MobileNet_Original + EffNet_RecPlot,43,1,1,0.08749285340309143,0.8827571272850037,0.029750050976872444
12,MobileNet_Original + EffNet_RecPlot,44,1,1,0.010491833090782166,0.9753017425537109,0.0142063545063138
12,MobileNet_Original + EffNet_RecPlot,45,1,1,0.07263562083244324,0.8837282657623291,0.04363606125116348
12,MobileNet_Original + EffNet_RecPlot,46,1,1,0.010728099383413792,0.9709662199020386,0.01830565556883812
12,MobileNet_Original + EffNet_RecPlot,47,2,2,0.016352424398064613,0.025820452719926834,0.957827091217041
12,MobileNet_Original + EffNet_RecPlot,48,2,2,0.032698098570108414,0.01783565990626812,0.9494662284851074
12,MobileNet_Original + EffNet_RecPlot,49,2,1,0.07099351286888123,0.5127919912338257,0.4162144958972931
12,MobileNet_Original + EffNet_RecPlot,50,2,2,0.11591628193855286,0.038730647414922714,0.8453530073165894
12,MobileNet_Original + EffNet_RecPlot,51,2,2,0.2012709677219391,0.15099918842315674,0.6477298140525818
12,MobileNet_Original + EffNet_RecPlot,52,2,2,0.06611920893192291,0.1992991715669632,0.7345815896987915
12,MobileNet_Original + EffNet_RecPlot,53,2,2,0.3480205237865448,0.014334999956190586,0.6376445293426514
12,MobileNet_Original + EffNet_RecPlot,54,2,2,0.01755412667989731,0.010423421859741211,0.9720224738121033
12,MobileNet_Original + EffNet_RecPlot,55,2,1,0.34770649671554565,0.3688996434211731,0.28339385986328125
12,MobileNet_Original + EffNet_RecPlot,56,2,2,0.10431695729494095,0.00872902199625969,0.8869540095329285
12,MobileNet_Original + EffNet_RecPlot,57,2,2,0.023222826421260834,0.14515109360218048,0.8316261172294617
12,MobileNet_Original + EffNet_RecPlot,58,2,0,0.4992166757583618,0.0017961454577744007,0.4989871680736542
12,MobileNet_RecPlot + EffNet_Original,32,1,1,0.04518376290798187,0.8218446373939514,0.13297156989574432
12,MobileNet_RecPlot + EffNet_Original,33,1,1,0.003805144689977169,0.974643349647522,0.02155149355530739
12,MobileNet_RecPlot + EffNet_Original,34,1,1,0.07316762208938599,0.8672405481338501,0.059591807425022125
12,MobileNet_RecPlot + EffNet_Original,35,1,1,0.013199970126152039,0.9680322408676147,0.018767746165394783
12,MobileNet_RecPlot + EffNet_Original,36,1,1,0.25128674507141113,0.5959298610687256,0.15278340876102448
12,MobileNet_RecPlot + EffNet_Original,37,1,1,0.0026314540300518274,0.9963780641555786,0.0009904985781759024
12,MobileNet_RecPlot + EffNet_Original,38,1,1,0.00603257492184639,0.9849270582199097,0.00904030166566372
12,MobileNet_RecPlot + EffNet_Original,39,1,1,0.029563870280981064,0.8088704347610474,0.16156569123268127
12,MobileNet_RecPlot + EffNet_Original,40,1,1,0.15772953629493713,0.8014137148857117,0.04085665941238403
12,MobileNet_RecPlot + EffNet_Original,41,1,1,0.010920463129878044,0.5030045509338379,0.4860750138759613
12,MobileNet_RecPlot + EffNet_Original,42,1,1,0.035270627588033676,0.9433147311210632,0.02141464874148369
12,MobileNet_RecPlot + EffNet_Original,43,1,1,0.037448614835739136,0.9550967812538147,0.0074546500109136105
12,MobileNet_RecPlot + EffNet_Original,44,1,1,0.0036417078226804733,0.9936790466308594,0.0026792590506374836
12,MobileNet_RecPlot + EffNet_Original,45,1,1,0.3502962589263916,0.6374239921569824,0.012279783375561237
12,MobileNet_RecPlot + EffNet_Original,46,1,1,0.011290868744254112,0.9719613790512085,0.01674775779247284
12,MobileNet_RecPlot + EffNet_Original,47,2,2,0.012380214408040047,0.02104896679520607,0.9665707945823669
12,MobileNet_RecPlot + EffNet_Original,48,2,2,0.02076807990670204,0.005225300323218107,0.9740066528320312
12,MobileNet_RecPlot + EffNet_Original,49,2,2,0.09562630951404572,0.38844528794288635,0.5159283876419067
12,MobileNet_RecPlot + EffNet_Original,50,2,2,0.0832563042640686,0.07589908689260483,0.8408446311950684
12,MobileNet_RecPlot + EffNet_Original,51,2,2,0.2244463711977005,0.08401589840650558,0.6915377378463745
12,MobileNet_RecPlot + EffNet_Original,52,2,2,0.025287574157118797,0.22593750059604645,0.7487749457359314
12,MobileNet_RecPlot + EffNet_Original,53,2,2,0.08348289877176285,0.03605639934539795,0.8804607391357422
12,MobileNet_RecPlot + EffNet_Original,54,2,2,0.025618281215429306,0.05293150991201401,0.9214502573013306
12,MobileNet_RecPlot + EffNet_Original,55,2,0,0.8504178524017334,0.04300855100154877,0.10657358169555664
12,MobileNet_RecPlot + EffNet_Original,56,2,2,0.027292391285300255,0.0298649650067091,0.9428426623344421
12,MobileNet_RecPlot + EffNet_Original,57,2,2,0.05924605578184128,0.4067606031894684,0.5339933037757874
12,MobileNet_RecPlot + EffNet_Original,58,2,2,0.29941728711128235,0.06808975338935852,0.6324929594993591
12,MobileNet_RecPlot + EffNet_RecPlot,32,1,1,0.010558129288256168,0.9776358008384705,0.011806096881628036
12,MobileNet_RecPlot + EffNet_RecPlot,33,1,1,0.003441071603447199,0.9947991967201233,0.001759736449457705
12,MobileNet_RecPlot + EffNet_RecPlot,34,1,1,0.07137030363082886,0.8931818604469299,0.03544782102108002
12,MobileNet_RecPlot + EffNet_RecPlot,35,1,1,0.012165718711912632,0.9794219732284546,0.00841230433434248
12,MobileNet_RecPlot + EffNet_RecPlot,36,1,0,0.5910355448722839,0.09744098037481308,0.31152352690696716
12,MobileNet_RecPlot + EffNet_RecPlot,37,1,1,0.0023013639729470015,0.9967806339263916,0.0009180382476188242
12,MobileNet_RecPlot + EffNet_RecPlot,38,1,1,0.004616490565240383,0.987816333770752,0.007567150518298149
12,MobileNet_RecPlot + EffNet_RecPlot,39,1,1,0.06126847863197327,0.7700905799865723,0.1686408668756485
12,MobileNet_RecPlot + EffNet_RecPlot,40,1,1,0.17142975330352783,0.7790126800537109,0.04955756664276123
12,MobileNet_RecPlot + EffNet_RecPlot,41,1,2,0.01158116851001978,0.0038553006015717983,0.9845635294914246
12,MobileNet_RecPlot + EffNet_RecPlot,42,1,1,0.034262578934431076,0.9443293213844299,0.021408073604106903
12,MobileNet_RecPlot + EffNet_RecPlot,43,1,1,0.07030339539051056,0.9225046634674072,0.0071919760666787624
12,MobileNet_RecPlot + EffNet_RecPlot,44,1,1,0.004747963510453701,0.9913851022720337,0.0038669577334076166
12,MobileNet_RecPlot + EffNet_RecPlot,45,1,1,0.38922280073165894,0.5623640418052673,0.048413150012493134
12,MobileNet_RecPlot + EffNet_RecPlot,46,1,1,0.0067029655911028385,0.984059751033783,0.009237297810614109
12,MobileNet_RecPlot + EffNet_RecPlot,47,2,2,0.013918206095695496,0.0023468066938221455,0.9837349653244019
12,MobileNet_RecPlot + EffNet_RecPlot,48,2,2,0.02083754725754261,0.004257547669112682,0.9749048948287964
12,MobileNet_RecPlot + EffNet_RecPlot,49,2,1,0.12090343236923218,0.8379953503608704,0.04110123962163925
12,MobileNet_RecPlot + EffNet_RecPlot,50,2,2,0.16083888709545135,0.06885263323783875,0.7703084945678711
12,MobileNet_RecPlot + EffNet_RecPlot,51,2,2,0.03453736752271652,0.07978954911231995,0.8856731057167053
12,MobileNet_RecPlot + EffNet_RecPlot,52,2,2,0.06570757180452347,0.2240232527256012,0.7102691531181335
12,MobileNet_RecPlot + EffNet_RecPlot,53,2,2,0.022590195760130882,0.03350018709897995,0.9439096450805664
12,MobileNet_RecPlot + EffNet_RecPlot,54,2,2,0.0064894817769527435,0.042628467082977295,0.950882077217102
12,MobileNet_RecPlot + EffNet_RecPlot,55,2,0,0.45214205980300903,0.4001803398132324,0.14767760038375854
12,MobileNet_RecPlot + EffNet_RecPlot,56,2,2,0.0055646225810050964,0.029251139611005783,0.9651842713356018
12,MobileNet_RecPlot + EffNet_RecPlot,57,2,2,0.05172029510140419,0.43192750215530396,0.5163521766662598
12,MobileNet_RecPlot + EffNet_RecPlot,58,2,0,0.792227029800415,0.0680096298456192,0.13976335525512695
12,EffNet_Original + EffNet_RecPlot,32,1,1,0.0369819775223732,0.8386677503585815,0.12435022741556168
12,EffNet_Original + EffNet_RecPlot,33,1,1,0.0013080674689263105,0.9785337448120117,0.020158184692263603
12,EffNet_Original + EffNet_RecPlot,34,1,1,0.008406274020671844,0.9650995135307312,0.026494227349758148
12,EffNet_Original + EffNet_RecPlot,35,1,1,0.0012472702655941248,0.9879154562950134,0.010837250389158726
12,EffNet_Original + EffNet_RecPlot,36,1,1,0.3405981957912445,0.49970099329948425,0.15970082581043243
12,EffNet_Original + EffNet_RecPlot,37,1,1,0.0004675069358199835,0.9992771744728088,0.00025532671133987606
12,EffNet_Original + EffNet_RecPlot,38,1,1,0.003191584488376975,0.9947963356971741,0.0020121061243116856
12,EffNet_Original + EffNet_RecPlot,39,1,1,0.03503742814064026,0.9547861218452454,0.010176504962146282
12,EffNet_Original + EffNet_RecPlot,40,1,1,0.014770006760954857,0.9758974313735962,0.009332582354545593
12,EffNet_Original + EffNet_RecPlot,41,1,1,0.0011616835836321115,0.4999876320362091,0.49885067343711853
12,EffNet_Original + EffNet_RecPlot,42,1,1,0.0028457483276724815,0.9959057569503784,0.0012485048500820994
12,EffNet_Original + EffNet_RecPlot,43,1,1,0.03865021839737892,0.9603221416473389,0.0010276271495968103
12,EffNet_Original + EffNet_RecPlot,44,1,1,0.002588804578408599,0.9957969784736633,0.001614220323972404
12,EffNet_Original + EffNet_RecPlot,45,1,1,0.08478936553001404,0.8766384124755859,0.03857213631272316
12,EffNet_Original + EffNet_RecPlot,46,1,1,0.0047463709488511086,0.9876174926757812,0.007636119145900011
12,EffNet_Original + EffNet_RecPlot,47,2,2,0.006440754979848862,0.020289482548832893,0.9732697606086731
12,EffNet_Original + EffNet_RecPlot,48,2,2,0.003085772506892681,0.0015592384152114391,0.9953550100326538
12,EffNet_Original + EffNet_RecPlot,49,2,2,0.04336810111999512,0.462735116481781,0.49389681220054626
12,EffNet_Original + EffNet_RecPlot,50,2,2,0.11842550337314606,0.007911852560937405,0.8736627101898193
12,EffNet_Original + EffNet_RecPlot,51,2,2,0.19161772727966309,0.007056705188006163,0.8013255596160889
12,EffNet_Original + EffNet_RecPlot,52,2,2,0.048637259751558304,0.06621205806732178,0.885150671005249
12,EffNet_Original + EffNet_RecPlot,53,2,2,0.07613912969827652,0.0036758463829755783,0.9201849699020386
12,EffNet_Original + EffNet_RecPlot,54,2,2,0.02139722742140293,0.012346864677965641,0.9662559628486633
12,EffNet_Original + EffNet_RecPlot,55,2,0,0.5327779650688171,0.36162644624710083,0.10559557378292084
12,EffNet_Original + EffNet_RecPlot,56,2,2,0.023608608171343803,0.009510843083262444,0.9668805599212646
12,EffNet_Original + EffNet_RecPlot,57,2,2,0.012648683041334152,0.07085158675909042,0.9164997339248657
12,EffNet_Original + EffNet_RecPlot,58,2,0,0.5027285218238831,0.0027640953194350004,0.49450740218162537
12,MobileNet_Original + MobileNet_Original,32,1,1,0.003825668478384614,0.9876682758331299,0.008506068028509617
12,MobileNet_Original + MobileNet_Original,33,1,1,0.001768438029102981,0.9860547184944153,0.012176905758678913
12,MobileNet_Original + MobileNet_Original,34,1,1,0.014794263057410717,0.9394834041595459,0.04572225362062454
12,MobileNet_Original + MobileNet_Original,35,1,1,0.004751909989863634,0.9468051195144653,0.04844290018081665
12,MobileNet_Original + MobileNet_Original,36,1,1,0.0031880189199000597,0.9950007200241089,0.0018112948164343834
12,MobileNet_Original + MobileNet_Original,37,1,1,0.0015151521656662226,0.9944968819618225,0.0039879088290035725
12,MobileNet_Original + MobileNet_Original,38,1,1,0.13088847696781158,0.8092681169509888,0.05984339490532875
12,MobileNet_Original + MobileNet_Original,39,1,1,0.04928682744503021,0.8886973261833191,0.06201585754752159
12,MobileNet_Original + MobileNet_Original,40,1,1,0.006632267031818628,0.9850096106529236,0.008358093909919262
12,MobileNet_Original + MobileNet_Original,41,1,1,0.009015745483338833,0.9742388129234314,0.01674545742571354
12,MobileNet_Original + MobileNet_Original,42,1,1,0.004851749632507563,0.991675853729248,0.00347237940877676
12,MobileNet_Original + MobileNet_Original,43,1,1,0.10348069667816162,0.8377841711044312,0.05873514339327812
12,MobileNet_Original + MobileNet_Original,44,1,1,0.017288608476519585,0.9571006298065186,0.025610793381929398
12,MobileNet_Original + MobileNet_Original,45,1,1,0.021555321291089058,0.9658780694007874,0.012566623277962208
12,MobileNet_Original + MobileNet_Original,46,1,1,0.02129773050546646,0.9422165751457214,0.03648565337061882
12,MobileNet_Original + MobileNet_Original,47,2,2,0.024726103991270065,0.050053585320711136,0.9252203106880188
12,MobileNet_Original + MobileNet_Original,48,2,2,0.062240954488515854,0.03507983312010765,0.9026792049407959
12,MobileNet_Original + MobileNet_Original,49,2,2,0.07334180921316147,0.11329878121614456,0.8133594393730164
12,MobileNet_Original + MobileNet_Original,50,2,2,0.03582450747489929,0.07659590989351273,0.887579619884491
12,MobileNet_Original + MobileNet_Original,51,2,0,0.40083321928977966,0.29916802048683167,0.2999987304210663
12,MobileNet_Original + MobileNet_Original,52,2,2,0.0431811586022377,0.33430051803588867,0.6225183606147766
12,MobileNet_Original + MobileNet_Original,53,2,0,0.6807946562767029,0.027550367638468742,0.291655033826828
12,MobileNet_Original + MobileNet_Original,54,2,2,0.0328398272395134,0.01880302093923092,0.9483571648597717
12,MobileNet_Original + MobileNet_Original,55,2,0,0.5609108209609985,0.019001036882400513,0.42008814215660095
12,MobileNet_Original + MobileNet_Original,56,2,2,0.20675307512283325,0.008561029098927975,0.7846859097480774
12,MobileNet_Original + MobileNet_Original,57,2,2,0.041322726756334305,0.19428367912769318,0.7643935680389404
12,MobileNet_Original + MobileNet_Original,58,2,2,0.0028951021376997232,0.0009083222830668092,0.9961965680122375
12,MobileNet_RecPlot + MobileNet_RecPlot,32,1,1,0.018759913742542267,0.9608126282691956,0.020427443087100983
12,MobileNet_RecPlot + MobileNet_RecPlot,33,1,1,0.005938148591667414,0.9909088015556335,0.0031530442647635937
12,MobileNet_RecPlot + MobileNet_RecPlot,34,1,1,0.1361316591501236,0.7953229546546936,0.06854540854692459
12,MobileNet_RecPlot + MobileNet_RecPlot,35,1,1,0.024118419736623764,0.9595387578010559,0.016342801973223686
12,MobileNet_RecPlot + MobileNet_RecPlot,36,1,0,0.5017240643501282,0.19366984069347382,0.3046060800552368
12,MobileNet_RecPlot + MobileNet_RecPlot,37,1,1,0.004465311300009489,0.9938815236091614,0.001653210143558681
12,MobileNet_RecPlot + MobileNet_RecPlot,38,1,1,0.007457481697201729,0.9779471755027771,0.014595347456634045
12,MobileNet_RecPlot + MobileNet_RecPlot,39,1,1,0.055794935673475266,0.6241750121116638,0.3200300633907318
12,MobileNet_RecPlot + MobileNet_RecPlot,40,1,1,0.31438928842544556,0.604529082775116,0.08108164370059967
12,MobileNet_RecPlot + MobileNet_RecPlot,41,1,2,0.02133994735777378,0.00687218876555562,0.9717878699302673
12,MobileNet_RecPlot + MobileNet_RecPlot,42,1,1,0.0666874572634697,0.8917382955551147,0.04157421737909317
12,MobileNet_RecPlot + MobileNet_RecPlot,43,1,1,0.06910178810358047,0.9172792434692383,0.013618999160826206
12,MobileNet_RecPlot + MobileNet_RecPlot,44,1,1,0.005800867453217506,0.9892671704292297,0.004931997042149305
12,MobileNet_RecPlot + MobileNet_RecPlot,45,1,0,0.6547297239303589,0.32314956188201904,0.022120796144008636
12,MobileNet_RecPlot + MobileNet_RecPlot,46,1,1,0.013247462920844555,0.9684035778045654,0.01834893599152565
12,MobileNet_RecPlot + MobileNet_RecPlot,47,2,2,0.01985766552388668,0.0031062918715178967,0.9770360589027405
12,MobileNet_RecPlot + MobileNet_RecPlot,48,2,2,0.03851985186338425,0.007923608645796776,0.953556478023529
12,MobileNet_RecPlot + MobileNet_RecPlot,49,2,1,0.17316164076328278,0.7637055516242981,0.06313284486532211
12,MobileNet_RecPlot + MobileNet_RecPlot,50,2,2,0.1256696879863739,0.1368398666381836,0.7374904155731201
12,MobileNet_RecPlot + MobileNet_RecPlot,51,2,2,0.06736601144075394,0.15674874186515808,0.775885283946991
12,MobileNet_RecPlot + MobileNet_RecPlot,52,2,2,0.042357880622148514,0.3837486803531647,0.5738934278488159
12,MobileNet_RecPlot + MobileNet_RecPlot,53,2,2,0.029933957383036613,0.06588073819875717,0.9041852951049805
12,MobileNet_RecPlot + MobileNet_RecPlot,54,2,2,0.010710535570979118,0.08321311324834824,0.9060763716697693
12,MobileNet_RecPlot + MobileNet_RecPlot,55,2,0,0.7697819471359253,0.08156244456768036,0.14865560829639435
12,MobileNet_RecPlot + MobileNet_RecPlot,56,2,2,0.009248407557606697,0.04960526153445244,0.9411463141441345
12,MobileNet_RecPlot + MobileNet_RecPlot,57,2,1,0.09831766784191132,0.7678365111351013,0.13384583592414856
12,MobileNet_RecPlot + MobileNet_RecPlot,58,2,0,0.5889158248901367,0.13333529233932495,0.2777489423751831
12,EffNet_Original + EffNet_Original,32,1,1,0.07160761952400208,0.682876706123352,0.24551571905612946
12,EffNet_Original + EffNet_Original,33,1,1,0.0016721405554562807,0.9583778977394104,0.039949942380189896
12,EffNet_Original + EffNet_Original,34,1,1,0.010203592479228973,0.9391582012176514,0.050638217478990555
12,EffNet_Original + EffNet_Original,35,1,1,0.002281523309648037,0.9765257835388184,0.02119269408285618
12,EffNet_Original + EffNet_Original,36,1,1,0.0008494353387504816,0.9981898665428162,0.000960736011620611
12,EffNet_Original + EffNet_Original,37,1,1,0.0007975971093401313,0.9988746643066406,0.0003277871001046151
12,EffNet_Original + EffNet_Original,38,1,1,0.004607669543474913,0.9919071197509766,0.003485258435830474
12,EffNet_Original + EffNet_Original,39,1,1,0.003332805586978793,0.9935658574104309,0.0031013197731226683
12,EffNet_Original + EffNet_Original,40,1,1,0.0010698010446503758,0.9982985854148865,0.000631679140496999
12,EffNet_Original + EffNet_Original,41,1,1,0.0005009782034903765,0.9991368651390076,0.0003621579962782562
12,EffNet_Original + EffNet_Original,42,1,1,0.0038537965156137943,0.9948911666870117,0.0012550799874588847
12,EffNet_Original + EffNet_Original,43,1,1,0.005795443430542946,0.9929142594337463,0.0012903012102469802
12,EffNet_Original + EffNet_Original,44,1,1,0.0014825488906353712,0.998090922832489,0.00042652167030610144
12,EffNet_Original + EffNet_Original,45,1,1,0.045862827450037,0.9516984224319458,0.0024387731682509184
12,EffNet_Original + EffNet_Original,46,1,1,0.009334275498986244,0.9755191802978516,0.015146580524742603
12,EffNet_Original + EffNet_Original,47,2,2,0.0049027637578547,0.038991644978523254,0.9561055898666382
12,EffNet_Original + EffNet_Original,48,2,2,0.0030163053888827562,0.002526991069316864,0.9944567084312439
12,EffNet_Original + EffNet_Original,49,2,2,0.018090972676873207,0.013185002841055393,0.9687240123748779
12,EffNet_Original + EffNet_Original,50,2,2,0.04084290936589241,0.01495831087231636,0.944198727607727
12,EffNet_Original + EffNet_Original,51,2,2,0.38152673840522766,0.011283052153885365,0.6071902513504028
12,EffNet_Original + EffNet_Original,52,2,2,0.008217263035476208,0.06812629103660583,0.9236564636230469
12,EffNet_Original + EffNet_Original,53,2,2,0.13703182339668274,0.00623205816373229,0.8567360639572144
12,EffNet_Original + EffNet_Original,54,2,2,0.040526024997234344,0.02264990471303463,0.9368240237236023
12,EffNet_Original + EffNet_Original,55,2,0,0.9310537576675415,0.004454653710126877,0.06449154764413834
12,EffNet_Original + EffNet_Original,56,2,2,0.04533637315034866,0.010124670341610909,0.944538950920105
12,EffNet_Original + EffNet_Original,57,2,2,0.02017444185912609,0.045684684067964554,0.9341408610343933
12,EffNet_Original + EffNet_Original,58,2,2,0.00991875771433115,0.002844221657142043,0.9872370362281799
12,EffNet_RecPlot + EffNet_RecPlot,32,1,1,0.002356342040002346,0.9944589138031006,0.0031847485806792974
12,EffNet_RecPlot + EffNet_RecPlot,33,1,1,0.0009439944988116622,0.998689591884613,0.0003664286050479859
12,EffNet_RecPlot + EffNet_RecPlot,34,1,1,0.006608954630792141,0.991040825843811,0.002350234892219305
12,EffNet_RecPlot + EffNet_RecPlot,35,1,1,0.0002130172069882974,0.9993051886558533,0.00048180657904595137
12,EffNet_RecPlot + EffNet_RecPlot,36,1,0,0.6803469657897949,0.0012121014297008514,0.31844091415405273
12,EffNet_RecPlot + EffNet_RecPlot,37,1,1,0.00013741676229983568,0.9996797442436218,0.00018286632257513702
12,EffNet_RecPlot + EffNet_RecPlot,38,1,1,0.0017754993168637156,0.9976855516433716,0.0005389535799622536
12,EffNet_RecPlot + EffNet_RecPlot,39,1,1,0.06674203276634216,0.9160062074661255,0.01725168712437153
12,EffNet_RecPlot + EffNet_RecPlot,40,1,1,0.02847021259367466,0.9534963369369507,0.018033485859632492
12,EffNet_RecPlot + EffNet_RecPlot,41,1,2,0.0018223889637738466,0.0008384124957956374,0.9973391890525818
12,EffNet_RecPlot + EffNet_RecPlot,42,1,1,0.0018377004889771342,0.9969204068183899,0.001241929829120636
12,EffNet_RecPlot + EffNet_RecPlot,43,1,1,0.07150499522686005,0.9277300238609314,0.0007649532635696232
12,EffNet_RecPlot + EffNet_RecPlot,44,1,1,0.0036950602661818266,0.9935030341148376,0.002801918890327215
12,EffNet_RecPlot + EffNet_RecPlot,45,1,1,0.12371591478586197,0.8015785813331604,0.07470550388097763
12,EffNet_RecPlot + EffNet_RecPlot,46,1,1,0.000158467679284513,0.9997158646583557,0.0001256586838280782
12,EffNet_RecPlot + EffNet_RecPlot,47,2,2,0.007978745736181736,0.0015873213997110724,0.990433931350708
12,EffNet_RecPlot + EffNet_RecPlot,48,2,2,0.0031552393920719624,0.0005914858193136752,0.996253252029419
12,EffNet_RecPlot + EffNet_RecPlot,49,2,1,0.06864522397518158,0.9122851490974426,0.01906963437795639
12,EffNet_RecPlot + EffNet_RecPlot,50,2,2,0.1960080862045288,0.000865392736159265,0.8031265735626221
12,EffNet_RecPlot + EffNet_RecPlot,51,2,2,0.0017087268643081188,0.0028303584549576044,0.9954609274864197
12,EffNet_RecPlot + EffNet_RecPlot,52,2,2,0.08905725926160812,0.06429783254861832,0.8466448783874512
12,EffNet_RecPlot + EffNet_RecPlot,53,2,2,0.015246432274580002,0.0011196343693882227,0.9836338758468628
12,EffNet_RecPlot + EffNet_RecPlot,54,2,2,0.002268427750095725,0.0020438223145902157,0.9956877827644348
12,EffNet_RecPlot + EffNet_RecPlot,55,2,1,0.13450215756893158,0.7187982797622681,0.14669962227344513
12,EffNet_RecPlot + EffNet_RecPlot,56,2,2,0.0018808379536494613,0.008897014893591404,0.9892221689224243
12,EffNet_RecPlot + EffNet_RecPlot,57,2,2,0.0051229242235422134,0.09601849317550659,0.8988586068153381
12,EffNet_RecPlot + EffNet_RecPlot,58,2,0,0.9955382347106934,0.002683968748897314,0.0017777597531676292
42,MobileNet_Original + MobileNet_RecPlot,0,0,0,0.46961498260498047,0.2667800188064575,0.263604998588562
42,MobileNet_Original + MobileNet_RecPlot,1,0,2,0.22080735862255096,0.28988251090049744,0.4893101751804352
42,MobileNet_Original + MobileNet_RecPlot,2,0,2,0.3947821855545044,0.09716472029685974,0.5080530643463135
42,MobileNet_Original + MobileNet_RecPlot,3,0,0,0.5441678762435913,0.3386111259460449,0.11722102016210556
42,MobileNet_Original + MobileNet_RecPlot,4,0,0,0.9673736691474915,0.014261001721024513,0.018365342170000076
42,MobileNet_Original + MobileNet_RecPlot,5,0,0,0.994717001914978,0.002133886329829693,0.0031491173431277275
42,MobileNet_Original + MobileNet_RecPlot,6,0,0,0.9848312139511108,0.006478129420429468,0.008690678514540195
42,MobileNet_Original + MobileNet_RecPlot,7,0,1,0.22913409769535065,0.7208220958709717,0.05004383251070976
42,MobileNet_Original + MobileNet_RecPlot,8,0,0,0.4760497808456421,0.27566778659820557,0.24828244745731354
42,MobileNet_Original + MobileNet_RecPlot,9,0,0,0.5560429692268372,0.3255310654640198,0.11842593550682068
42,MobileNet_Original + MobileNet_RecPlot,10,0,0,0.8667783141136169,0.07697495073080063,0.05624676123261452
42,MobileNet_Original + MobileNet_RecPlot,11,0,0,0.6059231162071228,0.34125521779060364,0.05282164365053177
42,MobileNet_Original + MobileNet_RecPlot,12,0,0,0.886513352394104,0.02379581704735756,0.08969081938266754
42,MobileNet_Original + MobileNet_RecPlot,13,0,0,0.6603457927703857,0.05384441092610359,0.28580984473228455
42,MobileNet_Original + MobileNet_RecPlot,14,0,0,0.9198495149612427,0.0459955669939518,0.03415485844016075
42,MobileNet_Original + MobileNet_RecPlot,15,0,0,0.43596118688583374,0.29491126537323,0.2691275477409363
42,MobileNet_Original + MobileNet_RecPlot,16,0,0,0.43338698148727417,0.21911324560642242,0.347499817609787
42,MobileNet_Original + MobileNet_RecPlot,17,0,0,0.8108509182929993,0.022086309269070625,0.16706280410289764
42,MobileNet_Original + MobileNet_RecPlot,18,1,1,0.03917672112584114,0.9485974907875061,0.012225811369717121
42,MobileNet_Original + MobileNet_RecPlot,19,1,1,0.04901103675365448,0.9217581748962402,0.029230773448944092
42,MobileNet_Original + MobileNet_RecPlot,20,1,1,0.0059331865049898624,0.9864240884780884,0.007642734330147505
42,MobileNet_Original + MobileNet_RecPlot,21,1,1,0.09862452745437622,0.7556145191192627,0.1457609236240387
42,MobileNet_Original + MobileNet_RecPlot,22,1,1,0.07266493886709213,0.8802931904792786,0.04704193025827408
42,MobileNet_Original + MobileNet_RecPlot,23,1,1,0.08994501829147339,0.7680060267448425,0.1420489400625229
42,MobileNet_Original + MobileNet_RecPlot,24,1,1,0.08845707774162292,0.8006669878959656,0.11087595671415329
42,MobileNet_Original + MobileNet_RecPlot,25,1,1,0.06471271812915802,0.9063153862953186,0.028971923515200615
42,MobileNet_Original + MobileNet_RecPlot,26,1,1,0.08976496011018753,0.848551332950592,0.06168368458747864
42,MobileNet_Original + MobileNet_RecPlot,27,1,1,0.10872691124677658,0.7352110147476196,0.15606211125850677
42,MobileNet_Original + MobileNet_RecPlot,28,1,1,0.09505259990692139,0.7917144298553467,0.11323299258947372
42,MobileNet_Original + MobileNet_RecPlot,29,1,1,0.007607257924973965,0.9642385244369507,0.028154166415333748
42,MobileNet_Original + MobileNet_RecPlot,30,1,1,0.09013089537620544,0.8157023191452026,0.09416678547859192
42,MobileNet_Original + MobileNet_RecPlot,31,1,1,0.03157816827297211,0.9393364787101746,0.029085317626595497
42,MobileNet_Original + EffNet_Original,0,0,0,0.7609251737594604,0.20026858150959015,0.0388062410056591
42,MobileNet_Original + EffNet_Original,1,0,0,0.6856912970542908,0.2860650420188904,0.02824365347623825
42,MobileNet_Original + EffNet_Original,2,0,0,0.8551857471466064,0.09119760990142822,0.05361664667725563
42,MobileNet_Original + EffNet_Original,3,0,0,0.5480892658233643,0.3765488564968109,0.07536183297634125
42,MobileNet_Original + EffNet_Original,4,0,0,0.9705803394317627,0.012616205029189587,0.016803400591015816
42,MobileNet_Original + EffNet_Original,5,0,0,0.9968812465667725,0.001283355406485498,0.0018354282947257161
42,MobileNet_Original + EffNet_Original,6,0,0,0.9930868148803711,0.004641049541532993,0.0022721036802977324
42,MobileNet_Original + EffNet_Original,7,0,0,0.36533892154693604,0.3347328305244446,0.2999282777309418
42,MobileNet_Original + EffNet_Original,8,0,0,0.6484645009040833,0.19470424950122833,0.15683123469352722
42,MobileNet_Original + EffNet_Original,9,0,0,0.770270586013794,0.12535031139850616,0.10437913239002228
42,MobileNet_Original + EffNet_Original,10,0,0,0.9091002941131592,0.06747385859489441,0.023425806313753128
42,MobileNet_Original + EffNet_Original,11,0,0,0.9369839429855347,0.011713778600096703,0.051302239298820496
42,MobileNet_Original + EffNet_Original,12,0,0,0.8946157693862915,0.020703690126538277,0.08468052744865417
42,MobileNet_Original + EffNet_Original,13,0,0,0.8380435705184937,0.04732988402247429,0.11462657153606415
42,MobileNet_Original + EffNet_Original,14,0,0,0.9883173108100891,0.005197920836508274,0.006484761368483305
42,MobileNet_Original + EffNet_Original,15,0,0,0.8326904773712158,0.01685177907347679,0.15045775473117828
42,MobileNet_Original + EffNet_Original,16,0,0,0.6599412560462952,0.07670489698648453,0.2633538246154785
42,MobileNet_Original + EffNet_Original,17,0,0,0.8151358366012573,0.020057575777173042,0.1648065745830536
42,MobileNet_Original + EffNet_Original,18,1,1,0.029974043369293213,0.9568296670913696,0.013196279294788837
42,MobileNet_Original + EffNet_Original,19,1,1,0.0006686803535558283,0.9986386895179749,0.0006926127825863659
42,MobileNet_Original + EffNet_Original,20,1,1,0.005419889930635691,0.9880926609039307,0.006487399805337191
42,MobileNet_Original + EffNet_Original,21,1,1,0.03228052705526352,0.8236172199249268,0.14410224556922913
42,MobileNet_Original + EffNet_Original,22,1,1,0.014207765460014343,0.9669902920722961,0.018801985308527946
42,MobileNet_Original + EffNet_Original,23,1,1,0.016233833506703377,0.9593514204025269,0.024414759129285812
42,MobileNet_Original + EffNet_Original,24,1,1,0.04975678771734238,0.8327392935752869,0.11750392615795135
42,MobileNet_Original + EffNet_Original,25,1,1,0.006453877314925194,0.9717284440994263,0.021817710250616074
42,MobileNet_Original + EffNet_Original,26,1,1,0.014417803846299648,0.9406453371047974,0.044936828315258026
42,MobileNet_Original + EffNet_Original,27,1,1,0.013552926480770111,0.9496010541915894,0.03684605658054352
42,MobileNet_Original + EffNet_Original,28,1,1,0.04188064858317375,0.9219002723693848,0.036219120025634766
42,MobileNet_Original + EffNet_Original,29,1,1,0.009185326285660267,0.9667288661003113,0.02408583089709282
42,MobileNet_Original + EffNet_Original,30,1,1,0.0797823816537857,0.7406741976737976,0.17954345047473907
42,MobileNet_Original + EffNet_Original,31,1,1,0.09617596864700317,0.7269464731216431,0.17687760293483734
42,MobileNet_Original + EffNet_RecPlot,0,0,0,0.4741838574409485,0.14873069524765015,0.377085417509079
42,MobileNet_Original + EffNet_RecPlot,1,0,0,0.4455837309360504,0.3280482888221741,0.2263680249452591
42,MobileNet_Original + EffNet_RecPlot,2,0,0,0.6937440037727356,0.09859628975391388,0.2076597362756729
42,MobileNet_Original + EffNet_RecPlot,3,0,0,0.6470122337341309,0.3159524202346802,0.03703535348176956
42,MobileNet_Original + EffNet_RecPlot,4,0,0,0.969088613986969,0.01302949246019125,0.017881887033581734
42,MobileNet_Original + EffNet_RecPlot,5,0,0,0.982099175453186,0.0054091415368020535,0.012491744942963123
42,MobileNet_Original + EffNet_RecPlot,6,0,0,0.9737448692321777,0.011987438425421715,0.014267737977206707
42,MobileNet_Original + EffNet_RecPlot,7,0,1,0.22658683359622955,0.7240994572639465,0.049313660711050034
42,MobileNet_Original + EffNet_RecPlot,8,0,0,0.7347208857536316,0.10798715054988861,0.15729191899299622
42,MobileNet_Original + EffNet_RecPlot,9,0,0,0.7012488842010498,0.1314517706632614,0.16729934513568878
42,MobileNet_Original + EffNet_RecPlot,10,0,0,0.9076923131942749,0.06819741427898407,0.024110237136483192
42,MobileNet_Original + EffNet_RecPlot,11,0,0,0.6190720200538635,0.35905447602272034,0.021873528137803078
42,MobileNet_Original + EffNet_RecPlot,12,0,0,0.8770188093185425,0.024315297603607178,0.09866593033075333
42,MobileNet_Original + EffNet_RecPlot,13,0,0,0.4967844486236572,0.05078809708356857,0.4524274468421936
42,MobileNet_Original + EffNet_RecPlot,14,0,0,0.973752498626709,0.017721695825457573,0.008525834418833256
42,MobileNet_Original + EffNet_RecPlot,15,0,1,0.40610891580581665,0.44551554322242737,0.14837554097175598
42,MobileNet_Original + EffNet_RecPlot,16,0,2,0.432847261428833,0.08603045344352722,0.48112231492996216
42,MobileNet_Original + EffNet_RecPlot,17,0,0,0.8058094382286072,0.020960543304681778,0.17323005199432373
42,MobileNet_Original + EffNet_RecPlot,18,1,1,0.019311554729938507,0.9718615412712097,0.008826889097690582
42,MobileNet_Original + EffNet_RecPlot,19,1,1,0.0021172557026147842,0.9968390464782715,0.0010437030578032136
42,MobileNet_Original + EffNet_RecPlot,20,1,1,0.02325381711125374,0.966266930103302,0.010479281656444073
42,MobileNet_Original + EffNet_RecPlot,21,1,1,0.02759169414639473,0.7200055718421936,0.25240272283554077
42,MobileNet_Original + EffNet_RecPlot,22,1,1,0.016091622412204742,0.9635426998138428,0.02036566101014614
42,MobileNet_Original + EffNet_RecPlot,23,1,1,0.028247524052858353,0.9358948469161987,0.03585761412978172
42,MobileNet_Original + EffNet_RecPlot,24,1,1,0.050262246280908585,0.8515994548797607,0.09813833236694336
42,MobileNet_Original + EffNet_RecPlot,25,1,1,0.0024684439413249493,0.9821645021438599,0.015367068350315094
42,MobileNet_Original + EffNet_RecPlot,26,1,1,0.014666417613625526,0.9312634468078613,0.05407009273767471
42,MobileNet_Original + EffNet_RecPlot,27,1,1,0.08755646646022797,0.8714474439620972,0.040996089577674866
42,MobileNet_Original + EffNet_RecPlot,28,1,1,0.05860082060098648,0.8957398533821106,0.045659296214580536
42,MobileNet_Original + EffNet_RecPlot,29,1,1,0.008828106336295605,0.9613562226295471,0.0298156701028347
42,MobileNet_Original + EffNet_RecPlot,30,1,1,0.05768410116434097,0.8587310314178467,0.08358485996723175
42,MobileNet_Original + EffNet_RecPlot,31,1,1,0.027642877772450447,0.9456567764282227,0.026700347661972046
42,MobileNet_RecPlot + EffNet_Original,0,0,0,0.5851984024047852,0.18128639459609985,0.23351524770259857
42,MobileNet_RecPlot + EffNet_Original,1,0,0,0.51366126537323,0.011235447600483894,0.47510331869125366
42,MobileNet_RecPlot + EffNet_Original,2,0,0,0.5378295183181763,0.007238526362925768,0.45493194460868835
42,MobileNet_RecPlot + EffNet_Original,3,0,0,0.7709070444107056,0.09212229400873184,0.1369706690311432
42,MobileNet_RecPlot + EffNet_Original,4,0,0,0.9945756196975708,0.0029490762390196323,0.0024753392208367586
42,MobileNet_RecPlot + EffNet_Original,5,0,0,0.9965037703514099,0.0012355056824162602,0.0022607680875808
42,MobileNet_RecPlot + EffNet_Original,6,0,0,0.9874768853187561,0.004912911914288998,0.007610213942825794
42,MobileNet_RecPlot + EffNet_Original,7,0,1,0.14408154785633087,0.6039023995399475,0.2520160675048828
42,MobileNet_RecPlot + EffNet_Original,8,0,0,0.616057276725769,0.2705700099468231,0.11337272822856903
42,MobileNet_RecPlot + EffNet_Original,9,0,0,0.7140857577323914,0.20649413764476776,0.07942008972167969
42,MobileNet_RecPlot + EffNet_Original,10,0,0,0.957165539264679,0.009710084646940231,0.03312436491250992
42,MobileNet_RecPlot + EffNet_Original,11,0,0,0.5895004868507385,0.33062124252319336,0.07987826317548752
42,MobileNet_RecPlot + EffNet_Original,12,0,0,0.985468864440918,0.005288107320666313,0.009243069216609001
42,MobileNet_RecPlot + EffNet_Original,13,0,0,0.8177428245544434,0.008074915036559105,0.17418228089809418
42,MobileNet_RecPlot + EffNet_Original,14,0,0,0.9309624433517456,0.041058070957660675,0.027979522943496704
42,MobileNet_RecPlot + EffNet_Original,15,0,0,0.5792824029922485,0.2826308608055115,0.1380867063999176
42,MobileNet_RecPlot + EffNet_Original,16,0,0,0.7595071792602539,0.1449253410100937,0.09556739777326584
42,MobileNet_RecPlot + EffNet_Original,17,0,0,0.9923095703125,0.002794802887365222,0.004895622842013836
42,MobileNet_RecPlot + EffNet_Original,18,1,1,0.04808172583580017,0.9428857564926147,0.009032508358359337
42,MobileNet_RecPlot + EffNet_Original,19,1,1,0.04881300777196884,0.9222924113273621,0.028894629329442978
42,MobileNet_RecPlot + EffNet_Original,20,1,1,0.003669779747724533,0.9934229254722595,0.0029072710312902927
42,MobileNet_RecPlot + EffNet_Original,21,1,1,0.09153378009796143,0.7520715594291687,0.15639464557170868
42,MobileNet_RecPlot + EffNet_Original,22,1,1,0.06128154695034027,0.9088108539581299,0.029907535761594772
42,MobileNet_RecPlot + EffNet_Original,23,1,1,0.07503630220890045,0.8045576810836792,0.12040603160858154
42,MobileNet_RecPlot + EffNet_Original,24,1,1,0.04206197336316109,0.9254372119903564,0.03250078111886978
42,MobileNet_RecPlot + EffNet_Original,25,1,1,0.06654830276966095,0.9133840203285217,0.02006768062710762
42,MobileNet_RecPlot + EffNet_Original,26,1,1,0.08273905515670776,0.8950952291488647,0.0221656896173954
42,MobileNet_RecPlot + EffNet_Original,27,1,1,0.09646974503993988,0.7816853523254395,0.12184491753578186
42,MobileNet_RecPlot + EffNet_Original,28,1,1,0.06013103947043419,0.8607054352760315,0.07916343212127686
42,MobileNet_RecPlot + EffNet_Original,29,1,1,0.003413267433643341,0.9815497398376465,0.015037035569548607
42,MobileNet_RecPlot + EffNet_Original,30,1,1,0.0584782138466835,0.8347451090812683,0.106776662170887
42,MobileNet_RecPlot + EffNet_Original,31,1,1,0.07340133935213089,0.7736465930938721,0.15295207500457764
42,MobileNet_RecPlot + EffNet_RecPlot,0,0,2,0.2984570860862732,0.12974850833415985,0.5717943906784058
42,MobileNet_RecPlot + EffNet_RecPlot,1,0,2,0.2735536992549896,0.053218647837638855,0.6732276678085327
42,MobileNet_RecPlot + EffNet_RecPlot,2,0,2,0.3763877749443054,0.014637202955782413,0.6089750528335571
42,MobileNet_RecPlot + EffNet_RecPlot,3,0,0,0.8698299527168274,0.03152585029602051,0.0986441969871521
42,MobileNet_RecPlot + EffNet_RecPlot,4,0,0,0.9930838346481323,0.0033623618073761463,0.0035538231022655964
42,MobileNet_RecPlot + EffNet_RecPlot,5,0,0,0.9817216396331787,0.005361291579902172,0.012917084619402885
42,MobileNet_RecPlot + EffNet_RecPlot,6,0,0,0.968134880065918,0.012259300798177719,0.01960584707558155
42,MobileNet_RecPlot + EffNet_RecPlot,7,0,1,0.005329489707946777,0.9932690858840942,0.0014014544431120157
42,MobileNet_RecPlot + EffNet_RecPlot,8,0,0,0.7023136615753174,0.1838529109954834,0.11383341252803802
42,MobileNet_RecPlot + EffNet_RecPlot,9,0,0,0.645064115524292,0.2125956118106842,0.14234031736850739
42,MobileNet_RecPlot + EffNet_RecPlot,10,0,0,0.9557576179504395,0.010433641262352467,0.03380879759788513
42,MobileNet_RecPlot + EffNet_RecPlot,11,0,1,0.2715885043144226,0.6779619455337524,0.05044955387711525
42,MobileNet_RecPlot + EffNet_RecPlot,12,0,0,0.9678718447685242,0.00889971386641264,0.023228460922837257
42,MobileNet_RecPlot + EffNet_RecPlot,13,0,2,0.47648370265960693,0.01153312623500824,0.5119831562042236
42,MobileNet_RecPlot + EffNet_RecPlot,14,0,0,0.9163975715637207,0.0535818487405777,0.030020594596862793
42,MobileNet_RecPlot + EffNet_RecPlot,15,0,1,0.15270084142684937,0.7112946510314941,0.1360044926404953
42,MobileNet_RecPlot + EffNet_RecPlot,16,0,0,0.5324132442474365,0.15425090491771698,0.3133358955383301
42,MobileNet_RecPlot + EffNet_RecPlot,17,0,0,0.9829831719398499,0.0036977697163820267,0.013319090008735657
42,MobileNet_RecPlot + EffNet_RecPlot,18,1,1,0.037419237196445465,0.9579176306724548,0.004663119092583656
42,MobileNet_RecPlot + EffNet_RecPlot,19,1,1,0.05026158317923546,0.9204927086830139,0.02924572117626667
42,MobileNet_RecPlot + EffNet_RecPlot,20,1,1,0.021503707394003868,0.9715971350669861,0.0068991524167358875
42,MobileNet_RecPlot + EffNet_RecPlot,21,1,1,0.08684495091438293,0.6484599709510803,0.2646951377391815
42,MobileNet_RecPlot + EffNet_RecPlot,22,1,1,0.06316541135311127,0.9053633809089661,0.031471215188503265
42,MobileNet_RecPlot + EffNet_RecPlot,23,1,1,0.08704999834299088,0.7811011672019958,0.13184890151023865
42,MobileNet_RecPlot + EffNet_RecPlot,24,1,1,0.04256743565201759,0.9442973732948303,0.013135194778442383
42,MobileNet_RecPlot + EffNet_RecPlot,25,1,1,0.06256287544965744,0.9238200783729553,0.01361703872680664
42,MobileNet_RecPlot + EffNet_RecPlot,26,1,1,0.08298768103122711,0.8857133984565735,0.031298961490392685
42,MobileNet_RecPlot + EffNet_RecPlot,27,1,1,0.17047327756881714,0.7035317420959473,0.1259949505329132
42,MobileNet_RecPlot + EffNet_RecPlot,28,1,1,0.07685121893882751,0.8345451354980469,0.08860361576080322
42,MobileNet_RecPlot + EffNet_RecPlot,29,1,1,0.003056047484278679,0.9761770963668823,0.02076687663793564
42,MobileNet_RecPlot + EffNet_RecPlot,30,1,1,0.03637994825839996,0.9528020024299622,0.01081809401512146
42,MobileNet_RecPlot + EffNet_RecPlot,31,1,1,0.0048682508058846,0.9923568964004517,0.002774821361526847
42,EffNet_Original + EffNet_RecPlot,0,0,0,0.5897672772407532,0.06323706358671188,0.34699568152427673
42,EffNet_Original + EffNet_RecPlot,1,0,0,0.7384376525878906,0.04940120130777359,0.21216115355491638
42,EffNet_Original + EffNet_RecPlot,2,0,0,0.8367913365364075,0.008670094422996044,0.1545386016368866
42,EffNet_Original + EffNet_RecPlot,3,0,0,0.8737514019012451,0.0694635882973671,0.056785013526678085
42,EffNet_Original + EffNet_RecPlot,4,0,0,0.9962905645370483,0.0017175679095089436,0.001991885481402278
42,EffNet_Original + EffNet_RecPlot,5,0,0,0.9838858842849731,0.004510761238634586,0.011603395454585552
42,EffNet_Original + EffNet_RecPlot,6,0,0,0.9763904809951782,0.010422220453619957,0.013187272474169731
42,EffNet_Original + EffNet_RecPlot,7,0,1,0.14153431355953217,0.6071797609329224,0.2512858808040619
42,EffNet_Original + EffNet_RecPlot,8,0,0,0.8747284412384033,0.10288938134908676,0.022382205352187157
42,EffNet_Original + EffNet_RecPlot,9,0,0,0.859291672706604,0.012414835393428802,0.1282934993505478
42,EffNet_Original + EffNet_RecPlot,10,0,0,0.9980795979499817,0.0009325546561740339,0.000987844541668892
42,EffNet_Original + EffNet_RecPlot,11,0,0,0.6026493906974792,0.34842047095298767,0.048930149525403976
42,EffNet_Original + EffNet_RecPlot,12,0,0,0.9759742617607117,0.0058075846172869205,0.01821817085146904
42,EffNet_Original + EffNet_RecPlot,13,0,0,0.6541814804077148,0.005018600728362799,0.34079989790916443
42,EffNet_Original + EffNet_RecPlot,14,0,0,0.9848653078079224,0.012784196995198727,0.002350493799895048
42,EffNet_Original + EffNet_RecPlot,15,0,0,0.5494301915168762,0.43323513865470886,0.017334681004285812
42,EffNet_Original + EffNet_RecPlot,16,0,0,0.7589675188064575,0.011842560023069382,0.2291899174451828
42,EffNet_Original + EffNet_RecPlot,17,0,0,0.9872680902481079,0.0016690364573150873,0.011062863282859325
42,EffNet_Original + EffNet_RecPlot,18,1,1,0.028216563165187836,0.9661498665809631,0.0056335884146392345
42,EffNet_Original + EffNet_RecPlot,19,1,1,0.0019192215986549854,0.9973732233047485,0.0007075573084875941
42,EffNet_Original + EffNet_RecPlot,20,1,1,0.020990408957004547,0.9732657670974731,0.005743817891925573
42,EffNet_Original + EffNet_RecPlot,21,1,1,0.020500948652625084,0.7164626121520996,0.26303642988204956
42,EffNet_Original + EffNet_RecPlot,22,1,1,0.004708235152065754,0.9920604825019836,0.0032312716357409954
42,EffNet_Original + EffNet_RecPlot,23,1,1,0.01333880890160799,0.9724465012550354,0.014214704744517803
42,EffNet_Original + EffNet_RecPlot,24,1,1,0.0038671521469950676,0.9763696789741516,0.0197631623595953
42,EffNet_Original + EffNet_RecPlot,25,1,1,0.004304036498069763,0.989233136177063,0.0064628273248672485
42,EffNet_Original + EffNet_RecPlot,26,1,1,0.007640518248081207,0.977807343006134,0.014552101492881775
42,EffNet_Original + EffNet_RecPlot,27,1,1,0.07529930025339127,0.917921781539917,0.006778900045901537
42,EffNet_Original + EffNet_RecPlot,28,1,1,0.02367926761507988,0.964730978012085,0.011589743196964264
42,EffNet_Original + EffNet_RecPlot,29,1,1,0.0046341149136424065,0.9786673188209534,0.016698535531759262
42,EffNet_Original + EffNet_RecPlot,30,1,1,0.026031415909528732,0.8777738809585571,0.09619473665952682
42,EffNet_Original + EffNet_RecPlot,31,1,1,0.06946604698896408,0.7799668908119202,0.15056709945201874
42,MobileNet_Original + MobileNet_Original,0,0,0,0.6453418135643005,0.2857622504234314,0.06889598816633224
42,MobileNet_Original + MobileNet_Original,1,0,1,0.39283740520477295,0.5647121667861938,0.04245051369071007
42,MobileNet_Original + MobileNet_Original,2,0,0,0.7121384143829346,0.18112380802631378,0.10673778504133224
42,MobileNet_Original + MobileNet_Original,3,0,1,0.3213501572608948,0.6230376958847046,0.055612172931432724
42,MobileNet_Original + MobileNet_Original,4,0,0,0.9433785080909729,0.02392813377082348,0.03269340842962265
42,MobileNet_Original + MobileNet_Original,5,0,0,0.9950945377349854,0.0021817360538989305,0.002723777899518609
42,MobileNet_Original + MobileNet_Original,6,0,0,0.9904412031173706,0.006206267513334751,0.0033525689505040646
42,MobileNet_Original + MobileNet_Original,7,0,1,0.45039141178131104,0.45165249705314636,0.09795603156089783
42,MobileNet_Original + MobileNet_Original,8,0,0,0.5084570050239563,0.19980202615261078,0.29174095392227173
42,MobileNet_Original + MobileNet_Original,9,0,0,0.6122277975082397,0.24438723921775818,0.14338497817516327
42,MobileNet_Original + MobileNet_Original,10,0,0,0.8187131285667419,0.1347387284040451,0.04654820263385773
42,MobileNet_Original + MobileNet_Original,11,0,0,0.9534066319465637,0.022347738966345787,0.024245617911219597
42,MobileNet_Original + MobileNet_Original,12,0,0,0.7956603169441223,0.03921140357851982,0.16512829065322876
42,MobileNet_Original + MobileNet_Original,13,0,0,0.680646538734436,0.09309937804937363,0.22625413537025452
42,MobileNet_Original + MobileNet_Original,14,0,0,0.9772045016288757,0.01013541966676712,0.012660101987421513
42,MobileNet_Original + MobileNet_Original,15,0,0,0.689369261264801,0.029132165014743805,0.28149861097335815
42,MobileNet_Original + MobileNet_Original,16,0,2,0.33382099866867065,0.15089279413223267,0.5152862668037415
42,MobileNet_Original + MobileNet_Original,17,0,0,0.6336771845817566,0.03934908285737038,0.3269737660884857
42,MobileNet_Original + MobileNet_Original,18,1,1,0.021069036796689034,0.962541401386261,0.016389580443501472
42,MobileNet_Original + MobileNet_Original,19,1,1,0.0008667142828926444,0.9981045126914978,0.0010287585901096463
42,MobileNet_Original + MobileNet_Original,20,1,1,0.007683297153562307,0.9810938835144043,0.01122286356985569
42,MobileNet_Original + MobileNet_Original,21,1,1,0.039371274411678314,0.8271601796150208,0.13346853852272034
42,MobileNet_Original + MobileNet_Original,22,1,1,0.025591151788830757,0.9384725093841553,0.035936374217271805
42,MobileNet_Original + MobileNet_Original,23,1,1,0.031142549589276314,0.922799825668335,0.046057671308517456
42,MobileNet_Original + MobileNet_Original,24,1,1,0.09615188091993332,0.7079690098762512,0.19587908685207367
42,MobileNet_Original + MobileNet_Original,25,1,1,0.00461828475818038,0.9646597504615784,0.03072195127606392
42,MobileNet_Original + MobileNet_Original,26,1,1,0.021443704143166542,0.8941014409065247,0.08445481956005096
42,MobileNet_Original + MobileNet_Original,27,1,1,0.02581009641289711,0.9031266570091248,0.07106324285268784
42,MobileNet_Original + MobileNet_Original,28,1,1,0.07680220901966095,0.8529091477394104,0.07028868049383163
42,MobileNet_Original + MobileNet_Original,29,1,1,0.013379315845668316,0.9494176506996155,0.03720296174287796
42,MobileNet_Original + MobileNet_Original,30,1,1,0.11143506318330765,0.7216314077377319,0.1669335663318634
42,MobileNet_Original + MobileNet_Original,31,1,1,0.05435279756784439,0.8926363587379456,0.05301084369421005
42,MobileNet_RecPlot + MobileNet_RecPlot,0,0,2,0.2938881814479828,0.24779784679412842,0.4583140015602112
42,MobileNet_RecPlot + MobileNet_RecPlot,1,0,2,0.04877732694149017,0.01505289226770401,0.9361697435379028
42,MobileNet_RecPlot + MobileNet_RecPlot,2,0,2,0.07742595672607422,0.01320563443005085,0.9093683958053589
42,MobileNet_RecPlot + MobileNet_RecPlot,3,0,0,0.7669855952262878,0.054184556007385254,0.1788298636674881
42,MobileNet_RecPlot + MobileNet_RecPlot,4,0,0,0.9913688898086548,0.004593870602548122,0.004037277307361364
42,MobileNet_RecPlot + MobileNet_RecPlot,5,0,0,0.9943395256996155,0.0020860363729298115,0.0035744570195674896
42,MobileNet_RecPlot + MobileNet_RecPlot,6,0,0,0.9792212247848511,0.0067499917931854725,0.014028789475560188
42,MobileNet_RecPlot + MobileNet_RecPlot,7,0,1,0.007876737974584103,0.9899916648864746,0.0021316208876669407
42,MobileNet_RecPlot + MobileNet_RecPlot,8,0,0,0.4436425566673279,0.35153353214263916,0.20482394099235535
42,MobileNet_RecPlot + MobileNet_RecPlot,9,0,0,0.49985820055007935,0.40667492151260376,0.09346690028905869
42,MobileNet_RecPlot + MobileNet_RecPlot,10,0,0,0.9148434996604919,0.019211169332265854,0.06594531238079071
42,MobileNet_RecPlot + MobileNet_RecPlot,11,0,1,0.2584396302700043,0.6601626873016357,0.08139766752719879
42,MobileNet_RecPlot + MobileNet_RecPlot,12,0,0,0.9773664474487305,0.008380236104130745,0.014253359287977219
42,MobileNet_RecPlot + MobileNet_RecPlot,13,0,0,0.6400449872016907,0.014589441008865833,0.3453655540943146
42,MobileNet_RecPlot + MobileNet_RecPlot,14,0,0,0.862494707107544,0.08185572177171707,0.05564962327480316
42,MobileNet_RecPlot + MobileNet_RecPlot,15,0,1,0.18255311250686646,0.5606903433799744,0.2567565143108368
42,MobileNet_RecPlot + MobileNet_RecPlot,16,0,0,0.5329529643058777,0.2873336970806122,0.1797133833169937
42,MobileNet_RecPlot + MobileNet_RecPlot,17,0,0,0.9880245327949524,0.004823535680770874,0.00715184910222888
42,MobileNet_RecPlot + MobileNet_RecPlot,18,1,1,0.0572843961417675,0.9346535205841064,0.008062039501965046
42,MobileNet_RecPlot + MobileNet_RecPlot,19,1,1,0.09715536236763,0.8454118371009827,0.057432789355516434
42,MobileNet_RecPlot + MobileNet_RecPlot,20,1,1,0.004183076322078705,0.9917543530464172,0.00406260509043932
42,MobileNet_RecPlot + MobileNet_RecPlot,21,1,1,0.15787777304649353,0.6840689182281494,0.15805332362651825
42,MobileNet_RecPlot + MobileNet_RecPlot,22,1,1,0.11973872780799866,0.8221138715744019,0.05814748257398605
42,MobileNet_RecPlot + MobileNet_RecPlot,23,1,1,0.1487474888563156,0.6132122874259949,0.23804020881652832
42,MobileNet_RecPlot + MobileNet_RecPlot,24,1,1,0.08076225966215134,0.8933649063110352,0.025872815400362015
42,MobileNet_RecPlot + MobileNet_RecPlot,25,1,1,0.12480714172124863,0.8479709625244141,0.027221892029047012
42,MobileNet_RecPlot + MobileNet_RecPlot,26,1,1,0.15808621048927307,0.8030012249946594,0.03891254588961601
42,MobileNet_RecPlot + MobileNet_RecPlot,27,1,1,0.19164372980594635,0.5672953128814697,0.24106097221374512
42,MobileNet_RecPlot + MobileNet_RecPlot,28,1,1,0.11330299824476242,0.730519711971283,0.1561773121356964
42,MobileNet_RecPlot + MobileNet_RecPlot,29,1,1,0.0018352000042796135,0.9790594577789307,0.019105374813079834
42,MobileNet_RecPlot + MobileNet_RecPlot,30,1,1,0.06882674247026443,0.9097732305526733,0.021400021389126778
42,MobileNet_RecPlot + MobileNet_RecPlot,31,1,1,0.008803543634712696,0.9860366582870483,0.005159792955964804
42,EffNet_Original + EffNet_Original,0,0,0,0.8765085935592651,0.11477494984865189,0.008716500364243984
42,EffNet_Original + EffNet_Original,1,0,0,0.9785452485084534,0.007418002001941204,0.014036797918379307
42,EffNet_Original + EffNet_Original,2,0,0,0.9982330799102783,0.0012714180629700422,0.0004955105832777917
42,EffNet_Original + EffNet_Original,3,0,0,0.7748284935951233,0.13006004691123962,0.09511149674654007
42,EffNet_Original + EffNet_Original,4,0,0,0.997782289981842,0.0013042824575677514,0.0009134015999734402
42,EffNet_Original + EffNet_Original,5,0,0,0.9986679553985596,0.0003849748463835567,0.0009470787481404841
42,EffNet_Original + EffNet_Original,6,0,0,0.9957325458526611,0.0030758315697312355,0.0011916386429220438
42,EffNet_Original + EffNet_Original,7,0,2,0.28028637170791626,0.2178131341934204,0.5019004940986633
42,EffNet_Original + EffNet_Original,8,0,0,0.7884719967842102,0.1896064728498459,0.021921517327427864
42,EffNet_Original + EffNet_Original,9,0,0,0.9283133745193481,0.00631337845697999,0.06537329405546188
42,EffNet_Original + EffNet_Original,10,0,0,0.9994876384735107,0.00020899801165796816,0.00030341302044689655
42,EffNet_Original + EffNet_Original,11,0,0,0.9205613732337952,0.001079820329323411,0.07835885882377625
42,EffNet_Original + EffNet_Original,12,0,0,0.9935712814331055,0.002195978770032525,0.004232779610902071
42,EffNet_Original + EffNet_Original,13,0,0,0.9954406023025513,0.001560388831421733,0.00299900327809155
42,EffNet_Original + EffNet_Original,14,0,0,0.9994301795959473,0.0002604223554953933,0.0003094208659604192
42,EffNet_Original + EffNet_Original,15,0,0,0.9760117530822754,0.004571391269564629,0.019416887313127518
42,EffNet_Original + EffNet_Original,16,0,0,0.9860615730285645,0.0025170131120830774,0.0114214438945055
42,EffNet_Original + EffNet_Original,17,0,0,0.9965944886207581,0.0007660694536752999,0.0026393956504762173
42,EffNet_Original + EffNet_Original,18,1,1,0.03887905552983284,0.951117992401123,0.010002979077398777
42,EffNet_Original + EffNet_Original,19,1,1,0.00047064630780369043,0.9991728663444519,0.00035646703327074647
42,EffNet_Original + EffNet_Original,20,1,1,0.0031564838718622923,0.9950915575027466,0.0017519373213872313
42,EffNet_Original + EffNet_Original,21,1,1,0.025189783424139023,0.8200742602348328,0.1547359824180603
42,EffNet_Original + EffNet_Original,22,1,1,0.0028243795968592167,0.995508074760437,0.0016675954684615135
42,EffNet_Original + EffNet_Original,23,1,1,0.0013251191703602672,0.9959030747413635,0.0027718492783606052
42,EffNet_Original + EffNet_Original,24,1,1,0.003361690556630492,0.9575095176696777,0.03912875056266785
42,EffNet_Original + EffNet_Original,25,1,1,0.00828946940600872,0.9787970781326294,0.012913469225168228
42,EffNet_Original + EffNet_Original,26,1,1,0.007391904015094042,0.9871892333030701,0.005418835207819939
42,EffNet_Original + EffNet_Original,27,1,1,0.0012957542203366756,0.9960753917694092,0.0026288642548024654
42,EffNet_Original + EffNet_Original,28,1,1,0.006959093734622002,0.9908913969993591,0.002149563981220126
42,EffNet_Original + EffNet_Original,29,1,1,0.004991334863007069,0.9840399622917175,0.010968695394694805
42,EffNet_Original + EffNet_Original,30,1,1,0.04812968894839287,0.7597169876098633,0.19215330481529236
42,EffNet_Original + EffNet_Original,31,1,1,0.13799913227558136,0.5612565875053406,0.30074435472488403
42,EffNet_RecPlot + EffNet_RecPlot,0,0,2,0.3030259907245636,0.011699176393449306,0.6852748394012451
42,EffNet_RecPlot + EffNet_RecPlot,1,0,0,0.4983300566673279,0.0913844034075737,0.41028550267219543
42,EffNet_RecPlot + EffNet_RecPlot,2,0,0,0.6753495931625366,0.016068771481513977,0.308581680059433
42,EffNet_RecPlot + EffNet_RecPlot,3,0,0,0.9726743102073669,0.008867147378623486,0.01845853589475155
42,EffNet_RecPlot + EffNet_RecPlot,4,0,0,0.9947987794876099,0.002130853245034814,0.0030703693628311157
42,EffNet_RecPlot + EffNet_RecPlot,5,0,0,0.9691038131713867,0.00863654725253582,0.02225971221923828
42,EffNet_RecPlot + EffNet_RecPlot,6,0,0,0.9570484161376953,0.017768608406186104,0.025182902812957764
42,EffNet_RecPlot + EffNet_RecPlot,7,0,1,0.002782242139801383,0.9965465068817139,0.0006712881149724126
42,EffNet_RecPlot + EffNet_RecPlot,8,0,0,0.9609848260879517,0.01617227867245674,0.02284289337694645
42,EffNet_RecPlot + EffNet_RecPlot,9,0,0,0.7902699708938599,0.018516292795538902,0.1912137120962143
42,EffNet_RecPlot + EffNet_RecPlot,10,0,0,0.9966716170310974,0.00165611132979393,0.0016722759464755654
42,EffNet_RecPlot + EffNet_RecPlot,11,0,1,0.28473737835884094,0.6957611441612244,0.01950143836438656
42,EffNet_RecPlot + EffNet_RecPlot,12,0,0,0.9583772420883179,0.00941919069737196,0.032203562557697296
42,EffNet_RecPlot + EffNet_RecPlot,13,0,2,0.3129223883152008,0.00847681239247322,0.6786007881164551
42,EffNet_RecPlot + EffNet_RecPlot,14,0,0,0.9703004956245422,0.025307973846793175,0.004391567315906286
42,EffNet_RecPlot + EffNet_RecPlot,15,0,1,0.12284858524799347,0.8618989586830139,0.015252476558089256
42,EffNet_RecPlot + EffNet_RecPlot,16,0,0,0.5318735241889954,0.02116810716688633,0.44695839285850525
42,EffNet_RecPlot + EffNet_RecPlot,17,0,0,0.9779416918754578,0.0025720035191625357,0.019486330449581146
42,EffNet_RecPlot + EffNet_RecPlot,18,1,1,0.01755407266318798,0.9811817407608032,0.0012641982175409794
42,EffNet_RecPlot + EffNet_RecPlot,19,1,1,0.0033677970059216022,0.9955735802650452,0.0010586476419121027
42,EffNet_RecPlot + EffNet_RecPlot,20,1,1,0.03882433846592903,0.9514399766921997,0.009735699743032455
42,EffNet_RecPlot + EffNet_RecPlot,21,1,1,0.015812115743756294,0.6128509640693665,0.3713369071483612
42,EffNet_RecPlot + EffNet_RecPlot,22,1,1,0.006592091638594866,0.988612949848175,0.004794948268681765
42,EffNet_RecPlot + EffNet_RecPlot,23,1,1,0.02535250037908554,0.948989987373352,0.025657562538981438
42,EffNet_RecPlot + EffNet_RecPlot,24,1,1,0.004372613970190287,0.9952298402786255,0.00039757395279593766
42,EffNet_RecPlot + EffNet_RecPlot,25,1,1,0.00031860321178101003,0.9996692538261414,1.2185223567939829e-05
42,EffNet_RecPlot + EffNet_RecPlot,26,1,1,0.007889132015407085,0.968425452709198,0.02368536777794361
42,EffNet_RecPlot + EffNet_RecPlot,27,1,1,0.14930284023284912,0.8397682309150696,0.010928936302661896
42,EffNet_RecPlot + EffNet_RecPlot,28,1,1,0.04039944335818291,0.9385706186294556,0.021029923111200333
42,EffNet_RecPlot + EffNet_RecPlot,29,1,1,0.004276895429939032,0.973294734954834,0.022428378462791443
42,EffNet_RecPlot + EffNet_RecPlot,30,1,1,0.003933143801987171,0.9958307147026062,0.00023616456019226462
42,EffNet_RecPlot + EffNet_RecPlot,31,1,1,0.0009329593158327043,0.9986771941184998,0.0003898503491654992
42,MobileNet_Original + MobileNet_RecPlot,32,1,1,0.05530314892530441,0.8964599370956421,0.048236921429634094
42,MobileNet_Original + MobileNet_RecPlot,33,1,1,0.0331304669380188,0.8491069078445435,0.11776266992092133
42,MobileNet_Original + MobileNet_RecPlot,34,1,1,0.03241594880819321,0.9083775877952576,0.05920647829771042
42,MobileNet_Original + MobileNet_RecPlot,35,1,1,0.02702278643846512,0.9360491633415222,0.036928027868270874
42,MobileNet_Original + MobileNet_RecPlot,36,1,1,0.2905660569667816,0.5754362940788269,0.13399764895439148
42,MobileNet_Original + MobileNet_RecPlot,37,1,1,0.011312293820083141,0.971855878829956,0.01683182828128338
42,MobileNet_Original + MobileNet_RecPlot,38,1,1,0.10545243322849274,0.8548620939254761,0.03968546912074089
42,MobileNet_Original + MobileNet_RecPlot,39,1,1,0.21723119914531708,0.6581593155860901,0.1246095523238182
42,MobileNet_Original + MobileNet_RecPlot,40,1,1,0.0771077573299408,0.8817367553710938,0.04115545377135277
42,MobileNet_Original + MobileNet_RecPlot,41,1,1,0.052773524075746536,0.4808279871940613,0.4663984775543213
42,MobileNet_Original + MobileNet_RecPlot,42,1,1,0.02807762660086155,0.9426736235618591,0.029248766601085663
42,MobileNet_Original + MobileNet_RecPlot,43,1,1,0.1455695778131485,0.8241817355155945,0.03024871274828911
42,MobileNet_Original + MobileNet_RecPlot,44,1,1,0.024028053507208824,0.9282749891281128,0.04769689589738846
42,MobileNet_Original + MobileNet_RecPlot,45,1,1,0.4248582422733307,0.5530533194541931,0.02208836004137993
42,MobileNet_Original + MobileNet_RecPlot,46,1,1,0.036622676998376846,0.9001674056053162,0.06320997327566147
42,MobileNet_Original + MobileNet_RecPlot,47,2,2,0.022141551598906517,0.005722104571759701,0.9721363186836243
42,MobileNet_Original + MobileNet_RecPlot,48,2,2,0.026425164192914963,0.004826100543141365,0.9687487483024597
42,MobileNet_Original + MobileNet_RecPlot,49,2,1,0.23319384455680847,0.4130803048610687,0.3537258803844452
42,MobileNet_Original + MobileNet_RecPlot,50,2,2,0.05579041689634323,0.06356436014175415,0.8806452751159668
42,MobileNet_Original + MobileNet_RecPlot,51,2,2,0.16600148379802704,0.06751623004674911,0.7664822936058044
42,MobileNet_Original + MobileNet_RecPlot,52,2,2,0.08310781419277191,0.44964897632598877,0.46724316477775574
42,MobileNet_Original + MobileNet_RecPlot,53,2,2,0.055329859256744385,0.019257666543126106,0.9254124164581299
42,MobileNet_Original + MobileNet_RecPlot,54,2,2,0.01241218950599432,0.01996871456503868,0.9676191210746765
42,MobileNet_Original + MobileNet_RecPlot,55,2,0,0.5435879826545715,0.023401597514748573,0.433010458946228
42,MobileNet_Original + MobileNet_RecPlot,56,2,2,0.38174039125442505,0.029114460572600365,0.5891451835632324
42,MobileNet_Original + MobileNet_RecPlot,57,2,1,0.0352504663169384,0.5214989185333252,0.4432506263256073
42,MobileNet_Original + MobileNet_RecPlot,58,2,2,0.24953123927116394,0.03171059861779213,0.7187581658363342
42,MobileNet_Original + EffNet_Original,32,1,1,0.027535825967788696,0.9325945377349854,0.03986965864896774
42,MobileNet_Original + EffNet_Original,33,1,1,0.011961427517235279,0.7986630201339722,0.1893756091594696
42,MobileNet_Original + EffNet_Original,34,1,1,0.01594226248562336,0.9294531941413879,0.05460454896092415
42,MobileNet_Original + EffNet_Original,35,1,1,0.015304741449654102,0.9422401189804077,0.04245512932538986
42,MobileNet_Original + EffNet_Original,36,1,1,0.0024187047965824604,0.9961172342300415,0.001464069471694529
42,MobileNet_Original + EffNet_Original,37,1,1,0.01921183615922928,0.9619204998016357,0.01886768639087677
42,MobileNet_Original + EffNet_Original,38,1,1,0.052612997591495514,0.9151619672775269,0.03222500905394554
42,MobileNet_Original + EffNet_Original,39,1,1,0.006728424225002527,0.9665539860725403,0.026717621833086014
42,MobileNet_Original + EffNet_Original,40,1,1,0.0007173797348514199,0.998154878616333,0.0011277341982349753
42,MobileNet_Original + EffNet_Original,41,1,1,0.00838536862283945,0.968055784702301,0.023558877408504486
42,MobileNet_Original + EffNet_Original,42,1,1,0.004049447365105152,0.9928714632987976,0.0030791207682341337
42,MobileNet_Original + EffNet_Original,43,1,1,0.01724802888929844,0.9700025916099548,0.012749362736940384
42,MobileNet_Original + EffNet_Original,44,1,1,0.017323924228549004,0.9449434280395508,0.037732649594545364
42,MobileNet_Original + EffNet_Original,45,1,1,0.01174323819577694,0.9757903814315796,0.012466314248740673
42,MobileNet_Original + EffNet_Original,46,1,1,0.024432487785816193,0.9524591565132141,0.023108333349227905
42,MobileNet_Original + EffNet_Original,47,2,2,0.027881169691681862,0.08738377690315247,0.8847350478172302
42,MobileNet_Original + EffNet_Original,48,2,2,0.007371323648840189,0.00281435064971447,0.9898143410682678
42,MobileNet_Original + EffNet_Original,49,2,2,0.1649320274591446,0.14168168604373932,0.6933863162994385
42,MobileNet_Original + EffNet_Original,50,2,2,0.10065968334674835,0.09447716176509857,0.8048632144927979
42,MobileNet_Original + EffNet_Original,51,2,2,0.22075660526752472,0.08836128562688828,0.6908820867538452
42,MobileNet_Original + EffNet_Original,52,2,2,0.027405984699726105,0.3426092565059662,0.6299847364425659
42,MobileNet_Original + EffNet_Original,53,2,2,0.06832467764616013,0.01216442883014679,0.9195109009742737
42,MobileNet_Original + EffNet_Original,54,2,2,0.022677622735500336,0.008670746348798275,0.9686516523361206
42,MobileNet_Original + EffNet_Original,55,2,2,0.1913384348154068,0.016415677964687347,0.7922459244728088
42,MobileNet_Original + EffNet_Original,56,2,2,0.43849748373031616,0.0036643794737756252,0.5578381419181824
42,MobileNet_Original + EffNet_Original,57,2,2,0.021486783400177956,0.08389114588499069,0.8946220874786377
42,MobileNet_Original + EffNet_Original,58,2,2,0.051909010857343674,0.002773659536615014,0.9453173875808716
42,MobileNet_Original + EffNet_RecPlot,32,1,1,0.02122148871421814,0.9551303386688232,0.02364811860024929
42,MobileNet_Original + EffNet_RecPlot,33,1,1,0.004407856147736311,0.8953783512115479,0.10021380335092545
42,MobileNet_Original + EffNet_RecPlot,34,1,1,0.028311550617218018,0.9237346649169922,0.047953784465789795
42,MobileNet_Original + EffNet_RecPlot,35,1,1,0.009965971112251282,0.9610249996185303,0.02900901809334755
42,MobileNet_Original + EffNet_RecPlot,36,1,1,0.16306613385677338,0.5026660561561584,0.33426782488822937
42,MobileNet_Original + EffNet_RecPlot,37,1,1,0.003647227305918932,0.9880353212356567,0.008317486383020878
42,MobileNet_Original + EffNet_RecPlot,38,1,1,0.1124926432967186,0.8617851138114929,0.025722244754433632
42,MobileNet_Original + EffNet_RecPlot,39,1,1,0.07022964209318161,0.900691032409668,0.029079297557473183
42,MobileNet_Original + EffNet_RecPlot,40,1,1,0.004642425570636988,0.9933527708053589,0.0020047833677381277
42,MobileNet_Original + EffNet_RecPlot,41,1,2,0.014849964529275894,0.4719049632549286,0.5132451057434082
42,MobileNet_Original + EffNet_RecPlot,42,1,1,0.0028012797702103853,0.9950085282325745,0.002190203173086047
42,MobileNet_Original + EffNet_RecPlot,43,1,1,0.09579863399267197,0.8900688886642456,0.014132510870695114
42,MobileNet_Original + EffNet_RecPlot,44,1,1,0.0263616144657135,0.9253270626068115,0.048311375081539154
42,MobileNet_Original + EffNet_RecPlot,45,1,1,0.1434231549501419,0.8317421674728394,0.024834733456373215
42,MobileNet_Original + EffNet_RecPlot,46,1,1,0.008833028376102448,0.977409839630127,0.01375709380954504
42,MobileNet_Original + EffNet_RecPlot,47,2,2,0.013353987596929073,0.006696487311273813,0.9799495339393616
42,MobileNet_Original + EffNet_RecPlot,48,2,2,0.011908912099897861,0.004768263082951307,0.9833228588104248
42,MobileNet_Original + EffNet_RecPlot,49,2,1,0.14705801010131836,0.5174064040184021,0.33553555607795715
42,MobileNet_Original + EffNet_RecPlot,50,2,2,0.06746478378772736,0.04980592057108879,0.8827292919158936
42,MobileNet_Original + EffNet_RecPlot,51,2,2,0.2028251439332962,0.05336783453822136,0.7438070774078369
42,MobileNet_Original + EffNet_RecPlot,52,2,2,0.05262163653969765,0.17746949195861816,0.7699089050292969
42,MobileNet_Original + EffNet_RecPlot,53,2,2,0.0635654553771019,0.01987140253186226,0.9165631532669067
42,MobileNet_Original + EffNet_RecPlot,54,2,2,0.01362642738968134,0.012635132297873497,0.973738431930542
42,MobileNet_Original + EffNet_RecPlot,55,2,2,0.16086691617965698,0.03131207078695297,0.8078210353851318
42,MobileNet_Original + EffNet_RecPlot,56,2,2,0.37898024916648865,0.011772389523684978,0.6092473268508911
42,MobileNet_Original + EffNet_RecPlot,57,2,2,0.03823408856987953,0.10784146189689636,0.8539245128631592
42,MobileNet_Original + EffNet_RecPlot,58,2,2,0.3912643790245056,0.05420218035578728,0.5545334815979004
42,MobileNet_RecPlot + EffNet_Original,32,1,1,0.04425082355737686,0.914471447467804,0.04127772897481918
42,MobileNet_RecPlot + EffNet_Original,33,1,1,0.037767671048641205,0.8554347157478333,0.10679765045642853
42,MobileNet_RecPlot + EffNet_Original,34,1,1,0.023963065817952156,0.9577928781509399,0.018244106322526932
42,MobileNet_RecPlot + EffNet_Original,35,1,1,0.023003319278359413,0.9554957747459412,0.021500874310731888
42,MobileNet_RecPlot + EffNet_Original,36,1,1,0.2897152602672577,0.5767901539802551,0.13349458575248718
42,MobileNet_RecPlot + EffNet_Original,37,1,1,0.023485368117690086,0.9562156200408936,0.020299069583415985
42,MobileNet_RecPlot + EffNet_Original,38,1,1,0.06579996645450592,0.9128194451332092,0.021380603313446045
42,MobileNet_RecPlot + EffNet_Original,39,1,1,0.21252478659152985,0.6873857378959656,0.10008944571018219
42,MobileNet_RecPlot + EffNet_Original,40,1,1,0.07711102813482285,0.8821666240692139,0.04072234407067299
42,MobileNet_RecPlot + EffNet_Original,41,1,1,0.045241259038448334,0.5112538933753967,0.44350486993789673
42,MobileNet_RecPlot + EffNet_Original,42,1,1,0.02786160819232464,0.9424794912338257,0.029658913612365723
42,MobileNet_RecPlot + EffNet_Original,43,1,1,0.14285123348236084,0.834682822227478,0.02246597222983837
42,MobileNet_RecPlot + EffNet_Original,44,1,1,0.00929751992225647,0.978113055229187,0.012589427642524242
42,MobileNet_RecPlot + EffNet_Original,45,1,1,0.4238610863685608,0.5632272362709045,0.012911736965179443
42,MobileNet_RecPlot + EffNet_Original,46,1,1,0.044385358691215515,0.8960846662521362,0.05952996760606766
42,MobileNet_RecPlot + EffNet_Original,47,2,2,0.035895977169275284,0.08396651595830917,0.88013756275177
42,MobileNet_RecPlot + EffNet_Original,48,2,2,0.021401027217507362,0.002606410766020417,0.9759925603866577
42,MobileNet_RecPlot + EffNet_Original,49,2,1,0.13323363661766052,0.4893141984939575,0.37745219469070435
42,MobileNet_RecPlot + EffNet_Original,50,2,2,0.06821843981742859,0.0624551996588707,0.8693264126777649
42,MobileNet_RecPlot + EffNet_Original,51,2,2,0.07270020246505737,0.06371404975652695,0.8635857701301575
42,MobileNet_RecPlot + EffNet_Original,52,2,1,0.07403812557458878,0.4973970353603363,0.42856481671333313
42,MobileNet_RecPlot + EffNet_Original,53,2,2,0.03887506574392319,0.008371592499315739,0.9527533650398254
42,MobileNet_RecPlot + EffNet_Original,54,2,2,0.022678101435303688,0.013824492692947388,0.9634974002838135
42,MobileNet_RecPlot + EffNet_Original,55,2,0,0.5822253823280334,0.010913994163274765,0.40686067938804626
42,MobileNet_RecPlot + EffNet_Original,56,2,2,0.06675618886947632,0.028891531750559807,0.9043523073196411
42,MobileNet_RecPlot + EffNet_Original,57,2,2,0.029347293078899384,0.46800941228866577,0.5026432871818542
42,MobileNet_RecPlot + EffNet_Original,58,2,2,0.2000986635684967,0.02921697124838829,0.7706843614578247
42,MobileNet_RecPlot + EffNet_RecPlot,32,1,1,0.037936486303806305,0.9370073080062866,0.02505618892610073
42,MobileNet_RecPlot + EffNet_RecPlot,33,1,1,0.0302140973508358,0.9521501064300537,0.017635837197303772
42,MobileNet_RecPlot + EffNet_RecPlot,34,1,1,0.036332353949546814,0.9520742893218994,0.01159333810210228
42,MobileNet_RecPlot + EffNet_RecPlot,35,1,1,0.017664549872279167,0.9742807149887085,0.00805476401001215
42,MobileNet_RecPlot + EffNet_RecPlot,36,1,2,0.4503626823425293,0.08333895355463028,0.46629834175109863
42,MobileNet_RecPlot + EffNet_RecPlot,37,1,1,0.007920758798718452,0.9823303818702698,0.009748871438205242
42,MobileNet_RecPlot + EffNet_RecPlot,38,1,1,0.125679612159729,0.8594425320625305,0.014877839013934135
42,MobileNet_RecPlot + EffNet_RecPlot,39,1,1,0.27602601051330566,0.621522843837738,0.1024511381983757
42,MobileNet_RecPlot + EffNet_RecPlot,40,1,1,0.08103607594966888,0.8773645162582397,0.041599392890930176
42,MobileNet_RecPlot + EffNet_RecPlot,41,1,2,0.05170585215091705,0.015103070996701717,0.9331910610198975
42,MobileNet_RecPlot + EffNet_RecPlot,42,1,1,0.026613442227244377,0.9446166157722473,0.028769997879862785
42,MobileNet_RecPlot + EffNet_RecPlot,43,1,1,0.22140184044837952,0.754749059677124,0.0238491203635931
42,MobileNet_RecPlot + EffNet_RecPlot,44,1,1,0.018335210159420967,0.9584965705871582,0.023168154060840607
42,MobileNet_RecPlot + EffNet_RecPlot,45,1,0,0.5555409789085388,0.41917890310287476,0.02528015524148941
42,MobileNet_RecPlot + EffNet_RecPlot,46,1,1,0.02878589928150177,0.9210354089736938,0.05017872899770737
42,MobileNet_RecPlot + EffNet_RecPlot,47,2,2,0.02136879600584507,0.003279234515503049,0.9753519892692566
42,MobileNet_RecPlot + EffNet_RecPlot,48,2,2,0.02593861147761345,0.004560322966426611,0.9695010185241699
42,MobileNet_RecPlot + EffNet_RecPlot,49,2,1,0.11535961925983429,0.8650389313697815,0.01960146799683571
42,MobileNet_RecPlot + EffNet_RecPlot,50,2,2,0.035023536533117294,0.01778395101428032,0.9471925497055054
42,MobileNet_RecPlot + EffNet_RecPlot,51,2,2,0.05476873740553856,0.028720589354634285,0.9165107011795044
42,MobileNet_RecPlot + EffNet_RecPlot,52,2,2,0.09925377368927002,0.3322572708129883,0.5684889554977417
42,MobileNet_RecPlot + EffNet_RecPlot,53,2,2,0.034115854650735855,0.016078567132353783,0.9498056173324585
42,MobileNet_RecPlot + EffNet_RecPlot,54,2,2,0.013626907020807266,0.017788881435990334,0.9685842394828796
42,MobileNet_RecPlot + EffNet_RecPlot,55,2,0,0.5517538189888,0.02581038884818554,0.42243579030036926
42,MobileNet_RecPlot + EffNet_RecPlot,56,2,2,0.0072390115819871426,0.03699954226613045,0.9557614326477051
42,MobileNet_RecPlot + EffNet_RecPlot,57,2,1,0.04609459638595581,0.49195975065231323,0.46194565296173096
42,MobileNet_RecPlot + EffNet_RecPlot,58,2,0,0.5394540429115295,0.08064549416303635,0.3799004554748535
42,EffNet_Original + EffNet_RecPlot,32,1,1,0.010169162414968014,0.9731419086456299,0.01668892428278923
42,EffNet_Original + EffNet_RecPlot,33,1,1,0.009045058861374855,0.9017060995101929,0.08924877643585205
42,EffNet_Original + EffNet_RecPlot,34,1,1,0.019858669489622116,0.9731499552726746,0.006991412024945021
42,EffNet_Original + EffNet_RecPlot,35,1,1,0.005946505349129438,0.9804716110229492,0.013581863604485989
42,EffNet_Original + EffNet_RecPlot,36,1,1,0.16221535205841064,0.5040199160575867,0.3337647616863251
42,EffNet_Original + EffNet_RecPlot,37,1,1,0.015820302069187164,0.9723949432373047,0.011784727685153484
42,EffNet_Original + EffNet_RecPlot,38,1,1,0.07284017652273178,0.9197424650192261,0.0074173761531710625
42,EffNet_Original + EffNet_RecPlot,39,1,1,0.06552325934171677,0.929917573928833,0.004559214226901531
42,EffNet_Original + EffNet_RecPlot,40,1,1,0.004645697772502899,0.993782639503479,0.0015716733178123832
42,EffNet_Original + EffNet_RecPlot,41,1,1,0.00731769809499383,0.5023308396339417,0.49035146832466125
42,EffNet_Original + EffNet_RecPlot,42,1,1,0.002585263457149267,0.994814395904541,0.0026003513485193253
42,EffNet_Original + EffNet_RecPlot,43,1,1,0.0930803120136261,0.9005699157714844,0.006349772680550814
42,EffNet_Original + EffNet_RecPlot,44,1,1,0.011631078086793423,0.9751650094985962,0.01320390123873949
42,EffNet_Original + EffNet_RecPlot,45,1,1,0.14242590963840485,0.841916024684906,0.01565811038017273
42,EffNet_Original + EffNet_RecPlot,46,1,1,0.016595711931586266,0.9733271598815918,0.0100770965218544
42,EffNet_Original + EffNet_RecPlot,47,2,2,0.027108412235975266,0.08494089543819427,0.8879506587982178
42,EffNet_Original + EffNet_RecPlot,48,2,2,0.006884775124490261,0.0025485733058303595,0.9905666708946228
42,EffNet_Original + EffNet_RecPlot,49,2,1,0.047097813338041306,0.5936403274536133,0.3592618703842163
42,EffNet_Original + EffNet_RecPlot,50,2,2,0.07989279925823212,0.04869675636291504,0.8714104890823364
42,EffNet_Original + EffNet_RecPlot,51,2,2,0.10952386260032654,0.04956565424799919,0.8409104943275452
42,EffNet_Original + EffNet_RecPlot,52,2,2,0.04355195164680481,0.2252175360918045,0.7312304973602295
42,EffNet_Original + EffNet_RecPlot,53,2,2,0.0471106618642807,0.008985327556729317,0.9439040422439575
42,EffNet_Original + EffNet_RecPlot,54,2,2,0.023892339318990707,0.006490910425782204,0.9696167707443237
42,EffNet_Original + EffNet_RecPlot,55,2,2,0.1995042860507965,0.018824467435479164,0.7816712260246277
42,EffNet_Original + EffNet_RecPlot,56,2,2,0.06399612873792648,0.01154946256428957,0.9244544506072998
42,EffNet_Original + EffNet_RecPlot,57,2,2,0.032330915331840515,0.05435198172926903,0.9133171439170837
42,EffNet_Original + EffNet_RecPlot,58,2,2,0.3418318033218384,0.05170855298638344,0.6064596176147461
42,MobileNet_Original + MobileNet_Original,32,1,1,0.03858815133571625,0.9145829677581787,0.046828851103782654
42,MobileNet_Original + MobileNet_Original,33,1,1,0.00732422387227416,0.7923352122306824,0.2003406286239624
42,MobileNet_Original + MobileNet_Original,34,1,1,0.02439514547586441,0.8800379633903503,0.09556692093610764
42,MobileNet_Original + MobileNet_Original,35,1,1,0.019324207678437233,0.9227935075759888,0.05788228288292885
42,MobileNet_Original + MobileNet_Original,36,1,1,0.00326949218288064,0.9947633743286133,0.0019671227782964706
42,MobileNet_Original + MobileNet_Original,37,1,1,0.007038762792944908,0.977560818195343,0.015400444157421589
42,MobileNet_Original + MobileNet_Original,38,1,1,0.09226546436548233,0.8572046160697937,0.05052987486124039
42,MobileNet_Original + MobileNet_Original,39,1,1,0.01143480371683836,0.93732750415802,0.05123770609498024
42,MobileNet_Original + MobileNet_Original,40,1,1,0.0007141075911931694,0.9977250695228577,0.0015608442481607199
42,MobileNet_Original + MobileNet_Original,41,1,1,0.015917634591460228,0.9376298785209656,0.04645247757434845
42,MobileNet_Original + MobileNet_Original,42,1,1,0.004265463445335627,0.993065595626831,0.0026689725928008556
42,MobileNet_Original + MobileNet_Original,43,1,1,0.019966350868344307,0.9595015048980713,0.02053210139274597
42,MobileNet_Original + MobileNet_Original,44,1,1,0.03205445781350136,0.8951053619384766,0.072840116918087
42,MobileNet_Original + MobileNet_Original,45,1,1,0.012740492820739746,0.9656165242195129,0.021642940118908882
42,MobileNet_Original + MobileNet_Original,46,1,1,0.016669804230332375,0.9565418362617493,0.02678833156824112
42,MobileNet_Original + MobileNet_Original,47,2,2,0.014126744121313095,0.009139358066022396,0.976733922958374
42,MobileNet_Original + MobileNet_Original,48,2,2,0.012395460158586502,0.005034040194004774,0.982570469379425
42,MobileNet_Original + MobileNet_Original,49,2,2,0.26489222049713135,0.06544779241085052,0.6696599721908569
42,MobileNet_Original + MobileNet_Original,50,2,2,0.088231660425663,0.09558632969856262,0.816182017326355
42,MobileNet_Original + MobileNet_Original,51,2,2,0.3140578866004944,0.09216346591711044,0.593778669834137
42,MobileNet_Original + MobileNet_Original,52,2,2,0.03647567331790924,0.29486122727394104,0.6686631441116333
42,MobileNet_Original + MobileNet_Original,53,2,2,0.08477947115898132,0.023050503805279732,0.8921700119972229
42,MobileNet_Original + MobileNet_Original,54,2,2,0.012411710806190968,0.014814968220889568,0.9727733731269836
42,MobileNet_Original + MobileNet_Original,55,2,2,0.15270103514194489,0.028903279453516006,0.818395733833313
42,MobileNet_Original + MobileNet_Original,56,2,0,0.7534816861152649,0.0038873080629855394,0.24263104796409607
42,MobileNet_Original + MobileNet_Original,57,2,2,0.027389956638216972,0.13738062977790833,0.8352294564247131
42,MobileNet_Original + MobileNet_Original,58,2,2,0.10134158283472061,0.0052672866731882095,0.8933911919593811
42,MobileNet_RecPlot + MobileNet_RecPlot,32,1,1,0.07201814651489258,0.8783368468284607,0.049644991755485535
42,MobileNet_RecPlot + MobileNet_RecPlot,33,1,1,0.058936707675457,0.9058786034584045,0.03518470376729965
42,MobileNet_RecPlot + MobileNet_RecPlot,34,1,1,0.040436748415231705,0.9367172122001648,0.022846031934022903
42,MobileNet_RecPlot + MobileNet_RecPlot,35,1,1,0.03472136706113815,0.9493048787117004,0.015973776578903198
42,MobileNet_RecPlot + MobileNet_RecPlot,36,1,0,0.5778626203536987,0.15610919892787933,0.26602816581726074
42,MobileNet_RecPlot + MobileNet_RecPlot,37,1,1,0.015585824847221375,0.9661509990692139,0.018263213336467743
42,MobileNet_RecPlot + MobileNet_RecPlot,38,1,1,0.11863940209150314,0.8525195121765137,0.028841065242886543
42,MobileNet_RecPlot + MobileNet_RecPlot,39,1,0,0.42302757501602173,0.3789910674095154,0.19798138737678528
42,MobileNet_RecPlot + MobileNet_RecPlot,40,1,1,0.15350142121315002,0.7657485604286194,0.08075007051229477
42,MobileNet_RecPlot + MobileNet_RecPlot,41,1,2,0.0896294116973877,0.02402612194418907,0.8863444924354553
42,MobileNet_RecPlot + MobileNet_RecPlot,42,1,1,0.05188978835940361,0.8922816514968872,0.05582856014370918
42,MobileNet_RecPlot + MobileNet_RecPlot,43,1,1,0.27117276191711426,0.6888619065284729,0.039965320378541946
42,MobileNet_RecPlot + MobileNet_RecPlot,44,1,1,0.01600165292620659,0.9614447355270386,0.022553682327270508
42,MobileNet_RecPlot + MobileNet_RecPlot,45,1,0,0.8369761109352112,0.1404901146888733,0.022533781826496124
42,MobileNet_RecPlot + MobileNet_RecPlot,46,1,1,0.05657554417848587,0.8437928557395935,0.09963160008192062
42,MobileNet_RecPlot + MobileNet_RecPlot,47,2,2,0.030156360939145088,0.00230485200881958,0.9675388336181641
42,MobileNet_RecPlot + MobileNet_RecPlot,48,2,2,0.04045486822724342,0.004618160892277956,0.9549270272254944
42,MobileNet_RecPlot + MobileNet_RecPlot,49,2,1,0.2014954537153244,0.7607128024101257,0.03779177740216255
42,MobileNet_RecPlot + MobileNet_RecPlot,50,2,2,0.02334917150437832,0.03154239431023598,0.9451084733009338
42,MobileNet_RecPlot + MobileNet_RecPlot,51,2,2,0.017945067957043648,0.04286897927522659,0.9391859769821167
42,MobileNet_RecPlot + MobileNet_RecPlot,52,2,1,0.12973996996879578,0.6044368147850037,0.26582327485084534
42,MobileNet_RecPlot + MobileNet_RecPlot,53,2,2,0.02588026039302349,0.015464830212295055,0.9586548805236816
42,MobileNet_RecPlot + MobileNet_RecPlot,54,2,2,0.012412668205797672,0.02512246184051037,0.9624648690223694
42,MobileNet_RecPlot + MobileNet_RecPlot,55,2,0,0.9344748854637146,0.01789991557598114,0.04762519523501396
42,MobileNet_RecPlot + MobileNet_RecPlot,56,2,2,0.009999072179198265,0.05434161424636841,0.9356593489646912
42,MobileNet_RecPlot + MobileNet_RecPlot,57,2,1,0.04311097785830498,0.9056172370910645,0.051271818578243256
42,MobileNet_RecPlot + MobileNet_RecPlot,58,2,2,0.39772093296051025,0.0581539124250412,0.5441251993179321
42,EffNet_Original + EffNet_Original,32,1,1,0.016483498737215996,0.9506060481071472,0.032910462468862534
42,EffNet_Original + EffNet_Original,33,1,1,0.01659863069653511,0.804990828037262,0.1784105896949768
42,EffNet_Original + EffNet_Original,34,1,1,0.007489378564059734,0.9788684248924255,0.013642177917063236
42,EffNet_Original + EffNet_Original,35,1,1,0.011285275220870972,0.9616867303848267,0.027027973905205727
42,EffNet_Original + EffNet_Original,36,1,1,0.0015679175266996026,0.9974710941314697,0.0009610161068849266
42,EffNet_Original + EffNet_Original,37,1,1,0.0313849113881588,0.9462801814079285,0.022334927693009377
42,EffNet_Original + EffNet_Original,38,1,1,0.012960532680153847,0.9731192588806152,0.013920138590037823
42,EffNet_Original + EffNet_Original,39,1,1,0.0020220447331666946,0.9957804679870605,0.0021975385025143623
42,EffNet_Original + EffNet_Original,40,1,1,0.0007206518203020096,0.9985847473144531,0.0006946242065168917
42,EffNet_Original + EffNet_Original,41,1,1,0.0008531025960110128,0.9984815716743469,0.0006652757874689996
42,EffNet_Original + EffNet_Original,42,1,1,0.003833431052044034,0.9926773309707642,0.003489268943667412
42,EffNet_Original + EffNet_Original,43,1,1,0.014529706910252571,0.9805036783218384,0.004966624081134796
42,EffNet_Original + EffNet_Original,44,1,1,0.0025933871511369944,0.9947814345359802,0.002625173656269908
42,EffNet_Original + EffNet_Original,45,1,1,0.010745986364781857,0.985964298248291,0.003289690939709544
42,EffNet_Original + EffNet_Original,46,1,1,0.03219517320394516,0.9483765363693237,0.01942833885550499
42,EffNet_Original + EffNet_Original,47,2,2,0.04163559153676033,0.16562817990779877,0.7927362322807312
42,EffNet_Original + EffNet_Original,48,2,2,0.0023471859749406576,0.0005946606979705393,0.9970581531524658
42,EffNet_Original + EffNet_Original,49,2,2,0.06497183442115784,0.2179155796766281,0.7171126008033752
42,EffNet_Original + EffNet_Original,50,2,2,0.11308770626783371,0.09336800128221512,0.793544352054596
42,EffNet_Original + EffNet_Original,51,2,2,0.12745532393455505,0.08455910533666611,0.7879855632781982
42,EffNet_Original + EffNet_Original,52,2,2,0.018336299806833267,0.3903573155403137,0.5913063883781433
42,EffNet_Original + EffNet_Original,53,2,2,0.051869869232177734,0.0012783516431227326,0.9468517899513245
42,EffNet_Original + EffNet_Original,54,2,2,0.03294353559613228,0.0025265240110456944,0.9645299911499023
42,EffNet_Original + EffNet_Original,55,2,2,0.22997581958770752,0.003928071819245815,0.7660961151123047
42,EffNet_Original + EffNet_Original,56,2,2,0.12351331114768982,0.003441450884565711,0.8730452060699463
42,EffNet_Original + EffNet_Original,57,2,2,0.015583610162138939,0.030401667580008507,0.954014778137207
42,EffNet_Original + EffNet_Original,58,2,2,0.0024764379486441612,0.0002800324000418186,0.9972435235977173
42,EffNet_RecPlot + EffNet_RecPlot,32,1,1,0.003854826558381319,0.9956778287887573,0.00046738432138226926
42,EffNet_RecPlot + EffNet_RecPlot,33,1,1,0.0014914883067831397,0.9984215497970581,8.697115845279768e-05
42,EffNet_RecPlot + EffNet_RecPlot,34,1,1,0.03222795948386192,0.9674314260482788,0.00034064496867358685
42,EffNet_RecPlot + EffNet_RecPlot,35,1,1,0.0006077353027649224,0.9992565512657166,0.00013575376942753792
42,EffNet_RecPlot + EffNet_RecPlot,36,1,2,0.32286277413368225,0.010568710044026375,0.6665685176849365
42,EffNet_RecPlot + EffNet_RecPlot,37,1,1,0.00025569138233549893,0.9985097646713257,0.0012345274444669485
42,EffNet_RecPlot + EffNet_RecPlot,38,1,1,0.13271981477737427,0.8663655519485474,0.0009146120282821357
42,EffNet_RecPlot + EffNet_RecPlot,39,1,1,0.12902449071407318,0.8640546798706055,0.0069208899512887
42,EffNet_RecPlot + EffNet_RecPlot,40,1,1,0.008570743724703789,0.9889805316925049,0.0024487224873155355
42,EffNet_RecPlot + EffNet_RecPlot,41,1,2,0.013782293535768986,0.00618002051487565,0.9800376892089844
42,EffNet_RecPlot + EffNet_RecPlot,42,1,1,0.0013370959786698222,0.9969514608383179,0.0017114337533712387
42,EffNet_RecPlot + EffNet_RecPlot,43,1,1,0.17163091897964478,0.8206362128257751,0.007732921279966831
42,EffNet_RecPlot + EffNet_RecPlot,44,1,1,0.020668771117925644,0.9555486440658569,0.023782631382346153
42,EffNet_RecPlot + EffNet_RecPlot,45,1,1,0.2741057872772217,0.6978676319122314,0.02802652306854725
42,EffNet_RecPlot + EffNet_RecPlot,46,1,1,0.000996253453195095,0.9982779026031494,0.0007258561090566218
42,EffNet_RecPlot + EffNet_RecPlot,47,2,2,0.012581231072545052,0.004253617022186518,0.9831651449203491
42,EffNet_RecPlot + EffNet_RecPlot,48,2,2,0.011422364041209221,0.0045024859718978405,0.9840751886367798
42,EffNet_RecPlot + EffNet_RecPlot,49,2,1,0.029223790392279625,0.9693650603294373,0.0014111597556620836
42,EffNet_RecPlot + EffNet_RecPlot,50,2,2,0.04669789969921112,0.0040255081839859486,0.9492765665054321
42,EffNet_RecPlot + EffNet_RecPlot,51,2,2,0.09159240126609802,0.014572201296687126,0.8938354253768921
42,EffNet_RecPlot + EffNet_RecPlot,52,2,2,0.06876759976148605,0.06007775664329529,0.8711546063423157
42,EffNet_RecPlot + EffNet_RecPlot,53,2,2,0.04235144332051277,0.016692301258444786,0.9409562349319458
42,EffNet_RecPlot + EffNet_RecPlot,54,2,2,0.014841144904494286,0.01045529730618,0.9747035503387451
42,EffNet_RecPlot + EffNet_RecPlot,55,2,2,0.16903278231620789,0.03372086212038994,0.7972463965415955
42,EffNet_RecPlot + EffNet_RecPlot,56,2,2,0.004478952381759882,0.019657472148537636,0.9758635759353638
42,EffNet_RecPlot + EffNet_RecPlot,57,2,2,0.04907822236418724,0.0783022940158844,0.8726195096969604
42,EffNet_RecPlot + EffNet_RecPlot,58,2,0,0.6811871528625488,0.1031370759010315,0.2156757414340973
65,MobileNet_Original + MobileNet_RecPlot,0,0,1,0.4019883871078491,0.4129815101623535,0.18503010272979736
65,MobileNet_Original + MobileNet_RecPlot,1,0,1,0.24688802659511566,0.40881311893463135,0.3442988693714142
65,MobileNet_Original + MobileNet_RecPlot,2,0,0,0.45610910654067993,0.17086587846279144,0.3730250298976898
65,MobileNet_Original + MobileNet_RecPlot,3,0,1,0.36118069291114807,0.5285600423812866,0.11025930196046829
65,MobileNet_Original + MobileNet_RecPlot,4,0,0,0.9397019147872925,0.025478452444076538,0.034819576889276505
65,MobileNet_Original + MobileNet_RecPlot,5,0,0,0.9816833734512329,0.006331382319331169,0.011985217221081257
65,MobileNet_Original + MobileNet_RecPlot,6,0,0,0.9735985994338989,0.010572129860520363,0.015829261392354965
65,MobileNet_Original + MobileNet_RecPlot,7,0,1,0.07704409211874008,0.8803504705429077,0.0426054373383522
65,MobileNet_Original + MobileNet_RecPlot,8,0,0,0.6729909181594849,0.1687425971031189,0.15826645493507385
65,MobileNet_Original + MobileNet_RecPlot,9,0,0,0.6175371408462524,0.24864986538887024,0.13381299376487732
65,MobileNet_Original + MobileNet_RecPlot,10,0,0,0.9540460109710693,0.026163538917899132,0.019790489226579666
65,MobileNet_Original + MobileNet_RecPlot,11,0,1,0.33910059928894043,0.49233248829841614,0.16856692731380463
65,MobileNet_Original + MobileNet_RecPlot,12,0,0,0.9497730135917664,0.012717976234853268,0.037509020417928696
65,MobileNet_Original + MobileNet_RecPlot,13,0,0,0.5991549491882324,0.04378090798854828,0.3570641875267029
65,MobileNet_Original + MobileNet_RecPlot,14,0,0,0.9115911722183228,0.06844329088926315,0.019965533167123795
65,MobileNet_Original + MobileNet_RecPlot,15,0,1,0.1895214021205902,0.4314137399196625,0.3790648579597473
65,MobileNet_Original + MobileNet_RecPlot,16,0,2,0.39199554920196533,0.1345924437046051,0.47341200709342957
65,MobileNet_Original + MobileNet_RecPlot,17,0,0,0.9403203129768372,0.023128993809223175,0.03655067831277847
65,MobileNet_Original + MobileNet_RecPlot,18,1,1,0.07535422593355179,0.9096835851669312,0.014962220564484596
65,MobileNet_Original + MobileNet_RecPlot,19,1,1,0.0019408628577366471,0.9948258996009827,0.0032332795672118664
65,MobileNet_Original + MobileNet_RecPlot,20,1,1,0.004902197979390621,0.990644633769989,0.004453159403055906
65,MobileNet_Original + MobileNet_RecPlot,21,1,1,0.1783287227153778,0.6500887274742126,0.17158257961273193
65,MobileNet_Original + MobileNet_RecPlot,22,1,1,0.04965914785861969,0.9068773984909058,0.04346347227692604
65,MobileNet_Original + MobileNet_RecPlot,23,1,1,0.24251747131347656,0.6124895811080933,0.14499294757843018
65,MobileNet_Original + MobileNet_RecPlot,24,1,1,0.16874875128269196,0.6156796813011169,0.21557161211967468
65,MobileNet_Original + MobileNet_RecPlot,25,1,1,0.04090765863656998,0.866968035697937,0.09212429821491241
65,MobileNet_Original + MobileNet_RecPlot,26,1,1,0.1540263593196869,0.7748834490776062,0.07109025120735168
65,MobileNet_Original + MobileNet_RecPlot,27,1,1,0.036062825471162796,0.5882410407066345,0.3756961524486542
65,MobileNet_Original + MobileNet_RecPlot,28,1,1,0.08868046849966049,0.8862681984901428,0.025051351636648178
65,MobileNet_Original + MobileNet_RecPlot,29,1,1,0.008309029042720795,0.9633657932281494,0.028325174003839493
65,MobileNet_Original + MobileNet_RecPlot,30,1,1,0.05765850469470024,0.8459430932998657,0.09639839828014374
65,MobileNet_Original + MobileNet_RecPlot,31,1,1,0.018193770200014114,0.959408164024353,0.022397998720407486
65,MobileNet_Original + EffNet_Original,0,0,0,0.6366663575172424,0.27803999185562134,0.08529363572597504
65,MobileNet_Original + EffNet_Original,1,0,0,0.6031548976898193,0.35482174158096313,0.04202336072921753
65,MobileNet_Original + EffNet_Original,2,0,0,0.7720247507095337,0.182112455368042,0.0458628349006176
65,MobileNet_Original + EffNet_Original,3,0,0,0.49895957112312317,0.45269277691841125,0.04834769293665886
65,MobileNet_Original + EffNet_Original,4,0,0,0.9548391103744507,0.013464389368891716,0.03169652447104454
65,MobileNet_Original + EffNet_Original,5,0,0,0.9915558099746704,0.0025990388821810484,0.005845154635608196
65,MobileNet_Original + EffNet_Original,6,0,0,0.995917797088623,0.0026594349183142185,0.0014227112988010049
65,MobileNet_Original + EffNet_Original,7,0,1,0.32126784324645996,0.44837263226509094,0.23035955429077148
65,MobileNet_Original + EffNet_Original,8,0,0,0.8031247854232788,0.14675849676132202,0.050116732716560364
65,MobileNet_Original + EffNet_Original,9,0,0,0.8472802639007568,0.034570690244436264,0.11814901977777481
65,MobileNet_Original + EffNet_Original,10,0,0,0.987002968788147,0.00807960331439972,0.004917465150356293
65,MobileNet_Original + EffNet_Original,11,0,0,0.70536208152771,0.023083118721842766,0.2715548276901245
65,MobileNet_Original + EffNet_Original,12,0,0,0.9694280028343201,0.004967226646840572,0.02560478076338768
65,MobileNet_Original + EffNet_Original,13,0,0,0.8246519565582275,0.02895430289208889,0.14639365673065186
65,MobileNet_Original + EffNet_Original,14,0,0,0.9897336959838867,0.002739652991294861,0.007526688277721405
65,MobileNet_Original + EffNet_Original,15,0,0,0.6263490915298462,0.019528351724147797,0.3541225790977478
65,MobileNet_Original + EffNet_Original,16,0,0,0.6893272995948792,0.019102174788713455,0.2915705740451813
65,MobileNet_Original + EffNet_Original,17,0,0,0.9603646993637085,0.01008838601410389,0.029546931385993958
65,MobileNet_Original + EffNet_Original,18,1,1,0.021023113280534744,0.9571320414543152,0.021844862028956413
65,MobileNet_Original + EffNet_Original,19,1,1,0.00016336645057890564,0.9993862509727478,0.00045041475095786154
65,MobileNet_Original + EffNet_Original,20,1,1,0.0018287540879100561,0.9965469837188721,0.0016243086429312825
65,MobileNet_Original + EffNet_Original,21,1,1,0.017650524154305458,0.9236695766448975,0.05867990478873253
65,MobileNet_Original + EffNet_Original,22,1,1,0.009565007872879505,0.9756981134414673,0.014736877754330635
65,MobileNet_Original + EffNet_Original,23,1,1,0.03179894760251045,0.9369707107543945,0.031230378895998
65,MobileNet_Original + EffNet_Original,24,1,1,0.09708141535520554,0.7067370414733887,0.19618159532546997
65,MobileNet_Original + EffNet_Original,25,1,1,0.004432343412190676,0.912921130657196,0.08264651894569397
65,MobileNet_Original + EffNet_Original,26,1,1,0.0480872206389904,0.899093747138977,0.05281907320022583
65,MobileNet_Original + EffNet_Original,27,1,1,0.01389185432344675,0.6712586879730225,0.3148494362831116
65,MobileNet_Original + EffNet_Original,28,1,1,0.017054740339517593,0.9689141511917114,0.014031104743480682
65,MobileNet_Original + EffNet_Original,29,1,1,0.004453592002391815,0.9875394105911255,0.008006982505321503
65,MobileNet_Original + EffNet_Original,30,1,1,0.0463685542345047,0.8623142242431641,0.09131720662117004
65,MobileNet_Original + EffNet_Original,31,1,1,0.04149322211742401,0.8823789358139038,0.07612782716751099
65,MobileNet_Original + EffNet_RecPlot,0,0,2,0.30315861105918884,0.29033851623535156,0.4065028429031372
65,MobileNet_Original + EffNet_RecPlot,1,0,1,0.24221569299697876,0.4544617533683777,0.30332258343696594
65,MobileNet_Original + EffNet_RecPlot,2,0,0,0.4963345527648926,0.17315751314163208,0.33050793409347534
65,MobileNet_Original + EffNet_RecPlot,3,0,1,0.3084484934806824,0.5998640656471252,0.09168743342161179
65,MobileNet_Original + EffNet_RecPlot,4,0,0,0.9562332034111023,0.012892455793917179,0.0308743417263031
65,MobileNet_Original + EffNet_RecPlot,5,0,0,0.9812802672386169,0.0053060706704854965,0.013413645327091217
65,MobileNet_Original + EffNet_RecPlot,6,0,0,0.9930349588394165,0.0038487007841467857,0.0031163643579930067
65,MobileNet_Original + EffNet_RecPlot,7,0,1,0.08538542687892914,0.8660173416137695,0.048597268760204315
65,MobileNet_Original + EffNet_RecPlot,8,0,0,0.776612401008606,0.11914476007223129,0.10424287617206573
65,MobileNet_Original + EffNet_RecPlot,9,0,0,0.5509947538375854,0.09442341327667236,0.3545818030834198
65,MobileNet_Original + EffNet_RecPlot,10,0,0,0.9798996448516846,0.010643819347023964,0.009456540457904339
65,MobileNet_Original + EffNet_RecPlot,11,0,1,0.37385281920433044,0.44473978877067566,0.1814073771238327
65,MobileNet_Original + EffNet_RecPlot,12,0,0,0.9565736651420593,0.008932172320783138,0.03449413552880287
65,MobileNet_Original + EffNet_RecPlot,13,0,0,0.6761928796768188,0.037657760083675385,0.28614935278892517
65,MobileNet_Original + EffNet_RecPlot,14,0,0,0.9440953731536865,0.04189831763505936,0.014006346464157104
65,MobileNet_Original + EffNet_RecPlot,15,0,2,0.19625741243362427,0.3954431116580963,0.4082995057106018
65,MobileNet_Original + EffNet_RecPlot,16,0,2,0.37962907552719116,0.06209950149059296,0.5582714080810547
65,MobileNet_Original + EffNet_RecPlot,17,0,0,0.9564839005470276,0.011965424753725529,0.031550705432891846
65,MobileNet_Original + EffNet_RecPlot,18,1,1,0.00805584155023098,0.9907690286636353,0.001175134559161961
65,MobileNet_Original + EffNet_RecPlot,19,1,1,0.0028740339912474155,0.9911806583404541,0.0059453328140079975
65,MobileNet_Original + EffNet_RecPlot,20,1,1,0.0582890547811985,0.9240054488182068,0.017705470323562622
65,MobileNet_Original + EffNet_RecPlot,21,1,1,0.032440755516290665,0.7166080474853516,0.25095123052597046
65,MobileNet_Original + EffNet_RecPlot,22,1,1,0.01536488812416792,0.936235249042511,0.048399876803159714
65,MobileNet_Original + EffNet_RecPlot,23,1,1,0.26697373390197754,0.5706737041473389,0.16235263645648956
65,MobileNet_Original + EffNet_RecPlot,24,1,1,0.10338818281888962,0.7024075388908386,0.19420427083969116
65,MobileNet_Original + EffNet_RecPlot,25,1,1,0.022163083776831627,0.8930189609527588,0.08481791615486145
65,MobileNet_Original + EffNet_RecPlot,26,1,1,0.12207634747028351,0.8234421014785767,0.054481446743011475
65,MobileNet_Original + EffNet_RecPlot,27,1,2,0.05815541371703148,0.3713192939758301,0.5705252885818481
65,MobileNet_Original + EffNet_RecPlot,28,1,1,0.014538679271936417,0.9764052033424377,0.009056081995368004
65,MobileNet_Original + EffNet_RecPlot,29,1,1,0.007205125875771046,0.96209317445755,0.030701689422130585
65,MobileNet_Original + EffNet_RecPlot,30,1,1,0.056652992963790894,0.851730465888977,0.09161653369665146
65,MobileNet_Original + EffNet_RecPlot,31,1,1,0.021233579143881798,0.9537858366966248,0.024980586022138596
65,MobileNet_RecPlot + EffNet_Original,0,0,0,0.6675283908843994,0.18885882198810577,0.1436128169298172
65,MobileNet_RecPlot + EffNet_Original,1,0,0,0.6042110919952393,0.0707508847117424,0.32503804564476013
65,MobileNet_RecPlot + EffNet_Original,2,0,0,0.5776289701461792,0.05531667172908783,0.36705440282821655
65,MobileNet_RecPlot + EffNet_Original,3,0,0,0.6578569412231445,0.19716417789459229,0.14497891068458557
65,MobileNet_RecPlot + EffNet_Original,4,0,0,0.9780752658843994,0.015477776527404785,0.006446995306760073
65,MobileNet_RecPlot + EffNet_Original,5,0,0,0.9885154962539673,0.004148369189351797,0.007336115464568138
65,MobileNet_RecPlot + EffNet_Original,6,0,0,0.9743069410324097,0.010115374810993671,0.015577645972371101
65,MobileNet_RecPlot + EffNet_Original,7,0,1,0.2457803636789322,0.5659583210945129,0.18826134502887726
65,MobileNet_RecPlot + EffNet_Original,8,0,0,0.6438714265823364,0.16904304921627045,0.18708552420139313
65,MobileNet_RecPlot + EffNet_Original,9,0,0,0.5838398933410645,0.22141242027282715,0.1947476714849472
65,MobileNet_RecPlot + EffNet_Original,10,0,0,0.9599031209945679,0.019906694069504738,0.020190179347991943
65,MobileNet_RecPlot + EffNet_Original,11,0,1,0.41230183839797974,0.4764801859855652,0.11121802031993866
65,MobileNet_RecPlot + EffNet_Original,12,0,0,0.9647293090820312,0.008732407353818417,0.0265383031219244
65,MobileNet_RecPlot + EffNet_Original,13,0,0,0.76418536901474,0.0180276557803154,0.2177870273590088
65,MobileNet_RecPlot + EffNet_Original,14,0,0,0.9156376123428345,0.06696593761444092,0.017396392300724983
65,MobileNet_RecPlot + EffNet_Original,15,0,0,0.5119192004203796,0.424083411693573,0.06399740278720856
65,MobileNet_RecPlot + EffNet_Original,16,0,0,0.6991984248161316,0.11624789983034134,0.18455366790294647
65,MobileNet_RecPlot + EffNet_Original,17,0,0,0.9719434976577759,0.014352207072079182,0.013704262673854828
65,MobileNet_RecPlot + EffNet_Original,18,1,1,0.09406428039073944,0.8696686029434204,0.03626713156700134
65,MobileNet_RecPlot + EffNet_Original,19,1,1,0.001977101434022188,0.9945036172866821,0.0035192749928683043
65,MobileNet_RecPlot + EffNet_Original,20,1,1,0.004114342387765646,0.9908206462860107,0.00506500294432044
65,MobileNet_RecPlot + EffNet_Original,21,1,1,0.16442221403121948,0.6838551163673401,0.15172263979911804
65,MobileNet_RecPlot + EffNet_Original,22,1,1,0.04676767811179161,0.9172502756118774,0.035982102155685425
65,MobileNet_RecPlot + EffNet_Original,23,1,1,0.2344772070646286,0.6407535076141357,0.12476927787065506
65,MobileNet_RecPlot + EffNet_Original,24,1,1,0.07181909680366516,0.9015070199966431,0.02667381800711155
65,MobileNet_RecPlot + EffNet_Original,25,1,1,0.03658922389149666,0.9531845450401306,0.010226252488791943
65,MobileNet_RecPlot + EffNet_Original,26,1,1,0.1134774386882782,0.8348628282546997,0.051659755408763885
65,MobileNet_RecPlot + EffNet_Original,27,1,1,0.023523956537246704,0.8991755843162537,0.07730047404766083
65,MobileNet_RecPlot + EffNet_Original,28,1,1,0.08593303710222244,0.8837465643882751,0.03032039664685726
65,MobileNet_RecPlot + EffNet_Original,29,1,1,0.004195144400000572,0.9737419486045837,0.022062871605157852
65,MobileNet_RecPlot + EffNet_Original,30,1,1,0.012426871806383133,0.9783425331115723,0.009230630472302437
65,MobileNet_RecPlot + EffNet_Original,31,1,1,0.024125171825289726,0.9213607907295227,0.054514095187187195
65,MobileNet_RecPlot + EffNet_RecPlot,0,0,2,0.3340206444263458,0.2011573612689972,0.464821994304657
65,MobileNet_RecPlot + EffNet_RecPlot,1,0,2,0.2432718575000763,0.17039087414741516,0.5863372683525085
65,MobileNet_RecPlot + EffNet_RecPlot,2,0,2,0.3019387722015381,0.04636172950267792,0.6516995429992676
65,MobileNet_RecPlot + EffNet_RecPlot,3,0,0,0.46734586358070374,0.34433549642562866,0.1883186548948288
65,MobileNet_RecPlot + EffNet_RecPlot,4,0,0,0.9794692993164062,0.014905841089785099,0.0056248134933412075
65,MobileNet_RecPlot + EffNet_RecPlot,5,0,0,0.9782400131225586,0.006855400744825602,0.014904606156051159
65,MobileNet_RecPlot + EffNet_RecPlot,6,0,0,0.9714241027832031,0.011304640211164951,0.01727129891514778
65,MobileNet_RecPlot + EffNet_RecPlot,7,0,1,0.009897951036691666,0.9836030006408691,0.006499058101326227
65,MobileNet_RecPlot + EffNet_RecPlot,8,0,0,0.6173590421676636,0.14142930507659912,0.2412116527557373
65,MobileNet_RecPlot + EffNet_RecPlot,9,0,2,0.28755438327789307,0.28126513957977295,0.431180477142334
65,MobileNet_RecPlot + EffNet_RecPlot,10,0,0,0.9527998566627502,0.022470911964774132,0.024729255586862564
65,MobileNet_RecPlot + EffNet_RecPlot,11,0,1,0.08079258352518082,0.8981368541717529,0.02107057347893715
65,MobileNet_RecPlot + EffNet_RecPlot,12,0,0,0.9518749713897705,0.012697353959083557,0.03542765974998474
65,MobileNet_RecPlot + EffNet_RecPlot,13,0,0,0.6157262325286865,0.026731107383966446,0.3575426936149597
65,MobileNet_RecPlot + EffNet_RecPlot,14,0,0,0.8699992895126343,0.10612459480762482,0.023876048624515533
65,MobileNet_RecPlot + EffNet_RecPlot,15,0,1,0.0818275436758995,0.7999981641769409,0.11817431449890137
65,MobileNet_RecPlot + EffNet_RecPlot,16,0,2,0.3895002603530884,0.15924522280693054,0.45125454664230347
65,MobileNet_RecPlot + EffNet_RecPlot,17,0,0,0.9680626392364502,0.01622924394905567,0.015708034858107567
65,MobileNet_RecPlot + EffNet_RecPlot,18,1,1,0.08109701424837112,0.9033055901527405,0.015597408637404442
65,MobileNet_RecPlot + EffNet_RecPlot,19,1,1,0.0046877688728272915,0.9862980246543884,0.009014192968606949
65,MobileNet_RecPlot + EffNet_RecPlot,20,1,1,0.060574643313884735,0.9182791709899902,0.02114616334438324
65,MobileNet_RecPlot + EffNet_RecPlot,21,1,1,0.17921245098114014,0.4767935872077942,0.3439939618110657
65,MobileNet_RecPlot + EffNet_RecPlot,22,1,1,0.05256755277514458,0.8777873516082764,0.06964509934186935
65,MobileNet_RecPlot + EffNet_RecPlot,23,1,0,0.4696519374847412,0.2744565010070801,0.2558915317058563
65,MobileNet_RecPlot + EffNet_RecPlot,24,1,1,0.07812587171792984,0.8971776366233826,0.02469649724662304
65,MobileNet_RecPlot + EffNet_RecPlot,25,1,1,0.05431996285915375,0.9332823753356934,0.012397650629281998
65,MobileNet_RecPlot + EffNet_RecPlot,26,1,1,0.1874665915966034,0.7592113018035889,0.05332213640213013
65,MobileNet_RecPlot + EffNet_RecPlot,27,1,1,0.06778751313686371,0.5992361307144165,0.3329763114452362
65,MobileNet_RecPlot + EffNet_RecPlot,28,1,1,0.08341697603464127,0.8912376165390015,0.025345373898744583
65,MobileNet_RecPlot + EffNet_RecPlot,29,1,1,0.006946678273379803,0.9482957124710083,0.044757578521966934
65,MobileNet_RecPlot + EffNet_RecPlot,30,1,1,0.022711308673024178,0.9677586555480957,0.009529955685138702
65,MobileNet_RecPlot + EffNet_RecPlot,31,1,1,0.0038655255921185017,0.9927676320075989,0.003366856835782528
65,EffNet_Original + EffNet_RecPlot,0,0,0,0.5686986446380615,0.06621582061052322,0.36508554220199585
65,EffNet_Original + EffNet_RecPlot,1,0,0,0.5995387434959412,0.11639951914548874,0.2840617597103119
65,EffNet_Original + EffNet_RecPlot,2,0,0,0.6178544163703918,0.057608313858509064,0.3245373070240021
65,EffNet_Original + EffNet_RecPlot,3,0,0,0.6051247119903564,0.2684682309627533,0.12640704214572906
65,EffNet_Original + EffNet_RecPlot,4,0,0,0.9946064949035645,0.0028917768504470587,0.0025017564184963703
65,EffNet_Original + EffNet_RecPlot,5,0,0,0.9881123900413513,0.003123057074844837,0.008764543570578098
65,EffNet_Original + EffNet_RecPlot,6,0,0,0.993743360042572,0.003391945967450738,0.002864748239517212
65,EffNet_Original + EffNet_RecPlot,7,0,1,0.25412166118621826,0.55162513256073,0.19425314664840698
65,EffNet_Original + EffNet_RecPlot,8,0,0,0.7474928498268127,0.11944520473480225,0.133061945438385
65,EffNet_Original + EffNet_RecPlot,9,0,0,0.5172975063323975,0.06718596816062927,0.4155164957046509
65,EffNet_Original + EffNet_RecPlot,10,0,0,0.9857568144798279,0.004386974964290857,0.009856230579316616
65,EffNet_Original + EffNet_RecPlot,11,0,0,0.44705405831336975,0.4288874864578247,0.12405846267938614
65,EffNet_Original + EffNet_RecPlot,12,0,0,0.9715299606323242,0.004946604836732149,0.023523421958088875
65,EffNet_Original + EffNet_RecPlot,13,0,0,0.8412233591079712,0.011904507875442505,0.14687217772006989
65,EffNet_Original + EffNet_RecPlot,14,0,0,0.948141872882843,0.040420979261398315,0.011437205597758293
65,EffNet_Original + EffNet_RecPlot,15,0,0,0.5186551809310913,0.38811278343200684,0.09323203563690186
65,EffNet_Original + EffNet_RecPlot,16,0,0,0.6868319511413574,0.043754950165748596,0.2694130837917328
65,EffNet_Original + EffNet_RecPlot,17,0,0,0.9881070852279663,0.0031886391807347536,0.0087042897939682
65,EffNet_Original + EffNet_RecPlot,18,1,1,0.026765896007418633,0.9507540464401245,0.02248004823923111
65,EffNet_Original + EffNet_RecPlot,19,1,1,0.0029102726839482784,0.9908584356307983,0.006231328472495079
65,EffNet_Original + EffNet_RecPlot,20,1,1,0.05750120058655739,0.9241814613342285,0.018317313864827156
65,EffNet_Original + EffNet_RecPlot,21,1,1,0.018534252420067787,0.750374436378479,0.23109130561351776
65,EffNet_Original + EffNet_RecPlot,22,1,1,0.012473413720726967,0.9466080665588379,0.0409185029566288
65,EffNet_Original + EffNet_RecPlot,23,1,1,0.2589334547519684,0.5989376306533813,0.14212897419929504
65,EffNet_Original + EffNet_RecPlot,24,1,1,0.00645853579044342,0.9882349967956543,0.005306490231305361
65,EffNet_Original + EffNet_RecPlot,25,1,1,0.01784464903175831,0.9792355298995972,0.0029198734555393457
65,EffNet_Original + EffNet_RecPlot,26,1,1,0.0815274640917778,0.8834215998649597,0.03505096584558487
65,EffNet_Original + EffNet_RecPlot,27,1,1,0.04561654105782509,0.6822538375854492,0.2721295952796936
65,EffNet_Original + EffNet_RecPlot,28,1,1,0.011791256256401539,0.9738836288452148,0.014325129799544811
65,EffNet_Original + EffNet_RecPlot,29,1,1,0.003091241931542754,0.9724693894386292,0.024439388886094093
65,EffNet_Original + EffNet_RecPlot,30,1,1,0.011421361938118935,0.9841299057006836,0.004448763094842434
65,EffNet_Original + EffNet_RecPlot,31,1,1,0.02716497704386711,0.9157383441925049,0.057096678763628006
65,MobileNet_Original + MobileNet_Original,0,0,1,0.37112635374069214,0.502162754535675,0.1267109364271164
65,MobileNet_Original + MobileNet_Original,1,0,1,0.24583186209201813,0.6928839683532715,0.061284199357032776
65,MobileNet_Original + MobileNet_Original,2,0,0,0.6505048871040344,0.2976616621017456,0.05183347314596176
65,MobileNet_Original + MobileNet_Original,3,0,1,0.2022833228111267,0.7840886116027832,0.013628087006509304
65,MobileNet_Original + MobileNet_Original,4,0,0,0.9164658188819885,0.023465069010853767,0.06006911024451256
65,MobileNet_Original + MobileNet_Original,5,0,0,0.984723687171936,0.004782052244991064,0.010494256392121315
65,MobileNet_Original + MobileNet_Original,6,0,0,0.9952095150947571,0.00311618996784091,0.0016743274172767997
65,MobileNet_Original + MobileNet_Original,7,0,1,0.15253156423568726,0.7627648115158081,0.08470364660024643
65,MobileNet_Original + MobileNet_Original,8,0,0,0.832244336605072,0.14645804464817047,0.02129766158759594
65,MobileNet_Original + MobileNet_Original,9,0,0,0.8809775710105896,0.061808135360479355,0.05721433833241463
65,MobileNet_Original + MobileNet_Original,10,0,0,0.9811457991600037,0.014336448162794113,0.004517776425927877
65,MobileNet_Original + MobileNet_Original,11,0,0,0.6321608424186707,0.03893542289733887,0.3289037346839905
65,MobileNet_Original + MobileNet_Original,12,0,0,0.9544717073440552,0.008952794596552849,0.036575496196746826
65,MobileNet_Original + MobileNet_Original,13,0,0,0.6596215963363647,0.05470754951238632,0.28567081689834595
65,MobileNet_Original + MobileNet_Original,14,0,0,0.9856871962547302,0.004216991830617189,0.010095828212797642
65,MobileNet_Original + MobileNet_Original,15,0,2,0.3039512634277344,0.026858698576688766,0.6691900491714478
65,MobileNet_Original + MobileNet_Original,16,0,2,0.3821243643760681,0.03744672238826752,0.5804288983345032
65,MobileNet_Original + MobileNet_Original,17,0,0,0.9287415146827698,0.018865171819925308,0.0523933507502079
65,MobileNet_Original + MobileNet_Original,18,1,1,0.0023130574263632298,0.9971470236778259,0.0005399482324719429
65,MobileNet_Original + MobileNet_Original,19,1,1,0.00012712781608570367,0.9997084736824036,0.00016441916523035616
65,MobileNet_Original + MobileNet_Original,20,1,1,0.0026166096795350313,0.9963709712028503,0.0010124651016667485
65,MobileNet_Original + MobileNet_Original,21,1,1,0.031557027250528336,0.8899031281471252,0.07853983342647552
65,MobileNet_Original + MobileNet_Original,22,1,1,0.012456483207643032,0.9653252959251404,0.02221825160086155
65,MobileNet_Original + MobileNet_Original,23,1,1,0.03983921930193901,0.9087067246437073,0.05145404487848282
65,MobileNet_Original + MobileNet_Original,24,1,1,0.19401106238365173,0.4209095537662506,0.38507938385009766
65,MobileNet_Original + MobileNet_Original,25,1,1,0.00875078048557043,0.8267046213150024,0.16454456746578217
65,MobileNet_Original + MobileNet_Original,26,1,1,0.0886361226439476,0.8391143083572388,0.07224956154823303
65,MobileNet_Original + MobileNet_Original,27,1,2,0.026430724188685417,0.3603241741657257,0.6132451295852661
65,MobileNet_Original + MobileNet_Original,28,1,1,0.019802164286375046,0.9714357852935791,0.00876205787062645
65,MobileNet_Original + MobileNet_Original,29,1,1,0.008567477576434612,0.9771632552146912,0.014269285835325718
65,MobileNet_Original + MobileNet_Original,30,1,1,0.09160018712282181,0.7299148440361023,0.1784849762916565
65,MobileNet_Original + MobileNet_Original,31,1,1,0.03556182608008385,0.9204264879226685,0.04401173070073128
65,MobileNet_RecPlot + MobileNet_RecPlot,0,0,0,0.43285036087036133,0.32380032539367676,0.24334925413131714
65,MobileNet_RecPlot + MobileNet_RecPlot,1,0,2,0.2479441910982132,0.12474223971366882,0.6273135542869568
65,MobileNet_RecPlot + MobileNet_RecPlot,2,0,2,0.26171332597732544,0.044070083647966385,0.6942166090011597
65,MobileNet_RecPlot + MobileNet_RecPlot,3,0,0,0.5200780630111694,0.27303141355514526,0.2068905234336853
65,MobileNet_RecPlot + MobileNet_RecPlot,4,0,0,0.9629380702972412,0.027491839602589607,0.009570051915943623
65,MobileNet_RecPlot + MobileNet_RecPlot,5,0,0,0.9786431193351746,0.007880712859332561,0.013476178050041199
65,MobileNet_RecPlot + MobileNet_RecPlot,6,0,0,0.9519877433776855,0.018028071150183678,0.02998419851064682
65,MobileNet_RecPlot + MobileNet_RecPlot,7,0,1,0.001556617091409862,0.9979361295700073,0.0005072250496596098
65,MobileNet_RecPlot + MobileNet_RecPlot,8,0,0,0.5137376189231873,0.19102714955806732,0.2952352464199066
65,MobileNet_RecPlot + MobileNet_RecPlot,9,0,1,0.35409674048423767,0.4354915916919708,0.21041163802146912
65,MobileNet_RecPlot + MobileNet_RecPlot,10,0,0,0.9269461631774902,0.03799062967300415,0.03506320342421532
65,MobileNet_RecPlot + MobileNet_RecPlot,11,0,1,0.04604034870862961,0.9457295536994934,0.00823012925684452
65,MobileNet_RecPlot + MobileNet_RecPlot,12,0,0,0.9450743198394775,0.016483156010508537,0.03844254091382027
65,MobileNet_RecPlot + MobileNet_RecPlot,13,0,0,0.5386882424354553,0.03285425528883934,0.4284575581550598
65,MobileNet_RecPlot + MobileNet_RecPlot,14,0,0,0.8374952077865601,0.1326695829629898,0.029835239052772522
65,MobileNet_RecPlot + MobileNet_RecPlot,15,0,1,0.07509153336286545,0.8359687924385071,0.08893968909978867
65,MobileNet_RecPlot + MobileNet_RecPlot,16,0,0,0.40186673402786255,0.23173817992210388,0.36639511585235596
65,MobileNet_RecPlot + MobileNet_RecPlot,17,0,0,0.9518992304801941,0.027392815798521042,0.020708011463284492
65,MobileNet_RecPlot + MobileNet_RecPlot,18,1,1,0.1483953893184662,0.8222201466560364,0.029384493827819824
65,MobileNet_RecPlot + MobileNet_RecPlot,19,1,1,0.0037545976229012012,0.989943265914917,0.006302139721810818
65,MobileNet_RecPlot + MobileNet_RecPlot,20,1,1,0.007187786046415567,0.9849183559417725,0.007893853820860386
65,MobileNet_RecPlot + MobileNet_RecPlot,21,1,1,0.3251004219055176,0.41027429699897766,0.26462531089782715
65,MobileNet_RecPlot + MobileNet_RecPlot,22,1,1,0.08686181157827377,0.8484295010566711,0.06470869481563568
65,MobileNet_RecPlot + MobileNet_RecPlot,23,1,0,0.445195734500885,0.31627243757247925,0.23853184282779694
65,MobileNet_RecPlot + MobileNet_RecPlot,24,1,1,0.14348644018173218,0.8104497790336609,0.046063829213380814
65,MobileNet_RecPlot + MobileNet_RecPlot,25,1,1,0.07306454330682755,0.9072314500808716,0.019704030826687813
65,MobileNet_RecPlot + MobileNet_RecPlot,26,1,1,0.2194165736436844,0.7106525301933289,0.06993093341588974
65,MobileNet_RecPlot + MobileNet_RecPlot,27,1,1,0.045694924890995026,0.816157877445221,0.13814719021320343
65,MobileNet_RecPlot + MobileNet_RecPlot,28,1,1,0.15755875408649445,0.8011006116867065,0.04134064167737961
65,MobileNet_RecPlot + MobileNet_RecPlot,29,1,1,0.008050582371652126,0.9495683908462524,0.04238106682896614
65,MobileNet_RecPlot + MobileNet_RecPlot,30,1,1,0.023716820403933525,0.9619714021682739,0.01431182399392128
65,MobileNet_RecPlot + MobileNet_RecPlot,31,1,1,0.0008257206063717604,0.9983900785446167,0.0007842725608497858
65,EffNet_Original + EffNet_Original,0,0,0,0.9022064208984375,0.05391727760434151,0.043876346200704575
65,EffNet_Original + EffNet_Original,1,0,0,0.9604779481887817,0.016759533435106277,0.022762518376111984
65,EffNet_Original + EffNet_Original,2,0,0,0.8935445547103882,0.06656325608491898,0.03989219665527344
65,EffNet_Original + EffNet_Original,3,0,0,0.7956358194351196,0.12129692733287811,0.08306729793548584
65,EffNet_Original + EffNet_Original,4,0,0,0.9932124018669128,0.0034637106582522392,0.0033239382319152355
65,EffNet_Original + EffNet_Original,5,0,0,0.9983879327774048,0.00041602569399401546,0.0011960533447563648
65,EffNet_Original + EffNet_Original,6,0,0,0.9966262578964233,0.0022026803344488144,0.0011710955295711756
65,EffNet_Original + EffNet_Original,7,0,0,0.49000412225723267,0.13398046791553497,0.37601545453071594
65,EffNet_Original + EffNet_Original,8,0,0,0.7740051746368408,0.14705893397331238,0.07893580198287964
65,EffNet_Original + EffNet_Original,9,0,0,0.8135830163955688,0.007333250250667334,0.1790837049484253
65,EffNet_Original + EffNet_Original,10,0,0,0.9928600192070007,0.001822758698835969,0.005317153874784708
65,EffNet_Original + EffNet_Original,11,0,0,0.7785633206367493,0.007230815477669239,0.21420590579509735
65,EffNet_Original + EffNet_Original,12,0,0,0.984384298324585,0.0009816584642976522,0.01463406439870596
65,EffNet_Original + EffNet_Original,13,0,0,0.9896824955940247,0.0032010560389608145,0.007116483524441719
65,EffNet_Original + EffNet_Original,14,0,0,0.9937801957130432,0.0012623139191418886,0.004957547876983881
65,EffNet_Original + EffNet_Original,15,0,0,0.9487468600273132,0.012198006734251976,0.03905511647462845
65,EffNet_Original + EffNet_Original,16,0,0,0.9965301752090454,0.0007576221833005548,0.002712210174649954
65,EffNet_Original + EffNet_Original,17,0,0,0.9919878244400024,0.0013116016052663326,0.006700516678392887
65,EffNet_Original + EffNet_Original,18,1,1,0.0397331677377224,0.9171170592308044,0.04314977675676346
65,EffNet_Original + EffNet_Original,19,1,1,0.0001996050850721076,0.999064028263092,0.0007364103221334517
65,EffNet_Original + EffNet_Original,20,1,1,0.0010408986127004027,0.9967229962348938,0.0022361523006111383
65,EffNet_Original + EffNet_Original,21,1,1,0.003744020825251937,0.9574360251426697,0.03881997987627983
65,EffNet_Original + EffNet_Original,22,1,1,0.0066735344007611275,0.986070990562439,0.00725550577044487
65,EffNet_Original + EffNet_Original,23,1,1,0.023758677765727043,0.965234637260437,0.011006711982190609
65,EffNet_Original + EffNet_Original,24,1,1,0.0001517682831035927,0.9925643801689148,0.007283814717084169
65,EffNet_Original + EffNet_Original,25,1,1,0.00011390677536837757,0.9991376399993896,0.0007484747329726815
65,EffNet_Original + EffNet_Original,26,1,1,0.0075383177027106285,0.9590731263160706,0.03338858112692833
65,EffNet_Original + EffNet_Original,27,1,1,0.001352983876131475,0.9821932911872864,0.016453741118311882
65,EffNet_Original + EffNet_Original,28,1,1,0.014307316392660141,0.9663925170898438,0.019300151616334915
65,EffNet_Original + EffNet_Original,29,1,1,0.0003397077671252191,0.9979156255722046,0.0017446805723011494
65,EffNet_Original + EffNet_Original,30,1,1,0.0011369235580787063,0.9947136640548706,0.004149437882006168
65,EffNet_Original + EffNet_Original,31,1,1,0.047424621880054474,0.8443315029144287,0.1082439199090004
65,EffNet_RecPlot + EffNet_RecPlot,0,0,2,0.23519088327884674,0.07851435989141464,0.6862947344779968
65,EffNet_RecPlot + EffNet_RecPlot,1,0,2,0.23859953880310059,0.2160395085811615,0.5453609824180603
65,EffNet_RecPlot + EffNet_RecPlot,2,0,2,0.3421642482280731,0.04865337163209915,0.6091824173927307
65,EffNet_RecPlot + EffNet_RecPlot,3,0,1,0.41461366415023804,0.4156395494937897,0.1697467863559723
65,EffNet_RecPlot + EffNet_RecPlot,4,0,0,0.9960005879402161,0.0023198432754725218,0.0016795748379081488
65,EffNet_RecPlot + EffNet_RecPlot,5,0,0,0.9778368473052979,0.005830088630318642,0.01633303426206112
65,EffNet_RecPlot + EffNet_RecPlot,6,0,0,0.9908603429794312,0.004581211134791374,0.004558400716632605
65,EffNet_RecPlot + EffNet_RecPlot,7,0,1,0.018239285796880722,0.969269871711731,0.012490890920162201
65,EffNet_RecPlot + EffNet_RecPlot,8,0,0,0.7209804654121399,0.09183147549629211,0.18718808889389038
65,EffNet_RecPlot + EffNet_RecPlot,9,0,2,0.22101204097270966,0.12703868746757507,0.6519492864608765
65,EffNet_RecPlot + EffNet_RecPlot,10,0,0,0.9786534905433655,0.006951190531253815,0.014395305886864662
65,EffNet_RecPlot + EffNet_RecPlot,11,0,1,0.11554481834173203,0.8505441546440125,0.03391101956367493
65,EffNet_RecPlot + EffNet_RecPlot,12,0,0,0.9586756825447083,0.008911550976336002,0.032412778586149216
65,EffNet_RecPlot + EffNet_RecPlot,13,0,0,0.692764163017273,0.02060795947909355,0.286627858877182
65,EffNet_RecPlot + EffNet_RecPlot,14,0,0,0.9025034308433533,0.07957963645458221,0.017916861921548843
65,EffNet_RecPlot + EffNet_RecPlot,15,0,1,0.08856355398893356,0.7640275359153748,0.14740894734859467
65,EffNet_RecPlot + EffNet_RecPlot,16,0,2,0.3771337568759918,0.0867522805929184,0.536113977432251
65,EffNet_RecPlot + EffNet_RecPlot,17,0,0,0.9842262864112854,0.005065676756203175,0.010708062909543514
65,EffNet_RecPlot + EffNet_RecPlot,18,1,1,0.013798627071082592,0.9843910336494446,0.001810321002267301
65,EffNet_RecPlot + EffNet_RecPlot,19,1,1,0.005620940122753382,0.9826527833938599,0.01172624621540308
65,EffNet_RecPlot + EffNet_RecPlot,20,1,1,0.11396150290966034,0.851639986038208,0.03439847379922867
65,EffNet_RecPlot + EffNet_RecPlot,21,1,1,0.033324483782052994,0.5433129072189331,0.4233626425266266
65,EffNet_RecPlot + EffNet_RecPlot,22,1,1,0.01827329397201538,0.9071452617645264,0.07458150386810303
65,EffNet_RecPlot + EffNet_RecPlot,23,1,0,0.4941082298755646,0.2326405644416809,0.2732512354850769
65,EffNet_RecPlot + EffNet_RecPlot,24,1,1,0.012765304185450077,0.983905553817749,0.0033291648142039776
65,EffNet_RecPlot + EffNet_RecPlot,25,1,1,0.03557538986206055,0.9593333601951599,0.005091272294521332
65,EffNet_RecPlot + EffNet_RecPlot,26,1,1,0.1555166095495224,0.8077700734138489,0.03671335056424141
65,EffNet_RecPlot + EffNet_RecPlot,27,1,2,0.08988010138273239,0.38231444358825684,0.5278054475784302
65,EffNet_RecPlot + EffNet_RecPlot,28,1,1,0.009275196120142937,0.9813746809959412,0.009350107982754707
65,EffNet_RecPlot + EffNet_RecPlot,29,1,1,0.005842775572091341,0.9470231533050537,0.047134093940258026
65,EffNet_RecPlot + EffNet_RecPlot,30,1,1,0.02170580066740513,0.9735461473464966,0.004748088773339987
65,EffNet_RecPlot + EffNet_RecPlot,31,1,1,0.006905331276357174,0.9871452450752258,0.005949441343545914
65,MobileNet_Original + MobileNet_RecPlot,32,1,1,0.023302283138036728,0.8568376302719116,0.11986008286476135
65,MobileNet_Original + MobileNet_RecPlot,33,1,1,0.027928201481699944,0.9339560270309448,0.038115788251161575
65,MobileNet_Original + MobileNet_RecPlot,34,1,1,0.050481002777814865,0.6328151822090149,0.31670379638671875
65,MobileNet_Original + MobileNet_RecPlot,35,1,1,0.036122605204582214,0.906319260597229,0.05755816400051117
65,MobileNet_Original + MobileNet_RecPlot,36,1,1,0.25307542085647583,0.6373900175094604,0.10953455418348312
65,MobileNet_Original + MobileNet_RecPlot,37,1,1,0.002468259073793888,0.994199275970459,0.0033324554096907377
65,MobileNet_Original + MobileNet_RecPlot,38,1,1,0.06158920004963875,0.9033389687538147,0.03507187217473984
65,MobileNet_Original + MobileNet_RecPlot,39,1,1,0.08719667792320251,0.8157904148101807,0.09701289236545563
65,MobileNet_Original + MobileNet_RecPlot,40,1,1,0.03908728435635567,0.9187867641448975,0.0421258918941021
65,MobileNet_Original + MobileNet_RecPlot,41,1,1,0.11398713290691376,0.5101231336593628,0.37588968873023987
65,MobileNet_Original + MobileNet_RecPlot,42,1,1,0.005868666805326939,0.9806810021400452,0.01345035433769226
65,MobileNet_Original + MobileNet_RecPlot,43,1,1,0.16723451018333435,0.8146302700042725,0.018135175108909607
65,MobileNet_Original + MobileNet_RecPlot,44,1,1,0.011091094464063644,0.9777008295059204,0.011208008043467999
65,MobileNet_Original + MobileNet_RecPlot,45,1,1,0.19255739450454712,0.7653401494026184,0.04210243374109268
65,MobileNet_Original + MobileNet_RecPlot,46,1,1,0.05443533509969711,0.9134775996208191,0.03208710253238678
65,MobileNet_Original + MobileNet_RecPlot,47,2,2,0.13638311624526978,0.0213235504925251,0.8422933220863342
65,MobileNet_Original + MobileNet_RecPlot,48,2,2,0.09761388599872589,0.018164806067943573,0.8842213153839111
65,MobileNet_Original + MobileNet_RecPlot,49,2,2,0.04668779671192169,0.4698455035686493,0.4834666848182678
65,MobileNet_Original + MobileNet_RecPlot,50,2,2,0.1936597377061844,0.093461774289608,0.7128785252571106
65,MobileNet_Original + MobileNet_RecPlot,51,2,2,0.2802003026008606,0.22640836238861084,0.49339136481285095
65,MobileNet_Original + MobileNet_RecPlot,52,2,1,0.05247274413704872,0.4927874803543091,0.4547397494316101
65,MobileNet_Original + MobileNet_RecPlot,53,2,2,0.24388308823108673,0.022699780762195587,0.7334171533584595
65,MobileNet_Original + MobileNet_RecPlot,54,2,2,0.022581934928894043,0.04597654566168785,0.9314415454864502
65,MobileNet_Original + MobileNet_RecPlot,55,2,0,0.5403752326965332,0.03021211363375187,0.4294126629829407
65,MobileNet_Original + MobileNet_RecPlot,56,2,2,0.05684081092476845,0.06406185030937195,0.8790973424911499
65,MobileNet_Original + MobileNet_RecPlot,57,2,1,0.10375308245420456,0.514744758605957,0.3815021514892578
65,MobileNet_Original + MobileNet_RecPlot,58,2,2,0.2615678906440735,0.11622914671897888,0.62220299243927
65,MobileNet_Original + EffNet_Original,32,1,1,0.012408738024532795,0.88717120885849,0.1004200354218483
65,MobileNet_Original + EffNet_Original,33,1,1,0.00409686891362071,0.9703300595283508,0.025573045015335083
65,MobileNet_Original + EffNet_Original,34,1,1,0.019089655950665474,0.6716300845146179,0.30928027629852295
65,MobileNet_Original + EffNet_Original,35,1,1,0.008090168237686157,0.7761837840080261,0.21572604775428772
65,MobileNet_Original + EffNet_Original,36,1,1,0.002771261613816023,0.9957269430160522,0.0015018137637525797
65,MobileNet_Original + EffNet_Original,37,1,1,0.054133012890815735,0.7967737317085266,0.14909328520298004
65,MobileNet_Original + EffNet_Original,38,1,1,0.03263023495674133,0.9466177821159363,0.020751968026161194
65,MobileNet_Original + EffNet_Original,39,1,1,0.005143898539245129,0.9746143221855164,0.020241815596818924
65,MobileNet_Original + EffNet_Original,40,1,1,0.0007115378393791616,0.9983237981796265,0.0009646216640248895
65,MobileNet_Original + EffNet_Original,41,1,1,0.004123981110751629,0.989966869354248,0.005909164436161518
65,MobileNet_Original + EffNet_Original,42,1,1,0.003576511051505804,0.9935242533683777,0.0028992369771003723
65,MobileNet_Original + EffNet_Original,43,1,1,0.02251882664859295,0.9661941528320312,0.011287057772278786
65,MobileNet_Original + EffNet_Original,44,1,1,0.008551208302378654,0.9817755222320557,0.009673291817307472
65,MobileNet_Original + EffNet_Original,45,1,1,0.06730175763368607,0.8685491681098938,0.06414911150932312
65,MobileNet_Original + EffNet_Original,46,1,1,0.015346728265285492,0.9536129832267761,0.031040286645293236
65,MobileNet_Original + EffNet_Original,47,2,2,0.04650866612792015,0.15564513206481934,0.7978461980819702
65,MobileNet_Original + EffNet_Original,48,2,2,0.00862107239663601,0.004100039601325989,0.987278938293457
65,MobileNet_Original + EffNet_Original,49,2,2,0.12338606268167496,0.11528460681438446,0.7613293528556824
65,MobileNet_Original + EffNet_Original,50,2,2,0.02007499523460865,0.01822933554649353,0.961695671081543
65,MobileNet_Original + EffNet_Original,51,2,2,0.25300025939941406,0.04963146522641182,0.697368323802948
65,MobileNet_Original + EffNet_Original,52,2,2,0.03134865313768387,0.2916836142539978,0.6769677400588989
65,MobileNet_Original + EffNet_Original,53,2,2,0.23639826476573944,0.009121676906943321,0.7544800639152527
65,MobileNet_Original + EffNet_Original,54,2,2,0.019211716949939728,0.009797126054763794,0.9709911346435547
65,MobileNet_Original + EffNet_Original,55,2,2,0.19301149249076843,0.004001375753432512,0.8029870986938477
65,MobileNet_Original + EffNet_Original,56,2,2,0.09739027172327042,0.0006486043566837907,0.9019611477851868
65,MobileNet_Original + EffNet_Original,57,2,2,0.05320082604885101,0.19388888776302338,0.7529102563858032
65,MobileNet_Original + EffNet_Original,58,2,2,0.008962378837168217,0.00031900161411613226,0.9907186031341553
65,MobileNet_Original + EffNet_RecPlot,32,1,1,0.023041628301143646,0.874841570854187,0.10211680084466934
65,MobileNet_Original + EffNet_RecPlot,33,1,1,0.014057140797376633,0.959229588508606,0.026713252067565918
65,MobileNet_Original + EffNet_RecPlot,34,1,1,0.07728941738605499,0.6234008073806763,0.29930979013442993
65,MobileNet_Original + EffNet_RecPlot,35,1,1,0.019915683194994926,0.9384557008743286,0.04162865877151489
65,MobileNet_Original + EffNet_RecPlot,36,1,1,0.29328468441963196,0.5555812120437622,0.15113410353660583
65,MobileNet_Original + EffNet_RecPlot,37,1,1,0.002008525189012289,0.9948425889015198,0.003148942021653056
65,MobileNet_Original + EffNet_RecPlot,38,1,1,0.08388344943523407,0.8986014127731323,0.017515093088150024
65,MobileNet_Original + EffNet_RecPlot,39,1,1,0.08011351525783539,0.8716669082641602,0.04821957275271416
65,MobileNet_Original + EffNet_RecPlot,40,1,1,0.009497277438640594,0.9862552881240845,0.004247465170919895
65,MobileNet_Original + EffNet_RecPlot,41,1,1,0.15190213918685913,0.5077948570251465,0.340302973985672
65,MobileNet_Original + EffNet_RecPlot,42,1,1,0.0021949680522084236,0.996006190776825,0.0017988934414461255
65,MobileNet_Original + EffNet_RecPlot,43,1,1,0.2770748436450958,0.693633496761322,0.029291683807969093
65,MobileNet_Original + EffNet_RecPlot,44,1,1,0.020896025002002716,0.9506138563156128,0.028490161523222923
65,MobileNet_Original + EffNet_RecPlot,45,1,1,0.3248968720436096,0.5807633996009827,0.09433973580598831
65,MobileNet_Original + EffNet_RecPlot,46,1,1,0.012515122070908546,0.9742878675460815,0.013197015970945358
65,MobileNet_Original + EffNet_RecPlot,47,2,2,0.11036071181297302,0.025189319625496864,0.8644499778747559
65,MobileNet_Original + EffNet_RecPlot,48,2,2,0.06361691653728485,0.014584975317120552,0.9217981100082397
65,MobileNet_Original + EffNet_RecPlot,49,2,1,0.029944976791739464,0.4890082776546478,0.48104673624038696
65,MobileNet_Original + EffNet_RecPlot,50,2,2,0.17920419573783875,0.10997986048460007,0.710815966129303
65,MobileNet_Original + EffNet_RecPlot,51,2,2,0.32190436124801636,0.2667812407016754,0.4113144278526306
65,MobileNet_Original + EffNet_RecPlot,52,2,2,0.048612236976623535,0.24126741290092468,0.7101203203201294
65,MobileNet_Original + EffNet_RecPlot,53,2,2,0.24823276698589325,0.02558954246342182,0.7261776924133301
65,MobileNet_Original + EffNet_RecPlot,54,2,2,0.019431982189416885,0.02310921624302864,0.9574587941169739
65,MobileNet_Original + EffNet_RecPlot,55,2,0,0.5453472137451172,0.02367544174194336,0.43097734451293945
65,MobileNet_Original + EffNet_RecPlot,56,2,2,0.04879213124513626,0.010672226548194885,0.9405356645584106
65,MobileNet_Original + EffNet_RecPlot,57,2,1,0.08954191207885742,0.5670767426490784,0.3433813452720642
65,MobileNet_Original + EffNet_RecPlot,58,2,2,0.3841754198074341,0.04922136291861534,0.5666032433509827
65,MobileNet_RecPlot + EffNet_Original,32,1,1,0.013460391201078892,0.953164279460907,0.033375333994627
65,MobileNet_RecPlot + EffNet_Original,33,1,1,0.02395692840218544,0.9601091742515564,0.015933888033032417
65,MobileNet_RecPlot + EffNet_Original,34,1,1,0.04240972548723221,0.8959125876426697,0.061677683144807816
65,MobileNet_RecPlot + EffNet_Original,35,1,1,0.03762771561741829,0.7589498162269592,0.20342248678207397
65,MobileNet_RecPlot + EffNet_Original,36,1,1,0.2551879584789276,0.6341751217842102,0.11063696444034576
65,MobileNet_RecPlot + EffNet_Original,37,1,1,0.056445974856615067,0.7912797927856445,0.15227428078651428
65,MobileNet_RecPlot + EffNet_Original,38,1,1,0.03773540258407593,0.9293015003204346,0.032963067293167114
65,MobileNet_RecPlot + EffNet_Original,39,1,1,0.08400973677635193,0.8360199928283691,0.07997026294469833
65,MobileNet_RecPlot + EffNet_Original,40,1,1,0.03919427469372749,0.9179458022117615,0.04285985231399536
65,MobileNet_RecPlot + EffNet_Original,41,1,1,0.11006278544664383,0.5192471146583557,0.37069010734558105
65,MobileNet_RecPlot + EffNet_Original,42,1,1,0.0071129221469163895,0.9778833985328674,0.015003693290054798
65,MobileNet_RecPlot + EffNet_Original,43,1,1,0.15099041163921356,0.8368433713912964,0.012166245840489864
65,MobileNet_RecPlot + EffNet_Original,44,1,1,0.00803702138364315,0.9803022146224976,0.011660775169730186
65,MobileNet_RecPlot + EffNet_Original,45,1,1,0.24196287989616394,0.6727463006973267,0.0852908045053482
65,MobileNet_RecPlot + EffNet_Original,46,1,1,0.04947430640459061,0.9068956971168518,0.04362999275326729
65,MobileNet_RecPlot + EffNet_Original,47,2,2,0.0960371121764183,0.1534893959760666,0.7504734992980957
65,MobileNet_RecPlot + EffNet_Original,48,2,2,0.0898829773068428,0.014223258942365646,0.8958937525749207
65,MobileNet_RecPlot + EffNet_Original,49,2,1,0.13199804723262787,0.5817087292671204,0.2862931787967682
65,MobileNet_RecPlot + EffNet_Original,50,2,2,0.18024981021881104,0.08502460271120071,0.7347255945205688
65,MobileNet_RecPlot + EffNet_Original,51,2,2,0.08260195702314377,0.1867770403623581,0.7306210398674011
65,MobileNet_RecPlot + EffNet_Original,52,2,1,0.0419081412255764,0.5473662614822388,0.41072556376457214
65,MobileNet_RecPlot + EffNet_Original,53,2,2,0.041076891124248505,0.015397884882986546,0.9435252547264099
65,MobileNet_RecPlot + EffNet_Original,54,2,2,0.025864174589514732,0.03823291137814522,0.9359028935432434
65,MobileNet_RecPlot + EffNet_Original,55,2,0,0.5164864659309387,0.027434615418314934,0.45607897639274597
65,MobileNet_RecPlot + EffNet_Original,56,2,2,0.08231232315301895,0.063869409263134,0.8538182973861694
65,MobileNet_RecPlot + EffNet_Original,57,2,2,0.07186990231275558,0.3302960991859436,0.5978339910507202
65,MobileNet_RecPlot + EffNet_Original,58,2,2,0.25886496901512146,0.11601431667804718,0.6251207590103149
65,MobileNet_RecPlot + EffNet_RecPlot,32,1,1,0.024093283340334892,0.940834641456604,0.035072095692157745
65,MobileNet_RecPlot + EffNet_RecPlot,33,1,1,0.03391719609498978,0.9490087032318115,0.017074095085263252
65,MobileNet_RecPlot + EffNet_RecPlot,34,1,1,0.10060948878526688,0.847683310508728,0.0517071858048439
65,MobileNet_RecPlot + EffNet_RecPlot,35,1,1,0.04945322498679161,0.9212217330932617,0.02932509407401085
65,MobileNet_RecPlot + EffNet_RecPlot,36,1,0,0.5457013845443726,0.19402939081192017,0.26026925444602966
65,MobileNet_RecPlot + EffNet_RecPlot,37,1,1,0.004321487154811621,0.9893485903739929,0.006329944357275963
65,MobileNet_RecPlot + EffNet_RecPlot,38,1,1,0.08898861706256866,0.8812851905822754,0.029726192355155945
65,MobileNet_RecPlot + EffNet_RecPlot,39,1,1,0.1589793562889099,0.7330726385116577,0.10794802010059357
65,MobileNet_RecPlot + EffNet_RecPlot,40,1,1,0.04798001050949097,0.9058772325515747,0.04614269733428955
65,MobileNet_RecPlot + EffNet_RecPlot,41,1,2,0.25784093141555786,0.037075139582157135,0.7050839066505432
65,MobileNet_RecPlot + EffNet_RecPlot,42,1,1,0.005731378216296434,0.9803652763366699,0.01390334963798523
65,MobileNet_RecPlot + EffNet_RecPlot,43,1,1,0.4055464565753937,0.5642827153205872,0.030170874670147896
65,MobileNet_RecPlot + EffNet_RecPlot,44,1,1,0.020381838083267212,0.9491404294967651,0.03047764115035534
65,MobileNet_RecPlot + EffNet_RecPlot,45,1,0,0.4995579719543457,0.3849605917930603,0.115481436252594
65,MobileNet_RecPlot + EffNet_RecPlot,46,1,1,0.046642694622278214,0.9275705814361572,0.02578672021627426
65,MobileNet_RecPlot + EffNet_RecPlot,47,2,2,0.15988916158676147,0.023033570498228073,0.8170772790908813
65,MobileNet_RecPlot + EffNet_RecPlot,48,2,2,0.1448788195848465,0.02470819465816021,0.8304129838943481
65,MobileNet_RecPlot + EffNet_RecPlot,49,2,1,0.03855697065591812,0.9554324150085449,0.006010584067553282
65,MobileNet_RecPlot + EffNet_RecPlot,50,2,2,0.3393790125846863,0.17677512764930725,0.48384585976600647
65,MobileNet_RecPlot + EffNet_RecPlot,51,2,2,0.15150608122348785,0.4039267897605896,0.44456711411476135
65,MobileNet_RecPlot + EffNet_RecPlot,52,2,1,0.05917172133922577,0.49695008993148804,0.443878173828125
65,MobileNet_RecPlot + EffNet_RecPlot,53,2,2,0.05291139334440231,0.03186574950814247,0.9152228832244873
65,MobileNet_RecPlot + EffNet_RecPlot,54,2,2,0.02608443982899189,0.051545001566410065,0.9223705530166626
65,MobileNet_RecPlot + EffNet_RecPlot,55,2,0,0.8688221573829651,0.04710868000984192,0.0840691477060318
65,MobileNet_RecPlot + EffNet_RecPlot,56,2,2,0.033714182674884796,0.07389302551746368,0.8923928141593933
65,MobileNet_RecPlot + EffNet_RecPlot,57,2,1,0.10821099579334259,0.7034839987754822,0.18830503523349762
65,MobileNet_RecPlot + EffNet_RecPlot,58,2,0,0.6340780258178711,0.16491667926311493,0.20100528001785278
65,EffNet_Original + EffNet_RecPlot,32,1,1,0.01319973822683096,0.9711682200431824,0.01563204638659954
65,EffNet_Original + EffNet_RecPlot,33,1,1,0.01008586585521698,0.9853827953338623,0.004531349055469036
65,EffNet_Original + EffNet_RecPlot,34,1,1,0.06921814382076263,0.886498212814331,0.0442836731672287
65,EffNet_Original + EffNet_RecPlot,35,1,1,0.021420786157250404,0.7910862565040588,0.1874929666519165
65,EffNet_Original + EffNet_RecPlot,36,1,1,0.29539719223976135,0.552366316318512,0.15223650634288788
65,EffNet_Original + EffNet_RecPlot,37,1,1,0.05598623678088188,0.7919229865074158,0.15209075808525085
65,EffNet_Original + EffNet_RecPlot,38,1,1,0.060029659420251846,0.9245640635490417,0.015406291000545025
65,EffNet_Original + EffNet_RecPlot,39,1,1,0.0769265741109848,0.8918964862823486,0.031176945194602013
65,EffNet_Original + EffNet_RecPlot,40,1,1,0.009604263119399548,0.9854142665863037,0.004981426987797022
65,EffNet_Original + EffNet_RecPlot,41,1,1,0.1479777991771698,0.5169188380241394,0.3351033926010132
65,EffNet_Original + EffNet_RecPlot,42,1,1,0.0034392224624753,0.9932085275650024,0.003352232277393341
65,EffNet_Original + EffNet_RecPlot,43,1,1,0.26083073019981384,0.7158465385437012,0.023322753608226776
65,EffNet_Original + EffNet_RecPlot,44,1,1,0.017841951921582222,0.9532151222229004,0.028942927718162537
65,EffNet_Original + EffNet_RecPlot,45,1,1,0.37430232763290405,0.4881695806980133,0.13752810657024384
65,EffNet_Original + EffNet_RecPlot,46,1,1,0.0075540924444794655,0.9677059650421143,0.024739908054471016
65,EffNet_Original + EffNet_RecPlot,47,2,2,0.07001470774412155,0.1573551595211029,0.7726301550865173
65,EffNet_Original + EffNet_RecPlot,48,2,2,0.05588600039482117,0.010643428191542625,0.9334705471992493
65,EffNet_Original + EffNet_RecPlot,49,2,1,0.11525522917509079,0.6008715033531189,0.28387323021888733
65,EffNet_Original + EffNet_RecPlot,50,2,2,0.1657942682504654,0.10154268145561218,0.7326630353927612
65,EffNet_Original + EffNet_RecPlot,51,2,2,0.12430603802204132,0.22714990377426147,0.6485440731048584
65,EffNet_Original + EffNet_RecPlot,52,2,2,0.038047634065151215,0.29584622383117676,0.666106104850769
65,EffNet_Original + EffNet_RecPlot,53,2,2,0.045426566153764725,0.018287647515535355,0.9362857937812805
65,EffNet_Original + EffNet_RecPlot,54,2,2,0.022714223712682724,0.015365585684776306,0.9619202017784119
65,EffNet_Original + EffNet_RecPlot,55,2,0,0.5214584469795227,0.020897943526506424,0.45764365792274475
65,EffNet_Original + EffNet_RecPlot,56,2,2,0.07426363974809647,0.01047977339476347,0.9152566194534302
65,EffNet_Original + EffNet_RecPlot,57,2,2,0.05765873193740845,0.38262811303138733,0.5597131252288818
65,EffNet_Original + EffNet_RecPlot,58,2,2,0.38147249817848206,0.04900652915239334,0.5695210099220276
65,MobileNet_Original + MobileNet_Original,32,1,1,0.02225062996149063,0.7908446192741394,0.18690478801727295
65,MobileNet_Original + MobileNet_Original,33,1,1,0.00806814432144165,0.9441769123077393,0.04775494709610939
65,MobileNet_Original + MobileNet_Original,34,1,2,0.02716093510389328,0.40853267908096313,0.564306378364563
65,MobileNet_Original + MobileNet_Original,35,1,1,0.006585064809769392,0.9235532283782959,0.06986173242330551
65,MobileNet_Original + MobileNet_Original,36,1,1,0.0006587670068256557,0.9989418387413025,0.0003994121216237545
65,MobileNet_Original + MobileNet_Original,37,1,1,0.00015529703523498029,0.9996932744979858,0.00015145311772357672
65,MobileNet_Original + MobileNet_Original,38,1,1,0.056484024971723557,0.9206551909446716,0.022860771045088768
65,MobileNet_Original + MobileNet_Original,39,1,1,0.008330835029482841,0.9543847441673279,0.03728444501757622
65,MobileNet_Original + MobileNet_Original,40,1,1,0.000604551169089973,0.9991648197174072,0.00023065967252478004
65,MobileNet_Original + MobileNet_Original,41,1,1,0.008048327639698982,0.9808428883552551,0.011108757928013802
65,MobileNet_Original + MobileNet_Original,42,1,1,0.0023322561755776405,0.9963217973709106,0.001345897908322513
65,MobileNet_Original + MobileNet_Original,43,1,1,0.038762930780649185,0.9439811110496521,0.017255987972021103
65,MobileNet_Original + MobileNet_Original,44,1,1,0.011605281382799149,0.9791741967201233,0.009220526553690434
65,MobileNet_Original + MobileNet_Original,45,1,1,0.017896275967359543,0.9611429572105408,0.02096073143184185
65,MobileNet_Original + MobileNet_Original,46,1,1,0.020307758823037148,0.9601948857307434,0.019497394561767578
65,MobileNet_Original + MobileNet_Original,47,2,2,0.08685468137264252,0.023479299619793892,0.8896660208702087
65,MobileNet_Original + MobileNet_Original,48,2,2,0.016351984813809395,0.008041586726903915,0.975606381893158
65,MobileNet_Original + MobileNet_Original,49,2,2,0.038075800985097885,0.003421356435865164,0.9585028290748596
65,MobileNet_Original + MobileNet_Original,50,2,2,0.03348489850759506,0.02666650153696537,0.9398486018180847
65,MobileNet_Original + MobileNet_Original,51,2,2,0.4505985677242279,0.08926279097795486,0.4601386487483978
65,MobileNet_Original + MobileNet_Original,52,2,2,0.04191325977444649,0.23710481822490692,0.7209819555282593
65,MobileNet_Original + MobileNet_Original,53,2,2,0.43920445442199707,0.016423571854829788,0.5443719625473022
65,MobileNet_Original + MobileNet_Original,54,2,2,0.01592947728931904,0.017540758475661278,0.9665297865867615
65,MobileNet_Original + MobileNet_Original,55,2,2,0.2169002890586853,0.006778875831514597,0.7763208746910095
65,MobileNet_Original + MobileNet_Original,56,2,2,0.07191877067089081,0.0008410584996454418,0.9272401928901672
65,MobileNet_Original + MobileNet_Original,57,2,2,0.08508400619029999,0.3783375322818756,0.5365784764289856
65,MobileNet_Original + MobileNet_Original,58,2,2,0.01166530791670084,0.0005338339833542705,0.9878008365631104
65,MobileNet_RecPlot + MobileNet_RecPlot,32,1,1,0.024353936314582825,0.9228307008743286,0.052815377712249756
65,MobileNet_RecPlot + MobileNet_RecPlot,33,1,1,0.04778825864195824,0.9237350821495056,0.02847663126885891
65,MobileNet_RecPlot + MobileNet_RecPlot,34,1,1,0.07380107045173645,0.8570976853370667,0.06910119950771332
65,MobileNet_RecPlot + MobileNet_RecPlot,35,1,1,0.06566014885902405,0.8890852332115173,0.045254599303007126
65,MobileNet_RecPlot + MobileNet_RecPlot,36,1,0,0.505492091178894,0.2758381962776184,0.21866969764232635
65,MobileNet_RecPlot + MobileNet_RecPlot,37,1,1,0.00478122103959322,0.9887053370475769,0.006513457745313644
65,MobileNet_RecPlot + MobileNet_RecPlot,38,1,1,0.06669436395168304,0.8860226273536682,0.04728296771645546
65,MobileNet_RecPlot + MobileNet_RecPlot,39,1,1,0.16606250405311584,0.6771961450576782,0.15674132108688354
65,MobileNet_RecPlot + MobileNet_RecPlot,40,1,1,0.07757002860307693,0.838408887386322,0.08402112871408463
65,MobileNet_RecPlot + MobileNet_RecPlot,41,1,2,0.21992594003677368,0.03940340131521225,0.7406706213951111
65,MobileNet_RecPlot + MobileNet_RecPlot,42,1,1,0.009405077435076237,0.9650400876998901,0.025554809719324112
65,MobileNet_RecPlot + MobileNet_RecPlot,43,1,1,0.2957061231136322,0.6852795481681824,0.01901436597108841
65,MobileNet_RecPlot + MobileNet_RecPlot,44,1,1,0.01057690940797329,0.9762276411056519,0.013195492327213287
65,MobileNet_RecPlot + MobileNet_RecPlot,45,1,1,0.3672185242176056,0.569537341594696,0.06324413418769836
65,MobileNet_RecPlot + MobileNet_RecPlot,46,1,1,0.08856291323900223,0.8667603135108948,0.04467680677771568
65,MobileNet_RecPlot + MobileNet_RecPlot,47,2,2,0.18591156601905823,0.01916780136525631,0.7949206829071045
65,MobileNet_RecPlot + MobileNet_RecPlot,48,2,2,0.17887578904628754,0.02828802540898323,0.7928361892700195
65,MobileNet_RecPlot + MobileNet_RecPlot,49,2,1,0.0552997924387455,0.9362697005271912,0.008430550806224346
65,MobileNet_RecPlot + MobileNet_RecPlot,50,2,2,0.3538345396518707,0.16025704145431519,0.4859083890914917
65,MobileNet_RecPlot + MobileNet_RecPlot,51,2,2,0.1098019927740097,0.3635539412498474,0.5266441106796265
65,MobileNet_RecPlot + MobileNet_RecPlot,52,2,1,0.06303223967552185,0.7484701871871948,0.1884976178407669
65,MobileNet_RecPlot + MobileNet_RecPlot,53,2,2,0.04856171831488609,0.028975987806916237,0.9224623441696167
65,MobileNet_RecPlot + MobileNet_RecPlot,54,2,2,0.029234392568469048,0.07441233098506927,0.8963533043861389
65,MobileNet_RecPlot + MobileNet_RecPlot,55,2,0,0.8638501763343811,0.05364535003900528,0.08250448107719421
65,MobileNet_RecPlot + MobileNet_RecPlot,56,2,2,0.041762858629226685,0.12728264927864075,0.8309544920921326
65,MobileNet_RecPlot + MobileNet_RecPlot,57,2,1,0.12242216616868973,0.6511520147323608,0.22642585635185242
65,MobileNet_RecPlot + MobileNet_RecPlot,58,2,0,0.5114704966545105,0.23192445933818817,0.2566050589084625
65,EffNet_Original + EffNet_Original,32,1,1,0.002566845854744315,0.9834978580474854,0.01393528375774622
65,EffNet_Original + EffNet_Original,33,1,1,0.0001255936367670074,0.9964832663536072,0.00339114130474627
65,EffNet_Original + EffNet_Original,34,1,1,0.011018376797437668,0.9347274899482727,0.05425416678190231
65,EffNet_Original + EffNet_Original,35,1,1,0.009595271199941635,0.6288143396377563,0.36159035563468933
65,EffNet_Original + EffNet_Original,36,1,1,0.00488375686109066,0.992512047290802,0.0026042156387120485
65,EffNet_Original + EffNet_Original,37,1,1,0.10811072587966919,0.5938541889190674,0.2980351150035858
65,EffNet_Original + EffNet_Original,38,1,1,0.00877644494175911,0.9725804328918457,0.01864316500723362
65,EffNet_Original + EffNet_Original,39,1,1,0.0019569622818380594,0.9948439002037048,0.0031991861760616302
65,EffNet_Original + EffNet_Original,40,1,1,0.0008185244514606893,0.9974828362464905,0.001698583597317338
65,EffNet_Original + EffNet_Original,41,1,1,0.0001996349892579019,0.9990907907485962,0.00070957065327093
65,EffNet_Original + EffNet_Original,42,1,1,0.004820766393095255,0.9907266497612,0.004452576395124197
65,EffNet_Original + EffNet_Original,43,1,1,0.006274722516536713,0.9884071946144104,0.005318127106875181
65,EffNet_Original + EffNet_Original,44,1,1,0.005497134290635586,0.9843767881393433,0.010126057080924511
65,EffNet_Original + EffNet_Original,45,1,1,0.1167072206735611,0.775955319404602,0.10733748227357864
65,EffNet_Original + EffNet_Original,46,1,1,0.010385699570178986,0.9470311403274536,0.04258318245410919
65,EffNet_Original + EffNet_Original,47,2,2,0.006162656936794519,0.2878109812736511,0.7060263752937317
65,EffNet_Original + EffNet_Original,48,2,2,0.0008901591063477099,0.00015849185001570731,0.9989513754844666
65,EffNet_Original + EffNet_Original,49,2,2,0.20869630575180054,0.22714784741401672,0.5641558170318604
65,EffNet_Original + EffNet_Original,50,2,2,0.006665094289928675,0.009792168624699116,0.9835426807403564
65,EffNet_Original + EffNet_Original,51,2,2,0.05540191009640694,0.010000133886933327,0.9345979690551758
65,EffNet_Original + EffNet_Original,52,2,2,0.020784050226211548,0.3462623953819275,0.6329535245895386
65,EffNet_Original + EffNet_Original,53,2,2,0.03359206020832062,0.0018197795143350959,0.9645881652832031
65,EffNet_Original + EffNet_Original,54,2,2,0.022493958473205566,0.0020534961950033903,0.9754525423049927
65,EffNet_Original + EffNet_Original,55,2,2,0.16912271082401276,0.001223875442519784,0.8296534419059753
65,EffNet_Original + EffNet_Original,56,2,2,0.12286178022623062,0.0004561502137221396,0.8766821026802063
65,EffNet_Original + EffNet_Original,57,2,2,0.02131764218211174,0.009440252557396889,0.9692420959472656
65,EffNet_Original + EffNet_Original,58,2,2,0.006259450223296881,0.00010416923032607883,0.9936363697052002
65,EffNet_RecPlot + EffNet_RecPlot,32,1,1,0.02383263036608696,0.9588385820388794,0.017328809946775436
65,EffNet_RecPlot + EffNet_RecPlot,33,1,1,0.020046137273311615,0.9742823243141174,0.005671557504683733
65,EffNet_RecPlot + EffNet_RecPlot,34,1,1,0.1274179071187973,0.8382688760757446,0.034313175827264786
65,EffNet_RecPlot + EffNet_RecPlot,35,1,1,0.033246301114559174,0.9533581733703613,0.013395588845014572
65,EffNet_RecPlot + EffNet_RecPlot,36,1,0,0.5859106183052063,0.11222059279680252,0.3018687963485718
65,EffNet_RecPlot + EffNet_RecPlot,37,1,1,0.003861753037199378,0.9899918437004089,0.006146430503576994
65,EffNet_RecPlot + EffNet_RecPlot,38,1,1,0.11128287017345428,0.8765476942062378,0.012169416062533855
65,EffNet_RecPlot + EffNet_RecPlot,39,1,1,0.15189620852470398,0.7889491319656372,0.059154707938432693
65,EffNet_RecPlot + EffNet_RecPlot,40,1,1,0.018390003591775894,0.9733457565307617,0.00826427061110735
65,EffNet_RecPlot + EffNet_RecPlot,41,1,2,0.29575595259666443,0.03474688157439232,0.6694971919059753
65,EffNet_RecPlot + EffNet_RecPlot,42,1,1,0.0020576794631779194,0.9956904649734497,0.002251888858154416
65,EffNet_RecPlot + EffNet_RecPlot,43,1,0,0.5153867602348328,0.44328585267066956,0.041327379643917084
65,EffNet_RecPlot + EffNet_RecPlot,44,1,1,0.030186770483851433,0.9220534563064575,0.04775979742407799
65,EffNet_RecPlot + EffNet_RecPlot,45,1,0,0.6318974494934082,0.20038384199142456,0.16771873831748962
65,EffNet_RecPlot + EffNet_RecPlot,46,1,1,0.004722485784441233,0.9883809089660645,0.006896638311445713
65,EffNet_RecPlot + EffNet_RecPlot,47,2,2,0.13386675715446472,0.026899341493844986,0.839233934879303
65,EffNet_RecPlot + EffNet_RecPlot,48,2,2,0.11088184267282486,0.02112836390733719,0.8679897785186768
65,EffNet_RecPlot + EffNet_RecPlot,49,2,1,0.021814152598381042,0.9745951890945435,0.0035906184930354357
65,EffNet_RecPlot + EffNet_RecPlot,50,2,2,0.32492345571517944,0.19329319894313812,0.48178333044052124
65,EffNet_RecPlot + EffNet_RecPlot,51,2,1,0.193210169672966,0.4442996680736542,0.362490177154541
65,EffNet_RecPlot + EffNet_RecPlot,52,2,2,0.05531121417880058,0.24543003737926483,0.6992587447166443
65,EffNet_RecPlot + EffNet_RecPlot,53,2,2,0.05726107209920883,0.034755513072013855,0.9079834222793579
65,EffNet_RecPlot + EffNet_RecPlot,54,2,2,0.02293448895215988,0.028677675873041153,0.948387861251831
65,EffNet_RecPlot + EffNet_RecPlot,55,2,0,0.8737941980361938,0.04057200998067856,0.08563381433486938
65,EffNet_RecPlot + EffNet_RecPlot,56,2,2,0.02566550299525261,0.020503394305706024,0.953831136226654
65,EffNet_RecPlot + EffNet_RecPlot,57,2,1,0.09399981796741486,0.7558159828186035,0.15018418431282043
65,EffNet_RecPlot + EffNet_RecPlot,58,2,0,0.7566856145858765,0.09790889918804169,0.14540550112724304
87,MobileNet_Original + MobileNet_RecPlot,0,0,0,0.4142400920391083,0.22070619463920593,0.3650537133216858
87,MobileNet_Original + MobileNet_RecPlot,1,0,2,0.28387367725372314,0.2780059576034546,0.4381203353404999
87,MobileNet_Original + MobileNet_RecPlot,2,0,0,0.6806787252426147,0.16337941586971283,0.15594181418418884
87,MobileNet_Original + MobileNet_RecPlot,3,0,1,0.3430137038230896,0.5626904964447021,0.09429580718278885
87,MobileNet_Original + MobileNet_RecPlot,4,0,0,0.9193211793899536,0.04342642053961754,0.03725244849920273
87,MobileNet_Original + MobileNet_RecPlot,5,0,0,0.9976734519004822,0.0012110958341509104,0.0011154863750562072
87,MobileNet_Original + MobileNet_RecPlot,6,0,0,0.9789714813232422,0.011689438484609127,0.009339122101664543
87,MobileNet_Original + MobileNet_RecPlot,7,0,1,0.16223174333572388,0.7594098448753357,0.07835839688777924
87,MobileNet_Original + MobileNet_RecPlot,8,0,0,0.5857345461845398,0.2147553414106369,0.19951018691062927
87,MobileNet_Original + MobileNet_RecPlot,9,0,0,0.7923852801322937,0.12290740758180618,0.08470730483531952
87,MobileNet_Original + MobileNet_RecPlot,10,0,0,0.9290429949760437,0.0519799180328846,0.01897711306810379
87,MobileNet_Original + MobileNet_RecPlot,11,0,1,0.4668922424316406,0.5065716505050659,0.026536138728260994
87,MobileNet_Original + MobileNet_RecPlot,12,0,0,0.6862077116966248,0.11452702432870865,0.1992652267217636
87,MobileNet_Original + MobileNet_RecPlot,13,0,0,0.8092228174209595,0.036877769976854324,0.15389947593212128
87,MobileNet_Original + MobileNet_RecPlot,14,0,0,0.7967252731323242,0.19070160388946533,0.012573136948049068
87,MobileNet_Original + MobileNet_RecPlot,15,0,1,0.2515120804309845,0.38977473974227905,0.35871320962905884
87,MobileNet_Original + MobileNet_RecPlot,16,0,0,0.5453981757164001,0.2067335546016693,0.24786829948425293
87,MobileNet_Original + MobileNet_RecPlot,17,0,0,0.9604926109313965,0.016961362212896347,0.022546054795384407
87,MobileNet_Original + MobileNet_RecPlot,18,1,1,0.1583746075630188,0.829833984375,0.011791410855948925
87,MobileNet_Original + MobileNet_RecPlot,19,1,1,0.016167614609003067,0.9665031433105469,0.017329242080450058
87,MobileNet_Original + MobileNet_RecPlot,20,1,1,0.008144083432853222,0.9831478595733643,0.00870808307081461
87,MobileNet_Original + MobileNet_RecPlot,21,1,1,0.04319058358669281,0.8930482864379883,0.06376111507415771
87,MobileNet_Original + MobileNet_RecPlot,22,1,1,0.013369697146117687,0.9563686847686768,0.03026166558265686
87,MobileNet_Original + MobileNet_RecPlot,23,1,1,0.035938385874032974,0.9450989365577698,0.01896270364522934
87,MobileNet_Original + MobileNet_RecPlot,24,1,1,0.05950038507580757,0.8932008743286133,0.04729878529906273
87,MobileNet_Original + MobileNet_RecPlot,25,1,1,0.035230305045843124,0.8593350052833557,0.10543474555015564
87,MobileNet_Original + MobileNet_RecPlot,26,1,1,0.1323356032371521,0.7873778343200684,0.08028654754161835
87,MobileNet_Original + MobileNet_RecPlot,27,1,1,0.026053134351968765,0.940986156463623,0.032960742712020874
87,MobileNet_Original + MobileNet_RecPlot,28,1,1,0.0559360608458519,0.8916618824005127,0.05240210145711899
87,MobileNet_Original + MobileNet_RecPlot,29,1,1,0.007294751703739166,0.9153319001197815,0.07737336307764053
87,MobileNet_Original + MobileNet_RecPlot,30,1,1,0.07593809068202972,0.8273780941963196,0.0966838002204895
87,MobileNet_Original + MobileNet_RecPlot,31,1,1,0.029988743364810944,0.9599140882492065,0.01009718794375658
87,MobileNet_Original + EffNet_Original,0,0,0,0.8000422716140747,0.14317753911018372,0.05678022280335426
87,MobileNet_Original + EffNet_Original,1,0,0,0.6800734400749207,0.22559668123722076,0.09432989358901978
87,MobileNet_Original + EffNet_Original,2,0,0,0.8403986096382141,0.11647120863199234,0.04313022643327713
87,MobileNet_Original + EffNet_Original,3,0,1,0.4545959532260895,0.4741672873497009,0.07123681157827377
87,MobileNet_Original + EffNet_Original,4,0,0,0.9388910531997681,0.02176632545888424,0.03934263437986374
87,MobileNet_Original + EffNet_Original,5,0,0,0.9923829436302185,0.002904668217524886,0.0047124032862484455
87,MobileNet_Original + EffNet_Original,6,0,0,0.9787962436676025,0.018430568277835846,0.002773117274045944
87,MobileNet_Original + EffNet_Original,7,0,0,0.6008302569389343,0.3081592321395874,0.09101051092147827
87,MobileNet_Original + EffNet_Original,8,0,0,0.47509145736694336,0.17861786484718323,0.3462906777858734
87,MobileNet_Original + EffNet_Original,9,0,0,0.6291624307632446,0.03741332143545151,0.33342424035072327
87,MobileNet_Original + EffNet_Original,10,0,0,0.97418212890625,0.01883901283144951,0.006978898774832487
87,MobileNet_Original + EffNet_Original,11,0,0,0.965378999710083,0.007266972213983536,0.02735399827361107
87,MobileNet_Original + EffNet_Original,12,0,0,0.9426144361495972,0.022128207609057426,0.03525736182928085
87,MobileNet_Original + EffNet_Original,13,0,0,0.9345903396606445,0.02321125753223896,0.042198438197374344
87,MobileNet_Original + EffNet_Original,14,0,0,0.9948006868362427,0.0025906446389853954,0.0026086585130542517
87,MobileNet_Original + EffNet_Original,15,0,2,0.3695749342441559,0.017321189865469933,0.6131038665771484
87,MobileNet_Original + EffNet_Original,16,0,0,0.8252925872802734,0.033148493617773056,0.1415589302778244
87,MobileNet_Original + EffNet_Original,17,0,0,0.9700978398323059,0.010038982145488262,0.01986321248114109
87,MobileNet_Original + EffNet_Original,18,1,1,0.042060185223817825,0.93175208568573,0.026187730953097343
87,MobileNet_Original + EffNet_Original,19,1,1,0.0004241724091116339,0.9991578459739685,0.00041800455073826015
87,MobileNet_Original + EffNet_Original,20,1,1,0.004446682520210743,0.9896804094314575,0.005872961599379778
87,MobileNet_Original + EffNet_Original,21,1,1,0.0369764044880867,0.7458739876747131,0.21714961528778076
87,MobileNet_Original + EffNet_Original,22,1,1,0.006136345211416483,0.9858380556106567,0.008025644347071648
87,MobileNet_Original + EffNet_Original,23,1,1,0.016043899580836296,0.9711185693740845,0.012837565504014492
87,MobileNet_Original + EffNet_Original,24,1,1,0.051124896854162216,0.7880704998970032,0.1608046591281891
87,MobileNet_Original + EffNet_Original,25,1,1,0.014688070863485336,0.8575661182403564,0.12774580717086792
87,MobileNet_Original + EffNet_Original,26,1,1,0.04569065570831299,0.8240476846694946,0.13026168942451477
87,MobileNet_Original + EffNet_Original,27,1,1,0.016300056129693985,0.8671749830245972,0.11652486771345139
87,MobileNet_Original + EffNet_Original,28,1,1,0.0770578682422638,0.8782370686531067,0.044705115258693695
87,MobileNet_Original + EffNet_Original,29,1,1,0.004320099484175444,0.9855958819389343,0.010084033012390137
87,MobileNet_Original + EffNet_Original,30,1,1,0.06977487355470657,0.6602753400802612,0.2699497938156128
87,MobileNet_Original + EffNet_Original,31,1,1,0.07302920520305634,0.8574957251548767,0.06947505474090576
87,MobileNet_Original + EffNet_RecPlot,0,0,2,0.33435288071632385,0.17474226653575897,0.490904837846756
87,MobileNet_Original + EffNet_RecPlot,1,0,2,0.243574857711792,0.23675671219825745,0.519668459892273
87,MobileNet_Original + EffNet_RecPlot,2,0,0,0.45853519439697266,0.13504739105701447,0.4064174294471741
87,MobileNet_Original + EffNet_RecPlot,3,0,1,0.25861525535583496,0.678566575050354,0.06281820684671402
87,MobileNet_Original + EffNet_RecPlot,4,0,0,0.9428390264511108,0.02042771875858307,0.03673325479030609
87,MobileNet_Original + EffNet_RecPlot,5,0,0,0.9950854182243347,0.001344077056273818,0.0035705443006008863
87,MobileNet_Original + EffNet_RecPlot,6,0,0,0.9914941191673279,0.0038438960909843445,0.004661971237510443
87,MobileNet_Original + EffNet_RecPlot,7,0,1,0.1720765084028244,0.6916674375534058,0.13625603914260864
87,MobileNet_Original + EffNet_RecPlot,8,0,0,0.8031572103500366,0.11200998723506927,0.08483284711837769
87,MobileNet_Original + EffNet_RecPlot,9,0,0,0.8709207773208618,0.019914625212550163,0.10916456580162048
87,MobileNet_Original + EffNet_RecPlot,10,0,0,0.9753847122192383,0.017216118052601814,0.00739916879683733
87,MobileNet_Original + EffNet_RecPlot,11,0,0,0.5327662825584412,0.43224212527275085,0.034991614520549774
87,MobileNet_Original + EffNet_RecPlot,12,0,0,0.5778965950012207,0.03203354403376579,0.3900698721408844
87,MobileNet_Original + EffNet_RecPlot,13,0,2,0.4620796740055084,0.045591339468955994,0.4923289716243744
87,MobileNet_Original + EffNet_RecPlot,14,0,0,0.9897340536117554,0.006756613962352276,0.0035092844627797604
87,MobileNet_Original + EffNet_RecPlot,15,0,1,0.22065742313861847,0.48537033796310425,0.2939722239971161
87,MobileNet_Original + EffNet_RecPlot,16,0,0,0.7876327633857727,0.03319709375500679,0.1791701465845108
87,MobileNet_Original + EffNet_RecPlot,17,0,0,0.9625547528266907,0.011191596277058125,0.02625366859138012
87,MobileNet_Original + EffNet_RecPlot,18,1,1,0.01005790289491415,0.9739905595779419,0.015951523557305336
87,MobileNet_Original + EffNet_RecPlot,19,1,1,0.0011237080907449126,0.9954932332038879,0.0033830697648227215
87,MobileNet_Original + EffNet_RecPlot,20,1,1,0.09134779125452042,0.8940003514289856,0.014651886187493801
87,MobileNet_Original + EffNet_RecPlot,21,1,1,0.01447905134409666,0.9411073923110962,0.04441353306174278
87,MobileNet_Original + EffNet_RecPlot,22,1,1,0.015031003393232822,0.9713919758796692,0.01357702910900116
87,MobileNet_Original + EffNet_RecPlot,23,1,1,0.030016940087080002,0.9545185565948486,0.01546449214220047
87,MobileNet_Original + EffNet_RecPlot,24,1,1,0.056494299322366714,0.8962575197219849,0.04724816605448723
87,MobileNet_Original + EffNet_RecPlot,25,1,1,0.054292161017656326,0.8402425050735474,0.10546538233757019
87,MobileNet_Original + EffNet_RecPlot,26,1,1,0.05174856632947922,0.8686997294425964,0.07955169677734375
87,MobileNet_Original + EffNet_RecPlot,27,1,1,0.011037183925509453,0.9759944677352905,0.012968364171683788
87,MobileNet_Original + EffNet_RecPlot,28,1,1,0.024869553744792938,0.9600953459739685,0.015035120770335197
87,MobileNet_Original + EffNet_RecPlot,29,1,1,0.005321752279996872,0.9071106910705566,0.08756755292415619
87,MobileNet_Original + EffNet_RecPlot,30,1,1,0.11790009588003159,0.7746572494506836,0.1074426993727684
87,MobileNet_Original + EffNet_RecPlot,31,1,1,0.03664431348443031,0.9485533833503723,0.014802304096519947
87,MobileNet_RecPlot + EffNet_Original,0,0,0,0.5964438319206238,0.08904657512903214,0.3145095705986023
87,MobileNet_RecPlot + EffNet_Original,1,0,0,0.5721739530563354,0.06790456175804138,0.35992148518562317
87,MobileNet_RecPlot + EffNet_Original,2,0,0,0.8344112038612366,0.051008887588977814,0.11457990854978561
87,MobileNet_RecPlot + EffNet_Original,3,0,1,0.40233445167541504,0.4829811155796051,0.11468446999788284
87,MobileNet_RecPlot + EffNet_Original,4,0,0,0.9685367345809937,0.026412414386868477,0.0050508673302829266
87,MobileNet_RecPlot + EffNet_Original,5,0,0,0.9911428093910217,0.00350912450812757,0.0053481110371649265
87,MobileNet_RecPlot + EffNet_Original,6,0,0,0.962233304977417,0.026242699474096298,0.01152391079813242
87,MobileNet_RecPlot + EffNet_Original,7,0,0,0.48616892099380493,0.4861004948616028,0.02773059532046318
87,MobileNet_RecPlot + EffNet_Original,8,0,2,0.2508159875869751,0.2511405944824219,0.498043417930603
87,MobileNet_RecPlot + EffNet_Original,9,0,0,0.5304594039916992,0.1283612847328186,0.3411792814731598
87,MobileNet_RecPlot + EffNet_Original,10,0,0,0.9505250453948975,0.03698394075036049,0.01249103993177414
87,MobileNet_RecPlot + EffNet_Original,11,0,1,0.4987664818763733,0.500303328037262,0.0009302441030740738
87,MobileNet_RecPlot + EffNet_Original,12,0,0,0.7266370058059692,0.1041012704372406,0.16926175355911255
87,MobileNet_RecPlot + EffNet_Original,13,0,0,0.8548552393913269,0.02798103354871273,0.11716371774673462
87,MobileNet_RecPlot + EffNet_Original,14,0,0,0.8011552691459656,0.18846948444843292,0.010375243611633778
87,MobileNet_RecPlot + EffNet_Original,15,0,2,0.19433584809303284,0.3822163939476013,0.42344778776168823
87,MobileNet_RecPlot + EffNet_Original,16,0,0,0.6980749368667603,0.17752905189990997,0.12439602613449097
87,MobileNet_RecPlot + EffNet_Original,17,0,0,0.9892683625221252,0.007425184361636639,0.003306476166471839
87,MobileNet_RecPlot + EffNet_Original,18,1,1,0.1954192966222763,0.7708374261856079,0.03374326974153519
87,MobileNet_RecPlot + EffNet_Original,19,1,1,0.0158681683242321,0.9668021202087402,0.017329666763544083
87,MobileNet_RecPlot + EffNet_Original,20,1,1,0.0052180043421685696,0.988949179649353,0.005832843016833067
87,MobileNet_RecPlot + EffNet_Original,21,1,1,0.05262080207467079,0.7365436553955078,0.21083548665046692
87,MobileNet_RecPlot + EffNet_Original,22,1,1,0.012408925220370293,0.963222861289978,0.024368220940232277
87,MobileNet_RecPlot + EffNet_Original,23,1,1,0.02035282924771309,0.9717334508895874,0.007913745939731598
87,MobileNet_RecPlot + EffNet_Original,24,1,1,0.0204904954880476,0.8585135340690613,0.12099597603082657
87,MobileNet_RecPlot + EffNet_Original,25,1,1,0.025150813162326813,0.9444419145584106,0.030407261103391647
87,MobileNet_RecPlot + EffNet_Original,26,1,1,0.11993379890918732,0.7818978428840637,0.09816839545965195
87,MobileNet_RecPlot + EffNet_Original,27,1,1,0.029576942324638367,0.8423812389373779,0.12804174423217773
87,MobileNet_RecPlot + EffNet_Original,28,1,1,0.09020853042602539,0.8385927677154541,0.07119867950677872
87,MobileNet_RecPlot + EffNet_Original,29,1,1,0.003494482021778822,0.9208388328552246,0.07566668838262558
87,MobileNet_RecPlot + EffNet_Original,30,1,1,0.01852818764746189,0.8009748458862305,0.18049699068069458
87,MobileNet_RecPlot + EffNet_Original,31,1,1,0.04389035701751709,0.8953022360801697,0.06080742925405502
87,MobileNet_RecPlot + EffNet_RecPlot,0,0,2,0.1307544857263565,0.12061131000518799,0.7486342191696167
87,MobileNet_RecPlot + EffNet_RecPlot,1,0,2,0.1356753706932068,0.07906459271907806,0.7852600812911987
87,MobileNet_RecPlot + EffNet_RecPlot,2,0,2,0.4525478184223175,0.06958507001399994,0.47786709666252136
87,MobileNet_RecPlot + EffNet_RecPlot,3,0,1,0.20635372400283813,0.6873803734779358,0.10626585781574249
87,MobileNet_RecPlot + EffNet_RecPlot,4,0,0,0.9724847078323364,0.025073805823922157,0.0024414844810962677
87,MobileNet_RecPlot + EffNet_RecPlot,5,0,0,0.9938452243804932,0.0019485331140458584,0.004206251353025436
87,MobileNet_RecPlot + EffNet_RecPlot,6,0,0,0.9749311804771423,0.01165603008121252,0.01341276615858078
87,MobileNet_RecPlot + EffNet_RecPlot,7,0,1,0.05741514265537262,0.8696087598800659,0.07297611981630325
87,MobileNet_RecPlot + EffNet_RecPlot,8,0,0,0.5788816809654236,0.18453271687030792,0.23658554255962372
87,MobileNet_RecPlot + EffNet_RecPlot,9,0,0,0.7722177505493164,0.11086258292198181,0.116919606924057
87,MobileNet_RecPlot + EffNet_RecPlot,10,0,0,0.9517276287078857,0.035361044108867645,0.01291131041944027
87,MobileNet_RecPlot + EffNet_RecPlot,11,0,1,0.06615370512008667,0.9252784252166748,0.00856786035001278
87,MobileNet_RecPlot + EffNet_RecPlot,12,0,2,0.361919105052948,0.11400660872459412,0.5240742564201355
87,MobileNet_RecPlot + EffNet_RecPlot,13,0,2,0.38234466314315796,0.05036111921072006,0.5672942399978638
87,MobileNet_RecPlot + EffNet_RecPlot,14,0,0,0.796088695526123,0.1926354616880417,0.01127586979418993
87,MobileNet_RecPlot + EffNet_RecPlot,15,0,1,0.045418329536914825,0.8502655625343323,0.10431612282991409
87,MobileNet_RecPlot + EffNet_RecPlot,16,0,0,0.6604151129722595,0.17757762968540192,0.16200724244117737
87,MobileNet_RecPlot + EffNet_RecPlot,17,0,0,0.9817252159118652,0.008577798493206501,0.009696932509541512
87,MobileNet_RecPlot + EffNet_RecPlot,18,1,1,0.1634170264005661,0.8130759596824646,0.023507067933678627
87,MobileNet_RecPlot + EffNet_RecPlot,19,1,1,0.01656770333647728,0.9631375670433044,0.020294733345508575
87,MobileNet_RecPlot + EffNet_RecPlot,20,1,1,0.09211911261081696,0.8932691216468811,0.01461176760494709
87,MobileNet_RecPlot + EffNet_RecPlot,21,1,1,0.030123451724648476,0.9317771196365356,0.03809940442442894
87,MobileNet_RecPlot + EffNet_RecPlot,22,1,1,0.021303582936525345,0.9487768411636353,0.02991960570216179
87,MobileNet_RecPlot + EffNet_RecPlot,23,1,1,0.034325871616601944,0.9551334977149963,0.01054067350924015
87,MobileNet_RecPlot + EffNet_RecPlot,24,1,1,0.025859901681542397,0.9667006134986877,0.00743949506431818
87,MobileNet_RecPlot + EffNet_RecPlot,25,1,1,0.0647548958659172,0.9271183013916016,0.008126834407448769
87,MobileNet_RecPlot + EffNet_RecPlot,26,1,1,0.12599170207977295,0.8265498876571655,0.04745839536190033
87,MobileNet_RecPlot + EffNet_RecPlot,27,1,1,0.024314071983098984,0.9512007236480713,0.02448524348437786
87,MobileNet_RecPlot + EffNet_RecPlot,28,1,1,0.03802022710442543,0.9204510450363159,0.04152868688106537
87,MobileNet_RecPlot + EffNet_RecPlot,29,1,1,0.00449613481760025,0.8423536419868469,0.15315020084381104
87,MobileNet_RecPlot + EffNet_RecPlot,30,1,1,0.06665341556072235,0.9153566956520081,0.017989901825785637
87,MobileNet_RecPlot + EffNet_RecPlot,31,1,1,0.0075054531916975975,0.9863598346710205,0.006134673021733761
87,EffNet_Original + EffNet_RecPlot,0,0,0,0.5165566205978394,0.04308265075087547,0.4403606951236725
87,EffNet_Original + EffNet_RecPlot,1,0,0,0.5318751335144043,0.026655297726392746,0.44146960973739624
87,EffNet_Original + EffNet_RecPlot,2,0,0,0.6122676134109497,0.022676857188344002,0.36505553126335144
87,EffNet_Original + EffNet_RecPlot,3,0,1,0.317935973405838,0.5988571643829346,0.08320686966180801
87,EffNet_Original + EffNet_RecPlot,4,0,0,0.9920545816421509,0.0034137158654630184,0.0045316750183701515
87,EffNet_Original + EffNet_RecPlot,5,0,0,0.9885547757148743,0.003642105730250478,0.00780316861346364
87,EffNet_Original + EffNet_RecPlot,6,0,0,0.9747560620307922,0.018397163599729538,0.006846762262284756
87,EffNet_Original + EffNet_RecPlot,7,0,0,0.4960136115550995,0.41835808753967285,0.0856282189488411
87,EffNet_Original + EffNet_RecPlot,8,0,0,0.4682386517524719,0.14839527010917664,0.38336607813835144
87,EffNet_Original + EffNet_RecPlot,9,0,0,0.6089949607849121,0.025368498638272285,0.36563652753829956
87,EffNet_Original + EffNet_RecPlot,10,0,0,0.996866762638092,0.002220144961029291,0.0009130979306064546
87,EffNet_Original + EffNet_RecPlot,11,0,0,0.5646405220031738,0.4259738028049469,0.009385720826685429
87,EffNet_Original + EffNet_RecPlot,12,0,0,0.6183258891105652,0.02160777896642685,0.36006638407707214
87,EffNet_Original + EffNet_RecPlot,13,0,0,0.507712185382843,0.03669460862874985,0.4555932283401489
87,EffNet_Original + EffNet_RecPlot,14,0,0,0.9941641688346863,0.004524494055658579,0.0013113913591951132
87,EffNet_Original + EffNet_RecPlot,15,0,1,0.1634811908006668,0.4778119921684265,0.3587068021297455
87,EffNet_Original + EffNet_RecPlot,16,0,0,0.9403095841407776,0.003992572892457247,0.05569786950945854
87,EffNet_Original + EffNet_RecPlot,17,0,0,0.9913305044174194,0.001655417843721807,0.00701408926397562
87,EffNet_Original + EffNet_RecPlot,18,1,1,0.047102585434913635,0.9149940609931946,0.03790338337421417
87,EffNet_Original + EffNet_RecPlot,19,1,1,0.0008242616313509643,0.9957922697067261,0.003383494447916746
87,EffNet_Original + EffNet_RecPlot,20,1,1,0.08842170983552933,0.8998016715049744,0.011776646599173546
87,EffNet_Original + EffNet_RecPlot,21,1,1,0.023909268900752068,0.7846028804779053,0.19148790836334229
87,EffNet_Original + EffNet_RecPlot,22,1,1,0.014070231467485428,0.9782462120056152,0.007683583535254002
87,EffNet_Original + EffNet_RecPlot,23,1,1,0.01443138811737299,0.9811530709266663,0.004415537230670452
87,EffNet_Original + EffNet_RecPlot,24,1,1,0.017484407871961594,0.8615702390670776,0.12094535678625107
87,EffNet_Original + EffNet_RecPlot,25,1,1,0.04421267285943031,0.9253494143486023,0.030437901616096497
87,EffNet_Original + EffNet_RecPlot,26,1,1,0.039346762001514435,0.8632197380065918,0.09743353724479675
87,EffNet_Original + EffNet_RecPlot,27,1,1,0.014560995623469353,0.877389669418335,0.10804938524961472
87,EffNet_Original + EffNet_RecPlot,28,1,1,0.05914203077554703,0.9070262908935547,0.033831700682640076
87,EffNet_Original + EffNet_RecPlot,29,1,1,0.001521482365205884,0.9126176238059998,0.08586087822914124
87,EffNet_Original + EffNet_RecPlot,30,1,1,0.060490190982818604,0.7482539415359497,0.1912558674812317
87,EffNet_Original + EffNet_RecPlot,31,1,1,0.05054591968655586,0.8839415311813354,0.06551253795623779
87,MobileNet_Original + MobileNet_Original,0,0,0,0.6178385019302368,0.2748371362686157,0.10732433944940567
87,MobileNet_Original + MobileNet_Original,1,0,1,0.39177316427230835,0.43569809198379517,0.1725287288427353
87,MobileNet_Original + MobileNet_Original,2,0,0,0.6866661310195923,0.22884173691272736,0.08449212461709976
87,MobileNet_Original + MobileNet_Original,3,0,1,0.39527520537376404,0.5538766384124756,0.05084814131259918
87,MobileNet_Original + MobileNet_Original,4,0,0,0.889675498008728,0.038780327886343,0.07154421508312225
87,MobileNet_Original + MobileNet_Original,5,0,0,0.9989135265350342,0.0006066397181712091,0.0004797789442818612
87,MobileNet_Original + MobileNet_Original,6,0,0,0.9955344200134277,0.0038773042615503073,0.0005883270059712231
87,MobileNet_Original + MobileNet_Original,7,0,1,0.27689310908317566,0.5814685821533203,0.14163830876350403
87,MobileNet_Original + MobileNet_Original,8,0,0,0.8100099563598633,0.14223258197307587,0.04775744304060936
87,MobileNet_Original + MobileNet_Original,9,0,0,0.8910883069038391,0.031959448009729385,0.0769522562623024
87,MobileNet_Original + MobileNet_Original,10,0,0,0.9527000784873962,0.03383498638868332,0.013464969582855701
87,MobileNet_Original + MobileNet_Original,11,0,0,0.9335048198699951,0.013535333797335625,0.05295989289879799
87,MobileNet_Original + MobileNet_Original,12,0,0,0.9021852016448975,0.03255397453904152,0.0652608647942543
87,MobileNet_Original + MobileNet_Original,13,0,0,0.8889577984809875,0.032107993960380554,0.0789341852068901
87,MobileNet_Original + MobileNet_Original,14,0,0,0.9903706908226013,0.00482276501134038,0.004806552082300186
87,MobileNet_Original + MobileNet_Original,15,0,2,0.42675116658210754,0.024879541248083115,0.548369288444519
87,MobileNet_Original + MobileNet_Original,16,0,0,0.6726158261299133,0.06235301494598389,0.26503121852874756
87,MobileNet_Original + MobileNet_Original,17,0,0,0.9413220882415771,0.01957515813410282,0.039102789014577866
87,MobileNet_Original + MobileNet_Original,18,1,1,0.00501550268381834,0.9907486438751221,0.0042358702048659325
87,MobileNet_Original + MobileNet_Original,19,1,1,0.0007236188394017518,0.9988588094711304,0.00041757983854040504
87,MobileNet_Original + MobileNet_Original,20,1,1,0.007372761610895395,0.9838790893554688,0.00874820165336132
87,MobileNet_Original + MobileNet_Original,21,1,1,0.02754618600010872,0.9023786187171936,0.07007525116205215
87,MobileNet_Original + MobileNet_Original,22,1,1,0.0070971171371638775,0.9789838194847107,0.013919089920818806
87,MobileNet_Original + MobileNet_Original,23,1,1,0.031629450619220734,0.9444840550422668,0.02388652041554451
87,MobileNet_Original + MobileNet_Original,24,1,1,0.09013478457927704,0.8227577805519104,0.08710745722055435
87,MobileNet_Original + MobileNet_Original,25,1,1,0.02476755902171135,0.7724591493606567,0.20277327299118042
87,MobileNet_Original + MobileNet_Original,26,1,1,0.05809246003627777,0.8295276761054993,0.11237985640764236
87,MobileNet_Original + MobileNet_Original,27,1,1,0.01277624536305666,0.9657799005508423,0.021443862468004227
87,MobileNet_Original + MobileNet_Original,28,1,1,0.04278538376092911,0.9313060641288757,0.02590852975845337
87,MobileNet_Original + MobileNet_Original,29,1,1,0.008120369166135788,0.9800889492034912,0.011790704913437366
87,MobileNet_Original + MobileNet_Original,30,1,1,0.12718477845191956,0.6866786479949951,0.18613660335540771
87,MobileNet_Original + MobileNet_Original,31,1,1,0.059127602726221085,0.9221076369285583,0.01876481994986534
87,MobileNet_RecPlot + MobileNet_RecPlot,0,0,2,0.21064169704914093,0.16657523810863495,0.6227830648422241
87,MobileNet_RecPlot + MobileNet_RecPlot,1,0,2,0.17597420513629913,0.1203138530254364,0.7037119269371033
87,MobileNet_RecPlot + MobileNet_RecPlot,2,0,0,0.6746914386749268,0.0979171097278595,0.22739151120185852
87,MobileNet_RecPlot + MobileNet_RecPlot,3,0,1,0.29075223207473755,0.5715043544769287,0.13774347305297852
87,MobileNet_RecPlot + MobileNet_RecPlot,4,0,0,0.9489668011665344,0.04807250574231148,0.0029606763273477554
87,MobileNet_RecPlot + MobileNet_RecPlot,5,0,0,0.9964332580566406,0.0018155518919229507,0.0017511937767267227
87,MobileNet_RecPlot + MobileNet_RecPlot,6,0,0,0.9624085426330566,0.019501572474837303,0.018089916557073593
87,MobileNet_RecPlot + MobileNet_RecPlot,7,0,1,0.04757038503885269,0.9373511075973511,0.015078486874699593
87,MobileNet_RecPlot + MobileNet_RecPlot,8,0,0,0.36145907640457153,0.28727805614471436,0.3512628972530365
87,MobileNet_RecPlot + MobileNet_RecPlot,9,0,0,0.6936822533607483,0.21385537087917328,0.09246235340833664
87,MobileNet_RecPlot + MobileNet_RecPlot,10,0,0,0.9053859114646912,0.07012484967708588,0.024489253759384155
87,MobileNet_RecPlot + MobileNet_RecPlot,11,0,1,0.0002796900225803256,0.9996079802513123,0.00011238378647249192
87,MobileNet_RecPlot + MobileNet_RecPlot,12,0,0,0.4702302813529968,0.19650010764598846,0.3332696557044983
87,MobileNet_RecPlot + MobileNet_RecPlot,13,0,0,0.7294877171516418,0.041647545993328094,0.22886474430561066
87,MobileNet_RecPlot + MobileNet_RecPlot,14,0,0,0.6030797958374023,0.37658044695854187,0.02033972181379795
87,MobileNet_RecPlot + MobileNet_RecPlot,15,0,1,0.07627298682928085,0.7546699643135071,0.16905710101127625
87,MobileNet_RecPlot + MobileNet_RecPlot,16,0,0,0.4181804955005646,0.35111409425735474,0.2307053953409195
87,MobileNet_RecPlot + MobileNet_RecPlot,17,0,0,0.9796631336212158,0.014347565360367298,0.005989320110529661
87,MobileNet_RecPlot + MobileNet_RecPlot,18,1,1,0.3117337226867676,0.6689193248748779,0.019346952438354492
87,MobileNet_RecPlot + MobileNet_RecPlot,19,1,1,0.0316116102039814,0.9341474771499634,0.034240905195474625
87,MobileNet_RecPlot + MobileNet_RecPlot,20,1,1,0.008915404789149761,0.9824166297912598,0.008667964488267899
87,MobileNet_RecPlot + MobileNet_RecPlot,21,1,1,0.0588349923491478,0.8837180733680725,0.05744699388742447
87,MobileNet_RecPlot + MobileNet_RecPlot,22,1,1,0.01964227668941021,0.933753490447998,0.04660424217581749
87,MobileNet_RecPlot + MobileNet_RecPlot,23,1,1,0.04024731367826462,0.9457138180732727,0.01403888314962387
87,MobileNet_RecPlot + MobileNet_RecPlot,24,1,1,0.028865987434983253,0.9636439085006714,0.007490115240216255
87,MobileNet_RecPlot + MobileNet_RecPlot,25,1,1,0.0456930436193943,0.9462108016014099,0.008096197620034218
87,MobileNet_RecPlot + MobileNet_RecPlot,26,1,1,0.20657873153686523,0.7452279925346375,0.04819324612617493
87,MobileNet_RecPlot + MobileNet_RecPlot,27,1,1,0.039330024272203445,0.9161924123764038,0.04447761923074722
87,MobileNet_RecPlot + MobileNet_RecPlot,28,1,1,0.06908673048019409,0.8520175814628601,0.07889566570520401
87,MobileNet_RecPlot + MobileNet_RecPlot,29,1,1,0.0064691342413425446,0.8505748510360718,0.14295601844787598
87,MobileNet_RecPlot + MobileNet_RecPlot,30,1,1,0.024691404774785042,0.9680776000022888,0.007231003139168024
87,MobileNet_RecPlot + MobileNet_RecPlot,31,1,1,0.0008498873212374747,0.9977205395698547,0.0014295578002929688
87,EffNet_Original + EffNet_Original,0,0,0,0.9822460412979126,0.011517910286784172,0.0062361001037061214
87,EffNet_Original + EffNet_Original,1,0,0,0.968373715877533,0.015495264902710915,0.01613106019794941
87,EffNet_Original + EffNet_Original,2,0,0,0.9941310286521912,0.004100669175386429,0.001768324407748878
87,EffNet_Original + EffNet_Original,3,0,0,0.5139166712760925,0.3944578766822815,0.09162546694278717
87,EffNet_Original + EffNet_Original,4,0,0,0.9881066083908081,0.004752321634441614,0.007141057401895523
87,EffNet_Original + EffNet_Original,5,0,0,0.9858522415161133,0.005202696658670902,0.008945027366280556
87,EffNet_Original + EffNet_Original,6,0,0,0.9620582461357117,0.03298383578658104,0.00495790783315897
87,EffNet_Original + EffNet_Original,7,0,0,0.9247673153877258,0.03484990820288658,0.04038270190358162
87,EffNet_Original + EffNet_Original,8,0,2,0.14017292857170105,0.21500316262245178,0.6448239088058472
87,EffNet_Original + EffNet_Original,9,0,2,0.36723658442497253,0.04286719486117363,0.5898962020874023
87,EffNet_Original + EffNet_Original,10,0,0,0.9956640601158142,0.0038430404383689165,0.0004928275593556464
87,EffNet_Original + EffNet_Original,11,0,0,0.9972532987594604,0.0009986108634620905,0.0017481044633314013
87,EffNet_Original + EffNet_Original,12,0,0,0.9830437302589417,0.011702440679073334,0.00525386119261384
87,EffNet_Original + EffNet_Original,13,0,0,0.980222761631012,0.014314521104097366,0.005462690722197294
87,EffNet_Original + EffNet_Original,14,0,0,0.9992307424545288,0.0003585241502150893,0.000410765060223639
87,EffNet_Original + EffNet_Original,15,0,2,0.3123987019062042,0.009762837551534176,0.6778384447097778
87,EffNet_Original + EffNet_Original,16,0,0,0.9779693484306335,0.003943972755223513,0.018086647614836693
87,EffNet_Original + EffNet_Original,17,0,0,0.9988735318183899,0.0005028033629059792,0.0006236324552446604
87,EffNet_Original + EffNet_Original,18,1,1,0.07910487055778503,0.8727555871009827,0.04813959077000618
87,EffNet_Original + EffNet_Original,19,1,1,0.0001247259060619399,0.9994568228721619,0.0004184291756246239
87,EffNet_Original + EffNet_Original,20,1,1,0.0015206035459414124,0.9954817295074463,0.002997721778228879
87,EffNet_Original + EffNet_Original,21,1,1,0.046406619250774384,0.5893693566322327,0.36422398686408997
87,EffNet_Original + EffNet_Original,22,1,1,0.005175572820007801,0.9926921725273132,0.0021321980748325586
87,EffNet_Original + EffNet_Original,23,1,1,0.0004583472036756575,0.9977530837059021,0.0017886105924844742
87,EffNet_Original + EffNet_Original,24,1,1,0.012115002609789371,0.7533831596374512,0.23450183868408203
87,EffNet_Original + EffNet_Original,25,1,1,0.004608584102243185,0.9426730871200562,0.052718330174684525
87,EffNet_Original + EffNet_Original,26,1,1,0.033288851380348206,0.8185676336288452,0.14814352989196777
87,EffNet_Original + EffNet_Original,27,1,1,0.019823869690299034,0.7685703039169312,0.21160590648651123
87,EffNet_Original + EffNet_Original,28,1,1,0.11133033782243729,0.8251679539680481,0.06350169330835342
87,EffNet_Original + EffNet_Original,29,1,1,0.0005198295693844557,0.9911028146743774,0.008377360180020332
87,EffNet_Original + EffNet_Original,30,1,1,0.012364967726171017,0.6338720321655273,0.3537629544734955
87,EffNet_Original + EffNet_Original,31,1,1,0.08693081885576248,0.7928838729858398,0.12018529325723648
87,EffNet_RecPlot + EffNet_RecPlot,0,0,2,0.05086727440357208,0.07464738935232162,0.8744853138923645
87,EffNet_RecPlot + EffNet_RecPlot,1,0,2,0.09537654370069504,0.03781533241271973,0.8668081760406494
87,EffNet_RecPlot + EffNet_RecPlot,2,0,2,0.23040425777435303,0.041253045201301575,0.7283427119255066
87,EffNet_RecPlot + EffNet_RecPlot,3,0,1,0.12195529043674469,0.8032564520835876,0.07478827238082886
87,EffNet_RecPlot + EffNet_RecPlot,4,0,0,0.9960026144981384,0.0020751103293150663,0.0019222927512601018
87,EffNet_RecPlot + EffNet_RecPlot,5,0,0,0.9912571907043457,0.002081514336168766,0.006661309394985437
87,EffNet_RecPlot + EffNet_RecPlot,6,0,0,0.9874539375305176,0.0038104881532490253,0.008735616691410542
87,EffNet_RecPlot + EffNet_RecPlot,7,0,1,0.06725990027189255,0.801866352558136,0.13087375462055206
87,EffNet_RecPlot + EffNet_RecPlot,8,0,0,0.7963042855262756,0.08178738504648209,0.12190824002027512
87,EffNet_RecPlot + EffNet_RecPlot,9,0,0,0.8507533669471741,0.007869803346693516,0.14137688279151917
87,EffNet_RecPlot + EffNet_RecPlot,10,0,0,0.9980694055557251,0.0005972492508590221,0.0013333683600649238
87,EffNet_RecPlot + EffNet_RecPlot,11,0,1,0.13202771544456482,0.8509489297866821,0.01702333614230156
87,EffNet_RecPlot + EffNet_RecPlot,12,0,2,0.25360798835754395,0.031513117253780365,0.7148789167404175
87,EffNet_RecPlot + EffNet_RecPlot,13,0,2,0.03520160913467407,0.05907469242811203,0.9057237505912781
87,EffNet_RecPlot + EffNet_RecPlot,14,0,0,0.9890974760055542,0.00869046337902546,0.002212017308920622
87,EffNet_RecPlot + EffNet_RecPlot,15,0,1,0.014563675038516521,0.9458611607551575,0.03957514837384224
87,EffNet_RecPlot + EffNet_RecPlot,16,0,0,0.9026497006416321,0.004041172564029694,0.09330908209085464
87,EffNet_RecPlot + EffNet_RecPlot,17,0,0,0.9837874174118042,0.002808032324537635,0.013404546305537224
87,EffNet_RecPlot + EffNet_RecPlot,18,1,1,0.01510030310600996,0.9572325348854065,0.027667177841067314
87,EffNet_RecPlot + EffNet_RecPlot,19,1,1,0.0015237974002957344,0.9921276569366455,0.006348559632897377
87,EffNet_RecPlot + EffNet_RecPlot,20,1,1,0.17532281577587128,0.8041216135025024,0.020555570721626282
87,EffNet_RecPlot + EffNet_RecPlot,21,1,1,0.0014119197148829699,0.9798362255096436,0.01875181868672371
87,EffNet_RecPlot + EffNet_RecPlot,22,1,1,0.02296488918364048,0.9638001322746277,0.013234968297183514
87,EffNet_RecPlot + EffNet_RecPlot,23,1,1,0.02840443141758442,0.9645531177520752,0.00704246386885643
87,EffNet_RecPlot + EffNet_RecPlot,24,1,1,0.02285381406545639,0.9697573184967041,0.007388874422758818
87,EffNet_RecPlot + EffNet_RecPlot,25,1,1,0.08381675183773041,0.9080257415771484,0.008157472126185894
87,EffNet_RecPlot + EffNet_RecPlot,26,1,1,0.045404668897390366,0.9078717827796936,0.046723540872335434
87,EffNet_RecPlot + EffNet_RecPlot,27,1,1,0.009298121556639671,0.9862090349197388,0.004492866341024637
87,EffNet_RecPlot + EffNet_RecPlot,28,1,1,0.006953721400350332,0.9888845682144165,0.0041617099195718765
87,EffNet_RecPlot + EffNet_RecPlot,29,1,1,0.002523135393857956,0.8341324925422668,0.16334441304206848
87,EffNet_RecPlot + EffNet_RecPlot,30,1,1,0.10861541330814362,0.8626357913017273,0.02874879539012909
87,EffNet_RecPlot + EffNet_RecPlot,31,1,1,0.014161020517349243,0.9749992489814758,0.010839789174497128
87,MobileNet_Original + MobileNet_RecPlot,32,1,1,0.009755783714354038,0.9702919125556946,0.01995229721069336
87,MobileNet_Original + MobileNet_RecPlot,33,1,1,0.012141935527324677,0.9792235493659973,0.008634550496935844
87,MobileNet_Original + MobileNet_RecPlot,34,1,1,0.07067486643791199,0.8628435730934143,0.06648160517215729
87,MobileNet_Original + MobileNet_RecPlot,35,1,1,0.014286517165601254,0.9709802865982056,0.014733216725289822
87,MobileNet_Original + MobileNet_RecPlot,36,1,1,0.1801770031452179,0.6546176075935364,0.16520541906356812
87,MobileNet_Original + MobileNet_RecPlot,37,1,1,0.0004450650012586266,0.9984879493713379,0.0010670048650354147
87,MobileNet_Original + MobileNet_RecPlot,38,1,1,0.21009479463100433,0.7412972450256348,0.048607975244522095
87,MobileNet_Original + MobileNet_RecPlot,39,1,1,0.12857002019882202,0.8027011156082153,0.06872889399528503
87,MobileNet_Original + MobileNet_RecPlot,40,1,1,0.06457263976335526,0.9084373712539673,0.026989996433258057
87,MobileNet_Original + MobileNet_RecPlot,41,1,1,0.0157681405544281,0.49627983570098877,0.48795199394226074
87,MobileNet_Original + MobileNet_RecPlot,42,1,1,0.0025879808235913515,0.9914945363998413,0.005917511880397797
87,MobileNet_Original + MobileNet_RecPlot,43,1,1,0.010769950225949287,0.986009955406189,0.003220133250579238
87,MobileNet_Original + MobileNet_RecPlot,44,1,1,0.004212988540530205,0.9907179474830627,0.005069047212600708
87,MobileNet_Original + MobileNet_RecPlot,45,1,1,0.03718196228146553,0.9511606097221375,0.011657423339784145
87,MobileNet_Original + MobileNet_RecPlot,46,1,1,0.0033756387419998646,0.9922633767127991,0.004360962193459272
87,MobileNet_Original + MobileNet_RecPlot,47,2,2,0.050733812153339386,0.013743001036345959,0.9355231523513794
87,MobileNet_Original + MobileNet_RecPlot,48,2,2,0.10001952946186066,0.028552528470754623,0.8714278936386108
87,MobileNet_Original + MobileNet_RecPlot,49,2,1,0.05899374186992645,0.48531296849250793,0.4556933045387268
87,MobileNet_Original + MobileNet_RecPlot,50,2,2,0.20644289255142212,0.29365843534469604,0.49989864230155945
87,MobileNet_Original + MobileNet_RecPlot,51,2,2,0.2539655864238739,0.25408685207366943,0.49194759130477905
87,MobileNet_Original + MobileNet_RecPlot,52,2,2,0.10108552128076553,0.21134281158447266,0.68757164478302
87,MobileNet_Original + MobileNet_RecPlot,53,2,2,0.2681041657924652,0.0383743941783905,0.6935214400291443
87,MobileNet_Original + MobileNet_RecPlot,54,2,2,0.012704435735940933,0.023731328547000885,0.9635642170906067
87,MobileNet_Original + MobileNet_RecPlot,55,2,0,0.5818554162979126,0.11415893584489822,0.3039856553077698
87,MobileNet_Original + MobileNet_RecPlot,56,2,2,0.18264970183372498,0.05350397899746895,0.7638463377952576
87,MobileNet_Original + MobileNet_RecPlot,57,2,1,0.050788577646017075,0.4844634532928467,0.46474799513816833
87,MobileNet_Original + MobileNet_RecPlot,58,2,2,0.30429577827453613,0.10343771427869797,0.5922665596008301
87,MobileNet_Original + EffNet_Original,32,1,1,0.028414331376552582,0.707592248916626,0.2639934718608856
87,MobileNet_Original + EffNet_Original,33,1,1,0.0009049003710970283,0.9918529987335205,0.007242102175951004
87,MobileNet_Original + EffNet_Original,34,1,1,0.012841546908020973,0.8382977843284607,0.14886072278022766
87,MobileNet_Original + EffNet_Original,35,1,1,0.007183860056102276,0.7683130502700806,0.22450311481952667
87,MobileNet_Original + EffNet_Original,36,1,1,0.005005756393074989,0.9940347075462341,0.0009595407755114138
87,MobileNet_Original + EffNet_Original,37,1,1,0.0027253602165728807,0.9918972253799438,0.005377434194087982
87,MobileNet_Original + EffNet_Original,38,1,1,0.1314191371202469,0.8383706212043762,0.030210284516215324
87,MobileNet_Original + EffNet_Original,39,1,1,0.009310942143201828,0.9768027067184448,0.013886368833482265
87,MobileNet_Original + EffNet_Original,40,1,1,0.0007118835928849876,0.9980637431144714,0.0012244262034073472
87,MobileNet_Original + EffNet_Original,41,1,1,0.005222470499575138,0.9846309423446655,0.010146589949727058
87,MobileNet_Original + EffNet_Original,42,1,1,0.00146347691770643,0.9974517822265625,0.001084755640476942
87,MobileNet_Original + EffNet_Original,43,1,1,0.006418624427169561,0.9909528493881226,0.0026285566855221987
87,MobileNet_Original + EffNet_Original,44,1,1,0.003373792627826333,0.9921132326126099,0.0045129358768463135
87,MobileNet_Original + EffNet_Original,45,1,1,0.01617962121963501,0.9784699082374573,0.0053504942916333675
87,MobileNet_Original + EffNet_Original,46,1,1,0.05041741952300072,0.8832087516784668,0.06637385487556458
87,MobileNet_Original + EffNet_Original,47,2,2,0.03164698928594589,0.020452287048101425,0.9479007720947266
87,MobileNet_Original + EffNet_Original,48,2,2,0.018216324970126152,0.012988868169486523,0.9687947630882263
87,MobileNet_Original + EffNet_Original,49,2,2,0.02745041437447071,0.024340033531188965,0.9482095241546631
87,MobileNet_Original + EffNet_Original,50,2,2,0.07949478179216385,0.16425821185112,0.7562469840049744
87,MobileNet_Original + EffNet_Original,51,2,1,0.28600069880485535,0.36678841710090637,0.3472108840942383
87,MobileNet_Original + EffNet_Original,52,2,2,0.03004804067313671,0.17067156732082367,0.7992804050445557
87,MobileNet_Original + EffNet_Original,53,2,0,0.6889296770095825,0.03746674209833145,0.27360355854034424
87,MobileNet_Original + EffNet_Original,54,2,2,0.05625832825899124,0.06863167881965637,0.8751099705696106
87,MobileNet_Original + EffNet_Original,55,2,0,0.624326229095459,0.014558441936969757,0.36111533641815186
87,MobileNet_Original + EffNet_Original,56,2,2,0.18161171674728394,0.0033896425738930702,0.8149986267089844
87,MobileNet_Original + EffNet_Original,57,2,2,0.030684784054756165,0.17478498816490173,0.7945302128791809
87,MobileNet_Original + EffNet_Original,58,2,2,0.010067993775010109,0.0007415374275296926,0.9891904592514038
87,MobileNet_Original + EffNet_RecPlot,32,1,1,0.006807978730648756,0.9885388612747192,0.0046531581319868565
87,MobileNet_Original + EffNet_RecPlot,33,1,1,0.021121345460414886,0.9754761457443237,0.003402512986212969
87,MobileNet_Original + EffNet_RecPlot,34,1,1,0.0264218058437109,0.8943657279014587,0.07921250909566879
87,MobileNet_Original + EffNet_RecPlot,35,1,1,0.004191791173070669,0.9818196296691895,0.01398852001875639
87,MobileNet_Original + EffNet_RecPlot,36,1,1,0.3522447943687439,0.5066779851913452,0.14107726514339447
87,MobileNet_Original + EffNet_RecPlot,37,1,1,0.0011427453719079494,0.9975946545600891,0.0012626278912648559
87,MobileNet_Original + EffNet_RecPlot,38,1,1,0.159492626786232,0.814633846282959,0.02587352693080902
87,MobileNet_Original + EffNet_RecPlot,39,1,1,0.02141621895134449,0.9603121876716614,0.018271617591381073
87,MobileNet_Original + EffNet_RecPlot,40,1,1,0.1426093876361847,0.808813214302063,0.0485774502158165
87,MobileNet_Original + EffNet_RecPlot,41,1,2,0.018384046852588654,0.4908057153224945,0.49081018567085266
87,MobileNet_Original + EffNet_RecPlot,42,1,1,0.0032276881393045187,0.9953081011772156,0.0014641772722825408
87,MobileNet_Original + EffNet_RecPlot,43,1,1,0.44006192684173584,0.5496308207511902,0.01030726544559002
87,MobileNet_Original + EffNet_RecPlot,44,1,1,0.010784532874822617,0.9802844524383545,0.008931057527661324
87,MobileNet_Original + EffNet_RecPlot,45,1,1,0.11662106961011887,0.8430138826370239,0.04036503657698631
87,MobileNet_Original + EffNet_RecPlot,46,1,1,0.00708443159237504,0.9862479567527771,0.006667634937912226
87,MobileNet_Original + EffNet_RecPlot,47,2,2,0.02848643995821476,0.011602876707911491,0.9599106907844543
87,MobileNet_Original + EffNet_RecPlot,48,2,2,0.020242756232619286,0.016531428322196007,0.963225781917572
87,MobileNet_Original + EffNet_RecPlot,49,2,1,0.048043392598629,0.4890766143798828,0.46288001537323
87,MobileNet_Original + EffNet_RecPlot,50,2,2,0.10074661672115326,0.17610493302345276,0.7231484651565552
87,MobileNet_Original + EffNet_RecPlot,51,2,1,0.24123649299144745,0.4920724928379059,0.26669105887413025
87,MobileNet_Original + EffNet_RecPlot,52,2,2,0.026884371414780617,0.09497491270303726,0.8781406879425049
87,MobileNet_Original + EffNet_RecPlot,53,2,2,0.26808732748031616,0.03631167113780975,0.6956009864807129
87,MobileNet_Original + EffNet_RecPlot,54,2,2,0.015086631290614605,0.01731511391699314,0.9675982594490051
87,MobileNet_Original + EffNet_RecPlot,55,2,2,0.3484754264354706,0.024589868262410164,0.6269347071647644
87,MobileNet_Original + EffNet_RecPlot,56,2,2,0.17996157705783844,0.0171484537422657,0.8028900027275085
87,MobileNet_Original + EffNet_RecPlot,57,2,2,0.05747740715742111,0.2512179911136627,0.6913045644760132
87,MobileNet_Original + EffNet_RecPlot,58,2,2,0.3337911069393158,0.00899870228022337,0.6572101712226868
87,MobileNet_RecPlot + EffNet_Original,32,1,1,0.035861674696207047,0.6853804588317871,0.27875784039497375
87,MobileNet_RecPlot + EffNet_Original,33,1,1,0.011943713761866093,0.9750838875770569,0.012972432188689709
87,MobileNet_RecPlot + EffNet_Original,34,1,1,0.0692557543516159,0.8261319398880005,0.1046123132109642
87,MobileNet_RecPlot + EffNet_Original,35,1,1,0.01588655449450016,0.7701852321624756,0.21392826735973358
87,MobileNet_RecPlot + EffNet_Original,36,1,1,0.1755782812833786,0.6591506004333496,0.1652711033821106
87,MobileNet_RecPlot + EffNet_Original,37,1,1,0.0029045562259852886,0.9917297959327698,0.005365667399019003
87,MobileNet_RecPlot + EffNet_Original,38,1,1,0.1006544828414917,0.856336236000061,0.04300926625728607
87,MobileNet_RecPlot + EffNet_Original,39,1,1,0.11937103420495987,0.8250234723091125,0.05560549721121788
87,MobileNet_RecPlot + EffNet_Original,40,1,1,0.06407248228788376,0.9096285104751587,0.02629898115992546
87,MobileNet_RecPlot + EffNet_Original,41,1,1,0.012980872765183449,0.5026469230651855,0.48437222838401794
87,MobileNet_RecPlot + EffNet_Original,42,1,1,0.0012855655513703823,0.9937639236450195,0.0049505275674164295
87,MobileNet_RecPlot + EffNet_Original,43,1,1,0.007272849790751934,0.9915248155593872,0.0012023658491671085
87,MobileNet_RecPlot + EffNet_Original,44,1,1,0.0013571111485362053,0.9966700077056885,0.0019728485494852066
87,MobileNet_RecPlot + EffNet_Original,45,1,1,0.05006992071866989,0.9369606375694275,0.012969461269676685
87,MobileNet_RecPlot + EffNet_Original,46,1,1,0.047900546342134476,0.8887272477149963,0.06337220221757889
87,MobileNet_RecPlot + EffNet_Original,47,2,2,0.029405757784843445,0.01632463000714779,0.9542696475982666
87,MobileNet_RecPlot + EffNet_Original,48,2,2,0.0858507826924324,0.01704925298690796,0.8970999121665955
87,MobileNet_RecPlot + EffNet_Original,49,2,2,0.034010473638772964,0.4655064046382904,0.5004830956459045
87,MobileNet_RecPlot + EffNet_Original,50,2,2,0.14313335716724396,0.13548961281776428,0.7213770747184753
87,MobileNet_RecPlot + EffNet_Original,51,2,2,0.08427309989929199,0.28987085819244385,0.6258560419082642
87,MobileNet_RecPlot + EffNet_Original,52,2,2,0.08908165991306305,0.25976917147636414,0.6511492133140564
87,MobileNet_RecPlot + EffNet_Original,53,2,2,0.42938560247421265,0.012954706326127052,0.5576596856117249
87,MobileNet_RecPlot + EffNet_Original,54,2,2,0.04897122085094452,0.06400062143802643,0.887028157711029
87,MobileNet_RecPlot + EffNet_Original,55,2,0,0.5336254835128784,0.10415364801883698,0.3622208833694458
87,MobileNet_RecPlot + EffNet_Original,56,2,2,0.009333446621894836,0.05073889344930649,0.9399276375770569
87,MobileNet_RecPlot + EffNet_Original,57,2,2,0.020723117515444756,0.3102336525917053,0.669043242931366
87,MobileNet_RecPlot + EffNet_Original,58,2,2,0.3002677261829376,0.1030687689781189,0.5966634750366211
87,MobileNet_RecPlot + EffNet_RecPlot,32,1,1,0.014255320653319359,0.9663270711898804,0.01941753178834915
87,MobileNet_RecPlot + EffNet_RecPlot,33,1,1,0.032160159200429916,0.9587069749832153,0.009132841601967812
87,MobileNet_RecPlot + EffNet_RecPlot,34,1,1,0.08283601701259613,0.8821998834609985,0.03496410697698593
87,MobileNet_RecPlot + EffNet_RecPlot,35,1,1,0.012894484214484692,0.9836918115615845,0.0034136692993342876
87,MobileNet_RecPlot + EffNet_RecPlot,36,1,0,0.5228173136711121,0.17179392278194427,0.30538880825042725
87,MobileNet_RecPlot + EffNet_RecPlot,37,1,1,0.0013219411484897137,0.997427225112915,0.0012508607469499111
87,MobileNet_RecPlot + EffNet_RecPlot,38,1,1,0.128727987408638,0.8325995206832886,0.03867251053452492
87,MobileNet_RecPlot + EffNet_RecPlot,39,1,1,0.13147631287574768,0.8085329532623291,0.05999074503779411
87,MobileNet_RecPlot + EffNet_RecPlot,40,1,1,0.20596997439861298,0.720378041267395,0.0736519992351532
87,MobileNet_RecPlot + EffNet_RecPlot,41,1,2,0.026142451912164688,0.00882165227085352,0.9650359153747559
87,MobileNet_RecPlot + EffNet_RecPlot,42,1,1,0.003049776889383793,0.9916202425956726,0.005329948849976063
87,MobileNet_RecPlot + EffNet_RecPlot,43,1,1,0.44091615080833435,0.5502027869224548,0.00888107530772686
87,MobileNet_RecPlot + EffNet_RecPlot,44,1,1,0.008767852559685707,0.9848411679267883,0.006390971131622791
87,MobileNet_RecPlot + EffNet_RecPlot,45,1,1,0.15051136910915375,0.8015046119689941,0.04798400402069092
87,MobileNet_RecPlot + EffNet_RecPlot,46,1,1,0.004567562602460384,0.9917664527893066,0.0036659862380474806
87,MobileNet_RecPlot + EffNet_RecPlot,47,2,2,0.026245208457112312,0.00747522059828043,0.9662796258926392
87,MobileNet_RecPlot + EffNet_RecPlot,48,2,2,0.08787721395492554,0.02059181220829487,0.8915309309959412
87,MobileNet_RecPlot + EffNet_RecPlot,49,2,1,0.0546034537255764,0.9302430152893066,0.015153544954955578
87,MobileNet_RecPlot + EffNet_RecPlot,50,2,2,0.16438516974449158,0.14733631908893585,0.6882784962654114
87,MobileNet_RecPlot + EffNet_RecPlot,51,2,2,0.0395088866353035,0.41515490412712097,0.5453361868858337
87,MobileNet_RecPlot + EffNet_RecPlot,52,2,2,0.08591798692941666,0.18407250940799713,0.7300094962120056
87,MobileNet_RecPlot + EffNet_RecPlot,53,2,2,0.008543207310140133,0.01179963443428278,0.9796571731567383
87,MobileNet_RecPlot + EffNet_RecPlot,54,2,2,0.007799522019922733,0.012684051878750324,0.9795164465904236
87,MobileNet_RecPlot + EffNet_RecPlot,55,2,2,0.25777468085289,0.11418507248163223,0.6280402541160583
87,MobileNet_RecPlot + EffNet_RecPlot,56,2,2,0.007683298550546169,0.06449770927429199,0.927819013595581
87,MobileNet_RecPlot + EffNet_RecPlot,57,2,2,0.04751574248075485,0.3866666555404663,0.5658175945281982
87,MobileNet_RecPlot + EffNet_RecPlot,58,2,0,0.6239908933639526,0.1113259419798851,0.26468321681022644
87,EffNet_Original + EffNet_RecPlot,32,1,1,0.032913871109485626,0.7036274671554565,0.2634586989879608
87,EffNet_Original + EffNet_RecPlot,33,1,1,0.020923122763633728,0.9713364839553833,0.0077403937466442585
87,EffNet_Original + EffNet_RecPlot,34,1,1,0.025002701207995415,0.8576540946960449,0.11734321713447571
87,EffNet_Original + EffNet_RecPlot,35,1,1,0.0057918294332921505,0.7810245752334595,0.21318353712558746
87,EffNet_Original + EffNet_RecPlot,36,1,1,0.3476460576057434,0.5112109780311584,0.14114294946193695
87,EffNet_Original + EffNet_RecPlot,37,1,1,0.00360223650932312,0.990836501121521,0.005561290308833122
87,EffNet_Original + EffNet_RecPlot,38,1,1,0.05005231872200966,0.92967289686203,0.02027481608092785
87,EffNet_Original + EffNet_RecPlot,39,1,1,0.01221722736954689,0.9826345443725586,0.0051482198759913445
87,EffNet_Original + EffNet_RecPlot,40,1,1,0.142109215259552,0.8100043535232544,0.047886431217193604
87,EffNet_Original + EffNet_RecPlot,41,1,1,0.015596779063344002,0.4971727728843689,0.48723042011260986
87,EffNet_Original + EffNet_RecPlot,42,1,1,0.0019252730999141932,0.9975774884223938,0.0004971930757164955
87,EffNet_Original + EffNet_RecPlot,43,1,1,0.4365648329257965,0.5551456809043884,0.008289498277008533
87,EffNet_Original + EffNet_RecPlot,44,1,1,0.007928656414151192,0.9862364530563354,0.0058348593302071095
87,EffNet_Original + EffNet_RecPlot,45,1,1,0.12950903177261353,0.828813910484314,0.041677076369524
87,EffNet_Original + EffNet_RecPlot,46,1,1,0.0516093410551548,0.8827117681503296,0.06567887216806412
87,EffNet_Original + EffNet_RecPlot,47,2,2,0.007158380001783371,0.014184503816068172,0.9786571264266968
87,EffNet_Original + EffNet_RecPlot,48,2,2,0.006073999218642712,0.00502815330401063,0.9888978004455566
87,EffNet_Original + EffNet_RecPlot,49,2,2,0.023060128092765808,0.4692700505256653,0.5076698064804077
87,EffNet_Original + EffNet_RecPlot,50,2,2,0.03743705525994301,0.017936112359166145,0.9446268081665039
87,EffNet_Original + EffNet_RecPlot,51,2,1,0.07154399901628494,0.5278565287590027,0.40059950947761536
87,EffNet_Original + EffNet_RecPlot,52,2,2,0.014880502596497536,0.14340126514434814,0.8417181968688965
87,EffNet_Original + EffNet_RecPlot,53,2,2,0.4293687641620636,0.010891979560256004,0.5597392320632935
87,EffNet_Original + EffNet_RecPlot,54,2,2,0.051353417336940765,0.057584404945373535,0.8910622000694275
87,EffNet_Original + EffNet_RecPlot,55,2,2,0.3002454936504364,0.014584574848413467,0.6851699352264404
87,EffNet_Original + EffNet_RecPlot,56,2,2,0.006645324174314737,0.014383369125425816,0.9789713025093079
87,EffNet_Original + EffNet_RecPlot,57,2,2,0.027411948889493942,0.07698822766542435,0.8955998420715332
87,EffNet_Original + EffNet_RecPlot,58,2,2,0.3297630846500397,0.00862976722419262,0.6616071462631226
87,MobileNet_Original + MobileNet_Original,32,1,1,0.00230844016186893,0.9925036430358887,0.00518792076036334
87,MobileNet_Original + MobileNet_Original,33,1,1,0.0011031231842935085,0.9959927201271057,0.002904221648350358
87,MobileNet_Original + MobileNet_Original,34,1,1,0.01426064781844616,0.8750093579292297,0.11072998493909836
87,MobileNet_Original + MobileNet_Original,35,1,1,0.005583822261542082,0.9691081643104553,0.025308068841695786
87,MobileNet_Original + MobileNet_Original,36,1,1,0.00960448570549488,0.9895016551017761,0.0008938591345213354
87,MobileNet_Original + MobileNet_Original,37,1,1,0.00026586902095004916,0.9986553192138672,0.0010787718929350376
87,MobileNet_Original + MobileNet_Original,38,1,1,0.24085943400859833,0.7233315706253052,0.0358089953660965
87,MobileNet_Original + MobileNet_Original,39,1,1,0.01850993186235428,0.9544803500175476,0.027009764686226845
87,MobileNet_Original + MobileNet_Original,40,1,1,0.001212040544487536,0.9968724846839905,0.0019154411274939775
87,MobileNet_Original + MobileNet_Original,41,1,1,0.008009737357497215,0.9782639145851135,0.013726374134421349
87,MobileNet_Original + MobileNet_Original,42,1,1,0.0027658920735120773,0.9951823949813843,0.002051739953458309
87,MobileNet_Original + MobileNet_Original,43,1,1,0.009915725328028202,0.9854379892349243,0.004646324086934328
87,MobileNet_Original + MobileNet_Original,44,1,1,0.006229668855667114,0.9861611127853394,0.007609133142977953
87,MobileNet_Original + MobileNet_Original,45,1,1,0.0032916595228016376,0.9926698803901672,0.0040384563617408276
87,MobileNet_Original + MobileNet_Original,46,1,1,0.00589250773191452,0.9867448806762695,0.007362611126154661
87,MobileNet_Original + MobileNet_Original,47,2,2,0.05297505110502243,0.01787065900862217,0.9291543364524841
87,MobileNet_Original + MobileNet_Original,48,2,2,0.03238508105278015,0.024492142722010612,0.9431227445602417
87,MobileNet_Original + MobileNet_Original,49,2,2,0.05243368074297905,0.0441465862095356,0.9034197926521301
87,MobileNet_Original + MobileNet_Original,50,2,2,0.142804354429245,0.32242706418037415,0.5347686409950256
87,MobileNet_Original + MobileNet_Original,51,2,0,0.45569318532943726,0.33100441098213196,0.21330243349075317
87,MobileNet_Original + MobileNet_Original,52,2,2,0.04205191135406494,0.12224521487951279,0.8357028961181641
87,MobileNet_Original + MobileNet_Original,53,2,0,0.5276482701301575,0.06288643181324005,0.40946531295776367
87,MobileNet_Original + MobileNet_Original,54,2,2,0.019991545006632805,0.028362391516566277,0.951646089553833
87,MobileNet_Original + MobileNet_Original,55,2,0,0.6725561618804932,0.024563735350966454,0.3028801381587982
87,MobileNet_Original + MobileNet_Original,56,2,2,0.3549279570579529,0.006154726259410381,0.6389173269271851
87,MobileNet_Original + MobileNet_Original,57,2,2,0.06075024604797363,0.3490147888660431,0.5902349948883057
87,MobileNet_Original + MobileNet_Original,58,2,2,0.014096000231802464,0.0011104727163910866,0.9847935438156128
87,MobileNet_RecPlot + MobileNet_RecPlot,32,1,1,0.017203127965331078,0.9480801820755005,0.03471667319536209
87,MobileNet_RecPlot + MobileNet_RecPlot,33,1,1,0.023180747404694557,0.9624543786048889,0.014364879578351974
87,MobileNet_RecPlot + MobileNet_RecPlot,34,1,1,0.12708906829357147,0.8506777286529541,0.022233206778764725
87,MobileNet_RecPlot + MobileNet_RecPlot,35,1,1,0.022989211603999138,0.9728524684906006,0.004158364608883858
87,MobileNet_RecPlot + MobileNet_RecPlot,36,1,0,0.35074949264526367,0.31973353028297424,0.3295169472694397
87,MobileNet_RecPlot + MobileNet_RecPlot,37,1,1,0.000624260981567204,0.9983205199241638,0.0010552378371357918
87,MobileNet_RecPlot + MobileNet_RecPlot,38,1,1,0.17933015525341034,0.7592628598213196,0.06140695884823799
87,MobileNet_RecPlot + MobileNet_RecPlot,39,1,1,0.23863011598587036,0.6509218811988831,0.11044802516698837
87,MobileNet_RecPlot + MobileNet_RecPlot,40,1,1,0.12793323397636414,0.8200021982192993,0.052064552903175354
87,MobileNet_RecPlot + MobileNet_RecPlot,41,1,2,0.023526543751358986,0.014295767061412334,0.9621776938438416
87,MobileNet_RecPlot + MobileNet_RecPlot,42,1,1,0.002410069340839982,0.9878066778182983,0.009783283807337284
87,MobileNet_RecPlot + MobileNet_RecPlot,43,1,1,0.011624176055192947,0.9865819215774536,0.0017939424142241478
87,MobileNet_RecPlot + MobileNet_RecPlot,44,1,1,0.002196307061240077,0.9952747225761414,0.002528960118070245
87,MobileNet_RecPlot + MobileNet_RecPlot,45,1,1,0.07107225805521011,0.9096513390541077,0.019276389852166176
87,MobileNet_RecPlot + MobileNet_RecPlot,46,1,1,0.0008587700431235135,0.9977819323539734,0.0013593138428404927
87,MobileNet_RecPlot + MobileNet_RecPlot,47,2,2,0.04849258065223694,0.009615345858037472,0.9418920278549194
87,MobileNet_RecPlot + MobileNet_RecPlot,48,2,2,0.16765399277210236,0.032612912356853485,0.79973304271698
87,MobileNet_RecPlot + MobileNet_RecPlot,49,2,1,0.06555380672216415,0.9264793992042542,0.00796684343367815
87,MobileNet_RecPlot + MobileNet_RecPlot,50,2,2,0.270081490278244,0.26488983631134033,0.4650287330150604
87,MobileNet_RecPlot + MobileNet_RecPlot,51,2,2,0.052237991243600845,0.17716927826404572,0.7705927491188049
87,MobileNet_RecPlot + MobileNet_RecPlot,52,2,2,0.16011913120746613,0.30044040083885193,0.5394404530525208
87,MobileNet_RecPlot + MobileNet_RecPlot,53,2,2,0.00856003724038601,0.013862361200153828,0.9775776267051697
87,MobileNet_RecPlot + MobileNet_RecPlot,54,2,2,0.005417325999587774,0.019100265577435493,0.9754824042320251
87,MobileNet_RecPlot + MobileNet_RecPlot,55,2,0,0.4911547005176544,0.20375414192676544,0.3050912022590637
87,MobileNet_RecPlot + MobileNet_RecPlot,56,2,2,0.010371421463787556,0.10085323452949524,0.8887753486633301
87,MobileNet_RecPlot + MobileNet_RecPlot,57,2,1,0.040826909244060516,0.6199120879173279,0.3392609655857086
87,MobileNet_RecPlot + MobileNet_RecPlot,58,2,0,0.5944955348968506,0.20576494932174683,0.19973953068256378
87,EffNet_Original + EffNet_Original,32,1,2,0.054520223289728165,0.4226807951927185,0.522799015045166
87,EffNet_Original + EffNet_Original,33,1,1,0.0007066776161082089,0.9877133369445801,0.011579982936382294
87,EffNet_Original + EffNet_Original,34,1,1,0.011422444134950638,0.8015861511230469,0.18699142336845398
87,EffNet_Original + EffNet_Original,35,1,1,0.008783898316323757,0.5675179958343506,0.42369815707206726
87,EffNet_Original + EffNet_Original,36,1,1,0.0004070262366440147,0.9985677599906921,0.0010252223582938313
87,EffNet_Original + EffNet_Original,37,1,1,0.005184851586818695,0.9851390719413757,0.009676096960902214
87,EffNet_Original + EffNet_Original,38,1,1,0.021978816017508507,0.9534096121788025,0.024611569941043854
87,EffNet_Original + EffNet_Original,39,1,1,0.00011195208935532719,0.999125063419342,0.0007629726896993816
87,EffNet_Original + EffNet_Original,40,1,1,0.0002117265248671174,0.9992548823356628,0.0005334110464900732
87,EffNet_Original + EffNet_Original,41,1,1,0.0024352034088224173,0.9909980297088623,0.006566805765032768
87,EffNet_Original + EffNet_Original,42,1,1,0.00016106170369312167,0.9997211694717407,0.00011777144391089678
87,EffNet_Original + EffNet_Original,43,1,1,0.0029215237591415644,0.9964677095413208,0.0006107892259024084
87,EffNet_Original + EffNet_Original,44,1,1,0.00051791564328596,0.9980653524398804,0.0014167374465614557
87,EffNet_Original + EffNet_Original,45,1,1,0.02906757779419422,0.9642698764801025,0.006662531290203333
87,EffNet_Original + EffNet_Original,46,1,1,0.09494232386350632,0.7796725630760193,0.1253850907087326
87,EffNet_Original + EffNet_Original,47,2,2,0.010318929329514503,0.02303391322493553,0.966647207736969
87,EffNet_Original + EffNet_Original,48,2,2,0.004047568421810865,0.0014855940826237202,0.9944667816162109
87,EffNet_Original + EffNet_Original,49,2,2,0.002467147773131728,0.004533482249826193,0.9929993748664856
87,EffNet_Original + EffNet_Original,50,2,2,0.01618521846830845,0.006089383736252785,0.9777253866195679
87,EffNet_Original + EffNet_Original,51,2,2,0.11630821973085403,0.4025724530220032,0.4811193645000458
87,EffNet_Original + EffNet_Original,52,2,2,0.01804417185485363,0.21909791231155396,0.7628579139709473
87,EffNet_Original + EffNet_Original,53,2,0,0.8502111434936523,0.012047051452100277,0.1377418041229248
87,EffNet_Original + EffNet_Original,54,2,2,0.09252511709928513,0.10890097171068192,0.798573911190033
87,EffNet_Original + EffNet_Original,55,2,0,0.5760962963104248,0.004553147591650486,0.4193505346775055
87,EffNet_Original + EffNet_Original,56,2,2,0.008295472711324692,0.0006245591212064028,0.9910799860954285
87,EffNet_Original + EffNet_Original,57,2,2,0.0006193274748511612,0.000555226462893188,0.9988254904747009
87,EffNet_Original + EffNet_Original,58,2,2,0.006039988249540329,0.0003726022259797901,0.9935874342918396
87,EffNet_RecPlot + EffNet_RecPlot,32,1,1,0.011307516135275364,0.984574019908905,0.004118395037949085
87,EffNet_RecPlot + EffNet_RecPlot,33,1,1,0.041139569133520126,0.9549596309661865,0.0039008043240755796
87,EffNet_RecPlot + EffNet_RecPlot,34,1,1,0.03858295828104019,0.913722038269043,0.047695010900497437
87,EffNet_RecPlot + EffNet_RecPlot,35,1,1,0.002799761248752475,0.9945313334465027,0.002668974921107292
87,EffNet_RecPlot + EffNet_RecPlot,36,1,0,0.6948850750923157,0.02385427989065647,0.2812606692314148
87,EffNet_RecPlot + EffNet_RecPlot,37,1,1,0.002019621431827545,0.9965338706970215,0.0014464835403487086
87,EffNet_RecPlot + EffNet_RecPlot,38,1,1,0.07812581211328506,0.9059361219406128,0.015938060358166695
87,EffNet_RecPlot + EffNet_RecPlot,39,1,1,0.024322504177689552,0.9661440253257751,0.009533467702567577
87,EffNet_RecPlot + EffNet_RecPlot,40,1,1,0.2840067148208618,0.620753824710846,0.09523945301771164
87,EffNet_RecPlot + EffNet_RecPlot,41,1,2,0.02875835821032524,0.003347537713125348,0.9678941369056702
87,EffNet_RecPlot + EffNet_RecPlot,42,1,1,0.0036894846707582474,0.9954339265823364,0.0008766148239374161
87,EffNet_RecPlot + EffNet_RecPlot,43,1,0,0.8702080249786377,0.11382368206977844,0.01596820540726185
87,EffNet_RecPlot + EffNet_RecPlot,44,1,1,0.015339397825300694,0.9744076728820801,0.010252982378005981
87,EffNet_RecPlot + EffNet_RecPlot,45,1,1,0.22995047271251678,0.6933578848838806,0.07669162005186081
87,EffNet_RecPlot + EffNet_RecPlot,46,1,1,0.00827635545283556,0.9857510328292847,0.00597265874966979
87,EffNet_RecPlot + EffNet_RecPlot,47,2,2,0.003997830208390951,0.005335094407200813,0.9906670451164246
87,EffNet_RecPlot + EffNet_RecPlot,48,2,2,0.008100430481135845,0.008570712059736252,0.9833288192749023
87,EffNet_RecPlot + EffNet_RecPlot,49,2,1,0.043653108179569244,0.9340066313743591,0.02234024740755558
87,EffNet_RecPlot + EffNet_RecPlot,50,2,2,0.05868889018893242,0.029782840982079506,0.9115282893180847
87,EffNet_RecPlot + EffNet_RecPlot,51,2,1,0.026779780164361,0.6531406044960022,0.32007965445518494
87,EffNet_RecPlot + EffNet_RecPlot,52,2,2,0.011716836132109165,0.06770461797714233,0.9205785393714905
87,EffNet_RecPlot + EffNet_RecPlot,53,2,2,0.008526377379894257,0.009736908599734306,0.9817367196083069
87,EffNet_RecPlot + EffNet_RecPlot,54,2,2,0.010181717574596405,0.00626783724874258,0.9835504293441772
87,EffNet_RecPlot + EffNet_RecPlot,55,2,2,0.02439466491341591,0.024616001173853874,0.950989305973053
87,EffNet_RecPlot + EffNet_RecPlot,56,2,2,0.0049951751716434956,0.028142180293798447,0.966862678527832
87,EffNet_RecPlot + EffNet_RecPlot,57,2,2,0.05420457199215889,0.15342122316360474,0.7923742532730103
87,EffNet_RecPlot + EffNet_RecPlot,58,2,0,0.6534861922264099,0.016886932775378227,0.3296268880367279
93,MobileNet_Original + MobileNet_RecPlot,0,0,0,0.49558770656585693,0.22881734371185303,0.27559494972229004
93,MobileNet_Original + MobileNet_RecPlot,1,0,2,0.28691917657852173,0.3350238502025604,0.37805700302124023
93,MobileNet_Original + MobileNet_RecPlot,2,0,2,0.410792738199234,0.1305062174797058,0.4587010443210602
93,MobileNet_Original + MobileNet_RecPlot,3,0,0,0.6835469007492065,0.26032018661499023,0.05613289773464203
93,MobileNet_Original + MobileNet_RecPlot,4,0,0,0.9447208642959595,0.024861816316843033,0.030417300760746002
93,MobileNet_Original + MobileNet_RecPlot,5,0,0,0.987746000289917,0.00483357161283493,0.007420464418828487
93,MobileNet_Original + MobileNet_RecPlot,6,0,0,0.9638099074363708,0.020914345979690552,0.015275760553777218
93,MobileNet_Original + MobileNet_RecPlot,7,0,1,0.22539593279361725,0.750779926776886,0.02382413111627102
93,MobileNet_Original + MobileNet_RecPlot,8,0,0,0.7002681493759155,0.21158692240715027,0.0881449431180954
93,MobileNet_Original + MobileNet_RecPlot,9,0,0,0.8697704672813416,0.05970897525548935,0.07052060961723328
93,MobileNet_Original + MobileNet_RecPlot,10,0,0,0.911134660243988,0.02365756779909134,0.06520777195692062
93,MobileNet_Original + MobileNet_RecPlot,11,0,1,0.2581372559070587,0.5380341410636902,0.2038285881280899
93,MobileNet_Original + MobileNet_RecPlot,12,0,0,0.8227539658546448,0.044608354568481445,0.13263767957687378
93,MobileNet_Original + MobileNet_RecPlot,13,0,0,0.6895108819007874,0.06019964814186096,0.2502894401550293
93,MobileNet_Original + MobileNet_RecPlot,14,0,0,0.7746202349662781,0.17633488774299622,0.049044907093048096
93,MobileNet_Original + MobileNet_RecPlot,15,0,1,0.1719837635755539,0.474717915058136,0.3532983362674713
93,MobileNet_Original + MobileNet_RecPlot,16,0,0,0.5541342496871948,0.29114097356796265,0.1547248363494873
93,MobileNet_Original + MobileNet_RecPlot,17,0,0,0.9489597082138062,0.022279778495430946,0.028760462999343872
93,MobileNet_Original + MobileNet_RecPlot,18,1,1,0.027106866240501404,0.9695677757263184,0.0033253137953579426
93,MobileNet_Original + MobileNet_RecPlot,19,1,1,0.0033699912019073963,0.9901667833328247,0.00646323524415493
93,MobileNet_Original + MobileNet_RecPlot,20,1,1,0.013044611550867558,0.9777637124061584,0.009191698394715786
93,MobileNet_Original + MobileNet_RecPlot,21,1,1,0.08023063838481903,0.7660145163536072,0.1537548303604126
93,MobileNet_Original + MobileNet_RecPlot,22,1,1,0.060248445719480515,0.8772924542427063,0.06245914101600647
93,MobileNet_Original + MobileNet_RecPlot,23,1,1,0.19787105917930603,0.7187859416007996,0.0833430141210556
93,MobileNet_Original + MobileNet_RecPlot,24,1,1,0.08136964589357376,0.8413740396499634,0.07725632190704346
93,MobileNet_Original + MobileNet_RecPlot,25,1,1,0.0062560271471738815,0.9606785178184509,0.033065441995859146
93,MobileNet_Original + MobileNet_RecPlot,26,1,1,0.24232368171215057,0.7090148329734802,0.04866153001785278
93,MobileNet_Original + MobileNet_RecPlot,27,1,1,0.08063457906246185,0.8682398796081543,0.05112556368112564
93,MobileNet_Original + MobileNet_RecPlot,28,1,1,0.1498645544052124,0.7264457941055298,0.1236896961927414
93,MobileNet_Original + MobileNet_RecPlot,29,1,1,0.010010783560574055,0.9772930145263672,0.01269621029496193
93,MobileNet_Original + MobileNet_RecPlot,30,1,1,0.024511193856596947,0.9225190281867981,0.052969757467508316
93,MobileNet_Original + MobileNet_RecPlot,31,1,1,0.017254693433642387,0.9614675045013428,0.021277818828821182
93,MobileNet_Original + EffNet_Original,0,0,0,0.6952498555183411,0.23538778722286224,0.06936237215995789
93,MobileNet_Original + EffNet_Original,1,0,0,0.6372776627540588,0.31701719760894775,0.0457051657140255
93,MobileNet_Original + EffNet_Original,2,0,0,0.8353825807571411,0.1150437667965889,0.04957367852330208
93,MobileNet_Original + EffNet_Original,3,0,1,0.27453067898750305,0.7050698399543762,0.02039945498108864
93,MobileNet_Original + EffNet_Original,4,0,0,0.9544881582260132,0.016671476885676384,0.02884034998714924
93,MobileNet_Original + EffNet_Original,5,0,0,0.9900459051132202,0.0014225058257579803,0.008531622588634491
93,MobileNet_Original + EffNet_Original,6,0,0,0.9936363697052002,0.003682683687657118,0.002680936362594366
93,MobileNet_Original + EffNet_Original,7,0,0,0.6087887287139893,0.2865644693374634,0.10464683175086975
93,MobileNet_Original + EffNet_Original,8,0,0,0.7794583439826965,0.12312307208776474,0.09741862863302231
93,MobileNet_Original + EffNet_Original,9,0,0,0.8924276232719421,0.03190898522734642,0.07566344738006592
93,MobileNet_Original + EffNet_Original,10,0,0,0.9793696403503418,0.014264728873968124,0.006365637760609388
93,MobileNet_Original + EffNet_Original,11,0,0,0.7430305480957031,0.04214233160018921,0.21482717990875244
93,MobileNet_Original + EffNet_Original,12,0,0,0.9309040904045105,0.021971382200717926,0.04712444543838501
93,MobileNet_Original + EffNet_Original,13,0,0,0.8599306344985962,0.06565186381340027,0.07441751658916473
93,MobileNet_Original + EffNet_Original,14,0,0,0.9912625551223755,0.003000265685841441,0.005737170577049255
93,MobileNet_Original + EffNet_Original,15,0,2,0.448112428188324,0.05377084016799927,0.49811676144599915
93,MobileNet_Original + EffNet_Original,16,0,0,0.8022608757019043,0.11596255749464035,0.08177660405635834
93,MobileNet_Original + EffNet_Original,17,0,0,0.9712993502616882,0.008429154753684998,0.020271524786949158
93,MobileNet_Original + EffNet_Original,18,1,1,0.0073122503235936165,0.9907243847846985,0.0019633991178125143
93,MobileNet_Original + EffNet_Original,19,1,1,0.001229575602337718,0.9981828927993774,0.0005875580245628953
93,MobileNet_Original + EffNet_Original,20,1,1,0.01237745862454176,0.9791515469551086,0.008471018634736538
93,MobileNet_Original + EffNet_Original,21,1,2,0.06324319541454315,0.3842003047466278,0.5525565147399902
93,MobileNet_Original + EffNet_Original,22,1,1,0.014602196402847767,0.9602054953575134,0.025192348286509514
93,MobileNet_Original + EffNet_Original,23,1,1,0.03386017307639122,0.9276139736175537,0.038525890558958054
93,MobileNet_Original + EffNet_Original,24,1,1,0.07668673247098923,0.839727520942688,0.08358576148748398
93,MobileNet_Original + EffNet_Original,25,1,1,0.004508372861891985,0.9625973701477051,0.032894305884838104
93,MobileNet_Original + EffNet_Original,26,1,1,0.05094621703028679,0.9096639752388,0.03938978910446167
93,MobileNet_Original + EffNet_Original,27,1,1,0.011578411795198917,0.9565677642822266,0.031853821128606796
93,MobileNet_Original + EffNet_Original,28,1,1,0.03458536043763161,0.943831205368042,0.021583452820777893
93,MobileNet_Original + EffNet_Original,29,1,1,0.009658531285822392,0.9809150695800781,0.00942639447748661
93,MobileNet_Original + EffNet_Original,30,1,1,0.021987708285450935,0.9244572520256042,0.053555041551589966
93,MobileNet_Original + EffNet_Original,31,1,1,0.026792915537953377,0.9267112612724304,0.04649585112929344
93,MobileNet_Original + EffNet_RecPlot,0,0,0,0.46065545082092285,0.20933613181114197,0.3300083875656128
93,MobileNet_Original + EffNet_RecPlot,1,0,2,0.30966317653656006,0.29567477107048035,0.3946620225906372
93,MobileNet_Original + EffNet_RecPlot,2,0,0,0.5033317804336548,0.1313001811504364,0.3653680682182312
93,MobileNet_Original + EffNet_RecPlot,3,0,1,0.38490229845046997,0.4123685956001282,0.20272910594940186
93,MobileNet_Original + EffNet_RecPlot,4,0,0,0.9511746764183044,0.018169274553656578,0.03065606579184532
93,MobileNet_Original + EffNet_RecPlot,5,0,0,0.9872708320617676,0.001965153496712446,0.010764029808342457
93,MobileNet_Original + EffNet_RecPlot,6,0,0,0.9811404943466187,0.004676640033721924,0.014182882383465767
93,MobileNet_Original + EffNet_RecPlot,7,0,1,0.22911874949932098,0.7437772154808044,0.027104085311293602
93,MobileNet_Original + EffNet_RecPlot,8,0,0,0.6816219687461853,0.13250379264354706,0.1858743131160736
93,MobileNet_Original + EffNet_RecPlot,9,0,0,0.7026987075805664,0.03968539088964462,0.25761592388153076
93,MobileNet_Original + EffNet_RecPlot,10,0,0,0.9760696887969971,0.014772024936974049,0.009158289059996605
93,MobileNet_Original + EffNet_RecPlot,11,0,1,0.30395957827568054,0.48251816630363464,0.2135223001241684
93,MobileNet_Original + EffNet_RecPlot,12,0,0,0.8421820998191833,0.05192200466990471,0.10589589178562164
93,MobileNet_Original + EffNet_RecPlot,13,0,0,0.5643861293792725,0.07110635191202164,0.3645074963569641
93,MobileNet_Original + EffNet_RecPlot,14,0,0,0.9761818647384644,0.015380245633423328,0.00843784585595131
93,MobileNet_Original + EffNet_RecPlot,15,0,1,0.20618262887001038,0.39711102843284607,0.39670634269714355
93,MobileNet_Original + EffNet_RecPlot,16,0,0,0.47191688418388367,0.12355922162532806,0.40452396869659424
93,MobileNet_Original + EffNet_RecPlot,17,0,0,0.9586647748947144,0.010604515671730042,0.030730746686458588
93,MobileNet_Original + EffNet_RecPlot,18,1,1,0.045520901679992676,0.9279630184173584,0.026516109704971313
93,MobileNet_Original + EffNet_RecPlot,19,1,1,0.003460573498159647,0.994888186454773,0.0016512458678334951
93,MobileNet_Original + EffNet_RecPlot,20,1,1,0.07329721003770828,0.9054913520812988,0.0212114155292511
93,MobileNet_Original + EffNet_RecPlot,21,1,1,0.06240537017583847,0.7930330038070679,0.14456161856651306
93,MobileNet_Original + EffNet_RecPlot,22,1,1,0.019070126116275787,0.9534554481506348,0.027474459260702133
93,MobileNet_Original + EffNet_RecPlot,23,1,1,0.23901186883449554,0.501706600189209,0.25928160548210144
93,MobileNet_Original + EffNet_RecPlot,24,1,1,0.10164777934551239,0.8179632425308228,0.08038897067308426
93,MobileNet_Original + EffNet_RecPlot,25,1,1,0.007821009494364262,0.9591277241706848,0.0330512709915638
93,MobileNet_Original + EffNet_RecPlot,26,1,1,0.19166843593120575,0.6941633224487305,0.1141681969165802
93,MobileNet_Original + EffNet_RecPlot,27,1,1,0.11999180912971497,0.7439807653427124,0.13602745532989502
93,MobileNet_Original + EffNet_RecPlot,28,1,1,0.05098326504230499,0.9068620204925537,0.042154714465141296
93,MobileNet_Original + EffNet_RecPlot,29,1,1,0.014366662129759789,0.9444848299026489,0.041148535907268524
93,MobileNet_Original + EffNet_RecPlot,30,1,1,0.037085387855768204,0.9079667329788208,0.05494790896773338
93,MobileNet_Original + EffNet_RecPlot,31,1,1,0.022303083911538124,0.954890251159668,0.022806687280535698
93,MobileNet_RecPlot + EffNet_Original,0,0,0,0.5719640254974365,0.17120568454265594,0.2568303048610687
93,MobileNet_RecPlot + EffNet_Original,1,0,0,0.48226577043533325,0.18001993000507355,0.3377143144607544
93,MobileNet_RecPlot + EffNet_Original,2,0,0,0.5531819462776184,0.028522033244371414,0.41829603910446167
93,MobileNet_RecPlot + EffNet_Original,3,0,1,0.46755513548851013,0.4825237989425659,0.04992103576660156
93,MobileNet_RecPlot + EffNet_Original,4,0,0,0.9852999448776245,0.009908025152981281,0.004792078398168087
93,MobileNet_RecPlot + EffNet_Original,5,0,0,0.9883552193641663,0.004203842021524906,0.0074409665539860725
93,MobileNet_RecPlot + EffNet_Original,6,0,0,0.9691503047943115,0.01754884608089924,0.013300810009241104
93,MobileNet_RecPlot + EffNet_Original,7,0,1,0.3874768614768982,0.5304417014122009,0.08208151906728745
93,MobileNet_RecPlot + EffNet_Original,8,0,0,0.8143161535263062,0.11301854997873306,0.072665274143219
93,MobileNet_RecPlot + EffNet_Original,9,0,0,0.9251836538314819,0.04925377666950226,0.02556261047720909
93,MobileNet_RecPlot + EffNet_Original,10,0,0,0.9297387003898621,0.009915830567479134,0.060345493257045746
93,MobileNet_RecPlot + EffNet_Original,11,0,1,0.48848631978034973,0.4984106719493866,0.013103016652166843
93,MobileNet_RecPlot + EffNet_Original,12,0,0,0.8379486799240112,0.02960401400923729,0.13244733214378357
93,MobileNet_RecPlot + EffNet_Original,13,0,0,0.8087767362594604,0.013374865986406803,0.1778484284877777
93,MobileNet_RecPlot + EffNet_Original,14,0,0,0.7744418978691101,0.1746673285961151,0.05089082568883896
93,MobileNet_RecPlot + EffNet_Original,15,0,1,0.302587628364563,0.48076725006103516,0.21664513647556305
93,MobileNet_RecPlot + EffNet_Original,16,0,0,0.7077137231826782,0.19872915744781494,0.09355711191892624
93,MobileNet_RecPlot + EffNet_Original,17,0,0,0.968170166015625,0.01512661762535572,0.016703244298696518
93,MobileNet_RecPlot + EffNet_Original,18,1,1,0.023932354524731636,0.9731054902076721,0.002962165279313922
93,MobileNet_RecPlot + EffNet_Original,19,1,1,0.00218994845636189,0.9918439984321594,0.0059660873375833035
93,MobileNet_RecPlot + EffNet_Original,20,1,1,0.0007161236717365682,0.9985166192054749,0.0007672586943954229
93,MobileNet_RecPlot + EffNet_Original,21,1,1,0.027781818062067032,0.544873833656311,0.42734435200691223
93,MobileNet_RecPlot + EffNet_Original,22,1,1,0.04621504619717598,0.9163398146629333,0.037445105612277985
93,MobileNet_RecPlot + EffNet_Original,23,1,1,0.16640964150428772,0.7874167561531067,0.04617360606789589
93,MobileNet_RecPlot + EffNet_Original,24,1,1,0.004743873607367277,0.9864122867584229,0.008843890391290188
93,MobileNet_RecPlot + EffNet_Original,25,1,1,0.0018311211606487632,0.9975578784942627,0.0006109951646067202
93,MobileNet_RecPlot + EffNet_Original,26,1,1,0.1925944834947586,0.7973951101303101,0.010010434314608574
93,MobileNet_RecPlot + EffNet_Original,27,1,1,0.06911604106426239,0.9074526429176331,0.023431336507201195
93,MobileNet_RecPlot + EffNet_Original,28,1,1,0.11795301735401154,0.7759668231010437,0.10608019679784775
93,MobileNet_RecPlot + EffNet_Original,29,1,1,0.0005103758885525167,0.9955073595046997,0.00398218771442771
93,MobileNet_RecPlot + EffNet_Original,30,1,1,0.0027106627821922302,0.9961934685707092,0.001095896353945136
93,MobileNet_RecPlot + EffNet_Original,31,1,1,0.010266106575727463,0.9641896486282349,0.02554420195519924
93,MobileNet_RecPlot + EffNet_RecPlot,0,0,2,0.3373696208000183,0.14515402913093567,0.5174763202667236
93,MobileNet_RecPlot + EffNet_RecPlot,1,0,2,0.15465131402015686,0.15867751836776733,0.6866711974143982
93,MobileNet_RecPlot + EffNet_RecPlot,2,0,2,0.2211310863494873,0.044778451323509216,0.7340904474258423
93,MobileNet_RecPlot + EffNet_RecPlot,3,0,0,0.577926754951477,0.18982255458831787,0.23225069046020508
93,MobileNet_RecPlot + EffNet_RecPlot,4,0,0,0.981986403465271,0.0114058218896389,0.006607792340219021
93,MobileNet_RecPlot + EffNet_RecPlot,5,0,0,0.9855801463127136,0.004746489692479372,0.009673374705016613
93,MobileNet_RecPlot + EffNet_RecPlot,6,0,0,0.95665442943573,0.018542801961302757,0.024802755564451218
93,MobileNet_RecPlot + EffNet_RecPlot,7,0,1,0.007806883659213781,0.9876543283462524,0.004538762383162975
93,MobileNet_RecPlot + EffNet_RecPlot,8,0,0,0.7164797782897949,0.12239927053451538,0.1611209511756897
93,MobileNet_RecPlot + EffNet_RecPlot,9,0,0,0.7354547381401062,0.05703017860651016,0.20751509070396423
93,MobileNet_RecPlot + EffNet_RecPlot,10,0,0,0.9264386892318726,0.010423124767839909,0.06313813477754593
93,MobileNet_RecPlot + EffNet_RecPlot,11,0,1,0.04941534996032715,0.938786506652832,0.011798140592873096
93,MobileNet_RecPlot + EffNet_RecPlot,12,0,0,0.7492265701293945,0.05955463647842407,0.191218763589859
93,MobileNet_RecPlot + EffNet_RecPlot,13,0,0,0.5132322311401367,0.0188293494284153,0.4679384231567383
93,MobileNet_RecPlot + EffNet_RecPlot,14,0,0,0.759361207485199,0.1870473176240921,0.05359150096774101
93,MobileNet_RecPlot + EffNet_RecPlot,15,0,1,0.06065783277153969,0.8241074085235596,0.11523473262786865
93,MobileNet_RecPlot + EffNet_RecPlot,16,0,2,0.37736976146698,0.20632582902908325,0.41630446910858154
93,MobileNet_RecPlot + EffNet_RecPlot,17,0,0,0.9555355906486511,0.017301978543400764,0.027162466198205948
93,MobileNet_RecPlot + EffNet_RecPlot,18,1,1,0.06214100494980812,0.910344123840332,0.027514874935150146
93,MobileNet_RecPlot + EffNet_RecPlot,19,1,1,0.004420946817845106,0.9885492920875549,0.0070297750644385815
93,MobileNet_RecPlot + EffNet_RecPlot,20,1,1,0.061635877937078476,0.9248564839363098,0.013507655821740627
93,MobileNet_RecPlot + EffNet_RecPlot,21,1,1,0.026944000273942947,0.9537065625190735,0.019349457696080208
93,MobileNet_RecPlot + EffNet_RecPlot,22,1,1,0.05068298056721687,0.9095898270606995,0.03972722217440605
93,MobileNet_RecPlot + EffNet_RecPlot,23,1,0,0.37156131863594055,0.36150938272476196,0.2669292986392975
93,MobileNet_RecPlot + EffNet_RecPlot,24,1,1,0.029704920947551727,0.9646480083465576,0.0056471023708581924
93,MobileNet_RecPlot + EffNet_RecPlot,25,1,1,0.005143756978213787,0.9940882921218872,0.0007679574191570282
93,MobileNet_RecPlot + EffNet_RecPlot,26,1,1,0.3333166837692261,0.5818944573402405,0.08478884398937225
93,MobileNet_RecPlot + EffNet_RecPlot,27,1,1,0.177529439330101,0.6948655843734741,0.12760497629642487
93,MobileNet_RecPlot + EffNet_RecPlot,28,1,1,0.13435092568397522,0.7389976382255554,0.12665146589279175
93,MobileNet_RecPlot + EffNet_RecPlot,29,1,1,0.005218505859375,0.9590771198272705,0.03570432588458061
93,MobileNet_RecPlot + EffNet_RecPlot,30,1,1,0.01780834048986435,0.9797029495239258,0.0024887581821531057
93,MobileNet_RecPlot + EffNet_RecPlot,31,1,1,0.005776278208941221,0.9923686981201172,0.0018550436943769455
93,EffNet_Original + EffNet_RecPlot,0,0,0,0.5370317697525024,0.15172448754310608,0.3112437427043915
93,EffNet_Original + EffNet_RecPlot,1,0,0,0.5050097703933716,0.14067086577415466,0.35431933403015137
93,EffNet_Original + EffNet_RecPlot,2,0,0,0.6457209587097168,0.029316004365682602,0.3249630630016327
93,EffNet_Original + EffNet_RecPlot,3,0,1,0.16891054809093475,0.6345722079277039,0.1965172439813614
93,EffNet_Original + EffNet_RecPlot,4,0,0,0.9917536973953247,0.003215482924133539,0.00503084110096097
93,EffNet_Original + EffNet_RecPlot,5,0,0,0.9878800511360168,0.001335423905402422,0.010784532874822617
93,EffNet_Original + EffNet_RecPlot,6,0,0,0.9864808917045593,0.0013111428124830127,0.012207931838929653
93,EffNet_Original + EffNet_RecPlot,7,0,1,0.39119964838027954,0.5234388709068298,0.08536146581172943
93,EffNet_Original + EffNet_RecPlot,8,0,0,0.7956699132919312,0.03393542021512985,0.170394629240036
93,EffNet_Original + EffNet_RecPlot,9,0,0,0.7581119537353516,0.02923019416630268,0.21265792846679688
93,EffNet_Original + EffNet_RecPlot,10,0,0,0.9946737289428711,0.0010302874725311995,0.004296007100492716
93,EffNet_Original + EffNet_RecPlot,11,0,0,0.5343086123466492,0.4428946077823639,0.02279672957956791
93,EffNet_Original + EffNet_RecPlot,12,0,0,0.8573768138885498,0.036917660385370255,0.10570553690195084
93,EffNet_Original + EffNet_RecPlot,13,0,0,0.6836519837379456,0.024281568825244904,0.2920664846897125
93,EffNet_Original + EffNet_RecPlot,14,0,0,0.9760035276412964,0.013712689280509949,0.010283763520419598
93,EffNet_Original + EffNet_RecPlot,15,0,1,0.3367864787578583,0.40316036343574524,0.2600531578063965
93,EffNet_Original + EffNet_RecPlot,16,0,0,0.6254963874816895,0.031147398054599762,0.34335625171661377
93,EffNet_Original + EffNet_RecPlot,17,0,0,0.9778751134872437,0.00345135317184031,0.018673524260520935
93,EffNet_Original + EffNet_RecPlot,18,1,1,0.04234638810157776,0.9315006136894226,0.0261529590934515
93,EffNet_Original + EffNet_RecPlot,19,1,1,0.002280530519783497,0.9965653419494629,0.0011540974956005812
93,EffNet_Original + EffNet_RecPlot,20,1,1,0.06096872687339783,0.9262442588806152,0.01278697606176138
93,EffNet_Original + EffNet_RecPlot,21,1,1,0.00995655171573162,0.5718923211097717,0.4181511104106903
93,EffNet_Original + EffNet_RecPlot,22,1,1,0.005036727990955114,0.9925028681755066,0.0024604282807558775
93,EffNet_Original + EffNet_RecPlot,23,1,1,0.20755043625831604,0.5703373551368713,0.22211216390132904
93,EffNet_Original + EffNet_RecPlot,24,1,1,0.025022011250257492,0.9630014896392822,0.011976536363363266
93,EffNet_Original + EffNet_RecPlot,25,1,1,0.0033961026929318905,0.9960070848464966,0.0005968234618194401
93,EffNet_Original + EffNet_RecPlot,26,1,1,0.14193925261497498,0.7825436592102051,0.07551710307598114
93,EffNet_Original + EffNet_RecPlot,27,1,1,0.1084732711315155,0.7831935286521912,0.10833323746919632
93,EffNet_Original + EffNet_RecPlot,28,1,1,0.019071724265813828,0.9563831090927124,0.024545205757021904
93,EffNet_Original + EffNet_RecPlot,29,1,1,0.004866254050284624,0.9626992344856262,0.03243451192975044
93,EffNet_Original + EffNet_RecPlot,30,1,1,0.015284853056073189,0.9816411137580872,0.003074042499065399
93,EffNet_Original + EffNet_RecPlot,31,1,1,0.0153144970536232,0.9576124548912048,0.027073074132204056
93,MobileNet_Original + MobileNet_Original,0,0,0,0.6188735365867615,0.2929994463920593,0.0881270170211792
93,MobileNet_Original + MobileNet_Original,1,0,1,0.4419310390949249,0.47202110290527344,0.08604785799980164
93,MobileNet_Original + MobileNet_Original,2,0,0,0.6929934024810791,0.217027947306633,0.08997868746519089
93,MobileNet_Original + MobileNet_Original,3,0,0,0.4905224144458771,0.48286622762680054,0.026611315086483955
93,MobileNet_Original + MobileNet_Original,4,0,0,0.9139091372489929,0.03162527084350586,0.05446557700634003
93,MobileNet_Original + MobileNet_Original,5,0,0,0.9894366264343262,0.0020522356498986483,0.008511119522154331
93,MobileNet_Original + MobileNet_Original,6,0,0,0.9882959127426147,0.0070481812581419945,0.004655885510146618
93,MobileNet_Original + MobileNet_Original,7,0,1,0.4467077851295471,0.5069027543067932,0.04638945311307907
93,MobileNet_Original + MobileNet_Original,8,0,0,0.6654102802276611,0.22169144451618195,0.11289829760789871
93,MobileNet_Original + MobileNet_Original,9,0,0,0.8370144367218018,0.04236418008804321,0.12062143534421921
93,MobileNet_Original + MobileNet_Original,10,0,0,0.9607656002044678,0.02800646610558033,0.011227919720113277
93,MobileNet_Original + MobileNet_Original,11,0,0,0.5126814842224121,0.08176581561565399,0.4055527448654175
93,MobileNet_Original + MobileNet_Original,12,0,0,0.9157094955444336,0.03697572648525238,0.04731481149792671
93,MobileNet_Original + MobileNet_Original,13,0,0,0.7406648397445679,0.1124766543507576,0.14685854315757751
93,MobileNet_Original + MobileNet_Original,14,0,0,0.9914409518241882,0.004667822737246752,0.0038912531454116106
93,MobileNet_Original + MobileNet_Original,15,0,2,0.3175085484981537,0.04772152379155159,0.6347699761390686
93,MobileNet_Original + MobileNet_Original,16,0,0,0.6486813426017761,0.20837438106536865,0.1429443210363388
93,MobileNet_Original + MobileNet_Original,17,0,0,0.9520889520645142,0.015582317486405373,0.03232874721288681
93,MobileNet_Original + MobileNet_Original,18,1,1,0.010486762039363384,0.9871866703033447,0.002326547633856535
93,MobileNet_Original + MobileNet_Original,19,1,1,0.0024096183478832245,0.996505618095398,0.0010847062803804874
93,MobileNet_Original + MobileNet_Original,20,1,1,0.02470594458281994,0.9583985805511475,0.016895456239581108
93,MobileNet_Original + MobileNet_Original,21,1,1,0.11569201201200485,0.6053410172462463,0.2789669930934906
93,MobileNet_Original + MobileNet_Original,22,1,1,0.02863559126853943,0.921157956123352,0.050206370651721954
93,MobileNet_Original + MobileNet_Original,23,1,1,0.06532159447669983,0.8589830994606018,0.07569529116153717
93,MobileNet_Original + MobileNet_Original,24,1,1,0.15331250429153442,0.6946892738342285,0.15199819207191467
93,MobileNet_Original + MobileNet_Original,25,1,1,0.008933278732001781,0.9257179498672485,0.06534875184297562
93,MobileNet_Original + MobileNet_Original,26,1,1,0.10067540407180786,0.8212836980819702,0.07804088294506073
93,MobileNet_Original + MobileNet_Original,27,1,1,0.023096946999430656,0.9173550009727478,0.05954805016517639
93,MobileNet_Original + MobileNet_Original,28,1,1,0.06649690121412277,0.8943101763725281,0.039192963391542435
93,MobileNet_Original + MobileNet_Original,29,1,1,0.01915893889963627,0.9627006649971008,0.018140416592359543
93,MobileNet_Original + MobileNet_Original,30,1,1,0.04378823935985565,0.8507828116416931,0.10542890429496765
93,MobileNet_Original + MobileNet_Original,31,1,1,0.0337815023958683,0.9239890575408936,0.04222946614027023
93,MobileNet_RecPlot + MobileNet_RecPlot,0,0,2,0.3723019063472748,0.16463524103164673,0.4630628824234009
93,MobileNet_RecPlot + MobileNet_RecPlot,1,0,2,0.13190731406211853,0.19802658259868622,0.6700661778450012
93,MobileNet_RecPlot + MobileNet_RecPlot,2,0,2,0.1285920888185501,0.04398448020219803,0.8274233937263489
93,MobileNet_RecPlot + MobileNet_RecPlot,3,0,0,0.8765713572502136,0.03777415305376053,0.08565448224544525
93,MobileNet_RecPlot + MobileNet_RecPlot,4,0,0,0.9755326509475708,0.018098363652825356,0.006369029171764851
93,MobileNet_RecPlot + MobileNet_RecPlot,5,0,0,0.986055314540863,0.007614907808601856,0.006329808849841356
93,MobileNet_RecPlot + MobileNet_RecPlot,6,0,0,0.9393238425254822,0.034780506044626236,0.025895632803440094
93,MobileNet_RecPlot + MobileNet_RecPlot,7,0,1,0.004084076266735792,0.9946571588516235,0.0012588101672008634
93,MobileNet_RecPlot + MobileNet_RecPlot,8,0,0,0.7351260185241699,0.2014824002981186,0.06339160352945328
93,MobileNet_RecPlot + MobileNet_RecPlot,9,0,0,0.9025264382362366,0.07705376297235489,0.020419763401150703
93,MobileNet_RecPlot + MobileNet_RecPlot,10,0,0,0.8615037202835083,0.0193086676299572,0.1191876232624054
93,MobileNet_RecPlot + MobileNet_RecPlot,11,0,1,0.0035930206067860126,0.9943025708198547,0.0021044265013188124
93,MobileNet_RecPlot + MobileNet_RecPlot,12,0,0,0.7297984957695007,0.05224099010229111,0.21796056628227234
93,MobileNet_RecPlot + MobileNet_RecPlot,13,0,0,0.6383569836616516,0.007922645658254623,0.3537203371524811
93,MobileNet_RecPlot + MobileNet_RecPlot,14,0,0,0.5577994585037231,0.3480019271373749,0.0941985547542572
93,MobileNet_RecPlot + MobileNet_RecPlot,15,0,1,0.026458971202373505,0.9017143249511719,0.07182671874761581
93,MobileNet_RecPlot + MobileNet_RecPlot,16,0,0,0.45958709716796875,0.37390759587287903,0.1665053367614746
93,MobileNet_RecPlot + MobileNet_RecPlot,17,0,0,0.9458306431770325,0.02897724322974682,0.02519218437373638
93,MobileNet_RecPlot + MobileNet_RecPlot,18,1,1,0.04372697323560715,0.9519489407539368,0.0043240804225206375
93,MobileNet_RecPlot + MobileNet_RecPlot,19,1,1,0.0043303645215928555,0.9838278889656067,0.01184176467359066
93,MobileNet_RecPlot + MobileNet_RecPlot,20,1,1,0.001383276074193418,0.9971287846565247,0.0014879385707899928
93,MobileNet_RecPlot + MobileNet_RecPlot,21,1,1,0.04476926475763321,0.926688015460968,0.02854268066585064
93,MobileNet_RecPlot + MobileNet_RecPlot,22,1,1,0.091861292719841,0.8334267735481262,0.07471189647912979
93,MobileNet_RecPlot + MobileNet_RecPlot,23,1,1,0.33042049407958984,0.5785887241363525,0.09099072217941284
93,MobileNet_RecPlot + MobileNet_RecPlot,24,1,1,0.009426782839000225,0.9880587458610535,0.0025144570972770452
93,MobileNet_RecPlot + MobileNet_RecPlot,25,1,1,0.0035787755623459816,0.9956390857696533,0.0007821291219443083
93,MobileNet_RecPlot + MobileNet_RecPlot,26,1,1,0.3839719295501709,0.5967459082603455,0.01928217150270939
93,MobileNet_RecPlot + MobileNet_RecPlot,27,1,1,0.1381722092628479,0.819124698638916,0.04270307719707489
93,MobileNet_RecPlot + MobileNet_RecPlot,28,1,1,0.23323220014572144,0.5585813522338867,0.20818643271923065
93,MobileNet_RecPlot + MobileNet_RecPlot,29,1,1,0.0008626281633041799,0.9918853044509888,0.007252003066241741
93,MobileNet_RecPlot + MobileNet_RecPlot,30,1,1,0.005234147887676954,0.9942552447319031,0.0005106117459945381
93,MobileNet_RecPlot + MobileNet_RecPlot,31,1,1,0.0007278881967067719,0.9989458918571472,0.0003261767269577831
93,EffNet_Original + EffNet_Original,0,0,0,0.7716261744499207,0.17777612805366516,0.050597719848155975
93,EffNet_Original + EffNet_Original,1,0,0,0.8326242566108704,0.16201327741146088,0.005362474825233221
93,EffNet_Original + EffNet_Original,2,0,0,0.9777717590332031,0.013059585355222225,0.009168669581413269
93,EffNet_Original + EffNet_Original,3,0,1,0.05853893607854843,0.9272735118865967,0.014187593944370747
93,EffNet_Original + EffNet_Original,4,0,0,0.9950672388076782,0.0017176861874759197,0.0032151273917406797
93,EffNet_Original + EffNet_Original,5,0,0,0.9906551241874695,0.0007927761180326343,0.008552124723792076
93,EffNet_Original + EffNet_Original,6,0,0,0.9989768266677856,0.0003171866701450199,0.000705987389665097
93,EffNet_Original + EffNet_Original,7,0,0,0.7708696722984314,0.06622616201639175,0.16290423274040222
93,EffNet_Original + EffNet_Original,8,0,0,0.8935063481330872,0.024554701521992683,0.08193895220756531
93,EffNet_Original + EffNet_Original,9,0,0,0.947840690612793,0.02145378850400448,0.03070545196533203
93,EffNet_Original + EffNet_Original,10,0,0,0.9979736804962158,0.0005229915259405971,0.0015033562667667866
93,EffNet_Original + EffNet_Original,11,0,0,0.9733796119689941,0.0025188440922647715,0.024101607501506805
93,EffNet_Original + EffNet_Original,12,0,0,0.946098804473877,0.006967039313167334,0.0469340905547142
93,EffNet_Original + EffNet_Original,13,0,0,0.9791963696479797,0.018827084451913834,0.0019765100441873074
93,EffNet_Original + EffNet_Original,14,0,0,0.9910842180252075,0.0013327092165127397,0.0075830877758562565
93,EffNet_Original + EffNet_Original,15,0,0,0.5787162780761719,0.059820156544446945,0.3614635467529297
93,EffNet_Original + EffNet_Original,16,0,0,0.9558403491973877,0.0235507320612669,0.020608892664313316
93,EffNet_Original + EffNet_Original,17,0,0,0.9905096292495728,0.0012759924866259098,0.00821430329233408
93,EffNet_Original + EffNet_Original,18,1,1,0.004137737676501274,0.9942619800567627,0.0016002499032765627
93,EffNet_Original + EffNet_Original,19,1,1,4.953254756401293e-05,0.9998600482940674,9.040962322615087e-05
93,EffNet_Original + EffNet_Original,20,1,1,4.897118924418464e-05,0.999904453754425,4.657869430957362e-05
93,EffNet_Original + EffNet_Original,21,1,2,0.010794372297823429,0.16305960714817047,0.8261460065841675
93,EffNet_Original + EffNet_Original,22,1,1,0.0005687967641279101,0.9992528557777405,0.00017831570585258305
93,EffNet_Original + EffNet_Original,23,1,1,0.0023987481836229563,0.9962447881698608,0.001356481108814478
93,EffNet_Original + EffNet_Original,24,1,1,6.0964335716562346e-05,0.9847656488418579,0.015173322521150112
93,EffNet_Original + EffNet_Original,25,1,1,8.346679533133283e-05,0.9994767308235168,0.0004398611781653017
93,EffNet_Original + EffNet_Original,26,1,1,0.0012170274276286364,0.9980443120002747,0.0007386972429230809
93,EffNet_Original + EffNet_Original,27,1,1,5.987695840303786e-05,0.9957804679870605,0.00415959395468235
93,EffNet_Original + EffNet_Original,28,1,1,0.002673821058124304,0.9933522343635559,0.003973941318690777
93,EffNet_Original + EffNet_Original,29,1,1,0.00015812358469702303,0.9991294741630554,0.0007123727118596435
93,EffNet_Original + EffNet_Original,30,1,1,0.00018717788043431938,0.9981316924095154,0.0016811809036880732
93,EffNet_Original + EffNet_Original,31,1,1,0.019804326817393303,0.9294334650039673,0.05076223611831665
93,EffNet_RecPlot + EffNet_RecPlot,0,0,2,0.3024373948574066,0.125672847032547,0.5718898177146912
93,EffNet_RecPlot + EffNet_RecPlot,1,0,2,0.177395299077034,0.11932845413684845,0.7032762169837952
93,EffNet_RecPlot + EffNet_RecPlot,2,0,2,0.3136700987815857,0.045572422444820404,0.6407574415206909
93,EffNet_RecPlot + EffNet_RecPlot,3,0,2,0.2792821526527405,0.3418709635734558,0.3788468837738037
93,EffNet_RecPlot + EffNet_RecPlot,4,0,0,0.9884401559829712,0.004713279660791159,0.006846555043011904
93,EffNet_RecPlot + EffNet_RecPlot,5,0,0,0.9851049780845642,0.0018780715763568878,0.013016940094530582
93,EffNet_RecPlot + EffNet_RecPlot,6,0,0,0.9739850759506226,0.002305099042132497,0.02370988018810749
93,EffNet_RecPlot + EffNet_RecPlot,7,0,1,0.011529692448675632,0.9806516170501709,0.007818715646862984
93,EffNet_RecPlot + EffNet_RecPlot,8,0,0,0.6978335380554199,0.04331614077091217,0.2588503062725067
93,EffNet_RecPlot + EffNet_RecPlot,9,0,0,0.5683830380439758,0.037006597965955734,0.3946104049682617
93,EffNet_RecPlot + EffNet_RecPlot,10,0,0,0.9913738369941711,0.0015375835355371237,0.007088658399879932
93,EffNet_RecPlot + EffNet_RecPlot,11,0,1,0.09523767977952957,0.8832705020904541,0.02149185538291931
93,EffNet_RecPlot + EffNet_RecPlot,12,0,0,0.7686547040939331,0.06686828285455704,0.16447697579860687
93,EffNet_RecPlot + EffNet_RecPlot,13,0,2,0.3881074786186218,0.029736053198575974,0.5821564793586731
93,EffNet_RecPlot + EffNet_RecPlot,14,0,0,0.96092289686203,0.026092668995261192,0.012984439730644226
93,EffNet_RecPlot + EffNet_RecPlot,15,0,1,0.09485669434070587,0.746500551700592,0.1586427390575409
93,EffNet_RecPlot + EffNet_RecPlot,16,0,2,0.2951523959636688,0.03874405845999718,0.6661035418510437
93,EffNet_RecPlot + EffNet_RecPlot,17,0,0,0.9652405381202698,0.00562671385705471,0.029132746160030365
93,EffNet_RecPlot + EffNet_RecPlot,18,1,1,0.08055504411458969,0.8687393069267273,0.050705671310424805
93,EffNet_RecPlot + EffNet_RecPlot,19,1,1,0.0045115286484360695,0.9932706952095032,0.002217785455286503
93,EffNet_RecPlot + EffNet_RecPlot,20,1,1,0.12188848108053207,0.852584183216095,0.02552737295627594
93,EffNet_RecPlot + EffNet_RecPlot,21,1,1,0.009118732064962387,0.9807250499725342,0.010156230069696903
93,EffNet_RecPlot + EffNet_RecPlot,22,1,1,0.009504658170044422,0.9857527613639832,0.004742540419101715
93,EffNet_RecPlot + EffNet_RecPlot,23,1,2,0.41270211338996887,0.1444299966096878,0.44286784529685974
93,EffNet_RecPlot + EffNet_RecPlot,24,1,1,0.049983058124780655,0.941237211227417,0.008779747411608696
93,EffNet_RecPlot + EffNet_RecPlot,25,1,1,0.00670873885974288,0.9925374984741211,0.0007537858327850699
93,EffNet_RecPlot + EffNet_RecPlot,26,1,1,0.28266146779060364,0.5670430064201355,0.15029551088809967
93,EffNet_RecPlot + EffNet_RecPlot,27,1,1,0.21688666939735413,0.5706064701080322,0.21250687539577484
93,EffNet_RecPlot + EffNet_RecPlot,28,1,1,0.035469625145196915,0.9194138646125793,0.04511646181344986
93,EffNet_RecPlot + EffNet_RecPlot,29,1,1,0.009574384428560734,0.926268994808197,0.06415665149688721
93,EffNet_RecPlot + EffNet_RecPlot,30,1,1,0.030382530763745308,0.9651505947113037,0.004466904792934656
93,EffNet_RecPlot + EffNet_RecPlot,31,1,1,0.01082466822117567,0.9857914447784424,0.0033839107491075993
93,MobileNet_Original + MobileNet_RecPlot,32,1,1,0.01737932115793228,0.9701465964317322,0.012474063783884048
93,MobileNet_Original + MobileNet_RecPlot,33,1,1,0.012876142747700214,0.9533894062042236,0.033734459429979324
93,MobileNet_Original + MobileNet_RecPlot,34,1,1,0.011021661572158337,0.9727948904037476,0.01618347316980362
93,MobileNet_Original + MobileNet_RecPlot,35,1,1,0.010864526964724064,0.9200737476348877,0.06906173378229141
93,MobileNet_Original + MobileNet_RecPlot,36,1,1,0.4587486982345581,0.5075768232345581,0.0336744487285614
93,MobileNet_Original + MobileNet_RecPlot,37,1,1,0.0032241991721093655,0.9913142323493958,0.005461570806801319
93,MobileNet_Original + MobileNet_RecPlot,38,1,1,0.06557295471429825,0.9262220859527588,0.00820494070649147
93,MobileNet_Original + MobileNet_RecPlot,39,1,1,0.2553829848766327,0.5975238084793091,0.14709319174289703
93,MobileNet_Original + MobileNet_RecPlot,40,1,1,0.1916349232196808,0.797932505607605,0.010432626120746136
93,MobileNet_Original + MobileNet_RecPlot,41,1,2,0.014222215861082077,0.4915502071380615,0.4942276179790497
93,MobileNet_Original + MobileNet_RecPlot,42,1,1,0.02255396917462349,0.9223259687423706,0.05512002483010292
93,MobileNet_Original + MobileNet_RecPlot,43,1,1,0.01473880186676979,0.9758923053741455,0.009368844330310822
93,MobileNet_Original + MobileNet_RecPlot,44,1,1,0.03138158470392227,0.9120475053787231,0.0565708726644516
93,MobileNet_Original + MobileNet_RecPlot,45,1,1,0.3269713521003723,0.6351799964904785,0.03784862905740738
93,MobileNet_Original + MobileNet_RecPlot,46,1,1,0.009198954328894615,0.9620442390441895,0.028756849467754364
93,MobileNet_Original + MobileNet_RecPlot,47,2,2,0.0251619815826416,0.005420652683824301,0.9694173336029053
93,MobileNet_Original + MobileNet_RecPlot,48,2,2,0.024618739262223244,0.018983764573931694,0.956397533416748
93,MobileNet_Original + MobileNet_RecPlot,49,2,2,0.1070677787065506,0.4272922873497009,0.4656399190425873
93,MobileNet_Original + MobileNet_RecPlot,50,2,2,0.06458757072687149,0.05297388881444931,0.8824385404586792
93,MobileNet_Original + MobileNet_RecPlot,51,2,2,0.2430981993675232,0.11494344472885132,0.6419583559036255
93,MobileNet_Original + MobileNet_RecPlot,52,2,2,0.04181815683841705,0.3527240455150604,0.6054577827453613
93,MobileNet_Original + MobileNet_RecPlot,53,2,2,0.10958907753229141,0.015317022800445557,0.875093936920166
93,MobileNet_Original + MobileNet_RecPlot,54,2,2,0.011133009567856789,0.012302964925765991,0.9765640497207642
93,MobileNet_Original + MobileNet_RecPlot,55,2,2,0.3019111156463623,0.06583371013402939,0.6322551965713501
93,MobileNet_Original + MobileNet_RecPlot,56,2,2,0.1268376111984253,0.0050287265330553055,0.8681336641311646
93,MobileNet_Original + MobileNet_RecPlot,57,2,1,0.07966327667236328,0.504136860370636,0.41619986295700073
93,MobileNet_Original + MobileNet_RecPlot,58,2,2,0.020384615287184715,0.13905389606952667,0.8405615091323853
93,MobileNet_Original + EffNet_Original,32,1,1,0.005991985090076923,0.6745514273643494,0.3194566071033478
93,MobileNet_Original + EffNet_Original,33,1,1,0.00510728033259511,0.8757957220077515,0.11909699440002441
93,MobileNet_Original + EffNet_Original,34,1,1,0.0054493132047355175,0.9785147905349731,0.016035903245210648
93,MobileNet_Original + EffNet_Original,35,1,1,0.010516803711652756,0.9180223941802979,0.07146084308624268
93,MobileNet_Original + EffNet_Original,36,1,1,0.001143466797657311,0.9983024597167969,0.000554061378352344
93,MobileNet_Original + EffNet_Original,37,1,1,0.03124498948454857,0.8943651914596558,0.07438981533050537
93,MobileNet_Original + EffNet_Original,38,1,1,0.025290243327617645,0.9689934253692627,0.005716315936297178
93,MobileNet_Original + EffNet_Original,39,1,1,0.00966197531670332,0.9626176357269287,0.027720369398593903
93,MobileNet_Original + EffNet_Original,40,1,1,0.002226543379947543,0.996350884437561,0.0014226094353944063
93,MobileNet_Original + EffNet_Original,41,1,1,0.006063483189791441,0.9896823167800903,0.004254251718521118
93,MobileNet_Original + EffNet_Original,42,1,1,0.0034539694897830486,0.9928586483001709,0.0036874222569167614
93,MobileNet_Original + EffNet_Original,43,1,1,0.013271811418235302,0.9773827791213989,0.00934546161442995
93,MobileNet_Original + EffNet_Original,44,1,1,0.02823270671069622,0.928172767162323,0.043594542890787125
93,MobileNet_Original + EffNet_Original,45,1,1,0.005563294515013695,0.9838536977767944,0.010582977905869484
93,MobileNet_Original + EffNet_Original,46,1,1,0.004793960135430098,0.9894846081733704,0.0057214610278606415
93,MobileNet_Original + EffNet_Original,47,2,2,0.02145540900528431,0.007687816396355629,0.970856785774231
93,MobileNet_Original + EffNet_Original,48,2,2,0.018425073474645615,0.01747758314013481,0.9640973210334778
93,MobileNet_Original + EffNet_Original,49,2,2,0.042026884853839874,0.020968614146113396,0.9370045065879822
93,MobileNet_Original + EffNet_Original,50,2,2,0.05413730815052986,0.05138891935348511,0.8944737911224365
93,MobileNet_Original + EffNet_Original,51,2,2,0.2994964122772217,0.07618392258882523,0.6243196725845337
93,MobileNet_Original + EffNet_Original,52,2,2,0.028724845498800278,0.37278905510902405,0.598486065864563
93,MobileNet_Original + EffNet_Original,53,2,2,0.12097857892513275,0.013338039629161358,0.8656834363937378
93,MobileNet_Original + EffNet_Original,54,2,2,0.011412251740694046,0.010755227878689766,0.9778324961662292
93,MobileNet_Original + EffNet_Original,55,2,2,0.22514085471630096,0.012328287586569786,0.7625309228897095
93,MobileNet_Original + EffNet_Original,56,2,2,0.1741923689842224,0.0042964681051671505,0.8215111494064331
93,MobileNet_Original + EffNet_Original,57,2,2,0.038190677762031555,0.1544969081878662,0.8073124289512634
93,MobileNet_Original + EffNet_Original,58,2,2,0.0017333218129351735,0.0003489804803393781,0.9979177117347717
93,MobileNet_Original + EffNet_RecPlot,32,1,1,0.06993323564529419,0.9074246883392334,0.022642094641923904
93,MobileNet_Original + EffNet_RecPlot,33,1,1,0.019595980644226074,0.9470638036727905,0.0333402119576931
93,MobileNet_Original + EffNet_RecPlot,34,1,1,0.043009400367736816,0.9166033267974854,0.040387291461229324
93,MobileNet_Original + EffNet_RecPlot,35,1,1,0.019091244786977768,0.9063495397567749,0.07455922663211823
93,MobileNet_Original + EffNet_RecPlot,36,1,1,0.22391565144062042,0.5378985404968262,0.238185852766037
93,MobileNet_Original + EffNet_RecPlot,37,1,1,0.009936638176441193,0.9755664467811584,0.014496930874884129
93,MobileNet_Original + EffNet_RecPlot,38,1,1,0.07260454446077347,0.8904155492782593,0.03697990998625755
93,MobileNet_Original + EffNet_RecPlot,39,1,1,0.12744903564453125,0.6628640294075012,0.20968693494796753
93,MobileNet_Original + EffNet_RecPlot,40,1,1,0.014448179863393307,0.9813240170478821,0.004227836150676012
93,MobileNet_Original + EffNet_RecPlot,41,1,1,0.046603526920080185,0.5059733986854553,0.44742313027381897
93,MobileNet_Original + EffNet_RecPlot,42,1,1,0.012187005952000618,0.9781462550163269,0.009666758589446545
93,MobileNet_Original + EffNet_RecPlot,43,1,1,0.374220609664917,0.6045300960540771,0.021249331533908844
93,MobileNet_Original + EffNet_RecPlot,44,1,1,0.042790379375219345,0.8966366648674011,0.06057298555970192
93,MobileNet_Original + EffNet_RecPlot,45,1,1,0.2384309023618698,0.7406497597694397,0.020919395610690117
93,MobileNet_Original + EffNet_RecPlot,46,1,1,0.006976147647947073,0.9874622225761414,0.005561629310250282
93,MobileNet_Original + EffNet_RecPlot,47,2,2,0.03638678044080734,0.0075774891301989555,0.9560357332229614
93,MobileNet_Original + EffNet_RecPlot,48,2,2,0.03623189032077789,0.02030159905552864,0.9434664845466614
93,MobileNet_Original + EffNet_RecPlot,49,2,2,0.06550897657871246,0.45999616384506226,0.4744948446750641
93,MobileNet_Original + EffNet_RecPlot,50,2,2,0.1616666465997696,0.06823479384183884,0.7700985670089722
93,MobileNet_Original + EffNet_RecPlot,51,2,2,0.2980063557624817,0.19095543026924133,0.5110381841659546
93,MobileNet_Original + EffNet_RecPlot,52,2,2,0.07403379678726196,0.2584235370159149,0.6675426363945007
93,MobileNet_Original + EffNet_RecPlot,53,2,2,0.25576722621917725,0.03233318403363228,0.7118996381759644
93,MobileNet_Original + EffNet_RecPlot,54,2,2,0.0321778804063797,0.04308067262172699,0.9247414469718933
93,MobileNet_Original + EffNet_RecPlot,55,2,2,0.37093979120254517,0.0527084581553936,0.5763517618179321
93,MobileNet_Original + EffNet_RecPlot,56,2,2,0.16422614455223083,0.1435314416885376,0.692242443561554
93,MobileNet_Original + EffNet_RecPlot,57,2,1,0.07745009660720825,0.48816776275634766,0.4343821108341217
93,MobileNet_Original + EffNet_RecPlot,58,2,2,0.129872128367424,0.058325715363025665,0.8118021488189697
93,MobileNet_RecPlot + EffNet_Original,32,1,1,0.016707846894860268,0.6648299098014832,0.3184622824192047
93,MobileNet_RecPlot + EffNet_Original,33,1,1,0.009088907390832901,0.901350200176239,0.08956088125705719
93,MobileNet_RecPlot + EffNet_Original,34,1,1,0.006051072385162115,0.9903371334075928,0.0036117821000516415
93,MobileNet_RecPlot + EffNet_Original,35,1,1,0.000367696862667799,0.9970852136611938,0.0025470780674368143
93,MobileNet_RecPlot + EffNet_Original,36,1,1,0.45847830176353455,0.507577657699585,0.03394405543804169
93,MobileNet_RecPlot + EffNet_Original,37,1,1,0.02849676087498665,0.9014824032783508,0.0700208768248558
93,MobileNet_RecPlot + EffNet_Original,38,1,1,0.044239725917577744,0.9500303268432617,0.005729994270950556
93,MobileNet_RecPlot + EffNet_Original,39,1,1,0.24777409434318542,0.6309598088264465,0.12126612663269043
93,MobileNet_RecPlot + EffNet_Original,40,1,1,0.18995681405067444,0.8005138039588928,0.009529408998787403
93,MobileNet_RecPlot + EffNet_Original,41,1,1,0.009517059661448002,0.4995596408843994,0.49092334508895874
93,MobileNet_RecPlot + EffNet_Original,42,1,1,0.019284289330244064,0.9291720390319824,0.05154368281364441
93,MobileNet_RecPlot + EffNet_Original,43,1,1,0.0027477045077830553,0.9957984685897827,0.001453803270123899
93,MobileNet_RecPlot + EffNet_Original,44,1,1,0.006701027043163776,0.976290225982666,0.01700875349342823
93,MobileNet_RecPlot + EffNet_Original,45,1,1,0.3261939287185669,0.6341590881347656,0.03964702785015106
93,MobileNet_RecPlot + EffNet_Original,46,1,1,0.005682928953319788,0.9668787717819214,0.027438241988420486
93,MobileNet_RecPlot + EffNet_Original,47,2,2,0.004396745003759861,0.0032102460972964764,0.9923929572105408
93,MobileNet_RecPlot + EffNet_Original,48,2,2,0.006894259247928858,0.0017902976833283901,0.991315484046936
93,MobileNet_RecPlot + EffNet_Original,49,2,2,0.08543078601360321,0.438140332698822,0.4764288663864136
93,MobileNet_RecPlot + EffNet_Original,50,2,2,0.012813163921236992,0.007101819384843111,0.980085015296936
93,MobileNet_RecPlot + EffNet_Original,51,2,2,0.09225541353225708,0.041032176464796066,0.8667124509811401
93,MobileNet_RecPlot + EffNet_Original,52,2,1,0.019296815618872643,0.5835039615631104,0.39719918370246887
93,MobileNet_RecPlot + EffNet_Original,53,2,2,0.015421286225318909,0.003921386320143938,0.9806573390960693
93,MobileNet_RecPlot + EffNet_Original,54,2,2,0.0023528693709522486,0.001954986248165369,0.9956921339035034
93,MobileNet_RecPlot + EffNet_Original,55,2,2,0.09104805439710617,0.0545945018529892,0.8543574810028076
93,MobileNet_RecPlot + EffNet_Original,56,2,2,0.04932492598891258,0.0032370162662118673,0.9474380612373352
93,MobileNet_RecPlot + EffNet_Original,57,2,2,0.043079886585474014,0.3517060875892639,0.6052140593528748
93,MobileNet_RecPlot + EffNet_Original,58,2,2,0.021309614181518555,0.13920140266418457,0.8394889831542969
93,MobileNet_RecPlot + EffNet_RecPlot,32,1,1,0.08064910024404526,0.8977031707763672,0.021647751331329346
93,MobileNet_RecPlot + EffNet_RecPlot,33,1,1,0.023577610030770302,0.9726182818412781,0.003804093925282359
93,MobileNet_RecPlot + EffNet_RecPlot,34,1,1,0.043611157685518265,0.928425669670105,0.027963172644376755
93,MobileNet_RecPlot + EffNet_RecPlot,35,1,1,0.008942139334976673,0.9854124188423157,0.005645462311804295
93,MobileNet_RecPlot + EffNet_RecPlot,36,1,0,0.6812504529953003,0.04717370495200157,0.27157583832740784
93,MobileNet_RecPlot + EffNet_RecPlot,37,1,1,0.007188409101217985,0.9826836585998535,0.010127990506589413
93,MobileNet_RecPlot + EffNet_RecPlot,38,1,1,0.09155403077602386,0.8714523911476135,0.03699358552694321
93,MobileNet_RecPlot + EffNet_RecPlot,39,1,0,0.3655611276626587,0.33120617270469666,0.30323266983032227
93,MobileNet_RecPlot + EffNet_RecPlot,40,1,1,0.2021784484386444,0.7854869365692139,0.012334635481238365
93,MobileNet_RecPlot + EffNet_RecPlot,41,1,2,0.05005710572004318,0.015850722789764404,0.9340922236442566
93,MobileNet_RecPlot + EffNet_RecPlot,42,1,1,0.028017327189445496,0.9144596457481384,0.05752302333712578
93,MobileNet_RecPlot + EffNet_RecPlot,43,1,1,0.36369651556015015,0.6229458451271057,0.013357674703001976
93,MobileNet_RecPlot + EffNet_RecPlot,44,1,1,0.021258698776364326,0.9447541236877441,0.033987194299697876
93,MobileNet_RecPlot + EffNet_RecPlot,45,1,0,0.5590615272521973,0.39095503091812134,0.049983441829681396
93,MobileNet_RecPlot + EffNet_RecPlot,46,1,1,0.007865116000175476,0.9648565053939819,0.027278412133455276
93,MobileNet_RecPlot + EffNet_RecPlot,47,2,2,0.01932811737060547,0.0030999190639704466,0.977571964263916
93,MobileNet_RecPlot + EffNet_RecPlot,48,2,2,0.024701077491044998,0.004614314530044794,0.9706846475601196
93,MobileNet_RecPlot + EffNet_RecPlot,49,2,1,0.1089128851890564,0.8771678805351257,0.013919234275817871
93,MobileNet_RecPlot + EffNet_RecPlot,50,2,2,0.12034250050783157,0.02394769713282585,0.8557097911834717
93,MobileNet_RecPlot + EffNet_RecPlot,51,2,2,0.09076536446809769,0.15580369532108307,0.753430962562561
93,MobileNet_RecPlot + EffNet_RecPlot,52,2,1,0.06460577249526978,0.4691384434700012,0.4662557542324066
93,MobileNet_RecPlot + EffNet_RecPlot,53,2,2,0.1502099335193634,0.022916533052921295,0.8268736004829407
93,MobileNet_RecPlot + EffNet_RecPlot,54,2,2,0.023118499666452408,0.034280434250831604,0.9426010847091675
93,MobileNet_RecPlot + EffNet_RecPlot,55,2,2,0.23684698343276978,0.09497466683387756,0.6681783199310303
93,MobileNet_RecPlot + EffNet_RecPlot,56,2,2,0.03935868665575981,0.14247199892997742,0.818169355392456
93,MobileNet_RecPlot + EffNet_RecPlot,57,2,1,0.08233930915594101,0.6853770017623901,0.23228374123573303
93,MobileNet_RecPlot + EffNet_RecPlot,58,2,2,0.149448424577713,0.19717812538146973,0.6533734798431396
93,EffNet_Original + EffNet_RecPlot,32,1,1,0.06926176697015762,0.6021080017089844,0.3286302983760834
93,EffNet_Original + EffNet_RecPlot,33,1,1,0.015808746218681335,0.8950246572494507,0.08916663378477097
93,EffNet_Original + EffNet_RecPlot,34,1,1,0.03803881257772446,0.9341456294059753,0.027815602719783783
93,EffNet_Original + EffNet_RecPlot,35,1,1,0.00859441515058279,0.983361005783081,0.008044576272368431
93,EffNet_Original + EffNet_RecPlot,36,1,1,0.22364522516727448,0.5378993153572083,0.23845544457435608
93,EffNet_Original + EffNet_RecPlot,37,1,1,0.03520919755101204,0.8857345581054688,0.07905623316764832
93,EffNet_Original + EffNet_RecPlot,38,1,1,0.05127131938934326,0.9142237305641174,0.0345049612224102
93,EffNet_Original + EffNet_RecPlot,39,1,1,0.11984013766050339,0.6962999701499939,0.18385985493659973
93,EffNet_Original + EffNet_RecPlot,40,1,1,0.012770093977451324,0.9839053153991699,0.0033246194943785667
93,EffNet_Original + EffNet_RecPlot,41,1,1,0.041898373514413834,0.5139828324317932,0.444118857383728
93,EffNet_Original + EffNet_RecPlot,42,1,1,0.008917325176298618,0.984992265701294,0.00609041890129447
93,EffNet_Original + EffNet_RecPlot,43,1,1,0.36222949624061584,0.6244361996650696,0.013334289193153381
93,EffNet_Original + EffNet_RecPlot,44,1,1,0.018109818920493126,0.9608793258666992,0.021010858938097954
93,EffNet_Original + EffNet_RecPlot,45,1,1,0.2376534640789032,0.739628791809082,0.02271779254078865
93,EffNet_Original + EffNet_RecPlot,46,1,1,0.0034601218067109585,0.9922968745231628,0.004243024159222841
93,EffNet_Original + EffNet_RecPlot,47,2,2,0.015621540136635303,0.005367082543671131,0.9790114164352417
93,EffNet_Original + EffNet_RecPlot,48,2,2,0.01850741356611252,0.0031081337947398424,0.9783844351768494
93,EffNet_Original + EffNet_RecPlot,49,2,2,0.04387199133634567,0.47084420919418335,0.4852837920188904
93,EffNet_Original + EffNet_RecPlot,50,2,2,0.10989224165678024,0.0223627258092165,0.867745041847229
93,EffNet_Original + EffNet_RecPlot,51,2,2,0.14716356992721558,0.11704416573047638,0.7357922792434692
93,EffNet_Original + EffNet_RecPlot,52,2,1,0.051512461155653,0.48920345306396484,0.45928406715393066
93,EffNet_Original + EffNet_RecPlot,53,2,2,0.16159944236278534,0.020937548950314522,0.8174630403518677
93,EffNet_Original + EffNet_RecPlot,54,2,2,0.023397741839289665,0.03273269534111023,0.9438695311546326
93,EffNet_Original + EffNet_RecPlot,55,2,2,0.16007672250270844,0.04146924987435341,0.7984540462493896
93,EffNet_Original + EffNet_RecPlot,56,2,2,0.08671345561742783,0.14173972606658936,0.7715468406677246
93,EffNet_Original + EffNet_RecPlot,57,2,2,0.040866702795028687,0.3357369899749756,0.6233963370323181
93,EffNet_Original + EffNet_RecPlot,58,2,2,0.1307971328496933,0.05847322940826416,0.8107296824455261
93,MobileNet_Original + MobileNet_Original,32,1,1,0.006663462147116661,0.9798681735992432,0.013468408957123756
93,MobileNet_Original + MobileNet_Original,33,1,1,0.00889451615512371,0.9278349280357361,0.06327058374881744
93,MobileNet_Original + MobileNet_Original,34,1,1,0.010419902391731739,0.9609725475311279,0.028607593849301338
93,MobileNet_Original + MobileNet_Original,35,1,1,0.021013634279370308,0.8410108685493469,0.13797549903392792
93,MobileNet_Original + MobileNet_Original,36,1,1,0.0014138674596324563,0.9983016848564148,0.00028445423231460154
93,MobileNet_Original + MobileNet_Original,37,1,1,0.0059724291786551476,0.9841970801353455,0.00983051210641861
93,MobileNet_Original + MobileNet_Original,38,1,1,0.04662347212433815,0.9451852440834045,0.008191262371838093
93,MobileNet_Original + MobileNet_Original,39,1,1,0.017270872369408607,0.929181694984436,0.0535474494099617
93,MobileNet_Original + MobileNet_Original,40,1,1,0.0039046278689056635,0.9937695264816284,0.0023258256260305643
93,MobileNet_Original + MobileNet_Original,41,1,1,0.010768639855086803,0.9816728830337524,0.007558500859886408
93,MobileNet_Original + MobileNet_Original,42,1,1,0.006723649799823761,0.9860126376152039,0.007263761945068836
93,MobileNet_Original + MobileNet_Original,43,1,1,0.02526291087269783,0.9574766159057617,0.01726050302386284
93,MobileNet_Original + MobileNet_Original,44,1,1,0.05291326716542244,0.8639301061630249,0.08315666764974594
93,MobileNet_Original + MobileNet_Original,45,1,1,0.0063407281413674355,0.9848746657371521,0.008784581907093525
93,MobileNet_Original + MobileNet_Original,46,1,1,0.008309985511004925,0.9846499562263489,0.0070400661788880825
93,MobileNet_Original + MobileNet_Original,47,2,2,0.042220648378133774,0.009898222982883453,0.9478811621665955
93,MobileNet_Original + MobileNet_Original,48,2,2,0.03614955395460129,0.03467104956507683,0.9291794300079346
93,MobileNet_Original + MobileNet_Original,49,2,2,0.06366387009620667,0.0101205725222826,0.9262155294418335
93,MobileNet_Original + MobileNet_Original,50,2,2,0.10591171681880951,0.0972609892487526,0.7968272566795349
93,MobileNet_Original + MobileNet_Original,51,2,0,0.4503391981124878,0.15009519457817078,0.39956560730934143
93,MobileNet_Original + MobileNet_Original,52,2,2,0.05124618485569954,0.14200915396213531,0.8067446351051331
93,MobileNet_Original + MobileNet_Original,53,2,2,0.21514636278152466,0.02473367564380169,0.7601199746131897
93,MobileNet_Original + MobileNet_Original,54,2,2,0.02019239217042923,0.021103207021951675,0.95870441198349
93,MobileNet_Original + MobileNet_Original,55,2,2,0.4360039234161377,0.023567495867609978,0.5404285788536072
93,MobileNet_Original + MobileNet_Original,56,2,2,0.2517050504684448,0.006088178139179945,0.7422067523002625
93,MobileNet_Original + MobileNet_Original,57,2,2,0.07477407157421112,0.3069276809692383,0.6182982325553894
93,MobileNet_Original + MobileNet_Original,58,2,2,0.0008083197753876448,0.0002014673373196274,0.9989902377128601
93,MobileNet_RecPlot + MobileNet_RecPlot,32,1,1,0.02809518203139305,0.960425078868866,0.011479719541966915
93,MobileNet_RecPlot + MobileNet_RecPlot,33,1,1,0.016857771202921867,0.978943943977356,0.004198337905108929
93,MobileNet_RecPlot + MobileNet_RecPlot,34,1,1,0.011623420752584934,0.9846172332763672,0.0037593531887978315
93,MobileNet_RecPlot + MobileNet_RecPlot,35,1,1,0.0007154204067774117,0.9991366267204285,0.00014796319010201842
93,MobileNet_RecPlot + MobileNet_RecPlot,36,1,0,0.9160835146903992,0.016852037981152534,0.06706444174051285
93,MobileNet_RecPlot + MobileNet_RecPlot,37,1,1,0.0004759689618367702,0.9984314441680908,0.0010926295071840286
93,MobileNet_RecPlot + MobileNet_RecPlot,38,1,1,0.08452243357896805,0.9072589874267578,0.008218619041144848
93,MobileNet_RecPlot + MobileNet_RecPlot,39,1,0,0.49349507689476013,0.2658659517765045,0.24063894152641296
93,MobileNet_RecPlot + MobileNet_RecPlot,40,1,1,0.3793651759624481,0.6020954251289368,0.0185394249856472
93,MobileNet_RecPlot + MobileNet_RecPlot,41,1,2,0.017675792798399925,0.0014275037683546543,0.9808967113494873
93,MobileNet_RecPlot + MobileNet_RecPlot,42,1,1,0.038384292274713516,0.8586394190788269,0.10297629237174988
93,MobileNet_RecPlot + MobileNet_RecPlot,43,1,1,0.0042146965861320496,0.9943080544471741,0.0014771866844967008
93,MobileNet_RecPlot + MobileNet_RecPlot,44,1,1,0.009849906899034977,0.9601650238037109,0.0299850907176733
93,MobileNet_RecPlot + MobileNet_RecPlot,45,1,0,0.6476020216941833,0.2854853570461273,0.0669126808643341
93,MobileNet_RecPlot + MobileNet_RecPlot,46,1,1,0.010087923146784306,0.9394384026527405,0.05047362670302391
93,MobileNet_RecPlot + MobileNet_RecPlot,47,2,2,0.008103321306407452,0.0009430833742953837,0.9909535646438599
93,MobileNet_RecPlot + MobileNet_RecPlot,48,2,2,0.01308792270720005,0.003296478185802698,0.9836155772209167
93,MobileNet_RecPlot + MobileNet_RecPlot,49,2,1,0.15047168731689453,0.8444640040397644,0.00506428349763155
93,MobileNet_RecPlot + MobileNet_RecPlot,50,2,2,0.02326342463493347,0.008686790242791176,0.9680497646331787
93,MobileNet_RecPlot + MobileNet_RecPlot,51,2,2,0.03585721179842949,0.07979170233011246,0.8843511343002319
93,MobileNet_RecPlot + MobileNet_RecPlot,52,2,1,0.03239012882113457,0.5634390115737915,0.4041709005832672
93,MobileNet_RecPlot + MobileNet_RecPlot,53,2,2,0.004031786695122719,0.005900369957089424,0.9900678396224976
93,MobileNet_RecPlot + MobileNet_RecPlot,54,2,2,0.002073627430945635,0.003502723528072238,0.9944236874580383
93,MobileNet_RecPlot + MobileNet_RecPlot,55,2,2,0.1678183227777481,0.10809992253780365,0.7240817546844482
93,MobileNet_RecPlot + MobileNet_RecPlot,56,2,2,0.001970153534784913,0.003969274461269379,0.9940605759620667
93,MobileNet_RecPlot + MobileNet_RecPlot,57,2,1,0.08455248922109604,0.7013460397720337,0.21410146355628967
93,MobileNet_RecPlot + MobileNet_RecPlot,58,2,2,0.03996090590953827,0.27790629863739014,0.6821327805519104
93,EffNet_Original + EffNet_Original,32,1,2,0.005320508033037186,0.36923468112945557,0.6254448294639587
93,EffNet_Original + EffNet_Original,33,1,1,0.0013200455578044057,0.8237565755844116,0.17492341995239258
93,EffNet_Original + EffNet_Original,34,1,1,0.00047872369759716094,0.9960570335388184,0.0034642107784748077
93,EffNet_Original + EffNet_Original,35,1,1,1.9973305825260468e-05,0.995033860206604,0.004946192726492882
93,EffNet_Original + EffNet_Original,36,1,1,0.0008730663103051484,0.9983032941818237,0.000823668553493917
93,EffNet_Original + EffNet_Original,37,1,1,0.056517548859119415,0.8045333623886108,0.13894911110401154
93,EffNet_Original + EffNet_Original,38,1,1,0.003957015927881002,0.9928015470504761,0.0032413688022643328
93,EffNet_Original + EffNet_Original,39,1,1,0.002053078729659319,0.9960536360740662,0.0018932904349640012
93,EffNet_Original + EffNet_Original,40,1,1,0.0005484585999511182,0.9989321827888489,0.0005193932447582483
93,EffNet_Original + EffNet_Original,41,1,1,0.0013583266409114003,0.9976916313171387,0.0009500027517788112
93,EffNet_Original + EffNet_Original,42,1,1,0.00018428900511935353,0.9997046589851379,0.00011108246690127999
93,EffNet_Original + EffNet_Original,43,1,1,0.0012807120801880956,0.9972888231277466,0.0014304198557510972
93,EffNet_Original + EffNet_Original,44,1,1,0.003552147885784507,0.9924154281616211,0.004032418597489595
93,EffNet_Original + EffNet_Original,45,1,1,0.004785861819982529,0.9828327894210815,0.012381375767290592
93,EffNet_Original + EffNet_Original,46,1,1,0.0012779346434399486,0.9943192601203918,0.004402855411171913
93,EffNet_Original + EffNet_Original,47,2,2,0.0006901689921505749,0.0054774098098278046,0.9938324689865112
93,EffNet_Original + EffNet_Original,48,2,2,0.0007005942170508206,0.0002841167734004557,0.9990152716636658
93,EffNet_Original + EffNet_Original,49,2,2,0.020389892160892487,0.03181665390729904,0.9477934837341309
93,EffNet_Original + EffNet_Original,50,2,2,0.0023629022762179375,0.005516848526895046,0.9921202659606934
93,EffNet_Original + EffNet_Original,51,2,2,0.14865361154079437,0.0022726471070200205,0.8490737080574036
93,EffNet_Original + EffNet_Original,52,2,1,0.006203507538884878,0.603568971157074,0.3902274966239929
93,EffNet_Original + EffNet_Original,53,2,2,0.0268107857555151,0.0019424025667831302,0.9712467789649963
93,EffNet_Original + EffNet_Original,54,2,2,0.002632111543789506,0.00040724914288148284,0.9969606399536133
93,EffNet_Original + EffNet_Original,55,2,2,0.01427778322249651,0.0010890794219449162,0.9846330881118774
93,EffNet_Original + EffNet_Original,56,2,2,0.0966796949505806,0.0025047578383237123,0.9008155465126038
93,EffNet_Original + EffNet_Original,57,2,2,0.0016072744037956,0.0020660930313169956,0.9963266253471375
93,EffNet_Original + EffNet_Original,58,2,2,0.002658323384821415,0.0004964935360476375,0.9968451261520386
93,EffNet_RecPlot + EffNet_RecPlot,32,1,1,0.13320301473140717,0.8349812030792236,0.0318157821893692
93,EffNet_RecPlot + EffNet_RecPlot,33,1,1,0.030297445133328438,0.966292679309845,0.003409849712625146
93,EffNet_RecPlot + EffNet_RecPlot,34,1,1,0.07559889554977417,0.8722341060638428,0.05216699093580246
93,EffNet_RecPlot + EffNet_RecPlot,35,1,1,0.017168857157230377,0.9716881513595581,0.011142960749566555
93,EffNet_RecPlot + EffNet_RecPlot,36,1,2,0.4464173913002014,0.07749537378549576,0.47608721256256104
93,EffNet_RecPlot + EffNet_RecPlot,37,1,1,0.013900848105549812,0.9669358134269714,0.019163349643349648
93,EffNet_RecPlot + EffNet_RecPlot,38,1,1,0.09858562797307968,0.835645854473114,0.06576856225728989
93,EffNet_RecPlot + EffNet_RecPlot,39,1,1,0.23762719333171844,0.3965463936328888,0.36582642793655396
93,EffNet_RecPlot + EffNet_RecPlot,40,1,1,0.024991726502776146,0.9688783884048462,0.006129844579845667
93,EffNet_RecPlot + EffNet_RecPlot,41,1,2,0.0824384093284607,0.030273936688899994,0.8872876167297363
93,EffNet_RecPlot + EffNet_RecPlot,42,1,1,0.017650362104177475,0.97027987241745,0.012069755233824253
93,EffNet_RecPlot + EffNet_RecPlot,43,1,0,0.7231783270835876,0.2515835165977478,0.0252381619066
93,EffNet_RecPlot + EffNet_RecPlot,44,1,1,0.03266749158501625,0.9293432235717773,0.0379892997443676
93,EffNet_RecPlot + EffNet_RecPlot,45,1,1,0.4705210328102112,0.49642473459243774,0.033054206520318985
93,EffNet_RecPlot + EffNet_RecPlot,46,1,1,0.005642308853566647,0.9902744889259338,0.004083191975951195
93,EffNet_RecPlot + EffNet_RecPlot,47,2,2,0.030552910640835762,0.00525675481185317,0.9641903042793274
93,EffNet_RecPlot + EffNet_RecPlot,48,2,2,0.036314234137535095,0.00593215087428689,0.957753598690033
93,EffNet_RecPlot + EffNet_RecPlot,49,2,1,0.06735409051179886,0.9098717570304871,0.022774185985326767
93,EffNet_RecPlot + EffNet_RecPlot,50,2,2,0.21742157638072968,0.03920860216021538,0.7433698177337646
93,EffNet_RecPlot + EffNet_RecPlot,51,2,2,0.14567351341247559,0.23181568086147308,0.6225107908248901
93,EffNet_RecPlot + EffNet_RecPlot,52,2,2,0.09682141244411469,0.3748379349708557,0.5283406376838684
93,EffNet_RecPlot + EffNet_RecPlot,53,2,2,0.29638808965682983,0.03993269428610802,0.6636792421340942
93,EffNet_RecPlot + EffNet_RecPlot,54,2,2,0.04416337236762047,0.0650581419467926,0.8907784819602966
93,EffNet_RecPlot + EffNet_RecPlot,55,2,2,0.30587565898895264,0.08184941858053207,0.6122749447822571
93,EffNet_RecPlot + EffNet_RecPlot,56,2,2,0.07674721628427505,0.28097468614578247,0.6422780752182007
93,EffNet_RecPlot + EffNet_RecPlot,57,2,1,0.08012612909078598,0.6694079041481018,0.2504660189151764
93,EffNet_RecPlot + EffNet_RecPlot,58,2,2,0.25893592834472656,0.11644996702671051,0.6246141195297241
107,MobileNet_Original + MobileNet_RecPlot,0,0,2,0.25602656602859497,0.2590569853782654,0.48491644859313965
107,MobileNet_Original + MobileNet_RecPlot,1,0,2,0.23239564895629883,0.32110029458999634,0.44650402665138245
107,MobileNet_Original + MobileNet_RecPlot,2,0,2,0.40789100527763367,0.13317827880382538,0.45893073081970215
107,MobileNet_Original + MobileNet_RecPlot,3,0,0,0.39393091201782227,0.32634955644607544,0.2797195315361023
107,MobileNet_Original + MobileNet_RecPlot,4,0,0,0.9097266793251038,0.029743479564785957,0.06052982807159424
107,MobileNet_Original + MobileNet_RecPlot,5,0,0,0.9939937591552734,0.001603654003702104,0.004402573220431805
107,MobileNet_Original + MobileNet_RecPlot,6,0,0,0.9668910503387451,0.007354785222560167,0.02575414814054966
107,MobileNet_Original + MobileNet_RecPlot,7,0,1,0.03678807616233826,0.936965823173523,0.026246042922139168
107,MobileNet_Original + MobileNet_RecPlot,8,0,2,0.36342012882232666,0.2361328899860382,0.40044698119163513
107,MobileNet_Original + MobileNet_RecPlot,9,0,0,0.7755097150802612,0.0743178278207779,0.15017244219779968
107,MobileNet_Original + MobileNet_RecPlot,10,0,0,0.9668394327163696,0.011270338669419289,0.02189025655388832
107,MobileNet_Original + MobileNet_RecPlot,11,0,1,0.45807334780693054,0.5143280625343323,0.027598602697253227
107,MobileNet_Original + MobileNet_RecPlot,12,0,0,0.8676856160163879,0.03370944410562515,0.09860488772392273
107,MobileNet_Original + MobileNet_RecPlot,13,0,2,0.4702569842338562,0.05719231069087982,0.47255071997642517
107,MobileNet_Original + MobileNet_RecPlot,14,0,0,0.8920308947563171,0.07970944792032242,0.028259631246328354
107,MobileNet_Original + MobileNet_RecPlot,15,0,0,0.3830457031726837,0.36666616797447205,0.25028812885284424
107,MobileNet_Original + MobileNet_RecPlot,16,0,0,0.6423859596252441,0.12506496906280518,0.23254907131195068
107,MobileNet_Original + MobileNet_RecPlot,17,0,0,0.9475449919700623,0.013152159750461578,0.03930280730128288
107,MobileNet_Original + MobileNet_RecPlot,18,1,1,0.08902331441640854,0.9004818201065063,0.010494784452021122
107,MobileNet_Original + MobileNet_RecPlot,19,1,1,0.0091327466070652,0.9698375463485718,0.021029703319072723
107,MobileNet_Original + MobileNet_RecPlot,20,1,1,0.006929245311766863,0.9900521039962769,0.0030186916701495647
107,MobileNet_Original + MobileNet_RecPlot,21,1,1,0.023654120042920113,0.9488003253936768,0.02754555270075798
107,MobileNet_Original + MobileNet_RecPlot,22,1,1,0.08640635013580322,0.8712979555130005,0.0422956645488739
107,MobileNet_Original + MobileNet_RecPlot,23,1,1,0.2938823401927948,0.5001658797264099,0.20595179498195648
107,MobileNet_Original + MobileNet_RecPlot,24,1,1,0.030746079981327057,0.9422825574874878,0.02697131037712097
107,MobileNet_Original + MobileNet_RecPlot,25,1,1,0.018595468252897263,0.9755446314811707,0.005859884899109602
107,MobileNet_Original + MobileNet_RecPlot,26,1,1,0.15762311220169067,0.7993943691253662,0.04298251122236252
107,MobileNet_Original + MobileNet_RecPlot,27,1,1,0.126529723405838,0.6135657429695129,0.25990450382232666
107,MobileNet_Original + MobileNet_RecPlot,28,1,1,0.11499692499637604,0.7849449515342712,0.10005810856819153
107,MobileNet_Original + MobileNet_RecPlot,29,1,1,0.01646738313138485,0.8353497982025146,0.14818279445171356
107,MobileNet_Original + MobileNet_RecPlot,30,1,1,0.04725044220685959,0.915730357170105,0.03701923042535782
107,MobileNet_Original + MobileNet_RecPlot,31,1,1,0.01100565493106842,0.9779864549636841,0.011007897555828094
107,MobileNet_Original + EffNet_Original,0,0,0,0.6220589876174927,0.3070845305919647,0.0708565041422844
107,MobileNet_Original + EffNet_Original,1,0,0,0.6585948467254639,0.2794909179210663,0.061914198100566864
107,MobileNet_Original + EffNet_Original,2,0,0,0.8201939463615417,0.10138526558876038,0.07842078804969788
107,MobileNet_Original + EffNet_Original,3,0,0,0.5201216340065002,0.37150537967681885,0.10837297886610031
107,MobileNet_Original + EffNet_Original,4,0,0,0.9163385629653931,0.02532978355884552,0.05833170935511589
107,MobileNet_Original + EffNet_Original,5,0,0,0.996955931186676,0.0007222695858217776,0.0023217748384922743
107,MobileNet_Original + EffNet_Original,6,0,0,0.9995526075363159,0.000272942241281271,0.0001744697947287932
107,MobileNet_Original + EffNet_Original,7,0,1,0.3793761134147644,0.4999377727508545,0.1206861063838005
107,MobileNet_Original + EffNet_Original,8,0,0,0.6145726442337036,0.24786938726902008,0.1375579535961151
107,MobileNet_Original + EffNet_Original,9,0,0,0.7206395268440247,0.08546651154756546,0.19389399886131287
107,MobileNet_Original + EffNet_Original,10,0,0,0.9901083111763,0.00553943170234561,0.00435230415314436
107,MobileNet_Original + EffNet_Original,11,0,0,0.929578959941864,0.03985532000660896,0.030565764755010605
107,MobileNet_Original + EffNet_Original,12,0,0,0.9238206148147583,0.020586060360074043,0.05559328570961952
107,MobileNet_Original + EffNet_Original,13,0,0,0.8374778032302856,0.05077560991048813,0.11174659430980682
107,MobileNet_Original + EffNet_Original,14,0,0,0.9892811179161072,0.0028095771558582783,0.007909324951469898
107,MobileNet_Original + EffNet_Original,15,0,0,0.6891989707946777,0.02441249042749405,0.2863885164260864
107,MobileNet_Original + EffNet_Original,16,0,0,0.7319504618644714,0.10208555310964584,0.16596397757530212
107,MobileNet_Original + EffNet_Original,17,0,0,0.9539865255355835,0.010743893682956696,0.03526952490210533
107,MobileNet_Original + EffNet_Original,18,1,1,0.0075241499580442905,0.9886476397514343,0.0038282768800854683
107,MobileNet_Original + EffNet_Original,19,1,1,0.00021706872212234885,0.9994550347328186,0.00032786556403152645
107,MobileNet_Original + EffNet_Original,20,1,1,0.008740167133510113,0.98696368932724,0.0042960746213793755
107,MobileNet_Original + EffNet_Original,21,1,1,0.0052522593177855015,0.622235894203186,0.3725118339061737
107,MobileNet_Original + EffNet_Original,22,1,1,0.018082577735185623,0.9600998163223267,0.021817663684487343
107,MobileNet_Original + EffNet_Original,23,1,1,0.07750162482261658,0.8571881055831909,0.06531020998954773
107,MobileNet_Original + EffNet_Original,24,1,1,0.015803741291165352,0.9543353319168091,0.02986091934144497
107,MobileNet_Original + EffNet_Original,25,1,1,0.0004559689841698855,0.9967725872993469,0.0027714536990970373
107,MobileNet_Original + EffNet_Original,26,1,1,0.019357779994606972,0.9556723237037659,0.02496981993317604
107,MobileNet_Original + EffNet_Original,27,1,1,0.003144613467156887,0.9772154092788696,0.01963992789387703
107,MobileNet_Original + EffNet_Original,28,1,1,0.017707806080579758,0.9770928621292114,0.005199338775128126
107,MobileNet_Original + EffNet_Original,29,1,1,0.011571706272661686,0.9597652554512024,0.028663044795393944
107,MobileNet_Original + EffNet_Original,30,1,1,0.011207920499145985,0.9634000062942505,0.025391997769474983
107,MobileNet_Original + EffNet_Original,31,1,1,0.10439120978116989,0.7740929126739502,0.1215159073472023
107,MobileNet_Original + EffNet_RecPlot,0,0,2,0.3261185884475708,0.2599082887172699,0.4139730930328369
107,MobileNet_Original + EffNet_RecPlot,1,0,1,0.33843034505844116,0.3821567893028259,0.2794128656387329
107,MobileNet_Original + EffNet_RecPlot,2,0,0,0.5265207290649414,0.10435694456100464,0.36912235617637634
107,MobileNet_Original + EffNet_RecPlot,3,0,1,0.41686975955963135,0.5228853225708008,0.060244932770729065
107,MobileNet_Original + EffNet_RecPlot,4,0,0,0.9117363691329956,0.027660194784402847,0.06060342863202095
107,MobileNet_Original + EffNet_RecPlot,5,0,0,0.9940313696861267,0.0013600174570456147,0.00460861949250102
107,MobileNet_Original + EffNet_RecPlot,6,0,0,0.9974386692047119,0.0008050675969570875,0.001756262150593102
107,MobileNet_Original + EffNet_RecPlot,7,0,1,0.03583606332540512,0.93715900182724,0.027004946023225784
107,MobileNet_Original + EffNet_RecPlot,8,0,0,0.6402447819709778,0.18530678749084473,0.1744484305381775
107,MobileNet_Original + EffNet_RecPlot,9,0,0,0.6112980246543884,0.057927485555410385,0.3307744860649109
107,MobileNet_Original + EffNet_RecPlot,10,0,0,0.9827085733413696,0.008344991132616997,0.008946373127400875
107,MobileNet_Original + EffNet_RecPlot,11,0,0,0.5261302590370178,0.44648629426956177,0.027383513748645782
107,MobileNet_Original + EffNet_RecPlot,12,0,0,0.9230430126190186,0.020951518788933754,0.056005463004112244
107,MobileNet_Original + EffNet_RecPlot,13,0,2,0.4176061749458313,0.07594911754131317,0.5064446926116943
107,MobileNet_Original + EffNet_RecPlot,14,0,0,0.972502589225769,0.012501297518610954,0.014996115118265152
107,MobileNet_Original + EffNet_RecPlot,15,0,1,0.3502579629421234,0.44215333461761475,0.20758874714374542
107,MobileNet_Original + EffNet_RecPlot,16,0,0,0.7249739170074463,0.09311836957931519,0.18190769851207733
107,MobileNet_Original + EffNet_RecPlot,17,0,0,0.9526711702346802,0.011370616964995861,0.03595820814371109
107,MobileNet_Original + EffNet_RecPlot,18,1,1,0.009493863210082054,0.9816210269927979,0.008885045535862446
107,MobileNet_Original + EffNet_RecPlot,19,1,1,0.0005449109012261033,0.9952840209007263,0.004171046428382397
107,MobileNet_Original + EffNet_RecPlot,20,1,1,0.05033121630549431,0.9346860647201538,0.014982643537223339
107,MobileNet_Original + EffNet_RecPlot,21,1,1,0.0028438775334507227,0.9899008870124817,0.007255241274833679
107,MobileNet_Original + EffNet_RecPlot,22,1,1,0.01859232969582081,0.9573845863342285,0.024023037403821945
107,MobileNet_Original + EffNet_RecPlot,23,1,1,0.43915700912475586,0.4559292197227478,0.10491380095481873
107,MobileNet_Original + EffNet_RecPlot,24,1,1,0.01659400947391987,0.9560155272483826,0.027390463277697563
107,MobileNet_Original + EffNet_RecPlot,25,1,1,0.005613518878817558,0.9911549091339111,0.003231615060940385
107,MobileNet_Original + EffNet_RecPlot,26,1,1,0.04898074269294739,0.919877827167511,0.031141458079218864
107,MobileNet_Original + EffNet_RecPlot,27,1,1,0.041606269776821136,0.8562901020050049,0.10210368037223816
107,MobileNet_Original + EffNet_RecPlot,28,1,1,0.032957855612039566,0.9210386276245117,0.04600353538990021
107,MobileNet_Original + EffNet_RecPlot,29,1,1,0.013499933294951916,0.9185229539871216,0.06797710806131363
107,MobileNet_Original + EffNet_RecPlot,30,1,1,0.016696937382221222,0.9573471546173096,0.02595597505569458
107,MobileNet_Original + EffNet_RecPlot,31,1,1,0.00868803821504116,0.9772058725357056,0.014106078073382378
107,MobileNet_RecPlot + EffNet_Original,0,0,2,0.44438156485557556,0.09010220319032669,0.46551623940467834
107,MobileNet_RecPlot + EffNet_Original,1,0,0,0.5654866099357605,0.04583203047513962,0.3886813223361969
107,MobileNet_RecPlot + EffNet_Original,2,0,0,0.5768515467643738,0.03847307339310646,0.38467535376548767
107,MobileNet_RecPlot + EffNet_Original,3,0,0,0.49768757820129395,0.1593606024980545,0.34295183420181274
107,MobileNet_RecPlot + EffNet_Original,4,0,0,0.992223858833313,0.00471462169662118,0.0030615306459367275
107,MobileNet_RecPlot + EffNet_Original,5,0,0,0.996222734451294,0.000937076925765723,0.0028401738964021206
107,MobileNet_RecPlot + EffNet_Original,6,0,0,0.9671634435653687,0.0071386657655239105,0.025697888806462288
107,MobileNet_RecPlot + EffNet_Original,7,0,1,0.3517286777496338,0.5505275726318359,0.09774374961853027
107,MobileNet_RecPlot + EffNet_Original,8,0,0,0.47889482975006104,0.13996052742004395,0.381144642829895
107,MobileNet_RecPlot + EffNet_Original,9,0,0,0.6976569294929504,0.05216984450817108,0.2501732110977173
107,MobileNet_RecPlot + EffNet_Original,10,0,0,0.9764200448989868,0.005967419594526291,0.01761249266564846
107,MobileNet_RecPlot + EffNet_Original,11,0,0,0.5122300982475281,0.476970911026001,0.010799010284245014
107,MobileNet_RecPlot + EffNet_Original,12,0,0,0.9336591958999634,0.017690271139144897,0.0486505888402462
107,MobileNet_RecPlot + EffNet_Original,13,0,0,0.6204195618629456,0.014157839119434357,0.36542263627052307
107,MobileNet_RecPlot + EffNet_Original,14,0,0,0.9021984338760376,0.07705220580101013,0.02074931189417839
107,MobileNet_RecPlot + EffNet_Original,15,0,0,0.4022591710090637,0.36311864852905273,0.23462219536304474
107,MobileNet_RecPlot + EffNet_Original,16,0,0,0.8037340641021729,0.05539540573954582,0.14087048172950745
107,MobileNet_RecPlot + EffNet_Original,17,0,0,0.9911404848098755,0.002788194688037038,0.0060712904669344425
107,MobileNet_RecPlot + EffNet_Original,18,1,1,0.09291443973779678,0.8947489261627197,0.012336556799709797
107,MobileNet_RecPlot + EffNet_Original,19,1,1,0.009125865064561367,0.9697343707084656,0.021139727905392647
107,MobileNet_RecPlot + EffNet_Original,20,1,1,0.005948051810264587,0.9896286725997925,0.00442320154979825
107,MobileNet_RecPlot + EffNet_Original,21,1,1,0.025923743844032288,0.5835817456245422,0.39049452543258667
107,MobileNet_RecPlot + EffNet_Original,22,1,1,0.0690310001373291,0.9096729755401611,0.021296050399541855
107,MobileNet_RecPlot + EffNet_Original,23,1,1,0.21957284212112427,0.6355022192001343,0.14492493867874146
107,MobileNet_RecPlot + EffNet_Original,24,1,1,0.019923904910683632,0.9656184315681458,0.014457697048783302
107,MobileNet_RecPlot + EffNet_Original,25,1,1,0.01835411600768566,0.9775151610374451,0.004130691755563021
107,MobileNet_RecPlot + EffNet_Original,26,1,1,0.13859258592128754,0.8382682204246521,0.023139217868447304
107,MobileNet_RecPlot + EffNet_Original,27,1,1,0.12369532883167267,0.6313697695732117,0.2449348419904709
107,MobileNet_RecPlot + EffNet_Original,28,1,1,0.10497936606407166,0.7987411022186279,0.09627959132194519
107,MobileNet_RecPlot + EffNet_Original,29,1,1,0.005451096221804619,0.8722870945930481,0.12226185202598572
107,MobileNet_RecPlot + EffNet_Original,30,1,1,0.037201061844825745,0.9472965002059937,0.015502450056374073
107,MobileNet_RecPlot + EffNet_Original,31,1,1,0.10621313750743866,0.7713481783866882,0.12243866920471191
107,MobileNet_RecPlot + EffNet_RecPlot,0,0,2,0.14844119548797607,0.042925961315631866,0.8086328506469727
107,MobileNet_RecPlot + EffNet_RecPlot,1,0,2,0.245322123169899,0.14849787950515747,0.6061800122261047
107,MobileNet_RecPlot + EffNet_RecPlot,2,0,2,0.28317832946777344,0.041444744914770126,0.6753768920898438
107,MobileNet_RecPlot + EffNet_RecPlot,3,0,0,0.39443567395210266,0.31074056029319763,0.2948237657546997
107,MobileNet_RecPlot + EffNet_RecPlot,4,0,0,0.9876216650009155,0.007045031525194645,0.005333248060196638
107,MobileNet_RecPlot + EffNet_RecPlot,5,0,0,0.9932981729507446,0.0015748246805742383,0.005127017851918936
107,MobileNet_RecPlot + EffNet_RecPlot,6,0,0,0.9650494456291199,0.007670790422707796,0.027279676869511604
107,MobileNet_RecPlot + EffNet_RecPlot,7,0,1,0.008188639767467976,0.9877488017082214,0.004062589257955551
107,MobileNet_RecPlot + EffNet_RecPlot,8,0,0,0.5045669674873352,0.07739794254302979,0.4180351197719574
107,MobileNet_RecPlot + EffNet_RecPlot,9,0,0,0.588315486907959,0.024630822241306305,0.3870536983013153
107,MobileNet_RecPlot + EffNet_RecPlot,10,0,0,0.9690204858779907,0.00877298042178154,0.022206563502550125
107,MobileNet_RecPlot + EffNet_RecPlot,11,0,1,0.1087813749909401,0.8836018443107605,0.007616758346557617
107,MobileNet_RecPlot + EffNet_RecPlot,12,0,0,0.9328814744949341,0.01805572584271431,0.049062758684158325
107,MobileNet_RecPlot + EffNet_RecPlot,13,0,2,0.20054790377616882,0.0393313467502594,0.7601207494735718
107,MobileNet_RecPlot + EffNet_RecPlot,14,0,0,0.8854199647903442,0.08674392849206924,0.02783610299229622
107,MobileNet_RecPlot + EffNet_RecPlot,15,0,1,0.0633181557059288,0.7808594703674316,0.15582241117954254
107,MobileNet_RecPlot + EffNet_RecPlot,16,0,0,0.7967575788497925,0.046428222209215164,0.15681418776512146
107,MobileNet_RecPlot + EffNet_RecPlot,17,0,0,0.9898251295089722,0.0034149172715842724,0.006759971380233765
107,MobileNet_RecPlot + EffNet_RecPlot,18,1,1,0.09488416463136673,0.8877224922180176,0.0173933282494545
107,MobileNet_RecPlot + EffNet_RecPlot,19,1,1,0.009453707374632359,0.9655633568763733,0.024982908740639687
107,MobileNet_RecPlot + EffNet_RecPlot,20,1,1,0.047539107501506805,0.9373511075973511,0.015109771862626076
107,MobileNet_RecPlot + EffNet_RecPlot,21,1,1,0.023515362292528152,0.9512467384338379,0.025237932801246643
107,MobileNet_RecPlot + EffNet_RecPlot,22,1,1,0.06954076141119003,0.9069578647613525,0.023501425981521606
107,MobileNet_RecPlot + EffNet_RecPlot,23,1,0,0.5812282562255859,0.2342432588338852,0.18452851474285126
107,MobileNet_RecPlot + EffNet_RecPlot,24,1,1,0.020714174956083298,0.9672986268997192,0.011987240985035896
107,MobileNet_RecPlot + EffNet_RecPlot,25,1,1,0.023511668667197227,0.9718974828720093,0.004590853117406368
107,MobileNet_RecPlot + EffNet_RecPlot,26,1,1,0.1682155430316925,0.8024736046791077,0.02931085228919983
107,MobileNet_RecPlot + EffNet_RecPlot,27,1,1,0.16215699911117554,0.5104444026947021,0.3273986279964447
107,MobileNet_RecPlot + EffNet_RecPlot,28,1,1,0.12022940814495087,0.7426868081092834,0.13708378374576569
107,MobileNet_RecPlot + EffNet_RecPlot,29,1,1,0.007379322778433561,0.8310447931289673,0.16157589852809906
107,MobileNet_RecPlot + EffNet_RecPlot,30,1,1,0.04269007593393326,0.9412435293197632,0.016066424548625946
107,MobileNet_RecPlot + EffNet_RecPlot,31,1,1,0.010509965941309929,0.9744611978530884,0.01502883993089199
107,EffNet_Original + EffNet_RecPlot,0,0,0,0.514473557472229,0.0909535139799118,0.3945728838443756
107,EffNet_Original + EffNet_RecPlot,1,0,0,0.6715213656425476,0.10688850283622742,0.22159019112586975
107,EffNet_Original + EffNet_RecPlot,2,0,0,0.6954813003540039,0.009651735424995422,0.29486697912216187
107,EffNet_Original + EffNet_RecPlot,3,0,0,0.5206263661384583,0.35589638352394104,0.12347721308469772
107,EffNet_Original + EffNet_RecPlot,4,0,0,0.9942334890365601,0.0026313364505767822,0.0031351277139037848
107,EffNet_Original + EffNet_RecPlot,5,0,0,0.9962603449821472,0.0006934403209015727,0.0030462199356406927
107,EffNet_Original + EffNet_RecPlot,6,0,0,0.9977110624313354,0.0005889483145438135,0.0017000018851831555
107,EffNet_Original + EffNet_RecPlot,7,0,1,0.35077664256095886,0.5507206916809082,0.09850265085697174
107,EffNet_Original + EffNet_RecPlot,8,0,0,0.7557194828987122,0.08913444727659225,0.15514609217643738
107,EffNet_Original + EffNet_RecPlot,9,0,0,0.5334452986717224,0.035779502242803574,0.4307752549648285
107,EffNet_Original + EffNet_RecPlot,10,0,0,0.9922893047332764,0.003042073454707861,0.0046686106361448765
107,EffNet_Original + EffNet_RecPlot,11,0,0,0.580286979675293,0.40912914276123047,0.01058391947299242
107,EffNet_Original + EffNet_RecPlot,12,0,0,0.9890164732933044,0.004932341165840626,0.006051160395145416
107,EffNet_Original + EffNet_RecPlot,13,0,0,0.5677687525749207,0.032914649695158005,0.3993166387081146
107,EffNet_Original + EffNet_RecPlot,14,0,0,0.9826701283454895,0.009844060055911541,0.007485793903470039
107,EffNet_Original + EffNet_RecPlot,15,0,1,0.36947140097618103,0.43860578536987305,0.19192281365394592
107,EffNet_Original + EffNet_RecPlot,16,0,0,0.8863220810890198,0.023448806256055832,0.09022911638021469
107,EffNet_Original + EffNet_RecPlot,17,0,0,0.9962666630744934,0.0010066498070955276,0.002726686419919133
107,EffNet_Original + EffNet_RecPlot,18,1,1,0.013384985737502575,0.9758881330490112,0.010726818814873695
107,EffNet_Original + EffNet_RecPlot,19,1,1,0.0005380299990065396,0.9951809048652649,0.004281072877347469
107,EffNet_Original + EffNet_RecPlot,20,1,1,0.04935003072023392,0.9342628717422485,0.016387155279517174
107,EffNet_Original + EffNet_RecPlot,21,1,1,0.005113502498716116,0.6246823072433472,0.37020424008369446
107,EffNet_Original + EffNet_RecPlot,22,1,1,0.0012169757392257452,0.9957596063613892,0.0030234213918447495
107,EffNet_Original + EffNet_RecPlot,23,1,1,0.3648475110530853,0.5912655591964722,0.0438869409263134
107,EffNet_Original + EffNet_RecPlot,24,1,1,0.0057718330062925816,0.9793513417243958,0.01487684715539217
107,EffNet_Original + EffNet_RecPlot,25,1,1,0.005372168496251106,0.9931254386901855,0.00150242168456316
107,EffNet_Original + EffNet_RecPlot,26,1,1,0.029950210824608803,0.9587516784667969,0.0112981628626585
107,EffNet_Original + EffNet_RecPlot,27,1,1,0.03877187892794609,0.8740941286087036,0.08713400363922119
107,EffNet_Original + EffNet_RecPlot,28,1,1,0.022940292954444885,0.9348347187042236,0.04222501441836357
107,EffNet_Original + EffNet_RecPlot,29,1,1,0.0024836454540491104,0.9554601907730103,0.04205615073442459
107,EffNet_Original + EffNet_RecPlot,30,1,1,0.006647555157542229,0.9889132976531982,0.004439195152372122
107,EffNet_Original + EffNet_RecPlot,31,1,1,0.10389551520347595,0.7705676555633545,0.12553684413433075
107,MobileNet_Original + MobileNet_Original,0,0,1,0.4337039589881897,0.476039320230484,0.0902567207813263
107,MobileNet_Original + MobileNet_Original,1,0,1,0.3255038857460022,0.5547592043876648,0.11973689496517181
107,MobileNet_Original + MobileNet_Original,2,0,0,0.6512333750724792,0.1960904747247696,0.15267615020275116
107,MobileNet_Original + MobileNet_Original,3,0,1,0.4163649380207062,0.5384942889213562,0.04514068365097046
107,MobileNet_Original + MobileNet_Original,4,0,0,0.8338413238525391,0.050358641892671585,0.11580000817775726
107,MobileNet_Original + MobileNet_Original,5,0,0,0.9947269558906555,0.0013888466637581587,0.0038841739296913147
107,MobileNet_Original + MobileNet_Original,6,0,0,0.9992802143096924,0.0004890615819022059,0.00023073010379448533
107,MobileNet_Original + MobileNet_Original,7,0,1,0.06443550437688828,0.886376142501831,0.04918840527534485
107,MobileNet_Original + MobileNet_Original,8,0,0,0.49909794330596924,0.34404176473617554,0.15686030685901642
107,MobileNet_Original + MobileNet_Original,9,0,0,0.7984922528266907,0.10761449486017227,0.09389323741197586
107,MobileNet_Original + MobileNet_Original,10,0,0,0.9805276393890381,0.01084235031157732,0.008630067110061646
107,MobileNet_Original + MobileNet_Original,11,0,0,0.8754221796989441,0.07721246033906937,0.04736535623669624
107,MobileNet_Original + MobileNet_Original,12,0,0,0.8578471541404724,0.036605238914489746,0.10554759204387665
107,MobileNet_Original + MobileNet_Original,13,0,0,0.6873152256011963,0.0938100814819336,0.2188747078180313
107,MobileNet_Original + MobileNet_Original,14,0,0,0.9791135191917419,0.005466814152896404,0.015419645234942436
107,MobileNet_Original + MobileNet_Original,15,0,0,0.6699855327606201,0.02796001359820366,0.3020544648170471
107,MobileNet_Original + MobileNet_Original,16,0,0,0.5706023573875427,0.1717551201581955,0.25764256715774536
107,MobileNet_Original + MobileNet_Original,17,0,0,0.9103911519050598,0.021107861772179604,0.0685010477900505
107,MobileNet_Original + MobileNet_Original,18,1,1,0.003633026732131839,0.994380533695221,0.001986503368243575
107,MobileNet_Original + MobileNet_Original,19,1,1,0.00022394965344574302,0.9995582103729248,0.00021783878037240356
107,MobileNet_Original + MobileNet_Original,20,1,1,0.009721361100673676,0.9873871207237244,0.00289156474173069
107,MobileNet_Original + MobileNet_Original,21,1,1,0.002982635051012039,0.9874545335769653,0.009562863036990166
107,MobileNet_Original + MobileNet_Original,22,1,1,0.03545793145895004,0.921724796295166,0.04281727969646454
107,MobileNet_Original + MobileNet_Original,23,1,1,0.1518111377954483,0.7218518257141113,0.12633708119392395
107,MobileNet_Original + MobileNet_Original,24,1,1,0.026625918224453926,0.9309995770454407,0.04237453639507294
107,MobileNet_Original + MobileNet_Original,25,1,1,0.0006973192212171853,0.9948020577430725,0.004500647075474262
107,MobileNet_Original + MobileNet_Original,26,1,1,0.03838831186294556,0.9167985916137695,0.0448131188750267
107,MobileNet_Original + MobileNet_Original,27,1,1,0.0059790052473545074,0.9594114422798157,0.034609608352184296
107,MobileNet_Original + MobileNet_Original,28,1,1,0.02772536873817444,0.9632967710494995,0.00897786021232605
107,MobileNet_Original + MobileNet_Original,29,1,1,0.02258799411356449,0.9228280186653137,0.05458400025963783
107,MobileNet_Original + MobileNet_Original,30,1,1,0.021257303655147552,0.9318339824676514,0.04690878093242645
107,MobileNet_Original + MobileNet_Original,31,1,1,0.009183728136122227,0.9807311296463013,0.010085135698318481
107,MobileNet_RecPlot + MobileNet_RecPlot,0,0,2,0.07834918797016144,0.04207465052604675,0.8795762062072754
107,MobileNet_RecPlot + MobileNet_RecPlot,1,0,2,0.13928741216659546,0.08744141459465027,0.7732711434364319
107,MobileNet_RecPlot + MobileNet_RecPlot,2,0,2,0.1645486205816269,0.07026608288288116,0.7651852965354919
107,MobileNet_RecPlot + MobileNet_RecPlot,3,0,2,0.37149685621261597,0.1142047718167305,0.5142983794212341
107,MobileNet_RecPlot + MobileNet_RecPlot,4,0,0,0.9856120347976685,0.00912831723690033,0.005259650759398937
107,MobileNet_RecPlot + MobileNet_RecPlot,5,0,0,0.9932605624198914,0.0018184613436460495,0.004920972045511007
107,MobileNet_RecPlot + MobileNet_RecPlot,6,0,0,0.9345019459724426,0.014220508746802807,0.05127756670117378
107,MobileNet_RecPlot + MobileNet_RecPlot,7,0,1,0.009140655398368835,0.9875556826591492,0.0033036882523447275
107,MobileNet_RecPlot + MobileNet_RecPlot,8,0,2,0.22774231433868408,0.12822403013706207,0.644033670425415
107,MobileNet_RecPlot + MobileNet_RecPlot,9,0,0,0.7525271773338318,0.04102116450667381,0.2064516544342041
107,MobileNet_RecPlot + MobileNet_RecPlot,10,0,0,0.953151285648346,0.011698327958583832,0.035150445997714996
107,MobileNet_RecPlot + MobileNet_RecPlot,11,0,1,0.0407245010137558,0.951443612575531,0.007831849157810211
107,MobileNet_RecPlot + MobileNet_RecPlot,12,0,0,0.877524197101593,0.030813654884696007,0.09166219085454941
107,MobileNet_RecPlot + MobileNet_RecPlot,13,0,2,0.2531987130641937,0.02057453989982605,0.7262267470359802
107,MobileNet_RecPlot + MobileNet_RecPlot,14,0,0,0.8049483299255371,0.15395209193229675,0.04109962284564972
107,MobileNet_RecPlot + MobileNet_RecPlot,15,0,1,0.09610593318939209,0.7053723335266113,0.19852179288864136
107,MobileNet_RecPlot + MobileNet_RecPlot,16,0,0,0.7141696214675903,0.07837483286857605,0.207455575466156
107,MobileNet_RecPlot + MobileNet_RecPlot,17,0,0,0.9846989512443542,0.005196461919695139,0.01010457519441843
107,MobileNet_RecPlot + MobileNet_RecPlot,18,1,1,0.17441362142562866,0.8065833449363708,0.019003067165613174
107,MobileNet_RecPlot + MobileNet_RecPlot,19,1,1,0.018041543662548065,0.9401168823242188,0.04184156656265259
107,MobileNet_RecPlot + MobileNet_RecPlot,20,1,1,0.00413712952286005,0.9927170276641846,0.003145818365737796
107,MobileNet_RecPlot + MobileNet_RecPlot,21,1,1,0.044325605034828186,0.910146176815033,0.045528244227170944
107,MobileNet_RecPlot + MobileNet_RecPlot,22,1,1,0.137354776263237,0.8208711743354797,0.04177405312657356
107,MobileNet_RecPlot + MobileNet_RecPlot,23,1,0,0.4359535574913025,0.2784799337387085,0.285566508769989
107,MobileNet_RecPlot + MobileNet_RecPlot,24,1,1,0.03486624360084534,0.9535655975341797,0.011568090878427029
107,MobileNet_RecPlot + MobileNet_RecPlot,25,1,1,0.03649361804127693,0.9562872648239136,0.007219123188406229
107,MobileNet_RecPlot + MobileNet_RecPlot,26,1,1,0.2768579423427582,0.6819902062416077,0.04115191102027893
107,MobileNet_RecPlot + MobileNet_RecPlot,27,1,2,0.247080460190773,0.267720103263855,0.4851994812488556
107,MobileNet_RecPlot + MobileNet_RecPlot,28,1,1,0.20226848125457764,0.606593132019043,0.191138356924057
107,MobileNet_RecPlot + MobileNet_RecPlot,29,1,1,0.010346773080527782,0.7478716373443604,0.2417815923690796
107,MobileNet_RecPlot + MobileNet_RecPlot,30,1,1,0.07324358075857162,0.8996267318725586,0.027129679918289185
107,MobileNet_RecPlot + MobileNet_RecPlot,31,1,1,0.012827583588659763,0.9752417802810669,0.011930659413337708
107,EffNet_Original + EffNet_Original,0,0,0,0.8104139566421509,0.13812975585460663,0.051456283777952194
107,EffNet_Original + EffNet_Original,1,0,0,0.9916858673095703,0.004222646821290255,0.004091500770300627
107,EffNet_Original + EffNet_Original,2,0,0,0.9891545176506042,0.006680062972009182,0.004165423568338156
107,EffNet_Original + EffNet_Original,3,0,0,0.6238783001899719,0.2045164406299591,0.17160527408123016
107,EffNet_Original + EffNet_Original,4,0,0,0.9988356232643127,0.00030092603992670774,0.000863410416059196
107,EffNet_Original + EffNet_Original,5,0,0,0.9991849660873413,5.569252243731171e-05,0.0007593757472932339
107,EffNet_Original + EffNet_Original,6,0,0,0.9998250007629395,5.682288610842079e-05,0.00011820948566310108
107,EffNet_Original + EffNet_Original,7,0,0,0.6943167448043823,0.11349944770336151,0.19218382239341736
107,EffNet_Original + EffNet_Original,8,0,0,0.730047345161438,0.151697039604187,0.1182556226849556
107,EffNet_Original + EffNet_Original,9,0,0,0.6427866816520691,0.06331852078437805,0.2938947379589081
107,EffNet_Original + EffNet_Original,10,0,0,0.999688982963562,0.00023651319497730583,7.454164733644575e-05
107,EffNet_Original + EffNet_Original,11,0,0,0.9837356805801392,0.00249817268922925,0.013766171410679817
107,EffNet_Original + EffNet_Original,12,0,0,0.989794135093689,0.004566885996609926,0.005638985428959131
107,EffNet_Original + EffNet_Original,13,0,0,0.987640380859375,0.007741136942058802,0.004618486855179071
107,EffNet_Original + EffNet_Original,14,0,0,0.9994486570358276,0.00015233957674354315,0.0003990031545981765
107,EffNet_Original + EffNet_Original,15,0,0,0.7084124088287354,0.02086496911942959,0.2707225978374481
107,EffNet_Original + EffNet_Original,16,0,0,0.8932986259460449,0.03241598978638649,0.07428540289402008
107,EffNet_Original + EffNet_Original,17,0,0,0.9975820779800415,0.0003799273108597845,0.0020380064379423857
107,EffNet_Original + EffNet_Original,18,1,1,0.011415272019803524,0.9829146265983582,0.0056700496934354305
107,EffNet_Original + EffNet_Original,19,1,1,0.0002101878053508699,0.9993519186973572,0.00043789236224256456
107,EffNet_Original + EffNet_Original,20,1,1,0.007758975960314274,0.9865404963493347,0.0057005854323506355
107,EffNet_Original + EffNet_Original,21,1,2,0.007521883584558964,0.2570172846317291,0.7354608178138733
107,EffNet_Original + EffNet_Original,22,1,1,0.0007072225562296808,0.9984747767448425,0.0008180467411875725
107,EffNet_Original + EffNet_Original,23,1,1,0.003192122094333172,0.9925245642662048,0.0042833550833165646
107,EffNet_Original + EffNet_Original,24,1,1,0.00498156389221549,0.9776711463928223,0.017347302287817
107,EffNet_Original + EffNet_Original,25,1,1,0.00021461871801875532,0.9987431168556213,0.001042260555550456
107,EffNet_Original + EffNet_Original,26,1,1,0.0003272506291978061,0.9945462942123413,0.005126527976244688
107,EffNet_Original + EffNet_Original,27,1,1,0.000310222792904824,0.9950195550918579,0.0046702497638762
107,EffNet_Original + EffNet_Original,28,1,1,0.007690242026001215,0.9908889532089233,0.001420816988684237
107,EffNet_Original + EffNet_Original,29,1,1,0.0005554186063818634,0.9967024922370911,0.002742090029641986
107,EffNet_Original + EffNet_Original,30,1,1,0.0011585393222048879,0.9949662685394287,0.003875220660120249
107,EffNet_Original + EffNet_Original,31,1,1,0.19959868490695953,0.5674546360969543,0.23294667899608612
107,EffNet_RecPlot + EffNet_RecPlot,0,0,2,0.2185332030057907,0.04377726837992668,0.7376894950866699
107,EffNet_RecPlot + EffNet_RecPlot,1,0,2,0.3513568341732025,0.20955434441566467,0.4390888512134552
107,EffNet_RecPlot + EffNet_RecPlot,2,0,2,0.4018080234527588,0.012623407877981663,0.5855685472488403
107,EffNet_RecPlot + EffNet_RecPlot,3,0,1,0.41737449169158936,0.5072763562202454,0.07534918189048767
107,EffNet_RecPlot + EffNet_RecPlot,4,0,0,0.9896314740180969,0.004961747210472822,0.005406845826655626
107,EffNet_RecPlot + EffNet_RecPlot,5,0,0,0.9933357238769531,0.001331188017502427,0.005333063658326864
107,EffNet_RecPlot + EffNet_RecPlot,6,0,0,0.9955971837043762,0.001121073728427291,0.0032817942555993795
107,EffNet_RecPlot + EffNet_RecPlot,7,0,1,0.007236624136567116,0.9879419207572937,0.004821490496397018
107,EffNet_RecPlot + EffNet_RecPlot,8,0,0,0.7813916206359863,0.026571854948997498,0.19203656911849976
107,EffNet_RecPlot + EffNet_RecPlot,9,0,2,0.42410382628440857,0.008240478113293648,0.5676557421684265
107,EffNet_RecPlot + EffNet_RecPlot,10,0,0,0.9848896861076355,0.005847633816301823,0.00926268007606268
107,EffNet_RecPlot + EffNet_RecPlot,11,0,1,0.17683826386928558,0.8157601356506348,0.0074016680009663105
107,EffNet_RecPlot + EffNet_RecPlot,12,0,0,0.9882388710975647,0.0052977972663939,0.006463335361331701
107,EffNet_RecPlot + EffNet_RecPlot,13,0,2,0.1478971242904663,0.058088161051273346,0.7940147519111633
107,EffNet_RecPlot + EffNet_RecPlot,14,0,0,0.9658916592597961,0.01953577995300293,0.014572585001587868
107,EffNet_RecPlot + EffNet_RecPlot,15,0,1,0.030530374497175217,0.856346607208252,0.11312302947044373
107,EffNet_RecPlot + EffNet_RecPlot,16,0,0,0.8793455958366394,0.014481622725725174,0.1061728298664093
107,EffNet_RecPlot + EffNet_RecPlot,17,0,0,0.9949513077735901,0.001633372507058084,0.0034153666347265244
107,EffNet_RecPlot + EffNet_RecPlot,18,1,1,0.01535470224916935,0.9688616991043091,0.015783589333295822
107,EffNet_RecPlot + EffNet_RecPlot,19,1,1,0.0008658720762468874,0.9910098910331726,0.008124253712594509
107,EffNet_RecPlot + EffNet_RecPlot,20,1,1,0.09094108641147614,0.8819851875305176,0.027073726058006287
107,EffNet_RecPlot + EffNet_RecPlot,21,1,1,0.00270512024872005,0.9923473000526428,0.00494761997833848
107,EffNet_RecPlot + EffNet_RecPlot,22,1,1,0.0017267289804294705,0.9930444359779358,0.005228796042501926
107,EffNet_RecPlot + EffNet_RecPlot,23,1,0,0.7265028953552246,0.1900065839290619,0.0834905281662941
107,EffNet_RecPlot + EffNet_RecPlot,24,1,1,0.006562101189047098,0.9810314774513245,0.012406391091644764
107,EffNet_RecPlot + EffNet_RecPlot,25,1,1,0.010529718361794949,0.987507700920105,0.001962582813575864
107,EffNet_RecPlot + EffNet_RecPlot,26,1,1,0.05957316979765892,0.9229570627212524,0.017469797283411026
107,EffNet_RecPlot + EffNet_RecPlot,27,1,1,0.07723353803157806,0.7531687021255493,0.16959775984287262
107,EffNet_RecPlot + EffNet_RecPlot,28,1,1,0.038190342485904694,0.8787804841995239,0.08302921056747437
107,EffNet_RecPlot + EffNet_RecPlot,29,1,1,0.00441187247633934,0.9142179489135742,0.08137021213769913
107,EffNet_RecPlot + EffNet_RecPlot,30,1,1,0.012136570177972317,0.982860267162323,0.00500316871330142
107,EffNet_RecPlot + EffNet_RecPlot,31,1,1,0.008192349225282669,0.9736806154251099,0.018127020448446274
107,MobileNet_Original + MobileNet_RecPlot,32,1,1,0.04692802205681801,0.8582442998886108,0.09482758492231369
107,MobileNet_Original + MobileNet_RecPlot,33,1,1,0.026491371914744377,0.9549552202224731,0.018553342670202255
107,MobileNet_Original + MobileNet_RecPlot,34,1,1,0.04590567201375961,0.9129865169525146,0.04110781103372574
107,MobileNet_Original + MobileNet_RecPlot,35,1,1,0.013511217199265957,0.9585144519805908,0.027974333614110947
107,MobileNet_Original + MobileNet_RecPlot,36,1,1,0.3036397397518158,0.5469239950180054,0.14943626523017883
107,MobileNet_Original + MobileNet_RecPlot,37,1,1,0.002770769177004695,0.9943220615386963,0.0029071702156215906
107,MobileNet_Original + MobileNet_RecPlot,38,1,1,0.0667160227894783,0.8239379525184631,0.10934602469205856
107,MobileNet_Original + MobileNet_RecPlot,39,1,1,0.1831735372543335,0.6657410264015198,0.15108543634414673
107,MobileNet_Original + MobileNet_RecPlot,40,1,1,0.01757935993373394,0.9739145040512085,0.008506130427122116
107,MobileNet_Original + MobileNet_RecPlot,41,1,1,0.032732732594013214,0.49946966767311096,0.4677976071834564
107,MobileNet_Original + MobileNet_RecPlot,42,1,1,0.009413952007889748,0.9820138216018677,0.00857221893966198
107,MobileNet_Original + MobileNet_RecPlot,43,1,1,0.21268391609191895,0.7498092651367188,0.03750685229897499
107,MobileNet_Original + MobileNet_RecPlot,44,1,1,0.017536586150527,0.963239312171936,0.019224099814891815
107,MobileNet_Original + MobileNet_RecPlot,45,1,1,0.3448858857154846,0.6383102536201477,0.016803879290819168
107,MobileNet_Original + MobileNet_RecPlot,46,1,1,0.012026337906718254,0.97884601354599,0.009127705357968807
107,MobileNet_Original + MobileNet_RecPlot,47,2,2,0.050092604011297226,0.007432833313941956,0.9424745440483093
107,MobileNet_Original + MobileNet_RecPlot,48,2,2,0.037393718957901,0.009236373007297516,0.9533699154853821
107,MobileNet_Original + MobileNet_RecPlot,49,2,2,0.16643379628658295,0.33721980452537537,0.49634644389152527
107,MobileNet_Original + MobileNet_RecPlot,50,2,2,0.043177004903554916,0.02976006455719471,0.9270628690719604
107,MobileNet_Original + MobileNet_RecPlot,51,2,2,0.2206140160560608,0.03540704771876335,0.7439789175987244
107,MobileNet_Original + MobileNet_RecPlot,52,2,2,0.09023581445217133,0.24307391047477722,0.6666902899742126
107,MobileNet_Original + MobileNet_RecPlot,53,2,2,0.2296474277973175,0.04896583408117294,0.7213867902755737
107,MobileNet_Original + MobileNet_RecPlot,54,2,2,0.011951938271522522,0.05432320386171341,0.9337248802185059
107,MobileNet_Original + MobileNet_RecPlot,55,2,0,0.5080810785293579,0.05009666085243225,0.44182226061820984
107,MobileNet_Original + MobileNet_RecPlot,56,2,2,0.23798151314258575,0.012829066254198551,0.7491893768310547
107,MobileNet_Original + MobileNet_RecPlot,57,2,1,0.060171376913785934,0.5324296355247498,0.4073989987373352
107,MobileNet_Original + MobileNet_RecPlot,58,2,2,0.26252084970474243,0.06931065022945404,0.6681684851646423
107,MobileNet_Original + EffNet_Original,32,1,1,0.018262185156345367,0.8941572904586792,0.08758050948381424
107,MobileNet_Original + EffNet_Original,33,1,1,0.002678260672837496,0.9652010202407837,0.0321207121014595
107,MobileNet_Original + EffNet_Original,34,1,1,0.007844747975468636,0.9268984794616699,0.06525682657957077
107,MobileNet_Original + EffNet_Original,35,1,1,0.006578283384442329,0.7977867722511292,0.19563496112823486
107,MobileNet_Original + EffNet_Original,36,1,1,0.00027563387993723154,0.9993370175361633,0.00038735021371394396
107,MobileNet_Original + EffNet_Original,37,1,1,0.0031755089294165373,0.989551305770874,0.007273167371749878
107,MobileNet_Original + EffNet_Original,38,1,1,0.01859378255903721,0.9556760191917419,0.025730177760124207
107,MobileNet_Original + EffNet_Original,39,1,1,0.0032949219457805157,0.9882748126983643,0.008430291898548603
107,MobileNet_Original + EffNet_Original,40,1,1,0.001360445749014616,0.995813250541687,0.0028263649437576532
107,MobileNet_Original + EffNet_Original,41,1,1,0.0022205112036317587,0.9922787547111511,0.005500757601112127
107,MobileNet_Original + EffNet_Original,42,1,1,0.001531369285658002,0.9969539642333984,0.0015146721852943301
107,MobileNet_Original + EffNet_Original,43,1,1,0.1045655682682991,0.8640970587730408,0.03133735433220863
107,MobileNet_Original + EffNet_Original,44,1,1,0.016256993636488914,0.9664919376373291,0.017251065000891685
107,MobileNet_Original + EffNet_Original,45,1,1,0.01486924011260271,0.9699416160583496,0.015189160592854023
107,MobileNet_Original + EffNet_Original,46,1,1,0.021097898483276367,0.9528316855430603,0.026070453226566315
107,MobileNet_Original + EffNet_Original,47,2,2,0.04120634123682976,0.007615226320922375,0.9511784315109253
107,MobileNet_Original + EffNet_Original,48,2,2,0.027572087943553925,0.006153061520308256,0.9662748575210571
107,MobileNet_Original + EffNet_Original,49,2,2,0.023117411881685257,0.030886877328157425,0.9459956884384155
107,MobileNet_Original + EffNet_Original,50,2,2,0.023128386586904526,0.014585761353373528,0.9622858762741089
107,MobileNet_Original + EffNet_Original,51,2,2,0.44529780745506287,0.03669703006744385,0.5180051326751709
107,MobileNet_Original + EffNet_Original,52,2,2,0.042208246886730194,0.158565953373909,0.7992258071899414
107,MobileNet_Original + EffNet_Original,53,2,2,0.23459099233150482,0.01814415492117405,0.7472648620605469
107,MobileNet_Original + EffNet_Original,54,2,2,0.007897531613707542,0.002830280689522624,0.9892721772193909
107,MobileNet_Original + EffNet_Original,55,2,2,0.2628379166126251,0.004349738359451294,0.7328124046325684
107,MobileNet_Original + EffNet_Original,56,2,2,0.23462894558906555,0.0003401397552806884,0.7650309801101685
107,MobileNet_Original + EffNet_Original,57,2,2,0.05170365050435066,0.14455251395702362,0.8037438988685608
107,MobileNet_Original + EffNet_Original,58,2,2,0.05584491789340973,0.0008937097154557705,0.9432613849639893
107,MobileNet_Original + EffNet_RecPlot,32,1,1,0.005387795623391867,0.9761517643928528,0.018460484221577644
107,MobileNet_Original + EffNet_RecPlot,33,1,1,0.005368147976696491,0.9854062795639038,0.009225588291883469
107,MobileNet_Original + EffNet_RecPlot,34,1,1,0.05013923719525337,0.9166185855865479,0.03324216604232788
107,MobileNet_Original + EffNet_RecPlot,35,1,1,0.004149584099650383,0.974216103553772,0.021634358912706375
107,MobileNet_Original + EffNet_RecPlot,36,1,1,0.2947103977203369,0.5336668491363525,0.17162275314331055
107,MobileNet_Original + EffNet_RecPlot,37,1,1,0.00468162726610899,0.9901269674301147,0.005191361997276545
107,MobileNet_Original + EffNet_RecPlot,38,1,1,0.10902074724435806,0.8719795346260071,0.01899978332221508
107,MobileNet_Original + EffNet_RecPlot,39,1,1,0.2797563672065735,0.6666200757026672,0.05362352728843689
107,MobileNet_Original + EffNet_RecPlot,40,1,1,0.0059063914231956005,0.9900060296058655,0.004087623208761215
107,MobileNet_Original + EffNet_RecPlot,41,1,1,0.03934972360730171,0.49923649430274963,0.46141383051872253
107,MobileNet_Original + EffNet_RecPlot,42,1,1,0.0027129105292260647,0.9926415681838989,0.004645548760890961
107,MobileNet_Original + EffNet_RecPlot,43,1,1,0.3205473721027374,0.630647599697113,0.04880501329898834
107,MobileNet_Original + EffNet_RecPlot,44,1,1,0.022629113867878914,0.952347993850708,0.025022821500897408
107,MobileNet_Original + EffNet_RecPlot,45,1,1,0.049487076699733734,0.8689194917678833,0.08159347623586655
107,MobileNet_Original + EffNet_RecPlot,46,1,1,0.00900669302791357,0.9830654859542847,0.007927840575575829
107,MobileNet_Original + EffNet_RecPlot,47,2,2,0.043318893760442734,0.008180682547390461,0.948500394821167
107,MobileNet_Original + EffNet_RecPlot,48,2,2,0.029351361095905304,0.007312306668609381,0.9633363485336304
107,MobileNet_Original + EffNet_RecPlot,49,2,1,0.018083782866597176,0.517844557762146,0.464071661233902
107,MobileNet_Original + EffNet_RecPlot,50,2,2,0.010536965914070606,0.01259632594883442,0.9768667221069336
107,MobileNet_Original + EffNet_RecPlot,51,2,2,0.21971456706523895,0.3330656588077545,0.4472198188304901
107,MobileNet_Original + EffNet_RecPlot,52,2,2,0.037673674523830414,0.17183232307434082,0.7904940247535706
107,MobileNet_Original + EffNet_RecPlot,53,2,2,0.22806277871131897,0.021342987194657326,0.7505942583084106
107,MobileNet_Original + EffNet_RecPlot,54,2,2,0.01019220519810915,0.006858928129076958,0.982948899269104
107,MobileNet_Original + EffNet_RecPlot,55,2,2,0.35841453075408936,0.08238307386636734,0.5592024326324463
107,MobileNet_Original + EffNet_RecPlot,56,2,2,0.23719342052936554,0.005221422296017408,0.7575851678848267
107,MobileNet_Original + EffNet_RecPlot,57,2,2,0.05856271833181381,0.17352834343910217,0.7679089307785034
107,MobileNet_Original + EffNet_RecPlot,58,2,2,0.24575436115264893,0.045753441751003265,0.7084922194480896
107,MobileNet_RecPlot + EffNet_Original,32,1,1,0.06412391364574432,0.7548478245735168,0.18102823197841644
107,MobileNet_RecPlot + EffNet_Original,33,1,1,0.026737486943602562,0.930865466594696,0.042397044599056244
107,MobileNet_RecPlot + EffNet_Original,34,1,1,0.045658815652132034,0.8891178369522095,0.06522339582443237
107,MobileNet_RecPlot + EffNet_Original,35,1,1,0.014316288754343987,0.8044089674949646,0.18127478659152985
107,MobileNet_RecPlot + EffNet_Original,36,1,1,0.30378949642181396,0.546433687210083,0.14977683126926422
107,MobileNet_RecPlot + EffNet_Original,37,1,1,0.0036238564644008875,0.9890562891960144,0.0073198843747377396
107,MobileNet_RecPlot + EffNet_Original,38,1,1,0.06347408890724182,0.8223335146903992,0.11419244110584259
107,MobileNet_RecPlot + EffNet_Original,39,1,1,0.18061800301074982,0.6757505536079407,0.14363142848014832
107,MobileNet_RecPlot + EffNet_Original,40,1,1,0.018060186877846718,0.9714248180389404,0.010515017434954643
107,MobileNet_RecPlot + EffNet_Original,41,1,1,0.03184789791703224,0.5021713376045227,0.46598076820373535
107,MobileNet_RecPlot + EffNet_Original,42,1,1,0.008397681638598442,0.9836336970329285,0.007968612015247345
107,MobileNet_RecPlot + EffNet_Original,43,1,1,0.11202260851860046,0.8777308464050293,0.010246464051306248
107,MobileNet_RecPlot + EffNet_Original,44,1,1,0.0016000635223463178,0.9952808618545532,0.0031190647277981043
107,MobileNet_RecPlot + EffNet_Original,45,1,1,0.3305189609527588,0.6671851873397827,0.002295798622071743
107,MobileNet_RecPlot + EffNet_Original,46,1,1,0.016874270513653755,0.9617214798927307,0.021404271945357323
107,MobileNet_RecPlot + EffNet_Original,47,2,2,0.011567169800400734,0.004019415471702814,0.9844134449958801
107,MobileNet_RecPlot + EffNet_Original,48,2,2,0.01075378991663456,0.003314991481602192,0.9859312176704407
107,MobileNet_RecPlot + EffNet_Original,49,2,2,0.15806059539318085,0.3257944583892822,0.5161449909210205
107,MobileNet_RecPlot + EffNet_Original,50,2,2,0.0596771202981472,0.03276162967085838,0.9075613021850586
107,MobileNet_RecPlot + EffNet_Original,51,2,2,0.2948227524757385,0.023465175181627274,0.6817120909690857
107,MobileNet_RecPlot + EffNet_Original,52,2,2,0.0881352499127388,0.18664710223674774,0.7252176403999329
107,MobileNet_RecPlot + EffNet_Original,53,2,2,0.03201757371425629,0.03162878751754761,0.9363536834716797
107,MobileNet_RecPlot + EffNet_Original,54,2,2,0.0063543920405209064,0.05220932140946388,0.9414362907409668
107,MobileNet_RecPlot + EffNet_Original,55,2,2,0.31536340713500977,0.04690854251384735,0.6377280950546265
107,MobileNet_RecPlot + EffNet_Original,56,2,2,0.005201701540499926,0.012577907182276249,0.9822204113006592
107,MobileNet_RecPlot + EffNet_Original,57,2,2,0.013753099367022514,0.39229774475097656,0.5939491987228394
107,MobileNet_RecPlot + EffNet_Original,58,2,2,0.31125304102897644,0.06988497078418732,0.618861973285675
107,MobileNet_RecPlot + EffNet_RecPlot,32,1,1,0.05124952644109726,0.8368422985076904,0.1119082048535347
107,MobileNet_RecPlot + EffNet_RecPlot,33,1,1,0.02942737564444542,0.9510707259178162,0.01950192265212536
107,MobileNet_RecPlot + EffNet_RecPlot,34,1,1,0.08795329928398132,0.8788379430770874,0.033208735287189484
107,MobileNet_RecPlot + EffNet_RecPlot,35,1,1,0.01188758946955204,0.9808382391929626,0.0072741699405014515
107,MobileNet_RecPlot + EffNet_RecPlot,36,1,0,0.5982242822647095,0.08076354116201401,0.3210122287273407
107,MobileNet_RecPlot + EffNet_RecPlot,37,1,1,0.00512997480109334,0.9896319508552551,0.005238079000264406
107,MobileNet_RecPlot + EffNet_RecPlot,38,1,1,0.15390104055404663,0.7386369109153748,0.10746203362941742
107,MobileNet_RecPlot + EffNet_RecPlot,39,1,0,0.4570794701576233,0.3540958762168884,0.18882468342781067
107,MobileNet_RecPlot + EffNet_RecPlot,40,1,1,0.022606132552027702,0.9656175971031189,0.011776275001466274
107,MobileNet_RecPlot + EffNet_RecPlot,41,1,2,0.06897711008787155,0.009129103273153305,0.921893835067749
107,MobileNet_RecPlot + EffNet_RecPlot,42,1,1,0.009579221718013287,0.9793212413787842,0.011099487543106079
107,MobileNet_RecPlot + EffNet_RecPlot,43,1,1,0.3280044198036194,0.6442815065383911,0.027714122086763382
107,MobileNet_RecPlot + EffNet_RecPlot,44,1,1,0.00797218456864357,0.9811370372772217,0.010890824720263481
107,MobileNet_RecPlot + EffNet_RecPlot,45,1,1,0.3651368319988251,0.5661630630493164,0.06870011240243912
107,MobileNet_RecPlot + EffNet_RecPlot,46,1,1,0.004783063195645809,0.9919552803039551,0.00326165952719748
107,MobileNet_RecPlot + EffNet_RecPlot,47,2,2,0.013679719530045986,0.0045848716981709,0.9817354083061218
107,MobileNet_RecPlot + EffNet_RecPlot,48,2,2,0.012533064000308514,0.004474237095564604,0.9829927086830139
107,MobileNet_RecPlot + EffNet_RecPlot,49,2,1,0.15302696824073792,0.8127521276473999,0.034220945090055466
107,MobileNet_RecPlot + EffNet_RecPlot,50,2,2,0.047085702419281006,0.030772194266319275,0.9221420884132385
107,MobileNet_RecPlot + EffNet_RecPlot,51,2,2,0.06923948228359222,0.31983381509780884,0.6109267473220825
107,MobileNet_RecPlot + EffNet_RecPlot,52,2,2,0.08360067009925842,0.19991347193717957,0.716485857963562
107,MobileNet_RecPlot + EffNet_RecPlot,53,2,2,0.025489354506134987,0.034827619791030884,0.9396830201148987
107,MobileNet_RecPlot + EffNet_RecPlot,54,2,2,0.008649065159261227,0.05623796954751015,0.9351129531860352
107,MobileNet_RecPlot + EffNet_RecPlot,55,2,2,0.4109400510787964,0.1249418780207634,0.464118093252182
107,MobileNet_RecPlot + EffNet_RecPlot,56,2,2,0.0077662114053964615,0.017459187656641006,0.9747745990753174
107,MobileNet_RecPlot + EffNet_RecPlot,57,2,2,0.020612169057130814,0.4212735593318939,0.5581142902374268
107,MobileNet_RecPlot + EffNet_RecPlot,58,2,0,0.5011624693870544,0.11474469304084778,0.3840928077697754
107,EffNet_Original + EffNet_RecPlot,32,1,1,0.02258368581533432,0.872755229473114,0.10466112196445465
107,EffNet_Original + EffNet_RecPlot,33,1,1,0.005614257883280516,0.9613164067268372,0.03306929022073746
107,EffNet_Original + EffNet_RecPlot,34,1,1,0.04989238083362579,0.8927499055862427,0.057357750833034515
107,EffNet_Original + EffNet_RecPlot,35,1,1,0.004954655189067125,0.820110559463501,0.17493478953838348
107,EffNet_Original + EffNet_RecPlot,36,1,1,0.2948601543903351,0.5331765413284302,0.17196331918239594
107,EffNet_Original + EffNet_RecPlot,37,1,1,0.005534714553505182,0.9848611950874329,0.00960407592356205
107,EffNet_Original + EffNet_RecPlot,38,1,1,0.10577879846096039,0.8703749775886536,0.02384619042277336
107,EffNet_Original + EffNet_RecPlot,39,1,1,0.277200847864151,0.6766296029090881,0.04616951569914818
107,EffNet_Original + EffNet_RecPlot,40,1,1,0.00638721976429224,0.9875162839889526,0.006096509285271168
107,EffNet_Original + EffNet_RecPlot,41,1,1,0.03846488520503044,0.5019381642341614,0.45959699153900146
107,EffNet_Original + EffNet_RecPlot,42,1,1,0.0016966392286121845,0.9942613840103149,0.004041941836476326
107,EffNet_Original + EffNet_RecPlot,43,1,1,0.21988609433174133,0.7585693001747131,0.021544624119997025
107,EffNet_Original + EffNet_RecPlot,44,1,1,0.006692592985928059,0.9843896627426147,0.008917789906263351
107,EffNet_Original + EffNet_RecPlot,45,1,1,0.035120200365781784,0.8977944254875183,0.0670853927731514
107,EffNet_Original + EffNet_RecPlot,46,1,1,0.013854624703526497,0.9659409523010254,0.02020440809428692
107,EffNet_Original + EffNet_RecPlot,47,2,2,0.004793457221239805,0.004767264239490032,0.9904392957687378
107,EffNet_Original + EffNet_RecPlot,48,2,2,0.0027114334516227245,0.001390925608575344,0.995897650718689
107,EffNet_Original + EffNet_RecPlot,49,2,1,0.009710588492453098,0.5064191818237305,0.48387017846107483
107,EffNet_Original + EffNet_RecPlot,50,2,2,0.027037078514695168,0.015597888268530369,0.9573650360107422
107,EffNet_Original + EffNet_RecPlot,51,2,2,0.2939232587814331,0.32112377882003784,0.38495293259620667
107,EffNet_Original + EffNet_RecPlot,52,2,2,0.03557310998439789,0.11540552228689194,0.8490213751792908
107,EffNet_Original + EffNet_RecPlot,53,2,2,0.030432909727096558,0.004005941096693277,0.9655611515045166
107,EffNet_Original + EffNet_RecPlot,54,2,2,0.004594658967107534,0.004745045676827431,0.9906603097915649
107,EffNet_Original + EffNet_RecPlot,55,2,2,0.1656968593597412,0.07919495552778244,0.7551082372665405
107,EffNet_Original + EffNet_RecPlot,56,2,2,0.004413617309182882,0.004970261827111244,0.9906161427497864
107,EffNet_Original + EffNet_RecPlot,57,2,2,0.012144440785050392,0.033396460115909576,0.9544590711593628
107,EffNet_Original + EffNet_RecPlot,58,2,2,0.2944865822792053,0.04632775858044624,0.6591857075691223
107,MobileNet_Original + MobileNet_Original,32,1,1,0.0010662972927093506,0.9975538849830627,0.0013798819854855537
107,MobileNet_Original + MobileNet_Original,33,1,1,0.002432150300592184,0.9892907738685608,0.00827701110392809
107,MobileNet_Original + MobileNet_Original,34,1,1,0.00809160340577364,0.9507671594619751,0.041141241788864136
107,MobileNet_Original + MobileNet_Original,35,1,1,0.005773212295025587,0.9518923163414001,0.04233452305197716
107,MobileNet_Original + MobileNet_Original,36,1,1,0.0001258624397451058,0.9998273253440857,4.67911122541409e-05
107,MobileNet_Original + MobileNet_Original,37,1,1,0.0023224216420203447,0.9948171377182007,0.0028604536782950163
107,MobileNet_Original + MobileNet_Original,38,1,1,0.021835723891854286,0.9572805166244507,0.020883768796920776
107,MobileNet_Original + MobileNet_Original,39,1,1,0.005850464105606079,0.9782651662826538,0.015884308144450188
107,MobileNet_Original + MobileNet_Original,40,1,1,0.00087961764074862,0.9983028173446655,0.0008174785180017352
107,MobileNet_Original + MobileNet_Original,41,1,1,0.0031053475104272366,0.989577054977417,0.007317588664591312
107,MobileNet_Original + MobileNet_Original,42,1,1,0.002547640586271882,0.9953340888023376,0.0021182792261242867
107,MobileNet_Original + MobileNet_Original,43,1,1,0.205226868391037,0.7361754179000854,0.05859774723649025
107,MobileNet_Original + MobileNet_Original,44,1,1,0.032193515449762344,0.9344503879547119,0.03335610032081604
107,MobileNet_Original + MobileNet_Original,45,1,1,0.029236115515232086,0.941066563129425,0.02969723753631115
107,MobileNet_Original + MobileNet_Original,46,1,1,0.016249967738986015,0.9699562191963196,0.013793885707855225
107,MobileNet_Original + MobileNet_Original,47,2,2,0.0797317773103714,0.011028644628822803,0.9092395901679993
107,MobileNet_Original + MobileNet_Original,48,2,2,0.05421200767159462,0.012074440717697144,0.9337134957313538
107,MobileNet_Original + MobileNet_Original,49,2,2,0.03149060904979706,0.04231221228837967,0.9261971712112427
107,MobileNet_Original + MobileNet_Original,50,2,2,0.00662827305495739,0.011584199033677578,0.9817875623703003
107,MobileNet_Original + MobileNet_Original,51,2,2,0.3710891008377075,0.048638902604579926,0.5802720189094543
107,MobileNet_Original + MobileNet_Original,52,2,2,0.04430881142616272,0.21499274671077728,0.7406984567642212
107,MobileNet_Original + MobileNet_Original,53,2,2,0.43222084641456604,0.035481199622154236,0.5322979688644409
107,MobileNet_Original + MobileNet_Original,54,2,2,0.01349507737904787,0.00494416244328022,0.9815607666969299
107,MobileNet_Original + MobileNet_Original,55,2,2,0.45555558800697327,0.007537859957665205,0.5369065999984741
107,MobileNet_Original + MobileNet_Original,56,2,2,0.4674087166786194,0.0005913004861213267,0.531999945640564
107,MobileNet_Original + MobileNet_Original,57,2,2,0.09812192618846893,0.2846843898296356,0.6171936988830566
107,MobileNet_Original + MobileNet_Original,58,2,2,0.007112726103514433,0.0003193919255863875,0.9925678968429565
107,MobileNet_RecPlot + MobileNet_RecPlot,32,1,1,0.09278976172208786,0.718934953212738,0.1882753223180771
107,MobileNet_RecPlot + MobileNet_RecPlot,33,1,1,0.05055060237646103,0.9206197261810303,0.028829677030444145
107,MobileNet_RecPlot + MobileNet_RecPlot,34,1,1,0.08371973782777786,0.875205934047699,0.04107438027858734
107,MobileNet_RecPlot + MobileNet_RecPlot,35,1,1,0.02124922163784504,0.9651366472244263,0.01361414510756731
107,MobileNet_RecPlot + MobileNet_RecPlot,36,1,0,0.607153594493866,0.09402070194482803,0.298825740814209
107,MobileNet_RecPlot + MobileNet_RecPlot,37,1,1,0.0032191164791584015,0.9938269853591919,0.0029538865201175213
107,MobileNet_RecPlot + MobileNet_RecPlot,38,1,1,0.11159632354974747,0.6905953884124756,0.19780828058719635
107,MobileNet_RecPlot + MobileNet_RecPlot,39,1,0,0.3604966402053833,0.35321682691574097,0.2862865924835205
107,MobileNet_RecPlot + MobileNet_RecPlot,40,1,1,0.03427910432219505,0.9495261311531067,0.0161947850137949
107,MobileNet_RecPlot + MobileNet_RecPlot,41,1,2,0.062360119074583054,0.009362293407320976,0.9282776117324829
107,MobileNet_RecPlot + MobileNet_RecPlot,42,1,1,0.016280265524983406,0.9686936140060425,0.015026158653199673
107,MobileNet_RecPlot + MobileNet_RecPlot,43,1,1,0.2201409637928009,0.763443112373352,0.01641596294939518
107,MobileNet_RecPlot + MobileNet_RecPlot,44,1,1,0.0028796549886465073,0.9920281767845154,0.00509209930896759
107,MobileNet_RecPlot + MobileNet_RecPlot,45,1,0,0.6605356335639954,0.3355538547039032,0.003910518251359463
107,MobileNet_RecPlot + MobileNet_RecPlot,46,1,1,0.00780270854011178,0.9877358078956604,0.0044615245424211025
107,MobileNet_RecPlot + MobileNet_RecPlot,47,2,2,0.020453432574868202,0.0038370222318917513,0.9757095575332642
107,MobileNet_RecPlot + MobileNet_RecPlot,48,2,2,0.020575420930981636,0.006398302968591452,0.9730262756347656
107,MobileNet_RecPlot + MobileNet_RecPlot,49,2,1,0.30137696862220764,0.6321273446083069,0.06649570167064667
107,MobileNet_RecPlot + MobileNet_RecPlot,50,2,2,0.07972574234008789,0.047935936599969864,0.8723383545875549
107,MobileNet_RecPlot + MobileNet_RecPlot,51,2,2,0.07013893872499466,0.022175194695591927,0.9076858758926392
107,MobileNet_RecPlot + MobileNet_RecPlot,52,2,2,0.13616281747817993,0.27115505933761597,0.5926821231842041
107,MobileNet_RecPlot + MobileNet_RecPlot,53,2,2,0.027074016630649567,0.06245046481490135,0.9104755520820618
107,MobileNet_RecPlot + MobileNet_RecPlot,54,2,2,0.010408799163997173,0.10370224714279175,0.8858889937400818
107,MobileNet_RecPlot + MobileNet_RecPlot,55,2,0,0.5606065988540649,0.09265546500682831,0.34673792123794556
107,MobileNet_RecPlot + MobileNet_RecPlot,56,2,2,0.00855429656803608,0.025066833943128586,0.9663788676261902
107,MobileNet_RecPlot + MobileNet_RecPlot,57,2,1,0.022220827639102936,0.7801748514175415,0.19760432839393616
107,MobileNet_RecPlot + MobileNet_RecPlot,58,2,0,0.517928957939148,0.13830190896987915,0.3437691032886505
107,EffNet_Original + EffNet_Original,32,1,1,0.03545807674527168,0.7907607555389404,0.173781156539917
107,EffNet_Original + EffNet_Original,33,1,1,0.0029243705794215202,0.9411112070083618,0.05596441403031349
107,EffNet_Original + EffNet_Original,34,1,1,0.007597893010824919,0.90302973985672,0.0893724113702774
107,EffNet_Original + EffNet_Original,35,1,1,0.007383354008197784,0.6436812281608582,0.34893539547920227
107,EffNet_Original + EffNet_Original,36,1,1,0.0004254052764736116,0.998846709728241,0.0007279093260876834
107,EffNet_Original + EffNet_Original,37,1,1,0.0040285964496433735,0.9842855334281921,0.01168588176369667
107,EffNet_Original + EffNet_Original,38,1,1,0.015351841226220131,0.954071581363678,0.030576588585972786
107,EffNet_Original + EffNet_Original,39,1,1,0.0007393796113319695,0.9982843399047852,0.0009762743720784783
107,EffNet_Original + EffNet_Original,40,1,1,0.0018412736244499683,0.9933235049247742,0.0048352512530982494
107,EffNet_Original + EffNet_Original,41,1,1,0.0013356746640056372,0.9949803948402405,0.003683926071971655
107,EffNet_Original + EffNet_Original,42,1,1,0.0005150981596671045,0.9985738396644592,0.0009110652608796954
107,EffNet_Original + EffNet_Original,43,1,1,0.0039042760618031025,0.9920187592506409,0.004076967481523752
107,EffNet_Original + EffNet_Original,44,1,1,0.0003204718232154846,0.9985334873199463,0.001146029564552009
107,EffNet_Original + EffNet_Original,45,1,1,0.0005023607518523932,0.9988166093826294,0.0006810794002376497
107,EffNet_Original + EffNet_Original,46,1,1,0.02594583109021187,0.935707151889801,0.038347020745277405
107,EffNet_Original + EffNet_Original,47,2,2,0.0026809065602719784,0.004201808013021946,0.9931172728538513
107,EffNet_Original + EffNet_Original,48,2,2,0.0009321596589870751,0.0002316801983397454,0.9988361597061157
107,EffNet_Original + EffNet_Original,49,2,2,0.01474421750754118,0.01946154795587063,0.9657942652702332
107,EffNet_Original + EffNet_Original,50,2,2,0.03962849825620651,0.01758732460439205,0.9427841901779175
107,EffNet_Original + EffNet_Original,51,2,0,0.5195065140724182,0.02475515380501747,0.45573827624320984
107,EffNet_Original + EffNet_Original,52,2,2,0.04010768607258797,0.10213915258646011,0.8577531576156616
107,EffNet_Original + EffNet_Original,53,2,2,0.03696112707257271,0.0008071117335930467,0.9622318148612976
107,EffNet_Original + EffNet_Original,54,2,2,0.0022999851498752832,0.0007163988193497062,0.9969835877418518
107,EffNet_Original + EffNet_Original,55,2,2,0.07012023031711578,0.0011616168776527047,0.928718090057373
107,EffNet_Original + EffNet_Original,56,2,2,0.001849107095040381,8.897897350834683e-05,0.9980618953704834
107,EffNet_Original + EffNet_Original,57,2,2,0.00528537156060338,0.0044206418097019196,0.9902939796447754
107,EffNet_Original + EffNet_Original,58,2,2,0.10457711666822433,0.0014680275926366448,0.893954873085022
107,EffNet_RecPlot + EffNet_RecPlot,32,1,1,0.009709293954074383,0.9547496438026428,0.03554108738899231
107,EffNet_RecPlot + EffNet_RecPlot,33,1,1,0.008304146118462086,0.981521725654602,0.010174164548516273
107,EffNet_RecPlot + EffNet_RecPlot,34,1,1,0.09218686819076538,0.8824700117111206,0.025343092158436775
107,EffNet_RecPlot + EffNet_RecPlot,35,1,1,0.0025259563699364662,0.996539831161499,0.0009341950062662363
107,EffNet_RecPlot + EffNet_RecPlot,36,1,0,0.5892949104309082,0.06750638037919998,0.3431987166404724
107,EffNet_RecPlot + EffNet_RecPlot,37,1,1,0.007040832657366991,0.9854368567466736,0.0075222705490887165
107,EffNet_RecPlot + EffNet_RecPlot,38,1,1,0.1962057650089264,0.7866784930229187,0.017115795984864235
107,EffNet_RecPlot + EffNet_RecPlot,39,1,0,0.5536623001098633,0.3549749255180359,0.09136275947093964
107,EffNet_RecPlot + EffNet_RecPlot,40,1,1,0.010933165438473225,0.9817091226577759,0.007357767317444086
107,EffNet_RecPlot + EffNet_RecPlot,41,1,2,0.07559408992528915,0.008895913138985634,0.9155099391937256
107,EffNet_RecPlot + EffNet_RecPlot,42,1,1,0.0028781804721802473,0.9899489879608154,0.007172818295657635
107,EffNet_RecPlot + EffNet_RecPlot,43,1,1,0.43586790561676025,0.5251198410987854,0.039012279361486435
107,EffNet_RecPlot + EffNet_RecPlot,44,1,1,0.013064712285995483,0.9702456593513489,0.016689548268914223
107,EffNet_RecPlot + EffNet_RecPlot,45,1,1,0.06973803788423538,0.7967722415924072,0.1334897130727768
107,EffNet_RecPlot + EffNet_RecPlot,46,1,1,0.0017634177347645164,0.9961748123168945,0.002061794511973858
107,EffNet_RecPlot + EffNet_RecPlot,47,2,2,0.0069060069508850574,0.005332720000296831,0.9877612590789795
107,EffNet_RecPlot + EffNet_RecPlot,48,2,2,0.004490707069635391,0.0025501709897071123,0.9929591417312622
107,EffNet_RecPlot + EffNet_RecPlot,49,2,1,0.0046769618056714535,0.9933769106864929,0.0019461888587102294
107,EffNet_RecPlot + EffNet_RecPlot,50,2,2,0.014445659704506397,0.01360845286399126,0.9719458818435669
107,EffNet_RecPlot + EffNet_RecPlot,51,2,1,0.06834001839160919,0.6174923777580261,0.3141675889492035
107,EffNet_RecPlot + EffNet_RecPlot,52,2,2,0.03103853017091751,0.12867188453674316,0.8402895927429199
107,EffNet_RecPlot + EffNet_RecPlot,53,2,2,0.023904694244265556,0.007204771041870117,0.9688905477523804
107,EffNet_RecPlot + EffNet_RecPlot,54,2,2,0.006889332085847855,0.00877369288355112,0.9843369722366333
107,EffNet_RecPlot + EffNet_RecPlot,55,2,2,0.26127347350120544,0.1572282910346985,0.5814982652664185
107,EffNet_RecPlot + EffNet_RecPlot,56,2,2,0.006978127174079418,0.009851544164121151,0.9831703305244446
107,EffNet_RecPlot + EffNet_RecPlot,57,2,2,0.01900351233780384,0.06237228587269783,0.918624222278595
107,EffNet_RecPlot + EffNet_RecPlot,58,2,0,0.4843960106372833,0.0911874920129776,0.42441651225090027
121,MobileNet_Original + MobileNet_RecPlot,0,0,2,0.2926405370235443,0.2746432423591614,0.4327162206172943
121,MobileNet_Original + MobileNet_RecPlot,1,0,2,0.38039684295654297,0.21728944778442383,0.4023137390613556
121,MobileNet_Original + MobileNet_RecPlot,2,0,2,0.2923531234264374,0.22027823328971863,0.48736870288848877
121,MobileNet_Original + MobileNet_RecPlot,3,0,1,0.39297643303871155,0.4651816487312317,0.14184191823005676
121,MobileNet_Original + MobileNet_RecPlot,4,0,0,0.9741737246513367,0.014033705927431583,0.011792569421231747
121,MobileNet_Original + MobileNet_RecPlot,5,0,0,0.9904305934906006,0.00252265902236104,0.007046734448522329
121,MobileNet_Original + MobileNet_RecPlot,6,0,0,0.9674386382102966,0.01126618217676878,0.02129521407186985
121,MobileNet_Original + MobileNet_RecPlot,7,0,1,0.18411684036254883,0.7752880454063416,0.04059511423110962
121,MobileNet_Original + MobileNet_RecPlot,8,0,0,0.7642453908920288,0.1335415095090866,0.10221311450004578
121,MobileNet_Original + MobileNet_RecPlot,9,0,0,0.7545772194862366,0.13748899102210999,0.10793377459049225
121,MobileNet_Original + MobileNet_RecPlot,10,0,0,0.9308121204376221,0.04015081375837326,0.029037069529294968
121,MobileNet_Original + MobileNet_RecPlot,11,0,0,0.49694833159446716,0.46318647265434265,0.03986519202589989
121,MobileNet_Original + MobileNet_RecPlot,12,0,0,0.9026410579681396,0.03256192430853844,0.06479701399803162
121,MobileNet_Original + MobileNet_RecPlot,13,0,0,0.7110649347305298,0.06521374732255936,0.22372135519981384
121,MobileNet_Original + MobileNet_RecPlot,14,0,0,0.8968292474746704,0.07816952466964722,0.025001220405101776
121,MobileNet_Original + MobileNet_RecPlot,15,0,1,0.18105630576610565,0.4303056001663208,0.38863807916641235
121,MobileNet_Original + MobileNet_RecPlot,16,0,2,0.24130374193191528,0.2061554193496704,0.5525408387184143
121,MobileNet_Original + MobileNet_RecPlot,17,0,0,0.8302724957466125,0.02803238481283188,0.14169515669345856
121,MobileNet_Original + MobileNet_RecPlot,18,1,1,0.12056124955415726,0.8724493980407715,0.006989367306232452
121,MobileNet_Original + MobileNet_RecPlot,19,1,1,0.0013555596815422177,0.996768057346344,0.0018763000844046474
121,MobileNet_Original + MobileNet_RecPlot,20,1,1,0.022359540686011314,0.9699890613555908,0.007651420310139656
121,MobileNet_Original + MobileNet_RecPlot,21,1,1,0.15451638400554657,0.7652033567428589,0.08028024435043335
121,MobileNet_Original + MobileNet_RecPlot,22,1,1,0.07799400389194489,0.9016350507736206,0.020370997488498688
121,MobileNet_Original + MobileNet_RecPlot,23,1,0,0.45891332626342773,0.4469867944717407,0.09409992396831512
121,MobileNet_Original + MobileNet_RecPlot,24,1,1,0.0584295317530632,0.8417849540710449,0.09978549182415009
121,MobileNet_Original + MobileNet_RecPlot,25,1,1,0.005815563723444939,0.9472143650054932,0.04697008058428764
121,MobileNet_Original + MobileNet_RecPlot,26,1,1,0.20631001889705658,0.5404274463653564,0.2532625198364258
121,MobileNet_Original + MobileNet_RecPlot,27,1,1,0.0457020066678524,0.894634485244751,0.0596635639667511
121,MobileNet_Original + MobileNet_RecPlot,28,1,1,0.15269963443279266,0.7980940341949463,0.049206335097551346
121,MobileNet_Original + MobileNet_RecPlot,29,1,1,0.00493601756170392,0.9856484532356262,0.0094155203551054
121,MobileNet_Original + MobileNet_RecPlot,30,1,1,0.03551182895898819,0.8750492334365845,0.08943890780210495
121,MobileNet_Original + MobileNet_RecPlot,31,1,1,0.03403748944401741,0.9310287237167358,0.03493380546569824
121,MobileNet_Original + EffNet_Original,0,0,1,0.44422152638435364,0.4816592037677765,0.07411924004554749
121,MobileNet_Original + EffNet_Original,1,0,0,0.8306227922439575,0.14564301073551178,0.023734254762530327
121,MobileNet_Original + EffNet_Original,2,0,0,0.7018214464187622,0.21844178438186646,0.07973682880401611
121,MobileNet_Original + EffNet_Original,3,0,1,0.33660757541656494,0.5921834111213684,0.07120899856090546
121,MobileNet_Original + EffNet_Original,4,0,0,0.982544481754303,0.007131408434361219,0.010324135422706604
121,MobileNet_Original + EffNet_Original,5,0,0,0.9914101362228394,0.0017162716249004006,0.006873589474707842
121,MobileNet_Original + EffNet_Original,6,0,0,0.9910745620727539,0.005401461385190487,0.0035240023862570524
121,MobileNet_Original + EffNet_Original,7,0,0,0.5223082900047302,0.3667987585067749,0.11089293658733368
121,MobileNet_Original + EffNet_Original,8,0,0,0.8011329174041748,0.11917851120233536,0.07968860864639282
121,MobileNet_Original + EffNet_Original,9,0,0,0.8544472455978394,0.06250269711017609,0.08305006474256516
121,MobileNet_Original + EffNet_Original,10,0,0,0.952372670173645,0.030022714287042618,0.01760455220937729
121,MobileNet_Original + EffNet_Original,11,0,0,0.9483366012573242,0.013193583115935326,0.038469791412353516
121,MobileNet_Original + EffNet_Original,12,0,0,0.9559098482131958,0.018039990216493607,0.026050185784697533
121,MobileNet_Original + EffNet_Original,13,0,0,0.783161997795105,0.06391453742980957,0.15292347967624664
121,MobileNet_Original + EffNet_Original,14,0,0,0.9924781918525696,0.002334193093702197,0.005187612026929855
121,MobileNet_Original + EffNet_Original,15,0,2,0.15801942348480225,0.04575900733470917,0.7962215542793274
121,MobileNet_Original + EffNet_Original,16,0,0,0.46255621314048767,0.11480044573545456,0.42264336347579956
121,MobileNet_Original + EffNet_Original,17,0,0,0.8366492986679077,0.024555744603276253,0.13879500329494476
121,MobileNet_Original + EffNet_Original,18,1,1,0.011456290259957314,0.9843595027923584,0.004184214863926172
121,MobileNet_Original + EffNet_Original,19,1,1,0.000586210167966783,0.9979639053344727,0.0014498692471534014
121,MobileNet_Original + EffNet_Original,20,1,1,0.009551549330353737,0.9860742092132568,0.004374282900243998
121,MobileNet_Original + EffNet_Original,21,1,1,0.04943074285984039,0.8171271681785583,0.13344207406044006
121,MobileNet_Original + EffNet_Original,22,1,1,0.03222603350877762,0.955202043056488,0.012571960687637329
121,MobileNet_Original + EffNet_Original,23,1,1,0.16504232585430145,0.7979629039764404,0.03699478879570961
121,MobileNet_Original + EffNet_Original,24,1,1,0.05168360471725464,0.8204070329666138,0.12790942192077637
121,MobileNet_Original + EffNet_Original,25,1,1,0.0024129755329340696,0.9509879350662231,0.04659914970397949
121,MobileNet_Original + EffNet_Original,26,1,1,0.011314144358038902,0.8023116588592529,0.18637415766716003
121,MobileNet_Original + EffNet_Original,27,1,1,0.0037588831037282944,0.9792688488960266,0.01697228103876114
121,MobileNet_Original + EffNet_Original,28,1,1,0.0652623251080513,0.9199528098106384,0.014784879982471466
121,MobileNet_Original + EffNet_Original,29,1,1,0.003842360572889447,0.9921380877494812,0.004019585438072681
121,MobileNet_Original + EffNet_Original,30,1,1,0.032566770911216736,0.8788660764694214,0.08856711536645889
121,MobileNet_Original + EffNet_Original,31,1,1,0.09220153093338013,0.8156504034996033,0.09214808791875839
121,MobileNet_Original + EffNet_RecPlot,0,0,2,0.2829269766807556,0.2644405961036682,0.45263245701789856
121,MobileNet_Original + EffNet_RecPlot,1,0,2,0.3957218825817108,0.1947629302740097,0.40951523184776306
121,MobileNet_Original + EffNet_RecPlot,2,0,0,0.5645650625228882,0.19813381135463715,0.23730115592479706
121,MobileNet_Original + EffNet_RecPlot,3,0,1,0.2322332262992859,0.7155271172523499,0.05223966762423515
121,MobileNet_Original + EffNet_RecPlot,4,0,0,0.9814714193344116,0.008153214119374752,0.010375401936471462
121,MobileNet_Original + EffNet_RecPlot,5,0,0,0.9871503114700317,0.0035561732947826385,0.009293468669056892
121,MobileNet_Original + EffNet_RecPlot,6,0,0,0.9882969260215759,0.0056129214353859425,0.006090153008699417
121,MobileNet_Original + EffNet_RecPlot,7,0,1,0.1609703153371811,0.7925947904586792,0.046434853225946426
121,MobileNet_Original + EffNet_RecPlot,8,0,0,0.8300302028656006,0.11153259128332138,0.058437228202819824
121,MobileNet_Original + EffNet_RecPlot,9,0,0,0.7577757835388184,0.10039728879928589,0.14182697236537933
121,MobileNet_Original + EffNet_RecPlot,10,0,0,0.9462083578109741,0.03288085386157036,0.020910797640681267
121,MobileNet_Original + EffNet_RecPlot,11,0,1,0.47711342573165894,0.48574987053871155,0.0371367409825325
121,MobileNet_Original + EffNet_RecPlot,12,0,0,0.9468191862106323,0.013713223859667778,0.039467621594667435
121,MobileNet_Original + EffNet_RecPlot,13,0,0,0.5117582082748413,0.08252862095832825,0.40571320056915283
121,MobileNet_Original + EffNet_RecPlot,14,0,0,0.957900881767273,0.03633473068475723,0.005764377303421497
121,MobileNet_Original + EffNet_RecPlot,15,0,1,0.15523038804531097,0.494802325963974,0.3499673306941986
121,MobileNet_Original + EffNet_RecPlot,16,0,2,0.22357909381389618,0.1456223428249359,0.6307985782623291
121,MobileNet_Original + EffNet_RecPlot,17,0,0,0.8298087120056152,0.027184899896383286,0.14300642907619476
121,MobileNet_Original + EffNet_RecPlot,18,1,1,0.01028093695640564,0.9835507273674011,0.006168341264128685
121,MobileNet_Original + EffNet_RecPlot,19,1,1,0.00091869494644925,0.997992753982544,0.0010885554365813732
121,MobileNet_Original + EffNet_RecPlot,20,1,1,0.053780023008584976,0.9223541021347046,0.02386586181819439
121,MobileNet_Original + EffNet_RecPlot,21,1,1,0.04158298298716545,0.9269381761550903,0.03147880360484123
121,MobileNet_Original + EffNet_RecPlot,22,1,1,0.033344559371471405,0.9501268863677979,0.01652849279344082
121,MobileNet_Original + EffNet_RecPlot,23,1,1,0.3752548098564148,0.5398890376091003,0.08485624194145203
121,MobileNet_Original + EffNet_RecPlot,24,1,1,0.05053480342030525,0.85088050365448,0.09858473390340805
121,MobileNet_Original + EffNet_RecPlot,25,1,1,0.015376584604382515,0.9364413022994995,0.04818212240934372
121,MobileNet_Original + EffNet_RecPlot,26,1,1,0.22776691615581512,0.4793076515197754,0.2929253876209259
121,MobileNet_Original + EffNet_RecPlot,27,1,1,0.09929164499044418,0.8726068139076233,0.02810158208012581
121,MobileNet_Original + EffNet_RecPlot,28,1,1,0.05778452381491661,0.9182654619216919,0.02395005151629448
121,MobileNet_Original + EffNet_RecPlot,29,1,1,0.005353344138711691,0.9611520171165466,0.03349466249346733
121,MobileNet_Original + EffNet_RecPlot,30,1,1,0.060143422335386276,0.8378749489784241,0.10198165476322174
121,MobileNet_Original + EffNet_RecPlot,31,1,1,0.0338265597820282,0.9322270154953003,0.0339464396238327
121,MobileNet_RecPlot + EffNet_Original,0,0,2,0.2684050500392914,0.2904345989227295,0.4411604106426239
121,MobileNet_RecPlot + EffNet_Original,1,0,0,0.5329219102859497,0.08053858578205109,0.3865395486354828
121,MobileNet_RecPlot + EffNet_Original,2,0,0,0.5224967002868652,0.05897851288318634,0.4185248613357544
121,MobileNet_RecPlot + EffNet_Original,3,0,1,0.32936275005340576,0.47476598620414734,0.19587130844593048
121,MobileNet_RecPlot + EffNet_Original,4,0,0,0.9890502095222473,0.008074333891272545,0.0028754957020282745
121,MobileNet_RecPlot + EffNet_Original,5,0,0,0.9970241785049438,0.0011921063996851444,0.001783780986443162
121,MobileNet_RecPlot + EffNet_Original,6,0,0,0.9691650867462158,0.01071452721953392,0.020120397210121155
121,MobileNet_RecPlot + EffNet_Original,7,0,1,0.4131636917591095,0.5046690106391907,0.08216732740402222
121,MobileNet_RecPlot + EffNet_Original,8,0,0,0.8080604076385498,0.05590534210205078,0.13603423535823822
121,MobileNet_RecPlot + EffNet_Original,9,0,0,0.8574525713920593,0.08160834014415741,0.06093908101320267
121,MobileNet_RecPlot + EffNet_Original,10,0,0,0.9777781367301941,0.01037900522351265,0.011842826381325722
121,MobileNet_RecPlot + EffNet_Original,11,0,0,0.5346980690956116,0.45091497898101807,0.014386985450983047
121,MobileNet_RecPlot + EffNet_Original,12,0,0,0.926544189453125,0.029277607798576355,0.04417821764945984
121,MobileNet_RecPlot + EffNet_Original,13,0,0,0.9197048544883728,0.0073965489864349365,0.07289864122867584
121,MobileNet_RecPlot + EffNet_Original,14,0,0,0.8977742195129395,0.07728834450244904,0.02493748441338539
121,MobileNet_RecPlot + EffNet_Original,15,0,2,0.0655144676566124,0.4009457528591156,0.5335398316383362
121,MobileNet_RecPlot + EffNet_Original,16,0,0,0.45796701312065125,0.10183583199977875,0.4401971697807312
121,MobileNet_RecPlot + EffNet_Original,17,0,0,0.990437388420105,0.0046897949650883675,0.004872835241258144
121,MobileNet_RecPlot + EffNet_Original,18,1,1,0.11762093007564545,0.8765185475349426,0.00586052518337965
121,MobileNet_RecPlot + EffNet_Original,19,1,1,0.0008669705712236464,0.9966094493865967,0.002523572649806738
121,MobileNet_RecPlot + EffNet_Original,20,1,1,0.013780448585748672,0.9810189008712769,0.005200576968491077
121,MobileNet_RecPlot + EffNet_Original,21,1,1,0.12137727439403534,0.7212306261062622,0.15739208459854126
121,MobileNet_RecPlot + EffNet_Original,22,1,1,0.0463218055665493,0.9456794261932373,0.00799875520169735
121,MobileNet_RecPlot + EffNet_Original,23,1,1,0.29479002952575684,0.6451385021209717,0.060071442276239395
121,MobileNet_RecPlot + EffNet_Original,24,1,1,0.010876133106648922,0.9582885503768921,0.030835341662168503
121,MobileNet_RecPlot + EffNet_Original,25,1,1,0.0037541016936302185,0.9937779307365417,0.002467985264956951
121,MobileNet_RecPlot + EffNet_Original,26,1,1,0.1957973688840866,0.736320972442627,0.06788166612386703
121,MobileNet_RecPlot + EffNet_Original,27,1,1,0.0422256775200367,0.9126148223876953,0.045159488916397095
121,MobileNet_RecPlot + EffNet_Original,28,1,1,0.10947182029485703,0.8481460809707642,0.04238210991024971
121,MobileNet_RecPlot + EffNet_Original,29,1,1,0.0011285830987617373,0.9932628870010376,0.005608563311398029
121,MobileNet_RecPlot + EffNet_Original,30,1,1,0.0032238727435469627,0.99455726146698,0.0022188250441104174
121,MobileNet_RecPlot + EffNet_Original,31,1,1,0.06134188920259476,0.8773632645606995,0.06129485368728638
121,MobileNet_RecPlot + EffNet_RecPlot,0,0,2,0.10711044073104858,0.07321596890687943,0.8196735978126526
121,MobileNet_RecPlot + EffNet_RecPlot,1,0,2,0.0980210229754448,0.12965849041938782,0.7723205089569092
121,MobileNet_RecPlot + EffNet_RecPlot,2,0,2,0.3852403163909912,0.03867055103182793,0.5760891437530518
121,MobileNet_RecPlot + EffNet_RecPlot,3,0,1,0.22498837113380432,0.5981096625328064,0.17690196633338928
121,MobileNet_RecPlot + EffNet_RecPlot,4,0,0,0.9879770874977112,0.009096138179302216,0.0029267629142850637
121,MobileNet_RecPlot + EffNet_RecPlot,5,0,0,0.9927643537521362,0.003032008185982704,0.004203659947961569
121,MobileNet_RecPlot + EffNet_RecPlot,6,0,0,0.9663873910903931,0.010925986804068089,0.0226865466684103
121,MobileNet_RecPlot + EffNet_RecPlot,7,0,1,0.05182572826743126,0.9304651021957397,0.017709238454699516
121,MobileNet_RecPlot + EffNet_RecPlot,8,0,0,0.8369577527046204,0.0482594296336174,0.11478285491466522
121,MobileNet_RecPlot + EffNet_RecPlot,9,0,0,0.7607811093330383,0.11950293928384781,0.11971599608659744
121,MobileNet_RecPlot + EffNet_RecPlot,10,0,0,0.9716138243675232,0.01323714293539524,0.01514906994998455
121,MobileNet_RecPlot + EffNet_RecPlot,11,0,1,0.06347484141588211,0.923471212387085,0.013053931295871735
121,MobileNet_RecPlot + EffNet_RecPlot,12,0,0,0.9174535274505615,0.024950841441750526,0.05759565159678459
121,MobileNet_RecPlot + EffNet_RecPlot,13,0,0,0.6483010053634644,0.026010628789663315,0.32568836212158203
121,MobileNet_RecPlot + EffNet_RecPlot,14,0,0,0.8631967902183533,0.11128886789083481,0.02551424689590931
121,MobileNet_RecPlot + EffNet_RecPlot,15,0,1,0.06272542476654053,0.8499890565872192,0.08728554844856262
121,MobileNet_RecPlot + EffNet_RecPlot,16,0,2,0.21898989379405975,0.1326577365398407,0.6483523845672607
121,MobileNet_RecPlot + EffNet_RecPlot,17,0,0,0.9835968017578125,0.0073189502581954,0.009084259159862995
121,MobileNet_RecPlot + EffNet_RecPlot,18,1,1,0.11644557863473892,0.8757097721099854,0.00784465204924345
121,MobileNet_RecPlot + EffNet_RecPlot,19,1,1,0.0011994553497061133,0.996638298034668,0.002162258606404066
121,MobileNet_RecPlot + EffNet_RecPlot,20,1,1,0.05800892412662506,0.9172989130020142,0.024692155420780182
121,MobileNet_RecPlot + EffNet_RecPlot,21,1,1,0.1135295182466507,0.831041693687439,0.055428821593523026
121,MobileNet_RecPlot + EffNet_RecPlot,22,1,1,0.047440335154533386,0.9406043887138367,0.011955289170145988
121,MobileNet_RecPlot + EffNet_RecPlot,23,1,0,0.505002498626709,0.3870646357536316,0.10793288797140121
121,MobileNet_RecPlot + EffNet_RecPlot,24,1,1,0.009727331809699535,0.9887620210647583,0.0015106580685824156
121,MobileNet_RecPlot + EffNet_RecPlot,25,1,1,0.016717709600925446,0.9792312979698181,0.0040509579703211784
121,MobileNet_RecPlot + EffNet_RecPlot,26,1,1,0.41225019097328186,0.4133169651031494,0.1744329184293747
121,MobileNet_RecPlot + EffNet_RecPlot,27,1,1,0.13775843381881714,0.805952787399292,0.056288789957761765
121,MobileNet_RecPlot + EffNet_RecPlot,28,1,1,0.10199401527643204,0.8464586734771729,0.051547277718782425
121,MobileNet_RecPlot + EffNet_RecPlot,29,1,1,0.002639566780999303,0.962276816368103,0.03508363664150238
121,MobileNet_RecPlot + EffNet_RecPlot,30,1,1,0.03080051951110363,0.9535661339759827,0.015633361414074898
121,MobileNet_RecPlot + EffNet_RecPlot,31,1,1,0.0029669213108718395,0.9939398765563965,0.003093203529715538
121,EffNet_Original + EffNet_RecPlot,0,0,2,0.2586914300918579,0.28023192286491394,0.46107661724090576
121,EffNet_Original + EffNet_RecPlot,1,0,0,0.5482469797134399,0.05801206827163696,0.39374101161956787
121,EffNet_Original + EffNet_RecPlot,2,0,0,0.7947085499763489,0.036834102123975754,0.1684572696685791
121,EffNet_Original + EffNet_RecPlot,3,0,1,0.16861951351165771,0.7251114249229431,0.10626904666423798
121,EffNet_Original + EffNet_RecPlot,4,0,0,0.9963477849960327,0.0021938406862318516,0.0014583275187760592
121,EffNet_Original + EffNet_RecPlot,5,0,0,0.9937438368797302,0.002225620672106743,0.004030514974147081
121,EffNet_Original + EffNet_RecPlot,6,0,0,0.9900234341621399,0.005061267409473658,0.004915337078273296
121,EffNet_Original + EffNet_RecPlot,7,0,1,0.39001715183258057,0.5219758152961731,0.08800706267356873
121,EffNet_Original + EffNet_RecPlot,8,0,0,0.8738452196121216,0.033896420150995255,0.09225834906101227
121,EffNet_Original + EffNet_RecPlot,9,0,0,0.8606511354446411,0.04451664537191391,0.09483227878808975
121,EffNet_Original + EffNet_RecPlot,10,0,0,0.9931744337081909,0.003109046258032322,0.003716554958373308
121,EffNet_Original + EffNet_RecPlot,11,0,0,0.514863133430481,0.4734783470630646,0.011658530682325363
121,EffNet_Original + EffNet_RecPlot,12,0,0,0.9707223176956177,0.010428907349705696,0.018848823383450508
121,EffNet_Original + EffNet_RecPlot,13,0,0,0.7203980684280396,0.024711422622203827,0.254890501499176
121,EffNet_Original + EffNet_RecPlot,14,0,0,0.958845853805542,0.03545355051755905,0.005700643174350262
121,EffNet_Original + EffNet_RecPlot,15,0,2,0.039688531309366226,0.4654424488544464,0.49486902356147766
121,EffNet_Original + EffNet_RecPlot,16,0,2,0.44024235010147095,0.041302770376205444,0.5184548497200012
121,EffNet_Original + EffNet_RecPlot,17,0,0,0.9899736046791077,0.00384231167845428,0.006184122990816832
121,EffNet_Original + EffNet_RecPlot,18,1,1,0.007340620271861553,0.9876198768615723,0.005039499141275883
121,EffNet_Original + EffNet_RecPlot,19,1,1,0.00043010569061152637,0.9978340864181519,0.0017358277691528201
121,EffNet_Original + EffNet_RecPlot,20,1,1,0.045200932770967484,0.9333840608596802,0.021415017545223236
121,EffNet_Original + EffNet_RecPlot,21,1,1,0.008443867787718773,0.8829654455184937,0.10859063267707825
121,EffNet_Original + EffNet_RecPlot,22,1,1,0.0016723682638257742,0.9941713809967041,0.00415625236928463
121,EffNet_Original + EffNet_RecPlot,23,1,1,0.2111314982175827,0.7380407452583313,0.0508277527987957
121,EffNet_Original + EffNet_RecPlot,24,1,1,0.002981404308229685,0.9673840403556824,0.029634585604071617
121,EffNet_Original + EffNet_RecPlot,25,1,1,0.01331512164324522,0.9830048680305481,0.003680025227367878
121,EffNet_Original + EffNet_RecPlot,26,1,1,0.21725425124168396,0.6752011775970459,0.10754454880952835
121,EffNet_Original + EffNet_RecPlot,27,1,1,0.09581532329320908,0.8905872106552124,0.01359750609844923
121,EffNet_Original + EffNet_RecPlot,28,1,1,0.01455670315772295,0.968317449092865,0.017125822603702545
121,EffNet_Original + EffNet_RecPlot,29,1,1,0.0015459094429388642,0.9687663912773132,0.029687700793147087
121,EffNet_Original + EffNet_RecPlot,30,1,1,0.027855465188622475,0.9573829770088196,0.014761565253138542
121,EffNet_Original + EffNet_RecPlot,31,1,1,0.06113095581531525,0.8785615563392639,0.06030748412013054
121,MobileNet_Original + MobileNet_Original,0,0,0,0.46845704317092896,0.46586787700653076,0.06567508727312088
121,MobileNet_Original + MobileNet_Original,1,0,0,0.678097665309906,0.2823938727378845,0.03950844332575798
121,MobileNet_Original + MobileNet_Original,2,0,0,0.47167786955833435,0.37974148988723755,0.14858070015907288
121,MobileNet_Original + MobileNet_Original,3,0,1,0.4002212882041931,0.5825991034507751,0.017179623246192932
121,MobileNet_Original + MobileNet_Original,4,0,0,0.9676679968833923,0.013090780936181545,0.01924121007323265
121,MobileNet_Original + MobileNet_Original,5,0,0,0.9848166704177856,0.003046824596822262,0.012136544100940228
121,MobileNet_Original + MobileNet_Original,6,0,0,0.9893480539321899,0.005953115411102772,0.0046988180838525295
121,MobileNet_Original + MobileNet_Original,7,0,1,0.29326146841049194,0.6374178528785706,0.06932073831558228
121,MobileNet_Original + MobileNet_Original,8,0,0,0.757317841053009,0.1968146711587906,0.04586748033761978
121,MobileNet_Original + MobileNet_Original,9,0,0,0.7515718936920166,0.11838334798812866,0.13004475831985474
121,MobileNet_Original + MobileNet_Original,10,0,0,0.905406653881073,0.05979451909661293,0.034798793494701385
121,MobileNet_Original + MobileNet_Original,11,0,0,0.910586953163147,0.025465069338679314,0.06394800543785095
121,MobileNet_Original + MobileNet_Original,12,0,0,0.9320066571235657,0.02132430486381054,0.04666898027062416
121,MobileNet_Original + MobileNet_Original,13,0,0,0.574522078037262,0.12173173576593399,0.30374619364738464
121,MobileNet_Original + MobileNet_Original,14,0,0,0.9915332794189453,0.003215370699763298,0.005251346621662378
121,MobileNet_Original + MobileNet_Original,15,0,2,0.2735612690448761,0.07511888444423676,0.6513198614120483
121,MobileNet_Original + MobileNet_Original,16,0,2,0.2458929419517517,0.21912002563476562,0.5349870324134827
121,MobileNet_Original + MobileNet_Original,17,0,0,0.6764844059944153,0.04789833351969719,0.2756173014640808
121,MobileNet_Original + MobileNet_Original,18,1,1,0.014396607875823975,0.9802903532981873,0.0053130569867789745
121,MobileNet_Original + MobileNet_Original,19,1,1,0.0010747994529083371,0.9981226325035095,0.0008025970309972763
121,MobileNet_Original + MobileNet_Original,20,1,1,0.01813063956797123,0.9750442504882812,0.006825125776231289
121,MobileNet_Original + MobileNet_Original,21,1,1,0.08256985992193222,0.861099898815155,0.05633023381233215
121,MobileNet_Original + MobileNet_Original,22,1,1,0.0638982281088829,0.9111576080322266,0.024944202974438667
121,MobileNet_Original + MobileNet_Original,23,1,1,0.32916560769081116,0.5998111367225647,0.07102327048778534
121,MobileNet_Original + MobileNet_Original,24,1,1,0.09923700243234634,0.7039034366607666,0.19685956835746765
121,MobileNet_Original + MobileNet_Original,25,1,1,0.0044744377955794334,0.9044243097305298,0.09110124409198761
121,MobileNet_Original + MobileNet_Original,26,1,1,0.02182680554687977,0.6064181923866272,0.3717550039291382
121,MobileNet_Original + MobileNet_Original,27,1,1,0.007235212717205286,0.9612883925437927,0.031476352363824844
121,MobileNet_Original + MobileNet_Original,28,1,1,0.10849013924598694,0.8699007630348206,0.02160910703241825
121,MobileNet_Original + MobileNet_Original,29,1,1,0.007649794686585665,0.9845236539840698,0.007826541550457478
121,MobileNet_Original + MobileNet_Original,30,1,1,0.06485472619533539,0.7593581080436707,0.17578719556331635
121,MobileNet_Original + MobileNet_Original,31,1,1,0.06489713490009308,0.8693158626556396,0.06578704714775085
121,MobileNet_RecPlot + MobileNet_RecPlot,0,0,2,0.11682400852441788,0.08341860771179199,0.7997573614120483
121,MobileNet_RecPlot + MobileNet_RecPlot,1,0,2,0.08269599825143814,0.15218500792980194,0.7651190161705017
121,MobileNet_RecPlot + MobileNet_RecPlot,2,0,2,0.11302836239337921,0.060814954340457916,0.8261566162109375
121,MobileNet_RecPlot + MobileNet_RecPlot,3,0,0,0.38573157787323,0.3477642238140106,0.2665042281150818
121,MobileNet_RecPlot + MobileNet_RecPlot,4,0,0,0.9806793928146362,0.014976629987359047,0.004343930631875992
121,MobileNet_RecPlot + MobileNet_RecPlot,5,0,0,0.9960446357727051,0.0019984939135611057,0.0019569259602576494
121,MobileNet_RecPlot + MobileNet_RecPlot,6,0,0,0.9455291628837585,0.016579248011112213,0.037891607731580734
121,MobileNet_RecPlot + MobileNet_RecPlot,7,0,1,0.0749722421169281,0.9131581783294678,0.011869499459862709
121,MobileNet_RecPlot + MobileNet_RecPlot,8,0,0,0.7711729407310486,0.07026834785938263,0.15855874121189117
121,MobileNet_RecPlot + MobileNet_RecPlot,9,0,0,0.7575825452804565,0.1565946340560913,0.08582279831171036
121,MobileNet_RecPlot + MobileNet_RecPlot,10,0,0,0.9562175869941711,0.020507102832198143,0.02327534183859825
121,MobileNet_RecPlot + MobileNet_RecPlot,11,0,1,0.08330978453159332,0.9009078741073608,0.01578238606452942
121,MobileNet_RecPlot + MobileNet_RecPlot,12,0,0,0.8732754588127136,0.043799545615911484,0.08292505145072937
121,MobileNet_RecPlot + MobileNet_RecPlot,13,0,0,0.8476076722145081,0.008695753291249275,0.14369650185108185
121,MobileNet_RecPlot + MobileNet_RecPlot,14,0,0,0.8021252155303955,0.153123676776886,0.04475109279155731
121,MobileNet_RecPlot + MobileNet_RecPlot,15,0,1,0.0885513573884964,0.7854923605918884,0.12595631182193756
121,MobileNet_RecPlot + MobileNet_RecPlot,16,0,2,0.23671454191207886,0.193190798163414,0.570094645023346
121,MobileNet_RecPlot + MobileNet_RecPlot,17,0,0,0.9840605854988098,0.008166434243321419,0.007772971875965595
121,MobileNet_RecPlot + MobileNet_RecPlot,18,1,1,0.22672589123249054,0.7646084427833557,0.008665678091347218
121,MobileNet_RecPlot + MobileNet_RecPlot,19,1,1,0.0016363202594220638,0.9954137206077576,0.0029500036034733057
121,MobileNet_RecPlot + MobileNet_RecPlot,20,1,1,0.0265884418040514,0.9649338722229004,0.008477714844048023
121,MobileNet_RecPlot + MobileNet_RecPlot,21,1,1,0.2264629304409027,0.6693068146705627,0.10423026978969574
121,MobileNet_RecPlot + MobileNet_RecPlot,22,1,1,0.09208977222442627,0.8921124339103699,0.015797792002558708
121,MobileNet_RecPlot + MobileNet_RecPlot,23,1,0,0.5886610150337219,0.29416242241859436,0.11717657744884491
121,MobileNet_RecPlot + MobileNet_RecPlot,24,1,1,0.01762206107378006,0.979666531085968,0.0027114141266793013
121,MobileNet_RecPlot + MobileNet_RecPlot,25,1,1,0.0071566905826330185,0.9900044202804565,0.0028389187064021826
121,MobileNet_RecPlot + MobileNet_RecPlot,26,1,1,0.3907932937145233,0.4744367301464081,0.13477002084255219
121,MobileNet_RecPlot + MobileNet_RecPlot,27,1,1,0.08416879922151566,0.8279804587364197,0.08785077184438705
121,MobileNet_RecPlot + MobileNet_RecPlot,28,1,1,0.1969091296195984,0.726287305355072,0.07680356502532959
121,MobileNet_RecPlot + MobileNet_RecPlot,29,1,1,0.002222240436822176,0.9867732524871826,0.011004498228430748
121,MobileNet_RecPlot + MobileNet_RecPlot,30,1,1,0.00616892846301198,0.9907404780387878,0.0030906209722161293
121,MobileNet_RecPlot + MobileNet_RecPlot,31,1,1,0.003177850041538477,0.992741584777832,0.004080568440258503
121,EffNet_Original + EffNet_Original,0,0,1,0.4199860394001007,0.4974505603313446,0.08256339281797409
121,EffNet_Original + EffNet_Original,1,0,0,0.9831477403640747,0.008892161771655083,0.007960064336657524
121,EffNet_Original + EffNet_Original,2,0,0,0.9319649338722229,0.05714206025004387,0.010892958380281925
121,EffNet_Original + EffNet_Original,3,0,1,0.27299389243125916,0.6017677783966064,0.12523838877677917
121,EffNet_Original + EffNet_Original,4,0,0,0.9974209070205688,0.0011720360489562154,0.0014070604229345918
121,EffNet_Original + EffNet_Original,5,0,0,0.9980036616325378,0.00038571894401684403,0.0016106361290439963
121,EffNet_Original + EffNet_Original,6,0,0,0.9928010702133179,0.004849807359278202,0.0023491866886615753
121,EffNet_Original + EffNet_Original,7,0,0,0.7513551115989685,0.09617975354194641,0.15246514976024628
121,EffNet_Original + EffNet_Original,8,0,0,0.8449479341506958,0.04154233634471893,0.11350972950458527
121,EffNet_Original + EffNet_Original,9,0,0,0.9573225975036621,0.006622053682804108,0.036055367439985275
121,EffNet_Original + EffNet_Original,10,0,0,0.9993388056755066,0.00025090904091484845,0.0004103122337255627
121,EffNet_Original + EffNet_Original,11,0,0,0.986086368560791,0.0009220984065905213,0.01299158576875925
121,EffNet_Original + EffNet_Original,12,0,0,0.9798129796981812,0.014755673706531525,0.005431387573480606
121,EffNet_Original + EffNet_Original,13,0,0,0.991801917552948,0.0060973442159593105,0.0021007652394473553
121,EffNet_Original + EffNet_Original,14,0,0,0.9934230446815491,0.0014530157204717398,0.005123876966536045
121,EffNet_Original + EffNet_Original,15,0,2,0.0424775704741478,0.01639913208782673,0.9411233067512512
121,EffNet_Original + EffNet_Original,16,0,0,0.6792194843292236,0.01048086304217577,0.31029966473579407
121,EffNet_Original + EffNet_Original,17,0,0,0.9968141913414001,0.0012131567345932126,0.0019726993050426245
121,EffNet_Original + EffNet_Original,18,1,1,0.008515973575413227,0.9884286522865295,0.0030553725082427263
121,EffNet_Original + EffNet_Original,19,1,1,9.762091212905943e-05,0.9978052377700806,0.00209714169614017
121,EffNet_Original + EffNet_Original,20,1,1,0.0009724585106596351,0.9971041083335876,0.0019234399078413844
121,EffNet_Original + EffNet_Original,21,1,1,0.016291629523038864,0.7731544971466064,0.21055391430854797
121,EffNet_Original + EffNet_Original,22,1,1,0.0005538405384868383,0.9992464780807495,0.00019971808069385588
121,EffNet_Original + EffNet_Original,23,1,1,0.0009190550772473216,0.9961146712303162,0.0029663103632628918
121,EffNet_Original + EffNet_Original,24,1,1,0.004130205605179071,0.9369105696678162,0.058959268033504486
121,EffNet_Original + EffNet_Original,25,1,1,0.0003515133576001972,0.9975515007972717,0.002097052289173007
121,EffNet_Original + EffNet_Original,26,1,1,0.0008014835766516626,0.9982051849365234,0.0009933097753673792
121,EffNet_Original + EffNet_Original,27,1,1,0.0002825527044478804,0.9972492456436157,0.0024682048242539167
121,EffNet_Original + EffNet_Original,28,1,1,0.022034507244825363,0.9700048565864563,0.007960652001202106
121,EffNet_Original + EffNet_Original,29,1,1,3.492586620268412e-05,0.9997524619102478,0.00021262816153466702
121,EffNet_Original + EffNet_Original,30,1,1,0.0002788175770547241,0.9983741641044617,0.0013470295816659927
121,EffNet_Original + EffNet_Original,31,1,1,0.11950592696666718,0.7619849443435669,0.11850913614034653
121,EffNet_RecPlot + EffNet_RecPlot,0,0,2,0.09739688038825989,0.06301333010196686,0.8395898342132568
121,EffNet_RecPlot + EffNet_RecPlot,1,0,2,0.11334604769945145,0.1071319729089737,0.7795219421386719
121,EffNet_RecPlot + EffNet_RecPlot,2,0,0,0.6574522852897644,0.01652614213526249,0.32602161169052124
121,EffNet_RecPlot + EffNet_RecPlot,3,0,1,0.06424514949321747,0.8484551310539246,0.08729971200227737
121,EffNet_RecPlot + EffNet_RecPlot,4,0,0,0.9952747225761414,0.0032156456727534533,0.0015095947310328484
121,EffNet_RecPlot + EffNet_RecPlot,5,0,0,0.9894840717315674,0.00406552292406559,0.006450394168496132
121,EffNet_RecPlot + EffNet_RecPlot,6,0,0,0.9872457981109619,0.005272727459669113,0.007481487933546305
121,EffNet_RecPlot + EffNet_RecPlot,7,0,1,0.02867920510470867,0.9477718472480774,0.023548975586891174
121,EffNet_RecPlot + EffNet_RecPlot,8,0,0,0.9027425646781921,0.026250507682561874,0.07100697606801987
121,EffNet_RecPlot + EffNet_RecPlot,9,0,0,0.7639796137809753,0.08241123706102371,0.15360918641090393
121,EffNet_RecPlot + EffNet_RecPlot,10,0,0,0.9870100021362305,0.005967183504253626,0.007022797595709562
121,EffNet_RecPlot + EffNet_RecPlot,11,0,1,0.0436399020254612,0.9460346102714539,0.010325475595891476
121,EffNet_RecPlot + EffNet_RecPlot,12,0,0,0.9616316556930542,0.00610214052721858,0.03226625919342041
121,EffNet_RecPlot + EffNet_RecPlot,13,0,2,0.4489942789077759,0.043325502425432205,0.5076802372932434
121,EffNet_RecPlot + EffNet_RecPlot,14,0,0,0.9242684841156006,0.06945408135652542,0.006277407985180616
121,EffNet_RecPlot + EffNet_RecPlot,15,0,1,0.036899495869874954,0.91448575258255,0.04861479625105858
121,EffNet_RecPlot + EffNet_RecPlot,16,0,2,0.20126524567604065,0.0721246749162674,0.7266100645065308
121,EffNet_RecPlot + EffNet_RecPlot,17,0,0,0.9831330180168152,0.006471466738730669,0.010395546443760395
121,EffNet_RecPlot + EffNet_RecPlot,18,1,1,0.006165266968309879,0.986811101436615,0.007023626007139683
121,EffNet_RecPlot + EffNet_RecPlot,19,1,1,0.0007625904399901628,0.9978628754615784,0.0013745138421654701
121,EffNet_RecPlot + EffNet_RecPlot,20,1,1,0.08942940831184387,0.8696640133857727,0.040906596928834915
121,EffNet_RecPlot + EffNet_RecPlot,21,1,1,0.00059610849712044,0.9927765130996704,0.006627371069043875
121,EffNet_RecPlot + EffNet_RecPlot,22,1,1,0.00279089598916471,0.9890963435173035,0.008112786337733269
121,EffNet_RecPlot + EffNet_RecPlot,23,1,1,0.42134395241737366,0.4799668490886688,0.09868919849395752
121,EffNet_RecPlot + EffNet_RecPlot,24,1,1,0.0018326027784496546,0.9978575110435486,0.0003099021269008517
121,EffNet_RecPlot + EffNet_RecPlot,25,1,1,0.02627873234450817,0.9684582948684692,0.0052629983983933926
121,EffNet_RecPlot + EffNet_RecPlot,26,1,0,0.433707058429718,0.35219717025756836,0.214095801115036
121,EffNet_RecPlot + EffNet_RecPlot,27,1,1,0.19134807586669922,0.7839251160621643,0.024726806208491325
121,EffNet_RecPlot + EffNet_RecPlot,28,1,1,0.007078899070620537,0.9666301012039185,0.02629099413752556
121,EffNet_RecPlot + EffNet_RecPlot,29,1,1,0.0030568931251764297,0.9377803206443787,0.059162773191928864
121,EffNet_RecPlot + EffNet_RecPlot,30,1,1,0.055432114750146866,0.9163918495178223,0.02817610278725624
121,EffNet_RecPlot + EffNet_RecPlot,31,1,1,0.002755992580205202,0.9951381087303162,0.002105838619172573
121,MobileNet_Original + MobileNet_RecPlot,32,1,1,0.04409012943506241,0.9367498755455017,0.01915999874472618
121,MobileNet_Original + MobileNet_RecPlot,33,1,1,0.006443952675908804,0.9775322675704956,0.01602373830974102
121,MobileNet_Original + MobileNet_RecPlot,34,1,1,0.06315315514802933,0.9025313258171082,0.03431550785899162
121,MobileNet_Original + MobileNet_RecPlot,35,1,1,0.012910585850477219,0.9664076566696167,0.020681733265519142
121,MobileNet_Original + MobileNet_RecPlot,36,1,1,0.12271241843700409,0.5535994172096252,0.3236881196498871
121,MobileNet_Original + MobileNet_RecPlot,37,1,1,0.009264378808438778,0.9825253486633301,0.008210316300392151
121,MobileNet_Original + MobileNet_RecPlot,38,1,1,0.06387468427419662,0.9109433889389038,0.025181971490383148
121,MobileNet_Original + MobileNet_RecPlot,39,1,1,0.1522504985332489,0.6204854846000671,0.22726404666900635
121,MobileNet_Original + MobileNet_RecPlot,40,1,1,0.16310639679431915,0.7781595587730408,0.05873407423496246
121,MobileNet_Original + MobileNet_RecPlot,41,1,2,0.015386962331831455,0.4608544409275055,0.523758590221405
121,MobileNet_Original + MobileNet_RecPlot,42,1,1,0.028321079909801483,0.9375571012496948,0.03412185236811638
121,MobileNet_Original + MobileNet_RecPlot,43,1,1,0.11931049823760986,0.7973864674568176,0.08330301940441132
121,MobileNet_Original + MobileNet_RecPlot,44,1,1,0.03046698309481144,0.9353662133216858,0.034166835248470306
121,MobileNet_Original + MobileNet_RecPlot,45,1,1,0.2983512282371521,0.6714009046554565,0.030247878283262253
121,MobileNet_Original + MobileNet_RecPlot,46,1,1,0.017920099198818207,0.9275540113449097,0.05452593043446541
121,MobileNet_Original + MobileNet_RecPlot,47,2,2,0.08933831751346588,0.02887386828660965,0.8817878365516663
121,MobileNet_Original + MobileNet_RecPlot,48,2,2,0.05833989009261131,0.02533862367272377,0.9163214564323425
121,MobileNet_Original + MobileNet_RecPlot,49,2,2,0.09229953587055206,0.45295077562332153,0.4547496736049652
121,MobileNet_Original + MobileNet_RecPlot,50,2,2,0.10913273692131042,0.17084665596485138,0.7200206518173218
121,MobileNet_Original + MobileNet_RecPlot,51,2,2,0.3886153995990753,0.11128993332386017,0.5000946521759033
121,MobileNet_Original + MobileNet_RecPlot,52,2,2,0.09779442846775055,0.3698769509792328,0.5323286056518555
121,MobileNet_Original + MobileNet_RecPlot,53,2,2,0.11526278406381607,0.021329684183001518,0.863407552242279
121,MobileNet_Original + MobileNet_RecPlot,54,2,2,0.015269018709659576,0.030295420438051224,0.9544355869293213
121,MobileNet_Original + MobileNet_RecPlot,55,2,0,0.7033959031105042,0.018081286922097206,0.278522789478302
121,MobileNet_Original + MobileNet_RecPlot,56,2,2,0.1436012238264084,0.048659130930900574,0.8077396750450134
121,MobileNet_Original + MobileNet_RecPlot,57,2,1,0.08964532613754272,0.6293835639953613,0.28097113966941833
121,MobileNet_Original + MobileNet_RecPlot,58,2,2,0.09162066131830215,0.11218144744634628,0.7961978912353516
121,MobileNet_Original + EffNet_Original,32,1,1,0.008599779568612576,0.8529713153839111,0.13842891156673431
121,MobileNet_Original + EffNet_Original,33,1,1,0.003403285052627325,0.9768277406692505,0.019768932834267616
121,MobileNet_Original + EffNet_Original,34,1,1,0.006385037209838629,0.9793738126754761,0.014241187833249569
121,MobileNet_Original + EffNet_Original,35,1,1,0.005351877771317959,0.9346336722373962,0.060014475136995316
121,MobileNet_Original + EffNet_Original,36,1,1,0.013226858340203762,0.9794277548789978,0.0073454054072499275
121,MobileNet_Original + EffNet_Original,37,1,1,0.006104231346398592,0.9757049083709717,0.018190843984484673
121,MobileNet_Original + EffNet_Original,38,1,1,0.009978648275136948,0.986632764339447,0.003388558514416218
121,MobileNet_Original + EffNet_Original,39,1,1,0.021506788209080696,0.9488344192504883,0.029658831655979156
121,MobileNet_Original + EffNet_Original,40,1,1,0.0024344921112060547,0.9943729639053345,0.003192547243088484
121,MobileNet_Original + EffNet_Original,41,1,1,0.012741155922412872,0.9576263427734375,0.02963252365589142
121,MobileNet_Original + EffNet_Original,42,1,1,0.010217583738267422,0.9827859401702881,0.006996396463364363
121,MobileNet_Original + EffNet_Original,43,1,1,0.09009100496768951,0.8294066190719604,0.08050237596035004
121,MobileNet_Original + EffNet_Original,44,1,1,0.024702761322259903,0.9478588700294495,0.02743837796151638
121,MobileNet_Original + EffNet_Original,45,1,1,0.02003750205039978,0.9673149585723877,0.012647516094148159
121,MobileNet_Original + EffNet_Original,46,1,1,0.018489087000489235,0.9283104538917542,0.05320049077272415
121,MobileNet_Original + EffNet_Original,47,2,2,0.04130539670586586,0.033992648124694824,0.9247019290924072
121,MobileNet_Original + EffNet_Original,48,2,2,0.0317496620118618,0.023078475147485733,0.9451718926429749
121,MobileNet_Original + EffNet_Original,49,2,2,0.10323823243379593,0.06354746967554092,0.833214282989502
121,MobileNet_Original + EffNet_Original,50,2,2,0.08118878304958344,0.10791684687137604,0.8108944296836853
121,MobileNet_Original + EffNet_Original,51,2,0,0.46252667903900146,0.09119812399148941,0.4462752342224121
121,MobileNet_Original + EffNet_Original,52,2,2,0.0684635117650032,0.3578559458255768,0.5736805200576782
121,MobileNet_Original + EffNet_Original,53,2,2,0.20654146373271942,0.018042046576738358,0.7754164934158325
121,MobileNet_Original + EffNet_Original,54,2,2,0.008569191209971905,0.00435358053073287,0.9870772361755371
121,MobileNet_Original + EffNet_Original,55,2,2,0.2769452929496765,0.004912407137453556,0.7181423306465149
121,MobileNet_Original + EffNet_Original,56,2,2,0.14759252965450287,0.0012001050636172295,0.8512073755264282
121,MobileNet_Original + EffNet_Original,57,2,2,0.03988836705684662,0.22110188007354736,0.7390097379684448
121,MobileNet_Original + EffNet_Original,58,2,2,0.005331066437065601,0.001109717646613717,0.9935592412948608
121,MobileNet_Original + EffNet_RecPlot,32,1,1,0.007788266986608505,0.987676203250885,0.004535536281764507
121,MobileNet_Original + EffNet_RecPlot,33,1,1,0.006263863295316696,0.9783508777618408,0.015385272912681103
121,MobileNet_Original + EffNet_RecPlot,34,1,1,0.05688207596540451,0.8971782922744751,0.04593963921070099
121,MobileNet_Original + EffNet_RecPlot,35,1,1,0.0074692280031740665,0.9739348888397217,0.018595870584249496
121,MobileNet_Original + EffNet_RecPlot,36,1,1,0.18860965967178345,0.5337741374969482,0.2776161730289459
121,MobileNet_Original + EffNet_RecPlot,37,1,1,0.0017741210758686066,0.9958599805831909,0.0023659453727304935
121,MobileNet_Original + EffNet_RecPlot,38,1,1,0.02598707750439644,0.9671472311019897,0.006865671835839748
121,MobileNet_Original + EffNet_RecPlot,39,1,1,0.04139496386051178,0.9001222252845764,0.058482825756073
121,MobileNet_Original + EffNet_RecPlot,40,1,1,0.006816747598350048,0.9797526597976685,0.013430592603981495
121,MobileNet_Original + EffNet_RecPlot,41,1,2,0.04182496666908264,0.4676535725593567,0.49052146077156067
121,MobileNet_Original + EffNet_RecPlot,42,1,1,0.010161847807466984,0.9829481244087219,0.006890030112117529
121,MobileNet_Original + EffNet_RecPlot,43,1,1,0.29849448800086975,0.612148642539978,0.0893569141626358
121,MobileNet_Original + EffNet_RecPlot,44,1,1,0.04094165563583374,0.9005919694900513,0.0584663450717926
121,MobileNet_Original + EffNet_RecPlot,45,1,1,0.18982692062854767,0.7446301579475403,0.06554295867681503
121,MobileNet_Original + EffNet_RecPlot,46,1,1,0.019090747460722923,0.9264349937438965,0.05447423830628395
121,MobileNet_Original + EffNet_RecPlot,47,2,2,0.11835717409849167,0.03471669182181358,0.8469261527061462
121,MobileNet_Original + EffNet_RecPlot,48,2,2,0.08761969953775406,0.02869061939418316,0.8836897015571594
121,MobileNet_Original + EffNet_RecPlot,49,2,1,0.08116364479064941,0.4788897633552551,0.43994662165641785
121,MobileNet_Original + EffNet_RecPlot,50,2,2,0.09962937235832214,0.11840340495109558,0.7819672226905823
121,MobileNet_Original + EffNet_RecPlot,51,2,0,0.40241506695747375,0.24672529101371765,0.350859671831131
121,MobileNet_Original + EffNet_RecPlot,52,2,2,0.06314452737569809,0.35773617029190063,0.5791192650794983
121,MobileNet_Original + EffNet_RecPlot,53,2,2,0.16376781463623047,0.030796390026807785,0.8054357767105103
121,MobileNet_Original + EffNet_RecPlot,54,2,2,0.029252462089061737,0.03928288072347641,0.931464672088623
121,MobileNet_Original + EffNet_RecPlot,55,2,0,0.604498028755188,0.04760665446519852,0.3478953242301941
121,MobileNet_Original + EffNet_RecPlot,56,2,2,0.14717501401901245,0.01614435389637947,0.8366806507110596
121,MobileNet_Original + EffNet_RecPlot,57,2,2,0.07141696661710739,0.3898391127586365,0.5387439131736755
121,MobileNet_Original + EffNet_RecPlot,58,2,2,0.1779693216085434,0.03291833773255348,0.7891123294830322
121,MobileNet_RecPlot + EffNet_Original,32,1,1,0.04984795302152634,0.7987170219421387,0.1514350175857544
121,MobileNet_RecPlot + EffNet_Original,33,1,1,0.003493008203804493,0.9908947944641113,0.005612189881503582
121,MobileNet_RecPlot + EffNet_Original,34,1,1,0.058108825236558914,0.9172452688217163,0.024645976722240448
121,MobileNet_RecPlot + EffNet_Original,35,1,1,0.01167941652238369,0.9417253732681274,0.046595197170972824
121,MobileNet_RecPlot + EffNet_Original,36,1,1,0.11463405936956406,0.5605296492576599,0.3248363137245178
121,MobileNet_RecPlot + EffNet_Original,37,1,1,0.013671266846358776,0.9620577692985535,0.024271009489893913
121,MobileNet_RecPlot + EffNet_Original,38,1,1,0.056540172547101974,0.9197463989257812,0.023713454604148865
121,MobileNet_RecPlot + EffNet_Original,39,1,1,0.1311180591583252,0.6707482933998108,0.1981336921453476
121,MobileNet_RecPlot + EffNet_Original,40,1,1,0.16080065071582794,0.7835032939910889,0.05569610744714737
121,MobileNet_RecPlot + EffNet_Original,41,1,1,0.0034597287885844707,0.5004998445510864,0.49604037404060364
121,MobileNet_RecPlot + EffNet_Original,42,1,1,0.019056245684623718,0.9519826769828796,0.028961099684238434
121,MobileNet_RecPlot + EffNet_Original,43,1,1,0.029452836140990257,0.9674601554870605,0.0030870423652231693
121,MobileNet_RecPlot + EffNet_Original,44,1,1,0.0058840359561145306,0.9869509935379028,0.007164970971643925
121,MobileNet_RecPlot + EffNet_Original,45,1,1,0.2795708477497101,0.7020964622497559,0.018332721665501595
121,MobileNet_RecPlot + EffNet_Original,46,1,1,0.006625485140830278,0.9831863641738892,0.010188166983425617
121,MobileNet_RecPlot + EffNet_Original,47,2,2,0.050375621765851974,0.011222095228731632,0.9384022951126099
121,MobileNet_RecPlot + EffNet_Original,48,2,2,0.028294717893004417,0.0024756062775850296,0.9692296981811523
121,MobileNet_RecPlot + EffNet_Original,49,2,1,0.13126292824745178,0.43954649567604065,0.42919057607650757
121,MobileNet_RecPlot + EffNet_Original,50,2,2,0.06346645206212997,0.08612898737192154,0.8504045009613037
121,MobileNet_RecPlot + EffNet_Original,51,2,2,0.11506915837526321,0.042490098625421524,0.8424407243728638
121,MobileNet_RecPlot + EffNet_Original,52,2,2,0.12045318633317947,0.43211856484413147,0.44742822647094727
121,MobileNet_RecPlot + EffNet_Original,53,2,2,0.0976078063249588,0.007680744864046574,0.8947114944458008
121,MobileNet_RecPlot + EffNet_Original,54,2,2,0.01214340515434742,0.026725932955741882,0.961130678653717
121,MobileNet_RecPlot + EffNet_Original,55,2,2,0.4776592552661896,0.014368192292749882,0.5079725980758667
121,MobileNet_RecPlot + EffNet_Original,56,2,2,0.012248251587152481,0.048010747879743576,0.9397410154342651
121,MobileNet_RecPlot + EffNet_Original,57,2,2,0.05049346387386322,0.4091387987136841,0.5403677821159363
121,MobileNet_RecPlot + EffNet_Original,58,2,2,0.08838801831007004,0.11158338934183121,0.8000286221504211
121,MobileNet_RecPlot + EffNet_RecPlot,32,1,1,0.04903643950819969,0.9334219694137573,0.017541641369462013
121,MobileNet_RecPlot + EffNet_RecPlot,33,1,1,0.006353585980832577,0.9924178123474121,0.0012285298435017467
121,MobileNet_RecPlot + EffNet_RecPlot,34,1,1,0.10860586166381836,0.8350497484207153,0.05634442716836929
121,MobileNet_RecPlot + EffNet_RecPlot,35,1,1,0.013796767219901085,0.9810266494750977,0.00517659354954958
121,MobileNet_RecPlot + EffNet_RecPlot,36,1,2,0.29001685976982117,0.11487606167793274,0.5951070785522461
121,MobileNet_RecPlot + EffNet_RecPlot,37,1,1,0.009341156110167503,0.9822126626968384,0.008446110412478447
121,MobileNet_RecPlot + EffNet_RecPlot,38,1,1,0.07254859805107117,0.9002607464790344,0.027190564200282097
121,MobileNet_RecPlot + EffNet_RecPlot,39,1,1,0.15100623667240143,0.6220360994338989,0.22695767879486084
121,MobileNet_RecPlot + EffNet_RecPlot,40,1,1,0.1651829034090042,0.7688829898834229,0.06593415141105652
121,MobileNet_RecPlot + EffNet_RecPlot,41,1,2,0.032543543726205826,0.010527095757424831,0.9569293856620789
121,MobileNet_RecPlot + EffNet_RecPlot,42,1,1,0.01900050975382328,0.9521447420120239,0.0288547333329916
121,MobileNet_RecPlot + EffNet_RecPlot,43,1,1,0.23785634338855743,0.7502021193504333,0.011941581033170223
121,MobileNet_RecPlot + EffNet_RecPlot,44,1,1,0.022122932597994804,0.9396841526031494,0.03819293901324272
121,MobileNet_RecPlot + EffNet_RecPlot,45,1,1,0.4493602514266968,0.47941160202026367,0.07122816145420074
121,MobileNet_RecPlot + EffNet_RecPlot,46,1,1,0.007227147929370403,0.9813109636306763,0.011461918242275715
121,MobileNet_RecPlot + EffNet_RecPlot,47,2,2,0.12742739915847778,0.011946137063205242,0.8606264591217041
121,MobileNet_RecPlot + EffNet_RecPlot,48,2,2,0.08416474610567093,0.008087750524282455,0.9077475070953369
121,MobileNet_RecPlot + EffNet_RecPlot,49,2,1,0.10918833315372467,0.8548887968063354,0.035922903567552567
121,MobileNet_RecPlot + EffNet_RecPlot,50,2,2,0.08190704882144928,0.09661555290222168,0.8214774131774902
121,MobileNet_RecPlot + EffNet_RecPlot,51,2,2,0.0549575574696064,0.19801728427410126,0.747025191783905
121,MobileNet_RecPlot + EffNet_RecPlot,52,2,2,0.11513420939445496,0.4319988191127777,0.4528670012950897
121,MobileNet_RecPlot + EffNet_RecPlot,53,2,2,0.05483415350317955,0.020435089245438576,0.9247307777404785
121,MobileNet_RecPlot + EffNet_RecPlot,54,2,2,0.032826680690050125,0.061655234545469284,0.905518114566803
121,MobileNet_RecPlot + EffNet_RecPlot,55,2,0,0.8052119612693787,0.05706243962049484,0.1377255767583847
121,MobileNet_RecPlot + EffNet_RecPlot,56,2,2,0.011830732226371765,0.06295499205589294,0.9252142906188965
121,MobileNet_RecPlot + EffNet_RecPlot,57,2,1,0.0820220559835434,0.5778759717941284,0.3401019275188446
121,MobileNet_RecPlot + EffNet_RecPlot,58,2,2,0.2610262632369995,0.14339201152324677,0.5955817103385925
121,EffNet_Original + EffNet_RecPlot,32,1,1,0.013546086847782135,0.849643349647522,0.1368105560541153
121,EffNet_Original + EffNet_RecPlot,33,1,1,0.0033129185903817415,0.991713285446167,0.004973724018782377
121,EffNet_Original + EffNet_RecPlot,34,1,1,0.051837749779224396,0.9118921756744385,0.036270108073949814
121,EffNet_Original + EffNet_RecPlot,35,1,1,0.006238058675080538,0.9492526054382324,0.04450933635234833
121,EffNet_Original + EffNet_RecPlot,36,1,1,0.180531308054924,0.5407043695449829,0.27876436710357666
121,EffNet_Original + EffNet_RecPlot,37,1,1,0.006181008648127317,0.9753924012184143,0.01842663809657097
121,EffNet_Original + EffNet_RecPlot,38,1,1,0.018652569502592087,0.975950300693512,0.005397155415266752
121,EffNet_Original + EffNet_RecPlot,39,1,1,0.020262518897652626,0.9503850340843201,0.029352473095059395
121,EffNet_Original + EffNet_RecPlot,40,1,1,0.004511001519858837,0.9850963950157166,0.010392625816166401
121,EffNet_Original + EffNet_RecPlot,41,1,1,0.02989773266017437,0.5072989463806152,0.46280327439308167
121,EffNet_Original + EffNet_RecPlot,42,1,1,0.0008970141061581671,0.9973737597465515,0.0017292782431468368
121,EffNet_Original + EffNet_RecPlot,43,1,1,0.2086368352174759,0.7822222709655762,0.009140931069850922
121,EffNet_Original + EffNet_RecPlot,44,1,1,0.016358712688088417,0.9521768093109131,0.03146448731422424
121,EffNet_Original + EffNet_RecPlot,45,1,1,0.17104655504226685,0.7753256559371948,0.053627800196409225
121,EffNet_Original + EffNet_RecPlot,46,1,1,0.0077961343340575695,0.9820674061775208,0.010136480443179607
121,EffNet_Original + EffNet_RecPlot,47,2,2,0.07939448207616806,0.01706491969525814,0.9035406112670898
121,EffNet_Original + EffNet_RecPlot,48,2,2,0.05757451802492142,0.005827598739415407,0.9365978837013245
121,EffNet_Original + EffNet_RecPlot,49,2,1,0.12012702226638794,0.46548545360565186,0.4143874943256378
121,EffNet_Original + EffNet_RecPlot,50,2,2,0.05396309494972229,0.03368574380874634,0.9123511910438538
121,EffNet_Original + EffNet_RecPlot,51,2,2,0.12886883318424225,0.1779254525899887,0.693205714225769
121,EffNet_Original + EffNet_RecPlot,52,2,2,0.08580329269170761,0.4199778139591217,0.4942189157009125
121,EffNet_Original + EffNet_RecPlot,53,2,2,0.1461128443479538,0.017147451639175415,0.836739718914032
121,EffNet_Original + EffNet_RecPlot,54,2,2,0.02612685039639473,0.03571339696645737,0.9381597638130188
121,EffNet_Original + EffNet_RecPlot,55,2,2,0.378761351108551,0.04389356076717377,0.5773451328277588
121,EffNet_Original + EffNet_RecPlot,56,2,2,0.015822039917111397,0.015495969913899899,0.968682050704956
121,EffNet_Original + EffNet_RecPlot,57,2,2,0.03226510435342789,0.16959433257579803,0.7981405258178711
121,EffNet_Original + EffNet_RecPlot,58,2,2,0.17473667860031128,0.032320283353328705,0.7929430603981018
121,MobileNet_Original + MobileNet_Original,32,1,1,0.002841959008947015,0.9910041689872742,0.006153895054012537
121,MobileNet_Original + MobileNet_Original,33,1,1,0.006354229990392923,0.9634653329849243,0.03018048405647278
121,MobileNet_Original + MobileNet_Original,34,1,1,0.011429364793002605,0.9646599292755127,0.023910721763968468
121,MobileNet_Original + MobileNet_Original,35,1,1,0.006583047099411488,0.9593159556388855,0.034101009368896484
121,MobileNet_Original + MobileNet_Original,36,1,1,0.02130521647632122,0.9724975824356079,0.00619723042473197
121,MobileNet_Original + MobileNet_Original,37,1,1,0.0016973435413092375,0.9961724877357483,0.002130150096490979
121,MobileNet_Original + MobileNet_Original,38,1,1,0.01731315813958645,0.9778297543525696,0.004857074934989214
121,MobileNet_Original + MobileNet_Original,39,1,1,0.04263923317193985,0.8985716104507446,0.05878918245434761
121,MobileNet_Original + MobileNet_Original,40,1,1,0.004740237724035978,0.9890292882919312,0.006230514496564865
121,MobileNet_Original + MobileNet_Original,41,1,1,0.024668389931321144,0.9179809093475342,0.057350706309080124
121,MobileNet_Original + MobileNet_Original,42,1,1,0.01948241889476776,0.968360424041748,0.012157149612903595
121,MobileNet_Original + MobileNet_Original,43,1,1,0.17994867265224457,0.6593329906463623,0.16071835160255432
121,MobileNet_Original + MobileNet_Original,44,1,1,0.049285706132650375,0.8962740302085876,0.05444023758172989
121,MobileNet_Original + MobileNet_Original,45,1,1,0.0388178713619709,0.9366194605827332,0.024562673643231392
121,MobileNet_Original + MobileNet_Original,46,1,1,0.029783697798848152,0.8726780414581299,0.09753824770450592
121,MobileNet_Original + MobileNet_Original,47,2,2,0.08026808500289917,0.05164441838860512,0.8680874705314636
121,MobileNet_Original + MobileNet_Original,48,2,2,0.06179483234882355,0.045941490679979324,0.892263650894165
121,MobileNet_Original + MobileNet_Original,49,2,2,0.0642748549580574,0.076951764523983,0.858773410320282
121,MobileNet_Original + MobileNet_Original,50,2,2,0.1268550604581833,0.19263450801372528,0.6805104613304138
121,MobileNet_Original + MobileNet_Original,51,2,0,0.7360728979110718,0.15999795496463776,0.10392916947603226
121,MobileNet_Original + MobileNet_Original,52,2,2,0.04580475389957428,0.2956143319606781,0.6585808992385864
121,MobileNet_Original + MobileNet_Original,53,2,2,0.2241964340209961,0.03169098496437073,0.7441125512123108
121,MobileNet_Original + MobileNet_Original,54,2,2,0.011694804765284061,0.007923067547380924,0.9803820848464966
121,MobileNet_Original + MobileNet_Original,55,2,0,0.5026819705963135,0.008625504560768604,0.4886925518512726
121,MobileNet_Original + MobileNet_Original,56,2,2,0.2789455056190491,0.001848488813266158,0.7192060351371765
121,MobileNet_Original + MobileNet_Original,57,2,2,0.07904022932052612,0.4413466453552246,0.47961312532424927
121,MobileNet_Original + MobileNet_Original,58,2,2,0.008563712239265442,0.0017077726079151034,0.9897285103797913
121,MobileNet_RecPlot + MobileNet_RecPlot,32,1,1,0.0853383019566536,0.882495641708374,0.03216610476374626
121,MobileNet_RecPlot + MobileNet_RecPlot,33,1,1,0.006533675827085972,0.9915993213653564,0.0018669955898076296
121,MobileNet_RecPlot + MobileNet_RecPlot,34,1,1,0.11487694084644318,0.8404027819633484,0.04472029581665993
121,MobileNet_RecPlot + MobileNet_RecPlot,35,1,1,0.019238127395510674,0.9734994173049927,0.0072624571621418
121,MobileNet_RecPlot + MobileNet_RecPlot,36,1,2,0.2241196185350418,0.13470135629177094,0.6411790251731873
121,MobileNet_RecPlot + MobileNet_RecPlot,37,1,1,0.01683141477406025,0.9688781499862671,0.014290482737123966
121,MobileNet_RecPlot + MobileNet_RecPlot,38,1,1,0.11043620854616165,0.8440569639205933,0.04550686851143837
121,MobileNet_RecPlot + MobileNet_RecPlot,39,1,2,0.26186177134513855,0.34239935874938965,0.3957388997077942
121,MobileNet_RecPlot + MobileNet_RecPlot,40,1,1,0.32147255539894104,0.5672898292541504,0.11123763769865036
121,MobileNet_RecPlot + MobileNet_RecPlot,41,1,2,0.006105535198003054,0.0037279732059687376,0.9901664853096008
121,MobileNet_RecPlot + MobileNet_RecPlot,42,1,1,0.037159740924835205,0.9067537188529968,0.05608655512332916
121,MobileNet_RecPlot + MobileNet_RecPlot,43,1,1,0.058672334998846054,0.9354400038719177,0.005887691862881184
121,MobileNet_RecPlot + MobileNet_RecPlot,44,1,1,0.01164825540035963,0.9744583368301392,0.013893422670662403
121,MobileNet_RecPlot + MobileNet_RecPlot,45,1,0,0.5578845143318176,0.40618234872817993,0.035933081060647964
121,MobileNet_RecPlot + MobileNet_RecPlot,46,1,1,0.006056498270481825,0.9824299216270447,0.01151360385119915
121,MobileNet_RecPlot + MobileNet_RecPlot,47,2,2,0.0984085351228714,0.006103313062340021,0.8954881429672241
121,MobileNet_RecPlot + MobileNet_RecPlot,48,2,2,0.05488495156168938,0.004735758528113365,0.9403793215751648
121,MobileNet_RecPlot + MobileNet_RecPlot,49,2,1,0.12032421678304672,0.8289496898651123,0.05072599649429321
121,MobileNet_RecPlot + MobileNet_RecPlot,50,2,2,0.09141040593385696,0.14905880391597748,0.759530782699585
121,MobileNet_RecPlot + MobileNet_RecPlot,51,2,2,0.041157886385917664,0.06258191913366318,0.8962602019309998
121,MobileNet_RecPlot + MobileNet_RecPlot,52,2,1,0.14978410303592682,0.4441395699977875,0.4060763418674469
121,MobileNet_RecPlot + MobileNet_RecPlot,53,2,2,0.006329121068120003,0.01096838153898716,0.9827024936676025
121,MobileNet_RecPlot + MobileNet_RecPlot,54,2,2,0.018843231722712517,0.0526677705347538,0.9284889698028564
121,MobileNet_RecPlot + MobileNet_RecPlot,55,2,0,0.9041098952293396,0.02753707394003868,0.068353071808815
121,MobileNet_RecPlot + MobileNet_RecPlot,56,2,2,0.008256942965090275,0.09546977281570435,0.8962733149528503
121,MobileNet_RecPlot + MobileNet_RecPlot,57,2,1,0.10025041550397873,0.8174204230308533,0.0823291540145874
121,MobileNet_RecPlot + MobileNet_RecPlot,58,2,2,0.17467761039733887,0.22265511751174927,0.6026672720909119
121,EffNet_Original + EffNet_Original,32,1,1,0.01435760036110878,0.7149384617805481,0.2707039415836334
121,EffNet_Original + EffNet_Original,33,1,1,0.00045234040590003133,0.9901902675628662,0.009357384406030178
121,EffNet_Original + EffNet_Original,34,1,1,0.001340710325166583,0.9940876960754395,0.004571655765175819
121,EffNet_Original + EffNet_Original,35,1,1,0.00412070844322443,0.909951388835907,0.08592794090509415
121,EffNet_Original + EffNet_Original,36,1,1,0.005148500204086304,0.9863579273223877,0.008493579924106598
121,EffNet_Original + EffNet_Original,37,1,1,0.010511118918657303,0.9552373886108398,0.034251537173986435
121,EffNet_Original + EffNet_Original,38,1,1,0.0026441377121955156,0.9954358339309692,0.0019200422102585435
121,EffNet_Original + EffNet_Original,39,1,1,0.00037434304249472916,0.9990972280502319,0.0005284807994030416
121,EffNet_Original + EffNet_Original,40,1,1,0.00012874645472038537,0.9997166991233826,0.00015458006237167865
121,EffNet_Original + EffNet_Original,41,1,1,0.0008139226702041924,0.9972717761993408,0.0019143415847793221
121,EffNet_Original + EffNet_Original,42,1,1,0.0009527512593194842,0.9972115159034729,0.0018356451764702797
121,EffNet_Original + EffNet_Original,43,1,1,0.0002333401353098452,0.9994803071022034,0.0002863934205379337
121,EffNet_Original + EffNet_Original,44,1,1,0.0001198163881781511,0.9994437098503113,0.00043651903979480267
121,EffNet_Original + EffNet_Original,45,1,1,0.001257138093933463,0.9980105757713318,0.0007323599420487881
121,EffNet_Original + EffNet_Original,46,1,1,0.007194471545517445,0.9839428067207336,0.008862730115652084
121,EffNet_Original + EffNet_Original,47,2,2,0.0023427088744938374,0.01634087786078453,0.9813164472579956
121,EffNet_Original + EffNet_Original,48,2,2,0.0017044851556420326,0.00021545412892010063,0.9980800747871399
121,EffNet_Original + EffNet_Original,49,2,2,0.14220163226127625,0.05014318972826004,0.8076552152633667
121,EffNet_Original + EffNet_Original,50,2,2,0.03552250191569328,0.02319917641580105,0.9412782788276672
121,EffNet_Original + EffNet_Original,51,2,2,0.18898043036460876,0.022398287430405617,0.7886213064193726
121,EffNet_Original + EffNet_Original,52,2,2,0.09112226963043213,0.42009755969047546,0.48878014087677
121,EffNet_Original + EffNet_Original,53,2,2,0.18888649344444275,0.0043931077234447,0.8067204356193542
121,EffNet_Original + EffNet_Original,54,2,2,0.0054435767233371735,0.0007840926409699023,0.9937723278999329
121,EffNet_Original + EffNet_Original,55,2,2,0.05120862275362015,0.0011993099469691515,0.9475920796394348
121,EffNet_Original + EffNet_Original,56,2,2,0.016239559277892113,0.0005517213139683008,0.9832087159156799
121,EffNet_Original + EffNet_Original,57,2,2,0.0007365069468505681,0.0008571192738600075,0.9984063506126404
121,EffNet_Original + EffNet_Original,58,2,2,0.002098421100527048,0.0005116626853123307,0.9973899722099304
121,EffNet_RecPlot + EffNet_RecPlot,32,1,1,0.012734574265778065,0.9843482375144958,0.0029171768110245466
121,EffNet_RecPlot + EffNet_RecPlot,33,1,1,0.006173497531563044,0.9932364821434021,0.0005900643300265074
121,EffNet_RecPlot + EffNet_RecPlot,34,1,1,0.10233478993177414,0.8296966552734375,0.06796856224536896
121,EffNet_RecPlot + EffNet_RecPlot,35,1,1,0.008355408906936646,0.9885538816452026,0.0030907306354492903
121,EffNet_RecPlot + EffNet_RecPlot,36,1,2,0.3559141159057617,0.09505076706409454,0.5490351319313049
121,EffNet_RecPlot + EffNet_RecPlot,37,1,1,0.0018508986104279757,0.9955474138259888,0.002601740648970008
121,EffNet_RecPlot + EffNet_RecPlot,38,1,1,0.03466099873185158,0.9564647674560547,0.008874268271028996
121,EffNet_RecPlot + EffNet_RecPlot,39,1,1,0.04015069454908371,0.9016728401184082,0.05817646533250809
121,EffNet_RecPlot + EffNet_RecPlot,40,1,1,0.00889325700700283,0.9704760909080505,0.020630670711398125
121,EffNet_RecPlot + EffNet_RecPlot,41,1,2,0.05898154154419899,0.017326217144727707,0.9236922264099121
121,EffNet_RecPlot + EffNet_RecPlot,42,1,1,0.0008412767783738673,0.9975358247756958,0.0016229107277467847
121,EffNet_RecPlot + EffNet_RecPlot,43,1,1,0.41704031825065613,0.564964234828949,0.017995469272136688
121,EffNet_RecPlot + EffNet_RecPlot,44,1,1,0.0325976125895977,0.9049099683761597,0.06249246001243591
121,EffNet_RecPlot + EffNet_RecPlot,45,1,1,0.3408359885215759,0.5526408553123474,0.10652324557304382
121,EffNet_RecPlot + EffNet_RecPlot,46,1,1,0.008397797122597694,0.9801919460296631,0.01141023077070713
121,EffNet_RecPlot + EffNet_RecPlot,47,2,2,0.15644624829292297,0.01778896152973175,0.8257647752761841
121,EffNet_RecPlot + EffNet_RecPlot,48,2,2,0.11344454437494278,0.011439742520451546,0.875115692615509
121,EffNet_RecPlot + EffNet_RecPlot,49,2,1,0.09805242717266083,0.8808277249336243,0.021119805052876472
121,EffNet_RecPlot + EffNet_RecPlot,50,2,2,0.072403684258461,0.04417230561375618,0.8834239840507507
121,EffNet_RecPlot + EffNet_RecPlot,51,2,2,0.06875722855329514,0.33345261216163635,0.5977901816368103
121,EffNet_RecPlot + EffNet_RecPlot,52,2,2,0.0804843008518219,0.41985803842544556,0.49965763092041016
121,EffNet_RecPlot + EffNet_RecPlot,53,2,2,0.10333918780088425,0.029901796951889992,0.8667590022087097
121,EffNet_RecPlot + EffNet_RecPlot,54,2,2,0.046810124069452286,0.07064270228147507,0.8825471997261047
121,EffNet_RecPlot + EffNet_RecPlot,55,2,0,0.7063140869140625,0.0865878090262413,0.2070981115102768
121,EffNet_RecPlot + EffNet_RecPlot,56,2,2,0.015404519625008106,0.03044021502137184,0.9541552066802979
121,EffNet_RecPlot + EffNet_RecPlot,57,2,2,0.06379371136426926,0.33833158016204834,0.5978747606277466
121,EffNet_RecPlot + EffNet_RecPlot,58,2,2,0.34737494587898254,0.06412890553474426,0.5884961485862732
