seed,branch,amostra,metrica,valor
7,mobilenet_orig,0,faithfulness,-0.17280009388923645
7,mobilenet_orig,0,robustness,1.8355199098587036
7,mobilenet_orig,0,complexity,0.6306668250739826
7,mobilenet_orig,1,faithfulness,0.4298144280910492
7,mobilenet_orig,1,robustness,2.247062921524048
7,mobilenet_orig,1,complexity,0.5844617613043163
7,mobilenet_orig,2,faithfulness,0.18507316708564758
7,mobilenet_orig,2,robustness,1.4638475179672241
7,mobilenet_orig,2,complexity,0.5982576804893154
7,mobilenet_orig,3,faithfulness,0.24530863761901855
7,mobilenet_orig,3,robustness,2.296868085861206
7,mobilenet_orig,3,complexity,0.6081726761508007
7,mobilenet_orig,4,faithfulness,0.13741622865200043
7,mobilenet_orig,4,robustness,2.4938628673553467
7,mobilenet_orig,4,complexity,0.5751910154591178
7,mobilenet_orig,5,faithfulness,0.26790785789489746
7,mobilenet_orig,5,robustness,1.6500684022903442
7,mobilenet_orig,5,complexity,0.6080649898354118
7,mobilenet_orig,6,faithfulness,-0.033332567662000656
7,mobilenet_orig,6,robustness,2.239720106124878
7,mobilenet_orig,6,complexity,0.605600231146577
7,mobilenet_orig,7,faithfulness,-0.2518913447856903
7,mobilenet_orig,7,robustness,2.0085160732269287
7,mobilenet_orig,7,complexity,0.5922021602865155
7,mobilenet_orig,8,faithfulness,0.08389782160520554
7,mobilenet_orig,8,robustness,2.9448132514953613
7,mobilenet_orig,8,complexity,0.5694775568140333
7,mobilenet_orig,9,faithfulness,-0.3949457108974457
7,mobilenet_orig,9,robustness,2.23018479347229
7,mobilenet_orig,9,complexity,0.6312935669179921
7,mobilenet_orig,10,faithfulness,0.220106840133667
7,mobilenet_orig,10,robustness,1.9473519325256348
7,mobilenet_orig,10,complexity,0.578148393300501
7,mobilenet_orig,11,faithfulness,-0.05890970677137375
7,mobilenet_orig,11,robustness,2.048651933670044
7,mobilenet_orig,11,complexity,0.5940162148397319
7,mobilenet_orig,12,faithfulness,0.2777729034423828
7,mobilenet_orig,12,robustness,2.4295763969421387
7,mobilenet_orig,12,complexity,0.6090448141880294
7,mobilenet_orig,13,faithfulness,-0.10922402143478394
7,mobilenet_orig,13,robustness,1.9923635721206665
7,mobilenet_orig,13,complexity,0.5868433713022994
7,mobilenet_orig,14,faithfulness,0.3390844762325287
7,mobilenet_orig,14,robustness,2.0994038581848145
7,mobilenet_orig,14,complexity,0.5805489501190906
7,mobilenet_orig,15,faithfulness,0.16020655632019043
7,mobilenet_orig,15,robustness,1.8722916841506958
7,mobilenet_orig,15,complexity,0.5992892428761261
7,mobilenet_orig,16,faithfulness,0.06414187699556351
7,mobilenet_orig,16,robustness,1.8352696895599365
7,mobilenet_orig,16,complexity,0.5811018264672687
7,mobilenet_orig,17,faithfulness,-0.06046883761882782
7,mobilenet_orig,17,robustness,1.87601900100708
7,mobilenet_orig,17,complexity,0.5830797710945278
7,mobilenet_orig,18,faithfulness,-0.2641022205352783
7,mobilenet_orig,18,robustness,2.0211851596832275
7,mobilenet_orig,18,complexity,0.5743170042125754
7,mobilenet_orig,19,faithfulness,-0.019059374928474426
7,mobilenet_orig,19,robustness,2.0726282596588135
7,mobilenet_orig,19,complexity,0.5546136111934458
7,mobilenet_orig,20,faithfulness,0.13914069533348083
7,mobilenet_orig,20,robustness,2.2507107257843018
7,mobilenet_orig,20,complexity,0.6005282576000031
7,mobilenet_orig,21,faithfulness,-0.0859173834323883
7,mobilenet_orig,21,robustness,2.0240633487701416
7,mobilenet_orig,21,complexity,0.5992984125810874
7,mobilenet_orig,22,faithfulness,0.09091119468212128
7,mobilenet_orig,22,robustness,2.138805389404297
7,mobilenet_orig,22,complexity,0.5782380967560277
7,mobilenet_orig,23,faithfulness,0.28741255402565
7,mobilenet_orig,23,robustness,1.7192095518112183
7,mobilenet_orig,23,complexity,0.555681451053111
7,mobilenet_orig,24,faithfulness,0.1804075837135315
7,mobilenet_orig,24,robustness,1.8524185419082642
7,mobilenet_orig,24,complexity,0.5619156808071523
7,mobilenet_orig,25,faithfulness,0.007260281592607498
7,mobilenet_orig,25,robustness,1.7286264896392822
7,mobilenet_orig,25,complexity,0.5892143157509636
7,mobilenet_orig,26,faithfulness,0.2762055993080139
7,mobilenet_orig,26,robustness,1.8630013465881348
7,mobilenet_orig,26,complexity,0.5727240981510198
7,mobilenet_orig,27,faithfulness,-0.004076819866895676
7,mobilenet_orig,27,robustness,1.8805073499679565
7,mobilenet_orig,27,complexity,0.5775405491160902
7,mobilenet_orig,28,faithfulness,0.11066677421331406
7,mobilenet_orig,28,robustness,2.6576459407806396
7,mobilenet_orig,28,complexity,0.5704069356564886
7,mobilenet_orig,29,faithfulness,-0.07275019586086273
7,mobilenet_orig,29,robustness,2.452028751373291
7,mobilenet_orig,29,complexity,0.5807496909478966
7,mobilenet_orig,30,faithfulness,0.17817866802215576
7,mobilenet_orig,30,robustness,2.0626373291015625
7,mobilenet_orig,30,complexity,0.5690630985803449
7,mobilenet_orig,31,faithfulness,0.3398309648036957
7,mobilenet_orig,31,robustness,2.100130558013916
7,mobilenet_orig,31,complexity,0.6058134635440151
7,mobilenet_orig,32,faithfulness,0.32569852471351624
7,mobilenet_orig,32,robustness,2.096965789794922
7,mobilenet_orig,32,complexity,0.6196289212971878
7,mobilenet_orig,33,faithfulness,-0.0171586275100708
7,mobilenet_orig,33,robustness,1.7918951511383057
7,mobilenet_orig,33,complexity,0.5734226050557053
7,mobilenet_orig,34,faithfulness,0.06825686246156693
7,mobilenet_orig,34,robustness,2.1922287940979004
7,mobilenet_orig,34,complexity,0.5556601602064114
7,mobilenet_orig,35,faithfulness,-0.10961572825908661
7,mobilenet_orig,35,robustness,1.9208850860595703
7,mobilenet_orig,35,complexity,0.5898945207825739
7,mobilenet_orig,36,faithfulness,0.05069835111498833
7,mobilenet_orig,36,robustness,1.9327694177627563
7,mobilenet_orig,36,complexity,0.5794063637122363
7,mobilenet_orig,37,faithfulness,0.199978306889534
7,mobilenet_orig,37,robustness,2.67158579826355
7,mobilenet_orig,37,complexity,0.5756917421108151
7,mobilenet_orig,38,faithfulness,-0.35484305024147034
7,mobilenet_orig,38,robustness,3.9978647232055664
7,mobilenet_orig,38,complexity,0.5851453470457729
7,mobilenet_orig,39,faithfulness,0.00452674925327301
7,mobilenet_orig,39,robustness,2.6293821334838867
7,mobilenet_orig,39,complexity,0.5764930008506725
7,mobilenet_orig,40,faithfulness,-0.2520677447319031
7,mobilenet_orig,40,robustness,2.0801875591278076
7,mobilenet_orig,40,complexity,0.5896362205328521
7,mobilenet_orig,41,faithfulness,-0.0702030286192894
7,mobilenet_orig,41,robustness,2.4625656604766846
7,mobilenet_orig,41,complexity,0.5841019208318851
7,mobilenet_orig,42,faithfulness,-0.02336186170578003
7,mobilenet_orig,42,robustness,2.7284164428710938
7,mobilenet_orig,42,complexity,0.5767522261020749
7,mobilenet_orig,43,faithfulness,0.29308047890663147
7,mobilenet_orig,43,robustness,3.1186907291412354
7,mobilenet_orig,43,complexity,0.5633332178583225
7,mobilenet_orig,44,faithfulness,-0.0973145067691803
7,mobilenet_orig,44,robustness,2.3065574169158936
7,mobilenet_orig,44,complexity,0.5512040956701078
7,mobilenet_orig,45,faithfulness,-0.41407930850982666
7,mobilenet_orig,45,robustness,2.153883695602417
7,mobilenet_orig,45,complexity,0.5671775777259809
7,mobilenet_orig,46,faithfulness,0.0032140687108039856
7,mobilenet_orig,46,robustness,2.607889175415039
7,mobilenet_orig,46,complexity,0.5694884941295729
7,mobilenet_orig,47,faithfulness,-0.010819904506206512
7,mobilenet_orig,47,robustness,2.4205374717712402
7,mobilenet_orig,47,complexity,0.605256918638655
7,mobilenet_orig,48,faithfulness,-0.17851391434669495
7,mobilenet_orig,48,robustness,1.7965195178985596
7,mobilenet_orig,48,complexity,0.6296309755281028
7,mobilenet_orig,49,faithfulness,-0.00032392144203186035
7,mobilenet_orig,49,robustness,2.0079753398895264
7,mobilenet_orig,49,complexity,0.5785107139920563
7,mobilenet_orig,50,faithfulness,0.05732584744691849
7,mobilenet_orig,50,robustness,2.769545316696167
7,mobilenet_orig,50,complexity,0.5967196105555344
7,mobilenet_orig,51,faithfulness,0.22442367672920227
7,mobilenet_orig,51,robustness,1.7504572868347168
7,mobilenet_orig,51,complexity,0.6273310751390689
7,mobilenet_orig,52,faithfulness,0.1525895595550537
7,mobilenet_orig,52,robustness,1.9734190702438354
7,mobilenet_orig,52,complexity,0.5938165498289201
7,mobilenet_orig,53,faithfulness,0.26535558700561523
7,mobilenet_orig,53,robustness,2.0612051486968994
7,mobilenet_orig,53,complexity,0.5972215933425246
7,mobilenet_orig,54,faithfulness,-0.008902352303266525
7,mobilenet_orig,54,robustness,2.584228515625
7,mobilenet_orig,54,complexity,0.5734384500841921
7,mobilenet_orig,55,faithfulness,0.061230868101119995
7,mobilenet_orig,55,robustness,2.0727062225341797
7,mobilenet_orig,55,complexity,0.57501276201771
7,mobilenet_orig,56,faithfulness,0.06073027104139328
7,mobilenet_orig,56,robustness,2.2543509006500244
7,mobilenet_orig,56,complexity,0.5765473391250797
7,mobilenet_orig,57,faithfulness,0.07317383587360382
7,mobilenet_orig,57,robustness,2.0451979637145996
7,mobilenet_orig,57,complexity,0.5633629221347299
7,mobilenet_orig,58,faithfulness,0.22144904732704163
7,mobilenet_orig,58,robustness,1.7482820749282837
7,mobilenet_orig,58,complexity,0.5773294704700366
7,mobilenet_recplot,0,faithfulness,-0.09053324162960052
7,mobilenet_recplot,0,robustness,2.168806314468384
7,mobilenet_recplot,0,complexity,0.6559649711486936
7,mobilenet_recplot,1,faithfulness,0.31829601526260376
7,mobilenet_recplot,1,robustness,2.71382474899292
7,mobilenet_recplot,1,complexity,0.6453793421099161
7,mobilenet_recplot,2,faithfulness,-0.08718134462833405
7,mobilenet_recplot,2,robustness,2.1653873920440674
7,mobilenet_recplot,2,complexity,0.6997068001350656
7,mobilenet_recplot,3,faithfulness,-0.0028731226921081543
7,mobilenet_recplot,3,robustness,2.6338307857513428
7,mobilenet_recplot,3,complexity,0.6464449871324016
7,mobilenet_recplot,4,faithfulness,-0.1980026662349701
7,mobilenet_recplot,4,robustness,1.9987049102783203
7,mobilenet_recplot,4,complexity,0.6845848397013263
7,mobilenet_recplot,5,faithfulness,-0.21495021879673004
7,mobilenet_recplot,5,robustness,3.3876559734344482
7,mobilenet_recplot,5,complexity,0.709119383699317
7,mobilenet_recplot,6,faithfulness,0.28228437900543213
7,mobilenet_recplot,6,robustness,3.109971761703491
7,mobilenet_recplot,6,complexity,0.6870232429973697
7,mobilenet_recplot,7,faithfulness,0.13432955741882324
7,mobilenet_recplot,7,robustness,1.6624292135238647
7,mobilenet_recplot,7,complexity,0.5745292908526867
7,mobilenet_recplot,8,faithfulness,-0.22639599442481995
7,mobilenet_recplot,8,robustness,2.776568651199341
7,mobilenet_recplot,8,complexity,0.5787128020932557
7,mobilenet_recplot,9,faithfulness,-0.13108891248703003
7,mobilenet_recplot,9,robustness,2.18692946434021
7,mobilenet_recplot,9,complexity,0.6018050051932193
7,mobilenet_recplot,10,faithfulness,0.07625851035118103
7,mobilenet_recplot,10,robustness,2.337266445159912
7,mobilenet_recplot,10,complexity,0.7022680515769245
7,mobilenet_recplot,11,faithfulness,-0.053037166595458984
7,mobilenet_recplot,11,robustness,2.1399805545806885
7,mobilenet_recplot,11,complexity,0.6763067888910135
7,mobilenet_recplot,12,faithfulness,-0.06101933866739273
7,mobilenet_recplot,12,robustness,1.8970378637313843
7,mobilenet_recplot,12,complexity,0.689739816701541
7,mobilenet_recplot,13,faithfulness,-0.05030947923660278
7,mobilenet_recplot,13,robustness,3.2765345573425293
7,mobilenet_recplot,13,complexity,0.6568356329351949
7,mobilenet_recplot,14,faithfulness,0.11343984305858612
7,mobilenet_recplot,14,robustness,1.8388274908065796
7,mobilenet_recplot,14,complexity,0.6817561811574991
7,mobilenet_recplot,15,faithfulness,-0.18965177237987518
7,mobilenet_recplot,15,robustness,2.1758768558502197
7,mobilenet_recplot,15,complexity,0.5937873997797489
7,mobilenet_recplot,16,faithfulness,0.007296912372112274
7,mobilenet_recplot,16,robustness,1.9331902265548706
7,mobilenet_recplot,16,complexity,0.5680245118598318
7,mobilenet_recplot,17,faithfulness,0.10299080610275269
7,mobilenet_recplot,17,robustness,1.7032017707824707
7,mobilenet_recplot,17,complexity,0.7069746183615158
7,mobilenet_recplot,18,faithfulness,0.1524570882320404
7,mobilenet_recplot,18,robustness,2.336127996444702
7,mobilenet_recplot,18,complexity,0.5897901729022544
7,mobilenet_recplot,19,faithfulness,-0.12175396084785461
7,mobilenet_recplot,19,robustness,5.382140636444092
7,mobilenet_recplot,19,complexity,0.6226203929482338
7,mobilenet_recplot,20,faithfulness,-0.17178770899772644
7,mobilenet_recplot,20,robustness,1.8113495111465454
7,mobilenet_recplot,20,complexity,0.5856552420347985
7,mobilenet_recplot,21,faithfulness,-0.07302577048540115
7,mobilenet_recplot,21,robustness,2.266741991043091
7,mobilenet_recplot,21,complexity,0.6369240931620953
7,mobilenet_recplot,22,faithfulness,-0.3436890244483948
7,mobilenet_recplot,22,robustness,3.780034065246582
7,mobilenet_recplot,22,complexity,0.6279667577684541
7,mobilenet_recplot,23,faithfulness,0.03779805451631546
7,mobilenet_recplot,23,robustness,3.282101631164551
7,mobilenet_recplot,23,complexity,0.6813770653056832
7,mobilenet_recplot,24,faithfulness,-0.12603676319122314
7,mobilenet_recplot,24,robustness,4.1570258140563965
7,mobilenet_recplot,24,complexity,0.6450585600956245
7,mobilenet_recplot,25,faithfulness,-0.26999929547309875
7,mobilenet_recplot,25,robustness,4.324938774108887
7,mobilenet_recplot,25,complexity,0.6462212594630694
7,mobilenet_recplot,26,faithfulness,0.09361261874437332
7,mobilenet_recplot,26,robustness,2.135554075241089
7,mobilenet_recplot,26,complexity,0.6260125081363643
7,mobilenet_recplot,27,faithfulness,-0.09789811074733734
7,mobilenet_recplot,27,robustness,3.0208704471588135
7,mobilenet_recplot,27,complexity,0.6371466051678264
7,mobilenet_recplot,28,faithfulness,-0.045692089945077896
7,mobilenet_recplot,28,robustness,2.1409101486206055
7,mobilenet_recplot,28,complexity,0.5931958155984662
7,mobilenet_recplot,29,faithfulness,-0.14919570088386536
7,mobilenet_recplot,29,robustness,3.052865505218506
7,mobilenet_recplot,29,complexity,0.6393727839394621
7,mobilenet_recplot,30,faithfulness,0.008678272366523743
7,mobilenet_recplot,30,robustness,5.685855388641357
7,mobilenet_recplot,30,complexity,0.6424372514195277
7,mobilenet_recplot,31,faithfulness,0.20431660115718842
7,mobilenet_recplot,31,robustness,4.254499435424805
7,mobilenet_recplot,31,complexity,0.6837004180535434
7,mobilenet_recplot,32,faithfulness,0.04646824300289154
7,mobilenet_recplot,32,robustness,4.275578498840332
7,mobilenet_recplot,32,complexity,0.6544692146918992
7,mobilenet_recplot,33,faithfulness,0.3334113359451294
7,mobilenet_recplot,33,robustness,4.333680152893066
7,mobilenet_recplot,33,complexity,0.6554004741076312
7,mobilenet_recplot,34,faithfulness,0.040944233536720276
7,mobilenet_recplot,34,robustness,5.165539264678955
7,mobilenet_recplot,34,complexity,0.6278621187953091
7,mobilenet_recplot,35,faithfulness,0.2562938928604126
7,mobilenet_recplot,35,robustness,3.8012373447418213
7,mobilenet_recplot,35,complexity,0.6419249298932355
7,mobilenet_recplot,36,faithfulness,-0.3657340705394745
7,mobilenet_recplot,36,robustness,4.164178848266602
7,mobilenet_recplot,36,complexity,0.6463785706707607
7,mobilenet_recplot,37,faithfulness,0.29632046818733215
7,mobilenet_recplot,37,robustness,1.635886549949646
7,mobilenet_recplot,37,complexity,0.7625833404215353
7,mobilenet_recplot,38,faithfulness,0.14400774240493774
7,mobilenet_recplot,38,robustness,3.063178300857544
7,mobilenet_recplot,38,complexity,0.5724129919520738
7,mobilenet_recplot,39,faithfulness,0.10723145306110382
7,mobilenet_recplot,39,robustness,4.579723834991455
7,mobilenet_recplot,39,complexity,0.5677654811535023
7,mobilenet_recplot,40,faithfulness,0.10367710888385773
7,mobilenet_recplot,40,robustness,2.0335893630981445
7,mobilenet_recplot,40,complexity,0.5895985031496613
7,mobilenet_recplot,41,faithfulness,-0.10894496738910675
7,mobilenet_recplot,41,robustness,2.3427464962005615
7,mobilenet_recplot,41,complexity,0.6168176715365958
7,mobilenet_recplot,42,faithfulness,-0.24776655435562134
7,mobilenet_recplot,42,robustness,2.0445168018341064
7,mobilenet_recplot,42,complexity,0.658079737238581
7,mobilenet_recplot,43,faithfulness,-0.030882984399795532
7,mobilenet_recplot,43,robustness,2.456620693206787
7,mobilenet_recplot,43,complexity,0.6791521940712656
7,mobilenet_recplot,44,faithfulness,-0.1925715208053589
7,mobilenet_recplot,44,robustness,1.7091013193130493
7,mobilenet_recplot,44,complexity,0.5724722004521694
7,mobilenet_recplot,45,faithfulness,0.032563112676143646
7,mobilenet_recplot,45,robustness,3.0521507263183594
7,mobilenet_recplot,45,complexity,0.6672879307444848
7,mobilenet_recplot,46,faithfulness,-0.33416032791137695
7,mobilenet_recplot,46,robustness,1.3591632843017578
7,mobilenet_recplot,46,complexity,0.6402906057941385
7,mobilenet_recplot,47,faithfulness,0.33914557099342346
7,mobilenet_recplot,47,robustness,2.4133107662200928
7,mobilenet_recplot,47,complexity,0.7088357117116966
7,mobilenet_recplot,48,faithfulness,-0.037439920008182526
7,mobilenet_recplot,48,robustness,3.213327169418335
7,mobilenet_recplot,48,complexity,0.68700911677063
7,mobilenet_recplot,49,faithfulness,-0.06401942670345306
7,mobilenet_recplot,49,robustness,2.0625898838043213
7,mobilenet_recplot,49,complexity,0.584574871932093
7,mobilenet_recplot,50,faithfulness,0.12159408628940582
7,mobilenet_recplot,50,robustness,2.5029871463775635
7,mobilenet_recplot,50,complexity,0.6415271099543267
7,mobilenet_recplot,51,faithfulness,-0.20143263041973114
7,mobilenet_recplot,51,robustness,2.442612648010254
7,mobilenet_recplot,51,complexity,0.6459151696542672
7,mobilenet_recplot,52,faithfulness,0.25690680742263794
7,mobilenet_recplot,52,robustness,2.9645581245422363
7,mobilenet_recplot,52,complexity,0.5944949798542035
7,mobilenet_recplot,53,faithfulness,-0.2668074369430542
7,mobilenet_recplot,53,robustness,2.237398147583008
7,mobilenet_recplot,53,complexity,0.6724304874831971
7,mobilenet_recplot,54,faithfulness,-0.049643807113170624
7,mobilenet_recplot,54,robustness,2.0058114528656006
7,mobilenet_recplot,54,complexity,0.6644713284782677
7,mobilenet_recplot,55,faithfulness,-0.22649088501930237
7,mobilenet_recplot,55,robustness,1.9804679155349731
7,mobilenet_recplot,55,complexity,0.6989241296443578
7,mobilenet_recplot,56,faithfulness,-0.37975138425827026
7,mobilenet_recplot,56,robustness,2.823387384414673
7,mobilenet_recplot,56,complexity,0.587546130670259
7,mobilenet_recplot,57,faithfulness,-0.23535983264446259
7,mobilenet_recplot,57,robustness,2.0210318565368652
7,mobilenet_recplot,57,complexity,0.6440193363124578
7,mobilenet_recplot,58,faithfulness,-0.1953447461128235
7,mobilenet_recplot,58,robustness,2.65529727935791
7,mobilenet_recplot,58,complexity,0.6173833497965432
7,effnet_orig,0,faithfulness,0.270795613527298
7,effnet_orig,0,robustness,1.0911928415298462
7,effnet_orig,0,complexity,0.5401051106087411
7,effnet_orig,1,faithfulness,0.2227608561515808
7,effnet_orig,1,robustness,1.183302402496338
7,effnet_orig,1,complexity,0.5348856196857932
7,effnet_orig,2,faithfulness,0.5224331021308899
7,effnet_orig,2,robustness,1.2981948852539062
7,effnet_orig,2,complexity,0.5324492647540354
7,effnet_orig,3,faithfulness,0.18371903896331787
7,effnet_orig,3,robustness,1.0279682874679565
7,effnet_orig,3,complexity,0.5403441174437649
7,effnet_orig,4,faithfulness,-0.008622655645012856
7,effnet_orig,4,robustness,1.1889926195144653
7,effnet_orig,4,complexity,0.5467033714873757
7,effnet_orig,5,faithfulness,0.3434668183326721
7,effnet_orig,5,robustness,1.5041029453277588
7,effnet_orig,5,complexity,0.5344597851928281
7,effnet_orig,6,faithfulness,0.31591030955314636
7,effnet_orig,6,robustness,1.2484114170074463
7,effnet_orig,6,complexity,0.5517944803760298
7,effnet_orig,7,faithfulness,0.33687159419059753
7,effnet_orig,7,robustness,1.0388518571853638
7,effnet_orig,7,complexity,0.5601599605661127
7,effnet_orig,8,faithfulness,0.3366115391254425
7,effnet_orig,8,robustness,0.9924066066741943
7,effnet_orig,8,complexity,0.5447457204335708
7,effnet_orig,9,faithfulness,0.28573793172836304
7,effnet_orig,9,robustness,0.995441198348999
7,effnet_orig,9,complexity,0.5266087873432685
7,effnet_orig,10,faithfulness,-0.09013229608535767
7,effnet_orig,10,robustness,1.4014760255813599
7,effnet_orig,10,complexity,0.5519985768743666
7,effnet_orig,11,faithfulness,0.08058387041091919
7,effnet_orig,11,robustness,1.5527163743972778
7,effnet_orig,11,complexity,0.5465654800794358
7,effnet_orig,12,faithfulness,0.040680475533008575
7,effnet_orig,12,robustness,1.3470996618270874
7,effnet_orig,12,complexity,0.552496686279733
7,effnet_orig,13,faithfulness,-0.013171583414077759
7,effnet_orig,13,robustness,1.2897430658340454
7,effnet_orig,13,complexity,0.550590403881671
7,effnet_orig,14,faithfulness,0.25350871682167053
7,effnet_orig,14,robustness,1.3232237100601196
7,effnet_orig,14,complexity,0.5323310988970709
7,effnet_orig,15,faithfulness,-0.24108457565307617
7,effnet_orig,15,robustness,1.0351197719573975
7,effnet_orig,15,complexity,0.516732371229847
7,effnet_orig,16,faithfulness,0.04595246911048889
7,effnet_orig,16,robustness,1.0494716167449951
7,effnet_orig,16,complexity,0.5469186248252295
7,effnet_orig,17,faithfulness,0.042812202125787735
7,effnet_orig,17,robustness,1.3508312702178955
7,effnet_orig,17,complexity,0.5341782747774962
7,effnet_orig,18,faithfulness,0.44508984684944153
7,effnet_orig,18,robustness,1.068467378616333
7,effnet_orig,18,complexity,0.539088109372421
7,effnet_orig,19,faithfulness,-0.06781601160764694
7,effnet_orig,19,robustness,1.091349720954895
7,effnet_orig,19,complexity,0.5440221797646524
7,effnet_orig,20,faithfulness,0.11845822632312775
7,effnet_orig,20,robustness,1.2286272048950195
7,effnet_orig,20,complexity,0.5446049347523031
7,effnet_orig,21,faithfulness,-0.3268545866012573
7,effnet_orig,21,robustness,1.1399434804916382
7,effnet_orig,21,complexity,0.5665157433013904
7,effnet_orig,22,faithfulness,0.41921257972717285
7,effnet_orig,22,robustness,1.5005512237548828
7,effnet_orig,22,complexity,0.5340380209153438
7,effnet_orig,23,faithfulness,-0.014063309878110886
7,effnet_orig,23,robustness,1.0905183553695679
7,effnet_orig,23,complexity,0.5388358622282238
7,effnet_orig,24,faithfulness,-0.060155950486660004
7,effnet_orig,24,robustness,0.9985285401344299
7,effnet_orig,24,complexity,0.5288167276334306
7,effnet_orig,25,faithfulness,0.3056080937385559
7,effnet_orig,25,robustness,0.9426957368850708
7,effnet_orig,25,complexity,0.540494936869903
7,effnet_orig,26,faithfulness,0.5657925009727478
7,effnet_orig,26,robustness,0.9944653511047363
7,effnet_orig,26,complexity,0.5515844412595443
7,effnet_orig,27,faithfulness,-0.0326630137860775
7,effnet_orig,27,robustness,0.9558759927749634
7,effnet_orig,27,complexity,0.5626668039247296
7,effnet_orig,28,faithfulness,0.11262840777635574
7,effnet_orig,28,robustness,1.319218635559082
7,effnet_orig,28,complexity,0.5741530252190676
7,effnet_orig,29,faithfulness,0.16708002984523773
7,effnet_orig,29,robustness,1.0474772453308105
7,effnet_orig,29,complexity,0.5574591732729721
7,effnet_orig,30,faithfulness,0.3586713969707489
7,effnet_orig,30,robustness,0.916043758392334
7,effnet_orig,30,complexity,0.527793329568661
7,effnet_orig,31,faithfulness,0.01481717824935913
7,effnet_orig,31,robustness,1.08344566822052
7,effnet_orig,31,complexity,0.5469398795092385
7,effnet_orig,32,faithfulness,0.5090110301971436
7,effnet_orig,32,robustness,0.8758317828178406
7,effnet_orig,32,complexity,0.5544711666104865
7,effnet_orig,33,faithfulness,0.14959800243377686
7,effnet_orig,33,robustness,0.9998063445091248
7,effnet_orig,33,complexity,0.5759288468144023
7,effnet_orig,34,faithfulness,0.04356995224952698
7,effnet_orig,34,robustness,1.1689505577087402
7,effnet_orig,34,complexity,0.5454773388770362
7,effnet_orig,35,faithfulness,0.10740871727466583
7,effnet_orig,35,robustness,0.9710880517959595
7,effnet_orig,35,complexity,0.5547683971537531
7,effnet_orig,36,faithfulness,0.2727467119693756
7,effnet_orig,36,robustness,1.2825080156326294
7,effnet_orig,36,complexity,0.5245018512465021
7,effnet_orig,37,faithfulness,-0.14571276307106018
7,effnet_orig,37,robustness,1.9761828184127808
7,effnet_orig,37,complexity,0.529137635262955
7,effnet_orig,38,faithfulness,0.036444664001464844
7,effnet_orig,38,robustness,1.215623378753662
7,effnet_orig,38,complexity,0.5658408928586275
7,effnet_orig,39,faithfulness,-0.03466009348630905
7,effnet_orig,39,robustness,1.467877984046936
7,effnet_orig,39,complexity,0.5916241559582259
7,effnet_orig,40,faithfulness,0.20945698022842407
7,effnet_orig,40,robustness,1.06728994846344
7,effnet_orig,40,complexity,0.5434868293452525
7,effnet_orig,41,faithfulness,0.22309234738349915
7,effnet_orig,41,robustness,1.0720270872116089
7,effnet_orig,41,complexity,0.5384824272997648
7,effnet_orig,42,faithfulness,-0.1306760460138321
7,effnet_orig,42,robustness,1.171210527420044
7,effnet_orig,42,complexity,0.5564628710922288
7,effnet_orig,43,faithfulness,-0.06343387812376022
7,effnet_orig,43,robustness,1.2481416463851929
7,effnet_orig,43,complexity,0.5318833085117154
7,effnet_orig,44,faithfulness,-0.02586108073592186
7,effnet_orig,44,robustness,1.225928544998169
7,effnet_orig,44,complexity,0.5540505487620871
7,effnet_orig,45,faithfulness,0.04845781996846199
7,effnet_orig,45,robustness,1.4446827173233032
7,effnet_orig,45,complexity,0.5332133541537589
7,effnet_orig,46,faithfulness,-0.06074896454811096
7,effnet_orig,46,robustness,1.2341402769088745
7,effnet_orig,46,complexity,0.5488273218209632
7,effnet_orig,47,faithfulness,0.2286934107542038
7,effnet_orig,47,robustness,1.3065978288650513
7,effnet_orig,47,complexity,0.553658801896841
7,effnet_orig,48,faithfulness,0.019522525370121002
7,effnet_orig,48,robustness,1.0822924375534058
7,effnet_orig,48,complexity,0.5508662603453709
7,effnet_orig,49,faithfulness,0.38703063130378723
7,effnet_orig,49,robustness,1.1859065294265747
7,effnet_orig,49,complexity,0.517810475823606
7,effnet_orig,50,faithfulness,0.18869879841804504
7,effnet_orig,50,robustness,1.0995241403579712
7,effnet_orig,50,complexity,0.5676213631928039
7,effnet_orig,51,faithfulness,0.31664589047431946
7,effnet_orig,51,robustness,0.9495393633842468
7,effnet_orig,51,complexity,0.5500440354236779
7,effnet_orig,52,faithfulness,0.4884493350982666
7,effnet_orig,52,robustness,1.0135494470596313
7,effnet_orig,52,complexity,0.5341602990444434
7,effnet_orig,53,faithfulness,-0.09268786013126373
7,effnet_orig,53,robustness,1.2933541536331177
7,effnet_orig,53,complexity,0.5940209239782847
7,effnet_orig,54,faithfulness,0.03397442400455475
7,effnet_orig,54,robustness,1.2598774433135986
7,effnet_orig,54,complexity,0.5465397613238774
7,effnet_orig,55,faithfulness,0.08432146906852722
7,effnet_orig,55,robustness,1.2425390481948853
7,effnet_orig,55,complexity,0.550194550354744
7,effnet_orig,56,faithfulness,0.01463034376502037
7,effnet_orig,56,robustness,1.233422040939331
7,effnet_orig,56,complexity,0.5447031470134235
7,effnet_orig,57,faithfulness,0.08804218471050262
7,effnet_orig,57,robustness,1.2150763273239136
7,effnet_orig,57,complexity,0.5452571050932842
7,effnet_orig,58,faithfulness,0.29619207978248596
7,effnet_orig,58,robustness,0.9995442032814026
7,effnet_orig,58,complexity,0.5462248459825214
7,effnet_recplot,0,faithfulness,0.4465792179107666
7,effnet_recplot,0,robustness,4.207618713378906
7,effnet_recplot,0,complexity,0.603192028018627
7,effnet_recplot,1,faithfulness,0.06354302912950516
7,effnet_recplot,1,robustness,812.473876953125
7,effnet_recplot,1,complexity,0.5694822503421311
7,effnet_recplot,2,faithfulness,0.11223843693733215
7,effnet_recplot,2,robustness,305.9272155761719
7,effnet_recplot,2,complexity,0.6073720280813568
7,effnet_recplot,3,faithfulness,-0.18208011984825134
7,effnet_recplot,3,robustness,686.6731567382812
7,effnet_recplot,3,complexity,0.5924400895354642
7,effnet_recplot,4,faithfulness,0.15855586528778076
7,effnet_recplot,4,robustness,89.68792724609375
7,effnet_recplot,4,complexity,0.6351006127857253
7,effnet_recplot,5,faithfulness,-0.09785943478345871
7,effnet_recplot,5,robustness,2743.8203125
7,effnet_recplot,5,complexity,0.575271159199248
7,effnet_recplot,6,faithfulness,0.009265013039112091
7,effnet_recplot,6,robustness,1490.1219482421875
7,effnet_recplot,6,complexity,0.5925447683567399
7,effnet_recplot,7,faithfulness,0.1344095766544342
7,effnet_recplot,7,robustness,93.46393585205078
7,effnet_recplot,7,complexity,0.5586710342633996
7,effnet_recplot,8,faithfulness,-0.1917569935321808
7,effnet_recplot,8,robustness,454.38873291015625
7,effnet_recplot,8,complexity,0.5847701380115058
7,effnet_recplot,9,faithfulness,-0.0398947149515152
7,effnet_recplot,9,robustness,17.58572006225586
7,effnet_recplot,9,complexity,0.6159570605303296
7,effnet_recplot,10,faithfulness,-0.18385036289691925
7,effnet_recplot,10,robustness,6.170435905456543
7,effnet_recplot,10,complexity,0.6290397682674858
7,effnet_recplot,11,faithfulness,-0.16964641213417053
7,effnet_recplot,11,robustness,174.20433044433594
7,effnet_recplot,11,complexity,0.6254728325357646
7,effnet_recplot,12,faithfulness,0.2249915599822998
7,effnet_recplot,12,robustness,125.5740966796875
7,effnet_recplot,12,complexity,0.6156997677181192
7,effnet_recplot,13,faithfulness,0.19302435219287872
7,effnet_recplot,13,robustness,6.801286220550537
7,effnet_recplot,13,complexity,0.6184777557958089
7,effnet_recplot,14,faithfulness,-0.0884661078453064
7,effnet_recplot,14,robustness,308.74957275390625
7,effnet_recplot,14,complexity,0.6181532544009073
7,effnet_recplot,15,faithfulness,0.04442157596349716
7,effnet_recplot,15,robustness,714.767578125
7,effnet_recplot,15,complexity,0.5477918435708289
7,effnet_recplot,16,faithfulness,0.21695876121520996
7,effnet_recplot,16,robustness,94.28363800048828
7,effnet_recplot,16,complexity,0.5941069037444818
7,effnet_recplot,17,faithfulness,-0.21963363885879517
7,effnet_recplot,17,robustness,100.66193389892578
7,effnet_recplot,17,complexity,0.6315404322529209
7,effnet_recplot,18,faithfulness,-0.0827096551656723
7,effnet_recplot,18,robustness,8.868508338928223
7,effnet_recplot,18,complexity,0.534228474222609
7,effnet_recplot,19,faithfulness,0.1273534595966339
7,effnet_recplot,19,robustness,211.74313354492188
7,effnet_recplot,19,complexity,0.607618902975376
7,effnet_recplot,20,faithfulness,-0.29515036940574646
7,effnet_recplot,20,robustness,74.2109375
7,effnet_recplot,20,complexity,0.5417365627979221
7,effnet_recplot,21,faithfulness,-0.3338383734226227
7,effnet_recplot,21,robustness,393.79083251953125
7,effnet_recplot,21,complexity,0.59811969206361
7,effnet_recplot,22,faithfulness,-0.1436769664287567
7,effnet_recplot,22,robustness,326.7672119140625
7,effnet_recplot,22,complexity,0.6150179384402534
7,effnet_recplot,23,faithfulness,-0.0968848317861557
7,effnet_recplot,23,robustness,115.2612533569336
7,effnet_recplot,23,complexity,0.6280238271363789
7,effnet_recplot,24,faithfulness,-0.025011420249938965
7,effnet_recplot,24,robustness,889.6840209960938
7,effnet_recplot,24,complexity,0.6598947068337728
7,effnet_recplot,25,faithfulness,0.3301354944705963
7,effnet_recplot,25,robustness,1061.461181640625
7,effnet_recplot,25,complexity,0.6163523543288925
7,effnet_recplot,26,faithfulness,0.11037912964820862
7,effnet_recplot,26,robustness,22.103498458862305
7,effnet_recplot,26,complexity,0.5780331550906305
7,effnet_recplot,27,faithfulness,-0.21510383486747742
7,effnet_recplot,27,robustness,9.423327445983887
7,effnet_recplot,27,complexity,0.6197874817256813
7,effnet_recplot,28,faithfulness,0.16497761011123657
7,effnet_recplot,28,robustness,149.61778259277344
7,effnet_recplot,28,complexity,0.46086303584493366
7,effnet_recplot,29,faithfulness,-0.06836007535457611
7,effnet_recplot,29,robustness,452.6637878417969
7,effnet_recplot,29,complexity,0.5591549239379023
7,effnet_recplot,30,faithfulness,-0.21172218024730682
7,effnet_recplot,30,robustness,42.18294906616211
7,effnet_recplot,30,complexity,0.6035853775429307
7,effnet_recplot,31,faithfulness,0.1772647202014923
7,effnet_recplot,31,robustness,1.2235182523727417
7,effnet_recplot,31,complexity,0.6650087609137562
7,effnet_recplot,32,faithfulness,-0.24600359797477722
7,effnet_recplot,32,robustness,578.6670532226562
7,effnet_recplot,32,complexity,0.6896138195735669
7,effnet_recplot,33,faithfulness,-0.3140830993652344
7,effnet_recplot,33,robustness,383.0121154785156
7,effnet_recplot,33,complexity,0.612064284565423
7,effnet_recplot,34,faithfulness,-0.03140426427125931
7,effnet_recplot,34,robustness,7406.83154296875
7,effnet_recplot,34,complexity,0.5983745902068982
7,effnet_recplot,35,faithfulness,-0.2602173686027527
7,effnet_recplot,35,robustness,33.324432373046875
7,effnet_recplot,35,complexity,0.5738583716260828
7,effnet_recplot,36,faithfulness,0.20919044315814972
7,effnet_recplot,36,robustness,1616.29296875
7,effnet_recplot,36,complexity,0.6255870195000027
7,effnet_recplot,37,faithfulness,0.019980311393737793
7,effnet_recplot,37,robustness,2.5971968173980713
7,effnet_recplot,37,complexity,0.6645401152754872
7,effnet_recplot,38,faithfulness,-0.1804080605506897
7,effnet_recplot,38,robustness,15.507615089416504
7,effnet_recplot,38,complexity,0.5833358383856054
7,effnet_recplot,39,faithfulness,0.14233335852622986
7,effnet_recplot,39,robustness,1.0235322713851929
7,effnet_recplot,39,complexity,0.5860506638328631
7,effnet_recplot,40,faithfulness,-0.03797518461942673
7,effnet_recplot,40,robustness,17.78390884399414
7,effnet_recplot,40,complexity,0.5499652814844322
7,effnet_recplot,41,faithfulness,0.18082267045974731
7,effnet_recplot,41,robustness,1.345268726348877
7,effnet_recplot,41,complexity,0.6131826741419265
7,effnet_recplot,42,faithfulness,0.30788564682006836
7,effnet_recplot,42,robustness,3.30625319480896
7,effnet_recplot,42,complexity,0.6231987155429649
7,effnet_recplot,43,faithfulness,-0.23063786327838898
7,effnet_recplot,43,robustness,361.5310363769531
7,effnet_recplot,43,complexity,0.6695397369949289
7,effnet_recplot,44,faithfulness,0.007839053869247437
7,effnet_recplot,44,robustness,902.1934204101562
7,effnet_recplot,44,complexity,0.5702977098395348
7,effnet_recplot,45,faithfulness,0.42715805768966675
7,effnet_recplot,45,robustness,570.91357421875
7,effnet_recplot,45,complexity,0.6310918319682143
7,effnet_recplot,46,faithfulness,-0.012759961187839508
7,effnet_recplot,46,robustness,34.268375396728516
7,effnet_recplot,46,complexity,0.5378457851359145
7,effnet_recplot,47,faithfulness,0.2890017628669739
7,effnet_recplot,47,robustness,5028.04443359375
7,effnet_recplot,47,complexity,0.6025234393399882
7,effnet_recplot,48,faithfulness,-0.031975142657756805
7,effnet_recplot,48,robustness,1131.46435546875
7,effnet_recplot,48,complexity,0.5902717826219955
7,effnet_recplot,49,faithfulness,0.018276363611221313
7,effnet_recplot,49,robustness,66.10039520263672
7,effnet_recplot,49,complexity,0.6110959411321493
7,effnet_recplot,50,faithfulness,0.11757247149944305
7,effnet_recplot,50,robustness,899.0903930664062
7,effnet_recplot,50,complexity,0.5759530552894745
7,effnet_recplot,51,faithfulness,-0.012577474117279053
7,effnet_recplot,51,robustness,850.1819458007812
7,effnet_recplot,51,complexity,0.5889098308592804
7,effnet_recplot,52,faithfulness,0.07953836023807526
7,effnet_recplot,52,robustness,9.001954078674316
7,effnet_recplot,52,complexity,0.5973228412694374
7,effnet_recplot,53,faithfulness,0.23898547887802124
7,effnet_recplot,53,robustness,233.2379608154297
7,effnet_recplot,53,complexity,0.618791213127983
7,effnet_recplot,54,faithfulness,-0.36101338267326355
7,effnet_recplot,54,robustness,159.17864990234375
7,effnet_recplot,54,complexity,0.6107274058031589
7,effnet_recplot,55,faithfulness,-0.16213662922382355
7,effnet_recplot,55,robustness,3269.33251953125
7,effnet_recplot,55,complexity,0.5962954099726281
7,effnet_recplot,56,faithfulness,0.030956171452999115
7,effnet_recplot,56,robustness,40.97551345825195
7,effnet_recplot,56,complexity,0.5808506670722876
7,effnet_recplot,57,faithfulness,-0.2801644802093506
7,effnet_recplot,57,robustness,4.447347164154053
7,effnet_recplot,57,complexity,0.5897963418577534
7,effnet_recplot,58,faithfulness,-0.07697729766368866
7,effnet_recplot,58,robustness,1364.095947265625
7,effnet_recplot,58,complexity,0.5678171041291672
12,mobilenet_orig,0,faithfulness,-0.03194437175989151
12,mobilenet_orig,0,robustness,1.4764959812164307
12,mobilenet_orig,0,complexity,0.622106722350736
12,mobilenet_orig,1,faithfulness,0.4778750240802765
12,mobilenet_orig,1,robustness,1.5843433141708374
12,mobilenet_orig,1,complexity,0.5672142251485107
12,mobilenet_orig,2,faithfulness,0.004484470933675766
12,mobilenet_orig,2,robustness,1.1866909265518188
12,mobilenet_orig,2,complexity,0.6130733414773257
12,mobilenet_orig,3,faithfulness,0.13060231506824493
12,mobilenet_orig,3,robustness,1.5233514308929443
12,mobilenet_orig,3,complexity,0.599103060173169
12,mobilenet_orig,4,faithfulness,-0.20251071453094482
12,mobilenet_orig,4,robustness,2.053462505340576
12,mobilenet_orig,4,complexity,0.561625250202182
12,mobilenet_orig,5,faithfulness,0.02661852538585663
12,mobilenet_orig,5,robustness,1.2348047494888306
12,mobilenet_orig,5,complexity,0.6224455253472916
12,mobilenet_orig,6,faithfulness,-0.02034747786819935
12,mobilenet_orig,6,robustness,1.4783174991607666
12,mobilenet_orig,6,complexity,0.5939849954995003
12,mobilenet_orig,7,faithfulness,-0.19680280983448029
12,mobilenet_orig,7,robustness,1.6316146850585938
12,mobilenet_orig,7,complexity,0.575979163051457
12,mobilenet_orig,8,faithfulness,0.20288079977035522
12,mobilenet_orig,8,robustness,2.157442808151245
12,mobilenet_orig,8,complexity,0.5688196785147515
12,mobilenet_orig,9,faithfulness,0.040707629173994064
12,mobilenet_orig,9,robustness,1.4651685953140259
12,mobilenet_orig,9,complexity,0.6143369441209552
12,mobilenet_orig,10,faithfulness,0.10849141329526901
12,mobilenet_orig,10,robustness,1.360967993736267
12,mobilenet_orig,10,complexity,0.5764418826666943
12,mobilenet_orig,11,faithfulness,-0.17768864333629608
12,mobilenet_orig,11,robustness,1.4279824495315552
12,mobilenet_orig,11,complexity,0.5880228150112591
12,mobilenet_orig,12,faithfulness,-0.03722202405333519
12,mobilenet_orig,12,robustness,1.5741405487060547
12,mobilenet_orig,12,complexity,0.5982991236141432
12,mobilenet_orig,13,faithfulness,-0.10229374468326569
12,mobilenet_orig,13,robustness,1.589251160621643
12,mobilenet_orig,13,complexity,0.5837073512828601
12,mobilenet_orig,14,faithfulness,-0.08470740169286728
12,mobilenet_orig,14,robustness,1.4708855152130127
12,mobilenet_orig,14,complexity,0.5681494605911079
12,mobilenet_orig,15,faithfulness,0.038180939853191376
12,mobilenet_orig,15,robustness,1.5641834735870361
12,mobilenet_orig,15,complexity,0.5848850850012062
12,mobilenet_orig,16,faithfulness,0.26877614855766296
12,mobilenet_orig,16,robustness,1.4517897367477417
12,mobilenet_orig,16,complexity,0.5877780902631414
12,mobilenet_orig,17,faithfulness,0.0013568103313446045
12,mobilenet_orig,17,robustness,1.3769149780273438
12,mobilenet_orig,17,complexity,0.5772159704652168
12,mobilenet_orig,18,faithfulness,0.14707854390144348
12,mobilenet_orig,18,robustness,1.9409693479537964
12,mobilenet_orig,18,complexity,0.5692428621299399
12,mobilenet_orig,19,faithfulness,0.35788699984550476
12,mobilenet_orig,19,robustness,1.6946130990982056
12,mobilenet_orig,19,complexity,0.5606176546734724
12,mobilenet_orig,20,faithfulness,-0.2288878709077835
12,mobilenet_orig,20,robustness,1.944886326789856
12,mobilenet_orig,20,complexity,0.5813093694964054
12,mobilenet_orig,21,faithfulness,0.03756582736968994
12,mobilenet_orig,21,robustness,1.7499147653579712
12,mobilenet_orig,21,complexity,0.5704634287212225
12,mobilenet_orig,22,faithfulness,0.22721320390701294
12,mobilenet_orig,22,robustness,1.8484389781951904
12,mobilenet_orig,22,complexity,0.5548717136091009
12,mobilenet_orig,23,faithfulness,-0.03304092586040497
12,mobilenet_orig,23,robustness,1.4267505407333374
12,mobilenet_orig,23,complexity,0.5499730911486369
12,mobilenet_orig,24,faithfulness,0.24281954765319824
12,mobilenet_orig,24,robustness,1.3556503057479858
12,mobilenet_orig,24,complexity,0.5825741488186679
12,mobilenet_orig,25,faithfulness,0.07025758177042007
12,mobilenet_orig,25,robustness,1.2954152822494507
12,mobilenet_orig,25,complexity,0.5792590925397175
12,mobilenet_orig,26,faithfulness,-0.04248546063899994
12,mobilenet_orig,26,robustness,1.4408810138702393
12,mobilenet_orig,26,complexity,0.5705895483120345
12,mobilenet_orig,27,faithfulness,-0.04068641737103462
12,mobilenet_orig,27,robustness,1.4881789684295654
12,mobilenet_orig,27,complexity,0.5765860528009052
12,mobilenet_orig,28,faithfulness,0.37523171305656433
12,mobilenet_orig,28,robustness,1.8521639108657837
12,mobilenet_orig,28,complexity,0.5533016169345241
12,mobilenet_orig,29,faithfulness,0.10561725497245789
12,mobilenet_orig,29,robustness,1.718240737915039
12,mobilenet_orig,29,complexity,0.570089240175593
12,mobilenet_orig,30,faithfulness,0.013211250305175781
12,mobilenet_orig,30,robustness,1.3865687847137451
12,mobilenet_orig,30,complexity,0.5649685050346315
12,mobilenet_orig,31,faithfulness,0.23028422892093658
12,mobilenet_orig,31,robustness,1.4469006061553955
12,mobilenet_orig,31,complexity,0.5979000952487871
12,mobilenet_orig,32,faithfulness,-0.07514063268899918
12,mobilenet_orig,32,robustness,1.4317256212234497
12,mobilenet_orig,32,complexity,0.6019507958039702
12,mobilenet_orig,33,faithfulness,-0.04443427920341492
12,mobilenet_orig,33,robustness,1.4780330657958984
12,mobilenet_orig,33,complexity,0.5615504010506573
12,mobilenet_orig,34,faithfulness,0.08168306946754456
12,mobilenet_orig,34,robustness,1.5090395212173462
12,mobilenet_orig,34,complexity,0.5574522737888797
12,mobilenet_orig,35,faithfulness,0.06228625774383545
12,mobilenet_orig,35,robustness,1.5737172365188599
12,mobilenet_orig,35,complexity,0.5958984990316766
12,mobilenet_orig,36,faithfulness,0.13490834832191467
12,mobilenet_orig,36,robustness,1.4321435689926147
12,mobilenet_orig,36,complexity,0.5647647981827171
12,mobilenet_orig,37,faithfulness,-0.054191239178180695
12,mobilenet_orig,37,robustness,1.7890297174453735
12,mobilenet_orig,37,complexity,0.5503955943781328
12,mobilenet_orig,38,faithfulness,0.15083202719688416
12,mobilenet_orig,38,robustness,1.942734956741333
12,mobilenet_orig,38,complexity,0.6050187579822226
12,mobilenet_orig,39,faithfulness,0.03045669198036194
12,mobilenet_orig,39,robustness,2.0645408630371094
12,mobilenet_orig,39,complexity,0.5793440902816623
12,mobilenet_orig,40,faithfulness,0.160936638712883
12,mobilenet_orig,40,robustness,1.695823073387146
12,mobilenet_orig,40,complexity,0.5713501125372122
12,mobilenet_orig,41,faithfulness,0.24805483222007751
12,mobilenet_orig,41,robustness,1.499077320098877
12,mobilenet_orig,41,complexity,0.5664108423620416
12,mobilenet_orig,42,faithfulness,0.3183298707008362
12,mobilenet_orig,42,robustness,1.7646163702011108
12,mobilenet_orig,42,complexity,0.5742995411466811
12,mobilenet_orig,43,faithfulness,-0.40913125872612
12,mobilenet_orig,43,robustness,1.6774792671203613
12,mobilenet_orig,43,complexity,0.5687149993885506
12,mobilenet_orig,44,faithfulness,0.04747266322374344
12,mobilenet_orig,44,robustness,1.5513916015625
12,mobilenet_orig,44,complexity,0.5663475709234097
12,mobilenet_orig,45,faithfulness,-0.12641508877277374
12,mobilenet_orig,45,robustness,1.8850101232528687
12,mobilenet_orig,45,complexity,0.5568218138125346
12,mobilenet_orig,46,faithfulness,0.24805068969726562
12,mobilenet_orig,46,robustness,1.8785353899002075
12,mobilenet_orig,46,complexity,0.5653862363214434
12,mobilenet_orig,47,faithfulness,-0.07970097661018372
12,mobilenet_orig,47,robustness,1.6194684505462646
12,mobilenet_orig,47,complexity,0.6056239588031943
12,mobilenet_orig,48,faithfulness,0.2044675648212433
12,mobilenet_orig,48,robustness,1.5425360202789307
12,mobilenet_orig,48,complexity,0.62021132079316
12,mobilenet_orig,49,faithfulness,-0.17649798095226288
12,mobilenet_orig,49,robustness,1.3902287483215332
12,mobilenet_orig,49,complexity,0.5555069640851059
12,mobilenet_orig,50,faithfulness,0.0909995436668396
12,mobilenet_orig,50,robustness,1.4591522216796875
12,mobilenet_orig,50,complexity,0.5967725684754692
12,mobilenet_orig,51,faithfulness,-0.018686532974243164
12,mobilenet_orig,51,robustness,1.488503098487854
12,mobilenet_orig,51,complexity,0.584547500830073
12,mobilenet_orig,52,faithfulness,0.237391859292984
12,mobilenet_orig,52,robustness,1.4307239055633545
12,mobilenet_orig,52,complexity,0.5853248196636494
12,mobilenet_orig,53,faithfulness,-0.05000526085495949
12,mobilenet_orig,53,robustness,1.3744285106658936
12,mobilenet_orig,53,complexity,0.6126893899920532
12,mobilenet_orig,54,faithfulness,-0.06207135319709778
12,mobilenet_orig,54,robustness,1.4233622550964355
12,mobilenet_orig,54,complexity,0.5790681789461061
12,mobilenet_orig,55,faithfulness,0.035474732518196106
12,mobilenet_orig,55,robustness,1.3139967918395996
12,mobilenet_orig,55,complexity,0.5990876827665538
12,mobilenet_orig,56,faithfulness,0.06560541689395905
12,mobilenet_orig,56,robustness,1.5708398818969727
12,mobilenet_orig,56,complexity,0.5753936651960052
12,mobilenet_orig,57,faithfulness,-0.2042323648929596
12,mobilenet_orig,57,robustness,1.464158535003662
12,mobilenet_orig,57,complexity,0.5685940094783524
12,mobilenet_orig,58,faithfulness,0.26690471172332764
12,mobilenet_orig,58,robustness,1.4971840381622314
12,mobilenet_orig,58,complexity,0.5660393714548688
12,mobilenet_recplot,0,faithfulness,-0.13702526688575745
12,mobilenet_recplot,0,robustness,2.2097747325897217
12,mobilenet_recplot,0,complexity,0.653903511721762
12,mobilenet_recplot,1,faithfulness,-0.03414473682641983
12,mobilenet_recplot,1,robustness,2.6145057678222656
12,mobilenet_recplot,1,complexity,0.6539840151135721
12,mobilenet_recplot,2,faithfulness,0.07428702712059021
12,mobilenet_recplot,2,robustness,1.4983136653900146
12,mobilenet_recplot,2,complexity,0.7142061906772179
12,mobilenet_recplot,3,faithfulness,0.3931676149368286
12,mobilenet_recplot,3,robustness,2.6197502613067627
12,mobilenet_recplot,3,complexity,0.6434596833735987
12,mobilenet_recplot,4,faithfulness,-0.08461412787437439
12,mobilenet_recplot,4,robustness,2.4973347187042236
12,mobilenet_recplot,4,complexity,0.7128157981761082
12,mobilenet_recplot,5,faithfulness,0.25931516289711
12,mobilenet_recplot,5,robustness,3.070171356201172
12,mobilenet_recplot,5,complexity,0.6932307091497683
12,mobilenet_recplot,6,faithfulness,-0.05012360215187073
12,mobilenet_recplot,6,robustness,2.0281949043273926
12,mobilenet_recplot,6,complexity,0.7058990037823288
12,mobilenet_recplot,7,faithfulness,0.150164395570755
12,mobilenet_recplot,7,robustness,1.506868600845337
12,mobilenet_recplot,7,complexity,0.6204244066641358
12,mobilenet_recplot,8,faithfulness,0.32950878143310547
12,mobilenet_recplot,8,robustness,3.2022082805633545
12,mobilenet_recplot,8,complexity,0.6150673518317266
12,mobilenet_recplot,9,faithfulness,0.22325332462787628
12,mobilenet_recplot,9,robustness,4.369745254516602
12,mobilenet_recplot,9,complexity,0.6130096916182127
12,mobilenet_recplot,10,faithfulness,-0.20661312341690063
12,mobilenet_recplot,10,robustness,2.2276957035064697
12,mobilenet_recplot,10,complexity,0.73183938699825
12,mobilenet_recplot,11,faithfulness,-0.1506664752960205
12,mobilenet_recplot,11,robustness,2.1881048679351807
12,mobilenet_recplot,11,complexity,0.6688758454711582
12,mobilenet_recplot,12,faithfulness,0.20539115369319916
12,mobilenet_recplot,12,robustness,1.815212368965149
12,mobilenet_recplot,12,complexity,0.6925448456187677
12,mobilenet_recplot,13,faithfulness,0.140505850315094
12,mobilenet_recplot,13,robustness,2.2075014114379883
12,mobilenet_recplot,13,complexity,0.6748684760370656
12,mobilenet_recplot,14,faithfulness,-0.2392035275697708
12,mobilenet_recplot,14,robustness,2.374016523361206
12,mobilenet_recplot,14,complexity,0.688857028526953
12,mobilenet_recplot,15,faithfulness,-0.14220024645328522
12,mobilenet_recplot,15,robustness,2.2767956256866455
12,mobilenet_recplot,15,complexity,0.6249231161365624
12,mobilenet_recplot,16,faithfulness,-0.13724082708358765
12,mobilenet_recplot,16,robustness,2.1405577659606934
12,mobilenet_recplot,16,complexity,0.6124548618966397
12,mobilenet_recplot,17,faithfulness,0.1572573333978653
12,mobilenet_recplot,17,robustness,1.5746041536331177
12,mobilenet_recplot,17,complexity,0.7369222606810786
12,mobilenet_recplot,18,faithfulness,0.27169546484947205
12,mobilenet_recplot,18,robustness,2.4404985904693604
12,mobilenet_recplot,18,complexity,0.5878288003081465
12,mobilenet_recplot,19,faithfulness,-0.10606327652931213
12,mobilenet_recplot,19,robustness,3.654911994934082
12,mobilenet_recplot,19,complexity,0.6386938461459677
12,mobilenet_recplot,20,faithfulness,0.1263297200202942
12,mobilenet_recplot,20,robustness,1.7739589214324951
12,mobilenet_recplot,20,complexity,0.5819357221915096
12,mobilenet_recplot,21,faithfulness,0.27469703555107117
12,mobilenet_recplot,21,robustness,1.8269295692443848
12,mobilenet_recplot,21,complexity,0.6435699758476967
12,mobilenet_recplot,22,faithfulness,0.03900331258773804
12,mobilenet_recplot,22,robustness,3.0301778316497803
12,mobilenet_recplot,22,complexity,0.6765090562602543
12,mobilenet_recplot,23,faithfulness,0.07274753600358963
12,mobilenet_recplot,23,robustness,2.8363420963287354
12,mobilenet_recplot,23,complexity,0.6915880962202015
12,mobilenet_recplot,24,faithfulness,-0.3791899085044861
12,mobilenet_recplot,24,robustness,3.691728353500366
12,mobilenet_recplot,24,complexity,0.6691876480480484
12,mobilenet_recplot,25,faithfulness,0.5020123720169067
12,mobilenet_recplot,25,robustness,4.052553653717041
12,mobilenet_recplot,25,complexity,0.6465020101213845
12,mobilenet_recplot,26,faithfulness,0.030892278999090195
12,mobilenet_recplot,26,robustness,3.2009711265563965
12,mobilenet_recplot,26,complexity,0.5931577828088571
12,mobilenet_recplot,27,faithfulness,0.06125368922948837
12,mobilenet_recplot,27,robustness,3.4018194675445557
12,mobilenet_recplot,27,complexity,0.6334703106203989
12,mobilenet_recplot,28,faithfulness,-0.32055121660232544
12,mobilenet_recplot,28,robustness,1.5108704566955566
12,mobilenet_recplot,28,complexity,0.630845151155761
12,mobilenet_recplot,29,faithfulness,-0.4494674801826477
12,mobilenet_recplot,29,robustness,2.140026092529297
12,mobilenet_recplot,29,complexity,0.6588736281548041
12,mobilenet_recplot,30,faithfulness,-0.13118568062782288
12,mobilenet_recplot,30,robustness,2.629880428314209
12,mobilenet_recplot,30,complexity,0.6572821626347104
12,mobilenet_recplot,31,faithfulness,0.29728442430496216
12,mobilenet_recplot,31,robustness,4.053957462310791
12,mobilenet_recplot,31,complexity,0.6487022910429338
12,mobilenet_recplot,32,faithfulness,-0.2289663553237915
12,mobilenet_recplot,32,robustness,4.079103946685791
12,mobilenet_recplot,32,complexity,0.6670757254495795
12,mobilenet_recplot,33,faithfulness,0.03112538531422615
12,mobilenet_recplot,33,robustness,4.674169540405273
12,mobilenet_recplot,33,complexity,0.6592467796822691
12,mobilenet_recplot,34,faithfulness,-0.04636605083942413
12,mobilenet_recplot,34,robustness,3.939817190170288
12,mobilenet_recplot,34,complexity,0.6656235774162419
12,mobilenet_recplot,35,faithfulness,0.14397601783275604
12,mobilenet_recplot,35,robustness,4.1072163581848145
12,mobilenet_recplot,35,complexity,0.6484357188381505
12,mobilenet_recplot,36,faithfulness,-0.20200592279434204
12,mobilenet_recplot,36,robustness,3.2028284072875977
12,mobilenet_recplot,36,complexity,0.6348005552103188
12,mobilenet_recplot,37,faithfulness,0.23230433464050293
12,mobilenet_recplot,37,robustness,1.630126714706421
12,mobilenet_recplot,37,complexity,0.7424834451034068
12,mobilenet_recplot,38,faithfulness,-0.01768546737730503
12,mobilenet_recplot,38,robustness,2.9144957065582275
12,mobilenet_recplot,38,complexity,0.5922411907174567
12,mobilenet_recplot,39,faithfulness,-0.24088457226753235
12,mobilenet_recplot,39,robustness,2.756868839263916
12,mobilenet_recplot,39,complexity,0.5870292432930626
12,mobilenet_recplot,40,faithfulness,-0.16891753673553467
12,mobilenet_recplot,40,robustness,2.4731521606445312
12,mobilenet_recplot,40,complexity,0.6348700873809473
12,mobilenet_recplot,41,faithfulness,0.3480001986026764
12,mobilenet_recplot,41,robustness,2.0534756183624268
12,mobilenet_recplot,41,complexity,0.6326080161996696
12,mobilenet_recplot,42,faithfulness,-0.0974879190325737
12,mobilenet_recplot,42,robustness,2.4502668380737305
12,mobilenet_recplot,42,complexity,0.6482178118830092
12,mobilenet_recplot,43,faithfulness,0.04054737463593483
12,mobilenet_recplot,43,robustness,2.434478998184204
12,mobilenet_recplot,43,complexity,0.6796918365053427
12,mobilenet_recplot,44,faithfulness,-0.008660450577735901
12,mobilenet_recplot,44,robustness,1.7302980422973633
12,mobilenet_recplot,44,complexity,0.5838489629025405
12,mobilenet_recplot,45,faithfulness,-0.12756595015525818
12,mobilenet_recplot,45,robustness,2.854937791824341
12,mobilenet_recplot,45,complexity,0.6880453542247124
12,mobilenet_recplot,46,faithfulness,-0.012467607855796814
12,mobilenet_recplot,46,robustness,1.3301928043365479
12,mobilenet_recplot,46,complexity,0.6339703876867082
12,mobilenet_recplot,47,faithfulness,-0.18249104917049408
12,mobilenet_recplot,47,robustness,2.9188921451568604
12,mobilenet_recplot,47,complexity,0.684113031330038
12,mobilenet_recplot,48,faithfulness,0.12151797860860825
12,mobilenet_recplot,48,robustness,2.7123820781707764
12,mobilenet_recplot,48,complexity,0.6837354848988587
12,mobilenet_recplot,49,faithfulness,-0.03876210004091263
12,mobilenet_recplot,49,robustness,3.444932222366333
12,mobilenet_recplot,49,complexity,0.6021355775976331
12,mobilenet_recplot,50,faithfulness,0.1919182687997818
12,mobilenet_recplot,50,robustness,2.3244285583496094
12,mobilenet_recplot,50,complexity,0.6347807154867743
12,mobilenet_recplot,51,faithfulness,-0.05033215880393982
12,mobilenet_recplot,51,robustness,2.8677470684051514
12,mobilenet_recplot,51,complexity,0.6325495540462056
12,mobilenet_recplot,52,faithfulness,-0.033559925854206085
12,mobilenet_recplot,52,robustness,4.5236382484436035
12,mobilenet_recplot,52,complexity,0.5840286154776737
12,mobilenet_recplot,53,faithfulness,-0.08797328174114227
12,mobilenet_recplot,53,robustness,1.7916020154953003
12,mobilenet_recplot,53,complexity,0.6727965255997721
12,mobilenet_recplot,54,faithfulness,0.09977026283740997
12,mobilenet_recplot,54,robustness,1.6552332639694214
12,mobilenet_recplot,54,complexity,0.6747480155819258
12,mobilenet_recplot,55,faithfulness,0.028947345912456512
12,mobilenet_recplot,55,robustness,2.036388874053955
12,mobilenet_recplot,55,complexity,0.7194573576374128
12,mobilenet_recplot,56,faithfulness,0.01743897795677185
12,mobilenet_recplot,56,robustness,2.093245029449463
12,mobilenet_recplot,56,complexity,0.6334947576971145
12,mobilenet_recplot,57,faithfulness,0.17455652356147766
12,mobilenet_recplot,57,robustness,2.777683734893799
12,mobilenet_recplot,57,complexity,0.674681583030499
12,mobilenet_recplot,58,faithfulness,0.019738979637622833
12,mobilenet_recplot,58,robustness,2.997481107711792
12,mobilenet_recplot,58,complexity,0.6487756531781893
12,effnet_orig,0,faithfulness,0.010692551732063293
12,effnet_orig,0,robustness,1.4023016691207886
12,effnet_orig,0,complexity,0.5362216231453507
12,effnet_orig,1,faithfulness,-0.04683830589056015
12,effnet_orig,1,robustness,1.231154441833496
12,effnet_orig,1,complexity,0.529760483473185
12,effnet_orig,2,faithfulness,0.31555020809173584
12,effnet_orig,2,robustness,1.6488845348358154
12,effnet_orig,2,complexity,0.5207330791002222
12,effnet_orig,3,faithfulness,-0.23637202382087708
12,effnet_orig,3,robustness,1.4161056280136108
12,effnet_orig,3,complexity,0.535051303890496
12,effnet_orig,4,faithfulness,0.2998726963996887
12,effnet_orig,4,robustness,1.6637229919433594
12,effnet_orig,4,complexity,0.5309918938721215
12,effnet_orig,5,faithfulness,-0.18232713639736176
12,effnet_orig,5,robustness,1.6203861236572266
12,effnet_orig,5,complexity,0.5266923566247081
12,effnet_orig,6,faithfulness,0.34883320331573486
12,effnet_orig,6,robustness,1.6705724000930786
12,effnet_orig,6,complexity,0.5503049285671909
12,effnet_orig,7,faithfulness,0.25035735964775085
12,effnet_orig,7,robustness,1.3285775184631348
12,effnet_orig,7,complexity,0.5423053563845049
12,effnet_orig,8,faithfulness,0.6446387767791748
12,effnet_orig,8,robustness,1.3223206996917725
12,effnet_orig,8,complexity,0.538731943361367
12,effnet_orig,9,faithfulness,0.3052007257938385
12,effnet_orig,9,robustness,1.2371697425842285
12,effnet_orig,9,complexity,0.5293116530124867
12,effnet_orig,10,faithfulness,-0.061444006860256195
12,effnet_orig,10,robustness,1.6679273843765259
12,effnet_orig,10,complexity,0.5316182351229106
12,effnet_orig,11,faithfulness,0.4816204309463501
12,effnet_orig,11,robustness,1.7682230472564697
12,effnet_orig,11,complexity,0.527236003183563
12,effnet_orig,12,faithfulness,0.14771921932697296
12,effnet_orig,12,robustness,1.2217109203338623
12,effnet_orig,12,complexity,0.5511102716488592
12,effnet_orig,13,faithfulness,0.3908000886440277
12,effnet_orig,13,robustness,1.5754860639572144
12,effnet_orig,13,complexity,0.5317307269531221
12,effnet_orig,14,faithfulness,0.00101495161652565
12,effnet_orig,14,robustness,1.402762532234192
12,effnet_orig,14,complexity,0.5304775126274293
12,effnet_orig,15,faithfulness,0.1398247480392456
12,effnet_orig,15,robustness,1.4818488359451294
12,effnet_orig,15,complexity,0.5099667431625118
12,effnet_orig,16,faithfulness,0.1621270328760147
12,effnet_orig,16,robustness,1.449639081954956
12,effnet_orig,16,complexity,0.5324706699894016
12,effnet_orig,17,faithfulness,0.3036426603794098
12,effnet_orig,17,robustness,1.588951587677002
12,effnet_orig,17,complexity,0.5374920002225362
12,effnet_orig,18,faithfulness,0.3187728524208069
12,effnet_orig,18,robustness,1.2207231521606445
12,effnet_orig,18,complexity,0.5296694199728383
12,effnet_orig,19,faithfulness,0.2061988115310669
12,effnet_orig,19,robustness,1.36007821559906
12,effnet_orig,19,complexity,0.5322236012838647
12,effnet_orig,20,faithfulness,0.13808724284172058
12,effnet_orig,20,robustness,1.590583324432373
12,effnet_orig,20,complexity,0.5526083842263957
12,effnet_orig,21,faithfulness,0.12429720163345337
12,effnet_orig,21,robustness,1.3871135711669922
12,effnet_orig,21,complexity,0.5591679737803256
12,effnet_orig,22,faithfulness,0.29282689094543457
12,effnet_orig,22,robustness,1.7387123107910156
12,effnet_orig,22,complexity,0.531671261788311
12,effnet_orig,23,faithfulness,0.09348226338624954
12,effnet_orig,23,robustness,1.325677752494812
12,effnet_orig,23,complexity,0.5302007282340916
12,effnet_orig,24,faithfulness,-0.07140382379293442
12,effnet_orig,24,robustness,1.1466597318649292
12,effnet_orig,24,complexity,0.5406331825967511
12,effnet_orig,25,faithfulness,0.13465116918087006
12,effnet_orig,25,robustness,1.2637879848480225
12,effnet_orig,25,complexity,0.5395579570166286
12,effnet_orig,26,faithfulness,0.023209422826766968
12,effnet_orig,26,robustness,1.4087777137756348
12,effnet_orig,26,complexity,0.5247991520066123
12,effnet_orig,27,faithfulness,0.5167536735534668
12,effnet_orig,27,robustness,1.1390575170516968
12,effnet_orig,27,complexity,0.5426940414394326
12,effnet_orig,28,faithfulness,0.165212020277977
12,effnet_orig,28,robustness,1.3870315551757812
12,effnet_orig,28,complexity,0.5508814367166427
12,effnet_orig,29,faithfulness,0.03210406005382538
12,effnet_orig,29,robustness,1.3978403806686401
12,effnet_orig,29,complexity,0.5475707864864998
12,effnet_orig,30,faithfulness,0.23426425457000732
12,effnet_orig,30,robustness,1.5279927253723145
12,effnet_orig,30,complexity,0.5228885630259466
12,effnet_orig,31,faithfulness,0.3634472191333771
12,effnet_orig,31,robustness,1.2683788537979126
12,effnet_orig,31,complexity,0.5493394110054347
12,effnet_orig,32,faithfulness,-0.025309335440397263
12,effnet_orig,32,robustness,1.170637607574463
12,effnet_orig,32,complexity,0.5366043818782498
12,effnet_orig,33,faithfulness,0.24396446347236633
12,effnet_orig,33,robustness,1.4613293409347534
12,effnet_orig,33,complexity,0.5472454108106231
12,effnet_orig,34,faithfulness,0.1426059752702713
12,effnet_orig,34,robustness,1.6302111148834229
12,effnet_orig,34,complexity,0.5230746374110803
12,effnet_orig,35,faithfulness,0.041062045842409134
12,effnet_orig,35,robustness,1.3469109535217285
12,effnet_orig,35,complexity,0.533696276320003
12,effnet_orig,36,faithfulness,0.10322026908397675
12,effnet_orig,36,robustness,1.4802050590515137
12,effnet_orig,36,complexity,0.513479788550443
12,effnet_orig,37,faithfulness,-0.16235025227069855
12,effnet_orig,37,robustness,1.59922194480896
12,effnet_orig,37,complexity,0.5511229205184461
12,effnet_orig,38,faithfulness,0.027019396424293518
12,effnet_orig,38,robustness,1.4042203426361084
12,effnet_orig,38,complexity,0.5484521279342123
12,effnet_orig,39,faithfulness,-0.027282483875751495
12,effnet_orig,39,robustness,1.516725778579712
12,effnet_orig,39,complexity,0.581099909345124
12,effnet_orig,40,faithfulness,0.5434105396270752
12,effnet_orig,40,robustness,1.5077104568481445
12,effnet_orig,40,complexity,0.5471489040313506
12,effnet_orig,41,faithfulness,0.36000972986221313
12,effnet_orig,41,robustness,1.2963647842407227
12,effnet_orig,41,complexity,0.537244858485705
12,effnet_orig,42,faithfulness,0.34019410610198975
12,effnet_orig,42,robustness,1.5085859298706055
12,effnet_orig,42,complexity,0.5483984599630427
12,effnet_orig,43,faithfulness,0.11964817345142365
12,effnet_orig,43,robustness,1.9212379455566406
12,effnet_orig,43,complexity,0.5287442180544997
12,effnet_orig,44,faithfulness,-0.32845574617385864
12,effnet_orig,44,robustness,1.6434613466262817
12,effnet_orig,44,complexity,0.5506628106581729
12,effnet_orig,45,faithfulness,0.24725458025932312
12,effnet_orig,45,robustness,1.4741042852401733
12,effnet_orig,45,complexity,0.5344497413600469
12,effnet_orig,46,faithfulness,0.3338553309440613
12,effnet_orig,46,robustness,1.5083227157592773
12,effnet_orig,46,complexity,0.5764101979179959
12,effnet_orig,47,faithfulness,0.12867838144302368
12,effnet_orig,47,robustness,1.449981689453125
12,effnet_orig,47,complexity,0.5332235884961932
12,effnet_orig,48,faithfulness,0.07223565876483917
12,effnet_orig,48,robustness,1.5987409353256226
12,effnet_orig,48,complexity,0.5476034041747061
12,effnet_orig,49,faithfulness,0.26275837421417236
12,effnet_orig,49,robustness,1.16282057762146
12,effnet_orig,49,complexity,0.5144667154705117
12,effnet_orig,50,faithfulness,0.13703368604183197
12,effnet_orig,50,robustness,1.306105136871338
12,effnet_orig,50,complexity,0.5537338168115797
12,effnet_orig,51,faithfulness,0.1895035356283188
12,effnet_orig,51,robustness,1.2294597625732422
12,effnet_orig,51,complexity,0.5494241154726539
12,effnet_orig,52,faithfulness,-0.10184914618730545
12,effnet_orig,52,robustness,1.2568100690841675
12,effnet_orig,52,complexity,0.5366044867424192
12,effnet_orig,53,faithfulness,0.47804051637649536
12,effnet_orig,53,robustness,1.3968586921691895
12,effnet_orig,53,complexity,0.5700290930152438
12,effnet_orig,54,faithfulness,0.2231670618057251
12,effnet_orig,54,robustness,1.35494863986969
12,effnet_orig,54,complexity,0.5337795909264317
12,effnet_orig,55,faithfulness,-0.03302023559808731
12,effnet_orig,55,robustness,1.4397380352020264
12,effnet_orig,55,complexity,0.5404204997504881
12,effnet_orig,56,faithfulness,0.05969313159584999
12,effnet_orig,56,robustness,1.7829958200454712
12,effnet_orig,56,complexity,0.5254916484864302
12,effnet_orig,57,faithfulness,-0.04134473204612732
12,effnet_orig,57,robustness,1.2257990837097168
12,effnet_orig,57,complexity,0.5531353680880128
12,effnet_orig,58,faithfulness,-0.2534257471561432
12,effnet_orig,58,robustness,1.3865188360214233
12,effnet_orig,58,complexity,0.5244623651134805
12,effnet_recplot,0,faithfulness,-0.1307503879070282
12,effnet_recplot,0,robustness,71.66500091552734
12,effnet_recplot,0,complexity,0.589815510810024
12,effnet_recplot,1,faithfulness,-0.13716061413288116
12,effnet_recplot,1,robustness,5.575161457061768
12,effnet_recplot,1,complexity,0.6018275105361508
12,effnet_recplot,2,faithfulness,0.06573514640331268
12,effnet_recplot,2,robustness,7.530949115753174
12,effnet_recplot,2,complexity,0.6087465676231141
12,effnet_recplot,3,faithfulness,0.08659273386001587
12,effnet_recplot,3,robustness,1.0598225593566895
12,effnet_recplot,3,complexity,0.5881553716268401
12,effnet_recplot,4,faithfulness,-0.07285277545452118
12,effnet_recplot,4,robustness,216.38534545898438
12,effnet_recplot,4,complexity,0.6446506795186916
12,effnet_recplot,5,faithfulness,0.17145821452140808
12,effnet_recplot,5,robustness,6.9021124839782715
12,effnet_recplot,5,complexity,0.6323627503082738
12,effnet_recplot,6,faithfulness,0.013971224427223206
12,effnet_recplot,6,robustness,5233.21728515625
12,effnet_recplot,6,complexity,0.6258478712069632
12,effnet_recplot,7,faithfulness,-0.02416291832923889
12,effnet_recplot,7,robustness,1.6095223426818848
12,effnet_recplot,7,complexity,0.5301156517540412
12,effnet_recplot,8,faithfulness,-0.019429825246334076
12,effnet_recplot,8,robustness,26.267854690551758
12,effnet_recplot,8,complexity,0.6297806197348239
12,effnet_recplot,9,faithfulness,0.281649112701416
12,effnet_recplot,9,robustness,1.0895360708236694
12,effnet_recplot,9,complexity,0.6151995594762584
12,effnet_recplot,10,faithfulness,-0.18996164202690125
12,effnet_recplot,10,robustness,12.004240989685059
12,effnet_recplot,10,complexity,0.6294101341749878
12,effnet_recplot,11,faithfulness,-0.24184009432792664
12,effnet_recplot,11,robustness,42.375144958496094
12,effnet_recplot,11,complexity,0.5666500133772044
12,effnet_recplot,12,faithfulness,-0.03328390419483185
12,effnet_recplot,12,robustness,8.310651779174805
12,effnet_recplot,12,complexity,0.5659378424178606
12,effnet_recplot,13,faithfulness,-0.23782142996788025
12,effnet_recplot,13,robustness,281.62249755859375
12,effnet_recplot,13,complexity,0.6081507977713141
12,effnet_recplot,14,faithfulness,-0.2155148983001709
12,effnet_recplot,14,robustness,165.8248291015625
12,effnet_recplot,14,complexity,0.602050939940358
12,effnet_recplot,15,faithfulness,0.16989171504974365
12,effnet_recplot,15,robustness,110.23087310791016
12,effnet_recplot,15,complexity,0.5449526234725415
12,effnet_recplot,16,faithfulness,-0.1801808476448059
12,effnet_recplot,16,robustness,1.0703420639038086
12,effnet_recplot,16,complexity,0.5366192606379511
12,effnet_recplot,17,faithfulness,-0.032071977853775024
12,effnet_recplot,17,robustness,16.456985473632812
12,effnet_recplot,17,complexity,0.5855710299936178
12,effnet_recplot,18,faithfulness,-0.0384422168135643
12,effnet_recplot,18,robustness,3.1419517993927
12,effnet_recplot,18,complexity,0.5277447350855495
12,effnet_recplot,19,faithfulness,-0.14728236198425293
12,effnet_recplot,19,robustness,79.63663482666016
12,effnet_recplot,19,complexity,0.5895157855312778
12,effnet_recplot,20,faithfulness,0.15039999783039093
12,effnet_recplot,20,robustness,6.858975410461426
12,effnet_recplot,20,complexity,0.5505040776048659
12,effnet_recplot,21,faithfulness,0.05187349021434784
12,effnet_recplot,21,robustness,9.539715766906738
12,effnet_recplot,21,complexity,0.617309172359988
12,effnet_recplot,22,faithfulness,0.43399345874786377
12,effnet_recplot,22,robustness,1.8765647411346436
12,effnet_recplot,22,complexity,0.5777484305078943
12,effnet_recplot,23,faithfulness,-0.02751442790031433
12,effnet_recplot,23,robustness,4.197470188140869
12,effnet_recplot,23,complexity,0.6340012282530055
12,effnet_recplot,24,faithfulness,0.03829798102378845
12,effnet_recplot,24,robustness,383.0328674316406
12,effnet_recplot,24,complexity,0.6550212017670837
12,effnet_recplot,25,faithfulness,0.0030849874019622803
12,effnet_recplot,25,robustness,7.494200706481934
12,effnet_recplot,25,complexity,0.6349031218084753
12,effnet_recplot,26,faithfulness,0.13146895170211792
12,effnet_recplot,26,robustness,155.09129333496094
12,effnet_recplot,26,complexity,0.5516485680211579
12,effnet_recplot,27,faithfulness,-0.02154502272605896
12,effnet_recplot,27,robustness,185.34036254882812
12,effnet_recplot,27,complexity,0.6490136223788011
12,effnet_recplot,28,faithfulness,-0.025012999773025513
12,effnet_recplot,28,robustness,1.3783318996429443
12,effnet_recplot,28,complexity,0.57169956392346
12,effnet_recplot,29,faithfulness,0.06949277967214584
12,effnet_recplot,29,robustness,2.5101428031921387
12,effnet_recplot,29,complexity,0.5706923432697363
12,effnet_recplot,30,faithfulness,-0.11295481026172638
12,effnet_recplot,30,robustness,27.75345230102539
12,effnet_recplot,30,complexity,0.5863160333996517
12,effnet_recplot,31,faithfulness,-0.05518760532140732
12,effnet_recplot,31,robustness,188.67666625976562
12,effnet_recplot,31,complexity,0.6337558497811091
12,effnet_recplot,32,faithfulness,0.11405390501022339
12,effnet_recplot,32,robustness,7741.26318359375
12,effnet_recplot,32,complexity,0.5977652938436001
12,effnet_recplot,33,faithfulness,-0.09972158074378967
12,effnet_recplot,33,robustness,11.562729835510254
12,effnet_recplot,33,complexity,0.68987945587392
12,effnet_recplot,34,faithfulness,-0.061223890632390976
12,effnet_recplot,34,robustness,201.87103271484375
12,effnet_recplot,34,complexity,0.6200979149369427
12,effnet_recplot,35,faithfulness,-0.16805684566497803
12,effnet_recplot,35,robustness,2644.467041015625
12,effnet_recplot,35,complexity,0.6123184022596704
12,effnet_recplot,36,faithfulness,-0.174940288066864
12,effnet_recplot,36,robustness,1843.2276611328125
12,effnet_recplot,36,complexity,0.5703485054800137
12,effnet_recplot,37,faithfulness,0.031023971736431122
12,effnet_recplot,37,robustness,42.34296417236328
12,effnet_recplot,37,complexity,0.6364443197085576
12,effnet_recplot,38,faithfulness,-0.0010534673929214478
12,effnet_recplot,38,robustness,20.322019577026367
12,effnet_recplot,38,complexity,0.5717001480375197
12,effnet_recplot,39,faithfulness,-0.17639371752738953
12,effnet_recplot,39,robustness,155.83583068847656
12,effnet_recplot,39,complexity,0.5864870551658267
12,effnet_recplot,40,faithfulness,-0.153079092502594
12,effnet_recplot,40,robustness,5.413973808288574
12,effnet_recplot,40,complexity,0.5246036415533714
12,effnet_recplot,41,faithfulness,0.0970027819275856
12,effnet_recplot,41,robustness,11.15869140625
12,effnet_recplot,41,complexity,0.5985620285822667
12,effnet_recplot,42,faithfulness,0.12379448115825653
12,effnet_recplot,42,robustness,54.5230827331543
12,effnet_recplot,42,complexity,0.6127759410117998
12,effnet_recplot,43,faithfulness,-0.09003236144781113
12,effnet_recplot,43,robustness,2.394822597503662
12,effnet_recplot,43,complexity,0.6292777670364208
12,effnet_recplot,44,faithfulness,-0.22908298671245575
12,effnet_recplot,44,robustness,1.0146937370300293
12,effnet_recplot,44,complexity,0.5696645877266533
12,effnet_recplot,45,faithfulness,-0.0020562708377838135
12,effnet_recplot,45,robustness,617.0865478515625
12,effnet_recplot,45,complexity,0.5988019998302078
12,effnet_recplot,46,faithfulness,0.09806419909000397
12,effnet_recplot,46,robustness,6.022243499755859
12,effnet_recplot,46,complexity,0.5853046316733325
12,effnet_recplot,47,faithfulness,0.21711835265159607
12,effnet_recplot,47,robustness,2.8310048580169678
12,effnet_recplot,47,complexity,0.5848657540964514
12,effnet_recplot,48,faithfulness,-0.0734701156616211
12,effnet_recplot,48,robustness,147.4607696533203
12,effnet_recplot,48,complexity,0.5917890341659177
12,effnet_recplot,49,faithfulness,0.04329662770032883
12,effnet_recplot,49,robustness,27.808799743652344
12,effnet_recplot,49,complexity,0.5920855866201278
12,effnet_recplot,50,faithfulness,-0.0985407680273056
12,effnet_recplot,50,robustness,28.900651931762695
12,effnet_recplot,50,complexity,0.557853054790655
12,effnet_recplot,51,faithfulness,-0.04581581428647041
12,effnet_recplot,51,robustness,99.6281967163086
12,effnet_recplot,51,complexity,0.6348284840424031
12,effnet_recplot,52,faithfulness,0.11485444754362106
12,effnet_recplot,52,robustness,9.375907897949219
12,effnet_recplot,52,complexity,0.5849147874405467
12,effnet_recplot,53,faithfulness,0.1769743710756302
12,effnet_recplot,53,robustness,1.4900482892990112
12,effnet_recplot,53,complexity,0.5945606043037025
12,effnet_recplot,54,faithfulness,0.23171977698802948
12,effnet_recplot,54,robustness,1.6834051609039307
12,effnet_recplot,54,complexity,0.6528504228108195
12,effnet_recplot,55,faithfulness,0.2615547180175781
12,effnet_recplot,55,robustness,194.33900451660156
12,effnet_recplot,55,complexity,0.5980410967179739
12,effnet_recplot,56,faithfulness,-0.15600258111953735
12,effnet_recplot,56,robustness,19.912662506103516
12,effnet_recplot,56,complexity,0.563703574906231
12,effnet_recplot,57,faithfulness,-0.10930706560611725
12,effnet_recplot,57,robustness,1.1143888235092163
12,effnet_recplot,57,complexity,0.5912607547353992
12,effnet_recplot,58,faithfulness,-0.0575142577290535
12,effnet_recplot,58,robustness,1.0014493465423584
12,effnet_recplot,58,complexity,0.5668828166958924
42,mobilenet_orig,0,faithfulness,0.1567261815071106
42,mobilenet_orig,0,robustness,1.6499987840652466
42,mobilenet_orig,0,complexity,0.6194992266700846
42,mobilenet_orig,1,faithfulness,-0.007737703621387482
42,mobilenet_orig,1,robustness,1.62821626663208
42,mobilenet_orig,1,complexity,0.5732610879954163
42,mobilenet_orig,2,faithfulness,0.05562723055481911
42,mobilenet_orig,2,robustness,1.3121079206466675
42,mobilenet_orig,2,complexity,0.6080897334961399
42,mobilenet_orig,3,faithfulness,0.09770776331424713
42,mobilenet_orig,3,robustness,1.456709384918213
42,mobilenet_orig,3,complexity,0.5989993288646986
42,mobilenet_orig,4,faithfulness,0.16910190880298615
42,mobilenet_orig,4,robustness,1.3648840188980103
42,mobilenet_orig,4,complexity,0.5743030293636457
42,mobilenet_orig,5,faithfulness,-0.22039633989334106
42,mobilenet_orig,5,robustness,1.3243941068649292
42,mobilenet_orig,5,complexity,0.6194381149921055
42,mobilenet_orig,6,faithfulness,-0.05087114870548248
42,mobilenet_orig,6,robustness,1.2137068510055542
42,mobilenet_orig,6,complexity,0.5903682432036036
42,mobilenet_orig,7,faithfulness,0.2604813873767853
42,mobilenet_orig,7,robustness,1.889682412147522
42,mobilenet_orig,7,complexity,0.5715337749776463
42,mobilenet_orig,8,faithfulness,0.5601838231086731
42,mobilenet_orig,8,robustness,1.519618272781372
42,mobilenet_orig,8,complexity,0.5829152711288896
42,mobilenet_orig,9,faithfulness,-0.1758280098438263
42,mobilenet_orig,9,robustness,1.4474365711212158
42,mobilenet_orig,9,complexity,0.6132834346813393
42,mobilenet_orig,10,faithfulness,0.2540839910507202
42,mobilenet_orig,10,robustness,1.4255294799804688
42,mobilenet_orig,10,complexity,0.5834309448511594
42,mobilenet_orig,11,faithfulness,0.023488350212574005
42,mobilenet_orig,11,robustness,1.5583727359771729
42,mobilenet_orig,11,complexity,0.5887074439549285
42,mobilenet_orig,12,faithfulness,0.18504372239112854
42,mobilenet_orig,12,robustness,1.6761879920959473
42,mobilenet_orig,12,complexity,0.6040997517333275
42,mobilenet_orig,13,faithfulness,0.3415865898132324
42,mobilenet_orig,13,robustness,1.38454008102417
42,mobilenet_orig,13,complexity,0.5853142948151971
42,mobilenet_orig,14,faithfulness,-0.04414772987365723
42,mobilenet_orig,14,robustness,1.2256567478179932
42,mobilenet_orig,14,complexity,0.5886743826867104
42,mobilenet_orig,15,faithfulness,0.10379014909267426
42,mobilenet_orig,15,robustness,1.4933040142059326
42,mobilenet_orig,15,complexity,0.5836904039055859
42,mobilenet_orig,16,faithfulness,-0.09581347554922104
42,mobilenet_orig,16,robustness,1.8059388399124146
42,mobilenet_orig,16,complexity,0.5798657921716885
42,mobilenet_orig,17,faithfulness,0.1566717028617859
42,mobilenet_orig,17,robustness,1.4686583280563354
42,mobilenet_orig,17,complexity,0.5791765687053141
42,mobilenet_orig,18,faithfulness,-0.07646988332271576
42,mobilenet_orig,18,robustness,1.7214597463607788
42,mobilenet_orig,18,complexity,0.5565079247172258
42,mobilenet_orig,19,faithfulness,0.29226750135421753
42,mobilenet_orig,19,robustness,1.537994146347046
42,mobilenet_orig,19,complexity,0.5496382779807819
42,mobilenet_orig,20,faithfulness,0.46708133816719055
42,mobilenet_orig,20,robustness,1.4946622848510742
42,mobilenet_orig,20,complexity,0.5939741403640795
42,mobilenet_orig,21,faithfulness,-0.08794645965099335
42,mobilenet_orig,21,robustness,1.7422457933425903
42,mobilenet_orig,21,complexity,0.5630743312328507
42,mobilenet_orig,22,faithfulness,-0.12273047864437103
42,mobilenet_orig,22,robustness,1.8510150909423828
42,mobilenet_orig,22,complexity,0.5367925639315225
42,mobilenet_orig,23,faithfulness,-0.020609021186828613
42,mobilenet_orig,23,robustness,1.4680392742156982
42,mobilenet_orig,23,complexity,0.5486933228804731
42,mobilenet_orig,24,faithfulness,0.12763611972332
42,mobilenet_orig,24,robustness,1.4455797672271729
42,mobilenet_orig,24,complexity,0.5532911156282418
42,mobilenet_orig,25,faithfulness,0.13006356358528137
42,mobilenet_orig,25,robustness,1.3520164489746094
42,mobilenet_orig,25,complexity,0.58449254069721
42,mobilenet_orig,26,faithfulness,-0.10551385581493378
42,mobilenet_orig,26,robustness,1.5906569957733154
42,mobilenet_orig,26,complexity,0.5652883939043347
42,mobilenet_orig,27,faithfulness,0.2729244828224182
42,mobilenet_orig,27,robustness,1.4128309488296509
42,mobilenet_orig,27,complexity,0.5682389945983362
42,mobilenet_orig,28,faithfulness,0.38298383355140686
42,mobilenet_orig,28,robustness,2.021191358566284
42,mobilenet_orig,28,complexity,0.5613248855886143
42,mobilenet_orig,29,faithfulness,0.2678448557853699
42,mobilenet_orig,29,robustness,1.5989865064620972
42,mobilenet_orig,29,complexity,0.560584209761373
42,mobilenet_orig,30,faithfulness,0.012661941349506378
42,mobilenet_orig,30,robustness,1.392845869064331
42,mobilenet_orig,30,complexity,0.5576400571239389
42,mobilenet_orig,31,faithfulness,0.11096462607383728
42,mobilenet_orig,31,robustness,1.4445866346359253
42,mobilenet_orig,31,complexity,0.5922437635857296
42,mobilenet_orig,32,faithfulness,0.03154508396983147
42,mobilenet_orig,32,robustness,1.523289680480957
42,mobilenet_orig,32,complexity,0.5840932319767737
42,mobilenet_orig,33,faithfulness,-0.08291427791118622
42,mobilenet_orig,33,robustness,1.4975122213363647
42,mobilenet_orig,33,complexity,0.5609619699243867
42,mobilenet_orig,34,faithfulness,0.08194191753864288
42,mobilenet_orig,34,robustness,1.4610579013824463
42,mobilenet_orig,34,complexity,0.5478129509588557
42,mobilenet_orig,35,faithfulness,0.10081416368484497
42,mobilenet_orig,35,robustness,1.4529237747192383
42,mobilenet_orig,35,complexity,0.5809449888762339
42,mobilenet_orig,36,faithfulness,0.09588584303855896
42,mobilenet_orig,36,robustness,1.3380948305130005
42,mobilenet_orig,36,complexity,0.5684843607878906
42,mobilenet_orig,37,faithfulness,-0.10981212556362152
42,mobilenet_orig,37,robustness,1.9243190288543701
42,mobilenet_orig,37,complexity,0.5596468532833907
42,mobilenet_orig,38,faithfulness,-0.068811796605587
42,mobilenet_orig,38,robustness,1.9165501594543457
42,mobilenet_orig,38,complexity,0.5743365294128198
42,mobilenet_orig,39,faithfulness,0.09786348789930344
42,mobilenet_orig,39,robustness,1.835541844367981
42,mobilenet_orig,39,complexity,0.5734729941350366
42,mobilenet_orig,40,faithfulness,0.34468477964401245
42,mobilenet_orig,40,robustness,2.101703643798828
42,mobilenet_orig,40,complexity,0.5496766214226098
42,mobilenet_orig,41,faithfulness,0.041037507355213165
42,mobilenet_orig,41,robustness,1.6132680177688599
42,mobilenet_orig,41,complexity,0.565892624405256
42,mobilenet_orig,42,faithfulness,0.010897267609834671
42,mobilenet_orig,42,robustness,1.5027958154678345
42,mobilenet_orig,42,complexity,0.570463177656831
42,mobilenet_orig,43,faithfulness,0.18963372707366943
42,mobilenet_orig,43,robustness,1.977779746055603
42,mobilenet_orig,43,complexity,0.5679527119416502
42,mobilenet_orig,44,faithfulness,0.3775842785835266
42,mobilenet_orig,44,robustness,1.7652040719985962
42,mobilenet_orig,44,complexity,0.5412342634621657
42,mobilenet_orig,45,faithfulness,-0.32202428579330444
42,mobilenet_orig,45,robustness,1.6575307846069336
42,mobilenet_orig,45,complexity,0.5451182404423
42,mobilenet_orig,46,faithfulness,0.21303890645503998
42,mobilenet_orig,46,robustness,1.7218879461288452
42,mobilenet_orig,46,complexity,0.562517555534731
42,mobilenet_orig,47,faithfulness,0.038557618856430054
42,mobilenet_orig,47,robustness,1.3389960527420044
42,mobilenet_orig,47,complexity,0.5968276807122439
42,mobilenet_orig,48,faithfulness,-0.05787336081266403
42,mobilenet_orig,48,robustness,1.2568858861923218
42,mobilenet_orig,48,complexity,0.6110582479307652
42,mobilenet_orig,49,faithfulness,0.29240190982818604
42,mobilenet_orig,49,robustness,1.4001226425170898
42,mobilenet_orig,49,complexity,0.5646175424631149
42,mobilenet_orig,50,faithfulness,-0.03198626637458801
42,mobilenet_orig,50,robustness,1.7068732976913452
42,mobilenet_orig,50,complexity,0.580448224317147
42,mobilenet_orig,51,faithfulness,0.3711917996406555
42,mobilenet_orig,51,robustness,1.2256605625152588
42,mobilenet_orig,51,complexity,0.6199316035275905
42,mobilenet_orig,52,faithfulness,-0.10996195673942566
42,mobilenet_orig,52,robustness,1.3583781719207764
42,mobilenet_orig,52,complexity,0.5764084129320257
42,mobilenet_orig,53,faithfulness,-0.05798996239900589
42,mobilenet_orig,53,robustness,1.4158155918121338
42,mobilenet_orig,53,complexity,0.5929802100212125
42,mobilenet_orig,54,faithfulness,0.1298522651195526
42,mobilenet_orig,54,robustness,1.485765814781189
42,mobilenet_orig,54,complexity,0.5613737752992027
42,mobilenet_orig,55,faithfulness,-0.44974440336227417
42,mobilenet_orig,55,robustness,1.4157849550247192
42,mobilenet_orig,55,complexity,0.5514012367438806
42,mobilenet_orig,56,faithfulness,0.15947400033473969
42,mobilenet_orig,56,robustness,1.5432958602905273
42,mobilenet_orig,56,complexity,0.5762747491320853
42,mobilenet_orig,57,faithfulness,0.1338878870010376
42,mobilenet_orig,57,robustness,1.457231044769287
42,mobilenet_orig,57,complexity,0.5572102519875611
42,mobilenet_orig,58,faithfulness,-0.18264107406139374
42,mobilenet_orig,58,robustness,1.4932245016098022
42,mobilenet_orig,58,complexity,0.5617101793853643
42,mobilenet_recplot,0,faithfulness,0.07992091774940491
42,mobilenet_recplot,0,robustness,4.24569034576416
42,mobilenet_recplot,0,complexity,0.6222213583383145
42,mobilenet_recplot,1,faithfulness,-0.3340194821357727
42,mobilenet_recplot,1,robustness,3.7973837852478027
42,mobilenet_recplot,1,complexity,0.6172911278765224
42,mobilenet_recplot,2,faithfulness,-0.3992561101913452
42,mobilenet_recplot,2,robustness,1.8716130256652832
42,mobilenet_recplot,2,complexity,0.7184145558805586
42,mobilenet_recplot,3,faithfulness,-0.08162759244441986
42,mobilenet_recplot,3,robustness,3.1329033374786377
42,mobilenet_recplot,3,complexity,0.6441082914344027
42,mobilenet_recplot,4,faithfulness,-0.00880974531173706
42,mobilenet_recplot,4,robustness,2.140904188156128
42,mobilenet_recplot,4,complexity,0.7419142088264451
42,mobilenet_recplot,5,faithfulness,0.09540721774101257
42,mobilenet_recplot,5,robustness,2.2982869148254395
42,mobilenet_recplot,5,complexity,0.7179114012458712
42,mobilenet_recplot,6,faithfulness,-0.0977264940738678
42,mobilenet_recplot,6,robustness,1.570045828819275
42,mobilenet_recplot,6,complexity,0.7291792045854386
42,mobilenet_recplot,7,faithfulness,0.13551592826843262
42,mobilenet_recplot,7,robustness,2.108013391494751
42,mobilenet_recplot,7,complexity,0.567151778088128
42,mobilenet_recplot,8,faithfulness,-0.09001421183347702
42,mobilenet_recplot,8,robustness,3.3550078868865967
42,mobilenet_recplot,8,complexity,0.5889023735718056
42,mobilenet_recplot,9,faithfulness,-0.06477051973342896
42,mobilenet_recplot,9,robustness,3.62237286567688
42,mobilenet_recplot,9,complexity,0.6082766553091823
42,mobilenet_recplot,10,faithfulness,-0.20749559998512268
42,mobilenet_recplot,10,robustness,1.487188696861267
42,mobilenet_recplot,10,complexity,0.7520858066971041
42,mobilenet_recplot,11,faithfulness,-0.2905966639518738
42,mobilenet_recplot,11,robustness,2.6113226413726807
42,mobilenet_recplot,11,complexity,0.6637529846560898
42,mobilenet_recplot,12,faithfulness,-0.12736226618289948
42,mobilenet_recplot,12,robustness,2.28964900970459
42,mobilenet_recplot,12,complexity,0.6813668392768237
42,mobilenet_recplot,13,faithfulness,-0.1874539852142334
42,mobilenet_recplot,13,robustness,2.7313613891601562
42,mobilenet_recplot,13,complexity,0.6853599767396611
42,mobilenet_recplot,14,faithfulness,0.11225607991218567
42,mobilenet_recplot,14,robustness,1.9036451578140259
42,mobilenet_recplot,14,complexity,0.7034786589208304
42,mobilenet_recplot,15,faithfulness,0.4173619747161865
42,mobilenet_recplot,15,robustness,2.769502878189087
42,mobilenet_recplot,15,complexity,0.5996759613121889
42,mobilenet_recplot,16,faithfulness,-0.3481181263923645
42,mobilenet_recplot,16,robustness,2.2703006267547607
42,mobilenet_recplot,16,complexity,0.5699776632854259
42,mobilenet_recplot,17,faithfulness,-0.11213831603527069
42,mobilenet_recplot,17,robustness,1.841829538345337
42,mobilenet_recplot,17,complexity,0.7307088714765607
42,mobilenet_recplot,18,faithfulness,-0.08160454034805298
42,mobilenet_recplot,18,robustness,1.793899655342102
42,mobilenet_recplot,18,complexity,0.581950699891621
42,mobilenet_recplot,19,faithfulness,-0.075335294008255
42,mobilenet_recplot,19,robustness,5.101512908935547
42,mobilenet_recplot,19,complexity,0.6092503971785731
42,mobilenet_recplot,20,faithfulness,-0.23802068829536438
42,mobilenet_recplot,20,robustness,1.5870862007141113
42,mobilenet_recplot,20,complexity,0.6062307954818328
42,mobilenet_recplot,21,faithfulness,0.28577521443367004
42,mobilenet_recplot,21,robustness,2.2562217712402344
42,mobilenet_recplot,21,complexity,0.633929768302203
42,mobilenet_recplot,22,faithfulness,0.11180508881807327
42,mobilenet_recplot,22,robustness,3.0030596256256104
42,mobilenet_recplot,22,complexity,0.6632427259242053
42,mobilenet_recplot,23,faithfulness,0.40149056911468506
42,mobilenet_recplot,23,robustness,2.008394718170166
42,mobilenet_recplot,23,complexity,0.7113699428141658
42,mobilenet_recplot,24,faithfulness,-0.5812969207763672
42,mobilenet_recplot,24,robustness,3.1215012073516846
42,mobilenet_recplot,24,complexity,0.6593112742368997
42,mobilenet_recplot,25,faithfulness,0.22017334401607513
42,mobilenet_recplot,25,robustness,3.3438405990600586
42,mobilenet_recplot,25,complexity,0.625332518725276
42,mobilenet_recplot,26,faithfulness,-0.45464906096458435
42,mobilenet_recplot,26,robustness,1.9700647592544556
42,mobilenet_recplot,26,complexity,0.5955563705117422
42,mobilenet_recplot,27,faithfulness,0.20419280230998993
42,mobilenet_recplot,27,robustness,1.5163151025772095
42,mobilenet_recplot,27,complexity,0.691734429717707
42,mobilenet_recplot,28,faithfulness,-0.016094662249088287
42,mobilenet_recplot,28,robustness,1.4560314416885376
42,mobilenet_recplot,28,complexity,0.585383680052754
42,mobilenet_recplot,29,faithfulness,-0.03420157730579376
42,mobilenet_recplot,29,robustness,1.592960000038147
42,mobilenet_recplot,29,complexity,0.6380505409316953
42,mobilenet_recplot,30,faithfulness,-0.27239513397216797
42,mobilenet_recplot,30,robustness,3.8274035453796387
42,mobilenet_recplot,30,complexity,0.6366864466291826
42,mobilenet_recplot,31,faithfulness,-0.20946133136749268
42,mobilenet_recplot,31,robustness,3.961390256881714
42,mobilenet_recplot,31,complexity,0.6338439728582577
42,mobilenet_recplot,32,faithfulness,0.04322560876607895
42,mobilenet_recplot,32,robustness,3.310382127761841
42,mobilenet_recplot,32,complexity,0.6436052260695461
42,mobilenet_recplot,33,faithfulness,-0.2743036448955536
42,mobilenet_recplot,33,robustness,5.916033744812012
42,mobilenet_recplot,33,complexity,0.6391360950181643
42,mobilenet_recplot,34,faithfulness,0.17842628061771393
42,mobilenet_recplot,34,robustness,3.6953606605529785
42,mobilenet_recplot,34,complexity,0.6196856674882265
42,mobilenet_recplot,35,faithfulness,-0.130761057138443
42,mobilenet_recplot,35,robustness,3.9642341136932373
42,mobilenet_recplot,35,complexity,0.6288155939576521
42,mobilenet_recplot,36,faithfulness,-0.09874337911605835
42,mobilenet_recplot,36,robustness,2.3600661754608154
42,mobilenet_recplot,36,complexity,0.663799328294017
42,mobilenet_recplot,37,faithfulness,-0.0529973991215229
42,mobilenet_recplot,37,robustness,2.1339478492736816
42,mobilenet_recplot,37,complexity,0.7309501905013036
42,mobilenet_recplot,38,faithfulness,-0.12893754243850708
42,mobilenet_recplot,38,robustness,4.391680717468262
42,mobilenet_recplot,38,complexity,0.5739715315640324
42,mobilenet_recplot,39,faithfulness,0.012854009866714478
42,mobilenet_recplot,39,robustness,3.448552131652832
42,mobilenet_recplot,39,complexity,0.5709824886094348
42,mobilenet_recplot,40,faithfulness,0.02646493911743164
42,mobilenet_recplot,40,robustness,1.2711002826690674
42,mobilenet_recplot,40,complexity,0.613585277458792
42,mobilenet_recplot,41,faithfulness,0.1319495439529419
42,mobilenet_recplot,41,robustness,2.616971254348755
42,mobilenet_recplot,41,complexity,0.6109167865619127
42,mobilenet_recplot,42,faithfulness,0.09282291680574417
42,mobilenet_recplot,42,robustness,2.266833782196045
42,mobilenet_recplot,42,complexity,0.6638138536076342
42,mobilenet_recplot,43,faithfulness,-0.3183777928352356
42,mobilenet_recplot,43,robustness,2.14599609375
42,mobilenet_recplot,43,complexity,0.6958713481142209
42,mobilenet_recplot,44,faithfulness,-0.1545797884464264
42,mobilenet_recplot,44,robustness,2.216097593307495
42,mobilenet_recplot,44,complexity,0.5940114522866052
42,mobilenet_recplot,45,faithfulness,-0.025721363723278046
42,mobilenet_recplot,45,robustness,2.619982957839966
42,mobilenet_recplot,45,complexity,0.7037326829141651
42,mobilenet_recplot,46,faithfulness,-0.15524771809577942
42,mobilenet_recplot,46,robustness,1.414097785949707
42,mobilenet_recplot,46,complexity,0.6443487922505235
42,mobilenet_recplot,47,faithfulness,-0.032899025827646255
42,mobilenet_recplot,47,robustness,2.852972984313965
42,mobilenet_recplot,47,complexity,0.6879451511735842
42,mobilenet_recplot,48,faithfulness,-0.058999352157115936
42,mobilenet_recplot,48,robustness,2.630793333053589
42,mobilenet_recplot,48,complexity,0.696200958541314
42,mobilenet_recplot,49,faithfulness,0.25469380617141724
42,mobilenet_recplot,49,robustness,3.1409356594085693
42,mobilenet_recplot,49,complexity,0.5863136330774237
42,mobilenet_recplot,50,faithfulness,-0.11167754232883453
42,mobilenet_recplot,50,robustness,3.6152141094207764
42,mobilenet_recplot,50,complexity,0.6446319563612315
42,mobilenet_recplot,51,faithfulness,-0.20863576233386993
42,mobilenet_recplot,51,robustness,2.529048442840576
42,mobilenet_recplot,51,complexity,0.6558188063252146
42,mobilenet_recplot,52,faithfulness,-0.255967915058136
42,mobilenet_recplot,52,robustness,3.899919271469116
42,mobilenet_recplot,52,complexity,0.5863248520264845
42,mobilenet_recplot,53,faithfulness,-0.05591277778148651
42,mobilenet_recplot,53,robustness,3.1982648372650146
42,mobilenet_recplot,53,complexity,0.6748369670417803
42,mobilenet_recplot,54,faithfulness,0.11686541885137558
42,mobilenet_recplot,54,robustness,3.6255834102630615
42,mobilenet_recplot,54,complexity,0.6790060223986872
42,mobilenet_recplot,55,faithfulness,-0.3308009207248688
42,mobilenet_recplot,55,robustness,3.0102345943450928
42,mobilenet_recplot,55,complexity,0.7101558604248547
42,mobilenet_recplot,56,faithfulness,0.17196471989154816
42,mobilenet_recplot,56,robustness,5.22944450378418
42,mobilenet_recplot,56,complexity,0.6092827805154624
42,mobilenet_recplot,57,faithfulness,-0.20669043064117432
42,mobilenet_recplot,57,robustness,4.768869400024414
42,mobilenet_recplot,57,complexity,0.6310555112235751
42,mobilenet_recplot,58,faithfulness,-0.23883506655693054
42,mobilenet_recplot,58,robustness,4.551974296569824
42,mobilenet_recplot,58,complexity,0.6258561059467781
42,effnet_orig,0,faithfulness,0.29416322708129883
42,effnet_orig,0,robustness,1.1346341371536255
42,effnet_orig,0,complexity,0.5468222355139979
42,effnet_orig,1,faithfulness,0.47020596265792847
42,effnet_orig,1,robustness,1.230394721031189
42,effnet_orig,1,complexity,0.5217913054593537
42,effnet_orig,2,faithfulness,0.18168342113494873
42,effnet_orig,2,robustness,1.3184460401535034
42,effnet_orig,2,complexity,0.5234590682920406
42,effnet_orig,3,faithfulness,0.0321548655629158
42,effnet_orig,3,robustness,1.2417560815811157
42,effnet_orig,3,complexity,0.543388330909801
42,effnet_orig,4,faithfulness,0.0905814841389656
42,effnet_orig,4,robustness,1.7980320453643799
42,effnet_orig,4,complexity,0.5444547417938667
42,effnet_orig,5,faithfulness,-0.10348937660455704
42,effnet_orig,5,robustness,1.5577658414840698
42,effnet_orig,5,complexity,0.5474366432363543
42,effnet_orig,6,faithfulness,0.17423401772975922
42,effnet_orig,6,robustness,1.365639090538025
42,effnet_orig,6,complexity,0.5557052745392468
42,effnet_orig,7,faithfulness,0.11002691090106964
42,effnet_orig,7,robustness,1.4372003078460693
42,effnet_orig,7,complexity,0.5424507223826767
42,effnet_orig,8,faithfulness,0.32281187176704407
42,effnet_orig,8,robustness,1.2137120962142944
42,effnet_orig,8,complexity,0.5333949618709114
42,effnet_orig,9,faithfulness,0.08440525829792023
42,effnet_orig,9,robustness,1.2542264461517334
42,effnet_orig,9,complexity,0.5186661687336609
42,effnet_orig,10,faithfulness,-0.19792817533016205
42,effnet_orig,10,robustness,1.7243521213531494
42,effnet_orig,10,complexity,0.5359159198860162
42,effnet_orig,11,faithfulness,0.08989042788743973
42,effnet_orig,11,robustness,1.5786598920822144
42,effnet_orig,11,complexity,0.5350799222403234
42,effnet_orig,12,faithfulness,0.11246010661125183
42,effnet_orig,12,robustness,1.4724955558776855
42,effnet_orig,12,complexity,0.552312564477882
42,effnet_orig,13,faithfulness,0.3392292559146881
42,effnet_orig,13,robustness,1.6190599203109741
42,effnet_orig,13,complexity,0.5278901904531306
42,effnet_orig,14,faithfulness,0.015763185918331146
42,effnet_orig,14,robustness,1.5679864883422852
42,effnet_orig,14,complexity,0.5362027713132783
42,effnet_orig,15,faithfulness,0.23874452710151672
42,effnet_orig,15,robustness,1.1800168752670288
42,effnet_orig,15,complexity,0.5129905925703838
42,effnet_orig,16,faithfulness,0.29875314235687256
42,effnet_orig,16,robustness,1.2300238609313965
42,effnet_orig,16,complexity,0.5308492133493273
42,effnet_orig,17,faithfulness,-0.04593311622738838
42,effnet_orig,17,robustness,1.4153021574020386
42,effnet_orig,17,complexity,0.5334377160656979
42,effnet_orig,18,faithfulness,0.06404273957014084
42,effnet_orig,18,robustness,1.3741204738616943
42,effnet_orig,18,complexity,0.5416948200999432
42,effnet_orig,19,faithfulness,0.08386390656232834
42,effnet_orig,19,robustness,1.4684535264968872
42,effnet_orig,19,complexity,0.5386588444009993
42,effnet_orig,20,faithfulness,0.4070356786251068
42,effnet_orig,20,robustness,1.9871106147766113
42,effnet_orig,20,complexity,0.5485547930750744
42,effnet_orig,21,faithfulness,0.1935701221227646
42,effnet_orig,21,robustness,1.5009911060333252
42,effnet_orig,21,complexity,0.5802150849946025
42,effnet_orig,22,faithfulness,0.13577015697956085
42,effnet_orig,22,robustness,1.5514954328536987
42,effnet_orig,22,complexity,0.5503773846484699
42,effnet_orig,23,faithfulness,0.4330107569694519
42,effnet_orig,23,robustness,1.5473573207855225
42,effnet_orig,23,complexity,0.5379862135395254
42,effnet_orig,24,faithfulness,0.0937994122505188
42,effnet_orig,24,robustness,1.267392873764038
42,effnet_orig,24,complexity,0.535418784206644
42,effnet_orig,25,faithfulness,0.23403744399547577
42,effnet_orig,25,robustness,1.190610408782959
42,effnet_orig,25,complexity,0.527855673810841
42,effnet_orig,26,faithfulness,0.33302807807922363
42,effnet_orig,26,robustness,1.111621379852295
42,effnet_orig,26,complexity,0.5460990505099815
42,effnet_orig,27,faithfulness,-0.010536737740039825
42,effnet_orig,27,robustness,1.1998096704483032
42,effnet_orig,27,complexity,0.5617593325545206
42,effnet_orig,28,faithfulness,0.13344627618789673
42,effnet_orig,28,robustness,1.9118181467056274
42,effnet_orig,28,complexity,0.5664813270542741
42,effnet_orig,29,faithfulness,0.12007741630077362
42,effnet_orig,29,robustness,1.212609887123108
42,effnet_orig,29,complexity,0.5527260911490114
42,effnet_orig,30,faithfulness,0.2572312355041504
42,effnet_orig,30,robustness,1.3151696920394897
42,effnet_orig,30,complexity,0.5275337854992489
42,effnet_orig,31,faithfulness,0.09015122056007385
42,effnet_orig,31,robustness,1.346819281578064
42,effnet_orig,31,complexity,0.5492302300535038
42,effnet_orig,32,faithfulness,0.3980560600757599
42,effnet_orig,32,robustness,1.1028938293457031
42,effnet_orig,32,complexity,0.5402397662540958
42,effnet_orig,33,faithfulness,0.1381460428237915
42,effnet_orig,33,robustness,1.3307448625564575
42,effnet_orig,33,complexity,0.5627242429749816
42,effnet_orig,34,faithfulness,0.2651527225971222
42,effnet_orig,34,robustness,1.4400726556777954
42,effnet_orig,34,complexity,0.5368208121189841
42,effnet_orig,35,faithfulness,-0.004762846976518631
42,effnet_orig,35,robustness,1.1930838823318481
42,effnet_orig,35,complexity,0.5555690423360193
42,effnet_orig,36,faithfulness,-0.09148548543453217
42,effnet_orig,36,robustness,1.3325207233428955
42,effnet_orig,36,complexity,0.5260624866862396
42,effnet_orig,37,faithfulness,-0.25238752365112305
42,effnet_orig,37,robustness,3.46805739402771
42,effnet_orig,37,complexity,0.5469871227750566
42,effnet_orig,38,faithfulness,0.0736931711435318
42,effnet_orig,38,robustness,1.4192988872528076
42,effnet_orig,38,complexity,0.5640225423274154
42,effnet_orig,39,faithfulness,0.3028545379638672
42,effnet_orig,39,robustness,1.2456557750701904
42,effnet_orig,39,complexity,0.6168458273359863
42,effnet_orig,40,faithfulness,0.24812346696853638
42,effnet_orig,40,robustness,1.7130383253097534
42,effnet_orig,40,complexity,0.5448185668987323
42,effnet_orig,41,faithfulness,0.1161002516746521
42,effnet_orig,41,robustness,1.1927070617675781
42,effnet_orig,41,complexity,0.5375542037211478
42,effnet_orig,42,faithfulness,0.08432283997535706
42,effnet_orig,42,robustness,1.6729917526245117
42,effnet_orig,42,complexity,0.545923880588258
42,effnet_orig,43,faithfulness,0.22285038232803345
42,effnet_orig,43,robustness,1.8057245016098022
42,effnet_orig,43,complexity,0.5394320225731537
42,effnet_orig,44,faithfulness,-0.09644083678722382
42,effnet_orig,44,robustness,1.4880850315093994
42,effnet_orig,44,complexity,0.545316185841135
42,effnet_orig,45,faithfulness,0.07629546523094177
42,effnet_orig,45,robustness,1.7983965873718262
42,effnet_orig,45,complexity,0.5362845534674929
42,effnet_orig,46,faithfulness,0.1255035400390625
42,effnet_orig,46,robustness,1.4379230737686157
42,effnet_orig,46,complexity,0.5534193423974114
42,effnet_orig,47,faithfulness,-0.0301322340965271
42,effnet_orig,47,robustness,1.1339486837387085
42,effnet_orig,47,complexity,0.544119654996352
42,effnet_orig,48,faithfulness,-0.042937424033880234
42,effnet_orig,48,robustness,1.3737562894821167
42,effnet_orig,48,complexity,0.5601129910533338
42,effnet_orig,49,faithfulness,-0.17129608988761902
42,effnet_orig,49,robustness,1.3471083641052246
42,effnet_orig,49,complexity,0.517874904395504
42,effnet_orig,50,faithfulness,0.40124523639678955
42,effnet_orig,50,robustness,1.1495857238769531
42,effnet_orig,50,complexity,0.5714232369859741
42,effnet_orig,51,faithfulness,0.17682744562625885
42,effnet_orig,51,robustness,1.0800005197525024
42,effnet_orig,51,complexity,0.5408042035595063
42,effnet_orig,52,faithfulness,0.1464066505432129
42,effnet_orig,52,robustness,1.2947064638137817
42,effnet_orig,52,complexity,0.5230473600433173
42,effnet_orig,53,faithfulness,0.004196498543024063
42,effnet_orig,53,robustness,1.5453168153762817
42,effnet_orig,53,complexity,0.5667815569186399
42,effnet_orig,54,faithfulness,0.19560296833515167
42,effnet_orig,54,robustness,1.297982096672058
42,effnet_orig,54,complexity,0.5418868519615891
42,effnet_orig,55,faithfulness,0.10848172754049301
42,effnet_orig,55,robustness,1.2551349401474
42,effnet_orig,55,complexity,0.5417221380366303
42,effnet_orig,56,faithfulness,0.2608097791671753
42,effnet_orig,56,robustness,1.7874741554260254
42,effnet_orig,56,complexity,0.5361108145450392
42,effnet_orig,57,faithfulness,0.24921289086341858
42,effnet_orig,57,robustness,1.1766148805618286
42,effnet_orig,57,complexity,0.5441285239802465
42,effnet_orig,58,faithfulness,-0.06929146498441696
42,effnet_orig,58,robustness,1.1643023490905762
42,effnet_orig,58,complexity,0.5274329860343304
42,effnet_recplot,0,faithfulness,0.0828331708908081
42,effnet_recplot,0,robustness,202.62037658691406
42,effnet_recplot,0,complexity,0.5144502325009664
42,effnet_recplot,1,faithfulness,0.11805354058742523
42,effnet_recplot,1,robustness,8.312671661376953
42,effnet_recplot,1,complexity,0.497814107048527
42,effnet_recplot,2,faithfulness,0.05215541273355484
42,effnet_recplot,2,robustness,3.9666457176208496
42,effnet_recplot,2,complexity,0.5658417757926509
42,effnet_recplot,3,faithfulness,-0.1573253720998764
42,effnet_recplot,3,robustness,7.9411139488220215
42,effnet_recplot,3,complexity,0.5227229165574291
42,effnet_recplot,4,faithfulness,-0.34074658155441284
42,effnet_recplot,4,robustness,521.4932250976562
42,effnet_recplot,4,complexity,0.6670955767659648
42,effnet_recplot,5,faithfulness,-0.23213811218738556
42,effnet_recplot,5,robustness,28.286657333374023
42,effnet_recplot,5,complexity,0.6570551016041325
42,effnet_recplot,6,faithfulness,-0.1426282674074173
42,effnet_recplot,6,robustness,4.003185749053955
42,effnet_recplot,6,complexity,0.555063536559672
42,effnet_recplot,7,faithfulness,0.16194495558738708
42,effnet_recplot,7,robustness,1.5524230003356934
42,effnet_recplot,7,complexity,0.46398734967735356
42,effnet_recplot,8,faithfulness,0.47455042600631714
42,effnet_recplot,8,robustness,1.7930500507354736
42,effnet_recplot,8,complexity,0.584502502064794
42,effnet_recplot,9,faithfulness,-0.1606566458940506
42,effnet_recplot,9,robustness,1.0904738903045654
42,effnet_recplot,9,complexity,0.6144811091763166
42,effnet_recplot,10,faithfulness,-0.1224251464009285
42,effnet_recplot,10,robustness,56.85496139526367
42,effnet_recplot,10,complexity,0.6422786093597637
42,effnet_recplot,11,faithfulness,0.16424258053302765
42,effnet_recplot,11,robustness,22.070898056030273
42,effnet_recplot,11,complexity,0.5223975211437681
42,effnet_recplot,12,faithfulness,0.11243754625320435
42,effnet_recplot,12,robustness,38.54427719116211
42,effnet_recplot,12,complexity,0.5622904343067456
42,effnet_recplot,13,faithfulness,0.15431582927703857
42,effnet_recplot,13,robustness,12.920454025268555
42,effnet_recplot,13,complexity,0.6529630805696232
42,effnet_recplot,14,faithfulness,0.24835442006587982
42,effnet_recplot,14,robustness,74.81189727783203
42,effnet_recplot,14,complexity,0.6353380454560748
42,effnet_recplot,15,faithfulness,0.03615625575184822
42,effnet_recplot,15,robustness,2.3018360137939453
42,effnet_recplot,15,complexity,0.4827281537829025
42,effnet_recplot,16,faithfulness,0.02195967733860016
42,effnet_recplot,16,robustness,1.0218356847763062
42,effnet_recplot,16,complexity,0.4989791216704879
42,effnet_recplot,17,faithfulness,0.16678917407989502
42,effnet_recplot,17,robustness,283.7416687011719
42,effnet_recplot,17,complexity,0.6378771622799818
42,effnet_recplot,18,faithfulness,-0.4435136914253235
42,effnet_recplot,18,robustness,9.494396209716797
42,effnet_recplot,18,complexity,0.5667189495305588
42,effnet_recplot,19,faithfulness,-0.1727556437253952
42,effnet_recplot,19,robustness,129.2790069580078
42,effnet_recplot,19,complexity,0.5424885997205727
42,effnet_recplot,20,faithfulness,0.01106078177690506
42,effnet_recplot,20,robustness,283.0727233886719
42,effnet_recplot,20,complexity,0.507706388277374
42,effnet_recplot,21,faithfulness,0.014955505728721619
42,effnet_recplot,21,robustness,126.91180419921875
42,effnet_recplot,21,complexity,0.6000186933318946
42,effnet_recplot,22,faithfulness,0.06497783958911896
42,effnet_recplot,22,robustness,5.70247745513916
42,effnet_recplot,22,complexity,0.617915465640795
42,effnet_recplot,23,faithfulness,0.1536586731672287
42,effnet_recplot,23,robustness,8.376229286193848
42,effnet_recplot,23,complexity,0.6134607067592793
42,effnet_recplot,24,faithfulness,0.11610503494739532
42,effnet_recplot,24,robustness,27.911706924438477
42,effnet_recplot,24,complexity,0.5549164368872779
42,effnet_recplot,25,faithfulness,-0.12387850880622864
42,effnet_recplot,25,robustness,1.105188012123108
42,effnet_recplot,25,complexity,0.5367794408898974
42,effnet_recplot,26,faithfulness,0.3351612985134125
42,effnet_recplot,26,robustness,18.33338165283203
42,effnet_recplot,26,complexity,0.5152052452277418
42,effnet_recplot,27,faithfulness,0.029490657150745392
42,effnet_recplot,27,robustness,117.8916015625
42,effnet_recplot,27,complexity,0.6156306093148745
42,effnet_recplot,28,faithfulness,-0.17497719824314117
42,effnet_recplot,28,robustness,130.2158966064453
42,effnet_recplot,28,complexity,0.49544986225559834
42,effnet_recplot,29,faithfulness,-0.10876160860061646
42,effnet_recplot,29,robustness,2.4977879524230957
42,effnet_recplot,29,complexity,0.5950129856814187
42,effnet_recplot,30,faithfulness,0.014590024948120117
42,effnet_recplot,30,robustness,1226.6871337890625
42,effnet_recplot,30,complexity,0.5741093701626537
42,effnet_recplot,31,faithfulness,-0.2731703519821167
42,effnet_recplot,31,robustness,34.51842498779297
42,effnet_recplot,31,complexity,0.6540928030311594
42,effnet_recplot,32,faithfulness,0.1301816999912262
42,effnet_recplot,32,robustness,28.306028366088867
42,effnet_recplot,32,complexity,0.6408041410788466
42,effnet_recplot,33,faithfulness,0.042456287890672684
42,effnet_recplot,33,robustness,75.0389175415039
42,effnet_recplot,33,complexity,0.6525826504614273
42,effnet_recplot,34,faithfulness,-0.03273617476224899
42,effnet_recplot,34,robustness,21.825145721435547
42,effnet_recplot,34,complexity,0.548050162149611
42,effnet_recplot,35,faithfulness,0.029753588140010834
42,effnet_recplot,35,robustness,57.363033294677734
42,effnet_recplot,35,complexity,0.5634889188157894
42,effnet_recplot,36,faithfulness,0.18668684363365173
42,effnet_recplot,36,robustness,123.97747039794922
42,effnet_recplot,36,complexity,0.5446419399303458
42,effnet_recplot,37,faithfulness,0.09279198944568634
42,effnet_recplot,37,robustness,18.159467697143555
42,effnet_recplot,37,complexity,0.6642832575338559
42,effnet_recplot,38,faithfulness,-0.4139291048049927
42,effnet_recplot,38,robustness,23.87771224975586
42,effnet_recplot,38,complexity,0.49427464999744863
42,effnet_recplot,39,faithfulness,-0.2351483404636383
42,effnet_recplot,39,robustness,14.406726837158203
42,effnet_recplot,39,complexity,0.5861350475812426
42,effnet_recplot,40,faithfulness,-0.050746142864227295
42,effnet_recplot,40,robustness,135.63827514648438
42,effnet_recplot,40,complexity,0.4940171888315286
42,effnet_recplot,41,faithfulness,-0.2727726697921753
42,effnet_recplot,41,robustness,20.390350341796875
42,effnet_recplot,41,complexity,0.6223374740682333
42,effnet_recplot,42,faithfulness,0.2842353284358978
42,effnet_recplot,42,robustness,2.3157334327697754
42,effnet_recplot,42,complexity,0.6043575128679897
42,effnet_recplot,43,faithfulness,0.10159167647361755
42,effnet_recplot,43,robustness,551.2154541015625
42,effnet_recplot,43,complexity,0.5940300558731049
42,effnet_recplot,44,faithfulness,0.02946767956018448
42,effnet_recplot,44,robustness,92.30563354492188
42,effnet_recplot,44,complexity,0.48474971720050014
42,effnet_recplot,45,faithfulness,-0.16361141204833984
42,effnet_recplot,45,robustness,33.75015640258789
42,effnet_recplot,45,complexity,0.547108608403894
42,effnet_recplot,46,faithfulness,0.2380163073539734
42,effnet_recplot,46,robustness,1.0881470441818237
42,effnet_recplot,46,complexity,0.4758736060693787
42,effnet_recplot,47,faithfulness,-0.10039787739515305
42,effnet_recplot,47,robustness,25.119264602661133
42,effnet_recplot,47,complexity,0.6504586275846344
42,effnet_recplot,48,faithfulness,0.01485256478190422
42,effnet_recplot,48,robustness,238.8745880126953
42,effnet_recplot,48,complexity,0.5547663398365257
42,effnet_recplot,49,faithfulness,-0.019855491816997528
42,effnet_recplot,49,robustness,20.879146575927734
42,effnet_recplot,49,complexity,0.5012656424261476
42,effnet_recplot,50,faithfulness,-0.1761629283428192
42,effnet_recplot,50,robustness,2.399118423461914
42,effnet_recplot,50,complexity,0.6300667105877416
42,effnet_recplot,51,faithfulness,0.13592609763145447
42,effnet_recplot,51,robustness,48.7020378112793
42,effnet_recplot,51,complexity,0.5581622980728402
42,effnet_recplot,52,faithfulness,0.05532705783843994
42,effnet_recplot,52,robustness,231.4156036376953
42,effnet_recplot,52,complexity,0.5130142618416546
42,effnet_recplot,53,faithfulness,0.2096404731273651
42,effnet_recplot,53,robustness,8.7820463180542
42,effnet_recplot,53,complexity,0.6085281034029599
42,effnet_recplot,54,faithfulness,-0.49687322974205017
42,effnet_recplot,54,robustness,33.00789260864258
42,effnet_recplot,54,complexity,0.553474145047628
42,effnet_recplot,55,faithfulness,0.04301314800977707
42,effnet_recplot,55,robustness,58.31900405883789
42,effnet_recplot,55,complexity,0.6344570816928321
42,effnet_recplot,56,faithfulness,0.22212836146354675
42,effnet_recplot,56,robustness,18.25306510925293
42,effnet_recplot,56,complexity,0.5397320240023407
42,effnet_recplot,57,faithfulness,-0.16050225496292114
42,effnet_recplot,57,robustness,24.683956146240234
42,effnet_recplot,57,complexity,0.6328766504665778
42,effnet_recplot,58,faithfulness,0.23853963613510132
42,effnet_recplot,58,robustness,30.301408767700195
42,effnet_recplot,58,complexity,0.5276849336752443
65,mobilenet_orig,0,faithfulness,0.3129388689994812
65,mobilenet_orig,0,robustness,1.8305327892303467
65,mobilenet_orig,0,complexity,0.6376650149592824
65,mobilenet_orig,1,faithfulness,0.13391216099262238
65,mobilenet_orig,1,robustness,1.8789732456207275
65,mobilenet_orig,1,complexity,0.5793762503476007
65,mobilenet_orig,2,faithfulness,0.18912017345428467
65,mobilenet_orig,2,robustness,1.3369587659835815
65,mobilenet_orig,2,complexity,0.6145940100252283
65,mobilenet_orig,3,faithfulness,0.17527274787425995
65,mobilenet_orig,3,robustness,2.2805891036987305
65,mobilenet_orig,3,complexity,0.6007920025718725
65,mobilenet_orig,4,faithfulness,-0.07508476078510284
65,mobilenet_orig,4,robustness,2.17822265625
65,mobilenet_orig,4,complexity,0.5574394376047396
65,mobilenet_orig,5,faithfulness,0.07408621162176132
65,mobilenet_orig,5,robustness,1.9638394117355347
65,mobilenet_orig,5,complexity,0.6100730381258317
65,mobilenet_orig,6,faithfulness,0.01596875488758087
65,mobilenet_orig,6,robustness,1.9450709819793701
65,mobilenet_orig,6,complexity,0.5883379844881588
65,mobilenet_orig,7,faithfulness,0.07527856528759003
65,mobilenet_orig,7,robustness,2.0164613723754883
65,mobilenet_orig,7,complexity,0.596063719927136
65,mobilenet_orig,8,faithfulness,0.002620384097099304
65,mobilenet_orig,8,robustness,2.3004229068756104
65,mobilenet_orig,8,complexity,0.5660293655071872
65,mobilenet_orig,9,faithfulness,-0.10614781081676483
65,mobilenet_orig,9,robustness,2.0642638206481934
65,mobilenet_orig,9,complexity,0.6118851396616987
65,mobilenet_orig,10,faithfulness,-0.3169358968734741
65,mobilenet_orig,10,robustness,1.8603944778442383
65,mobilenet_orig,10,complexity,0.5877738006420499
65,mobilenet_orig,11,faithfulness,0.2607928514480591
65,mobilenet_orig,11,robustness,1.8457133769989014
65,mobilenet_orig,11,complexity,0.5937978901301579
65,mobilenet_orig,12,faithfulness,-0.06431829929351807
65,mobilenet_orig,12,robustness,1.5358555316925049
65,mobilenet_orig,12,complexity,0.6137755699992552
65,mobilenet_orig,13,faithfulness,-0.3441166877746582
65,mobilenet_orig,13,robustness,1.8951064348220825
65,mobilenet_orig,13,complexity,0.5789164535355789
65,mobilenet_orig,14,faithfulness,-0.25394463539123535
65,mobilenet_orig,14,robustness,1.559730887413025
65,mobilenet_orig,14,complexity,0.5703746553617942
65,mobilenet_orig,15,faithfulness,0.43277090787887573
65,mobilenet_orig,15,robustness,2.276639223098755
65,mobilenet_orig,15,complexity,0.5739418823517382
65,mobilenet_orig,16,faithfulness,-0.008308958262205124
65,mobilenet_orig,16,robustness,1.7863659858703613
65,mobilenet_orig,16,complexity,0.5653810330330724
65,mobilenet_orig,17,faithfulness,-0.06051858514547348
65,mobilenet_orig,17,robustness,2.045342206954956
65,mobilenet_orig,17,complexity,0.576690080306824
65,mobilenet_orig,18,faithfulness,-0.2859109938144684
65,mobilenet_orig,18,robustness,1.8991611003875732
65,mobilenet_orig,18,complexity,0.5574737854075031
65,mobilenet_orig,19,faithfulness,0.2270374894142151
65,mobilenet_orig,19,robustness,2.0273044109344482
65,mobilenet_orig,19,complexity,0.557327121430151
65,mobilenet_orig,20,faithfulness,-0.09271782636642456
65,mobilenet_orig,20,robustness,1.7193454504013062
65,mobilenet_orig,20,complexity,0.5930633438429066
65,mobilenet_orig,21,faithfulness,0.01235799491405487
65,mobilenet_orig,21,robustness,2.1346242427825928
65,mobilenet_orig,21,complexity,0.5768833676959628
65,mobilenet_orig,22,faithfulness,0.04127895459532738
65,mobilenet_orig,22,robustness,2.382986307144165
65,mobilenet_orig,22,complexity,0.5655947538138966
65,mobilenet_orig,23,faithfulness,0.10628277063369751
65,mobilenet_orig,23,robustness,1.7584104537963867
65,mobilenet_orig,23,complexity,0.5485472633963069
65,mobilenet_orig,24,faithfulness,-0.026974866166710854
65,mobilenet_orig,24,robustness,1.6840299367904663
65,mobilenet_orig,24,complexity,0.5683782048306847
65,mobilenet_orig,25,faithfulness,0.16628901660442352
65,mobilenet_orig,25,robustness,1.908630609512329
65,mobilenet_orig,25,complexity,0.5871624171964991
65,mobilenet_orig,26,faithfulness,0.17758625745773315
65,mobilenet_orig,26,robustness,1.8239408731460571
65,mobilenet_orig,26,complexity,0.578189640107728
65,mobilenet_orig,27,faithfulness,0.03320188447833061
65,mobilenet_orig,27,robustness,1.7949011325836182
65,mobilenet_orig,27,complexity,0.585591607291865
65,mobilenet_orig,28,faithfulness,0.40577948093414307
65,mobilenet_orig,28,robustness,2.240413188934326
65,mobilenet_orig,28,complexity,0.5719480473176929
65,mobilenet_orig,29,faithfulness,0.2683333158493042
65,mobilenet_orig,29,robustness,2.465440273284912
65,mobilenet_orig,29,complexity,0.5623002704897346
65,mobilenet_orig,30,faithfulness,0.2859986126422882
65,mobilenet_orig,30,robustness,1.7093759775161743
65,mobilenet_orig,30,complexity,0.5484109781136527
65,mobilenet_orig,31,faithfulness,-0.0858907625079155
65,mobilenet_orig,31,robustness,1.9862438440322876
65,mobilenet_orig,31,complexity,0.6049952852453704
65,mobilenet_orig,32,faithfulness,0.14514555037021637
65,mobilenet_orig,32,robustness,1.5799003839492798
65,mobilenet_orig,32,complexity,0.5863010520387693
65,mobilenet_orig,33,faithfulness,0.14376592636108398
65,mobilenet_orig,33,robustness,1.6811195611953735
65,mobilenet_orig,33,complexity,0.5848785787736343
65,mobilenet_orig,34,faithfulness,0.10413478314876556
65,mobilenet_orig,34,robustness,1.9755321741104126
65,mobilenet_orig,34,complexity,0.5426965772324378
65,mobilenet_orig,35,faithfulness,-0.15738044679164886
65,mobilenet_orig,35,robustness,1.6987756490707397
65,mobilenet_orig,35,complexity,0.5781117578740067
65,mobilenet_orig,36,faithfulness,0.08912933617830276
65,mobilenet_orig,36,robustness,1.7169723510742188
65,mobilenet_orig,36,complexity,0.5583354489563161
65,mobilenet_orig,37,faithfulness,0.051241762936115265
65,mobilenet_orig,37,robustness,1.8800079822540283
65,mobilenet_orig,37,complexity,0.5658259929206876
65,mobilenet_orig,38,faithfulness,0.10968869924545288
65,mobilenet_orig,38,robustness,2.0937488079071045
65,mobilenet_orig,38,complexity,0.6015348912569777
65,mobilenet_orig,39,faithfulness,-0.18557262420654297
65,mobilenet_orig,39,robustness,2.423718214035034
65,mobilenet_orig,39,complexity,0.5841934727825947
65,mobilenet_orig,40,faithfulness,-0.05505871772766113
65,mobilenet_orig,40,robustness,2.0407357215881348
65,mobilenet_orig,40,complexity,0.5677705591646597
65,mobilenet_orig,41,faithfulness,-0.1694173514842987
65,mobilenet_orig,41,robustness,1.7365630865097046
65,mobilenet_orig,41,complexity,0.5758676810672678
65,mobilenet_orig,42,faithfulness,0.23593822121620178
65,mobilenet_orig,42,robustness,2.1329946517944336
65,mobilenet_orig,42,complexity,0.5770213238352542
65,mobilenet_orig,43,faithfulness,0.16290384531021118
65,mobilenet_orig,43,robustness,2.6435601711273193
65,mobilenet_orig,43,complexity,0.5577006835747076
65,mobilenet_orig,44,faithfulness,-0.21269452571868896
65,mobilenet_orig,44,robustness,2.1748552322387695
65,mobilenet_orig,44,complexity,0.5548322273872498
65,mobilenet_orig,45,faithfulness,0.40227681398391724
65,mobilenet_orig,45,robustness,2.117727518081665
65,mobilenet_orig,45,complexity,0.5578993651471128
65,mobilenet_orig,46,faithfulness,-0.0017268210649490356
65,mobilenet_orig,46,robustness,2.543208360671997
65,mobilenet_orig,46,complexity,0.5683942615553236
65,mobilenet_orig,47,faithfulness,0.13634079694747925
65,mobilenet_orig,47,robustness,2.242624521255493
65,mobilenet_orig,47,complexity,0.6160035274425446
65,mobilenet_orig,48,faithfulness,0.07187774777412415
65,mobilenet_orig,48,robustness,1.6887167692184448
65,mobilenet_orig,48,complexity,0.61353755197082
65,mobilenet_orig,49,faithfulness,-0.35421478748321533
65,mobilenet_orig,49,robustness,1.8203054666519165
65,mobilenet_orig,49,complexity,0.5731320345834102
65,mobilenet_orig,50,faithfulness,0.28691989183425903
65,mobilenet_orig,50,robustness,1.742085576057434
65,mobilenet_orig,50,complexity,0.6230614526543649
65,mobilenet_orig,51,faithfulness,-0.0480918362736702
65,mobilenet_orig,51,robustness,1.9046003818511963
65,mobilenet_orig,51,complexity,0.6023025267824853
65,mobilenet_orig,52,faithfulness,0.10295231640338898
65,mobilenet_orig,52,robustness,1.860353946685791
65,mobilenet_orig,52,complexity,0.5706543151389174
65,mobilenet_orig,53,faithfulness,0.1906948834657669
65,mobilenet_orig,53,robustness,1.6650636196136475
65,mobilenet_orig,53,complexity,0.6124736277743976
65,mobilenet_orig,54,faithfulness,-0.12964628636837006
65,mobilenet_orig,54,robustness,1.6779550313949585
65,mobilenet_orig,54,complexity,0.5864134278539058
65,mobilenet_orig,55,faithfulness,0.09248705208301544
65,mobilenet_orig,55,robustness,1.6970643997192383
65,mobilenet_orig,55,complexity,0.5925597150936184
65,mobilenet_orig,56,faithfulness,0.37698033452033997
65,mobilenet_orig,56,robustness,2.0392684936523438
65,mobilenet_orig,56,complexity,0.578802994512215
65,mobilenet_orig,57,faithfulness,0.13327860832214355
65,mobilenet_orig,57,robustness,1.9502428770065308
65,mobilenet_orig,57,complexity,0.5626871019583399
65,mobilenet_orig,58,faithfulness,0.002302706241607666
65,mobilenet_orig,58,robustness,1.7373301982879639
65,mobilenet_orig,58,complexity,0.5684082892164958
65,mobilenet_recplot,0,faithfulness,0.18720895051956177
65,mobilenet_recplot,0,robustness,1.8986374139785767
65,mobilenet_recplot,0,complexity,0.6063099331136729
65,mobilenet_recplot,1,faithfulness,-0.17295807600021362
65,mobilenet_recplot,1,robustness,1.4629052877426147
65,mobilenet_recplot,1,complexity,0.6244591802078414
65,mobilenet_recplot,2,faithfulness,-0.052645884454250336
65,mobilenet_recplot,2,robustness,1.3568371534347534
65,mobilenet_recplot,2,complexity,0.7098624362598722
65,mobilenet_recplot,3,faithfulness,-0.03217487037181854
65,mobilenet_recplot,3,robustness,1.636212706565857
65,mobilenet_recplot,3,complexity,0.6084567636358788
65,mobilenet_recplot,4,faithfulness,0.1897982656955719
65,mobilenet_recplot,4,robustness,1.4817414283752441
65,mobilenet_recplot,4,complexity,0.7058843030224674
65,mobilenet_recplot,5,faithfulness,0.19542869925498962
65,mobilenet_recplot,5,robustness,1.3775646686553955
65,mobilenet_recplot,5,complexity,0.7290473725566267
65,mobilenet_recplot,6,faithfulness,-0.05084338039159775
65,mobilenet_recplot,6,robustness,1.292565941810608
65,mobilenet_recplot,6,complexity,0.717101099489064
65,mobilenet_recplot,7,faithfulness,0.1855253279209137
65,mobilenet_recplot,7,robustness,1.1626307964324951
65,mobilenet_recplot,7,complexity,0.5806964117923578
65,mobilenet_recplot,8,faithfulness,-0.1336100548505783
65,mobilenet_recplot,8,robustness,1.2767034769058228
65,mobilenet_recplot,8,complexity,0.6093193740519304
65,mobilenet_recplot,9,faithfulness,-0.07571635395288467
65,mobilenet_recplot,9,robustness,1.5136202573776245
65,mobilenet_recplot,9,complexity,0.6215570433565131
65,mobilenet_recplot,10,faithfulness,0.0426185168325901
65,mobilenet_recplot,10,robustness,1.2103614807128906
65,mobilenet_recplot,10,complexity,0.765663667140903
65,mobilenet_recplot,11,faithfulness,-0.27630311250686646
65,mobilenet_recplot,11,robustness,1.5471360683441162
65,mobilenet_recplot,11,complexity,0.6661395124001953
65,mobilenet_recplot,12,faithfulness,0.0403197705745697
65,mobilenet_recplot,12,robustness,1.5025317668914795
65,mobilenet_recplot,12,complexity,0.6773563974298457
65,mobilenet_recplot,13,faithfulness,-0.05996641516685486
65,mobilenet_recplot,13,robustness,2.0906307697296143
65,mobilenet_recplot,13,complexity,0.6432323104704092
65,mobilenet_recplot,14,faithfulness,-0.18325072526931763
65,mobilenet_recplot,14,robustness,1.3484115600585938
65,mobilenet_recplot,14,complexity,0.6990879511161322
65,mobilenet_recplot,15,faithfulness,-0.17855775356292725
65,mobilenet_recplot,15,robustness,1.2641570568084717
65,mobilenet_recplot,15,complexity,0.5919424464051116
65,mobilenet_recplot,16,faithfulness,-0.013189943507313728
65,mobilenet_recplot,16,robustness,1.5077236890792847
65,mobilenet_recplot,16,complexity,0.5650977627813067
65,mobilenet_recplot,17,faithfulness,0.017420068383216858
65,mobilenet_recplot,17,robustness,1.2926955223083496
65,mobilenet_recplot,17,complexity,0.7195831380090747
65,mobilenet_recplot,18,faithfulness,-0.1828903704881668
65,mobilenet_recplot,18,robustness,1.151479721069336
65,mobilenet_recplot,18,complexity,0.5588259172368559
65,mobilenet_recplot,19,faithfulness,-0.3083834648132324
65,mobilenet_recplot,19,robustness,1.2491061687469482
65,mobilenet_recplot,19,complexity,0.6058789397911014
65,mobilenet_recplot,20,faithfulness,0.17488887906074524
65,mobilenet_recplot,20,robustness,1.0609430074691772
65,mobilenet_recplot,20,complexity,0.5755362142039256
65,mobilenet_recplot,21,faithfulness,-0.03602466359734535
65,mobilenet_recplot,21,robustness,1.993316411972046
65,mobilenet_recplot,21,complexity,0.6221034717856786
65,mobilenet_recplot,22,faithfulness,0.2471591830253601
65,mobilenet_recplot,22,robustness,1.2415549755096436
65,mobilenet_recplot,22,complexity,0.6847931767469092
65,mobilenet_recplot,23,faithfulness,-0.13004422187805176
65,mobilenet_recplot,23,robustness,1.540406584739685
65,mobilenet_recplot,23,complexity,0.6902633590706847
65,mobilenet_recplot,24,faithfulness,-0.0007027685642242432
65,mobilenet_recplot,24,robustness,1.4903687238693237
65,mobilenet_recplot,24,complexity,0.6519649426005917
65,mobilenet_recplot,25,faithfulness,0.2971358001232147
65,mobilenet_recplot,25,robustness,1.3195416927337646
65,mobilenet_recplot,25,complexity,0.6415312267637183
65,mobilenet_recplot,26,faithfulness,-0.029409565031528473
65,mobilenet_recplot,26,robustness,1.319001317024231
65,mobilenet_recplot,26,complexity,0.5764415435729175
65,mobilenet_recplot,27,faithfulness,0.13522297143936157
65,mobilenet_recplot,27,robustness,1.539298176765442
65,mobilenet_recplot,27,complexity,0.6431493074555817
65,mobilenet_recplot,28,faithfulness,-0.08544131368398666
65,mobilenet_recplot,28,robustness,1.1350655555725098
65,mobilenet_recplot,28,complexity,0.5891366100772238
65,mobilenet_recplot,29,faithfulness,-0.007522135972976685
65,mobilenet_recplot,29,robustness,1.1400120258331299
65,mobilenet_recplot,29,complexity,0.6405836552152967
65,mobilenet_recplot,30,faithfulness,-0.20029546320438385
65,mobilenet_recplot,30,robustness,1.5718884468078613
65,mobilenet_recplot,30,complexity,0.6323332984276738
65,mobilenet_recplot,31,faithfulness,-0.09871182590723038
65,mobilenet_recplot,31,robustness,1.9719176292419434
65,mobilenet_recplot,31,complexity,0.6465117689359865
65,mobilenet_recplot,32,faithfulness,0.011974971741437912
65,mobilenet_recplot,32,robustness,1.7397209405899048
65,mobilenet_recplot,32,complexity,0.6481371022295751
65,mobilenet_recplot,33,faithfulness,-0.2569068670272827
65,mobilenet_recplot,33,robustness,2.4153003692626953
65,mobilenet_recplot,33,complexity,0.635830660259181
65,mobilenet_recplot,34,faithfulness,-0.003698337823152542
65,mobilenet_recplot,34,robustness,1.431047797203064
65,mobilenet_recplot,34,complexity,0.6435320974381314
65,mobilenet_recplot,35,faithfulness,-0.18382173776626587
65,mobilenet_recplot,35,robustness,1.6200591325759888
65,mobilenet_recplot,35,complexity,0.629090877273985
65,mobilenet_recplot,36,faithfulness,-0.05841423198580742
65,mobilenet_recplot,36,robustness,1.6363567113876343
65,mobilenet_recplot,36,complexity,0.6181048531099714
65,mobilenet_recplot,37,faithfulness,0.03323276340961456
65,mobilenet_recplot,37,robustness,1.2008249759674072
65,mobilenet_recplot,37,complexity,0.7220862368202547
65,mobilenet_recplot,38,faithfulness,-0.33118879795074463
65,mobilenet_recplot,38,robustness,1.3633654117584229
65,mobilenet_recplot,38,complexity,0.5767089505989741
65,mobilenet_recplot,39,faithfulness,-0.08456624299287796
65,mobilenet_recplot,39,robustness,1.439320683479309
65,mobilenet_recplot,39,complexity,0.5736694193123859
65,mobilenet_recplot,40,faithfulness,-0.07251214236021042
65,mobilenet_recplot,40,robustness,1.051652431488037
65,mobilenet_recplot,40,complexity,0.6250350425634393
65,mobilenet_recplot,41,faithfulness,0.0547967255115509
65,mobilenet_recplot,41,robustness,1.5166963338851929
65,mobilenet_recplot,41,complexity,0.6012244899740559
65,mobilenet_recplot,42,faithfulness,-0.18089884519577026
65,mobilenet_recplot,42,robustness,1.171474814414978
65,mobilenet_recplot,42,complexity,0.6552550941135383
65,mobilenet_recplot,43,faithfulness,0.09625282138586044
65,mobilenet_recplot,43,robustness,1.2947732210159302
65,mobilenet_recplot,43,complexity,0.6948865295860144
65,mobilenet_recplot,44,faithfulness,0.07539946585893631
65,mobilenet_recplot,44,robustness,1.1022863388061523
65,mobilenet_recplot,44,complexity,0.5492651084860356
65,mobilenet_recplot,45,faithfulness,-0.06481051445007324
65,mobilenet_recplot,45,robustness,1.4122675657272339
65,mobilenet_recplot,45,complexity,0.6626292994266775
65,mobilenet_recplot,46,faithfulness,0.2505101263523102
65,mobilenet_recplot,46,robustness,1.0857094526290894
65,mobilenet_recplot,46,complexity,0.6031894184062051
65,mobilenet_recplot,47,faithfulness,0.12731757760047913
65,mobilenet_recplot,47,robustness,2.2142481803894043
65,mobilenet_recplot,47,complexity,0.667219357687129
65,mobilenet_recplot,48,faithfulness,0.03352036327123642
65,mobilenet_recplot,48,robustness,2.369917631149292
65,mobilenet_recplot,48,complexity,0.6748232583306828
65,mobilenet_recplot,49,faithfulness,-0.22575430572032928
65,mobilenet_recplot,49,robustness,1.496302843093872
65,mobilenet_recplot,49,complexity,0.573315623372315
65,mobilenet_recplot,50,faithfulness,0.13802415132522583
65,mobilenet_recplot,50,robustness,2.3339710235595703
65,mobilenet_recplot,50,complexity,0.6155566273800008
65,mobilenet_recplot,51,faithfulness,-0.048764731734991074
65,mobilenet_recplot,51,robustness,2.5767734050750732
65,mobilenet_recplot,51,complexity,0.6216207920140397
65,mobilenet_recplot,52,faithfulness,-0.35597625374794006
65,mobilenet_recplot,52,robustness,1.8590731620788574
65,mobilenet_recplot,52,complexity,0.5778084157064857
65,mobilenet_recplot,53,faithfulness,0.07043196260929108
65,mobilenet_recplot,53,robustness,1.5791951417922974
65,mobilenet_recplot,53,complexity,0.6667928855788545
65,mobilenet_recplot,54,faithfulness,0.25188499689102173
65,mobilenet_recplot,54,robustness,1.4715665578842163
65,mobilenet_recplot,54,complexity,0.662031101826916
65,mobilenet_recplot,55,faithfulness,0.14771300554275513
65,mobilenet_recplot,55,robustness,2.1097676753997803
65,mobilenet_recplot,55,complexity,0.6815002778428291
65,mobilenet_recplot,56,faithfulness,0.08110345155000687
65,mobilenet_recplot,56,robustness,1.650180697441101
65,mobilenet_recplot,56,complexity,0.602607775977128
65,mobilenet_recplot,57,faithfulness,-0.051083967089653015
65,mobilenet_recplot,57,robustness,1.7185941934585571
65,mobilenet_recplot,57,complexity,0.6184339799854447
65,mobilenet_recplot,58,faithfulness,0.1593751162290573
65,mobilenet_recplot,58,robustness,1.9263261556625366
65,mobilenet_recplot,58,complexity,0.6084631792685118
65,effnet_orig,0,faithfulness,0.015624511986970901
65,effnet_orig,0,robustness,1.3472882509231567
65,effnet_orig,0,complexity,0.544278292512933
65,effnet_orig,1,faithfulness,-0.05098144710063934
65,effnet_orig,1,robustness,1.216740608215332
65,effnet_orig,1,complexity,0.5493585715997934
65,effnet_orig,2,faithfulness,-0.08350567519664764
65,effnet_orig,2,robustness,1.1112314462661743
65,effnet_orig,2,complexity,0.5641330062168392
65,effnet_orig,3,faithfulness,0.012293398380279541
65,effnet_orig,3,robustness,1.1521891355514526
65,effnet_orig,3,complexity,0.5632916941458337
65,effnet_orig,4,faithfulness,0.4487621784210205
65,effnet_orig,4,robustness,1.3080670833587646
65,effnet_orig,4,complexity,0.5473146877072671
65,effnet_orig,5,faithfulness,-0.027756914496421814
65,effnet_orig,5,robustness,1.2813796997070312
65,effnet_orig,5,complexity,0.5689727044225701
65,effnet_orig,6,faithfulness,0.12825298309326172
65,effnet_orig,6,robustness,1.5815407037734985
65,effnet_orig,6,complexity,0.5653696432640344
65,effnet_orig,7,faithfulness,0.11242827773094177
65,effnet_orig,7,robustness,1.1179836988449097
65,effnet_orig,7,complexity,0.539976631240945
65,effnet_orig,8,faithfulness,0.22529065608978271
65,effnet_orig,8,robustness,1.1621071100234985
65,effnet_orig,8,complexity,0.5655133873371339
65,effnet_orig,9,faithfulness,0.30017614364624023
65,effnet_orig,9,robustness,1.0259592533111572
65,effnet_orig,9,complexity,0.5475017645206359
65,effnet_orig,10,faithfulness,0.11757101863622665
65,effnet_orig,10,robustness,1.3040704727172852
65,effnet_orig,10,complexity,0.5769988679377924
65,effnet_orig,11,faithfulness,0.04747122526168823
65,effnet_orig,11,robustness,1.457076072692871
65,effnet_orig,11,complexity,0.5347174956300876
65,effnet_orig,12,faithfulness,0.28527772426605225
65,effnet_orig,12,robustness,1.3397579193115234
65,effnet_orig,12,complexity,0.5556524125531237
65,effnet_orig,13,faithfulness,0.14599701762199402
65,effnet_orig,13,robustness,1.3675302267074585
65,effnet_orig,13,complexity,0.5382497315823884
65,effnet_orig,14,faithfulness,0.18428783118724823
65,effnet_orig,14,robustness,1.4025003910064697
65,effnet_orig,14,complexity,0.5393589353597008
65,effnet_orig,15,faithfulness,-0.20291650295257568
65,effnet_orig,15,robustness,1.1049880981445312
65,effnet_orig,15,complexity,0.5384901246813613
65,effnet_orig,16,faithfulness,0.4700574576854706
65,effnet_orig,16,robustness,1.0691888332366943
65,effnet_orig,16,complexity,0.5473424635586887
65,effnet_orig,17,faithfulness,0.22050665318965912
65,effnet_orig,17,robustness,1.26376473903656
65,effnet_orig,17,complexity,0.5422457697621387
65,effnet_orig,18,faithfulness,0.3606263995170593
65,effnet_orig,18,robustness,1.0762776136398315
65,effnet_orig,18,complexity,0.5338159232632008
65,effnet_orig,19,faithfulness,0.5135970115661621
65,effnet_orig,19,robustness,1.072425127029419
65,effnet_orig,19,complexity,0.5652233537719575
65,effnet_orig,20,faithfulness,-0.24547426402568817
65,effnet_orig,20,robustness,1.383406162261963
65,effnet_orig,20,complexity,0.5708230335456038
65,effnet_orig,21,faithfulness,-0.09355223178863525
65,effnet_orig,21,robustness,1.279801607131958
65,effnet_orig,21,complexity,0.5778514834234341
65,effnet_orig,22,faithfulness,0.18548570573329926
65,effnet_orig,22,robustness,1.4982305765151978
65,effnet_orig,22,complexity,0.5701412317753731
65,effnet_orig,23,faithfulness,0.33344414830207825
65,effnet_orig,23,robustness,1.2327041625976562
65,effnet_orig,23,complexity,0.5544019345291041
65,effnet_orig,24,faithfulness,0.04492902010679245
65,effnet_orig,24,robustness,0.983639657497406
65,effnet_orig,24,complexity,0.597283552253046
65,effnet_orig,25,faithfulness,0.4139198958873749
65,effnet_orig,25,robustness,1.0575357675552368
65,effnet_orig,25,complexity,0.5662746844282847
65,effnet_orig,26,faithfulness,-0.18900620937347412
65,effnet_orig,26,robustness,1.114798903465271
65,effnet_orig,26,complexity,0.539983934212259
65,effnet_orig,27,faithfulness,0.05906686931848526
65,effnet_orig,27,robustness,1.0242058038711548
65,effnet_orig,27,complexity,0.5892113352519714
65,effnet_orig,28,faithfulness,0.03088628500699997
65,effnet_orig,28,robustness,1.1628280878067017
65,effnet_orig,28,complexity,0.5686276867950393
65,effnet_orig,29,faithfulness,0.27143594622612
65,effnet_orig,29,robustness,1.1422843933105469
65,effnet_orig,29,complexity,0.562831258278333
65,effnet_orig,30,faithfulness,0.1898932158946991
65,effnet_orig,30,robustness,1.0718321800231934
65,effnet_orig,30,complexity,0.544057126971153
65,effnet_orig,31,faithfulness,0.2900935113430023
65,effnet_orig,31,robustness,1.2508258819580078
65,effnet_orig,31,complexity,0.5457331207055532
65,effnet_orig,32,faithfulness,0.3578275442123413
65,effnet_orig,32,robustness,1.0434125661849976
65,effnet_orig,32,complexity,0.5846047096593305
65,effnet_orig,33,faithfulness,0.3231481909751892
65,effnet_orig,33,robustness,1.0964505672454834
65,effnet_orig,33,complexity,0.6200252673650498
65,effnet_orig,34,faithfulness,0.23427066206932068
65,effnet_orig,34,robustness,1.335463047027588
65,effnet_orig,34,complexity,0.5458674814413594
65,effnet_orig,35,faithfulness,0.15052980184555054
65,effnet_orig,35,robustness,0.9742410182952881
65,effnet_orig,35,complexity,0.5664115049910083
65,effnet_orig,36,faithfulness,-0.1022973358631134
65,effnet_orig,36,robustness,1.63361394405365
65,effnet_orig,36,complexity,0.5292908991111179
65,effnet_orig,37,faithfulness,0.0443587601184845
65,effnet_orig,37,robustness,3.763723850250244
65,effnet_orig,37,complexity,0.5568914964952997
65,effnet_orig,38,faithfulness,0.31199854612350464
65,effnet_orig,38,robustness,1.120346188545227
65,effnet_orig,38,complexity,0.5445040244466741
65,effnet_orig,39,faithfulness,0.3176811635494232
65,effnet_orig,39,robustness,1.157706379890442
65,effnet_orig,39,complexity,0.5788283389433847
65,effnet_orig,40,faithfulness,-0.05543416738510132
65,effnet_orig,40,robustness,1.3574283123016357
65,effnet_orig,40,complexity,0.5238880378175681
65,effnet_orig,41,faithfulness,0.18940570950508118
65,effnet_orig,41,robustness,0.9960252642631531
65,effnet_orig,41,complexity,0.5564506415359832
65,effnet_orig,42,faithfulness,-0.19390663504600525
65,effnet_orig,42,robustness,1.3967509269714355
65,effnet_orig,42,complexity,0.568396986317705
65,effnet_orig,43,faithfulness,0.17330743372440338
65,effnet_orig,43,robustness,1.6189095973968506
65,effnet_orig,43,complexity,0.530869582478767
65,effnet_orig,44,faithfulness,0.11007750034332275
65,effnet_orig,44,robustness,1.2631170749664307
65,effnet_orig,44,complexity,0.5565231640245563
65,effnet_orig,45,faithfulness,0.07882456481456757
65,effnet_orig,45,robustness,1.6731070280075073
65,effnet_orig,45,complexity,0.5324440835391135
65,effnet_orig,46,faithfulness,-0.13206389546394348
65,effnet_orig,46,robustness,1.2660048007965088
65,effnet_orig,46,complexity,0.5836697631383209
65,effnet_orig,47,faithfulness,0.20620381832122803
65,effnet_orig,47,robustness,1.1443895101547241
65,effnet_orig,47,complexity,0.5735886099301145
65,effnet_orig,48,faithfulness,-0.14510570466518402
65,effnet_orig,48,robustness,1.347283124923706
65,effnet_orig,48,complexity,0.5530218434293456
65,effnet_orig,49,faithfulness,-0.01606399565935135
65,effnet_orig,49,robustness,1.1865099668502808
65,effnet_orig,49,complexity,0.527259862500404
65,effnet_orig,50,faithfulness,0.016253050416707993
65,effnet_orig,50,robustness,1.0398457050323486
65,effnet_orig,50,complexity,0.5875890375319006
65,effnet_orig,51,faithfulness,0.41250455379486084
65,effnet_orig,51,robustness,0.9958295822143555
65,effnet_orig,51,complexity,0.5758381998060149
65,effnet_orig,52,faithfulness,0.39504438638687134
65,effnet_orig,52,robustness,1.0733466148376465
65,effnet_orig,52,complexity,0.5638320336706173
65,effnet_orig,53,faithfulness,-0.10582258552312851
65,effnet_orig,53,robustness,1.4408286809921265
65,effnet_orig,53,complexity,0.5757177358149421
65,effnet_orig,54,faithfulness,0.27132007479667664
65,effnet_orig,54,robustness,1.1811118125915527
65,effnet_orig,54,complexity,0.5500799095351909
65,effnet_orig,55,faithfulness,0.02565424144268036
65,effnet_orig,55,robustness,1.2233800888061523
65,effnet_orig,55,complexity,0.5570658902233839
65,effnet_orig,56,faithfulness,0.36819177865982056
65,effnet_orig,56,robustness,1.4295215606689453
65,effnet_orig,56,complexity,0.5561475514987109
65,effnet_orig,57,faithfulness,0.3594054579734802
65,effnet_orig,57,robustness,1.0788949728012085
65,effnet_orig,57,complexity,0.5784874157380713
65,effnet_orig,58,faithfulness,-0.019830282777547836
65,effnet_orig,58,robustness,1.0672414302825928
65,effnet_orig,58,complexity,0.5525345339390471
65,effnet_recplot,0,faithfulness,-0.07058970630168915
65,effnet_recplot,0,robustness,14669.119140625
65,effnet_recplot,0,complexity,0.5564413778526675
65,effnet_recplot,1,faithfulness,-0.08055863529443741
65,effnet_recplot,1,robustness,1316.4930419921875
65,effnet_recplot,1,complexity,0.5602511303394186
65,effnet_recplot,2,faithfulness,0.0067539215087890625
65,effnet_recplot,2,robustness,22.254425048828125
65,effnet_recplot,2,complexity,0.6123375054853128
65,effnet_recplot,3,faithfulness,-0.1485603153705597
65,effnet_recplot,3,robustness,145.78762817382812
65,effnet_recplot,3,complexity,0.5776246338802868
65,effnet_recplot,4,faithfulness,-0.12308454513549805
65,effnet_recplot,4,robustness,93.4495849609375
65,effnet_recplot,4,complexity,0.6240323713853841
65,effnet_recplot,5,faithfulness,-0.0377691350877285
65,effnet_recplot,5,robustness,1.5901540517807007
65,effnet_recplot,5,complexity,0.6188292999596026
65,effnet_recplot,6,faithfulness,0.04722016304731369
65,effnet_recplot,6,robustness,15.921319961547852
65,effnet_recplot,6,complexity,0.621142069229187
65,effnet_recplot,7,faithfulness,0.15006360411643982
65,effnet_recplot,7,robustness,150.23574829101562
65,effnet_recplot,7,complexity,0.517133491807556
65,effnet_recplot,8,faithfulness,-0.15139418840408325
65,effnet_recplot,8,robustness,802.6693115234375
65,effnet_recplot,8,complexity,0.5526875663827802
65,effnet_recplot,9,faithfulness,0.05004648491740227
65,effnet_recplot,9,robustness,1160.699462890625
65,effnet_recplot,9,complexity,0.609134288371878
65,effnet_recplot,10,faithfulness,-0.1575845330953598
65,effnet_recplot,10,robustness,334.7110595703125
65,effnet_recplot,10,complexity,0.6107066018663209
65,effnet_recplot,11,faithfulness,-0.06532500684261322
65,effnet_recplot,11,robustness,69.71681213378906
65,effnet_recplot,11,complexity,0.6141147442281818
65,effnet_recplot,12,faithfulness,-0.12926585972309113
65,effnet_recplot,12,robustness,25.381723403930664
65,effnet_recplot,12,complexity,0.6057250838281523
65,effnet_recplot,13,faithfulness,0.0924253985285759
65,effnet_recplot,13,robustness,315.9676818847656
65,effnet_recplot,13,complexity,0.6493474910209853
65,effnet_recplot,14,faithfulness,0.3456631600856781
65,effnet_recplot,14,robustness,517.5540161132812
65,effnet_recplot,14,complexity,0.6355579549972369
65,effnet_recplot,15,faithfulness,-0.045528315007686615
65,effnet_recplot,15,robustness,1696.7362060546875
65,effnet_recplot,15,complexity,0.5906543096936893
65,effnet_recplot,16,faithfulness,-0.046534113585948944
65,effnet_recplot,16,robustness,509.85546875
65,effnet_recplot,16,complexity,0.5898473067528338
65,effnet_recplot,17,faithfulness,-0.026779890060424805
65,effnet_recplot,17,robustness,206.22540283203125
65,effnet_recplot,17,complexity,0.6073634051520032
65,effnet_recplot,18,faithfulness,-0.13043098151683807
65,effnet_recplot,18,robustness,334.5301208496094
65,effnet_recplot,18,complexity,0.5337472902130052
65,effnet_recplot,19,faithfulness,0.011372074484825134
65,effnet_recplot,19,robustness,56.00136947631836
65,effnet_recplot,19,complexity,0.5872403908442331
65,effnet_recplot,20,faithfulness,0.03840624541044235
65,effnet_recplot,20,robustness,16.776491165161133
65,effnet_recplot,20,complexity,0.5304709654144132
65,effnet_recplot,21,faithfulness,-0.22186322510242462
65,effnet_recplot,21,robustness,103.30895233154297
65,effnet_recplot,21,complexity,0.6234475369397838
65,effnet_recplot,22,faithfulness,0.19155757129192352
65,effnet_recplot,22,robustness,24.281858444213867
65,effnet_recplot,22,complexity,0.6199138972838402
65,effnet_recplot,23,faithfulness,-0.05025734379887581
65,effnet_recplot,23,robustness,2.406431198120117
65,effnet_recplot,23,complexity,0.6119303992803208
65,effnet_recplot,24,faithfulness,0.11859089136123657
65,effnet_recplot,24,robustness,7.942801475524902
65,effnet_recplot,24,complexity,0.6166748423983499
65,effnet_recplot,25,faithfulness,0.19117239117622375
65,effnet_recplot,25,robustness,333.4261779785156
65,effnet_recplot,25,complexity,0.5841238809499967
65,effnet_recplot,26,faithfulness,0.12528876960277557
65,effnet_recplot,26,robustness,97.85176086425781
65,effnet_recplot,26,complexity,0.5642256274760933
65,effnet_recplot,27,faithfulness,-0.2723110616207123
65,effnet_recplot,27,robustness,210.4404754638672
65,effnet_recplot,27,complexity,0.6062058134813497
65,effnet_recplot,28,faithfulness,-0.0892937183380127
65,effnet_recplot,28,robustness,247.69046020507812
65,effnet_recplot,28,complexity,0.5387350922289738
65,effnet_recplot,29,faithfulness,-0.14170019328594208
65,effnet_recplot,29,robustness,990.0131225585938
65,effnet_recplot,29,complexity,0.5630549668877662
65,effnet_recplot,30,faithfulness,0.061415091156959534
65,effnet_recplot,30,robustness,7.968666076660156
65,effnet_recplot,30,complexity,0.6097203894143567
65,effnet_recplot,31,faithfulness,0.19626322388648987
65,effnet_recplot,31,robustness,10.474308013916016
65,effnet_recplot,31,complexity,0.6203042830565125
65,effnet_recplot,32,faithfulness,0.05274077132344246
65,effnet_recplot,32,robustness,65.91117095947266
65,effnet_recplot,32,complexity,0.6331115765990326
65,effnet_recplot,33,faithfulness,0.1846282184123993
65,effnet_recplot,33,robustness,138.97427368164062
65,effnet_recplot,33,complexity,0.6053932794308883
65,effnet_recplot,34,faithfulness,0.18714509904384613
65,effnet_recplot,34,robustness,2335.99267578125
65,effnet_recplot,34,complexity,0.6008373041374279
65,effnet_recplot,35,faithfulness,-0.06801700592041016
65,effnet_recplot,35,robustness,1554.806640625
65,effnet_recplot,35,complexity,0.5710852094851075
65,effnet_recplot,36,faithfulness,0.03367732837796211
65,effnet_recplot,36,robustness,104.76460266113281
65,effnet_recplot,36,complexity,0.586792574085436
65,effnet_recplot,37,faithfulness,0.14840064942836761
65,effnet_recplot,37,robustness,1472.2783203125
65,effnet_recplot,37,complexity,0.6566232029249791
65,effnet_recplot,38,faithfulness,-0.20664994418621063
65,effnet_recplot,38,robustness,449.6592712402344
65,effnet_recplot,38,complexity,0.5870999277899615
65,effnet_recplot,39,faithfulness,-0.083460733294487
65,effnet_recplot,39,robustness,1708.0904541015625
65,effnet_recplot,39,complexity,0.5627034592462262
65,effnet_recplot,40,faithfulness,0.2314995378255844
65,effnet_recplot,40,robustness,2536.661376953125
65,effnet_recplot,40,complexity,0.5239478193786221
65,effnet_recplot,41,faithfulness,-0.0032312124967575073
65,effnet_recplot,41,robustness,24.21126937866211
65,effnet_recplot,41,complexity,0.5909310431668917
65,effnet_recplot,42,faithfulness,-0.1064440906047821
65,effnet_recplot,42,robustness,570.3643798828125
65,effnet_recplot,42,complexity,0.6282831906749777
65,effnet_recplot,43,faithfulness,0.02668096125125885
65,effnet_recplot,43,robustness,1.6969074010849
65,effnet_recplot,43,complexity,0.6377084198798577
65,effnet_recplot,44,faithfulness,-0.04830918833613396
65,effnet_recplot,44,robustness,438.40740966796875
65,effnet_recplot,44,complexity,0.5165392489790401
65,effnet_recplot,45,faithfulness,0.13801787793636322
65,effnet_recplot,45,robustness,2099.63525390625
65,effnet_recplot,45,complexity,0.6128714430558344
65,effnet_recplot,46,faithfulness,0.10448130965232849
65,effnet_recplot,46,robustness,20.942203521728516
65,effnet_recplot,46,complexity,0.5519656157814595
65,effnet_recplot,47,faithfulness,0.03767433017492294
65,effnet_recplot,47,robustness,543.3557739257812
65,effnet_recplot,47,complexity,0.6122652594445066
65,effnet_recplot,48,faithfulness,-0.2979860305786133
65,effnet_recplot,48,robustness,37.99220275878906
65,effnet_recplot,48,complexity,0.632482105257195
65,effnet_recplot,49,faithfulness,-0.28572434186935425
65,effnet_recplot,49,robustness,804.3828735351562
65,effnet_recplot,49,complexity,0.590958650576083
65,effnet_recplot,50,faithfulness,0.13522294163703918
65,effnet_recplot,50,robustness,1690.5823974609375
65,effnet_recplot,50,complexity,0.5528192669242361
65,effnet_recplot,51,faithfulness,-0.22249318659305573
65,effnet_recplot,51,robustness,568.48974609375
65,effnet_recplot,51,complexity,0.6115953872972292
65,effnet_recplot,52,faithfulness,-0.039737433195114136
65,effnet_recplot,52,robustness,56.560577392578125
65,effnet_recplot,52,complexity,0.6033444926552258
65,effnet_recplot,53,faithfulness,0.14390301704406738
65,effnet_recplot,53,robustness,52.9910774230957
65,effnet_recplot,53,complexity,0.6429068838554292
65,effnet_recplot,54,faithfulness,0.31602734327316284
65,effnet_recplot,54,robustness,36.924232482910156
65,effnet_recplot,54,complexity,0.633165749220687
65,effnet_recplot,55,faithfulness,0.1692476123571396
65,effnet_recplot,55,robustness,2209.668212890625
65,effnet_recplot,55,complexity,0.6012575677746275
65,effnet_recplot,56,faithfulness,-0.14535531401634216
65,effnet_recplot,56,robustness,163.30438232421875
65,effnet_recplot,56,complexity,0.5645753977990986
65,effnet_recplot,57,faithfulness,-0.311727911233902
65,effnet_recplot,57,robustness,1109.444580078125
65,effnet_recplot,57,complexity,0.5927827744411934
65,effnet_recplot,58,faithfulness,-0.07563060522079468
65,effnet_recplot,58,robustness,5527.40625
65,effnet_recplot,58,complexity,0.5824578859123741
87,mobilenet_orig,0,faithfulness,0.025506414473056793
87,mobilenet_orig,0,robustness,1.3691785335540771
87,mobilenet_orig,0,complexity,0.6271650728942926
87,mobilenet_orig,1,faithfulness,-0.15958276391029358
87,mobilenet_orig,1,robustness,1.6590616703033447
87,mobilenet_orig,1,complexity,0.5792953121917082
87,mobilenet_orig,2,faithfulness,0.10101881623268127
87,mobilenet_orig,2,robustness,1.399774432182312
87,mobilenet_orig,2,complexity,0.5874511299728737
87,mobilenet_orig,3,faithfulness,-0.23895379900932312
87,mobilenet_orig,3,robustness,1.6641898155212402
87,mobilenet_orig,3,complexity,0.6047672933579098
87,mobilenet_orig,4,faithfulness,0.05162147805094719
87,mobilenet_orig,4,robustness,1.5445163249969482
87,mobilenet_orig,4,complexity,0.5925352070980526
87,mobilenet_orig,5,faithfulness,-0.3121677041053772
87,mobilenet_orig,5,robustness,1.2091937065124512
87,mobilenet_orig,5,complexity,0.6210447006651811
87,mobilenet_orig,6,faithfulness,-0.04581403732299805
87,mobilenet_orig,6,robustness,1.4239975214004517
87,mobilenet_orig,6,complexity,0.5871445307369614
87,mobilenet_orig,7,faithfulness,0.19400590658187866
87,mobilenet_orig,7,robustness,1.5508909225463867
87,mobilenet_orig,7,complexity,0.5965011737011906
87,mobilenet_orig,8,faithfulness,0.43362241983413696
87,mobilenet_orig,8,robustness,2.1299192905426025
87,mobilenet_orig,8,complexity,0.5690177641408631
87,mobilenet_orig,9,faithfulness,0.188661128282547
87,mobilenet_orig,9,robustness,1.3550890684127808
87,mobilenet_orig,9,complexity,0.610291571545007
87,mobilenet_orig,10,faithfulness,-0.0932922214269638
87,mobilenet_orig,10,robustness,1.2746230363845825
87,mobilenet_orig,10,complexity,0.569570369181793
87,mobilenet_orig,11,faithfulness,0.22489848732948303
87,mobilenet_orig,11,robustness,1.5767995119094849
87,mobilenet_orig,11,complexity,0.5982113829241482
87,mobilenet_orig,12,faithfulness,0.03550488501787186
87,mobilenet_orig,12,robustness,1.2954165935516357
87,mobilenet_orig,12,complexity,0.597152730831613
87,mobilenet_orig,13,faithfulness,-0.13418921828269958
87,mobilenet_orig,13,robustness,1.3518061637878418
87,mobilenet_orig,13,complexity,0.5884422862511296
87,mobilenet_orig,14,faithfulness,0.0760696604847908
87,mobilenet_orig,14,robustness,1.3694818019866943
87,mobilenet_orig,14,complexity,0.5666663769622189
87,mobilenet_orig,15,faithfulness,0.014955762773752213
87,mobilenet_orig,15,robustness,1.5605758428573608
87,mobilenet_orig,15,complexity,0.5804803322442543
87,mobilenet_orig,16,faithfulness,-0.04946577548980713
87,mobilenet_orig,16,robustness,1.3976688385009766
87,mobilenet_orig,16,complexity,0.5788517370845728
87,mobilenet_orig,17,faithfulness,-0.24495872855186462
87,mobilenet_orig,17,robustness,1.662912368774414
87,mobilenet_orig,17,complexity,0.5698327299369933
87,mobilenet_orig,18,faithfulness,-0.26980873942375183
87,mobilenet_orig,18,robustness,1.4062711000442505
87,mobilenet_orig,18,complexity,0.5679215076185516
87,mobilenet_orig,19,faithfulness,0.029416078701615334
87,mobilenet_orig,19,robustness,1.5608091354370117
87,mobilenet_orig,19,complexity,0.5688349319203286
87,mobilenet_orig,20,faithfulness,-0.20432662963867188
87,mobilenet_orig,20,robustness,1.5727816820144653
87,mobilenet_orig,20,complexity,0.5732783040525665
87,mobilenet_orig,21,faithfulness,0.20238134264945984
87,mobilenet_orig,21,robustness,1.487606406211853
87,mobilenet_orig,21,complexity,0.564389872525681
87,mobilenet_orig,22,faithfulness,0.2281353920698166
87,mobilenet_orig,22,robustness,1.626698613166809
87,mobilenet_orig,22,complexity,0.5649001555152332
87,mobilenet_orig,23,faithfulness,0.0635635182261467
87,mobilenet_orig,23,robustness,1.5992754697799683
87,mobilenet_orig,23,complexity,0.5563680999900721
87,mobilenet_orig,24,faithfulness,-0.2711881399154663
87,mobilenet_orig,24,robustness,1.5108728408813477
87,mobilenet_orig,24,complexity,0.5636888932857026
87,mobilenet_orig,25,faithfulness,0.06553737074136734
87,mobilenet_orig,25,robustness,1.2722790241241455
87,mobilenet_orig,25,complexity,0.5799928782880706
87,mobilenet_orig,26,faithfulness,-0.06888055801391602
87,mobilenet_orig,26,robustness,1.5571577548980713
87,mobilenet_orig,26,complexity,0.5710860474125606
87,mobilenet_orig,27,faithfulness,0.4234457015991211
87,mobilenet_orig,27,robustness,1.518312931060791
87,mobilenet_orig,27,complexity,0.5539278511253383
87,mobilenet_orig,28,faithfulness,-0.17543718218803406
87,mobilenet_orig,28,robustness,1.8834757804870605
87,mobilenet_orig,28,complexity,0.5612072412421807
87,mobilenet_orig,29,faithfulness,-0.006334461271762848
87,mobilenet_orig,29,robustness,1.8471678495407104
87,mobilenet_orig,29,complexity,0.5725897075097569
87,mobilenet_orig,30,faithfulness,0.19961842894554138
87,mobilenet_orig,30,robustness,1.7561402320861816
87,mobilenet_orig,30,complexity,0.5639883592303393
87,mobilenet_orig,31,faithfulness,0.10874223709106445
87,mobilenet_orig,31,robustness,1.5981255769729614
87,mobilenet_orig,31,complexity,0.6027181489200236
87,mobilenet_orig,32,faithfulness,0.37542468309402466
87,mobilenet_orig,32,robustness,1.3369137048721313
87,mobilenet_orig,32,complexity,0.6059146598709941
87,mobilenet_orig,33,faithfulness,0.39997434616088867
87,mobilenet_orig,33,robustness,1.6817225217819214
87,mobilenet_orig,33,complexity,0.5639452973533329
87,mobilenet_orig,34,faithfulness,-0.08267149329185486
87,mobilenet_orig,34,robustness,1.3960005044937134
87,mobilenet_orig,34,complexity,0.5527464424087801
87,mobilenet_orig,35,faithfulness,0.06008864939212799
87,mobilenet_orig,35,robustness,1.5812005996704102
87,mobilenet_orig,35,complexity,0.5689791685235664
87,mobilenet_orig,36,faithfulness,0.15263688564300537
87,mobilenet_orig,36,robustness,1.3558340072631836
87,mobilenet_orig,36,complexity,0.5699203073439012
87,mobilenet_orig,37,faithfulness,-0.2808603346347809
87,mobilenet_orig,37,robustness,2.1909964084625244
87,mobilenet_orig,37,complexity,0.5458667806420888
87,mobilenet_orig,38,faithfulness,0.10984843224287033
87,mobilenet_orig,38,robustness,1.8602077960968018
87,mobilenet_orig,38,complexity,0.5847182965754424
87,mobilenet_orig,39,faithfulness,0.1279141902923584
87,mobilenet_orig,39,robustness,1.9285892248153687
87,mobilenet_orig,39,complexity,0.5769082519958953
87,mobilenet_orig,40,faithfulness,-0.20839634537696838
87,mobilenet_orig,40,robustness,1.8217462301254272
87,mobilenet_orig,40,complexity,0.5646920295468022
87,mobilenet_orig,41,faithfulness,0.21008042991161346
87,mobilenet_orig,41,robustness,1.4849101305007935
87,mobilenet_orig,41,complexity,0.5891986622865281
87,mobilenet_orig,42,faithfulness,0.13224844634532928
87,mobilenet_orig,42,robustness,1.510793924331665
87,mobilenet_orig,42,complexity,0.5826581396619407
87,mobilenet_orig,43,faithfulness,-0.07285111397504807
87,mobilenet_orig,43,robustness,2.2237319946289062
87,mobilenet_orig,43,complexity,0.5628929959397689
87,mobilenet_orig,44,faithfulness,0.014654293656349182
87,mobilenet_orig,44,robustness,1.5520437955856323
87,mobilenet_orig,44,complexity,0.5637115258909893
87,mobilenet_orig,45,faithfulness,-0.10451152920722961
87,mobilenet_orig,45,robustness,1.4101327657699585
87,mobilenet_orig,45,complexity,0.5748743973795148
87,mobilenet_orig,46,faithfulness,0.2762204706668854
87,mobilenet_orig,46,robustness,1.6904863119125366
87,mobilenet_orig,46,complexity,0.5630251560998306
87,mobilenet_orig,47,faithfulness,-0.009386688470840454
87,mobilenet_orig,47,robustness,1.5060545206069946
87,mobilenet_orig,47,complexity,0.5986364932972597
87,mobilenet_orig,48,faithfulness,0.17522957921028137
87,mobilenet_orig,48,robustness,1.2441444396972656
87,mobilenet_orig,48,complexity,0.6179766278414527
87,mobilenet_orig,49,faithfulness,0.1137516051530838
87,mobilenet_orig,49,robustness,1.6639316082000732
87,mobilenet_orig,49,complexity,0.5611294836256381
87,mobilenet_orig,50,faithfulness,-0.18632496893405914
87,mobilenet_orig,50,robustness,1.7105146646499634
87,mobilenet_orig,50,complexity,0.6075351083822794
87,mobilenet_orig,51,faithfulness,0.019430190324783325
87,mobilenet_orig,51,robustness,1.538678765296936
87,mobilenet_orig,51,complexity,0.5943758395280018
87,mobilenet_orig,52,faithfulness,0.3111754059791565
87,mobilenet_orig,52,robustness,1.6500873565673828
87,mobilenet_orig,52,complexity,0.5815871036466347
87,mobilenet_orig,53,faithfulness,0.22743049263954163
87,mobilenet_orig,53,robustness,1.385974645614624
87,mobilenet_orig,53,complexity,0.6102920126019569
87,mobilenet_orig,54,faithfulness,0.20232005417346954
87,mobilenet_orig,54,robustness,1.2028769254684448
87,mobilenet_orig,54,complexity,0.5843894323936435
87,mobilenet_orig,55,faithfulness,0.07647007703781128
87,mobilenet_orig,55,robustness,1.4161417484283447
87,mobilenet_orig,55,complexity,0.5769024496305647
87,mobilenet_orig,56,faithfulness,0.20355454087257385
87,mobilenet_orig,56,robustness,1.4390071630477905
87,mobilenet_orig,56,complexity,0.5914546874551614
87,mobilenet_orig,57,faithfulness,0.34873437881469727
87,mobilenet_orig,57,robustness,1.472704291343689
87,mobilenet_orig,57,complexity,0.564805150685618
87,mobilenet_orig,58,faithfulness,0.1630624234676361
87,mobilenet_orig,58,robustness,1.3543487787246704
87,mobilenet_orig,58,complexity,0.5849210079518649
87,mobilenet_recplot,0,faithfulness,0.05096794664859772
87,mobilenet_recplot,0,robustness,1.7537423372268677
87,mobilenet_recplot,0,complexity,0.6224916286153884
87,mobilenet_recplot,1,faithfulness,-0.01649285852909088
87,mobilenet_recplot,1,robustness,1.3860961198806763
87,mobilenet_recplot,1,complexity,0.636685730594177
87,mobilenet_recplot,2,faithfulness,0.08922412246465683
87,mobilenet_recplot,2,robustness,1.4047931432724
87,mobilenet_recplot,2,complexity,0.7052006080645551
87,mobilenet_recplot,3,faithfulness,-0.16457858681678772
87,mobilenet_recplot,3,robustness,2.0580861568450928
87,mobilenet_recplot,3,complexity,0.6261325551720697
87,mobilenet_recplot,4,faithfulness,-0.16250450909137726
87,mobilenet_recplot,4,robustness,1.805851697921753
87,mobilenet_recplot,4,complexity,0.7161038201450839
87,mobilenet_recplot,5,faithfulness,-0.16229024529457092
87,mobilenet_recplot,5,robustness,1.6023492813110352
87,mobilenet_recplot,5,complexity,0.7081652903823245
87,mobilenet_recplot,6,faithfulness,-0.20298057794570923
87,mobilenet_recplot,6,robustness,2.0992159843444824
87,mobilenet_recplot,6,complexity,0.6953138614255966
87,mobilenet_recplot,7,faithfulness,0.17549994587898254
87,mobilenet_recplot,7,robustness,1.1568771600723267
87,mobilenet_recplot,7,complexity,0.6169189237691449
87,mobilenet_recplot,8,faithfulness,-0.2648268938064575
87,mobilenet_recplot,8,robustness,1.973516583442688
87,mobilenet_recplot,8,complexity,0.5964678628769832
87,mobilenet_recplot,9,faithfulness,-0.05841332674026489
87,mobilenet_recplot,9,robustness,1.6798938512802124
87,mobilenet_recplot,9,complexity,0.6417007168394492
87,mobilenet_recplot,10,faithfulness,-0.17533628642559052
87,mobilenet_recplot,10,robustness,1.2192802429199219
87,mobilenet_recplot,10,complexity,0.7712430099446952
87,mobilenet_recplot,11,faithfulness,0.023291494697332382
87,mobilenet_recplot,11,robustness,1.5841134786605835
87,mobilenet_recplot,11,complexity,0.6915431157591628
87,mobilenet_recplot,12,faithfulness,-0.05712949484586716
87,mobilenet_recplot,12,robustness,1.7759429216384888
87,mobilenet_recplot,12,complexity,0.65432993605112
87,mobilenet_recplot,13,faithfulness,0.1444976031780243
87,mobilenet_recplot,13,robustness,2.550031900405884
87,mobilenet_recplot,13,complexity,0.6607632016163748
87,mobilenet_recplot,14,faithfulness,0.17744354903697968
87,mobilenet_recplot,14,robustness,1.3905636072158813
87,mobilenet_recplot,14,complexity,0.6866453556438259
87,mobilenet_recplot,15,faithfulness,-0.19088098406791687
87,mobilenet_recplot,15,robustness,1.4317530393600464
87,mobilenet_recplot,15,complexity,0.6373605609180876
87,mobilenet_recplot,16,faithfulness,0.151504248380661
87,mobilenet_recplot,16,robustness,1.7348054647445679
87,mobilenet_recplot,16,complexity,0.5910560604361456
87,mobilenet_recplot,17,faithfulness,-0.06810396909713745
87,mobilenet_recplot,17,robustness,1.5338088274002075
87,mobilenet_recplot,17,complexity,0.6927848785966804
87,mobilenet_recplot,18,faithfulness,0.0796813890337944
87,mobilenet_recplot,18,robustness,1.4864833354949951
87,mobilenet_recplot,18,complexity,0.626545841040342
87,mobilenet_recplot,19,faithfulness,0.010864108800888062
87,mobilenet_recplot,19,robustness,1.921858549118042
87,mobilenet_recplot,19,complexity,0.6438804321037467
87,mobilenet_recplot,20,faithfulness,-0.023529857397079468
87,mobilenet_recplot,20,robustness,1.1160163879394531
87,mobilenet_recplot,20,complexity,0.605883040798468
87,mobilenet_recplot,21,faithfulness,-0.14285752177238464
87,mobilenet_recplot,21,robustness,1.4724260568618774
87,mobilenet_recplot,21,complexity,0.633985078939154
87,mobilenet_recplot,22,faithfulness,-0.03317929804325104
87,mobilenet_recplot,22,robustness,1.9681051969528198
87,mobilenet_recplot,22,complexity,0.6551660101093925
87,mobilenet_recplot,23,faithfulness,0.2588313817977905
87,mobilenet_recplot,23,robustness,1.812676191329956
87,mobilenet_recplot,23,complexity,0.7001182607146418
87,mobilenet_recplot,24,faithfulness,0.40213632583618164
87,mobilenet_recplot,24,robustness,1.9574968814849854
87,mobilenet_recplot,24,complexity,0.6848401099624478
87,mobilenet_recplot,25,faithfulness,0.11536610126495361
87,mobilenet_recplot,25,robustness,2.615995168685913
87,mobilenet_recplot,25,complexity,0.6771142138201758
87,mobilenet_recplot,26,faithfulness,-0.08921658992767334
87,mobilenet_recplot,26,robustness,1.9486725330352783
87,mobilenet_recplot,26,complexity,0.6174490992800036
87,mobilenet_recplot,27,faithfulness,-0.42624443769454956
87,mobilenet_recplot,27,robustness,1.9412411451339722
87,mobilenet_recplot,27,complexity,0.6499976918708096
87,mobilenet_recplot,28,faithfulness,-0.1309056282043457
87,mobilenet_recplot,28,robustness,1.4685719013214111
87,mobilenet_recplot,28,complexity,0.6111242714174374
87,mobilenet_recplot,29,faithfulness,-0.17520298063755035
87,mobilenet_recplot,29,robustness,1.3645896911621094
87,mobilenet_recplot,29,complexity,0.643510379074571
87,mobilenet_recplot,30,faithfulness,-0.4052467346191406
87,mobilenet_recplot,30,robustness,2.563058376312256
87,mobilenet_recplot,30,complexity,0.680004546791531
87,mobilenet_recplot,31,faithfulness,-0.29252883791923523
87,mobilenet_recplot,31,robustness,2.091604232788086
87,mobilenet_recplot,31,complexity,0.6967999355749581
87,mobilenet_recplot,32,faithfulness,-0.04749701917171478
87,mobilenet_recplot,32,robustness,3.030714273452759
87,mobilenet_recplot,32,complexity,0.6778438119215207
87,mobilenet_recplot,33,faithfulness,0.15545950829982758
87,mobilenet_recplot,33,robustness,3.200521945953369
87,mobilenet_recplot,33,complexity,0.6875861312011619
87,mobilenet_recplot,34,faithfulness,0.009584326297044754
87,mobilenet_recplot,34,robustness,2.3079257011413574
87,mobilenet_recplot,34,complexity,0.6648911926140061
87,mobilenet_recplot,35,faithfulness,0.2943207025527954
87,mobilenet_recplot,35,robustness,2.364712953567505
87,mobilenet_recplot,35,complexity,0.6410813052885127
87,mobilenet_recplot,36,faithfulness,-0.07681193947792053
87,mobilenet_recplot,36,robustness,2.0654447078704834
87,mobilenet_recplot,36,complexity,0.6307835113994155
87,mobilenet_recplot,37,faithfulness,0.024183139204978943
87,mobilenet_recplot,37,robustness,1.6289767026901245
87,mobilenet_recplot,37,complexity,0.7425285925674738
87,mobilenet_recplot,38,faithfulness,0.07368834316730499
87,mobilenet_recplot,38,robustness,2.158151388168335
87,mobilenet_recplot,38,complexity,0.594855256998078
87,mobilenet_recplot,39,faithfulness,0.06625694036483765
87,mobilenet_recplot,39,robustness,1.794156789779663
87,mobilenet_recplot,39,complexity,0.6048220613315612
87,mobilenet_recplot,40,faithfulness,-0.12442891299724579
87,mobilenet_recplot,40,robustness,1.0659352540969849
87,mobilenet_recplot,40,complexity,0.6538058822239705
87,mobilenet_recplot,41,faithfulness,0.21799248456954956
87,mobilenet_recplot,41,robustness,1.8434854745864868
87,mobilenet_recplot,41,complexity,0.6109027302949364
87,mobilenet_recplot,42,faithfulness,0.029469329863786697
87,mobilenet_recplot,42,robustness,1.4447952508926392
87,mobilenet_recplot,42,complexity,0.6525593673136632
87,mobilenet_recplot,43,faithfulness,0.2701314091682434
87,mobilenet_recplot,43,robustness,1.5157380104064941
87,mobilenet_recplot,43,complexity,0.6862848478186315
87,mobilenet_recplot,44,faithfulness,-0.16488289833068848
87,mobilenet_recplot,44,robustness,1.181888461112976
87,mobilenet_recplot,44,complexity,0.617912619680405
87,mobilenet_recplot,45,faithfulness,0.021199222654104233
87,mobilenet_recplot,45,robustness,1.7123527526855469
87,mobilenet_recplot,45,complexity,0.6945681824091584
87,mobilenet_recplot,46,faithfulness,0.033586472272872925
87,mobilenet_recplot,46,robustness,1.0511054992675781
87,mobilenet_recplot,46,complexity,0.6339940967916117
87,mobilenet_recplot,47,faithfulness,0.2884768843650818
87,mobilenet_recplot,47,robustness,2.84967303276062
87,mobilenet_recplot,47,complexity,0.6976764448335869
87,mobilenet_recplot,48,faithfulness,-0.05223701149225235
87,mobilenet_recplot,48,robustness,2.453310489654541
87,mobilenet_recplot,48,complexity,0.6803531413591581
87,mobilenet_recplot,49,faithfulness,-0.0627378523349762
87,mobilenet_recplot,49,robustness,2.8163275718688965
87,mobilenet_recplot,49,complexity,0.5884616082391039
87,mobilenet_recplot,50,faithfulness,-0.03838272765278816
87,mobilenet_recplot,50,robustness,3.1220765113830566
87,mobilenet_recplot,50,complexity,0.6389417106365768
87,mobilenet_recplot,51,faithfulness,-0.07226470112800598
87,mobilenet_recplot,51,robustness,1.6222354173660278
87,mobilenet_recplot,51,complexity,0.6361293874400364
87,mobilenet_recplot,52,faithfulness,-0.03679857403039932
87,mobilenet_recplot,52,robustness,1.9453279972076416
87,mobilenet_recplot,52,complexity,0.5940131312261383
87,mobilenet_recplot,53,faithfulness,0.16470660269260406
87,mobilenet_recplot,53,robustness,1.9953738451004028
87,mobilenet_recplot,53,complexity,0.6772854586294944
87,mobilenet_recplot,54,faithfulness,-0.044376008212566376
87,mobilenet_recplot,54,robustness,1.563870906829834
87,mobilenet_recplot,54,complexity,0.6768883886132343
87,mobilenet_recplot,55,faithfulness,0.17297585308551788
87,mobilenet_recplot,55,robustness,1.7677412033081055
87,mobilenet_recplot,55,complexity,0.6848609947552113
87,mobilenet_recplot,56,faithfulness,0.08092246949672699
87,mobilenet_recplot,56,robustness,1.4942313432693481
87,mobilenet_recplot,56,complexity,0.6560571402575696
87,mobilenet_recplot,57,faithfulness,-0.40928906202316284
87,mobilenet_recplot,57,robustness,1.8722460269927979
87,mobilenet_recplot,57,complexity,0.6628995951728058
87,mobilenet_recplot,58,faithfulness,0.04808730632066727
87,mobilenet_recplot,58,robustness,2.0822269916534424
87,mobilenet_recplot,58,complexity,0.6545718080469294
87,effnet_orig,0,faithfulness,0.2756211757659912
87,effnet_orig,0,robustness,1.1683238744735718
87,effnet_orig,0,complexity,0.5460521790549322
87,effnet_orig,1,faithfulness,-0.16187679767608643
87,effnet_orig,1,robustness,1.1520143747329712
87,effnet_orig,1,complexity,0.5541423036977672
87,effnet_orig,2,faithfulness,0.2449760138988495
87,effnet_orig,2,robustness,1.1270323991775513
87,effnet_orig,2,complexity,0.5391949553793199
87,effnet_orig,3,faithfulness,0.17126253247261047
87,effnet_orig,3,robustness,1.1210302114486694
87,effnet_orig,3,complexity,0.5577602709241721
87,effnet_orig,4,faithfulness,-0.02377660572528839
87,effnet_orig,4,robustness,1.2693827152252197
87,effnet_orig,4,complexity,0.5454588028264942
87,effnet_orig,5,faithfulness,0.22989991307258606
87,effnet_orig,5,robustness,1.320666790008545
87,effnet_orig,5,complexity,0.5651374125455626
87,effnet_orig,6,faithfulness,0.4717605710029602
87,effnet_orig,6,robustness,1.2723296880722046
87,effnet_orig,6,complexity,0.578376588553105
87,effnet_orig,7,faithfulness,0.24206243455410004
87,effnet_orig,7,robustness,1.1369785070419312
87,effnet_orig,7,complexity,0.5564910670650268
87,effnet_orig,8,faithfulness,0.13962551951408386
87,effnet_orig,8,robustness,1.4779950380325317
87,effnet_orig,8,complexity,0.559612242125562
87,effnet_orig,9,faithfulness,0.4652301073074341
87,effnet_orig,9,robustness,0.9936781525611877
87,effnet_orig,9,complexity,0.5483785867938566
87,effnet_orig,10,faithfulness,0.22037583589553833
87,effnet_orig,10,robustness,1.645074725151062
87,effnet_orig,10,complexity,0.5486500701202947
87,effnet_orig,11,faithfulness,0.3508453667163849
87,effnet_orig,11,robustness,1.3754990100860596
87,effnet_orig,11,complexity,0.5530834159644914
87,effnet_orig,12,faithfulness,0.1601356565952301
87,effnet_orig,12,robustness,1.2060600519180298
87,effnet_orig,12,complexity,0.5623979319340471
87,effnet_orig,13,faithfulness,0.06888116896152496
87,effnet_orig,13,robustness,1.2232283353805542
87,effnet_orig,13,complexity,0.5392225824025335
87,effnet_orig,14,faithfulness,0.10082614421844482
87,effnet_orig,14,robustness,1.3451428413391113
87,effnet_orig,14,complexity,0.5388223944646326
87,effnet_orig,15,faithfulness,-0.0868886411190033
87,effnet_orig,15,robustness,0.9780615568161011
87,effnet_orig,15,complexity,0.5488492505317246
87,effnet_orig,16,faithfulness,-0.21711114048957825
87,effnet_orig,16,robustness,1.062657356262207
87,effnet_orig,16,complexity,0.5284465093849292
87,effnet_orig,17,faithfulness,0.2901892066001892
87,effnet_orig,17,robustness,1.3501558303833008
87,effnet_orig,17,complexity,0.560127025343454
87,effnet_orig,18,faithfulness,0.1064024567604065
87,effnet_orig,18,robustness,1.2415337562561035
87,effnet_orig,18,complexity,0.5457792401763318
87,effnet_orig,19,faithfulness,0.13130305707454681
87,effnet_orig,19,robustness,1.148183822631836
87,effnet_orig,19,complexity,0.5354679635303724
87,effnet_orig,20,faithfulness,0.1939486414194107
87,effnet_orig,20,robustness,1.4928927421569824
87,effnet_orig,20,complexity,0.5460761969650357
87,effnet_orig,21,faithfulness,0.3471643924713135
87,effnet_orig,21,robustness,1.3127827644348145
87,effnet_orig,21,complexity,0.5783440038099987
87,effnet_orig,22,faithfulness,0.21263328194618225
87,effnet_orig,22,robustness,1.4149754047393799
87,effnet_orig,22,complexity,0.5566487207265548
87,effnet_orig,23,faithfulness,0.1552557647228241
87,effnet_orig,23,robustness,1.1508216857910156
87,effnet_orig,23,complexity,0.5722812131114933
87,effnet_orig,24,faithfulness,0.29119041562080383
87,effnet_orig,24,robustness,1.0510666370391846
87,effnet_orig,24,complexity,0.5519664231591478
87,effnet_orig,25,faithfulness,0.05002129450440407
87,effnet_orig,25,robustness,1.0154905319213867
87,effnet_orig,25,complexity,0.5337818502470729
87,effnet_orig,26,faithfulness,0.2675512433052063
87,effnet_orig,26,robustness,1.1064555644989014
87,effnet_orig,26,complexity,0.5381610117942696
87,effnet_orig,27,faithfulness,0.26945486664772034
87,effnet_orig,27,robustness,1.054803729057312
87,effnet_orig,27,complexity,0.5538151520788109
87,effnet_orig,28,faithfulness,0.04755523055791855
87,effnet_orig,28,robustness,1.3442655801773071
87,effnet_orig,28,complexity,0.556194717931094
87,effnet_orig,29,faithfulness,-0.039062678813934326
87,effnet_orig,29,robustness,1.1314196586608887
87,effnet_orig,29,complexity,0.5744888468992062
87,effnet_orig,30,faithfulness,0.008373916149139404
87,effnet_orig,30,robustness,1.0338443517684937
87,effnet_orig,30,complexity,0.555951485310681
87,effnet_orig,31,faithfulness,-0.20140835642814636
87,effnet_orig,31,robustness,1.2206149101257324
87,effnet_orig,31,complexity,0.5554356620883226
87,effnet_orig,32,faithfulness,0.15518485009670258
87,effnet_orig,32,robustness,1.0233644247055054
87,effnet_orig,32,complexity,0.5673027782657096
87,effnet_orig,33,faithfulness,0.3510068655014038
87,effnet_orig,33,robustness,0.9662520885467529
87,effnet_orig,33,complexity,0.5681122477340403
87,effnet_orig,34,faithfulness,-0.03320398926734924
87,effnet_orig,34,robustness,1.0836790800094604
87,effnet_orig,34,complexity,0.5477507426835299
87,effnet_orig,35,faithfulness,0.21733205020427704
87,effnet_orig,35,robustness,1.0739251375198364
87,effnet_orig,35,complexity,0.544477644719832
87,effnet_orig,36,faithfulness,0.08574068546295166
87,effnet_orig,36,robustness,1.1848957538604736
87,effnet_orig,36,complexity,0.5337357367710445
87,effnet_orig,37,faithfulness,-0.11011358350515366
87,effnet_orig,37,robustness,1.9895344972610474
87,effnet_orig,37,complexity,0.5535389329588445
87,effnet_orig,38,faithfulness,0.2590723931789398
87,effnet_orig,38,robustness,1.4348267316818237
87,effnet_orig,38,complexity,0.5657347036929264
87,effnet_orig,39,faithfulness,0.5220475792884827
87,effnet_orig,39,robustness,1.1744463443756104
87,effnet_orig,39,complexity,0.6017934700070428
87,effnet_orig,40,faithfulness,0.20236921310424805
87,effnet_orig,40,robustness,1.375120997428894
87,effnet_orig,40,complexity,0.5458484256677133
87,effnet_orig,41,faithfulness,0.40703675150871277
87,effnet_orig,41,robustness,1.1409099102020264
87,effnet_orig,41,complexity,0.5465794801869154
87,effnet_orig,42,faithfulness,0.18749313056468964
87,effnet_orig,42,robustness,1.1768049001693726
87,effnet_orig,42,complexity,0.5478938714797462
87,effnet_orig,43,faithfulness,-0.009961098432540894
87,effnet_orig,43,robustness,1.4350292682647705
87,effnet_orig,43,complexity,0.5478472622386382
87,effnet_orig,44,faithfulness,0.21687829494476318
87,effnet_orig,44,robustness,1.4057464599609375
87,effnet_orig,44,complexity,0.5556797834592873
87,effnet_orig,45,faithfulness,-0.052358295768499374
87,effnet_orig,45,robustness,1.288838505744934
87,effnet_orig,45,complexity,0.5314795693160883
87,effnet_orig,46,faithfulness,-0.048780687153339386
87,effnet_orig,46,robustness,1.2831987142562866
87,effnet_orig,46,complexity,0.5832176138606224
87,effnet_orig,47,faithfulness,0.030569851398468018
87,effnet_orig,47,robustness,1.0325413942337036
87,effnet_orig,47,complexity,0.5509678974362192
87,effnet_orig,48,faithfulness,0.107122041285038
87,effnet_orig,48,robustness,1.1092448234558105
87,effnet_orig,48,complexity,0.569642696869037
87,effnet_orig,49,faithfulness,0.12138853967189789
87,effnet_orig,49,robustness,1.0316683053970337
87,effnet_orig,49,complexity,0.5176366657662752
87,effnet_orig,50,faithfulness,0.2491925060749054
87,effnet_orig,50,robustness,1.08069908618927
87,effnet_orig,50,complexity,0.5732603448646405
87,effnet_orig,51,faithfulness,0.20710419118404388
87,effnet_orig,51,robustness,0.9401933550834656
87,effnet_orig,51,complexity,0.5620070004690616
87,effnet_orig,52,faithfulness,0.4466376304626465
87,effnet_orig,52,robustness,1.0855869054794312
87,effnet_orig,52,complexity,0.5393953086609221
87,effnet_orig,53,faithfulness,-0.2087114453315735
87,effnet_orig,53,robustness,1.3801651000976562
87,effnet_orig,53,complexity,0.5996907220948224
87,effnet_orig,54,faithfulness,0.07863966375589371
87,effnet_orig,54,robustness,1.1516658067703247
87,effnet_orig,54,complexity,0.5423345324810586
87,effnet_orig,55,faithfulness,0.018279969692230225
87,effnet_orig,55,robustness,1.1482540369033813
87,effnet_orig,55,complexity,0.5629392663175083
87,effnet_orig,56,faithfulness,-0.20901979506015778
87,effnet_orig,56,robustness,1.3120343685150146
87,effnet_orig,56,complexity,0.5454081533992483
87,effnet_orig,57,faithfulness,0.32447558641433716
87,effnet_orig,57,robustness,0.9766510725021362
87,effnet_orig,57,complexity,0.5733878596350789
87,effnet_orig,58,faithfulness,-0.13366559147834778
87,effnet_orig,58,robustness,1.0008814334869385
87,effnet_orig,58,complexity,0.539898094975358
87,effnet_recplot,0,faithfulness,0.23742231726646423
87,effnet_recplot,0,robustness,146.59022521972656
87,effnet_recplot,0,complexity,0.6068978890345487
87,effnet_recplot,1,faithfulness,0.2888312339782715
87,effnet_recplot,1,robustness,15.325864791870117
87,effnet_recplot,1,complexity,0.5234397669946224
87,effnet_recplot,2,faithfulness,-0.2216237187385559
87,effnet_recplot,2,robustness,1.395072340965271
87,effnet_recplot,2,complexity,0.633076137767201
87,effnet_recplot,3,faithfulness,0.13558471202850342
87,effnet_recplot,3,robustness,548.6751098632812
87,effnet_recplot,3,complexity,0.6002385849002257
87,effnet_recplot,4,faithfulness,0.21638396382331848
87,effnet_recplot,4,robustness,5.355506420135498
87,effnet_recplot,4,complexity,0.6419489819645271
87,effnet_recplot,5,faithfulness,-0.03166041523218155
87,effnet_recplot,5,robustness,889.692138671875
87,effnet_recplot,5,complexity,0.605841651019816
87,effnet_recplot,6,faithfulness,-0.22035813331604004
87,effnet_recplot,6,robustness,3.6760458946228027
87,effnet_recplot,6,complexity,0.6274286801876986
87,effnet_recplot,7,faithfulness,-0.14512595534324646
87,effnet_recplot,7,robustness,309.94415283203125
87,effnet_recplot,7,complexity,0.5457857245766994
87,effnet_recplot,8,faithfulness,-0.05245672166347504
87,effnet_recplot,8,robustness,302.18389892578125
87,effnet_recplot,8,complexity,0.5880207340841581
87,effnet_recplot,9,faithfulness,-0.046995632350444794
87,effnet_recplot,9,robustness,6.492079734802246
87,effnet_recplot,9,complexity,0.614515879968407
87,effnet_recplot,10,faithfulness,0.08373048901557922
87,effnet_recplot,10,robustness,2487.1640625
87,effnet_recplot,10,complexity,0.6093102301536314
87,effnet_recplot,11,faithfulness,-0.1583012044429779
87,effnet_recplot,11,robustness,25588.794921875
87,effnet_recplot,11,complexity,0.5355315044216251
87,effnet_recplot,12,faithfulness,0.050966836512088776
87,effnet_recplot,12,robustness,977.5955200195312
87,effnet_recplot,12,complexity,0.6009233001639509
87,effnet_recplot,13,faithfulness,0.2296089082956314
87,effnet_recplot,13,robustness,505.10089111328125
87,effnet_recplot,13,complexity,0.59411268609509
87,effnet_recplot,14,faithfulness,0.10603700578212738
87,effnet_recplot,14,robustness,326.6870422363281
87,effnet_recplot,14,complexity,0.6239092657331942
87,effnet_recplot,15,faithfulness,0.22597625851631165
87,effnet_recplot,15,robustness,2.204699754714966
87,effnet_recplot,15,complexity,0.5890301303329127
87,effnet_recplot,16,faithfulness,-0.04263949394226074
87,effnet_recplot,16,robustness,14.182319641113281
87,effnet_recplot,16,complexity,0.5783309075401033
87,effnet_recplot,17,faithfulness,-0.3133099675178528
87,effnet_recplot,17,robustness,1617.2459716796875
87,effnet_recplot,17,complexity,0.5957811033871723
87,effnet_recplot,18,faithfulness,-0.16891710460186005
87,effnet_recplot,18,robustness,2.3092291355133057
87,effnet_recplot,18,complexity,0.5695740226705213
87,effnet_recplot,19,faithfulness,0.07589367032051086
87,effnet_recplot,19,robustness,7.101191997528076
87,effnet_recplot,19,complexity,0.619832339766165
87,effnet_recplot,20,faithfulness,0.18379205465316772
87,effnet_recplot,20,robustness,1.0016809701919556
87,effnet_recplot,20,complexity,0.5617337386883686
87,effnet_recplot,21,faithfulness,-0.1088028997182846
87,effnet_recplot,21,robustness,38.0946044921875
87,effnet_recplot,21,complexity,0.601960668000404
87,effnet_recplot,22,faithfulness,8.989125490188599e-05
87,effnet_recplot,22,robustness,149.1570281982422
87,effnet_recplot,22,complexity,0.5914022547443658
87,effnet_recplot,23,faithfulness,0.05872836709022522
87,effnet_recplot,23,robustness,340.6099548339844
87,effnet_recplot,23,complexity,0.6285796114957418
87,effnet_recplot,24,faithfulness,0.19911278784275055
87,effnet_recplot,24,robustness,338.76171875
87,effnet_recplot,24,complexity,0.6645488090715745
87,effnet_recplot,25,faithfulness,0.012389689683914185
87,effnet_recplot,25,robustness,464.9914855957031
87,effnet_recplot,25,complexity,0.6366446156166637
87,effnet_recplot,26,faithfulness,0.19547851383686066
87,effnet_recplot,26,robustness,1049.6148681640625
87,effnet_recplot,26,complexity,0.5285901210872272
87,effnet_recplot,27,faithfulness,0.052249833941459656
87,effnet_recplot,27,robustness,280.87274169921875
87,effnet_recplot,27,complexity,0.5627045108204558
87,effnet_recplot,28,faithfulness,-0.11369714140892029
87,effnet_recplot,28,robustness,71.73033142089844
87,effnet_recplot,28,complexity,0.4979223603221826
87,effnet_recplot,29,faithfulness,0.3215649724006653
87,effnet_recplot,29,robustness,10.965367317199707
87,effnet_recplot,29,complexity,0.5737363697005915
87,effnet_recplot,30,faithfulness,0.2535705268383026
87,effnet_recplot,30,robustness,94.03296661376953
87,effnet_recplot,30,complexity,0.6253227756782475
87,effnet_recplot,31,faithfulness,-0.11971415579319
87,effnet_recplot,31,robustness,105.41004180908203
87,effnet_recplot,31,complexity,0.6093693517567943
87,effnet_recplot,32,faithfulness,-0.13646681606769562
87,effnet_recplot,32,robustness,816.3065795898438
87,effnet_recplot,32,complexity,0.6067719254599626
87,effnet_recplot,33,faithfulness,-0.06832195818424225
87,effnet_recplot,33,robustness,5.125701904296875
87,effnet_recplot,33,complexity,0.6325662676936232
87,effnet_recplot,34,faithfulness,-0.02655935287475586
87,effnet_recplot,34,robustness,460.9658508300781
87,effnet_recplot,34,complexity,0.5566252914036026
87,effnet_recplot,35,faithfulness,-0.18403664231300354
87,effnet_recplot,35,robustness,16.47138214111328
87,effnet_recplot,35,complexity,0.57573810330892
87,effnet_recplot,36,faithfulness,-0.13161134719848633
87,effnet_recplot,36,robustness,62.8209228515625
87,effnet_recplot,36,complexity,0.5750431964489512
87,effnet_recplot,37,faithfulness,0.06544027477502823
87,effnet_recplot,37,robustness,27.183334350585938
87,effnet_recplot,37,complexity,0.6654103975910715
87,effnet_recplot,38,faithfulness,-0.1546880155801773
87,effnet_recplot,38,robustness,98.52444458007812
87,effnet_recplot,38,complexity,0.5851243849037339
87,effnet_recplot,39,faithfulness,-0.062485240399837494
87,effnet_recplot,39,robustness,11.388113975524902
87,effnet_recplot,39,complexity,0.5985590316692637
87,effnet_recplot,40,faithfulness,0.06371751427650452
87,effnet_recplot,40,robustness,1.0003761053085327
87,effnet_recplot,40,complexity,0.5559483775592088
87,effnet_recplot,41,faithfulness,0.027508452534675598
87,effnet_recplot,41,robustness,51.83256530761719
87,effnet_recplot,41,complexity,0.5909545624195885
87,effnet_recplot,42,faithfulness,-0.21301308274269104
87,effnet_recplot,42,robustness,983.1466064453125
87,effnet_recplot,42,complexity,0.576027024167292
87,effnet_recplot,43,faithfulness,0.048728421330451965
87,effnet_recplot,43,robustness,190.56893920898438
87,effnet_recplot,43,complexity,0.6421723579349146
87,effnet_recplot,44,faithfulness,0.33245423436164856
87,effnet_recplot,44,robustness,74.4311752319336
87,effnet_recplot,44,complexity,0.5125578742912896
87,effnet_recplot,45,faithfulness,0.00020263250917196274
87,effnet_recplot,45,robustness,24.861066818237305
87,effnet_recplot,45,complexity,0.6265312047850149
87,effnet_recplot,46,faithfulness,0.15321409702301025
87,effnet_recplot,46,robustness,3.7462446689605713
87,effnet_recplot,46,complexity,0.5658599779098192
87,effnet_recplot,47,faithfulness,0.14437955617904663
87,effnet_recplot,47,robustness,2083.911376953125
87,effnet_recplot,47,complexity,0.606731461311123
87,effnet_recplot,48,faithfulness,0.19340035319328308
87,effnet_recplot,48,robustness,90.94853210449219
87,effnet_recplot,48,complexity,0.6193170913473248
87,effnet_recplot,49,faithfulness,-0.23138339817523956
87,effnet_recplot,49,robustness,477.5170593261719
87,effnet_recplot,49,complexity,0.6012232447347147
87,effnet_recplot,50,faithfulness,-0.08276968449354172
87,effnet_recplot,50,robustness,37.069053649902344
87,effnet_recplot,50,complexity,0.5817296584908472
87,effnet_recplot,51,faithfulness,-0.03636971861124039
87,effnet_recplot,51,robustness,50.199806213378906
87,effnet_recplot,51,complexity,0.6166813166916976
87,effnet_recplot,52,faithfulness,0.10953707993030548
87,effnet_recplot,52,robustness,370.81585693359375
87,effnet_recplot,52,complexity,0.5866450994012478
87,effnet_recplot,53,faithfulness,0.003527402877807617
87,effnet_recplot,53,robustness,353.0622253417969
87,effnet_recplot,53,complexity,0.5781948771822076
87,effnet_recplot,54,faithfulness,-0.24031463265419006
87,effnet_recplot,54,robustness,14.79440975189209
87,effnet_recplot,54,complexity,0.6403957222375319
87,effnet_recplot,55,faithfulness,-0.07131105661392212
87,effnet_recplot,55,robustness,691.1935424804688
87,effnet_recplot,55,complexity,0.5946810395197474
87,effnet_recplot,56,faithfulness,0.33717700839042664
87,effnet_recplot,56,robustness,3.457334041595459
87,effnet_recplot,56,complexity,0.5810731621073517
87,effnet_recplot,57,faithfulness,-0.17967073619365692
87,effnet_recplot,57,robustness,52.771644592285156
87,effnet_recplot,57,complexity,0.608026069863637
87,effnet_recplot,58,faithfulness,-0.07590324431657791
87,effnet_recplot,58,robustness,716.1343994140625
87,effnet_recplot,58,complexity,0.6030086711025009
93,mobilenet_orig,0,faithfulness,-0.05457399785518646
93,mobilenet_orig,0,robustness,3.540065288543701
93,mobilenet_orig,0,complexity,0.6386097612931296
93,mobilenet_orig,1,faithfulness,-0.16740402579307556
93,mobilenet_orig,1,robustness,3.749264717102051
93,mobilenet_orig,1,complexity,0.5833944603586748
93,mobilenet_orig,2,faithfulness,0.363476425409317
93,mobilenet_orig,2,robustness,1.8667832612991333
93,mobilenet_orig,2,complexity,0.6348875909657493
93,mobilenet_orig,3,faithfulness,-0.18963047862052917
93,mobilenet_orig,3,robustness,2.7810585498809814
93,mobilenet_orig,3,complexity,0.6330605237616871
93,mobilenet_orig,4,faithfulness,-0.25264695286750793
93,mobilenet_orig,4,robustness,2.9010605812072754
93,mobilenet_orig,4,complexity,0.5989960514522127
93,mobilenet_orig,5,faithfulness,-0.11791384220123291
93,mobilenet_orig,5,robustness,2.394366502761841
93,mobilenet_orig,5,complexity,0.6280002793577686
93,mobilenet_orig,6,faithfulness,-0.009630614891648293
93,mobilenet_orig,6,robustness,3.9941487312316895
93,mobilenet_orig,6,complexity,0.5921093129583942
93,mobilenet_orig,7,faithfulness,0.19671756029129028
93,mobilenet_orig,7,robustness,3.3457016944885254
93,mobilenet_orig,7,complexity,0.5928438824021214
93,mobilenet_orig,8,faithfulness,-0.2749006152153015
93,mobilenet_orig,8,robustness,4.957018852233887
93,mobilenet_orig,8,complexity,0.5899003148734779
93,mobilenet_orig,9,faithfulness,0.2282211035490036
93,mobilenet_orig,9,robustness,3.6077187061309814
93,mobilenet_orig,9,complexity,0.6171078835313583
93,mobilenet_orig,10,faithfulness,-0.023185499012470245
93,mobilenet_orig,10,robustness,2.153334617614746
93,mobilenet_orig,10,complexity,0.5775875443927851
93,mobilenet_orig,11,faithfulness,0.03197713941335678
93,mobilenet_orig,11,robustness,4.597208023071289
93,mobilenet_orig,11,complexity,0.5945589590537688
93,mobilenet_orig,12,faithfulness,0.320178747177124
93,mobilenet_orig,12,robustness,3.5347795486450195
93,mobilenet_orig,12,complexity,0.6014316356053632
93,mobilenet_orig,13,faithfulness,-0.10662417113780975
93,mobilenet_orig,13,robustness,3.986844778060913
93,mobilenet_orig,13,complexity,0.5911673143478746
93,mobilenet_orig,14,faithfulness,0.23510903120040894
93,mobilenet_orig,14,robustness,2.8600261211395264
93,mobilenet_orig,14,complexity,0.5735134472943653
93,mobilenet_orig,15,faithfulness,0.011262927204370499
93,mobilenet_orig,15,robustness,3.7275636196136475
93,mobilenet_orig,15,complexity,0.5849827679708812
93,mobilenet_orig,16,faithfulness,0.1799173653125763
93,mobilenet_orig,16,robustness,4.612056732177734
93,mobilenet_orig,16,complexity,0.5659790290103771
93,mobilenet_orig,17,faithfulness,-0.313480943441391
93,mobilenet_orig,17,robustness,3.2898504734039307
93,mobilenet_orig,17,complexity,0.5674665679603844
93,mobilenet_orig,18,faithfulness,0.18822146952152252
93,mobilenet_orig,18,robustness,3.3236889839172363
93,mobilenet_orig,18,complexity,0.5746321513435921
93,mobilenet_orig,19,faithfulness,0.08343417197465897
93,mobilenet_orig,19,robustness,3.726750373840332
93,mobilenet_orig,19,complexity,0.5634475281500376
93,mobilenet_orig,20,faithfulness,0.1526242196559906
93,mobilenet_orig,20,robustness,1.6548128128051758
93,mobilenet_orig,20,complexity,0.6583385307501152
93,mobilenet_orig,21,faithfulness,0.11848801374435425
93,mobilenet_orig,21,robustness,4.068332195281982
93,mobilenet_orig,21,complexity,0.5650758552059929
93,mobilenet_orig,22,faithfulness,0.29890134930610657
93,mobilenet_orig,22,robustness,2.9331815242767334
93,mobilenet_orig,22,complexity,0.5644360685178826
93,mobilenet_orig,23,faithfulness,0.08618287742137909
93,mobilenet_orig,23,robustness,3.070449113845825
93,mobilenet_orig,23,complexity,0.5622252814555785
93,mobilenet_orig,24,faithfulness,-0.061675913631916046
93,mobilenet_orig,24,robustness,3.0929148197174072
93,mobilenet_orig,24,complexity,0.5728854335957013
93,mobilenet_orig,25,faithfulness,0.061190783977508545
93,mobilenet_orig,25,robustness,2.761960983276367
93,mobilenet_orig,25,complexity,0.5969833551368154
93,mobilenet_orig,26,faithfulness,0.003052912652492523
93,mobilenet_orig,26,robustness,2.9630119800567627
93,mobilenet_orig,26,complexity,0.5656744459569174
93,mobilenet_orig,27,faithfulness,-0.32440853118896484
93,mobilenet_orig,27,robustness,3.3758163452148438
93,mobilenet_orig,27,complexity,0.5774775091943969
93,mobilenet_orig,28,faithfulness,-0.04587109759449959
93,mobilenet_orig,28,robustness,3.214089870452881
93,mobilenet_orig,28,complexity,0.5757507483278745
93,mobilenet_orig,29,faithfulness,0.22417740523815155
93,mobilenet_orig,29,robustness,3.2703604698181152
93,mobilenet_orig,29,complexity,0.5767573106886204
93,mobilenet_orig,30,faithfulness,-0.03293086588382721
93,mobilenet_orig,30,robustness,3.060269832611084
93,mobilenet_orig,30,complexity,0.5780369494993709
93,mobilenet_orig,31,faithfulness,-0.17522484064102173
93,mobilenet_orig,31,robustness,3.4859375953674316
93,mobilenet_orig,31,complexity,0.615284446137219
93,mobilenet_orig,32,faithfulness,0.0896940603852272
93,mobilenet_orig,32,robustness,2.835968255996704
93,mobilenet_orig,32,complexity,0.6070962592583071
93,mobilenet_orig,33,faithfulness,0.26234352588653564
93,mobilenet_orig,33,robustness,2.4646103382110596
93,mobilenet_orig,33,complexity,0.5992125530808209
93,mobilenet_orig,34,faithfulness,-0.028025604784488678
93,mobilenet_orig,34,robustness,2.7004847526550293
93,mobilenet_orig,34,complexity,0.5607642330664917
93,mobilenet_orig,35,faithfulness,0.23887160420417786
93,mobilenet_orig,35,robustness,4.1429924964904785
93,mobilenet_orig,35,complexity,0.5868699917502869
93,mobilenet_orig,36,faithfulness,0.22362679243087769
93,mobilenet_orig,36,robustness,4.007822513580322
93,mobilenet_orig,36,complexity,0.5655917289905621
93,mobilenet_orig,37,faithfulness,-0.4113813638687134
93,mobilenet_orig,37,robustness,2.748656749725342
93,mobilenet_orig,37,complexity,0.5676679894448003
93,mobilenet_orig,38,faithfulness,0.11491367965936661
93,mobilenet_orig,38,robustness,4.910360813140869
93,mobilenet_orig,38,complexity,0.598291333099374
93,mobilenet_orig,39,faithfulness,-0.05331270396709442
93,mobilenet_orig,39,robustness,5.01198673248291
93,mobilenet_orig,39,complexity,0.5937340703318351
93,mobilenet_orig,40,faithfulness,-0.37542369961738586
93,mobilenet_orig,40,robustness,3.5459177494049072
93,mobilenet_orig,40,complexity,0.5697517615147584
93,mobilenet_orig,41,faithfulness,-0.040373872965574265
93,mobilenet_orig,41,robustness,4.381906986236572
93,mobilenet_orig,41,complexity,0.5609353844414338
93,mobilenet_orig,42,faithfulness,0.20140385627746582
93,mobilenet_orig,42,robustness,3.676118850708008
93,mobilenet_orig,42,complexity,0.5828133125225023
93,mobilenet_orig,43,faithfulness,0.2652374505996704
93,mobilenet_orig,43,robustness,4.175905227661133
93,mobilenet_orig,43,complexity,0.5768526053269383
93,mobilenet_orig,44,faithfulness,0.3173465132713318
93,mobilenet_orig,44,robustness,3.5508580207824707
93,mobilenet_orig,44,complexity,0.5622695525376984
93,mobilenet_orig,45,faithfulness,0.22389931976795197
93,mobilenet_orig,45,robustness,2.829697847366333
93,mobilenet_orig,45,complexity,0.5699182426950671
93,mobilenet_orig,46,faithfulness,-0.297421395778656
93,mobilenet_orig,46,robustness,3.975095510482788
93,mobilenet_orig,46,complexity,0.57788501046786
93,mobilenet_orig,47,faithfulness,0.05476318299770355
93,mobilenet_orig,47,robustness,3.698831796646118
93,mobilenet_orig,47,complexity,0.592895643726875
93,mobilenet_orig,48,faithfulness,0.1408156156539917
93,mobilenet_orig,48,robustness,2.963783025741577
93,mobilenet_orig,48,complexity,0.61987428370842
93,mobilenet_orig,49,faithfulness,0.16196995973587036
93,mobilenet_orig,49,robustness,3.2214090824127197
93,mobilenet_orig,49,complexity,0.5786234612576756
93,mobilenet_orig,50,faithfulness,0.29408302903175354
93,mobilenet_orig,50,robustness,2.960550546646118
93,mobilenet_orig,50,complexity,0.6113525619407836
93,mobilenet_orig,51,faithfulness,-0.27840280532836914
93,mobilenet_orig,51,robustness,2.664167881011963
93,mobilenet_orig,51,complexity,0.6141272770230312
93,mobilenet_orig,52,faithfulness,-0.11958478391170502
93,mobilenet_orig,52,robustness,3.1220359802246094
93,mobilenet_orig,52,complexity,0.5971957688990798
93,mobilenet_orig,53,faithfulness,0.0781475305557251
93,mobilenet_orig,53,robustness,3.875629186630249
93,mobilenet_orig,53,complexity,0.6129021024988969
93,mobilenet_orig,54,faithfulness,0.27356576919555664
93,mobilenet_orig,54,robustness,3.5425798892974854
93,mobilenet_orig,54,complexity,0.5951634562504776
93,mobilenet_orig,55,faithfulness,0.11329439282417297
93,mobilenet_orig,55,robustness,3.8014750480651855
93,mobilenet_orig,55,complexity,0.5775115531494821
93,mobilenet_orig,56,faithfulness,0.258478045463562
93,mobilenet_orig,56,robustness,3.798143148422241
93,mobilenet_orig,56,complexity,0.5767157001270846
93,mobilenet_orig,57,faithfulness,-0.00012548640370368958
93,mobilenet_orig,57,robustness,3.819589614868164
93,mobilenet_orig,57,complexity,0.5708967457682194
93,mobilenet_orig,58,faithfulness,0.2638293206691742
93,mobilenet_orig,58,robustness,4.0315985679626465
93,mobilenet_orig,58,complexity,0.5719969810128214
93,mobilenet_recplot,0,faithfulness,-0.12326861917972565
93,mobilenet_recplot,0,robustness,3.6286263465881348
93,mobilenet_recplot,0,complexity,0.6832380205059297
93,mobilenet_recplot,1,faithfulness,-0.1469859629869461
93,mobilenet_recplot,1,robustness,4.810214042663574
93,mobilenet_recplot,1,complexity,0.6479640969101548
93,mobilenet_recplot,2,faithfulness,-0.4811494052410126
93,mobilenet_recplot,2,robustness,3.198239803314209
93,mobilenet_recplot,2,complexity,0.7310322788684045
93,mobilenet_recplot,3,faithfulness,-0.13324445486068726
93,mobilenet_recplot,3,robustness,4.97474479675293
93,mobilenet_recplot,3,complexity,0.6740280102985121
93,mobilenet_recplot,4,faithfulness,0.17574328184127808
93,mobilenet_recplot,4,robustness,1.9784926176071167
93,mobilenet_recplot,4,complexity,0.7725799821350731
93,mobilenet_recplot,5,faithfulness,-0.25579941272735596
93,mobilenet_recplot,5,robustness,3.3385379314422607
93,mobilenet_recplot,5,complexity,0.7387239164778001
93,mobilenet_recplot,6,faithfulness,0.3704720139503479
93,mobilenet_recplot,6,robustness,2.316849946975708
93,mobilenet_recplot,6,complexity,0.7418223768397729
93,mobilenet_recplot,7,faithfulness,-0.08984246850013733
93,mobilenet_recplot,7,robustness,1.4626609086990356
93,mobilenet_recplot,7,complexity,0.6045766212468848
93,mobilenet_recplot,8,faithfulness,-0.14638540148735046
93,mobilenet_recplot,8,robustness,2.580629348754883
93,mobilenet_recplot,8,complexity,0.6241027214337572
93,mobilenet_recplot,9,faithfulness,-0.14670267701148987
93,mobilenet_recplot,9,robustness,3.3676652908325195
93,mobilenet_recplot,9,complexity,0.631068274749727
93,mobilenet_recplot,10,faithfulness,0.12023495137691498
93,mobilenet_recplot,10,robustness,2.60249400138855
93,mobilenet_recplot,10,complexity,0.7502098243836618
93,mobilenet_recplot,11,faithfulness,-0.18906448781490326
93,mobilenet_recplot,11,robustness,5.183334827423096
93,mobilenet_recplot,11,complexity,0.6724045492290844
93,mobilenet_recplot,12,faithfulness,-0.4992889165878296
93,mobilenet_recplot,12,robustness,2.9845080375671387
93,mobilenet_recplot,12,complexity,0.7077398860397573
93,mobilenet_recplot,13,faithfulness,0.18308648467063904
93,mobilenet_recplot,13,robustness,4.427874565124512
93,mobilenet_recplot,13,complexity,0.7055982522271923
93,mobilenet_recplot,14,faithfulness,-0.08080095052719116
93,mobilenet_recplot,14,robustness,1.6481446027755737
93,mobilenet_recplot,14,complexity,0.7555850512065937
93,mobilenet_recplot,15,faithfulness,-0.5900073051452637
93,mobilenet_recplot,15,robustness,4.484021186828613
93,mobilenet_recplot,15,complexity,0.6010692022602523
93,mobilenet_recplot,16,faithfulness,-0.19653575122356415
93,mobilenet_recplot,16,robustness,2.5166375637054443
93,mobilenet_recplot,16,complexity,0.5804006766821157
93,mobilenet_recplot,17,faithfulness,0.055289376527071
93,mobilenet_recplot,17,robustness,1.6741106510162354
93,mobilenet_recplot,17,complexity,0.7797045747645573
93,mobilenet_recplot,18,faithfulness,-0.033740829676389694
93,mobilenet_recplot,18,robustness,2.0158660411834717
93,mobilenet_recplot,18,complexity,0.6364014945036173
93,mobilenet_recplot,19,faithfulness,-0.06468547880649567
93,mobilenet_recplot,19,robustness,2.6955068111419678
93,mobilenet_recplot,19,complexity,0.637173874428123
93,mobilenet_recplot,20,faithfulness,0.27442091703414917
93,mobilenet_recplot,20,robustness,1.2241430282592773
93,mobilenet_recplot,20,complexity,0.6338197207000075
93,mobilenet_recplot,21,faithfulness,-0.3856269121170044
93,mobilenet_recplot,21,robustness,1.9493509531021118
93,mobilenet_recplot,21,complexity,0.6412244930549262
93,mobilenet_recplot,22,faithfulness,0.17519262433052063
93,mobilenet_recplot,22,robustness,5.013467311859131
93,mobilenet_recplot,22,complexity,0.6866093234647763
93,mobilenet_recplot,23,faithfulness,-0.30996987223625183
93,mobilenet_recplot,23,robustness,1.8976691961288452
93,mobilenet_recplot,23,complexity,0.7428606682836472
93,mobilenet_recplot,24,faithfulness,0.055187731981277466
93,mobilenet_recplot,24,robustness,3.10382342338562
93,mobilenet_recplot,24,complexity,0.6600862450250738
93,mobilenet_recplot,25,faithfulness,0.13897231221199036
93,mobilenet_recplot,25,robustness,3.0130860805511475
93,mobilenet_recplot,25,complexity,0.6611635436447573
93,mobilenet_recplot,26,faithfulness,0.006262779235839844
93,mobilenet_recplot,26,robustness,3.3333919048309326
93,mobilenet_recplot,26,complexity,0.5914628382665416
93,mobilenet_recplot,27,faithfulness,-0.0113799087703228
93,mobilenet_recplot,27,robustness,2.6172688007354736
93,mobilenet_recplot,27,complexity,0.6457327260955406
93,mobilenet_recplot,28,faithfulness,0.06573547422885895
93,mobilenet_recplot,28,robustness,1.35871422290802
93,mobilenet_recplot,28,complexity,0.6214082025269568
93,mobilenet_recplot,29,faithfulness,-0.14919446408748627
93,mobilenet_recplot,29,robustness,2.340982437133789
93,mobilenet_recplot,29,complexity,0.6425726575144443
93,mobilenet_recplot,30,faithfulness,-0.18787339329719543
93,mobilenet_recplot,30,robustness,2.74387264251709
93,mobilenet_recplot,30,complexity,0.6524867575841548
93,mobilenet_recplot,31,faithfulness,-0.0613802969455719
93,mobilenet_recplot,31,robustness,3.70155668258667
93,mobilenet_recplot,31,complexity,0.6805347221267269
93,mobilenet_recplot,32,faithfulness,-0.24107348918914795
93,mobilenet_recplot,32,robustness,3.783562183380127
93,mobilenet_recplot,32,complexity,0.6513693381919163
93,mobilenet_recplot,33,faithfulness,-0.0781860277056694
93,mobilenet_recplot,33,robustness,3.903120517730713
93,mobilenet_recplot,33,complexity,0.6646539418711513
93,mobilenet_recplot,34,faithfulness,0.10677053034305573
93,mobilenet_recplot,34,robustness,2.4197442531585693
93,mobilenet_recplot,34,complexity,0.6723491255733975
93,mobilenet_recplot,35,faithfulness,-0.16248267889022827
93,mobilenet_recplot,35,robustness,3.3555784225463867
93,mobilenet_recplot,35,complexity,0.6412473247737795
93,mobilenet_recplot,36,faithfulness,-0.12528826296329498
93,mobilenet_recplot,36,robustness,3.4533467292785645
93,mobilenet_recplot,36,complexity,0.6487161122165951
93,mobilenet_recplot,37,faithfulness,0.03116932325065136
93,mobilenet_recplot,37,robustness,1.578691840171814
93,mobilenet_recplot,37,complexity,0.7274024243932237
93,mobilenet_recplot,38,faithfulness,0.17818862199783325
93,mobilenet_recplot,38,robustness,4.104361534118652
93,mobilenet_recplot,38,complexity,0.5969394687812803
93,mobilenet_recplot,39,faithfulness,-0.0073196738958358765
93,mobilenet_recplot,39,robustness,5.497322082519531
93,mobilenet_recplot,39,complexity,0.5976413694022445
93,mobilenet_recplot,40,faithfulness,-0.028976134955883026
93,mobilenet_recplot,40,robustness,1.172757863998413
93,mobilenet_recplot,40,complexity,0.6489021871187892
93,mobilenet_recplot,41,faithfulness,0.0825456827878952
93,mobilenet_recplot,41,robustness,3.508458375930786
93,mobilenet_recplot,41,complexity,0.6043615624362169
93,mobilenet_recplot,42,faithfulness,0.07495242357254028
93,mobilenet_recplot,42,robustness,2.105376720428467
93,mobilenet_recplot,42,complexity,0.7177375596235888
93,mobilenet_recplot,43,faithfulness,0.14003805816173553
93,mobilenet_recplot,43,robustness,2.1031570434570312
93,mobilenet_recplot,43,complexity,0.7016695856550472
93,mobilenet_recplot,44,faithfulness,-0.1474183350801468
93,mobilenet_recplot,44,robustness,1.3671863079071045
93,mobilenet_recplot,44,complexity,0.6093611320073955
93,mobilenet_recplot,45,faithfulness,-0.12079086899757385
93,mobilenet_recplot,45,robustness,2.149688720703125
93,mobilenet_recplot,45,complexity,0.7316413094894334
93,mobilenet_recplot,46,faithfulness,0.23161374032497406
93,mobilenet_recplot,46,robustness,1.7309986352920532
93,mobilenet_recplot,46,complexity,0.6417622623381154
93,mobilenet_recplot,47,faithfulness,0.10995115339756012
93,mobilenet_recplot,47,robustness,2.2638134956359863
93,mobilenet_recplot,47,complexity,0.7626172715844234
93,mobilenet_recplot,48,faithfulness,-0.07683733850717545
93,mobilenet_recplot,48,robustness,3.4904439449310303
93,mobilenet_recplot,48,complexity,0.731970169388889
93,mobilenet_recplot,49,faithfulness,0.04513566941022873
93,mobilenet_recplot,49,robustness,4.039015769958496
93,mobilenet_recplot,49,complexity,0.6128846413293102
93,mobilenet_recplot,50,faithfulness,0.0221388041973114
93,mobilenet_recplot,50,robustness,2.8092150688171387
93,mobilenet_recplot,50,complexity,0.6715628008951614
93,mobilenet_recplot,51,faithfulness,0.0800914540886879
93,mobilenet_recplot,51,robustness,3.85805082321167
93,mobilenet_recplot,51,complexity,0.6581605963622069
93,mobilenet_recplot,52,faithfulness,-0.02250867336988449
93,mobilenet_recplot,52,robustness,3.302225112915039
93,mobilenet_recplot,52,complexity,0.6111175261875091
93,mobilenet_recplot,53,faithfulness,-0.01820090413093567
93,mobilenet_recplot,53,robustness,2.165605306625366
93,mobilenet_recplot,53,complexity,0.6960721124555271
93,mobilenet_recplot,54,faithfulness,-0.014196142554283142
93,mobilenet_recplot,54,robustness,2.963641881942749
93,mobilenet_recplot,54,complexity,0.6637072038642068
93,mobilenet_recplot,55,faithfulness,0.06326375901699066
93,mobilenet_recplot,55,robustness,3.1837565898895264
93,mobilenet_recplot,55,complexity,0.7335728356901204
93,mobilenet_recplot,56,faithfulness,-0.10825087130069733
93,mobilenet_recplot,56,robustness,1.733426809310913
93,mobilenet_recplot,56,complexity,0.6439470408280281
93,mobilenet_recplot,57,faithfulness,-0.1838657557964325
93,mobilenet_recplot,57,robustness,2.542189836502075
93,mobilenet_recplot,57,complexity,0.6593969019025295
93,mobilenet_recplot,58,faithfulness,-0.26736897230148315
93,mobilenet_recplot,58,robustness,4.786774635314941
93,mobilenet_recplot,58,complexity,0.6513257327540733
93,effnet_orig,0,faithfulness,0.35277968645095825
93,effnet_orig,0,robustness,1.406483769416809
93,effnet_orig,0,complexity,0.5515653908293555
93,effnet_orig,1,faithfulness,0.2994996905326843
93,effnet_orig,1,robustness,1.2663788795471191
93,effnet_orig,1,complexity,0.5509676966003187
93,effnet_orig,2,faithfulness,0.1446194350719452
93,effnet_orig,2,robustness,1.395672082901001
93,effnet_orig,2,complexity,0.5369164921393409
93,effnet_orig,3,faithfulness,0.4575807452201843
93,effnet_orig,3,robustness,1.2660236358642578
93,effnet_orig,3,complexity,0.540439785906105
93,effnet_orig,4,faithfulness,0.18043962121009827
93,effnet_orig,4,robustness,1.866848111152649
93,effnet_orig,4,complexity,0.5525191878082701
93,effnet_orig,5,faithfulness,0.4203760623931885
93,effnet_orig,5,robustness,1.6358017921447754
93,effnet_orig,5,complexity,0.5516950298572688
93,effnet_orig,6,faithfulness,0.17120522260665894
93,effnet_orig,6,robustness,1.8308387994766235
93,effnet_orig,6,complexity,0.547856340866757
93,effnet_orig,7,faithfulness,0.06599526107311249
93,effnet_orig,7,robustness,1.381823182106018
93,effnet_orig,7,complexity,0.539399777961911
93,effnet_orig,8,faithfulness,0.08699723333120346
93,effnet_orig,8,robustness,1.3310197591781616
93,effnet_orig,8,complexity,0.5468223305542751
93,effnet_orig,9,faithfulness,0.38034960627555847
93,effnet_orig,9,robustness,1.0758222341537476
93,effnet_orig,9,complexity,0.5345506650461367
93,effnet_orig,10,faithfulness,-0.04396801441907883
93,effnet_orig,10,robustness,1.649996280670166
93,effnet_orig,10,complexity,0.5576990639923816
93,effnet_orig,11,faithfulness,-0.00796540081501007
93,effnet_orig,11,robustness,1.6407262086868286
93,effnet_orig,11,complexity,0.5646775741872975
93,effnet_orig,12,faithfulness,0.0758129209280014
93,effnet_orig,12,robustness,1.5183237791061401
93,effnet_orig,12,complexity,0.5611549374520887
93,effnet_orig,13,faithfulness,0.09331279247999191
93,effnet_orig,13,robustness,1.6414566040039062
93,effnet_orig,13,complexity,0.5376497354864841
93,effnet_orig,14,faithfulness,-0.054245516657829285
93,effnet_orig,14,robustness,1.340280294418335
93,effnet_orig,14,complexity,0.5340439624335818
93,effnet_orig,15,faithfulness,-0.14461010694503784
93,effnet_orig,15,robustness,1.2290916442871094
93,effnet_orig,15,complexity,0.5374920829920131
93,effnet_orig,16,faithfulness,0.10778184980154037
93,effnet_orig,16,robustness,1.2354110479354858
93,effnet_orig,16,complexity,0.5423920929335406
93,effnet_orig,17,faithfulness,0.05109664052724838
93,effnet_orig,17,robustness,1.3604302406311035
93,effnet_orig,17,complexity,0.5350130803471099
93,effnet_orig,18,faithfulness,0.07866150140762329
93,effnet_orig,18,robustness,1.526077151298523
93,effnet_orig,18,complexity,0.5249480298921646
93,effnet_orig,19,faithfulness,0.10482323169708252
93,effnet_orig,19,robustness,1.3800767660140991
93,effnet_orig,19,complexity,0.5293133108159116
93,effnet_orig,20,faithfulness,0.2646508812904358
93,effnet_orig,20,robustness,1.5617469549179077
93,effnet_orig,20,complexity,0.5628143121260721
93,effnet_orig,21,faithfulness,0.19745424389839172
93,effnet_orig,21,robustness,1.2226415872573853
93,effnet_orig,21,complexity,0.5735289174232466
93,effnet_orig,22,faithfulness,0.2178722321987152
93,effnet_orig,22,robustness,1.5550644397735596
93,effnet_orig,22,complexity,0.5551511476811088
93,effnet_orig,23,faithfulness,0.11826471984386444
93,effnet_orig,23,robustness,1.5189909934997559
93,effnet_orig,23,complexity,0.5422505260434233
93,effnet_orig,24,faithfulness,0.40240585803985596
93,effnet_orig,24,robustness,1.0401365756988525
93,effnet_orig,24,complexity,0.5470328500581869
93,effnet_orig,25,faithfulness,0.5076964497566223
93,effnet_orig,25,robustness,1.1518175601959229
93,effnet_orig,25,complexity,0.5432645884850494
93,effnet_orig,26,faithfulness,-0.074211984872818
93,effnet_orig,26,robustness,1.0894321203231812
93,effnet_orig,26,complexity,0.5300081488339984
93,effnet_orig,27,faithfulness,0.16103437542915344
93,effnet_orig,27,robustness,1.1139217615127563
93,effnet_orig,27,complexity,0.5435365763880684
93,effnet_orig,28,faithfulness,0.025173954665660858
93,effnet_orig,28,robustness,1.5460413694381714
93,effnet_orig,28,complexity,0.5642356389089197
93,effnet_orig,29,faithfulness,0.38071179389953613
93,effnet_orig,29,robustness,1.2810560464859009
93,effnet_orig,29,complexity,0.541922606713472
93,effnet_orig,30,faithfulness,-0.05524170398712158
93,effnet_orig,30,robustness,1.1702847480773926
93,effnet_orig,30,complexity,0.5387207321812129
93,effnet_orig,31,faithfulness,-0.050804734230041504
93,effnet_orig,31,robustness,1.2544260025024414
93,effnet_orig,31,complexity,0.5434557789880743
93,effnet_orig,32,faithfulness,0.3528497517108917
93,effnet_orig,32,robustness,1.10828697681427
93,effnet_orig,32,complexity,0.5415863689558487
93,effnet_orig,33,faithfulness,-0.09954077005386353
93,effnet_orig,33,robustness,1.1832622289657593
93,effnet_orig,33,complexity,0.5428950365693763
93,effnet_orig,34,faithfulness,0.066976398229599
93,effnet_orig,34,robustness,1.4469351768493652
93,effnet_orig,34,complexity,0.5242493129714553
93,effnet_orig,35,faithfulness,0.019520264118909836
93,effnet_orig,35,robustness,1.1499016284942627
93,effnet_orig,35,complexity,0.5375070071024202
93,effnet_orig,36,faithfulness,0.02530417963862419
93,effnet_orig,36,robustness,1.395587682723999
93,effnet_orig,36,complexity,0.526644646448856
93,effnet_orig,37,faithfulness,0.029935743659734726
93,effnet_orig,37,robustness,2.734316825866699
93,effnet_orig,37,complexity,0.5781125319575544
93,effnet_orig,38,faithfulness,0.004009082913398743
93,effnet_orig,38,robustness,1.7249441146850586
93,effnet_orig,38,complexity,0.5421841407384704
93,effnet_orig,39,faithfulness,0.43349891901016235
93,effnet_orig,39,robustness,1.3724305629730225
93,effnet_orig,39,complexity,0.5957344533152622
93,effnet_orig,40,faithfulness,-0.03689756989479065
93,effnet_orig,40,robustness,1.6760139465332031
93,effnet_orig,40,complexity,0.5312833169877592
93,effnet_orig,41,faithfulness,0.042724255472421646
93,effnet_orig,41,robustness,1.2942559719085693
93,effnet_orig,41,complexity,0.5426467751062121
93,effnet_orig,42,faithfulness,-0.0686320811510086
93,effnet_orig,42,robustness,1.6304200887680054
93,effnet_orig,42,complexity,0.5376936761599391
93,effnet_orig,43,faithfulness,0.08246339112520218
93,effnet_orig,43,robustness,1.8421176671981812
93,effnet_orig,43,complexity,0.5380695078256251
93,effnet_orig,44,faithfulness,0.07533466815948486
93,effnet_orig,44,robustness,1.4322929382324219
93,effnet_orig,44,complexity,0.5531844871181689
93,effnet_orig,45,faithfulness,0.04739483818411827
93,effnet_orig,45,robustness,1.5928192138671875
93,effnet_orig,45,complexity,0.5305773798366845
93,effnet_orig,46,faithfulness,-0.4018012583255768
93,effnet_orig,46,robustness,1.7383700609207153
93,effnet_orig,46,complexity,0.5723435228554374
93,effnet_orig,47,faithfulness,-0.07325039803981781
93,effnet_orig,47,robustness,1.365804672241211
93,effnet_orig,47,complexity,0.5502380932328687
93,effnet_orig,48,faithfulness,0.34169673919677734
93,effnet_orig,48,robustness,1.2147175073623657
93,effnet_orig,48,complexity,0.5554862759988263
93,effnet_orig,49,faithfulness,0.4143911600112915
93,effnet_orig,49,robustness,1.2355146408081055
93,effnet_orig,49,complexity,0.5251113387045957
93,effnet_orig,50,faithfulness,0.2176792323589325
93,effnet_orig,50,robustness,1.1259576082229614
93,effnet_orig,50,complexity,0.5670852362179764
93,effnet_orig,51,faithfulness,0.23882611095905304
93,effnet_orig,51,robustness,0.9783578515052795
93,effnet_orig,51,complexity,0.5662978842839823
93,effnet_orig,52,faithfulness,0.1451112926006317
93,effnet_orig,52,robustness,1.2420545816421509
93,effnet_orig,52,complexity,0.5319398694853125
93,effnet_orig,53,faithfulness,0.030777372419834137
93,effnet_orig,53,robustness,1.3515650033950806
93,effnet_orig,53,complexity,0.5543533606974255
93,effnet_orig,54,faithfulness,0.07732789218425751
93,effnet_orig,54,robustness,1.340977668762207
93,effnet_orig,54,complexity,0.542737531366014
93,effnet_orig,55,faithfulness,0.06384876370429993
93,effnet_orig,55,robustness,1.2866265773773193
93,effnet_orig,55,complexity,0.554321288066694
93,effnet_orig,56,faithfulness,-0.047186240553855896
93,effnet_orig,56,robustness,1.5217397212982178
93,effnet_orig,56,complexity,0.539573813860036
93,effnet_orig,57,faithfulness,0.3132941722869873
93,effnet_orig,57,robustness,1.1170872449874878
93,effnet_orig,57,complexity,0.5562603153435491
93,effnet_orig,58,faithfulness,0.1830580234527588
93,effnet_orig,58,robustness,1.0431853532791138
93,effnet_orig,58,complexity,0.5437485304282312
93,effnet_recplot,0,faithfulness,-0.13886356353759766
93,effnet_recplot,0,robustness,25.937232971191406
93,effnet_recplot,0,complexity,0.5584963416872326
93,effnet_recplot,1,faithfulness,-0.04567126929759979
93,effnet_recplot,1,robustness,21.25196075439453
93,effnet_recplot,1,complexity,0.5736599197985927
93,effnet_recplot,2,faithfulness,-0.32775527238845825
93,effnet_recplot,2,robustness,107.70550537109375
93,effnet_recplot,2,complexity,0.6103941525173061
93,effnet_recplot,3,faithfulness,0.05423538386821747
93,effnet_recplot,3,robustness,39.777442932128906
93,effnet_recplot,3,complexity,0.5710886730500438
93,effnet_recplot,4,faithfulness,-0.05644838511943817
93,effnet_recplot,4,robustness,58.40167999267578
93,effnet_recplot,4,complexity,0.6046464266500277
93,effnet_recplot,5,faithfulness,0.022256042808294296
93,effnet_recplot,5,robustness,1.0006368160247803
93,effnet_recplot,5,complexity,0.6087336293383581
93,effnet_recplot,6,faithfulness,-0.05392825976014137
93,effnet_recplot,6,robustness,1.0101041793823242
93,effnet_recplot,6,complexity,0.6187955394253403
93,effnet_recplot,7,faithfulness,0.0007974356412887573
93,effnet_recplot,7,robustness,8.311369895935059
93,effnet_recplot,7,complexity,0.5111614706034406
93,effnet_recplot,8,faithfulness,-0.044894903898239136
93,effnet_recplot,8,robustness,4.757445812225342
93,effnet_recplot,8,complexity,0.5990484171716604
93,effnet_recplot,9,faithfulness,0.027462251484394073
93,effnet_recplot,9,robustness,445.4437561035156
93,effnet_recplot,9,complexity,0.5754341991921731
93,effnet_recplot,10,faithfulness,0.1884572058916092
93,effnet_recplot,10,robustness,22.061874389648438
93,effnet_recplot,10,complexity,0.6359710406095459
93,effnet_recplot,11,faithfulness,-0.196453258395195
93,effnet_recplot,11,robustness,2.2800581455230713
93,effnet_recplot,11,complexity,0.5699616837321112
93,effnet_recplot,12,faithfulness,0.05438418686389923
93,effnet_recplot,12,robustness,7.189195156097412
93,effnet_recplot,12,complexity,0.6203650509103493
93,effnet_recplot,13,faithfulness,-0.027275346219539642
93,effnet_recplot,13,robustness,99.1695327758789
93,effnet_recplot,13,complexity,0.625082974106903
93,effnet_recplot,14,faithfulness,0.20986592769622803
93,effnet_recplot,14,robustness,19.124427795410156
93,effnet_recplot,14,complexity,0.6325738098977138
93,effnet_recplot,15,faithfulness,-0.07734723389148712
93,effnet_recplot,15,robustness,2.5997471809387207
93,effnet_recplot,15,complexity,0.5383245671648744
93,effnet_recplot,16,faithfulness,0.010593511164188385
93,effnet_recplot,16,robustness,14.87859058380127
93,effnet_recplot,16,complexity,0.5833913916330667
93,effnet_recplot,17,faithfulness,-0.17729370296001434
93,effnet_recplot,17,robustness,1.0872830152511597
93,effnet_recplot,17,complexity,0.6059538266457917
93,effnet_recplot,18,faithfulness,-0.08617076277732849
93,effnet_recplot,18,robustness,3.5337109565734863
93,effnet_recplot,18,complexity,0.5291245270748453
93,effnet_recplot,19,faithfulness,0.16385149955749512
93,effnet_recplot,19,robustness,17.60102653503418
93,effnet_recplot,19,complexity,0.5720445921331166
93,effnet_recplot,20,faithfulness,0.1859218180179596
93,effnet_recplot,20,robustness,32.75082778930664
93,effnet_recplot,20,complexity,0.5109779089309973
93,effnet_recplot,21,faithfulness,0.14515523612499237
93,effnet_recplot,21,robustness,60.19063949584961
93,effnet_recplot,21,complexity,0.6180736086594886
93,effnet_recplot,22,faithfulness,-0.09934491664171219
93,effnet_recplot,22,robustness,10.342428207397461
93,effnet_recplot,22,complexity,0.6156564101607994
93,effnet_recplot,23,faithfulness,0.08654221892356873
93,effnet_recplot,23,robustness,5.9566168785095215
93,effnet_recplot,23,complexity,0.628985607655142
93,effnet_recplot,24,faithfulness,0.031249448657035828
93,effnet_recplot,24,robustness,667.3223266601562
93,effnet_recplot,24,complexity,0.6241351208472159
93,effnet_recplot,25,faithfulness,0.2269010990858078
93,effnet_recplot,25,robustness,1.054122805595398
93,effnet_recplot,25,complexity,0.5968345943942567
93,effnet_recplot,26,faithfulness,0.08551857620477676
93,effnet_recplot,26,robustness,2.917983293533325
93,effnet_recplot,26,complexity,0.6140047171325709
93,effnet_recplot,27,faithfulness,-0.24399356544017792
93,effnet_recplot,27,robustness,55.05600357055664
93,effnet_recplot,27,complexity,0.6679580962588144
93,effnet_recplot,28,faithfulness,0.13622090220451355
93,effnet_recplot,28,robustness,1.2165014743804932
93,effnet_recplot,28,complexity,0.5324205230279594
93,effnet_recplot,29,faithfulness,0.04226936399936676
93,effnet_recplot,29,robustness,60.75859832763672
93,effnet_recplot,29,complexity,0.5372520651373951
93,effnet_recplot,30,faithfulness,-0.11009106040000916
93,effnet_recplot,30,robustness,25.92334747314453
93,effnet_recplot,30,complexity,0.6477326737577823
93,effnet_recplot,31,faithfulness,0.04192011058330536
93,effnet_recplot,31,robustness,10.582292556762695
93,effnet_recplot,31,complexity,0.5999440274349127
93,effnet_recplot,32,faithfulness,-0.05723158270120621
93,effnet_recplot,32,robustness,168.18310546875
93,effnet_recplot,32,complexity,0.6143170423120576
93,effnet_recplot,33,faithfulness,-0.13327880203723907
93,effnet_recplot,33,robustness,11.57725715637207
93,effnet_recplot,33,complexity,0.642849987437851
93,effnet_recplot,34,faithfulness,-0.022660542279481888
93,effnet_recplot,34,robustness,1.5181639194488525
93,effnet_recplot,34,complexity,0.6184523801752986
93,effnet_recplot,35,faithfulness,-0.20718513429164886
93,effnet_recplot,35,robustness,49.236236572265625
93,effnet_recplot,35,complexity,0.6316350819345725
93,effnet_recplot,36,faithfulness,0.18350782990455627
93,effnet_recplot,36,robustness,1.0456732511520386
93,effnet_recplot,36,complexity,0.6154340018542025
93,effnet_recplot,37,faithfulness,0.2597982585430145
93,effnet_recplot,37,robustness,2.1790847778320312
93,effnet_recplot,37,complexity,0.6401320479883698
93,effnet_recplot,38,faithfulness,0.004315629601478577
93,effnet_recplot,38,robustness,1.127960205078125
93,effnet_recplot,38,complexity,0.5899658425271254
93,effnet_recplot,39,faithfulness,0.22954246401786804
93,effnet_recplot,39,robustness,6.095831394195557
93,effnet_recplot,39,complexity,0.5499113970971169
93,effnet_recplot,40,faithfulness,0.09652446210384369
93,effnet_recplot,40,robustness,6.35576868057251
93,effnet_recplot,40,complexity,0.5535020148533298
93,effnet_recplot,41,faithfulness,0.050897952169179916
93,effnet_recplot,41,robustness,79.68533325195312
93,effnet_recplot,41,complexity,0.6011555873585293
93,effnet_recplot,42,faithfulness,-0.0068044960498809814
93,effnet_recplot,42,robustness,21.381061553955078
93,effnet_recplot,42,complexity,0.5893712230623147
93,effnet_recplot,43,faithfulness,0.018814757466316223
93,effnet_recplot,43,robustness,15.02696418762207
93,effnet_recplot,43,complexity,0.6200245338907295
93,effnet_recplot,44,faithfulness,-0.18124355375766754
93,effnet_recplot,44,robustness,3.4025819301605225
93,effnet_recplot,44,complexity,0.5613060525860237
93,effnet_recplot,45,faithfulness,-0.012119412422180176
93,effnet_recplot,45,robustness,32.822628021240234
93,effnet_recplot,45,complexity,0.622670692074504
93,effnet_recplot,46,faithfulness,-0.2339056432247162
93,effnet_recplot,46,robustness,1.096714735031128
93,effnet_recplot,46,complexity,0.5826706015447535
93,effnet_recplot,47,faithfulness,-0.09454029053449631
93,effnet_recplot,47,robustness,6.905014991760254
93,effnet_recplot,47,complexity,0.5946394316785512
93,effnet_recplot,48,faithfulness,0.23205099999904633
93,effnet_recplot,48,robustness,36.96102523803711
93,effnet_recplot,48,complexity,0.6497394493105763
93,effnet_recplot,49,faithfulness,-0.12334749847650528
93,effnet_recplot,49,robustness,70.57721710205078
93,effnet_recplot,49,complexity,0.5592547920826975
93,effnet_recplot,50,faithfulness,0.01765371672809124
93,effnet_recplot,50,robustness,2.2847702503204346
93,effnet_recplot,50,complexity,0.5694080763424489
93,effnet_recplot,51,faithfulness,0.07569397985935211
93,effnet_recplot,51,robustness,1.5048061609268188
93,effnet_recplot,51,complexity,0.6176709467025903
93,effnet_recplot,52,faithfulness,0.042555250227451324
93,effnet_recplot,52,robustness,2.5407485961914062
93,effnet_recplot,52,complexity,0.5643924142632769
93,effnet_recplot,53,faithfulness,0.1155427023768425
93,effnet_recplot,53,robustness,95.5474624633789
93,effnet_recplot,53,complexity,0.6429226037798778
93,effnet_recplot,54,faithfulness,-0.030364777892827988
93,effnet_recplot,54,robustness,6.915162086486816
93,effnet_recplot,54,complexity,0.6086953341344662
93,effnet_recplot,55,faithfulness,-0.17513489723205566
93,effnet_recplot,55,robustness,8.74648380279541
93,effnet_recplot,55,complexity,0.5904746316555695
93,effnet_recplot,56,faithfulness,-0.26918473839759827
93,effnet_recplot,56,robustness,54.83961486816406
93,effnet_recplot,56,complexity,0.5716338982688762
93,effnet_recplot,57,faithfulness,0.2072785198688507
93,effnet_recplot,57,robustness,23.901872634887695
93,effnet_recplot,57,complexity,0.5631753109284557
93,effnet_recplot,58,faithfulness,0.11038582026958466
93,effnet_recplot,58,robustness,10.853663444519043
93,effnet_recplot,58,complexity,0.5649312061196875
107,mobilenet_orig,0,faithfulness,-0.019561510533094406
107,mobilenet_orig,0,robustness,2.8087708950042725
107,mobilenet_orig,0,complexity,0.6192944982300855
107,mobilenet_orig,1,faithfulness,0.31144142150878906
107,mobilenet_orig,1,robustness,3.8485069274902344
107,mobilenet_orig,1,complexity,0.5678961787748141
107,mobilenet_orig,2,faithfulness,-0.20979657769203186
107,mobilenet_orig,2,robustness,1.8695751428604126
107,mobilenet_orig,2,complexity,0.6142087910977934
107,mobilenet_orig,3,faithfulness,-0.3290629982948303
107,mobilenet_orig,3,robustness,3.2826614379882812
107,mobilenet_orig,3,complexity,0.6058552150088283
107,mobilenet_orig,4,faithfulness,0.02638643980026245
107,mobilenet_orig,4,robustness,3.050279140472412
107,mobilenet_orig,4,complexity,0.5572281808914398
107,mobilenet_orig,5,faithfulness,0.014633804559707642
107,mobilenet_orig,5,robustness,2.3369383811950684
107,mobilenet_orig,5,complexity,0.6118472984844497
107,mobilenet_orig,6,faithfulness,0.4613715410232544
107,mobilenet_orig,6,robustness,2.886888265609741
107,mobilenet_orig,6,complexity,0.5819878461223033
107,mobilenet_orig,7,faithfulness,0.13421235978603363
107,mobilenet_orig,7,robustness,3.1659178733825684
107,mobilenet_orig,7,complexity,0.5899501644887599
107,mobilenet_orig,8,faithfulness,0.16645026206970215
107,mobilenet_orig,8,robustness,3.6863949298858643
107,mobilenet_orig,8,complexity,0.5691423387510788
107,mobilenet_orig,9,faithfulness,0.15511882305145264
107,mobilenet_orig,9,robustness,3.174764394760132
107,mobilenet_orig,9,complexity,0.6151533099991608
107,mobilenet_orig,10,faithfulness,-0.1241697371006012
107,mobilenet_orig,10,robustness,2.5616061687469482
107,mobilenet_orig,10,complexity,0.586738146872678
107,mobilenet_orig,11,faithfulness,0.44071096181869507
107,mobilenet_orig,11,robustness,3.5091614723205566
107,mobilenet_orig,11,complexity,0.5835696411415348
107,mobilenet_orig,12,faithfulness,-0.013773772865533829
107,mobilenet_orig,12,robustness,2.425784111022949
107,mobilenet_orig,12,complexity,0.6078209736098222
107,mobilenet_orig,13,faithfulness,-0.12124499678611755
107,mobilenet_orig,13,robustness,3.4835095405578613
107,mobilenet_orig,13,complexity,0.5913513610741596
107,mobilenet_orig,14,faithfulness,-0.010105524212121964
107,mobilenet_orig,14,robustness,3.0003085136413574
107,mobilenet_orig,14,complexity,0.5734421774702697
107,mobilenet_orig,15,faithfulness,0.09235550463199615
107,mobilenet_orig,15,robustness,3.099439859390259
107,mobilenet_orig,15,complexity,0.5922149375819005
107,mobilenet_orig,16,faithfulness,0.39363735914230347
107,mobilenet_orig,16,robustness,2.8483798503875732
107,mobilenet_orig,16,complexity,0.5889556681367446
107,mobilenet_orig,17,faithfulness,-0.22905412316322327
107,mobilenet_orig,17,robustness,2.6186227798461914
107,mobilenet_orig,17,complexity,0.5677283853746921
107,mobilenet_orig,18,faithfulness,0.036730438470840454
107,mobilenet_orig,18,robustness,3.0413129329681396
107,mobilenet_orig,18,complexity,0.5818795284212257
107,mobilenet_orig,19,faithfulness,-0.11799376457929611
107,mobilenet_orig,19,robustness,3.2396836280822754
107,mobilenet_orig,19,complexity,0.5544399279144722
107,mobilenet_orig,20,faithfulness,0.18740597367286682
107,mobilenet_orig,20,robustness,2.2988877296447754
107,mobilenet_orig,20,complexity,0.6334302040472229
107,mobilenet_orig,21,faithfulness,0.44818806648254395
107,mobilenet_orig,21,robustness,2.8752806186676025
107,mobilenet_orig,21,complexity,0.5979054711911864
107,mobilenet_orig,22,faithfulness,0.0027020685374736786
107,mobilenet_orig,22,robustness,2.9848034381866455
107,mobilenet_orig,22,complexity,0.5791299747633144
107,mobilenet_orig,23,faithfulness,0.10680719465017319
107,mobilenet_orig,23,robustness,3.438506603240967
107,mobilenet_orig,23,complexity,0.5624828383111514
107,mobilenet_orig,24,faithfulness,0.018038667738437653
107,mobilenet_orig,24,robustness,3.1130943298339844
107,mobilenet_orig,24,complexity,0.579414000221004
107,mobilenet_orig,25,faithfulness,0.351172536611557
107,mobilenet_orig,25,robustness,2.789886951446533
107,mobilenet_orig,25,complexity,0.6112053367005228
107,mobilenet_orig,26,faithfulness,0.39526522159576416
107,mobilenet_orig,26,robustness,2.9757394790649414
107,mobilenet_orig,26,complexity,0.5793875771768914
107,mobilenet_orig,27,faithfulness,0.012260369956493378
107,mobilenet_orig,27,robustness,2.8515586853027344
107,mobilenet_orig,27,complexity,0.5645450289749897
107,mobilenet_orig,28,faithfulness,0.3412432074546814
107,mobilenet_orig,28,robustness,5.8242926597595215
107,mobilenet_orig,28,complexity,0.5710538301077581
107,mobilenet_orig,29,faithfulness,0.22073693573474884
107,mobilenet_orig,29,robustness,4.4431071281433105
107,mobilenet_orig,29,complexity,0.5690970810741173
107,mobilenet_orig,30,faithfulness,0.09639348089694977
107,mobilenet_orig,30,robustness,3.1771926879882812
107,mobilenet_orig,30,complexity,0.571161321419293
107,mobilenet_orig,31,faithfulness,-0.042302556335926056
107,mobilenet_orig,31,robustness,2.8138644695281982
107,mobilenet_orig,31,complexity,0.6021408440145266
107,mobilenet_orig,32,faithfulness,0.10621821135282516
107,mobilenet_orig,32,robustness,2.9918296337127686
107,mobilenet_orig,32,complexity,0.6093980102787387
107,mobilenet_orig,33,faithfulness,0.11224940419197083
107,mobilenet_orig,33,robustness,2.8464596271514893
107,mobilenet_orig,33,complexity,0.5636934604872932
107,mobilenet_orig,34,faithfulness,-0.06947880983352661
107,mobilenet_orig,34,robustness,2.999842882156372
107,mobilenet_orig,34,complexity,0.5638453720999643
107,mobilenet_orig,35,faithfulness,0.15211986005306244
107,mobilenet_orig,35,robustness,3.892446279525757
107,mobilenet_orig,35,complexity,0.5796806344598103
107,mobilenet_orig,36,faithfulness,0.2504453659057617
107,mobilenet_orig,36,robustness,3.2865023612976074
107,mobilenet_orig,36,complexity,0.5819470820790472
107,mobilenet_orig,37,faithfulness,-0.1918073296546936
107,mobilenet_orig,37,robustness,2.9000790119171143
107,mobilenet_orig,37,complexity,0.5987864230207991
107,mobilenet_orig,38,faithfulness,0.3682710528373718
107,mobilenet_orig,38,robustness,4.107664585113525
107,mobilenet_orig,38,complexity,0.6116437504456769
107,mobilenet_orig,39,faithfulness,0.5382080078125
107,mobilenet_orig,39,robustness,4.531370162963867
107,mobilenet_orig,39,complexity,0.6040251103640281
107,mobilenet_orig,40,faithfulness,0.036132633686065674
107,mobilenet_orig,40,robustness,3.3560850620269775
107,mobilenet_orig,40,complexity,0.5833519491095214
107,mobilenet_orig,41,faithfulness,0.3000112771987915
107,mobilenet_orig,41,robustness,2.863767623901367
107,mobilenet_orig,41,complexity,0.6001631066213954
107,mobilenet_orig,42,faithfulness,0.24585877358913422
107,mobilenet_orig,42,robustness,4.151513576507568
107,mobilenet_orig,42,complexity,0.5832840458257064
107,mobilenet_orig,43,faithfulness,-0.04960276931524277
107,mobilenet_orig,43,robustness,4.737536430358887
107,mobilenet_orig,43,complexity,0.5871460716075119
107,mobilenet_orig,44,faithfulness,0.2988285422325134
107,mobilenet_orig,44,robustness,4.0330915451049805
107,mobilenet_orig,44,complexity,0.5766069749602443
107,mobilenet_orig,45,faithfulness,-0.2426782101392746
107,mobilenet_orig,45,robustness,2.297624349594116
107,mobilenet_orig,45,complexity,0.5938833011829382
107,mobilenet_orig,46,faithfulness,-0.04643860459327698
107,mobilenet_orig,46,robustness,4.081145286560059
107,mobilenet_orig,46,complexity,0.5838800109380732
107,mobilenet_orig,47,faithfulness,0.026343896985054016
107,mobilenet_orig,47,robustness,3.567913055419922
107,mobilenet_orig,47,complexity,0.6203308156319806
107,mobilenet_orig,48,faithfulness,-0.08668514341115952
107,mobilenet_orig,48,robustness,3.601940393447876
107,mobilenet_orig,48,complexity,0.6047423188555167
107,mobilenet_orig,49,faithfulness,-0.19298425316810608
107,mobilenet_orig,49,robustness,3.0990335941314697
107,mobilenet_orig,49,complexity,0.5656668652696036
107,mobilenet_orig,50,faithfulness,-0.10126957297325134
107,mobilenet_orig,50,robustness,2.9657845497131348
107,mobilenet_orig,50,complexity,0.5921244847318275
107,mobilenet_orig,51,faithfulness,-0.03396248444914818
107,mobilenet_orig,51,robustness,3.739231824874878
107,mobilenet_orig,51,complexity,0.59975305725391
107,mobilenet_orig,52,faithfulness,0.2436983287334442
107,mobilenet_orig,52,robustness,2.443781852722168
107,mobilenet_orig,52,complexity,0.5864790614724723
107,mobilenet_orig,53,faithfulness,0.09809301048517227
107,mobilenet_orig,53,robustness,2.9662411212921143
107,mobilenet_orig,53,complexity,0.6060818340314377
107,mobilenet_orig,54,faithfulness,0.2998509407043457
107,mobilenet_orig,54,robustness,2.514470100402832
107,mobilenet_orig,54,complexity,0.5694543915588235
107,mobilenet_orig,55,faithfulness,0.04534805566072464
107,mobilenet_orig,55,robustness,2.553957939147949
107,mobilenet_orig,55,complexity,0.5908736850637776
107,mobilenet_orig,56,faithfulness,-0.19889482855796814
107,mobilenet_orig,56,robustness,3.838793992996216
107,mobilenet_orig,56,complexity,0.5845008214876983
107,mobilenet_orig,57,faithfulness,-0.11381608247756958
107,mobilenet_orig,57,robustness,3.473801374435425
107,mobilenet_orig,57,complexity,0.5619756374948354
107,mobilenet_orig,58,faithfulness,0.16650138795375824
107,mobilenet_orig,58,robustness,2.805861234664917
107,mobilenet_orig,58,complexity,0.5740509791378485
107,mobilenet_recplot,0,faithfulness,0.10096991807222366
107,mobilenet_recplot,0,robustness,3.0299012660980225
107,mobilenet_recplot,0,complexity,0.635232469343141
107,mobilenet_recplot,1,faithfulness,-0.017233945429325104
107,mobilenet_recplot,1,robustness,3.2347540855407715
107,mobilenet_recplot,1,complexity,0.6354383979814622
107,mobilenet_recplot,2,faithfulness,-0.1327880322933197
107,mobilenet_recplot,2,robustness,1.7925242185592651
107,mobilenet_recplot,2,complexity,0.7098002582991434
107,mobilenet_recplot,3,faithfulness,-0.23638185858726501
107,mobilenet_recplot,3,robustness,2.2972288131713867
107,mobilenet_recplot,3,complexity,0.637119577005719
107,mobilenet_recplot,4,faithfulness,-0.2905386984348297
107,mobilenet_recplot,4,robustness,1.9562478065490723
107,mobilenet_recplot,4,complexity,0.6954088600035881
107,mobilenet_recplot,5,faithfulness,-0.048823706805706024
107,mobilenet_recplot,5,robustness,2.054561138153076
107,mobilenet_recplot,5,complexity,0.7145809260593258
107,mobilenet_recplot,6,faithfulness,0.11880035698413849
107,mobilenet_recplot,6,robustness,1.6770318746566772
107,mobilenet_recplot,6,complexity,0.7061092335355386
107,mobilenet_recplot,7,faithfulness,-0.21394002437591553
107,mobilenet_recplot,7,robustness,1.2556480169296265
107,mobilenet_recplot,7,complexity,0.5762919216303278
107,mobilenet_recplot,8,faithfulness,-0.030750177800655365
107,mobilenet_recplot,8,robustness,2.349632740020752
107,mobilenet_recplot,8,complexity,0.5988169177063494
107,mobilenet_recplot,9,faithfulness,0.03332557901740074
107,mobilenet_recplot,9,robustness,2.7732415199279785
107,mobilenet_recplot,9,complexity,0.608585224618552
107,mobilenet_recplot,10,faithfulness,-0.17253582179546356
107,mobilenet_recplot,10,robustness,1.2688820362091064
107,mobilenet_recplot,10,complexity,0.7614656686325153
107,mobilenet_recplot,11,faithfulness,0.34452375769615173
107,mobilenet_recplot,11,robustness,1.5686920881271362
107,mobilenet_recplot,11,complexity,0.672019786238318
107,mobilenet_recplot,12,faithfulness,0.018866322934627533
107,mobilenet_recplot,12,robustness,1.8241523504257202
107,mobilenet_recplot,12,complexity,0.6844491562430665
107,mobilenet_recplot,13,faithfulness,0.1266365647315979
107,mobilenet_recplot,13,robustness,1.96458101272583
107,mobilenet_recplot,13,complexity,0.6874102242423574
107,mobilenet_recplot,14,faithfulness,-0.04383688047528267
107,mobilenet_recplot,14,robustness,1.5431249141693115
107,mobilenet_recplot,14,complexity,0.6977412788772525
107,mobilenet_recplot,15,faithfulness,0.3726692795753479
107,mobilenet_recplot,15,robustness,2.04022479057312
107,mobilenet_recplot,15,complexity,0.5877998303290277
107,mobilenet_recplot,16,faithfulness,0.05077496916055679
107,mobilenet_recplot,16,robustness,2.2322897911071777
107,mobilenet_recplot,16,complexity,0.5675907655470622
107,mobilenet_recplot,17,faithfulness,0.18639379739761353
107,mobilenet_recplot,17,robustness,1.6097400188446045
107,mobilenet_recplot,17,complexity,0.7157674772592154
107,mobilenet_recplot,18,faithfulness,0.32406508922576904
107,mobilenet_recplot,18,robustness,1.6280522346496582
107,mobilenet_recplot,18,complexity,0.5711845758609282
107,mobilenet_recplot,19,faithfulness,0.3134910464286804
107,mobilenet_recplot,19,robustness,3.016690254211426
107,mobilenet_recplot,19,complexity,0.5972956742241547
107,mobilenet_recplot,20,faithfulness,0.1260242760181427
107,mobilenet_recplot,20,robustness,1.3196521997451782
107,mobilenet_recplot,20,complexity,0.5630531531898455
107,mobilenet_recplot,21,faithfulness,0.057133082300424576
107,mobilenet_recplot,21,robustness,1.3762356042861938
107,mobilenet_recplot,21,complexity,0.639440178156189
107,mobilenet_recplot,22,faithfulness,-0.23013369739055634
107,mobilenet_recplot,22,robustness,2.084172010421753
107,mobilenet_recplot,22,complexity,0.6345953324364262
107,mobilenet_recplot,23,faithfulness,-0.06767497956752777
107,mobilenet_recplot,23,robustness,2.187019109725952
107,mobilenet_recplot,23,complexity,0.6880262256583684
107,mobilenet_recplot,24,faithfulness,-0.20010673999786377
107,mobilenet_recplot,24,robustness,2.633758783340454
107,mobilenet_recplot,24,complexity,0.6433413484103977
107,mobilenet_recplot,25,faithfulness,-0.28476276993751526
107,mobilenet_recplot,25,robustness,2.9259040355682373
107,mobilenet_recplot,25,complexity,0.625817644155325
107,mobilenet_recplot,26,faithfulness,-0.46502071619033813
107,mobilenet_recplot,26,robustness,1.4816983938217163
107,mobilenet_recplot,26,complexity,0.5842245849995247
107,mobilenet_recplot,27,faithfulness,0.07718256115913391
107,mobilenet_recplot,27,robustness,2.1944918632507324
107,mobilenet_recplot,27,complexity,0.6320934963322179
107,mobilenet_recplot,28,faithfulness,-0.21471594274044037
107,mobilenet_recplot,28,robustness,1.5054209232330322
107,mobilenet_recplot,28,complexity,0.5873830495457885
107,mobilenet_recplot,29,faithfulness,-0.19905658066272736
107,mobilenet_recplot,29,robustness,1.513029932975769
107,mobilenet_recplot,29,complexity,0.6337823221849577
107,mobilenet_recplot,30,faithfulness,-0.11543428897857666
107,mobilenet_recplot,30,robustness,2.9027788639068604
107,mobilenet_recplot,30,complexity,0.6295889081081191
107,mobilenet_recplot,31,faithfulness,0.07113146036863327
107,mobilenet_recplot,31,robustness,3.6147541999816895
107,mobilenet_recplot,31,complexity,0.6373979485444279
107,mobilenet_recplot,32,faithfulness,-0.4824109673500061
107,mobilenet_recplot,32,robustness,2.4869391918182373
107,mobilenet_recplot,32,complexity,0.6539602435525109
107,mobilenet_recplot,33,faithfulness,0.10023422539234161
107,mobilenet_recplot,33,robustness,3.839756488800049
107,mobilenet_recplot,33,complexity,0.6398270629789788
107,mobilenet_recplot,34,faithfulness,0.04262448102235794
107,mobilenet_recplot,34,robustness,3.1133174896240234
107,mobilenet_recplot,34,complexity,0.6357648275616881
107,mobilenet_recplot,35,faithfulness,-0.31774333119392395
107,mobilenet_recplot,35,robustness,2.513211727142334
107,mobilenet_recplot,35,complexity,0.6185558701173404
107,mobilenet_recplot,36,faithfulness,-0.07622232288122177
107,mobilenet_recplot,36,robustness,2.630701780319214
107,mobilenet_recplot,36,complexity,0.6187780082953167
107,mobilenet_recplot,37,faithfulness,0.06253878027200699
107,mobilenet_recplot,37,robustness,1.4456043243408203
107,mobilenet_recplot,37,complexity,0.7212951161772565
107,mobilenet_recplot,38,faithfulness,0.1688154637813568
107,mobilenet_recplot,38,robustness,2.2099392414093018
107,mobilenet_recplot,38,complexity,0.5626626101694472
107,mobilenet_recplot,39,faithfulness,0.05053260549902916
107,mobilenet_recplot,39,robustness,2.0953736305236816
107,mobilenet_recplot,39,complexity,0.5735358104199214
107,mobilenet_recplot,40,faithfulness,0.1233559101819992
107,mobilenet_recplot,40,robustness,1.143680453300476
107,mobilenet_recplot,40,complexity,0.6100140513353032
107,mobilenet_recplot,41,faithfulness,0.1353435516357422
107,mobilenet_recplot,41,robustness,1.5108622312545776
107,mobilenet_recplot,41,complexity,0.6061220188479796
107,mobilenet_recplot,42,faithfulness,0.07775983214378357
107,mobilenet_recplot,42,robustness,1.3041062355041504
107,mobilenet_recplot,42,complexity,0.6505342188476351
107,mobilenet_recplot,43,faithfulness,0.21583271026611328
107,mobilenet_recplot,43,robustness,1.2647085189819336
107,mobilenet_recplot,43,complexity,0.7000644001094336
107,mobilenet_recplot,44,faithfulness,0.21397750079631805
107,mobilenet_recplot,44,robustness,1.2244479656219482
107,mobilenet_recplot,44,complexity,0.5548871643322906
107,mobilenet_recplot,45,faithfulness,0.3085343837738037
107,mobilenet_recplot,45,robustness,1.48786199092865
107,mobilenet_recplot,45,complexity,0.6901245732912914
107,mobilenet_recplot,46,faithfulness,0.04654352366924286
107,mobilenet_recplot,46,robustness,1.0828274488449097
107,mobilenet_recplot,46,complexity,0.6492677592071451
107,mobilenet_recplot,47,faithfulness,-0.09065720438957214
107,mobilenet_recplot,47,robustness,2.2033495903015137
107,mobilenet_recplot,47,complexity,0.6906664263834236
107,mobilenet_recplot,48,faithfulness,0.11955311894416809
107,mobilenet_recplot,48,robustness,2.602670431137085
107,mobilenet_recplot,48,complexity,0.6889908911329343
107,mobilenet_recplot,49,faithfulness,0.01547970250248909
107,mobilenet_recplot,49,robustness,2.592632293701172
107,mobilenet_recplot,49,complexity,0.5778948683347527
107,mobilenet_recplot,50,faithfulness,0.09969611465930939
107,mobilenet_recplot,50,robustness,2.1025850772857666
107,mobilenet_recplot,50,complexity,0.6470295890854759
107,mobilenet_recplot,51,faithfulness,-0.12616130709648132
107,mobilenet_recplot,51,robustness,2.5813660621643066
107,mobilenet_recplot,51,complexity,0.6387678590144383
107,mobilenet_recplot,52,faithfulness,0.0826287567615509
107,mobilenet_recplot,52,robustness,2.1890957355499268
107,mobilenet_recplot,52,complexity,0.5842277398997938
107,mobilenet_recplot,53,faithfulness,-0.10044637322425842
107,mobilenet_recplot,53,robustness,1.8041017055511475
107,mobilenet_recplot,53,complexity,0.680824834472621
107,mobilenet_recplot,54,faithfulness,-0.04080340266227722
107,mobilenet_recplot,54,robustness,1.5789685249328613
107,mobilenet_recplot,54,complexity,0.6698786699587509
107,mobilenet_recplot,55,faithfulness,0.05327804386615753
107,mobilenet_recplot,55,robustness,2.5904831886291504
107,mobilenet_recplot,55,complexity,0.7074460877659249
107,mobilenet_recplot,56,faithfulness,-0.08957190811634064
107,mobilenet_recplot,56,robustness,1.5672694444656372
107,mobilenet_recplot,56,complexity,0.6077756775498538
107,mobilenet_recplot,57,faithfulness,-0.0010131150484085083
107,mobilenet_recplot,57,robustness,1.9889034032821655
107,mobilenet_recplot,57,complexity,0.6303297710908666
107,mobilenet_recplot,58,faithfulness,-0.13357765972614288
107,mobilenet_recplot,58,robustness,2.7077345848083496
107,mobilenet_recplot,58,complexity,0.6284434330740448
107,effnet_orig,0,faithfulness,0.12560859322547913
107,effnet_orig,0,robustness,0.9605126976966858
107,effnet_orig,0,complexity,0.5348088449517191
107,effnet_orig,1,faithfulness,0.2376026213169098
107,effnet_orig,1,robustness,1.074224829673767
107,effnet_orig,1,complexity,0.5285387971856955
107,effnet_orig,2,faithfulness,0.26849043369293213
107,effnet_orig,2,robustness,1.0247774124145508
107,effnet_orig,2,complexity,0.5313660639231806
107,effnet_orig,3,faithfulness,0.039579443633556366
107,effnet_orig,3,robustness,0.9729379415512085
107,effnet_orig,3,complexity,0.5502691464526442
107,effnet_orig,4,faithfulness,0.12185810506343842
107,effnet_orig,4,robustness,1.1322815418243408
107,effnet_orig,4,complexity,0.5448808450040044
107,effnet_orig,5,faithfulness,0.011464383453130722
107,effnet_orig,5,robustness,1.1474968194961548
107,effnet_orig,5,complexity,0.5418153626140948
107,effnet_orig,6,faithfulness,-0.17724323272705078
107,effnet_orig,6,robustness,1.1587350368499756
107,effnet_orig,6,complexity,0.5486380004452247
107,effnet_orig,7,faithfulness,0.3094457983970642
107,effnet_orig,7,robustness,0.9796636700630188
107,effnet_orig,7,complexity,0.5495609455213392
107,effnet_orig,8,faithfulness,0.1653897911310196
107,effnet_orig,8,robustness,0.9156177639961243
107,effnet_orig,8,complexity,0.5570560449107633
107,effnet_orig,9,faithfulness,0.25690552592277527
107,effnet_orig,9,robustness,0.9261209964752197
107,effnet_orig,9,complexity,0.5265311922310129
107,effnet_orig,10,faithfulness,-0.1606520563364029
107,effnet_orig,10,robustness,1.119957685470581
107,effnet_orig,10,complexity,0.5512953897870612
107,effnet_orig,11,faithfulness,0.08925677835941315
107,effnet_orig,11,robustness,1.1936923265457153
107,effnet_orig,11,complexity,0.5498443157635864
107,effnet_orig,12,faithfulness,0.05576232075691223
107,effnet_orig,12,robustness,1.1334418058395386
107,effnet_orig,12,complexity,0.5521901009679308
107,effnet_orig,13,faithfulness,0.11321066319942474
107,effnet_orig,13,robustness,1.0236544609069824
107,effnet_orig,13,complexity,0.5527969444153853
107,effnet_orig,14,faithfulness,-0.1950811743736267
107,effnet_orig,14,robustness,1.1236891746520996
107,effnet_orig,14,complexity,0.5305061361005935
107,effnet_orig,15,faithfulness,0.12469054758548737
107,effnet_orig,15,robustness,0.9939228296279907
107,effnet_orig,15,complexity,0.5290116570277328
107,effnet_orig,16,faithfulness,0.31344473361968994
107,effnet_orig,16,robustness,0.9316539764404297
107,effnet_orig,16,complexity,0.5388192940664533
107,effnet_orig,17,faithfulness,0.3562931418418884
107,effnet_orig,17,robustness,1.1482051610946655
107,effnet_orig,17,complexity,0.5251795560750031
107,effnet_orig,18,faithfulness,0.3095783293247223
107,effnet_orig,18,robustness,1.0117433071136475
107,effnet_orig,18,complexity,0.5393684055935073
107,effnet_orig,19,faithfulness,0.01595325954258442
107,effnet_orig,19,robustness,1.0763564109802246
107,effnet_orig,19,complexity,0.5455116715853561
107,effnet_orig,20,faithfulness,0.27972209453582764
107,effnet_orig,20,robustness,1.2449939250946045
107,effnet_orig,20,complexity,0.5571754957332075
107,effnet_orig,21,faithfulness,0.20066916942596436
107,effnet_orig,21,robustness,1.0342620611190796
107,effnet_orig,21,complexity,0.5722822890916524
107,effnet_orig,22,faithfulness,0.03583201766014099
107,effnet_orig,22,robustness,1.3799402713775635
107,effnet_orig,22,complexity,0.5497316911271346
107,effnet_orig,23,faithfulness,-0.04655662924051285
107,effnet_orig,23,robustness,1.137840986251831
107,effnet_orig,23,complexity,0.5369457885693492
107,effnet_orig,24,faithfulness,0.5895317792892456
107,effnet_orig,24,robustness,1.0008641481399536
107,effnet_orig,24,complexity,0.5462423392335882
107,effnet_orig,25,faithfulness,0.3513038158416748
107,effnet_orig,25,robustness,0.9568281769752502
107,effnet_orig,25,complexity,0.5489143489583369
107,effnet_orig,26,faithfulness,0.5278633832931519
107,effnet_orig,26,robustness,0.9226357340812683
107,effnet_orig,26,complexity,0.5356263424543704
107,effnet_orig,27,faithfulness,0.33814913034439087
107,effnet_orig,27,robustness,0.8836520910263062
107,effnet_orig,27,complexity,0.5575035871415405
107,effnet_orig,28,faithfulness,0.21195736527442932
107,effnet_orig,28,robustness,1.1727240085601807
107,effnet_orig,28,complexity,0.588376769278187
107,effnet_orig,29,faithfulness,0.40928494930267334
107,effnet_orig,29,robustness,1.0049210786819458
107,effnet_orig,29,complexity,0.5410163494002769
107,effnet_orig,30,faithfulness,-0.0064595043659210205
107,effnet_orig,30,robustness,0.918175458908081
107,effnet_orig,30,complexity,0.5351183479778927
107,effnet_orig,31,faithfulness,0.11517650634050369
107,effnet_orig,31,robustness,1.045492172241211
107,effnet_orig,31,complexity,0.5577402887954935
107,effnet_orig,32,faithfulness,0.1660718321800232
107,effnet_orig,32,robustness,0.8428933620452881
107,effnet_orig,32,complexity,0.5526814477288357
107,effnet_orig,33,faithfulness,0.2388283908367157
107,effnet_orig,33,robustness,0.9056089520454407
107,effnet_orig,33,complexity,0.5909451665250981
107,effnet_orig,34,faithfulness,-0.03429009020328522
107,effnet_orig,34,robustness,0.939009964466095
107,effnet_orig,34,complexity,0.5355977562108707
107,effnet_orig,35,faithfulness,0.41558966040611267
107,effnet_orig,35,robustness,0.9389952421188354
107,effnet_orig,35,complexity,0.5494638100196508
107,effnet_orig,36,faithfulness,0.10337377339601517
107,effnet_orig,36,robustness,1.0011229515075684
107,effnet_orig,36,complexity,0.5324480836946927
107,effnet_orig,37,faithfulness,-0.0870499536395073
107,effnet_orig,37,robustness,2.4375782012939453
107,effnet_orig,37,complexity,0.546489996907792
107,effnet_orig,38,faithfulness,0.45111221075057983
107,effnet_orig,38,robustness,1.0777238607406616
107,effnet_orig,38,complexity,0.5913698690677743
107,effnet_orig,39,faithfulness,0.055306270718574524
107,effnet_orig,39,robustness,1.1329166889190674
107,effnet_orig,39,complexity,0.5792306382541835
107,effnet_orig,40,faithfulness,-0.11210432648658752
107,effnet_orig,40,robustness,1.1330773830413818
107,effnet_orig,40,complexity,0.5357792859254323
107,effnet_orig,41,faithfulness,0.005849778652191162
107,effnet_orig,41,robustness,0.9243460893630981
107,effnet_orig,41,complexity,0.5464304612722747
107,effnet_orig,42,faithfulness,0.05267277732491493
107,effnet_orig,42,robustness,1.2177120447158813
107,effnet_orig,42,complexity,0.5645415802982379
107,effnet_orig,43,faithfulness,0.18887007236480713
107,effnet_orig,43,robustness,1.211215853691101
107,effnet_orig,43,complexity,0.5397656578104043
107,effnet_orig,44,faithfulness,0.3401830196380615
107,effnet_orig,44,robustness,1.200050950050354
107,effnet_orig,44,complexity,0.5514426848978291
107,effnet_orig,45,faithfulness,-0.14066465198993683
107,effnet_orig,45,robustness,1.2423137426376343
107,effnet_orig,45,complexity,0.5347143188062523
107,effnet_orig,46,faithfulness,0.35059550404548645
107,effnet_orig,46,robustness,1.2583482265472412
107,effnet_orig,46,complexity,0.5601841034275039
107,effnet_orig,47,faithfulness,0.170802041888237
107,effnet_orig,47,robustness,1.1085004806518555
107,effnet_orig,47,complexity,0.569394370231891
107,effnet_orig,48,faithfulness,-0.019131600856781006
107,effnet_orig,48,robustness,1.081268072128296
107,effnet_orig,48,complexity,0.5606365713468636
107,effnet_orig,49,faithfulness,-0.25502893328666687
107,effnet_orig,49,robustness,0.9631945490837097
107,effnet_orig,49,complexity,0.5188918506837764
107,effnet_orig,50,faithfulness,0.07954313606023788
107,effnet_orig,50,robustness,0.9930746555328369
107,effnet_orig,50,complexity,0.5805057210915452
107,effnet_orig,51,faithfulness,0.10035426914691925
107,effnet_orig,51,robustness,0.9202022552490234
107,effnet_orig,51,complexity,0.5639940813703905
107,effnet_orig,52,faithfulness,0.20522141456604004
107,effnet_orig,52,robustness,0.9128583073616028
107,effnet_orig,52,complexity,0.5333863400940023
107,effnet_orig,53,faithfulness,0.1705535650253296
107,effnet_orig,53,robustness,1.1541588306427002
107,effnet_orig,53,complexity,0.5798848832627671
107,effnet_orig,54,faithfulness,-0.04709868133068085
107,effnet_orig,54,robustness,1.1498677730560303
107,effnet_orig,54,complexity,0.5443051002617394
107,effnet_orig,55,faithfulness,-0.00776296854019165
107,effnet_orig,55,robustness,1.1067615747451782
107,effnet_orig,55,complexity,0.5606983577135239
107,effnet_orig,56,faithfulness,-0.3365776836872101
107,effnet_orig,56,robustness,1.2552696466445923
107,effnet_orig,56,complexity,0.5556246242201585
107,effnet_orig,57,faithfulness,0.06731657683849335
107,effnet_orig,57,robustness,0.9633237719535828
107,effnet_orig,57,complexity,0.5832677877414257
107,effnet_orig,58,faithfulness,0.13677868247032166
107,effnet_orig,58,robustness,0.9349184036254883
107,effnet_orig,58,complexity,0.573755597928533
107,effnet_recplot,0,faithfulness,0.17181694507598877
107,effnet_recplot,0,robustness,1.264078974723816
107,effnet_recplot,0,complexity,0.6903494164000248
107,effnet_recplot,1,faithfulness,0.07727958261966705
107,effnet_recplot,1,robustness,1.2025725841522217
107,effnet_recplot,1,complexity,0.6654265725402533
107,effnet_recplot,2,faithfulness,0.07180776447057724
107,effnet_recplot,2,robustness,1.0101994276046753
107,effnet_recplot,2,complexity,0.6781867368685041
107,effnet_recplot,3,faithfulness,0.04738285392522812
107,effnet_recplot,3,robustness,18.864458084106445
107,effnet_recplot,3,complexity,0.6302531566505152
107,effnet_recplot,4,faithfulness,0.19028650224208832
107,effnet_recplot,4,robustness,33.09672164916992
107,effnet_recplot,4,complexity,0.6729179780035602
107,effnet_recplot,5,faithfulness,0.3037532866001129
107,effnet_recplot,5,robustness,14.085558891296387
107,effnet_recplot,5,complexity,0.6698010591443125
107,effnet_recplot,6,faithfulness,-0.13439883291721344
107,effnet_recplot,6,robustness,48.012786865234375
107,effnet_recplot,6,complexity,0.6348565259776627
107,effnet_recplot,7,faithfulness,0.18953415751457214
107,effnet_recplot,7,robustness,1.3972623348236084
107,effnet_recplot,7,complexity,0.5888720162623434
107,effnet_recplot,8,faithfulness,-0.40831488370895386
107,effnet_recplot,8,robustness,31.960411071777344
107,effnet_recplot,8,complexity,0.6036972360763015
107,effnet_recplot,9,faithfulness,-0.29361000657081604
107,effnet_recplot,9,robustness,272.4481506347656
107,effnet_recplot,9,complexity,0.6857446697621874
107,effnet_recplot,10,faithfulness,0.07865151017904282
107,effnet_recplot,10,robustness,10.686129570007324
107,effnet_recplot,10,complexity,0.6809991352151478
107,effnet_recplot,11,faithfulness,0.3090313673019409
107,effnet_recplot,11,robustness,366.4685363769531
107,effnet_recplot,11,complexity,0.6173734979964671
107,effnet_recplot,12,faithfulness,-0.07337881624698639
107,effnet_recplot,12,robustness,148.71006774902344
107,effnet_recplot,12,complexity,0.6360576218494456
107,effnet_recplot,13,faithfulness,-0.1912001371383667
107,effnet_recplot,13,robustness,16.448532104492188
107,effnet_recplot,13,complexity,0.676639833475544
107,effnet_recplot,14,faithfulness,0.3676145374774933
107,effnet_recplot,14,robustness,1.1133739948272705
107,effnet_recplot,14,complexity,0.6765182765642551
107,effnet_recplot,15,faithfulness,0.111330047249794
107,effnet_recplot,15,robustness,1.0012298822402954
107,effnet_recplot,15,complexity,0.6358221498295138
107,effnet_recplot,16,faithfulness,0.26612409949302673
107,effnet_recplot,16,robustness,3.7386937141418457
107,effnet_recplot,16,complexity,0.6681689091585251
107,effnet_recplot,17,faithfulness,-0.14786183834075928
107,effnet_recplot,17,robustness,2.9964962005615234
107,effnet_recplot,17,complexity,0.6431639590744405
107,effnet_recplot,18,faithfulness,0.00891566276550293
107,effnet_recplot,18,robustness,5.319492340087891
107,effnet_recplot,18,complexity,0.5519457112813999
107,effnet_recplot,19,faithfulness,-0.02431396394968033
107,effnet_recplot,19,robustness,6.8748908042907715
107,effnet_recplot,19,complexity,0.7053744737436197
107,effnet_recplot,20,faithfulness,0.013235612772405148
107,effnet_recplot,20,robustness,30.880495071411133
107,effnet_recplot,20,complexity,0.617904664122784
107,effnet_recplot,21,faithfulness,0.36601221561431885
107,effnet_recplot,21,robustness,1.2331535816192627
107,effnet_recplot,21,complexity,0.633531149064054
107,effnet_recplot,22,faithfulness,0.17988334596157074
107,effnet_recplot,22,robustness,1.1013695001602173
107,effnet_recplot,22,complexity,0.6539148326504012
107,effnet_recplot,23,faithfulness,-0.17124897241592407
107,effnet_recplot,23,robustness,1.0976639986038208
107,effnet_recplot,23,complexity,0.6604085218571005
107,effnet_recplot,24,faithfulness,0.06163042038679123
107,effnet_recplot,24,robustness,27.718393325805664
107,effnet_recplot,24,complexity,0.6895488229018395
107,effnet_recplot,25,faithfulness,-0.1975729763507843
107,effnet_recplot,25,robustness,1.0319563150405884
107,effnet_recplot,25,complexity,0.7068462264211943
107,effnet_recplot,26,faithfulness,-0.11423008143901825
107,effnet_recplot,26,robustness,1.0035682916641235
107,effnet_recplot,26,complexity,0.6810670254042385
107,effnet_recplot,27,faithfulness,-0.13271181285381317
107,effnet_recplot,27,robustness,34.675994873046875
107,effnet_recplot,27,complexity,0.637549631315624
107,effnet_recplot,28,faithfulness,0.02981976419687271
107,effnet_recplot,28,robustness,762.4447021484375
107,effnet_recplot,28,complexity,0.5480974945389935
107,effnet_recplot,29,faithfulness,0.07811018824577332
107,effnet_recplot,29,robustness,105.48104095458984
107,effnet_recplot,29,complexity,0.6597003113436544
107,effnet_recplot,30,faithfulness,-0.03367353975772858
107,effnet_recplot,30,robustness,3.109328508377075
107,effnet_recplot,30,complexity,0.7210164038119554
107,effnet_recplot,31,faithfulness,0.24154813587665558
107,effnet_recplot,31,robustness,64.46304321289062
107,effnet_recplot,31,complexity,0.6468341374234181
107,effnet_recplot,32,faithfulness,-0.3684425950050354
107,effnet_recplot,32,robustness,5.4069366455078125
107,effnet_recplot,32,complexity,0.689104060941168
107,effnet_recplot,33,faithfulness,-0.11186261475086212
107,effnet_recplot,33,robustness,1.7635269165039062
107,effnet_recplot,33,complexity,0.6083718440726711
107,effnet_recplot,34,faithfulness,0.06539875268936157
107,effnet_recplot,34,robustness,3.3437492847442627
107,effnet_recplot,34,complexity,0.689666773410434
107,effnet_recplot,35,faithfulness,0.09735959768295288
107,effnet_recplot,35,robustness,24.100051879882812
107,effnet_recplot,35,complexity,0.6944090154658785
107,effnet_recplot,36,faithfulness,0.22271102666854858
107,effnet_recplot,36,robustness,23.876829147338867
107,effnet_recplot,36,complexity,0.5750233584688734
107,effnet_recplot,37,faithfulness,0.15672947466373444
107,effnet_recplot,37,robustness,4.623141765594482
107,effnet_recplot,37,complexity,0.6645740797486844
107,effnet_recplot,38,faithfulness,0.1324063241481781
107,effnet_recplot,38,robustness,1.0431967973709106
107,effnet_recplot,38,complexity,0.6420929540048795
107,effnet_recplot,39,faithfulness,0.03626848757266998
107,effnet_recplot,39,robustness,1.0889396667480469
107,effnet_recplot,39,complexity,0.6646162767639388
107,effnet_recplot,40,faithfulness,-0.307184636592865
107,effnet_recplot,40,robustness,14.972538948059082
107,effnet_recplot,40,complexity,0.6202693166492801
107,effnet_recplot,41,faithfulness,0.2747969627380371
107,effnet_recplot,41,robustness,1.978317379951477
107,effnet_recplot,41,complexity,0.6377012927894361
107,effnet_recplot,42,faithfulness,-0.10670154541730881
107,effnet_recplot,42,robustness,1.147950530052185
107,effnet_recplot,42,complexity,0.6470846356211687
107,effnet_recplot,43,faithfulness,-0.057771049439907074
107,effnet_recplot,43,robustness,2.9759302139282227
107,effnet_recplot,43,complexity,0.6829565470001898
107,effnet_recplot,44,faithfulness,0.08413399755954742
107,effnet_recplot,44,robustness,1.220838189125061
107,effnet_recplot,44,complexity,0.6309468995330596
107,effnet_recplot,45,faithfulness,0.05793159082531929
107,effnet_recplot,45,robustness,22.86819076538086
107,effnet_recplot,45,complexity,0.6048903645813881
107,effnet_recplot,46,faithfulness,0.19103839993476868
107,effnet_recplot,46,robustness,14.996795654296875
107,effnet_recplot,46,complexity,0.6460398576309188
107,effnet_recplot,47,faithfulness,-0.4678410589694977
107,effnet_recplot,47,robustness,49.0726432800293
107,effnet_recplot,47,complexity,0.6755889645437435
107,effnet_recplot,48,faithfulness,-0.11127954721450806
107,effnet_recplot,48,robustness,1.6920223236083984
107,effnet_recplot,48,complexity,0.6891963031454984
107,effnet_recplot,49,faithfulness,0.20927417278289795
107,effnet_recplot,49,robustness,18.927650451660156
107,effnet_recplot,49,complexity,0.6542298986829128
107,effnet_recplot,50,faithfulness,-0.14287516474723816
107,effnet_recplot,50,robustness,1.2850513458251953
107,effnet_recplot,50,complexity,0.6935344921200182
107,effnet_recplot,51,faithfulness,0.17042706906795502
107,effnet_recplot,51,robustness,59.125083923339844
107,effnet_recplot,51,complexity,0.5709637550182188
107,effnet_recplot,52,faithfulness,0.12598465383052826
107,effnet_recplot,52,robustness,39.24212646484375
107,effnet_recplot,52,complexity,0.6679167578459342
107,effnet_recplot,53,faithfulness,0.13231706619262695
107,effnet_recplot,53,robustness,8.529075622558594
107,effnet_recplot,53,complexity,0.6502808623867218
107,effnet_recplot,54,faithfulness,-0.09326449781656265
107,effnet_recplot,54,robustness,5.669915199279785
107,effnet_recplot,54,complexity,0.6859620463563816
107,effnet_recplot,55,faithfulness,0.10640538483858109
107,effnet_recplot,55,robustness,7.674350261688232
107,effnet_recplot,55,complexity,0.680356629216337
107,effnet_recplot,56,faithfulness,-0.2014324963092804
107,effnet_recplot,56,robustness,26.79610252380371
107,effnet_recplot,56,complexity,0.6267740049016801
107,effnet_recplot,57,faithfulness,0.05839775502681732
107,effnet_recplot,57,robustness,1.0201447010040283
107,effnet_recplot,57,complexity,0.6828619362366342
107,effnet_recplot,58,faithfulness,0.23706752061843872
107,effnet_recplot,58,robustness,43.90831756591797
107,effnet_recplot,58,complexity,0.633304849516501
121,mobilenet_orig,0,faithfulness,0.3580465316772461
121,mobilenet_orig,0,robustness,1.8201383352279663
121,mobilenet_orig,0,complexity,0.5980901073066557
121,mobilenet_orig,1,faithfulness,-0.38274842500686646
121,mobilenet_orig,1,robustness,2.049511432647705
121,mobilenet_orig,1,complexity,0.5842197231839513
121,mobilenet_orig,2,faithfulness,0.08063337951898575
121,mobilenet_orig,2,robustness,1.4997271299362183
121,mobilenet_orig,2,complexity,0.5819954511338432
121,mobilenet_orig,3,faithfulness,-0.1345192790031433
121,mobilenet_orig,3,robustness,1.836421012878418
121,mobilenet_orig,3,complexity,0.5831866601521968
121,mobilenet_orig,4,faithfulness,0.13575564324855804
121,mobilenet_orig,4,robustness,1.7646944522857666
121,mobilenet_orig,4,complexity,0.583973724796264
121,mobilenet_orig,5,faithfulness,0.04806528985500336
121,mobilenet_orig,5,robustness,1.3992031812667847
121,mobilenet_orig,5,complexity,0.5935822427346485
121,mobilenet_orig,6,faithfulness,0.37014368176460266
121,mobilenet_orig,6,robustness,1.9770973920822144
121,mobilenet_orig,6,complexity,0.5869156658173286
121,mobilenet_orig,7,faithfulness,0.26158615946769714
121,mobilenet_orig,7,robustness,1.9449055194854736
121,mobilenet_orig,7,complexity,0.5913346383384475
121,mobilenet_orig,8,faithfulness,0.20332273840904236
121,mobilenet_orig,8,robustness,1.9287699460983276
121,mobilenet_orig,8,complexity,0.5665342077909178
121,mobilenet_orig,9,faithfulness,0.1293031871318817
121,mobilenet_orig,9,robustness,1.9933913946151733
121,mobilenet_orig,9,complexity,0.6032342058771452
121,mobilenet_orig,10,faithfulness,0.09537383913993835
121,mobilenet_orig,10,robustness,1.409918189048767
121,mobilenet_orig,10,complexity,0.5670546213623708
121,mobilenet_orig,11,faithfulness,0.2453227937221527
121,mobilenet_orig,11,robustness,1.829602599143982
121,mobilenet_orig,11,complexity,0.596466851444074
121,mobilenet_orig,12,faithfulness,0.05555643141269684
121,mobilenet_orig,12,robustness,1.4628400802612305
121,mobilenet_orig,12,complexity,0.6132499236374871
121,mobilenet_orig,13,faithfulness,0.11426788568496704
121,mobilenet_orig,13,robustness,1.7150895595550537
121,mobilenet_orig,13,complexity,0.5858872909189504
121,mobilenet_orig,14,faithfulness,-0.008857250213623047
121,mobilenet_orig,14,robustness,1.682669997215271
121,mobilenet_orig,14,complexity,0.5655072157059148
121,mobilenet_orig,15,faithfulness,0.11887560784816742
121,mobilenet_orig,15,robustness,1.7597861289978027
121,mobilenet_orig,15,complexity,0.5905866641469445
121,mobilenet_orig,16,faithfulness,0.19721892476081848
121,mobilenet_orig,16,robustness,1.8441245555877686
121,mobilenet_orig,16,complexity,0.5819681098711027
121,mobilenet_orig,17,faithfulness,0.10360225290060043
121,mobilenet_orig,17,robustness,1.865795612335205
121,mobilenet_orig,17,complexity,0.5681530869505584
121,mobilenet_orig,18,faithfulness,-0.20779211819171906
121,mobilenet_orig,18,robustness,1.7751067876815796
121,mobilenet_orig,18,complexity,0.5752699478820622
121,mobilenet_orig,19,faithfulness,0.1632532924413681
121,mobilenet_orig,19,robustness,2.161949872970581
121,mobilenet_orig,19,complexity,0.5573164700692805
121,mobilenet_orig,20,faithfulness,-0.25381582975387573
121,mobilenet_orig,20,robustness,1.9708824157714844
121,mobilenet_orig,20,complexity,0.5866679246280583
121,mobilenet_orig,21,faithfulness,-0.045349620282649994
121,mobilenet_orig,21,robustness,2.001262664794922
121,mobilenet_orig,21,complexity,0.578694790594473
121,mobilenet_orig,22,faithfulness,0.14727909862995148
121,mobilenet_orig,22,robustness,1.7632848024368286
121,mobilenet_orig,22,complexity,0.5669661953517869
121,mobilenet_orig,23,faithfulness,-0.05092865228652954
121,mobilenet_orig,23,robustness,1.520955204963684
121,mobilenet_orig,23,complexity,0.6024950115121457
121,mobilenet_orig,24,faithfulness,0.038567543029785156
121,mobilenet_orig,24,robustness,1.7164362668991089
121,mobilenet_orig,24,complexity,0.5835411215188446
121,mobilenet_orig,25,faithfulness,0.41310638189315796
121,mobilenet_orig,25,robustness,1.6535919904708862
121,mobilenet_orig,25,complexity,0.5933992193697903
121,mobilenet_orig,26,faithfulness,-0.18017831444740295
121,mobilenet_orig,26,robustness,1.7373204231262207
121,mobilenet_orig,26,complexity,0.576823439797116
121,mobilenet_orig,27,faithfulness,0.11083512008190155
121,mobilenet_orig,27,robustness,1.8098034858703613
121,mobilenet_orig,27,complexity,0.5843269061633053
121,mobilenet_orig,28,faithfulness,-0.009418793022632599
121,mobilenet_orig,28,robustness,2.1588776111602783
121,mobilenet_orig,28,complexity,0.5685519989224217
121,mobilenet_orig,29,faithfulness,0.09542785584926605
121,mobilenet_orig,29,robustness,2.5667052268981934
121,mobilenet_orig,29,complexity,0.5751253487581729
121,mobilenet_orig,30,faithfulness,0.07436871528625488
121,mobilenet_orig,30,robustness,1.5355002880096436
121,mobilenet_orig,30,complexity,0.5645614933882526
121,mobilenet_orig,31,faithfulness,0.12303753942251205
121,mobilenet_orig,31,robustness,1.604799747467041
121,mobilenet_orig,31,complexity,0.6257934708138452
121,mobilenet_orig,32,faithfulness,0.024158509448170662
121,mobilenet_orig,32,robustness,1.5837469100952148
121,mobilenet_orig,32,complexity,0.6058976876751017
121,mobilenet_orig,33,faithfulness,0.010815352201461792
121,mobilenet_orig,33,robustness,1.6447713375091553
121,mobilenet_orig,33,complexity,0.5908715626144565
121,mobilenet_orig,34,faithfulness,-0.13062003254890442
121,mobilenet_orig,34,robustness,1.8058817386627197
121,mobilenet_orig,34,complexity,0.5678617507584948
121,mobilenet_orig,35,faithfulness,0.28275012969970703
121,mobilenet_orig,35,robustness,1.9760311841964722
121,mobilenet_orig,35,complexity,0.5908829800371698
121,mobilenet_orig,36,faithfulness,0.16562420129776
121,mobilenet_orig,36,robustness,1.6497961282730103
121,mobilenet_orig,36,complexity,0.5747496730143654
121,mobilenet_orig,37,faithfulness,0.20541444420814514
121,mobilenet_orig,37,robustness,2.19020676612854
121,mobilenet_orig,37,complexity,0.5690803410327541
121,mobilenet_orig,38,faithfulness,0.08244664967060089
121,mobilenet_orig,38,robustness,2.010491132736206
121,mobilenet_orig,38,complexity,0.6068827849909428
121,mobilenet_orig,39,faithfulness,0.09800658375024796
121,mobilenet_orig,39,robustness,2.615471124649048
121,mobilenet_orig,39,complexity,0.5898910274048603
121,mobilenet_orig,40,faithfulness,-0.02019326575100422
121,mobilenet_orig,40,robustness,1.883886694908142
121,mobilenet_orig,40,complexity,0.5832962217785073
121,mobilenet_orig,41,faithfulness,-0.1040290966629982
121,mobilenet_orig,41,robustness,1.7726554870605469
121,mobilenet_orig,41,complexity,0.5810761058719331
121,mobilenet_orig,42,faithfulness,-0.028197571635246277
121,mobilenet_orig,42,robustness,2.007283926010132
121,mobilenet_orig,42,complexity,0.5758177204582198
121,mobilenet_orig,43,faithfulness,-0.21896837651729584
121,mobilenet_orig,43,robustness,2.1145172119140625
121,mobilenet_orig,43,complexity,0.589954149370643
121,mobilenet_orig,44,faithfulness,-0.07037635147571564
121,mobilenet_orig,44,robustness,2.0591633319854736
121,mobilenet_orig,44,complexity,0.5629529319602847
121,mobilenet_orig,45,faithfulness,0.1591784805059433
121,mobilenet_orig,45,robustness,1.959959864616394
121,mobilenet_orig,45,complexity,0.5783684616431061
121,mobilenet_orig,46,faithfulness,0.09284450113773346
121,mobilenet_orig,46,robustness,2.1166324615478516
121,mobilenet_orig,46,complexity,0.5705700884947688
121,mobilenet_orig,47,faithfulness,0.18234258890151978
121,mobilenet_orig,47,robustness,2.115976572036743
121,mobilenet_orig,47,complexity,0.5985873536804283
121,mobilenet_orig,48,faithfulness,0.28296902775764465
121,mobilenet_orig,48,robustness,1.917654037475586
121,mobilenet_orig,48,complexity,0.6091989357584238
121,mobilenet_orig,49,faithfulness,0.08794842660427094
121,mobilenet_orig,49,robustness,2.346209764480591
121,mobilenet_orig,49,complexity,0.5622209249599877
121,mobilenet_orig,50,faithfulness,0.02372819185256958
121,mobilenet_orig,50,robustness,2.2188706398010254
121,mobilenet_orig,50,complexity,0.5935285092505601
121,mobilenet_orig,51,faithfulness,0.20063196122646332
121,mobilenet_orig,51,robustness,1.7829585075378418
121,mobilenet_orig,51,complexity,0.5944154393295525
121,mobilenet_orig,52,faithfulness,-0.027196913957595825
121,mobilenet_orig,52,robustness,1.4508962631225586
121,mobilenet_orig,52,complexity,0.593018705571067
121,mobilenet_orig,53,faithfulness,-0.07252244651317596
121,mobilenet_orig,53,robustness,1.4267573356628418
121,mobilenet_orig,53,complexity,0.6212144915737948
121,mobilenet_orig,54,faithfulness,-0.23907509446144104
121,mobilenet_orig,54,robustness,1.6870026588439941
121,mobilenet_orig,54,complexity,0.5862532339046412
121,mobilenet_orig,55,faithfulness,0.23347532749176025
121,mobilenet_orig,55,robustness,1.6497422456741333
121,mobilenet_orig,55,complexity,0.5559610108080494
121,mobilenet_orig,56,faithfulness,-0.11200086772441864
121,mobilenet_orig,56,robustness,1.8689597845077515
121,mobilenet_orig,56,complexity,0.5744137929054696
121,mobilenet_orig,57,faithfulness,0.1838701069355011
121,mobilenet_orig,57,robustness,1.640795350074768
121,mobilenet_orig,57,complexity,0.5709260949325478
121,mobilenet_orig,58,faithfulness,-0.03974747657775879
121,mobilenet_orig,58,robustness,1.6181684732437134
121,mobilenet_orig,58,complexity,0.573997100281431
121,mobilenet_recplot,0,faithfulness,0.02806432545185089
121,mobilenet_recplot,0,robustness,1.6994634866714478
121,mobilenet_recplot,0,complexity,0.6294307017451892
121,mobilenet_recplot,1,faithfulness,0.07357913255691528
121,mobilenet_recplot,1,robustness,1.393953561782837
121,mobilenet_recplot,1,complexity,0.6600346645272851
121,mobilenet_recplot,2,faithfulness,0.19125527143478394
121,mobilenet_recplot,2,robustness,1.5800515413284302
121,mobilenet_recplot,2,complexity,0.6855811385467934
121,mobilenet_recplot,3,faithfulness,-0.22598719596862793
121,mobilenet_recplot,3,robustness,1.7157353162765503
121,mobilenet_recplot,3,complexity,0.644278574596847
121,mobilenet_recplot,4,faithfulness,0.29427534341812134
121,mobilenet_recplot,4,robustness,1.402522087097168
121,mobilenet_recplot,4,complexity,0.7048296101197502
121,mobilenet_recplot,5,faithfulness,-0.08855988085269928
121,mobilenet_recplot,5,robustness,1.5449837446212769
121,mobilenet_recplot,5,complexity,0.7178186027515947
121,mobilenet_recplot,6,faithfulness,-0.009618701413273811
121,mobilenet_recplot,6,robustness,1.3502310514450073
121,mobilenet_recplot,6,complexity,0.7011501286519387
121,mobilenet_recplot,7,faithfulness,0.002285882830619812
121,mobilenet_recplot,7,robustness,1.3618919849395752
121,mobilenet_recplot,7,complexity,0.6065250157861592
121,mobilenet_recplot,8,faithfulness,-0.002994205802679062
121,mobilenet_recplot,8,robustness,1.6162790060043335
121,mobilenet_recplot,8,complexity,0.6045328483683747
121,mobilenet_recplot,9,faithfulness,-0.03366560488939285
121,mobilenet_recplot,9,robustness,1.556915283203125
121,mobilenet_recplot,9,complexity,0.6177342842347617
121,mobilenet_recplot,10,faithfulness,-0.034222714602947235
121,mobilenet_recplot,10,robustness,1.4367555379867554
121,mobilenet_recplot,10,complexity,0.723072196960491
121,mobilenet_recplot,11,faithfulness,-0.15081049501895905
121,mobilenet_recplot,11,robustness,1.5682597160339355
121,mobilenet_recplot,11,complexity,0.6915873507335493
121,mobilenet_recplot,12,faithfulness,0.25620341300964355
121,mobilenet_recplot,12,robustness,1.5094107389450073
121,mobilenet_recplot,12,complexity,0.6779915375279593
121,mobilenet_recplot,13,faithfulness,-0.0008144266903400421
121,mobilenet_recplot,13,robustness,2.32429575920105
121,mobilenet_recplot,13,complexity,0.6587316518917592
121,mobilenet_recplot,14,faithfulness,0.22153466939926147
121,mobilenet_recplot,14,robustness,1.6007212400436401
121,mobilenet_recplot,14,complexity,0.6839360313840425
121,mobilenet_recplot,15,faithfulness,0.031034305691719055
121,mobilenet_recplot,15,robustness,2.504824638366699
121,mobilenet_recplot,15,complexity,0.6172440184350793
121,mobilenet_recplot,16,faithfulness,-0.1362246870994568
121,mobilenet_recplot,16,robustness,2.054217576980591
121,mobilenet_recplot,16,complexity,0.571286136505749
121,mobilenet_recplot,17,faithfulness,0.2325766533613205
121,mobilenet_recplot,17,robustness,1.1811394691467285
121,mobilenet_recplot,17,complexity,0.7136251101091651
121,mobilenet_recplot,18,faithfulness,-0.3049966096878052
121,mobilenet_recplot,18,robustness,1.4129084348678589
121,mobilenet_recplot,18,complexity,0.5933860138380168
121,mobilenet_recplot,19,faithfulness,0.03934084251523018
121,mobilenet_recplot,19,robustness,1.4625585079193115
121,mobilenet_recplot,19,complexity,0.6280931216801628
121,mobilenet_recplot,20,faithfulness,0.027761898934841156
121,mobilenet_recplot,20,robustness,1.099689245223999
121,mobilenet_recplot,20,complexity,0.5995795198160371
121,mobilenet_recplot,21,faithfulness,-0.2184336632490158
121,mobilenet_recplot,21,robustness,1.5211904048919678
121,mobilenet_recplot,21,complexity,0.6334835310648665
121,mobilenet_recplot,22,faithfulness,0.13362419605255127
121,mobilenet_recplot,22,robustness,1.5197962522506714
121,mobilenet_recplot,22,complexity,0.6704852589837773
121,mobilenet_recplot,23,faithfulness,0.1512722373008728
121,mobilenet_recplot,23,robustness,1.3914653062820435
121,mobilenet_recplot,23,complexity,0.6826117158178147
121,mobilenet_recplot,24,faithfulness,0.19600048661231995
121,mobilenet_recplot,24,robustness,1.5684579610824585
121,mobilenet_recplot,24,complexity,0.6820919751220292
121,mobilenet_recplot,25,faithfulness,0.1810433268547058
121,mobilenet_recplot,25,robustness,1.443687081336975
121,mobilenet_recplot,25,complexity,0.6600973355125873
121,mobilenet_recplot,26,faithfulness,-0.05794157832860947
121,mobilenet_recplot,26,robustness,1.4362766742706299
121,mobilenet_recplot,26,complexity,0.6074738904959395
121,mobilenet_recplot,27,faithfulness,-0.0028737932443618774
121,mobilenet_recplot,27,robustness,1.5943745374679565
121,mobilenet_recplot,27,complexity,0.6322120513889534
121,mobilenet_recplot,28,faithfulness,-0.08814336359500885
121,mobilenet_recplot,28,robustness,1.1667170524597168
121,mobilenet_recplot,28,complexity,0.6016250737107562
121,mobilenet_recplot,29,faithfulness,0.034449219703674316
121,mobilenet_recplot,29,robustness,1.2051799297332764
121,mobilenet_recplot,29,complexity,0.6605079455117318
121,mobilenet_recplot,30,faithfulness,0.20760254561901093
121,mobilenet_recplot,30,robustness,1.4355499744415283
121,mobilenet_recplot,30,complexity,0.6482203156010892
121,mobilenet_recplot,31,faithfulness,-0.0573364794254303
121,mobilenet_recplot,31,robustness,1.4600157737731934
121,mobilenet_recplot,31,complexity,0.6939526579296037
121,mobilenet_recplot,32,faithfulness,-0.08050850033760071
121,mobilenet_recplot,32,robustness,1.5660624504089355
121,mobilenet_recplot,32,complexity,0.6621917704708541
121,mobilenet_recplot,33,faithfulness,-0.05601644515991211
121,mobilenet_recplot,33,robustness,1.662212610244751
121,mobilenet_recplot,33,complexity,0.6849421160538376
121,mobilenet_recplot,34,faithfulness,0.049350522458553314
121,mobilenet_recplot,34,robustness,1.3613487482070923
121,mobilenet_recplot,34,complexity,0.6836839844590749
121,mobilenet_recplot,35,faithfulness,-0.1660681515932083
121,mobilenet_recplot,35,robustness,1.572892665863037
121,mobilenet_recplot,35,complexity,0.6564319634650368
121,mobilenet_recplot,36,faithfulness,-0.05792757868766785
121,mobilenet_recplot,36,robustness,1.612538456916809
121,mobilenet_recplot,36,complexity,0.6495887056974613
121,mobilenet_recplot,37,faithfulness,0.08526129275560379
121,mobilenet_recplot,37,robustness,1.0787246227264404
121,mobilenet_recplot,37,complexity,0.7430961272180462
121,mobilenet_recplot,38,faithfulness,-0.2719981074333191
121,mobilenet_recplot,38,robustness,1.2749499082565308
121,mobilenet_recplot,38,complexity,0.6191429411929948
121,mobilenet_recplot,39,faithfulness,0.24489331245422363
121,mobilenet_recplot,39,robustness,2.417423963546753
121,mobilenet_recplot,39,complexity,0.5607554906330783
121,mobilenet_recplot,40,faithfulness,-0.08169469982385635
121,mobilenet_recplot,40,robustness,1.0565392971038818
121,mobilenet_recplot,40,complexity,0.6236540427120982
121,mobilenet_recplot,41,faithfulness,0.11549949645996094
121,mobilenet_recplot,41,robustness,1.4787282943725586
121,mobilenet_recplot,41,complexity,0.6200242173434577
121,mobilenet_recplot,42,faithfulness,0.03284555673599243
121,mobilenet_recplot,42,robustness,1.40744149684906
121,mobilenet_recplot,42,complexity,0.6554817042795118
121,mobilenet_recplot,43,faithfulness,-0.02824684977531433
121,mobilenet_recplot,43,robustness,1.664581537246704
121,mobilenet_recplot,43,complexity,0.6780586012849152
121,mobilenet_recplot,44,faithfulness,-0.1258178949356079
121,mobilenet_recplot,44,robustness,1.1007672548294067
121,mobilenet_recplot,44,complexity,0.6072597881033621
121,mobilenet_recplot,45,faithfulness,0.034773021936416626
121,mobilenet_recplot,45,robustness,1.445233702659607
121,mobilenet_recplot,45,complexity,0.6897761627174616
121,mobilenet_recplot,46,faithfulness,0.04924216866493225
121,mobilenet_recplot,46,robustness,1.0929194688796997
121,mobilenet_recplot,46,complexity,0.6261660863831064
121,mobilenet_recplot,47,faithfulness,0.2237778604030609
121,mobilenet_recplot,47,robustness,2.1269376277923584
121,mobilenet_recplot,47,complexity,0.6973027234271315
121,mobilenet_recplot,48,faithfulness,-0.015061169862747192
121,mobilenet_recplot,48,robustness,1.6286258697509766
121,mobilenet_recplot,48,complexity,0.7060751574221319
121,mobilenet_recplot,49,faithfulness,0.05554244667291641
121,mobilenet_recplot,49,robustness,3.4326236248016357
121,mobilenet_recplot,49,complexity,0.6005210868907583
121,mobilenet_recplot,50,faithfulness,0.3524986505508423
121,mobilenet_recplot,50,robustness,2.5916545391082764
121,mobilenet_recplot,50,complexity,0.6345638858129778
121,mobilenet_recplot,51,faithfulness,0.00996655598282814
121,mobilenet_recplot,51,robustness,1.7634015083312988
121,mobilenet_recplot,51,complexity,0.654685204813779
121,mobilenet_recplot,52,faithfulness,-0.11181025207042694
121,mobilenet_recplot,52,robustness,3.5822970867156982
121,mobilenet_recplot,52,complexity,0.6113907788201411
121,mobilenet_recplot,53,faithfulness,-0.19788095355033875
121,mobilenet_recplot,53,robustness,1.7002190351486206
121,mobilenet_recplot,53,complexity,0.680208540696149
121,mobilenet_recplot,54,faithfulness,0.03897547349333763
121,mobilenet_recplot,54,robustness,1.5231401920318604
121,mobilenet_recplot,54,complexity,0.6720510758580003
121,mobilenet_recplot,55,faithfulness,0.2780013084411621
121,mobilenet_recplot,55,robustness,1.8911389112472534
121,mobilenet_recplot,55,complexity,0.7047962528863354
121,mobilenet_recplot,56,faithfulness,0.016021713614463806
121,mobilenet_recplot,56,robustness,1.587564468383789
121,mobilenet_recplot,56,complexity,0.6123566706645444
121,mobilenet_recplot,57,faithfulness,0.0811227485537529
121,mobilenet_recplot,57,robustness,1.6528676748275757
121,mobilenet_recplot,57,complexity,0.6723495990098969
121,mobilenet_recplot,58,faithfulness,0.003308817744255066
121,mobilenet_recplot,58,robustness,1.580653190612793
121,mobilenet_recplot,58,complexity,0.6406393089084444
121,effnet_orig,0,faithfulness,0.39142927527427673
121,effnet_orig,0,robustness,1.3974175453186035
121,effnet_orig,0,complexity,0.5667933874859699
121,effnet_orig,1,faithfulness,0.09537199884653091
121,effnet_orig,1,robustness,1.5395307540893555
121,effnet_orig,1,complexity,0.5395218748709967
121,effnet_orig,2,faithfulness,0.05588065832853317
121,effnet_orig,2,robustness,1.3182848691940308
121,effnet_orig,2,complexity,0.5381251919076337
121,effnet_orig,3,faithfulness,0.24391064047813416
121,effnet_orig,3,robustness,1.2202445268630981
121,effnet_orig,3,complexity,0.5385244559323953
121,effnet_orig,4,faithfulness,0.2391398549079895
121,effnet_orig,4,robustness,2.679058790206909
121,effnet_orig,4,complexity,0.5679955761190273
121,effnet_orig,5,faithfulness,0.18413935601711273
121,effnet_orig,5,robustness,1.5846736431121826
121,effnet_orig,5,complexity,0.5552297788204973
121,effnet_orig,6,faithfulness,0.14407359063625336
121,effnet_orig,6,robustness,1.9935569763183594
121,effnet_orig,6,complexity,0.5718961875304268
121,effnet_orig,7,faithfulness,0.17652858793735504
121,effnet_orig,7,robustness,1.3559455871582031
121,effnet_orig,7,complexity,0.546660458950195
121,effnet_orig,8,faithfulness,0.09198541939258575
121,effnet_orig,8,robustness,1.273754358291626
121,effnet_orig,8,complexity,0.5406948314153099
121,effnet_orig,9,faithfulness,0.13957156240940094
121,effnet_orig,9,robustness,1.714533805847168
121,effnet_orig,9,complexity,0.5364409933957421
121,effnet_orig,10,faithfulness,0.4134257733821869
121,effnet_orig,10,robustness,1.9713517427444458
121,effnet_orig,10,complexity,0.5599594017211497
121,effnet_orig,11,faithfulness,0.04734499007463455
121,effnet_orig,11,robustness,1.5162155628204346
121,effnet_orig,11,complexity,0.5635063766492567
121,effnet_orig,12,faithfulness,0.3733775019645691
121,effnet_orig,12,robustness,1.421823501586914
121,effnet_orig,12,complexity,0.5619683095535255
121,effnet_orig,13,faithfulness,0.2873483896255493
121,effnet_orig,13,robustness,1.5219929218292236
121,effnet_orig,13,complexity,0.543354497247476
121,effnet_orig,14,faithfulness,-0.14392700791358948
121,effnet_orig,14,robustness,1.6455249786376953
121,effnet_orig,14,complexity,0.5398263906691662
121,effnet_orig,15,faithfulness,0.2657967209815979
121,effnet_orig,15,robustness,1.414928913116455
121,effnet_orig,15,complexity,0.5155204670561754
121,effnet_orig,16,faithfulness,0.031423211097717285
121,effnet_orig,16,robustness,1.1979920864105225
121,effnet_orig,16,complexity,0.5541819229510123
121,effnet_orig,17,faithfulness,-0.12959438562393188
121,effnet_orig,17,robustness,2.0265960693359375
121,effnet_orig,17,complexity,0.5455023139577936
121,effnet_orig,18,faithfulness,0.1707949936389923
121,effnet_orig,18,robustness,1.4171946048736572
121,effnet_orig,18,complexity,0.538369661111648
121,effnet_orig,19,faithfulness,0.041003912687301636
121,effnet_orig,19,robustness,1.3000261783599854
121,effnet_orig,19,complexity,0.5492554304410971
121,effnet_orig,20,faithfulness,0.09979158639907837
121,effnet_orig,20,robustness,2.010223150253296
121,effnet_orig,20,complexity,0.5537382246998501
121,effnet_orig,21,faithfulness,-0.04331377148628235
121,effnet_orig,21,robustness,2.19608998298645
121,effnet_orig,21,complexity,0.550474476030283
121,effnet_orig,22,faithfulness,0.2726517915725708
121,effnet_orig,22,robustness,1.7458540201187134
121,effnet_orig,22,complexity,0.5630698737375199
121,effnet_orig,23,faithfulness,0.4259018898010254
121,effnet_orig,23,robustness,1.5217077732086182
121,effnet_orig,23,complexity,0.5354476971052876
121,effnet_orig,24,faithfulness,0.1532416045665741
121,effnet_orig,24,robustness,1.20414400100708
121,effnet_orig,24,complexity,0.5629790217952785
121,effnet_orig,25,faithfulness,0.11579020321369171
121,effnet_orig,25,robustness,1.1359965801239014
121,effnet_orig,25,complexity,0.5597597476190859
121,effnet_orig,26,faithfulness,0.3362670838832855
121,effnet_orig,26,robustness,1.1948939561843872
121,effnet_orig,26,complexity,0.5486091131286647
121,effnet_orig,27,faithfulness,0.06812232732772827
121,effnet_orig,27,robustness,1.2828261852264404
121,effnet_orig,27,complexity,0.5500417360230961
121,effnet_orig,28,faithfulness,0.16977250576019287
121,effnet_orig,28,robustness,1.492430329322815
121,effnet_orig,28,complexity,0.5823204975492184
121,effnet_orig,29,faithfulness,0.19227829575538635
121,effnet_orig,29,robustness,1.6147648096084595
121,effnet_orig,29,complexity,0.54153592940912
121,effnet_orig,30,faithfulness,-0.013747595250606537
121,effnet_orig,30,robustness,1.1215094327926636
121,effnet_orig,30,complexity,0.541458753585575
121,effnet_orig,31,faithfulness,0.21838179230690002
121,effnet_orig,31,robustness,1.3784648180007935
121,effnet_orig,31,complexity,0.5598112004615603
121,effnet_orig,32,faithfulness,0.14159712195396423
121,effnet_orig,32,robustness,1.2780259847640991
121,effnet_orig,32,complexity,0.5419631837213552
121,effnet_orig,33,faithfulness,0.30138224363327026
121,effnet_orig,33,robustness,1.3672089576721191
121,effnet_orig,33,complexity,0.593272893780466
121,effnet_orig,34,faithfulness,0.1330801099538803
121,effnet_orig,34,robustness,1.3936015367507935
121,effnet_orig,34,complexity,0.5408911060988696
121,effnet_orig,35,faithfulness,0.1082269623875618
121,effnet_orig,35,robustness,1.412947654724121
121,effnet_orig,35,complexity,0.553416369622764
121,effnet_orig,36,faithfulness,0.5205174088478088
121,effnet_orig,36,robustness,1.2386531829833984
121,effnet_orig,36,complexity,0.5577755196735573
121,effnet_orig,37,faithfulness,0.13521386682987213
121,effnet_orig,37,robustness,3.659926414489746
121,effnet_orig,37,complexity,0.559429450658908
121,effnet_orig,38,faithfulness,-0.037925079464912415
121,effnet_orig,38,robustness,1.7677555084228516
121,effnet_orig,38,complexity,0.5685620091551447
121,effnet_orig,39,faithfulness,0.03288111090660095
121,effnet_orig,39,robustness,1.943442702293396
121,effnet_orig,39,complexity,0.5451082217344498
121,effnet_orig,40,faithfulness,-0.0014248862862586975
121,effnet_orig,40,robustness,1.5996434688568115
121,effnet_orig,40,complexity,0.5273726003267267
121,effnet_orig,41,faithfulness,-0.12076956033706665
121,effnet_orig,41,robustness,1.211676001548767
121,effnet_orig,41,complexity,0.5445532693919755
121,effnet_orig,42,faithfulness,-0.09151554107666016
121,effnet_orig,42,robustness,1.5301823616027832
121,effnet_orig,42,complexity,0.555946076243021
121,effnet_orig,43,faithfulness,0.201112300157547
121,effnet_orig,43,robustness,1.77797269821167
121,effnet_orig,43,complexity,0.5446107810178392
121,effnet_orig,44,faithfulness,0.49426114559173584
121,effnet_orig,44,robustness,1.5502815246582031
121,effnet_orig,44,complexity,0.5409797492837589
121,effnet_orig,45,faithfulness,0.10429952293634415
121,effnet_orig,45,robustness,1.5641499757766724
121,effnet_orig,45,complexity,0.5452582454101598
121,effnet_orig,46,faithfulness,0.4268561601638794
121,effnet_orig,46,robustness,1.5729972124099731
121,effnet_orig,46,complexity,0.5606708560930589
121,effnet_orig,47,faithfulness,-0.05177385360002518
121,effnet_orig,47,robustness,1.3176122903823853
121,effnet_orig,47,complexity,0.5550109785950375
121,effnet_orig,48,faithfulness,0.32784485816955566
121,effnet_orig,48,robustness,1.392753005027771
121,effnet_orig,48,complexity,0.559591142140384
121,effnet_orig,49,faithfulness,-0.11722032725811005
121,effnet_orig,49,robustness,1.2894240617752075
121,effnet_orig,49,complexity,0.5385698188205673
121,effnet_orig,50,faithfulness,0.15553921461105347
121,effnet_orig,50,robustness,1.3317267894744873
121,effnet_orig,50,complexity,0.5916877289211894
121,effnet_orig,51,faithfulness,0.1569061577320099
121,effnet_orig,51,robustness,1.19501531124115
121,effnet_orig,51,complexity,0.5714680710319405
121,effnet_orig,52,faithfulness,0.0033795014023780823
121,effnet_orig,52,robustness,1.4838900566101074
121,effnet_orig,52,complexity,0.5398537504507678
121,effnet_orig,53,faithfulness,0.194884791970253
121,effnet_orig,53,robustness,1.2604402303695679
121,effnet_orig,53,complexity,0.6042207375180811
121,effnet_orig,54,faithfulness,0.1643558293581009
121,effnet_orig,54,robustness,1.2492320537567139
121,effnet_orig,54,complexity,0.5435091349623657
121,effnet_orig,55,faithfulness,0.33345043659210205
121,effnet_orig,55,robustness,1.4763579368591309
121,effnet_orig,55,complexity,0.5529490186535916
121,effnet_orig,56,faithfulness,-0.2046082764863968
121,effnet_orig,56,robustness,1.7236398458480835
121,effnet_orig,56,complexity,0.5508108740146849
121,effnet_orig,57,faithfulness,0.28767508268356323
121,effnet_orig,57,robustness,1.2082668542861938
121,effnet_orig,57,complexity,0.5490767854554114
121,effnet_orig,58,faithfulness,0.00019980967044830322
121,effnet_orig,58,robustness,1.1671940088272095
121,effnet_orig,58,complexity,0.5593981180245599
121,effnet_recplot,0,faithfulness,-0.11946023255586624
121,effnet_recplot,0,robustness,1.7253649234771729
121,effnet_recplot,0,complexity,0.6416106845938508
121,effnet_recplot,1,faithfulness,0.13035054504871368
121,effnet_recplot,1,robustness,35.748355865478516
121,effnet_recplot,1,complexity,0.651589125308935
121,effnet_recplot,2,faithfulness,-0.28861257433891296
121,effnet_recplot,2,robustness,8215.361328125
121,effnet_recplot,2,complexity,0.604465551422875
121,effnet_recplot,3,faithfulness,-0.3008342385292053
121,effnet_recplot,3,robustness,1594.624755859375
121,effnet_recplot,3,complexity,0.5675000860723829
121,effnet_recplot,4,faithfulness,-0.30422651767730713
121,effnet_recplot,4,robustness,1798.341552734375
121,effnet_recplot,4,complexity,0.5883848224386882
121,effnet_recplot,5,faithfulness,0.19597694277763367
121,effnet_recplot,5,robustness,877.55322265625
121,effnet_recplot,5,complexity,0.5897696207401744
121,effnet_recplot,6,faithfulness,-0.12498804926872253
121,effnet_recplot,6,robustness,832.198974609375
121,effnet_recplot,6,complexity,0.6389299586730933
121,effnet_recplot,7,faithfulness,0.032454073429107666
121,effnet_recplot,7,robustness,14.344517707824707
121,effnet_recplot,7,complexity,0.56939666801938
121,effnet_recplot,8,faithfulness,-0.28215324878692627
121,effnet_recplot,8,robustness,24.547740936279297
121,effnet_recplot,8,complexity,0.6202867896613544
121,effnet_recplot,9,faithfulness,0.2850106358528137
121,effnet_recplot,9,robustness,4.220038890838623
121,effnet_recplot,9,complexity,0.6261816931190521
121,effnet_recplot,10,faithfulness,0.1499716192483902
121,effnet_recplot,10,robustness,1.3870848417282104
121,effnet_recplot,10,complexity,0.6529393090145277
121,effnet_recplot,11,faithfulness,0.1339927315711975
121,effnet_recplot,11,robustness,12.608880996704102
121,effnet_recplot,11,complexity,0.6188868713835194
121,effnet_recplot,12,faithfulness,0.1081659197807312
121,effnet_recplot,12,robustness,423.7994079589844
121,effnet_recplot,12,complexity,0.5371310473833403
121,effnet_recplot,13,faithfulness,0.21969005465507507
121,effnet_recplot,13,robustness,6.417230129241943
121,effnet_recplot,13,complexity,0.6350247232390316
121,effnet_recplot,14,faithfulness,-0.22684553265571594
121,effnet_recplot,14,robustness,2461.819580078125
121,effnet_recplot,14,complexity,0.6185162096939488
121,effnet_recplot,15,faithfulness,0.32195091247558594
121,effnet_recplot,15,robustness,2.4878246784210205
121,effnet_recplot,15,complexity,0.5425349770213715
121,effnet_recplot,16,faithfulness,0.019595369696617126
121,effnet_recplot,16,robustness,3.0687825679779053
121,effnet_recplot,16,complexity,0.5972337395167411
121,effnet_recplot,17,faithfulness,-0.08984804153442383
121,effnet_recplot,17,robustness,14200.7646484375
121,effnet_recplot,17,complexity,0.5356760585660144
121,effnet_recplot,18,faithfulness,-0.09396983683109283
121,effnet_recplot,18,robustness,16.288530349731445
121,effnet_recplot,18,complexity,0.5505557076023314
121,effnet_recplot,19,faithfulness,-0.04590967297554016
121,effnet_recplot,19,robustness,66.09062194824219
121,effnet_recplot,19,complexity,0.6367690449932586
121,effnet_recplot,20,faithfulness,0.03738127648830414
121,effnet_recplot,20,robustness,245.16444396972656
121,effnet_recplot,20,complexity,0.5531433960968499
121,effnet_recplot,21,faithfulness,-0.2358911633491516
121,effnet_recplot,21,robustness,13.935566902160645
121,effnet_recplot,21,complexity,0.549954878703693
121,effnet_recplot,22,faithfulness,-0.18283946812152863
121,effnet_recplot,22,robustness,805.030517578125
121,effnet_recplot,22,complexity,0.5937213158255705
121,effnet_recplot,23,faithfulness,-0.14612102508544922
121,effnet_recplot,23,robustness,4429.3955078125
121,effnet_recplot,23,complexity,0.611212009601648
121,effnet_recplot,24,faithfulness,0.16790737211704254
121,effnet_recplot,24,robustness,83.70637512207031
121,effnet_recplot,24,complexity,0.6388194434585578
121,effnet_recplot,25,faithfulness,-0.21755006909370422
121,effnet_recplot,25,robustness,111.53238677978516
121,effnet_recplot,25,complexity,0.6462050178946274
121,effnet_recplot,26,faithfulness,-0.2769738733768463
121,effnet_recplot,26,robustness,108.34005737304688
121,effnet_recplot,26,complexity,0.5972017835645629
121,effnet_recplot,27,faithfulness,0.07781689614057541
121,effnet_recplot,27,robustness,2176.713623046875
121,effnet_recplot,27,complexity,0.6742468957766218
121,effnet_recplot,28,faithfulness,-0.08577866852283478
121,effnet_recplot,28,robustness,117.86293029785156
121,effnet_recplot,28,complexity,0.5113039120800565
121,effnet_recplot,29,faithfulness,0.08004924654960632
121,effnet_recplot,29,robustness,9.783151626586914
121,effnet_recplot,29,complexity,0.5861297029483769
121,effnet_recplot,30,faithfulness,0.09025747328996658
121,effnet_recplot,30,robustness,546.5767822265625
121,effnet_recplot,30,complexity,0.670246321137885
121,effnet_recplot,31,faithfulness,0.14461401104927063
121,effnet_recplot,31,robustness,71.21883392333984
121,effnet_recplot,31,complexity,0.6635742291829637
121,effnet_recplot,32,faithfulness,-0.12691910564899445
121,effnet_recplot,32,robustness,22.635520935058594
121,effnet_recplot,32,complexity,0.6830209554690637
121,effnet_recplot,33,faithfulness,-0.13248607516288757
121,effnet_recplot,33,robustness,1.547375202178955
121,effnet_recplot,33,complexity,0.6649055728963456
121,effnet_recplot,34,faithfulness,-0.17617857456207275
121,effnet_recplot,34,robustness,90.76409149169922
121,effnet_recplot,34,complexity,0.6372106609092612
121,effnet_recplot,35,faithfulness,-0.08020952343940735
121,effnet_recplot,35,robustness,781.81884765625
121,effnet_recplot,35,complexity,0.5954117765201508
121,effnet_recplot,36,faithfulness,-0.1441478133201599
121,effnet_recplot,36,robustness,2.517320394515991
121,effnet_recplot,36,complexity,0.6680232168414055
121,effnet_recplot,37,faithfulness,-0.028641000390052795
121,effnet_recplot,37,robustness,84.02350616455078
121,effnet_recplot,37,complexity,0.667028939976884
121,effnet_recplot,38,faithfulness,0.2464667707681656
121,effnet_recplot,38,robustness,2.984980583190918
121,effnet_recplot,38,complexity,0.5727218976567335
121,effnet_recplot,39,faithfulness,-0.029054872691631317
121,effnet_recplot,39,robustness,1.0001581907272339
121,effnet_recplot,39,complexity,0.5986770816754305
121,effnet_recplot,40,faithfulness,0.25001657009124756
121,effnet_recplot,40,robustness,67.34943389892578
121,effnet_recplot,40,complexity,0.5839806265567152
121,effnet_recplot,41,faithfulness,-0.2370235025882721
121,effnet_recplot,41,robustness,34.63288497924805
121,effnet_recplot,41,complexity,0.6108407930175045
121,effnet_recplot,42,faithfulness,0.16244840621948242
121,effnet_recplot,42,robustness,86.00779724121094
121,effnet_recplot,42,complexity,0.5349765003879967
121,effnet_recplot,43,faithfulness,-0.07663954049348831
121,effnet_recplot,43,robustness,560.3762817382812
121,effnet_recplot,43,complexity,0.6210844778086689
121,effnet_recplot,44,faithfulness,0.23928740620613098
121,effnet_recplot,44,robustness,3.966364622116089
121,effnet_recplot,44,complexity,0.5121345757632714
121,effnet_recplot,45,faithfulness,0.03147329390048981
121,effnet_recplot,45,robustness,703.992919921875
121,effnet_recplot,45,complexity,0.5639951664872275
121,effnet_recplot,46,faithfulness,0.095664381980896
121,effnet_recplot,46,robustness,1.490136981010437
121,effnet_recplot,46,complexity,0.5572965724723972
121,effnet_recplot,47,faithfulness,-0.08489718288183212
121,effnet_recplot,47,robustness,280.1956481933594
121,effnet_recplot,47,complexity,0.6376160866547447
121,effnet_recplot,48,faithfulness,0.5200657844543457
121,effnet_recplot,48,robustness,53.7661247253418
121,effnet_recplot,48,complexity,0.6461217271360179
121,effnet_recplot,49,faithfulness,0.00581725686788559
121,effnet_recplot,49,robustness,7.760347843170166
121,effnet_recplot,49,complexity,0.5659355893529333
121,effnet_recplot,50,faithfulness,0.025846995413303375
121,effnet_recplot,50,robustness,795.043701171875
121,effnet_recplot,50,complexity,0.5920377185899721
121,effnet_recplot,51,faithfulness,-0.11726750433444977
121,effnet_recplot,51,robustness,17262.701171875
121,effnet_recplot,51,complexity,0.5805411620370401
121,effnet_recplot,52,faithfulness,-0.03621365875005722
121,effnet_recplot,52,robustness,143.36732482910156
121,effnet_recplot,52,complexity,0.5428452885642555
121,effnet_recplot,53,faithfulness,-0.18447688221931458
121,effnet_recplot,53,robustness,415.7626037597656
121,effnet_recplot,53,complexity,0.57302847024643
121,effnet_recplot,54,faithfulness,-0.4150123596191406
121,effnet_recplot,54,robustness,18.235851287841797
121,effnet_recplot,54,complexity,0.5612561108325411
121,effnet_recplot,55,faithfulness,-0.002462431788444519
121,effnet_recplot,55,robustness,63.405582427978516
121,effnet_recplot,55,complexity,0.6597450710118983
121,effnet_recplot,56,faithfulness,-0.39615339040756226
121,effnet_recplot,56,robustness,1.3438972234725952
121,effnet_recplot,56,complexity,0.5740175402112292
121,effnet_recplot,57,faithfulness,-0.38051825761795044
121,effnet_recplot,57,robustness,110.15579986572266
121,effnet_recplot,57,complexity,0.6449698210607264
121,effnet_recplot,58,faithfulness,-0.06935733556747437
121,effnet_recplot,58,robustness,12.039145469665527
121,effnet_recplot,58,complexity,0.6333182425209581
